version,fork,case,round,operations,ns_per_op,bytes_per_op,equivalent
baseline,1,mybatis_where_128,1,261,52303.448,58208.000,true
baseline,1,mybatis_raw_expression,1,6499,1448.792,2624.000,true
baseline,1,mybatis_between,1,7939,1208.213,3544.000,true
baseline,1,named_dialect_MySQL,1,14758,1269.000,4144.000,true
baseline,1,named_pagination,1,9396,1412.963,4072.000,true
baseline,1,positional_union_builder,1,3521,5177.222,9768.000,true
baseline,1,raw_between,1,12888,1141.325,3384.000,true
baseline,1,named_naming_KEBAB_CASE,1,3095,5896.672,10584.000,true
baseline,1,named_update_chain_16,1,664,15056.175,47000.000,true
baseline,1,raw_subquery_structured,1,14782,1252.429,4616.000,true
baseline,1,mybatis_subquery_raw,1,21708,600.659,2272.000,true
baseline,1,positional_in_1024,1,1710,15690.819,28504.000,true
baseline,1,named_retry_rollback,1,3066,4289.596,8264.000,true
baseline,1,named_dialect_Oracle,1,10376,1320.461,4272.000,true
baseline,1,named_mixed_literals,1,9814,1479.652,3768.000,true
baseline,1,raw_raw_expression,1,12170,1481.019,2624.000,true
baseline,1,named_dialect_DB2,1,15773,1414.227,4320.000,true
baseline,1,mybatis_join_on,1,9263,1680.827,4128.000,true
baseline,1,positional_naming_CAMEL_CASE,1,6484,3491.086,4928.000,true
baseline,1,raw_condition_only,1,3976,5156.464,7816.000,true
baseline,1,raw_insert_placeholders,1,26991,692.950,1944.000,true
baseline,1,raw_repeated_names,1,855,21347.602,53896.000,true
baseline,1,positional_dialect_PostgreSQL,1,16510,1062.047,3360.000,true
baseline,1,raw_insert_values,1,11197,1007.314,2464.000,false
baseline,1,raw_late_modifier,1,17946,728.837,2480.000,true
baseline,1,raw_update_map,1,11441,1368.403,3592.000,false
baseline,1,mybatis_update_map,1,6109,1490.948,4200.000,true
baseline,1,named_subquery_structured,1,6249,1820.995,5488.000,true
baseline,1,named_insert_values,1,10802,1052.962,3048.000,true
baseline,1,mybatis_select_star,1,41880,296.562,1424.000,true
baseline,1,mybatis_repeated_names,1,442,23866.290,52872.000,true
baseline,1,mybatis_insert_placeholders,1,5339,955.647,2584.000,true
baseline,1,positional_mixed_literals,1,14384,1112.542,2800.000,true
baseline,1,positional_update_chain_16,1,2897,5943.804,22360.000,true
baseline,1,raw_batch_4,1,5472,2549.306,7584.000,false
baseline,1,positional_dialect_MySQL,1,14044,1063.059,3360.000,true
baseline,1,mybatis_retry_rollback,1,2735,4175.832,7568.000,true
baseline,1,positional_where_eq,1,22735,829.360,2664.000,true
baseline,1,positional_batch_64,1,288,20079.861,72176.000,true
baseline,1,positional_between,1,13873,1006.862,3056.000,true
baseline,1,named_join_using,1,9639,909.721,3512.000,true
baseline,1,named_between,1,14086,1285.936,3800.000,true
baseline,1,raw_in_16,1,7811,1745.039,5600.000,true
baseline,1,positional_naming_KEBAB_CASE,1,2311,4417.438,5888.000,true
baseline,1,named_naming_UPPER_CAMEL_CASE,1,3257,6333.712,10584.000,true
baseline,1,mybatis_in_17,1,5667,1952.179,6344.000,true
baseline,1,named_dialect_PostgreSQL,1,12719,1355.500,4144.000,true
baseline,1,mybatis_pagination,1,9069,1117.488,3808.000,true
baseline,1,mybatis_naming_SCREAMING_SNAKE_CASE,1,3275,6235.634,9000.000,true
baseline,1,positional_dialect_DB2,1,19236,1022.817,3544.000,true
baseline,1,mybatis_in_1024,1,128,84907.813,256896.000,true
baseline,1,named_in_17,1,6903,2375.866,7888.000,true
baseline,1,raw_pagination,1,16225,955.119,3400.000,true
baseline,1,custom_handler_union,1,1718,10610.710,16536.000,true
baseline,1,mybatis_select_expressions,1,7183,2104.455,2728.000,true
baseline,1,raw_select_entity,1,24631,565.608,2000.000,true
baseline,1,positional_naming_SCREAMING_SNAKE_CASE,1,4141,4371.504,5904.000,true
baseline,1,positional_group_order,1,4699,3139.413,6336.000,true
baseline,1,positional_batch_beans,1,1823,3686.890,10464.000,true
baseline,1,named_in_16,1,8039,2040.988,7600.000,true
baseline,1,named_select_expressions,1,9030,2326.733,2728.000,true
baseline,1,positional_raw_expression,1,12856,1466.708,2624.000,true
baseline,1,named_row_in,1,8062,1666.150,4016.000,true
baseline,1,custom_handler_where,1,3489,5896.303,10616.000,true
baseline,1,mybatis_nested,1,10657,1355.485,3416.000,true
baseline,1,raw_in_expression,1,864,20190.509,56616.000,true
baseline,1,raw_where_16,1,1994,5043.029,8840.000,true
baseline,1,raw_select_expressions,1,4987,2290.455,2728.000,true
baseline,1,mybatis_insert_entity,1,9145,883.871,2456.000,true
baseline,1,mybatis_union_builder,1,868,10624.424,16648.000,true
baseline,1,raw_union_builder,1,2252,5214.254,10160.000,true
baseline,1,positional_naming_NO_CHANGE,1,4508,3289.862,4928.000,true
baseline,1,mybatis_naming_CAMEL_CASE,1,3986,4737.506,8024.000,true
baseline,1,positional_insert_placeholders,1,28329,688.919,1944.000,true
baseline,1,positional_select_columns,1,27005,771.627,1952.000,true
baseline,1,positional_update_map,1,13084,984.172,3024.000,true
baseline,1,positional_naming_UPPER_CAMEL_CASE,1,4381,4445.104,5888.000,true
baseline,1,raw_join_on,1,8105,1737.409,3952.000,true
baseline,1,positional_union_raw,1,4430,3105.666,5200.000,true
baseline,1,named_insert_placeholders,1,9805,952.524,2888.000,true
baseline,1,raw_batch_64,1,689,28752.395,97344.000,false
baseline,1,named_in_256,1,618,24704.207,90712.000,true
baseline,1,positional_delete,1,57878,327.997,1504.000,true
baseline,1,positional_insert_values,1,22213,811.282,2104.000,true
baseline,1,positional_late_modifier,1,28331,647.626,2360.000,true
baseline,1,positional_in_16,1,25849,867.020,2656.000,true
baseline,1,named_union_raw,1,3080,3271.136,5200.000,true
baseline,1,named_condition_only,1,1932,5266.874,9560.000,true
baseline,1,named_union_builder,1,1072,9862.407,17272.000,true
baseline,1,named_naming_CAMEL_CASE,1,4321,4659.986,9624.000,true
baseline,1,positional_dialect_Oracle,1,19799,1029.380,3496.000,true
baseline,1,positional_join_using,1,21884,861.364,3056.000,true
baseline,1,named_late_modifier,1,13005,762.138,2816.000,true
baseline,1,mybatis_insert_values,1,14715,1191.682,2744.000,true
baseline,1,positional_subquery_raw,1,22310,554.406,2272.000,true
baseline,1,named_nested,1,6549,1305.222,3648.000,true
baseline,1,named_update_map,1,6189,1739.441,4752.000,true
baseline,1,raw_derived,1,2058,9013.460,15848.000,true
baseline,1,mybatis_naming_KEBAB_CASE,1,3278,5986.913,8984.000,true
baseline,1,positional_select_expressions,1,5453,2140.308,2728.000,true
baseline,1,raw_in_256,1,483,20972.050,56640.000,true
baseline,1,named_select_entity,1,18463,607.642,2000.000,true
baseline,1,raw_subquery_raw,1,13911,604.026,2272.000,true
baseline,1,mybatis_condition_only,1,2366,5160.947,7960.000,true
baseline,1,raw_nested,1,7799,1337.671,3280.000,true
baseline,1,named_select_star,1,76273,294.455,1424.000,true
baseline,1,raw_naming_NO_CHANGE,1,4884,3876.229,7880.000,true
baseline,1,named_batch_beans,1,1325,8326.189,26064.000,true
baseline,1,named_where_128,1,375,43950.133,71280.000,true
baseline,1,positional_condition_only,1,4577,3968.385,4872.000,true
baseline,1,raw_update_chain_16,1,1878,8038.871,25448.000,true
baseline,1,raw_mixed_literals,1,7624,1530.981,3192.000,true
baseline,1,raw_naming_KEBAB_CASE,1,3138,5678.330,8840.000,true
baseline,1,raw_insert_entity,1,12370,862.110,2176.000,false
baseline,1,raw_group_order,1,3206,3311.790,6432.000,true
baseline,1,named_naming_NO_CHANGE,1,4177,4646.924,9624.000,true
baseline,1,mybatis_join_using,1,11695,917.811,3352.000,true
baseline,1,named_where_16,1,2038,5736.261,10584.000,true
baseline,1,positional_select_entity,1,36461,563.043,2000.000,true
baseline,1,named_delete,1,27204,442.571,1960.000,true
baseline,1,positional_where_128,1,580,31126.207,32808.000,true
baseline,1,positional_join_on,1,11993,1777.137,3832.000,true
baseline,1,raw_where_eq,1,14285,939.979,2784.000,true
baseline,1,raw_union_raw,1,5527,3211.652,5200.000,true
baseline,1,mybatis_where_16,1,1163,5601.118,8984.000,true
baseline,1,mybatis_update_chain_16,1,667,12961.019,39936.000,true
baseline,1,mybatis_select_entity,1,22235,538.952,2000.000,true
baseline,1,named_repeated_names,1,434,26458.295,64920.000,true
baseline,1,named_join_on,1,6996,1762.807,4288.000,true
baseline,1,positional_retry_rollback,1,4311,3131.594,5872.000,true
baseline,1,named_subquery_raw,1,31443,611.357,2272.000,true
baseline,1,mybatis_in_16,1,4921,1839.829,6128.000,true
baseline,1,named_insert_entity,1,17066,939.605,2760.000,true
baseline,1,mybatis_late_modifier,1,18022,703.202,2656.000,true
baseline,1,raw_in_17,1,5120,1776.895,5816.000,true
baseline,1,named_naming_SCREAMING_SNAKE_CASE,1,3164,6516.909,10600.000,true
baseline,1,raw_batch_beans,1,1864,6304.828,16896.000,false
baseline,1,named_where_eq,1,19046,1064.654,3120.000,true
baseline,1,positional_row_in,1,14111,939.288,2624.000,true
baseline,1,mybatis_batch_64,1,296,36675.000,118896.000,true
baseline,1,mybatis_union_raw,1,3824,3305.230,5200.000,true
baseline,1,positional_dialect_Microsoft_SQL_Server,1,15937,1228.744,3544.000,true
baseline,1,mybatis_derived,1,861,10489.779,17144.000,true
baseline,1,mybatis_subquery_structured,1,4860,1486.790,5232.000,true
baseline,1,named_select_columns,1,19027,806.680,1952.000,true
baseline,1,raw_row_in,1,15946,1143.660,3136.000,true
baseline,1,mybatis_in_expression,1,527,20918.975,66656.000,true
baseline,1,named_dialect_Microsoft_SQL_Server,1,14065,1582.382,4320.000,true
baseline,1,raw_join_using,1,18981,954.101,3176.000,true
baseline,1,raw_in_1024,1,150,80201.333,220248.000,true
baseline,1,positional_insert_entity,1,30740,616.200,1816.000,true
baseline,1,named_batch_64,1,248,35401.613,134912.000,true
baseline,1,mybatis_in_256,1,494,21734.008,66616.000,true
baseline,1,mybatis_naming_NO_CHANGE,1,4288,4492.514,8024.000,true
baseline,1,positional_where_16,1,5005,4431.469,5888.000,true
baseline,1,mybatis_batch_beans,1,2561,7868.762,22080.000,true
baseline,1,mybatis_delete,1,23794,477.309,1808.000,true
baseline,1,positional_batch_4,1,6010,1890.116,5968.000,true
baseline,1,positional_pagination,1,14009,933.935,3288.000,true
baseline,1,mybatis_group_order,1,3104,3443.363,7264.000,true
baseline,1,positional_repeated_names,1,1201,16795.587,30360.000,true
baseline,1,named_in_1024,1,133,111318.045,353216.000,true
baseline,1,named_in_expression,1,558,27924.731,90680.000,true
baseline,1,raw_naming_CAMEL_CASE,1,5129,4011.094,7880.000,true
baseline,1,positional_in_17,1,22578,810.448,2672.000,true
baseline,1,named_batch_4,1,5039,3018.853,9736.000,true
baseline,1,positional_derived,1,1925,8838.649,15296.000,true
baseline,1,positional_in_expression,1,4939,4534.541,9760.000,true
baseline,1,mybatis_batch_4,1,6252,2807.006,8784.000,true
baseline,1,raw_select_star,1,36183,318.116,1424.000,true
baseline,1,raw_select_columns,1,13544,799.697,1952.000,true
baseline,1,mybatis_mixed_literals,1,10230,1543.822,3432.000,true
baseline,1,mybatis_select_columns,1,11603,772.223,1952.000,true
baseline,1,mybatis_row_in,1,9453,1352.311,3608.000,true
baseline,1,positional_in_256,1,5399,4316.299,9576.000,true
baseline,1,raw_delete,1,41605,424.319,1624.000,true
baseline,1,positional_subquery_structured,1,13905,1457.886,4704.000,true
baseline,1,positional_nested,1,15765,1251.754,2952.000,true
baseline,1,raw_naming_UPPER_CAMEL_CASE,1,2489,5556.207,8840.000,true
baseline,1,named_derived,1,992,11026.411,17800.000,true
baseline,1,raw_naming_SCREAMING_SNAKE_CASE,1,3686,5243.299,8856.000,true
baseline,1,mybatis_naming_UPPER_CAMEL_CASE,1,3474,5792.228,8984.000,true
baseline,1,named_raw_expression,1,5817,1552.278,2624.000,true
baseline,1,raw_where_128,1,291,40248.454,56496.000,true
baseline,1,positional_select_star,1,46231,269.841,1424.000,true
baseline,1,mybatis_where_eq,1,9141,939.339,2960.000,true
baseline,1,raw_retry_rollback,1,7088,3579.091,6376.000,true
baseline,1,named_group_order,1,2360,3500.551,7688.000,true
baseline,1,positional_in_1024,2,1710,14089.766,28504.000,true
baseline,1,named_condition_only,2,1932,5238.043,9560.000,true
baseline,1,positional_select_entity,2,36461,554.102,2000.000,true
baseline,1,mybatis_retry_rollback,2,2735,5232.176,7568.000,true
baseline,1,mybatis_where_eq,2,9141,941.691,2960.000,true
baseline,1,mybatis_repeated_names,2,442,24095.701,52872.000,true
baseline,1,named_union_builder,2,1072,9988.526,17272.000,true
baseline,1,raw_where_16,2,1994,4961.685,8840.000,true
baseline,1,named_where_128,2,375,45384.000,71280.000,true
baseline,1,named_derived,2,992,9911.190,17800.000,true
baseline,1,named_update_map,2,6189,1923.154,4752.000,true
baseline,1,raw_subquery_raw,2,13911,607.490,2272.000,true
baseline,1,raw_naming_CAMEL_CASE,2,5129,4228.212,7880.000,true
baseline,1,named_repeated_names,2,434,27156.682,64920.000,true
baseline,1,named_select_star,2,76273,308.038,1424.000,true
baseline,1,mybatis_naming_SCREAMING_SNAKE_CASE,2,3275,6264.855,9000.000,true
baseline,1,mybatis_naming_CAMEL_CASE,2,3986,4411.591,8024.000,true
baseline,1,mybatis_delete,2,23794,445.642,1808.000,true
baseline,1,mybatis_insert_placeholders,2,5339,947.968,2584.000,true
baseline,1,raw_late_modifier,2,17946,682.559,2480.000,true
baseline,1,positional_naming_UPPER_CAMEL_CASE,2,4381,4607.555,5888.000,true
baseline,1,positional_batch_beans,2,1823,3723.533,10464.000,true
baseline,1,mybatis_subquery_raw,2,21708,591.188,2272.000,true
baseline,1,named_dialect_MySQL,2,14758,1302.697,4144.000,true
baseline,1,mybatis_naming_NO_CHANGE,2,4288,4351.283,8024.000,true
baseline,1,positional_union_raw,2,4430,3284.424,5200.000,true
baseline,1,positional_where_128,2,580,31617.241,32808.000,true
baseline,1,positional_nested,2,15765,1224.072,2952.000,true
baseline,1,mybatis_batch_64,2,296,33189.865,118896.000,true
baseline,1,positional_subquery_raw,2,22310,556.522,2272.000,true
baseline,1,positional_insert_placeholders,2,28329,689.816,1944.000,true
baseline,1,positional_select_expressions,2,5453,2164.130,2728.000,true
baseline,1,named_in_17,2,6903,2186.238,7888.000,true
baseline,1,named_batch_4,2,5039,2839.512,9736.000,true
baseline,1,named_insert_placeholders,2,9805,1181.999,2888.000,true
baseline,1,mybatis_select_star,2,41880,296.497,1424.000,true
baseline,1,positional_batch_64,2,288,17916.667,72176.000,true
baseline,1,positional_insert_entity,2,30740,597.596,1816.000,true
baseline,1,raw_naming_NO_CHANGE,2,4884,4077.088,7880.000,true
baseline,1,mybatis_row_in,2,9453,1229.229,3608.000,true
baseline,1,named_raw_expression,2,5817,1459.979,2624.000,true
baseline,1,positional_in_17,2,22578,817.043,2672.000,true
baseline,1,named_pagination,2,9396,1348.244,4072.000,true
baseline,1,raw_naming_KEBAB_CASE,2,3138,5034.481,8840.000,true
baseline,1,mybatis_select_expressions,2,7183,2123.695,2728.000,true
baseline,1,raw_condition_only,2,3976,4540.493,7816.000,true
baseline,1,mybatis_select_entity,2,22235,583.256,2000.000,true
baseline,1,named_union_raw,2,3080,3178.117,5200.000,true
baseline,1,positional_select_star,2,46231,259.685,1424.000,true
baseline,1,mybatis_mixed_literals,2,10230,1372.864,3432.000,true
baseline,1,raw_insert_values,2,11197,1028.615,2464.000,false
baseline,1,named_nested,2,6549,1327.821,3648.000,true
baseline,1,positional_union_builder,2,3521,5363.647,9768.000,true
baseline,1,positional_derived,2,1925,9289.091,15296.000,true
baseline,1,positional_batch_4,2,6010,1881.448,5968.000,true
baseline,1,raw_update_map,2,11441,1326.492,3592.000,false
baseline,1,mybatis_join_using,2,11695,939.316,3352.000,true
baseline,1,mybatis_late_modifier,2,18022,775.280,2656.000,true
baseline,1,named_naming_UPPER_CAMEL_CASE,2,3257,6474.916,10584.000,true
baseline,1,named_dialect_Oracle,2,10376,1285.245,4272.000,true
baseline,1,named_naming_CAMEL_CASE,2,4321,5070.678,9624.000,true
baseline,1,positional_insert_values,2,22213,790.497,2104.000,true
baseline,1,mybatis_condition_only,2,2366,5455.495,7960.000,true
baseline,1,named_dialect_Microsoft_SQL_Server,2,14065,1501.408,4320.000,true
baseline,1,mybatis_where_128,2,261,42086.207,58208.000,true
baseline,1,mybatis_batch_4,2,6252,2795.937,8784.000,true
baseline,1,named_in_expression,2,558,25581.541,90680.000,true
baseline,1,named_between,2,14086,1339.522,3800.000,true
baseline,1,named_naming_KEBAB_CASE,2,3095,6303.845,10584.000,true
baseline,1,raw_derived,2,2058,8974.247,15848.000,true
baseline,1,raw_mixed_literals,2,7624,1472.678,3192.000,true
baseline,1,mybatis_nested,2,10657,1269.447,3416.000,true
baseline,1,mybatis_select_columns,2,11603,750.883,1952.000,true
baseline,1,raw_raw_expression,2,12170,1555.333,2624.000,true
baseline,1,positional_dialect_MySQL,2,14044,1024.174,3360.000,true
baseline,1,raw_where_128,2,291,39904.124,56496.000,true
baseline,1,mybatis_batch_beans,2,2561,7118.001,22080.000,true
baseline,1,mybatis_in_1024,2,128,88364.063,256896.000,true
baseline,1,positional_join_using,2,21884,863.777,3056.000,true
baseline,1,mybatis_derived,2,861,10907.433,17144.000,true
baseline,1,positional_dialect_PostgreSQL,2,16510,1076.856,3360.000,true
baseline,1,mybatis_in_256,2,494,21193.522,66616.000,true
baseline,1,named_delete,2,27204,541.545,1960.000,true
baseline,1,mybatis_in_17,2,5667,2316.658,6344.000,true
baseline,1,positional_naming_KEBAB_CASE,2,2311,4849.632,5888.000,true
baseline,1,raw_in_expression,2,864,22231.250,56616.000,true
baseline,1,raw_retry_rollback,2,7088,3303.922,6376.000,true
baseline,1,positional_row_in,2,14111,923.244,2624.000,true
baseline,1,raw_batch_4,2,5472,2749.470,7584.000,false
baseline,1,raw_insert_entity,2,12370,794.762,2176.000,false
baseline,1,positional_group_order,2,4699,2841.881,6336.000,true
baseline,1,mybatis_update_chain_16,2,667,15196.402,39936.000,true
baseline,1,positional_pagination,2,14009,885.002,3288.000,true
baseline,1,raw_row_in,2,15946,1150.138,3136.000,true
baseline,1,mybatis_insert_values,2,14715,1165.641,2744.000,true
baseline,1,raw_group_order,2,3206,3323.986,6432.000,true
baseline,1,positional_dialect_DB2,2,19236,1063.891,3544.000,true
baseline,1,mybatis_update_map,2,6109,1670.372,4200.000,true
baseline,1,raw_in_17,2,5120,1833.242,5816.000,true
baseline,1,positional_in_256,2,5399,4500.222,9576.000,true
baseline,1,mybatis_naming_UPPER_CAMEL_CASE,2,3474,6058.031,8984.000,true
baseline,1,named_select_columns,2,19027,782.562,1952.000,true
baseline,1,raw_subquery_structured,2,14782,1409.965,4616.000,true
baseline,1,mybatis_in_16,2,4921,1844.605,6128.000,true
baseline,1,raw_pagination,2,16225,979.304,3400.000,true
baseline,1,raw_naming_SCREAMING_SNAKE_CASE,2,3686,5736.489,8856.000,true
baseline,1,named_group_order,2,2360,3956.780,7688.000,true
baseline,1,positional_where_eq,2,22735,889.378,2664.000,true
baseline,1,named_subquery_structured,2,6249,1681.501,5488.000,true
baseline,1,positional_late_modifier,2,28331,677.322,2360.000,true
baseline,1,raw_update_chain_16,2,1878,7953.301,25448.000,true
baseline,1,named_join_on,2,6996,1783.834,4288.000,true
baseline,1,named_in_256,2,618,25583.657,90712.000,true
baseline,1,named_where_16,2,2038,5829.195,10584.000,true
baseline,1,positional_naming_CAMEL_CASE,2,6484,3307.156,4928.000,true
baseline,1,raw_union_raw,2,5527,3269.694,5200.000,true
baseline,1,positional_delete,2,57878,332.081,1504.000,true
baseline,1,positional_dialect_Microsoft_SQL_Server,2,15937,1306.670,3544.000,true
baseline,1,raw_select_expressions,2,4987,2078.725,2728.000,true
baseline,1,named_select_entity,2,18463,560.283,2000.000,true
baseline,1,named_insert_values,2,10802,1066.960,3048.000,true
baseline,1,named_dialect_DB2,2,15773,1427.496,4320.000,true
baseline,1,raw_batch_64,2,689,27801.016,97344.000,false
baseline,1,raw_select_columns,2,13544,790.040,1952.000,true
baseline,1,named_insert_entity,2,17066,978.618,2760.000,true
baseline,1,raw_delete,2,41605,422.259,1624.000,true
baseline,1,positional_in_expression,2,4939,4071.431,9760.000,true
baseline,1,named_subquery_raw,2,31443,588.500,2272.000,true
baseline,1,named_row_in,2,8062,1295.175,4016.000,true
baseline,1,raw_in_1024,2,150,81340.667,220248.000,true
baseline,1,raw_union_builder,2,2252,5189.165,10160.000,true
baseline,1,mybatis_pagination,2,9069,1375.863,3808.000,true
baseline,1,positional_dialect_Oracle,2,19799,983.403,3496.000,true
baseline,1,mybatis_insert_entity,2,9145,856.413,2456.000,true
baseline,1,mybatis_join_on,2,9263,1665.206,4128.000,true
baseline,1,raw_where_eq,2,14285,933.560,2784.000,true
baseline,1,raw_in_16,2,7811,1741.544,5600.000,true
baseline,1,positional_in_16,2,25849,774.633,2656.000,true
baseline,1,named_update_chain_16,2,664,16983.584,47000.000,true
baseline,1,named_in_16,2,8039,2126.546,7600.000,true
baseline,1,positional_naming_SCREAMING_SNAKE_CASE,2,4141,4464.284,5904.000,true
baseline,1,named_late_modifier,2,13005,746.144,2816.000,true
baseline,1,named_join_using,2,9639,948.574,3512.000,true
baseline,1,mybatis_subquery_structured,2,4860,1500.905,5232.000,true
baseline,1,mybatis_between,2,7939,1253.407,3544.000,true
baseline,1,positional_mixed_literals,2,14384,1094.070,2800.000,true
baseline,1,named_where_eq,2,19046,1051.365,3120.000,true
baseline,1,mybatis_in_expression,2,527,23566.034,66656.000,true
baseline,1,mybatis_group_order,2,3104,4171.360,7264.000,true
baseline,1,positional_subquery_structured,2,13905,1422.086,4704.000,true
baseline,1,custom_handler_where,2,3489,6451.963,10616.000,true
baseline,1,raw_join_on,2,8105,1741.419,3952.000,true
baseline,1,mybatis_union_raw,2,3824,3352.589,5200.000,true
baseline,1,mybatis_union_builder,2,868,10269.585,16648.000,true
baseline,1,raw_between,2,12888,1448.541,3384.000,true
baseline,1,named_batch_64,2,248,35995.968,134912.000,true
baseline,1,named_in_1024,2,133,145817.293,353216.000,true
baseline,1,raw_batch_beans,2,1864,5931.116,16896.000,false
baseline,1,raw_naming_UPPER_CAMEL_CASE,2,2489,5327.441,8840.000,true
baseline,1,named_naming_NO_CHANGE,2,4177,4861.001,9624.000,true
baseline,1,positional_update_chain_16,2,2897,6046.773,22360.000,true
baseline,1,named_naming_SCREAMING_SNAKE_CASE,2,3164,6029.962,10600.000,true
baseline,1,mybatis_naming_KEBAB_CASE,2,3278,5536.852,8984.000,true
baseline,1,raw_nested,2,7799,1239.274,3280.000,true
baseline,1,positional_join_on,2,11993,1657.992,3832.000,true
baseline,1,raw_insert_placeholders,2,26991,707.784,1944.000,true
baseline,1,named_batch_beans,2,1325,8464.755,26064.000,true
baseline,1,named_retry_rollback,2,3066,4151.272,8264.000,true
baseline,1,raw_in_256,2,483,20219.048,56640.000,true
baseline,1,named_dialect_PostgreSQL,2,12719,1307.697,4144.000,true
baseline,1,named_mixed_literals,2,9814,1481.985,3768.000,true
baseline,1,positional_retry_rollback,2,4311,2610.508,5872.000,true
baseline,1,raw_join_using,2,18981,914.804,3176.000,true
baseline,1,raw_select_entity,2,24631,589.814,2000.000,true
baseline,1,positional_where_16,2,5005,4331.768,5888.000,true
baseline,1,positional_naming_NO_CHANGE,2,4508,3462.112,4928.000,true
baseline,1,positional_condition_only,2,4577,3955.014,4872.000,true
baseline,1,mybatis_raw_expression,2,6499,1473.457,2624.000,true
baseline,1,mybatis_where_16,2,1163,5794.325,8984.000,true
baseline,1,named_select_expressions,2,9030,2064.396,2728.000,true
baseline,1,raw_repeated_names,2,855,22564.795,53896.000,true
baseline,1,positional_select_columns,2,27005,780.500,1952.000,true
baseline,1,custom_handler_union,2,1718,10429.919,16536.000,true
baseline,1,raw_select_star,2,36183,316.074,1424.000,true
baseline,1,positional_update_map,2,13084,1026.292,3024.000,true
baseline,1,positional_between,2,13873,1014.532,3056.000,true
baseline,1,positional_repeated_names,2,1201,15600.000,30360.000,true
baseline,1,positional_raw_expression,2,12856,1467.089,2624.000,true
baseline,1,raw_update_chain_16,3,1878,7770.181,25448.000,true
baseline,1,named_where_128,3,375,47864.267,71280.000,true
baseline,1,raw_row_in,3,15946,1154.703,3136.000,true
baseline,1,raw_insert_entity,3,12370,941.867,2176.000,false
baseline,1,named_naming_KEBAB_CASE,3,3095,5838.481,10584.000,true
baseline,1,named_in_17,3,6903,2231.160,7888.000,true
baseline,1,mybatis_late_modifier,3,18022,697.597,2656.000,true
baseline,1,raw_naming_UPPER_CAMEL_CASE,3,2489,5339.373,8840.000,true
baseline,1,named_mixed_literals,3,9814,1395.405,3768.000,true
baseline,1,positional_union_builder,3,3521,5007.356,9768.000,true
baseline,1,mybatis_mixed_literals,3,10230,1332.952,3432.000,true
baseline,1,positional_row_in,3,14111,894.168,2624.000,true
baseline,1,positional_mixed_literals,3,14384,1273.714,2800.000,true
baseline,1,named_nested,3,6549,1366.575,3648.000,true
baseline,1,raw_where_eq,3,14285,917.634,2784.000,true
baseline,1,named_union_raw,3,3080,3037.695,5200.000,true
baseline,1,positional_dialect_MySQL,3,14044,998.384,3360.000,true
baseline,1,positional_insert_placeholders,3,28329,664.563,1944.000,true
baseline,1,positional_dialect_Oracle,3,19799,1038.850,3496.000,true
baseline,1,raw_subquery_raw,3,13911,564.927,2272.000,true
baseline,1,positional_naming_KEBAB_CASE,3,2311,5213.760,5888.000,true
baseline,1,named_group_order,3,2360,3741.314,7688.000,true
baseline,1,named_select_star,3,76273,290.428,1424.000,true
baseline,1,positional_in_256,3,5399,4436.562,9576.000,true
baseline,1,positional_batch_beans,3,1823,3932.255,10464.000,true
baseline,1,named_late_modifier,3,13005,738.608,2816.000,true
baseline,1,positional_naming_NO_CHANGE,3,4508,3354.681,4928.000,true
baseline,1,mybatis_batch_4,3,6252,2779.894,8784.000,true
baseline,1,named_select_entity,3,18463,668.640,2000.000,true
baseline,1,named_subquery_raw,3,31443,564.533,2272.000,true
baseline,1,raw_join_on,3,8105,1855.262,3952.000,true
baseline,1,named_insert_entity,3,17066,898.389,2760.000,true
baseline,1,mybatis_condition_only,3,2366,4966.272,7960.000,true
baseline,1,mybatis_union_raw,3,3824,3100.732,5200.000,true
baseline,1,named_repeated_names,3,434,25871.889,64920.000,true
baseline,1,mybatis_select_entity,3,22235,591.172,2000.000,true
baseline,1,named_between,3,14086,1341.012,3800.000,true
baseline,1,raw_delete,3,41605,389.410,1624.000,true
baseline,1,mybatis_group_order,3,3104,3369.813,7264.000,true
baseline,1,raw_union_builder,3,2252,5310.346,10160.000,true
baseline,1,positional_join_on,3,11993,1582.081,3832.000,true
baseline,1,named_pagination,3,9396,1179.672,4072.000,true
baseline,1,raw_in_expression,3,864,21725.000,56616.000,true
baseline,1,raw_pagination,3,16225,1037.726,3400.000,true
baseline,1,positional_group_order,3,4699,3342.562,6336.000,true
baseline,1,mybatis_union_builder,3,868,10622.235,16648.000,true
baseline,1,raw_in_16,3,7811,1786.865,5600.000,true
baseline,1,raw_insert_values,3,11197,1072.055,2464.000,false
baseline,1,named_batch_beans,3,1325,8116.302,26064.000,true
baseline,1,mybatis_naming_UPPER_CAMEL_CASE,3,3474,5929.476,8984.000,true
baseline,1,named_condition_only,3,1932,5339.959,9560.000,true
baseline,1,named_update_chain_16,3,664,15478.163,47000.000,true
baseline,1,named_join_on,3,6996,1821.784,4288.000,true
baseline,1,mybatis_update_map,3,6109,1527.762,4200.000,true
baseline,1,positional_union_raw,3,4430,3100.158,5200.000,true
baseline,1,positional_select_entity,3,36461,559.812,2000.000,true
baseline,1,mybatis_join_on,3,9263,1727.032,4128.000,true
baseline,1,named_naming_NO_CHANGE,3,4177,5129.064,9624.000,true
baseline,1,raw_join_using,3,18981,921.532,3176.000,true
baseline,1,raw_batch_4,3,5472,2610.563,7584.000,false
baseline,1,named_in_1024,3,133,118053.383,353216.000,true
baseline,1,named_update_map,3,6189,1903.652,4752.000,true
baseline,1,positional_in_17,3,22578,840.686,2672.000,true
baseline,1,named_delete,3,27204,439.263,1960.000,true
baseline,1,mybatis_insert_entity,3,9145,888.890,2456.000,true
baseline,1,raw_in_256,3,483,20310.973,56640.000,true
baseline,1,named_dialect_Microsoft_SQL_Server,3,14065,1517.860,4320.000,true
baseline,1,raw_union_raw,3,5527,3139.805,5200.000,true
baseline,1,positional_in_1024,3,1710,14907.018,28504.000,true
baseline,1,positional_raw_expression,3,12856,1748.787,2624.000,true
baseline,1,named_row_in,3,8062,1297.073,4016.000,true
baseline,1,positional_pagination,3,14009,1156.764,3288.000,true
baseline,1,raw_derived,3,2058,8796.793,15848.000,true
baseline,1,positional_batch_4,3,6010,1837.737,5968.000,true
baseline,1,positional_select_expressions,3,5453,2132.092,2728.000,true
baseline,1,mybatis_where_128,3,261,43747.510,58208.000,true
baseline,1,raw_repeated_names,3,855,24150.058,53896.000,true
baseline,1,mybatis_in_1024,3,128,86523.438,256896.000,true
baseline,1,mybatis_where_eq,3,9141,956.646,2960.000,true
baseline,1,raw_raw_expression,3,12170,1595.349,2624.000,true
baseline,1,mybatis_pagination,3,9069,1103.716,3808.000,true
baseline,1,positional_between,3,13873,1062.366,3056.000,true
baseline,1,named_select_columns,3,19027,768.103,1952.000,true
baseline,1,mybatis_naming_CAMEL_CASE,3,3986,5009.860,8024.000,true
baseline,1,named_retry_rollback,3,3066,4061.546,8264.000,true
baseline,1,mybatis_select_expressions,3,7183,2093.958,2728.000,true
baseline,1,mybatis_naming_SCREAMING_SNAKE_CASE,3,3275,6679.725,9000.000,true
baseline,1,named_dialect_MySQL,3,14758,1441.245,4144.000,true
baseline,1,raw_naming_CAMEL_CASE,3,5129,4343.517,7880.000,true
baseline,1,named_insert_values,3,10802,1105.777,3048.000,true
baseline,1,mybatis_select_star,3,41880,280.463,1424.000,true
baseline,1,raw_between,3,12888,1192.225,3384.000,true
baseline,1,positional_dialect_DB2,3,19236,1231.004,3544.000,true
baseline,1,positional_retry_rollback,3,4311,3716.238,5872.000,true
baseline,1,named_where_16,3,2038,5953.778,10584.000,true
baseline,1,named_batch_64,3,248,37046.371,134912.000,true
baseline,1,mybatis_retry_rollback,3,2735,6105.082,7568.000,true
baseline,1,mybatis_in_16,3,4921,2001.707,6128.000,true
baseline,1,mybatis_batch_64,3,296,32640.878,118896.000,true
baseline,1,mybatis_between,3,7939,1236.516,3544.000,true
baseline,1,raw_insert_placeholders,3,26991,706.988,1944.000,true
baseline,1,named_in_expression,3,558,26706.631,90680.000,true
baseline,1,mybatis_in_17,3,5667,2048.862,6344.000,true
baseline,1,raw_where_128,3,291,37846.392,56496.000,true
baseline,1,positional_nested,3,15765,1123.045,2952.000,true
baseline,1,positional_where_eq,3,22735,924.434,2664.000,true
baseline,1,positional_delete,3,57878,361.535,1504.000,true
baseline,1,raw_naming_KEBAB_CASE,3,3138,5339.579,8840.000,true
baseline,1,positional_naming_CAMEL_CASE,3,6484,3317.967,4928.000,true
baseline,1,raw_retry_rollback,3,7088,3907.548,6376.000,true
baseline,1,positional_subquery_structured,3,13905,1357.843,4704.000,true
baseline,1,mybatis_row_in,3,9453,1418.566,3608.000,true
baseline,1,raw_nested,3,7799,1265.124,3280.000,true
baseline,1,raw_select_star,3,36183,341.879,1424.000,true
baseline,1,raw_in_1024,3,150,80308.000,220248.000,true
baseline,1,positional_subquery_raw,3,22310,598.180,2272.000,true
baseline,1,raw_mixed_literals,3,7624,1640.504,3192.000,true
baseline,1,named_insert_placeholders,3,9805,970.913,2888.000,true
baseline,1,raw_update_map,3,11441,1321.056,3592.000,false
baseline,1,raw_condition_only,3,3976,4542.857,7816.000,true
baseline,1,named_in_16,3,8039,2384.563,7600.000,true
baseline,1,mybatis_raw_expression,3,6499,1449.177,2624.000,true
baseline,1,positional_insert_values,3,22213,1185.531,2104.000,true
baseline,1,mybatis_batch_beans,3,2561,13094.065,22080.000,true
baseline,1,positional_dialect_Microsoft_SQL_Server,3,15937,1647.644,3544.000,true
baseline,1,raw_batch_beans,3,1864,7057.779,16896.000,false
baseline,1,custom_handler_union,3,1718,11261.001,16536.000,true
baseline,1,raw_batch_64,3,689,30830.624,97344.000,false
baseline,1,named_in_256,3,618,26324.110,90712.000,true
baseline,1,positional_update_chain_16,3,2897,6178.184,22360.000,true
baseline,1,named_where_eq,3,19046,986.260,3120.000,true
baseline,1,raw_naming_SCREAMING_SNAKE_CASE,3,3686,5155.562,8856.000,true
baseline,1,mybatis_naming_KEBAB_CASE,3,3278,5550.976,8984.000,true
baseline,1,raw_in_17,3,5120,1834.824,5816.000,true
baseline,1,raw_select_entity,3,24631,587.739,2000.000,true
baseline,1,positional_in_16,3,25849,782.309,2656.000,true
baseline,1,raw_late_modifier,3,17946,710.582,2480.000,true
baseline,1,raw_select_columns,3,13544,745.334,1952.000,true
baseline,1,positional_condition_only,3,4577,3779.768,4872.000,true
baseline,1,positional_in_expression,3,4939,4003.078,9760.000,true
baseline,1,mybatis_update_chain_16,3,667,13973.763,39936.000,true
baseline,1,named_dialect_Oracle,3,10376,1255.966,4272.000,true
baseline,1,positional_dialect_PostgreSQL,3,16510,1119.485,3360.000,true
baseline,1,raw_where_16,3,1994,5183.601,8840.000,true
baseline,1,named_dialect_PostgreSQL,3,12719,1300.637,4144.000,true
baseline,1,positional_select_star,3,46231,310.030,1424.000,true
baseline,1,mybatis_subquery_raw,3,21708,594.804,2272.000,true
baseline,1,named_derived,3,992,10037.702,17800.000,true
baseline,1,mybatis_in_expression,3,527,20388.235,66656.000,true
baseline,1,named_naming_CAMEL_CASE,3,4321,4778.639,9624.000,true
baseline,1,positional_insert_entity,3,30740,650.309,1816.000,true
baseline,1,mybatis_delete,3,23794,418.875,1808.000,true
baseline,1,mybatis_insert_values,3,14715,1045.192,2744.000,true
baseline,1,positional_naming_SCREAMING_SNAKE_CASE,3,4141,4474.113,5904.000,true
baseline,1,mybatis_where_16,3,1163,5447.979,8984.000,true
baseline,1,named_raw_expression,3,5817,1510.383,2624.000,true
baseline,1,named_naming_SCREAMING_SNAKE_CASE,3,3164,6270.228,10600.000,true
baseline,1,named_naming_UPPER_CAMEL_CASE,3,3257,6028.800,10584.000,true
baseline,1,mybatis_derived,3,861,10670.848,17144.000,true
baseline,1,positional_repeated_names,3,1201,19547.794,30360.000,true
baseline,1,positional_select_columns,3,27005,1131.335,1952.000,true
baseline,1,raw_select_expressions,3,4987,2528.955,2728.000,true
baseline,1,mybatis_in_256,3,494,24614.777,66616.000,true
baseline,1,mybatis_select_columns,3,11603,808.093,1952.000,true
baseline,1,mybatis_repeated_names,3,442,25024.887,52872.000,true
baseline,1,named_union_builder,3,1072,11150.000,17272.000,true
baseline,1,mybatis_join_using,3,11695,913.690,3352.000,true
baseline,1,custom_handler_where,3,3489,5771.396,10616.000,true
baseline,1,mybatis_naming_NO_CHANGE,3,4288,4427.472,8024.000,true
baseline,1,positional_batch_64,3,288,18060.069,72176.000,true
baseline,1,named_dialect_DB2,3,15773,1384.118,4320.000,true
baseline,1,positional_update_map,3,13084,1085.028,3024.000,true
baseline,1,mybatis_nested,3,10657,1319.527,3416.000,true
baseline,1,mybatis_insert_placeholders,3,5339,1069.657,2584.000,true
baseline,1,named_subquery_structured,3,6249,1658.777,5488.000,true
baseline,1,raw_naming_NO_CHANGE,3,4884,3934.439,7880.000,true
baseline,1,raw_subquery_structured,3,14782,1341.794,4616.000,true
baseline,1,positional_where_128,3,580,34682.586,32808.000,true
baseline,1,positional_where_16,3,5005,4328.112,5888.000,true
baseline,1,positional_derived,3,1925,10289.870,15296.000,true
baseline,1,positional_join_using,3,21884,853.167,3056.000,true
baseline,1,positional_late_modifier,3,28331,688.218,2360.000,true
baseline,1,named_batch_4,3,5039,3347.847,9736.000,true
baseline,1,raw_group_order,3,3206,3308.890,6432.000,true
baseline,1,named_join_using,3,9639,1051.001,3512.000,true
baseline,1,named_select_expressions,3,9030,2286.844,2728.000,true
baseline,1,positional_naming_UPPER_CAMEL_CASE,3,4381,5119.151,5888.000,true
baseline,1,mybatis_subquery_structured,3,4860,2050.658,5232.000,true
baseline,1,raw_batch_beans,4,1864,6123.444,16896.000,false
baseline,1,mybatis_subquery_structured,4,4860,1623.992,5232.000,true
baseline,1,named_insert_placeholders,4,9805,980.082,2888.000,true
baseline,1,positional_pagination,4,14009,994.104,3288.000,true
baseline,1,mybatis_batch_beans,4,2561,7875.283,22080.000,true
baseline,1,named_nested,4,6549,1362.926,3648.000,true
baseline,1,raw_update_chain_16,4,1878,7924.867,25448.000,true
baseline,1,mybatis_union_builder,4,868,10218.548,16648.000,true
baseline,1,raw_in_256,4,483,19490.062,56640.000,true
baseline,1,positional_select_expressions,4,5453,2373.904,2728.000,true
baseline,1,custom_handler_where,4,3489,6131.356,10616.000,true
baseline,1,positional_dialect_MySQL,4,14044,1011.400,3360.000,true
baseline,1,named_delete,4,27204,432.889,1960.000,true
baseline,1,mybatis_subquery_raw,4,21708,568.122,2272.000,true
baseline,1,positional_subquery_raw,4,22310,589.189,2272.000,true
baseline,1,mybatis_raw_expression,4,6499,1471.457,2624.000,true
baseline,1,positional_dialect_Oracle,4,19799,1144.770,3496.000,true
baseline,1,named_where_eq,4,19046,974.814,3120.000,true
baseline,1,raw_in_17,4,5120,1914.727,5816.000,true
baseline,1,mybatis_select_star,4,41880,305.229,1424.000,true
baseline,1,raw_raw_expression,4,12170,1516.237,2624.000,true
baseline,1,raw_insert_placeholders,4,26991,696.025,1944.000,true
baseline,1,raw_naming_UPPER_CAMEL_CASE,4,2489,5477.622,8840.000,true
baseline,1,mybatis_insert_placeholders,4,5339,942.068,2584.000,true
baseline,1,mybatis_where_16,4,1163,5703.439,8984.000,true
baseline,1,named_select_star,4,76273,296.110,1424.000,true
baseline,1,mybatis_in_16,4,4921,1885.145,6128.000,true
baseline,1,raw_derived,4,2058,9047.765,15848.000,true
baseline,1,named_in_1024,4,133,123816.541,353216.000,true
baseline,1,raw_naming_KEBAB_CASE,4,3138,5066.858,8840.000,true
baseline,1,positional_row_in,4,14111,1001.509,2624.000,true
baseline,1,positional_delete,4,57878,399.914,1504.000,true
baseline,1,positional_in_17,4,22578,913.172,2672.000,true
baseline,1,raw_insert_values,4,11197,1177.047,2464.000,false
baseline,1,named_naming_SCREAMING_SNAKE_CASE,4,3164,7777.497,10600.000,true
baseline,1,mybatis_batch_64,4,296,45657.770,118896.000,true
baseline,1,named_batch_4,4,5039,4546.597,9736.000,true
baseline,1,named_mixed_literals,4,9814,1845.394,3768.000,true
baseline,1,positional_where_128,4,580,40050.345,32808.000,true
baseline,1,named_where_128,4,375,53992.000,71280.000,true
baseline,1,raw_select_entity,4,24631,826.097,2000.000,true
baseline,1,named_join_using,4,9639,1096.338,3512.000,true
baseline,1,raw_select_columns,4,13544,1358.535,1952.000,true
baseline,1,positional_union_builder,4,3521,6635.785,9768.000,true
baseline,1,raw_join_on,4,8105,2155.163,3952.000,true
baseline,1,raw_naming_CAMEL_CASE,4,5129,4951.589,7880.000,true
baseline,1,raw_subquery_raw,4,13911,844.785,2272.000,true
baseline,1,raw_union_raw,4,5527,3897.811,5200.000,true
baseline,1,mybatis_delete,4,23794,507.935,1808.000,true
baseline,1,mybatis_in_expression,4,527,27877.799,66656.000,true
baseline,1,raw_union_builder,4,2252,6424.423,10160.000,true
baseline,1,positional_insert_placeholders,4,28329,896.286,1944.000,true
baseline,1,positional_in_256,4,5399,7962.641,9576.000,true
baseline,1,mybatis_repeated_names,4,442,39950.226,52872.000,true
baseline,1,mybatis_where_eq,4,9141,1589.651,2960.000,true
baseline,1,raw_update_map,4,11441,2643.108,3592.000,false
baseline,1,raw_row_in,4,15946,1863.332,3136.000,true
baseline,1,mybatis_select_expressions,4,7183,3231.867,2728.000,true
baseline,1,mybatis_nested,4,10657,2129.126,3416.000,true
baseline,1,positional_naming_CAMEL_CASE,4,6484,7322.594,4928.000,true
baseline,1,positional_naming_SCREAMING_SNAKE_CASE,4,4141,9116.614,5904.000,true
baseline,1,positional_group_order,4,4699,6576.016,6336.000,true
baseline,1,positional_between,4,13873,2541.995,3056.000,true
baseline,1,mybatis_naming_KEBAB_CASE,4,3278,14778.340,8984.000,true
baseline,1,positional_mixed_literals,4,14384,2621.837,2800.000,true
baseline,1,positional_condition_only,4,4577,10137.295,4872.000,true
baseline,1,named_in_16,4,8039,5884.115,7600.000,true
baseline,1,mybatis_in_17,4,5667,4704.270,6344.000,true
baseline,1,mybatis_select_columns,4,11603,2135.405,1952.000,true
baseline,1,mybatis_derived,4,861,27314.750,17144.000,true
baseline,1,positional_late_modifier,4,28331,1559.874,2360.000,true
baseline,1,positional_derived,4,1925,20823.584,15296.000,true
baseline,1,raw_subquery_structured,4,14782,2855.683,4616.000,true
baseline,1,positional_where_eq,4,22735,1756.468,2664.000,true
baseline,1,named_select_entity,4,18463,1037.377,2000.000,true
baseline,1,named_batch_beans,4,1325,12768.679,26064.000,true
baseline,1,named_in_256,4,618,31059.547,90712.000,true
baseline,1,raw_nested,4,7799,1345.019,3280.000,true
baseline,1,named_between,4,14086,1305.225,3800.000,true
baseline,1,raw_condition_only,4,3976,4637.349,7816.000,true
baseline,1,named_update_chain_16,4,664,15821.687,47000.000,true
baseline,1,raw_in_1024,4,150,100038.667,220248.000,true
baseline,1,positional_nested,4,15765,1310.193,2952.000,true
baseline,1,raw_select_star,4,36183,302.521,1424.000,true
baseline,1,named_insert_entity,4,17066,989.265,2760.000,true
baseline,1,raw_insert_entity,4,12370,865.530,2176.000,false
baseline,1,mybatis_insert_values,4,14715,1368.046,2744.000,true
baseline,1,positional_naming_UPPER_CAMEL_CASE,4,4381,4515.088,5888.000,true
baseline,1,positional_select_star,4,46231,279.088,1424.000,true
baseline,1,named_row_in,4,8062,1358.435,4016.000,true
baseline,1,raw_group_order,4,3206,3237.711,6432.000,true
baseline,1,raw_pagination,4,16225,1047.797,3400.000,true
baseline,1,raw_delete,4,41605,393.345,1624.000,true
baseline,1,mybatis_row_in,4,9453,1334.063,3608.000,true
baseline,1,positional_batch_64,4,288,17505.208,72176.000,true
baseline,1,mybatis_mixed_literals,4,10230,1477.155,3432.000,true
baseline,1,mybatis_batch_4,4,6252,2856.414,8784.000,true
baseline,1,named_where_16,4,2038,6246.909,10584.000,true
baseline,1,positional_select_columns,4,27005,807.391,1952.000,true
baseline,1,mybatis_join_using,4,11695,923.788,3352.000,true
baseline,1,named_select_expressions,4,9030,2036.157,2728.000,true
baseline,1,mybatis_naming_UPPER_CAMEL_CASE,4,3474,5753.310,8984.000,true
baseline,1,named_batch_64,4,248,34912.500,134912.000,true
baseline,1,named_union_builder,4,1072,10081.437,17272.000,true
baseline,1,named_subquery_structured,4,6249,1577.324,5488.000,true
baseline,1,mybatis_naming_NO_CHANGE,4,4288,4399.813,8024.000,true
baseline,1,mybatis_between,4,7939,1234.274,3544.000,true
baseline,1,named_derived,4,992,12231.250,17800.000,true
baseline,1,named_naming_CAMEL_CASE,4,4321,5057.811,9624.000,true
baseline,1,positional_where_16,4,5005,4627.792,5888.000,true
baseline,1,positional_repeated_names,4,1201,16733.139,30360.000,true
baseline,1,positional_update_map,4,13084,1021.217,3024.000,true
baseline,1,named_pagination,4,9396,1245.349,4072.000,true
baseline,1,named_condition_only,4,1932,5199.431,9560.000,true
baseline,1,raw_select_expressions,4,4987,2208.181,2728.000,true
baseline,1,raw_where_16,4,1994,5602.207,8840.000,true
baseline,1,named_repeated_names,4,434,27361.290,64920.000,true
baseline,1,positional_join_using,4,21884,797.788,3056.000,true
baseline,1,positional_raw_expression,4,12856,1604.014,2624.000,true
baseline,1,named_group_order,4,2360,4887.288,7688.000,true
baseline,1,mybatis_select_entity,4,22235,742.492,2000.000,true
baseline,1,positional_in_expression,4,4939,5286.839,9760.000,true
baseline,1,named_dialect_PostgreSQL,4,12719,1453.227,4144.000,true
baseline,1,mybatis_naming_CAMEL_CASE,4,3986,5011.214,8024.000,true
baseline,1,raw_naming_NO_CHANGE,4,4884,4195.844,7880.000,true
baseline,1,mybatis_update_chain_16,4,667,13752.474,39936.000,true
baseline,1,named_in_expression,4,558,26760.215,90680.000,true
baseline,1,named_join_on,4,6996,1963.779,4288.000,true
baseline,1,mybatis_pagination,4,9069,1193.957,3808.000,true
baseline,1,positional_retry_rollback,4,4311,3880.144,5872.000,true
baseline,1,mybatis_where_128,4,261,47039.080,58208.000,true
baseline,1,raw_in_16,4,7811,1861.337,5600.000,true
baseline,1,named_update_map,4,6189,1691.695,4752.000,true
baseline,1,mybatis_in_256,4,494,24129.960,66616.000,true
baseline,1,positional_insert_values,4,22213,1069.423,2104.000,true
baseline,1,raw_where_128,4,291,41316.495,56496.000,true
baseline,1,named_naming_UPPER_CAMEL_CASE,4,3257,6726.098,10584.000,true
baseline,1,raw_repeated_names,4,855,25993.567,53896.000,true
baseline,1,raw_late_modifier,4,17946,701.198,2480.000,true
baseline,1,positional_batch_beans,4,1823,3845.858,10464.000,true
baseline,1,custom_handler_union,4,1718,10425.553,16536.000,true
baseline,1,raw_between,4,12888,1289.680,3384.000,true
baseline,1,named_union_raw,4,3080,3180.455,5200.000,true
baseline,1,positional_dialect_Microsoft_SQL_Server,4,15937,1463.475,3544.000,true
baseline,1,raw_where_eq,4,14285,1016.815,2784.000,true
baseline,1,mybatis_union_raw,4,3824,3502.197,5200.000,true
baseline,1,raw_mixed_literals,4,7624,1547.377,3192.000,true
baseline,1,raw_retry_rollback,4,7088,5250.339,6376.000,true
baseline,1,positional_naming_KEBAB_CASE,4,2311,4510.558,5888.000,true
baseline,1,positional_batch_4,4,6010,2004.376,5968.000,true
baseline,1,named_dialect_Oracle,4,10376,1324.123,4272.000,true
baseline,1,mybatis_late_modifier,4,18022,764.521,2656.000,true
baseline,1,raw_in_expression,4,864,21204.051,56616.000,true
baseline,1,positional_dialect_DB2,4,19236,1098.784,3544.000,true
baseline,1,named_dialect_Microsoft_SQL_Server,4,14065,1590.672,4320.000,true
baseline,1,named_subquery_raw,4,31443,628.353,2272.000,true
baseline,1,named_naming_NO_CHANGE,4,4177,5154.321,9624.000,true
baseline,1,positional_in_1024,4,1710,13977.076,28504.000,true
baseline,1,mybatis_naming_SCREAMING_SNAKE_CASE,4,3275,5947.115,9000.000,true
baseline,1,raw_join_using,4,18981,921.690,3176.000,true
baseline,1,positional_in_16,4,25849,847.317,2656.000,true
baseline,1,raw_batch_64,4,689,27331.205,97344.000,false
baseline,1,named_in_17,4,6903,2226.785,7888.000,true
baseline,1,positional_naming_NO_CHANGE,4,4508,3351.886,4928.000,true
baseline,1,named_dialect_DB2,4,15773,1401.401,4320.000,true
baseline,1,positional_update_chain_16,4,2897,6271.522,22360.000,true
baseline,1,raw_naming_SCREAMING_SNAKE_CASE,4,3686,7266.088,8856.000,true
baseline,1,mybatis_condition_only,4,2366,5658.411,7960.000,true
baseline,1,positional_insert_entity,4,30740,671.376,1816.000,true
baseline,1,mybatis_join_on,4,9263,2028.932,4128.000,true
baseline,1,mybatis_in_1024,4,128,98267.969,256896.000,true
baseline,1,positional_join_on,4,11993,1897.373,3832.000,true
baseline,1,mybatis_group_order,4,3104,3883.505,7264.000,true
baseline,1,named_raw_expression,4,5817,1712.653,2624.000,true
baseline,1,named_insert_values,4,10802,1261.405,3048.000,true
baseline,1,mybatis_retry_rollback,4,2735,4589.982,7568.000,true
baseline,1,named_late_modifier,4,13005,911.080,2816.000,true
baseline,1,named_select_columns,4,19027,817.149,1952.000,true
baseline,1,raw_batch_4,4,5472,2655.245,7584.000,false
baseline,1,positional_select_entity,4,36461,553.608,2000.000,true
baseline,1,named_retry_rollback,4,3066,4076.875,8264.000,true
baseline,1,positional_subquery_structured,4,13905,1337.332,4704.000,true
baseline,1,mybatis_insert_entity,4,9145,873.559,2456.000,true
baseline,1,positional_dialect_PostgreSQL,4,16510,1196.093,3360.000,true
baseline,1,named_naming_KEBAB_CASE,4,3095,5918.061,10584.000,true
baseline,1,positional_union_raw,4,4430,3095.372,5200.000,true
baseline,1,mybatis_update_map,4,6109,1713.750,4200.000,true
baseline,1,named_dialect_MySQL,4,14758,1282.044,4144.000,true
baseline,1,positional_dialect_Microsoft_SQL_Server,5,15937,1455.870,3544.000,true
baseline,1,named_update_chain_16,5,664,16136.596,47000.000,true
baseline,1,named_subquery_raw,5,31443,607.324,2272.000,true
baseline,1,positional_retry_rollback,5,4311,3088.750,5872.000,true
baseline,1,positional_nested,5,15765,1227.618,2952.000,true
baseline,1,mybatis_union_raw,5,3824,3077.197,5200.000,true
baseline,1,mybatis_in_17,5,5667,2024.034,6344.000,true
baseline,1,raw_naming_UPPER_CAMEL_CASE,5,2489,5565.769,8840.000,true
baseline,1,raw_subquery_structured,5,14782,1425.477,4616.000,true
baseline,1,raw_union_raw,5,5527,3175.375,5200.000,true
baseline,1,raw_update_chain_16,5,1878,7889.244,25448.000,true
baseline,1,named_select_expressions,5,9030,2088.372,2728.000,true
baseline,1,named_batch_64,5,248,45854.032,134912.000,true
baseline,1,mybatis_pagination,5,9069,1115.735,3808.000,true
baseline,1,named_insert_values,5,10802,1063.729,3048.000,true
baseline,1,named_condition_only,5,1932,5234.938,9560.000,true
baseline,1,raw_subquery_raw,5,13911,572.252,2272.000,true
baseline,1,named_retry_rollback,5,3066,3861.187,8264.000,true
baseline,1,raw_row_in,5,15946,1202.609,3136.000,true
baseline,1,named_where_eq,5,19046,1011.204,3120.000,true
baseline,1,positional_in_1024,5,1710,14658.070,28504.000,true
baseline,1,positional_dialect_PostgreSQL,5,16510,1069.352,3360.000,true
baseline,1,raw_in_256,5,483,19432.919,56640.000,true
baseline,1,mybatis_select_columns,5,11603,825.692,1952.000,true
baseline,1,named_update_map,5,6189,1799.515,4752.000,true
baseline,1,named_insert_placeholders,5,9805,931.239,2888.000,true
baseline,1,named_repeated_names,5,434,28912.903,64920.000,true
baseline,1,mybatis_naming_CAMEL_CASE,5,3986,4660.110,8024.000,true
baseline,1,mybatis_derived,5,861,11907.085,17144.000,true
baseline,1,positional_insert_entity,5,30740,618.029,1816.000,true
baseline,1,mybatis_condition_only,5,2366,5747.253,7960.000,true
baseline,1,named_select_star,5,76273,270.412,1424.000,true
baseline,1,raw_mixed_literals,5,7624,1495.186,3192.000,true
baseline,1,raw_join_using,5,18981,938.265,3176.000,true
baseline,1,positional_repeated_names,5,1201,17017.236,30360.000,true
baseline,1,positional_naming_KEBAB_CASE,5,2311,4455.257,5888.000,true
baseline,1,named_dialect_MySQL,5,14758,1423.276,4144.000,true
baseline,1,mybatis_mixed_literals,5,10230,1603.030,3432.000,true
baseline,1,positional_mixed_literals,5,14384,1224.541,2800.000,true
baseline,1,mybatis_subquery_raw,5,21708,663.175,2272.000,true
baseline,1,positional_between,5,13873,1219.311,3056.000,true
baseline,1,mybatis_subquery_structured,5,4860,1760.617,5232.000,true
baseline,1,mybatis_between,5,7939,1461.973,3544.000,true
baseline,1,positional_batch_64,5,288,19594.792,72176.000,true
baseline,1,positional_condition_only,5,4577,4191.916,4872.000,true
baseline,1,mybatis_insert_placeholders,5,5339,1049.373,2584.000,true
baseline,1,mybatis_in_expression,5,527,24722.011,66656.000,true
baseline,1,mybatis_update_map,5,6109,2360.321,4200.000,true
baseline,1,named_union_builder,5,1072,13367.817,17272.000,true
baseline,1,raw_union_builder,5,2252,7934.059,10160.000,true
baseline,1,named_select_entity,5,18463,692.894,2000.000,true
baseline,1,named_between,5,14086,1539.507,3800.000,true
baseline,1,raw_insert_values,5,11197,1242.690,2464.000,false
baseline,1,positional_select_columns,5,27005,995.260,1952.000,true
baseline,1,raw_in_expression,5,864,23894.907,56616.000,true
baseline,1,positional_dialect_MySQL,5,14044,1145.713,3360.000,true
baseline,1,mybatis_naming_UPPER_CAMEL_CASE,5,3474,7294.502,8984.000,true
baseline,1,positional_subquery_structured,5,13905,1592.269,4704.000,true
baseline,1,named_join_on,5,6996,2009.105,4288.000,true
baseline,1,named_pagination,5,9396,1382.205,4072.000,true
baseline,1,positional_dialect_DB2,5,19236,1217.587,3544.000,true
baseline,1,positional_insert_values,5,22213,893.220,2104.000,true
baseline,1,custom_handler_where,5,3489,7253.339,10616.000,true
baseline,1,raw_late_modifier,5,17946,945.715,2480.000,true
baseline,1,mybatis_where_16,5,1163,8418.573,8984.000,true
baseline,1,mybatis_naming_NO_CHANGE,5,4288,5934.795,8024.000,true
baseline,1,raw_naming_NO_CHANGE,5,4884,4669.799,7880.000,true
baseline,1,mybatis_join_using,5,11695,1135.425,3352.000,true
baseline,1,positional_in_256,5,5399,5243.267,9576.000,true
baseline,1,positional_select_star,5,46231,299.637,1424.000,true
baseline,1,named_in_expression,5,558,30271.326,90680.000,true
baseline,1,named_dialect_PostgreSQL,5,12719,1471.625,4144.000,true
baseline,1,raw_nested,5,7799,1368.111,3280.000,true
baseline,1,raw_in_1024,5,150,88779.333,220248.000,true
baseline,1,named_in_256,5,618,29047.896,90712.000,true
baseline,1,positional_select_expressions,5,5453,2337.796,2728.000,true
baseline,1,raw_derived,5,2058,10475.073,15848.000,true
baseline,1,named_dialect_Microsoft_SQL_Server,5,14065,1689.804,4320.000,true
baseline,1,positional_join_on,5,11993,1779.171,3832.000,true
baseline,1,raw_insert_placeholders,5,26991,687.744,1944.000,true
baseline,1,positional_in_expression,5,4939,4544.523,9760.000,true
baseline,1,mybatis_naming_KEBAB_CASE,5,3278,6252.441,8984.000,true
baseline,1,mybatis_raw_expression,5,6499,1572.611,2624.000,true
baseline,1,raw_condition_only,5,3976,4929.276,7816.000,true
baseline,1,raw_select_entity,5,24631,567.029,2000.000,true
baseline,1,positional_where_16,5,5005,4680.220,5888.000,true
baseline,1,positional_batch_beans,5,1823,3832.255,10464.000,true
baseline,1,mybatis_nested,5,10657,1405.621,3416.000,true
baseline,1,positional_late_modifier,5,28331,845.530,2360.000,true
baseline,1,named_where_128,5,375,49604.000,71280.000,true
baseline,1,positional_where_128,5,580,32632.931,32808.000,true
baseline,1,positional_update_map,5,13084,1056.481,3024.000,true
baseline,1,raw_group_order,5,3206,3571.772,6432.000,true
baseline,1,raw_naming_CAMEL_CASE,5,5129,4138.214,7880.000,true
baseline,1,mybatis_in_1024,5,128,97792.188,256896.000,true
baseline,1,custom_handler_union,5,1718,10895.052,16536.000,true
baseline,1,named_batch_beans,5,1325,8675.019,26064.000,true
baseline,1,named_insert_entity,5,17066,1077.851,2760.000,true
baseline,1,mybatis_select_expressions,5,7183,2318.948,2728.000,true
baseline,1,positional_union_builder,5,3521,5949.389,9768.000,true
baseline,1,named_select_columns,5,19027,954.223,1952.000,true
baseline,1,raw_naming_SCREAMING_SNAKE_CASE,5,3686,5252.279,8856.000,true
baseline,1,positional_join_using,5,21884,842.474,3056.000,true
baseline,1,named_group_order,5,2360,3759.576,7688.000,true
baseline,1,named_mixed_literals,5,9814,1537.559,3768.000,true
baseline,1,named_in_1024,5,133,136876.692,353216.000,true
baseline,1,raw_in_16,5,7811,1860.312,5600.000,true
baseline,1,positional_derived,5,1925,9040.623,15296.000,true
baseline,1,raw_retry_rollback,5,7088,3538.854,6376.000,true
baseline,1,raw_where_16,5,1994,5188.816,8840.000,true
baseline,1,mybatis_late_modifier,5,18022,748.180,2656.000,true
baseline,1,named_in_17,5,6903,2389.555,7888.000,true
baseline,1,raw_join_on,5,8105,1777.656,3952.000,true
baseline,1,named_where_16,5,2038,6067.861,10584.000,true
baseline,1,raw_select_star,5,36183,306.359,1424.000,true
baseline,1,positional_naming_UPPER_CAMEL_CASE,5,4381,4783.885,5888.000,true
baseline,1,raw_select_expressions,5,4987,2180.971,2728.000,true
baseline,1,mybatis_join_on,5,9263,1752.996,4128.000,true
baseline,1,raw_select_columns,5,13544,864.169,1952.000,true
baseline,1,mybatis_row_in,5,9453,1336.158,3608.000,true
baseline,1,positional_naming_NO_CHANGE,5,4508,3282.742,4928.000,true
baseline,1,mybatis_retry_rollback,5,2735,4529.031,7568.000,true
baseline,1,raw_in_17,5,5120,2055.742,5816.000,true
baseline,1,mybatis_select_star,5,41880,295.738,1424.000,true
baseline,1,positional_batch_4,5,6010,2163.411,5968.000,true
baseline,1,mybatis_select_entity,5,22235,570.070,2000.000,true
baseline,1,raw_naming_KEBAB_CASE,5,3138,5411.504,8840.000,true
baseline,1,mybatis_insert_entity,5,9145,958.185,2456.000,true
baseline,1,positional_dialect_Oracle,5,19799,1145.427,3496.000,true
baseline,1,mybatis_where_128,5,261,45247.126,58208.000,true
baseline,1,positional_row_in,5,14111,880.916,2624.000,true
baseline,1,named_naming_CAMEL_CASE,5,4321,4909.049,9624.000,true
baseline,1,raw_delete,5,41605,458.553,1624.000,true
baseline,1,raw_batch_beans,5,1864,7117.436,16896.000,false
baseline,1,mybatis_where_eq,5,9141,1079.794,2960.000,true
baseline,1,mybatis_batch_64,5,296,37463.176,118896.000,true
baseline,1,raw_repeated_names,5,855,25518.363,53896.000,true
baseline,1,positional_update_chain_16,5,2897,8435.899,22360.000,true
baseline,1,mybatis_in_256,5,494,26672.267,66616.000,true
baseline,1,mybatis_batch_beans,5,2561,8326.123,22080.000,true
baseline,1,named_delete,5,27204,513.924,1960.000,true
baseline,1,mybatis_in_16,5,4921,2095.407,6128.000,true
baseline,1,mybatis_batch_4,5,6252,2903.727,8784.000,true
baseline,1,positional_naming_SCREAMING_SNAKE_CASE,5,4141,5727.844,5904.000,true
baseline,1,mybatis_naming_SCREAMING_SNAKE_CASE,5,3275,9745.130,9000.000,true
baseline,1,named_dialect_DB2,5,15773,1854.524,4320.000,true
baseline,1,raw_batch_4,5,5472,3651.206,7584.000,false
baseline,1,positional_union_raw,5,4430,4466.253,5200.000,true
baseline,1,raw_raw_expression,5,12170,2003.320,2624.000,true
baseline,1,mybatis_group_order,5,3104,4469.298,7264.000,true
baseline,1,positional_in_16,5,25849,1056.586,2656.000,true
baseline,1,named_subquery_structured,5,6249,2229.733,5488.000,true
baseline,1,named_in_16,5,8039,2964.759,7600.000,true
baseline,1,named_join_using,5,9639,1083.359,3512.000,true
baseline,1,mybatis_repeated_names,5,442,25189.593,52872.000,true
baseline,1,named_raw_expression,5,5817,1549.235,2624.000,true
baseline,1,named_late_modifier,5,13005,943.329,2816.000,true
baseline,1,positional_raw_expression,5,12856,1960.828,2624.000,true
baseline,1,raw_insert_entity,5,12370,1095.319,2176.000,false
baseline,1,positional_naming_CAMEL_CASE,5,6484,3940.700,4928.000,true
baseline,1,raw_update_map,5,11441,1550.066,3592.000,false
baseline,1,named_derived,5,992,11405.444,17800.000,true
baseline,1,positional_subquery_raw,5,22310,587.866,2272.000,true
baseline,1,named_nested,5,6549,1542.373,3648.000,true
baseline,1,mybatis_delete,5,23794,416.344,1808.000,true
baseline,1,named_naming_SCREAMING_SNAKE_CASE,5,3164,7136.726,10600.000,true
baseline,1,named_naming_UPPER_CAMEL_CASE,5,3257,8500.430,10584.000,true
baseline,1,raw_where_128,5,291,52292.784,56496.000,true
baseline,1,raw_between,5,12888,1539.572,3384.000,true
baseline,1,named_naming_KEBAB_CASE,5,3095,7121.260,10584.000,true
baseline,1,raw_batch_64,5,689,30614.804,97344.000,false
baseline,1,mybatis_insert_values,5,14715,1271.186,2744.000,true
baseline,1,positional_in_17,5,22578,935.703,2672.000,true
baseline,1,positional_group_order,5,4699,3283.997,6336.000,true
baseline,1,positional_where_eq,5,22735,1067.904,2664.000,true
baseline,1,raw_pagination,5,16225,1107.612,3400.000,true
baseline,1,positional_delete,5,57878,364.895,1504.000,true
baseline,1,positional_pagination,5,14009,1087.037,3288.000,true
baseline,1,named_union_raw,5,3080,3318.604,5200.000,true
baseline,1,mybatis_update_chain_16,5,667,12764.018,39936.000,true
baseline,1,named_batch_4,5,5039,3403.830,9736.000,true
baseline,1,named_dialect_Oracle,5,10376,1314.813,4272.000,true
baseline,1,named_row_in,5,8062,1296.130,4016.000,true
baseline,1,raw_where_eq,5,14285,939.545,2784.000,true
baseline,1,mybatis_union_builder,5,868,10923.502,16648.000,true
baseline,1,positional_insert_placeholders,5,28329,676.992,1944.000,true
baseline,1,positional_select_entity,5,36461,543.677,2000.000,true
baseline,1,named_naming_NO_CHANGE,5,4177,4691.046,9624.000,true
baseline,1,raw_in_256,6,483,22353.002,56640.000,true
baseline,1,mybatis_naming_CAMEL_CASE,6,3986,4483.266,8024.000,true
baseline,1,named_condition_only,6,1932,5433.282,9560.000,true
baseline,1,named_in_1024,6,133,112284.962,353216.000,true
baseline,1,mybatis_union_builder,6,868,10221.198,16648.000,true
baseline,1,positional_row_in,6,14111,934.321,2624.000,true
baseline,1,positional_where_128,6,580,31561.552,32808.000,true
baseline,1,mybatis_nested,6,10657,1372.131,3416.000,true
baseline,1,mybatis_retry_rollback,6,2735,4147.642,7568.000,true
baseline,1,positional_dialect_MySQL,6,14044,982.996,3360.000,true
baseline,1,positional_select_entity,6,36461,545.654,2000.000,true
baseline,1,raw_batch_4,6,5472,2441.539,7584.000,false
baseline,1,mybatis_naming_UPPER_CAMEL_CASE,6,3474,6067.041,8984.000,true
baseline,1,positional_insert_placeholders,6,28329,680.921,1944.000,true
baseline,1,positional_in_expression,6,4939,4477.830,9760.000,true
baseline,1,mybatis_pagination,6,9069,1156.577,3808.000,true
baseline,1,named_in_16,6,8039,2187.722,7600.000,true
baseline,1,raw_pagination,6,16225,996.542,3400.000,true
baseline,1,raw_batch_64,6,689,28333.817,97344.000,false
baseline,1,positional_where_eq,6,22735,839.639,2664.000,true
baseline,1,positional_naming_UPPER_CAMEL_CASE,6,4381,4877.288,5888.000,true
baseline,1,raw_derived,6,2058,8730.078,15848.000,true
baseline,1,named_row_in,6,8062,1340.598,4016.000,true
baseline,1,positional_subquery_raw,6,22310,581.381,2272.000,true
baseline,1,positional_delete,6,57878,344.870,1504.000,true
baseline,1,raw_subquery_structured,6,14782,1456.007,4616.000,true
baseline,1,positional_dialect_Oracle,6,19799,1107.546,3496.000,true
baseline,1,positional_in_256,6,5399,4081.608,9576.000,true
baseline,1,mybatis_delete,6,23794,417.408,1808.000,true
baseline,1,positional_select_expressions,6,5453,2270.787,2728.000,true
baseline,1,named_between,6,14086,1325.713,3800.000,true
baseline,1,named_join_on,6,6996,1869.811,4288.000,true
baseline,1,named_dialect_PostgreSQL,6,12719,1600.063,4144.000,true
baseline,1,mybatis_group_order,6,3104,4112.146,7264.000,true
baseline,1,positional_dialect_DB2,6,19236,1156.654,3544.000,true
baseline,1,positional_mixed_literals,6,14384,1176.835,2800.000,true
baseline,1,mybatis_insert_entity,6,9145,906.769,2456.000,true
baseline,1,raw_join_on,6,8105,2089.130,3952.000,true
baseline,1,mybatis_update_map,6,6109,1523.850,4200.000,true
baseline,1,raw_naming_SCREAMING_SNAKE_CASE,6,3686,5121.921,8856.000,true
baseline,1,mybatis_condition_only,6,2366,5126.754,7960.000,true
baseline,1,named_union_builder,6,1072,13299.534,17272.000,true
baseline,1,mybatis_update_chain_16,6,667,12531.784,39936.000,true
baseline,1,positional_naming_CAMEL_CASE,6,6484,3770.959,4928.000,true
baseline,1,raw_where_16,6,1994,6102.758,8840.000,true
baseline,1,mybatis_naming_SCREAMING_SNAKE_CASE,6,3275,5651.359,9000.000,true
baseline,1,raw_naming_UPPER_CAMEL_CASE,6,2489,5457.533,8840.000,true
baseline,1,raw_repeated_names,6,855,22623.743,53896.000,true
baseline,1,positional_update_map,6,13084,967.395,3024.000,true
baseline,1,positional_naming_NO_CHANGE,6,4508,3385.914,4928.000,true
baseline,1,named_where_16,6,2038,6039.058,10584.000,true
baseline,1,mybatis_union_raw,6,3824,3097.228,5200.000,true
baseline,1,positional_derived,6,1925,8819.169,15296.000,true
baseline,1,named_naming_NO_CHANGE,6,4177,4563.730,9624.000,true
baseline,1,named_join_using,6,9639,993.423,3512.000,true
baseline,1,named_naming_SCREAMING_SNAKE_CASE,6,3164,6225.664,10600.000,true
baseline,1,positional_batch_64,6,288,18055.208,72176.000,true
baseline,1,positional_join_on,6,11993,1576.086,3832.000,true
baseline,1,raw_select_star,6,36183,265.702,1424.000,true
baseline,1,named_delete,6,27204,491.424,1960.000,true
baseline,1,positional_repeated_names,6,1201,15051.624,30360.000,true
baseline,1,positional_late_modifier,6,28331,682.154,2360.000,true
baseline,1,raw_union_builder,6,2252,5171.092,10160.000,true
baseline,1,named_retry_rollback,6,3066,4373.483,8264.000,true
baseline,1,named_dialect_DB2,6,15773,1312.046,4320.000,true
baseline,1,raw_mixed_literals,6,7624,1436.267,3192.000,true
baseline,1,positional_naming_KEBAB_CASE,6,2311,4429.857,5888.000,true
baseline,1,mybatis_subquery_raw,6,21708,638.539,2272.000,true
baseline,1,positional_in_1024,6,1710,14833.801,28504.000,true
baseline,1,raw_naming_NO_CHANGE,6,4884,4281.532,7880.000,true
baseline,1,named_in_expression,6,558,28663.799,90680.000,true
baseline,1,named_select_entity,6,18463,575.345,2000.000,true
baseline,1,mybatis_in_expression,6,527,23045.161,66656.000,true
baseline,1,mybatis_batch_beans,6,2561,7951.386,22080.000,true
baseline,1,positional_in_16,6,25849,920.918,2656.000,true
baseline,1,mybatis_in_256,6,494,22631.781,66616.000,true
baseline,1,mybatis_in_16,6,4921,2025.483,6128.000,true
baseline,1,mybatis_join_using,6,11695,1021.419,3352.000,true
baseline,1,positional_between,6,13873,1146.796,3056.000,true
baseline,1,named_late_modifier,6,13005,848.458,2816.000,true
baseline,1,raw_insert_entity,6,12370,940.340,2176.000,false
baseline,1,mybatis_select_expressions,6,7183,2246.165,2728.000,true
baseline,1,mybatis_batch_64,6,296,33705.405,118896.000,true
baseline,1,named_in_17,6,6903,2596.234,7888.000,true
baseline,1,raw_in_1024,6,150,87528.667,220248.000,true
baseline,1,named_subquery_structured,6,6249,1762.970,5488.000,true
baseline,1,mybatis_subquery_structured,6,4860,1637.778,5232.000,true
baseline,1,named_batch_64,6,248,40114.919,134912.000,true
baseline,1,named_union_raw,6,3080,3377.500,5200.000,true
baseline,1,positional_update_chain_16,6,2897,6613.704,22360.000,true
baseline,1,raw_where_128,6,291,43563.230,56496.000,true
baseline,1,named_dialect_MySQL,6,14758,1548.204,4144.000,true
baseline,1,named_batch_4,6,5039,3097.658,9736.000,true
baseline,1,positional_where_16,6,5005,4385.095,5888.000,true
baseline,1,named_select_star,6,76273,276.108,1424.000,true
baseline,1,mybatis_late_modifier,6,18022,737.476,2656.000,true
baseline,1,mybatis_row_in,6,9453,1284.280,3608.000,true
baseline,1,named_naming_CAMEL_CASE,6,4321,5064.730,9624.000,true
baseline,1,raw_update_chain_16,6,1878,8108.733,25448.000,true
baseline,1,raw_in_16,6,7811,1914.480,5600.000,true
baseline,1,mybatis_join_on,6,9263,1938.854,4128.000,true
baseline,1,named_subquery_raw,6,31443,695.051,2272.000,true
baseline,1,mybatis_insert_placeholders,6,5339,985.484,2584.000,true
baseline,1,raw_row_in,6,15946,1289.910,3136.000,true
baseline,1,named_repeated_names,6,434,27357.604,64920.000,true
baseline,1,mybatis_raw_expression,6,6499,1510.909,2624.000,true
baseline,1,mybatis_between,6,7939,1453.319,3544.000,true
baseline,1,raw_select_expressions,6,4987,2233.206,2728.000,true
baseline,1,raw_in_expression,6,864,20206.597,56616.000,true
baseline,1,named_derived,6,992,10608.569,17800.000,true
baseline,1,positional_dialect_PostgreSQL,6,16510,1063.543,3360.000,true
baseline,1,mybatis_select_star,6,41880,268.295,1424.000,true
baseline,1,positional_condition_only,6,4577,3833.537,4872.000,true
baseline,1,mybatis_repeated_names,6,442,23990.045,52872.000,true
baseline,1,raw_subquery_raw,6,13911,572.044,2272.000,true
baseline,1,raw_where_eq,6,14285,987.392,2784.000,true
baseline,1,raw_batch_beans,6,1864,5731.223,16896.000,false
baseline,1,named_insert_placeholders,6,9805,1068.475,2888.000,true
baseline,1,named_insert_entity,6,17066,898.166,2760.000,true
baseline,1,mybatis_select_entity,6,22235,562.312,2000.000,true
baseline,1,raw_update_map,6,11441,1352.023,3592.000,false
baseline,1,positional_insert_entity,6,30740,627.105,1816.000,true
baseline,1,named_where_128,6,375,43575.733,71280.000,true
baseline,1,positional_batch_4,6,6010,2095.724,5968.000,true
baseline,1,positional_batch_beans,6,1823,3482.776,10464.000,true
baseline,1,named_naming_KEBAB_CASE,6,3095,6202.940,10584.000,true
baseline,1,named_in_256,6,618,27836.731,90712.000,true
baseline,1,named_dialect_Microsoft_SQL_Server,6,14065,1620.156,4320.000,true
baseline,1,mybatis_where_eq,6,9141,1028.443,2960.000,true
baseline,1,raw_late_modifier,6,17946,725.343,2480.000,true
baseline,1,raw_select_columns,6,13544,791.738,1952.000,true
baseline,1,raw_naming_KEBAB_CASE,6,3138,5331.358,8840.000,true
baseline,1,mybatis_where_128,6,261,44322.989,58208.000,true
baseline,1,custom_handler_where,6,3489,6777.673,10616.000,true
baseline,1,raw_naming_CAMEL_CASE,6,5129,4223.903,7880.000,true
baseline,1,positional_naming_SCREAMING_SNAKE_CASE,6,4141,4467.037,5904.000,true
baseline,1,raw_in_17,6,5120,2137.988,5816.000,true
baseline,1,named_mixed_literals,6,9814,1424.934,3768.000,true
baseline,1,raw_select_entity,6,24631,594.422,2000.000,true
baseline,1,raw_nested,6,7799,1229.388,3280.000,true
baseline,1,mybatis_batch_4,6,6252,2695.074,8784.000,true
baseline,1,named_batch_beans,6,1325,9136.906,26064.000,true
baseline,1,positional_in_17,6,22578,790.659,2672.000,true
baseline,1,mybatis_where_16,6,1163,5471.711,8984.000,true
baseline,1,raw_raw_expression,6,12170,1519.655,2624.000,true
baseline,1,raw_group_order,6,3206,3558.983,6432.000,true
baseline,1,mybatis_insert_values,6,14715,1021.026,2744.000,true
baseline,1,mybatis_naming_NO_CHANGE,6,4288,4366.045,8024.000,true
baseline,1,named_select_expressions,6,9030,2095.227,2728.000,true
baseline,1,raw_join_using,6,18981,916.111,3176.000,true
baseline,1,positional_nested,6,15765,1339.676,2952.000,true
baseline,1,named_dialect_Oracle,6,10376,1521.540,4272.000,true
baseline,1,positional_join_using,6,21884,990.865,3056.000,true
baseline,1,named_update_chain_16,6,664,18689.157,47000.000,true
baseline,1,positional_pagination,6,14009,1250.653,3288.000,true
baseline,1,raw_delete,6,41605,511.854,1624.000,true
baseline,1,mybatis_select_columns,6,11603,1052.917,1952.000,true
baseline,1,raw_insert_values,6,11197,1603.188,2464.000,false
baseline,1,positional_select_columns,6,27005,1383.892,1952.000,true
baseline,1,positional_subquery_structured,6,13905,2568.177,4704.000,true
baseline,1,named_insert_values,6,10802,1682.253,3048.000,true
baseline,1,positional_insert_values,6,22213,1086.440,2104.000,true
baseline,1,mybatis_derived,6,861,14227.991,17144.000,true
baseline,1,named_select_columns,6,19027,1297.656,1952.000,true
baseline,1,positional_select_star,6,46231,430.687,1424.000,true
baseline,1,positional_raw_expression,6,12856,2054.317,2624.000,true
baseline,1,custom_handler_union,6,1718,12317.113,16536.000,true
baseline,1,positional_group_order,6,4699,3562.332,6336.000,true
baseline,1,named_where_eq,6,19046,1225.795,3120.000,true
baseline,1,named_nested,6,6549,1725.164,3648.000,true
baseline,1,mybatis_in_1024,6,128,107865.625,256896.000,true
baseline,1,positional_union_builder,6,3521,6265.550,9768.000,true
baseline,1,named_raw_expression,6,5817,1825.443,2624.000,true
baseline,1,named_group_order,6,2360,6873.559,7688.000,true
baseline,1,positional_dialect_Microsoft_SQL_Server,6,15937,2123.637,3544.000,true
baseline,1,raw_condition_only,6,3976,5825.528,7816.000,true
baseline,1,named_pagination,6,9396,1432.950,4072.000,true
baseline,1,named_naming_UPPER_CAMEL_CASE,6,3257,7252.103,10584.000,true
baseline,1,mybatis_mixed_literals,6,10230,1648.993,3432.000,true
baseline,1,raw_between,6,12888,1433.264,3384.000,true
baseline,1,named_update_map,6,6189,2227.727,4752.000,true
baseline,1,mybatis_in_17,6,5667,3386.624,6344.000,true
baseline,1,raw_union_raw,6,5527,4690.555,5200.000,true
baseline,1,mybatis_naming_KEBAB_CASE,6,3278,7341.763,8984.000,true
baseline,1,positional_retry_rollback,6,4311,3969.033,5872.000,true
baseline,1,raw_insert_placeholders,6,26991,710.077,1944.000,true
baseline,1,raw_retry_rollback,6,7088,3871.755,6376.000,true
baseline,1,positional_union_raw,6,4430,4567.562,5200.000,true
baseline,1,raw_update_map,7,11441,1819.771,3592.000,false
baseline,1,mybatis_naming_CAMEL_CASE,7,3986,6411.766,8024.000,true
baseline,1,positional_update_map,7,13084,3430.702,3024.000,true
baseline,1,positional_dialect_MySQL,7,14044,1830.639,3360.000,true
baseline,1,mybatis_union_builder,7,868,16075.461,16648.000,true
baseline,1,named_in_expression,7,558,45218.280,90680.000,true
baseline,1,named_join_using,7,9639,1610.302,3512.000,true
baseline,1,named_select_expressions,7,9030,3731.285,2728.000,true
baseline,1,mybatis_raw_expression,7,6499,1876.181,2624.000,true
baseline,1,positional_select_columns,7,27005,1423.547,1952.000,true
baseline,1,positional_where_16,7,5005,7762.517,5888.000,true
baseline,1,positional_in_256,7,5399,5599.018,9576.000,true
baseline,1,positional_delete,7,57878,490.007,1504.000,true
baseline,1,named_naming_NO_CHANGE,7,4177,5218.937,9624.000,true
baseline,1,raw_where_16,7,1994,5582.497,8840.000,true
baseline,1,mybatis_retry_rollback,7,2735,4671.042,7568.000,true
baseline,1,mybatis_where_128,7,261,53810.345,58208.000,true
baseline,1,positional_between,7,13873,1210.510,3056.000,true
baseline,1,raw_nested,7,7799,1621.413,3280.000,true
baseline,1,raw_row_in,7,15946,1818.481,3136.000,true
baseline,1,named_select_columns,7,19027,1017.722,1952.000,true
baseline,1,positional_group_order,7,4699,3778.825,6336.000,true
baseline,1,raw_insert_entity,7,12370,1071.205,2176.000,false
baseline,1,named_late_modifier,7,13005,808.835,2816.000,true
baseline,1,raw_in_1024,7,150,91648.000,220248.000,true
baseline,1,positional_late_modifier,7,28331,746.109,2360.000,true
baseline,1,mybatis_row_in,7,9453,1499.788,3608.000,true
baseline,1,raw_select_expressions,7,4987,2210.327,2728.000,true
baseline,1,raw_in_17,7,5120,1920.352,5816.000,true
baseline,1,mybatis_join_on,7,9263,1760.931,4128.000,true
baseline,1,named_row_in,7,8062,1365.058,4016.000,true
baseline,1,positional_pagination,7,14009,1009.829,3288.000,true
baseline,1,mybatis_mixed_literals,7,10230,1606.129,3432.000,true
baseline,1,positional_where_eq,7,22735,986.664,2664.000,true
baseline,1,raw_select_columns,7,13544,895.400,1952.000,true
baseline,1,mybatis_in_expression,7,527,23883.491,66656.000,true
baseline,1,mybatis_group_order,7,3104,3959.955,7264.000,true
baseline,1,named_insert_values,7,10802,1159.776,3048.000,true
baseline,1,positional_naming_CAMEL_CASE,7,6484,3335.379,4928.000,true
baseline,1,positional_insert_placeholders,7,28329,703.975,1944.000,true
baseline,1,positional_raw_expression,7,12856,1666.459,2624.000,true
baseline,1,mybatis_condition_only,7,2366,5449.831,7960.000,true
baseline,1,raw_subquery_raw,7,13911,688.304,2272.000,true
baseline,1,positional_batch_4,7,6010,2274.659,5968.000,true
baseline,1,positional_row_in,7,14111,1061.838,2624.000,true
baseline,1,raw_insert_values,7,11197,1169.188,2464.000,false
baseline,1,named_batch_beans,7,1325,9457.811,26064.000,true
baseline,1,named_nested,7,6549,1499.939,3648.000,true
baseline,1,positional_in_17,7,22578,1024.316,2672.000,true
baseline,1,named_select_star,7,76273,409.470,1424.000,true
baseline,1,named_naming_SCREAMING_SNAKE_CASE,7,3164,11616.182,10600.000,true
baseline,1,mybatis_union_raw,7,3824,5376.229,5200.000,true
baseline,1,positional_retry_rollback,7,4311,4578.938,5872.000,true
baseline,1,mybatis_late_modifier,7,18022,1340.573,2656.000,true
baseline,1,raw_update_chain_16,7,1878,9986.102,25448.000,true
baseline,1,mybatis_where_16,7,1163,6935.856,8984.000,true
baseline,1,positional_naming_UPPER_CAMEL_CASE,7,4381,5271.742,5888.000,true
baseline,1,raw_delete,7,41605,576.681,1624.000,true
baseline,1,named_insert_entity,7,17066,1017.766,2760.000,true
baseline,1,mybatis_naming_UPPER_CAMEL_CASE,7,3474,6389.493,8984.000,true
baseline,1,positional_select_expressions,7,5453,2301.009,2728.000,true
baseline,1,mybatis_select_star,7,41880,304.479,1424.000,true
baseline,1,raw_pagination,7,16225,1136.296,3400.000,true
baseline,1,positional_naming_SCREAMING_SNAKE_CASE,7,4141,5217.580,5904.000,true
baseline,1,named_between,7,14086,1595.904,3800.000,true
baseline,1,mybatis_select_expressions,7,7183,2432.828,2728.000,true
baseline,1,raw_batch_4,7,5472,2727.102,7584.000,false
baseline,1,mybatis_update_chain_16,7,667,14167.916,39936.000,true
baseline,1,named_where_16,7,2038,6944.897,10584.000,true
baseline,1,raw_late_modifier,7,17946,803.717,2480.000,true
baseline,1,mybatis_repeated_names,7,442,29094.118,52872.000,true
baseline,1,raw_naming_KEBAB_CASE,7,3138,6276.737,8840.000,true
baseline,1,mybatis_pagination,7,9069,1322.296,3808.000,true
baseline,1,raw_naming_UPPER_CAMEL_CASE,7,2489,6789.353,8840.000,true
baseline,1,positional_dialect_Oracle,7,19799,1371.918,3496.000,true
baseline,1,mybatis_update_map,7,6109,3449.288,4200.000,true
baseline,1,named_naming_UPPER_CAMEL_CASE,7,3257,9614.922,10584.000,true
baseline,1,positional_select_entity,7,36461,713.626,2000.000,true
baseline,1,named_subquery_raw,7,31443,705.970,2272.000,true
baseline,1,named_naming_KEBAB_CASE,7,3095,9206.042,10584.000,true
baseline,1,mybatis_select_entity,7,22235,1280.000,2000.000,true
baseline,1,positional_dialect_PostgreSQL,7,16510,1520.866,3360.000,true
baseline,1,positional_repeated_names,7,1201,21662.781,30360.000,true
baseline,1,mybatis_naming_KEBAB_CASE,7,3278,6781.910,8984.000,true
baseline,1,raw_subquery_structured,7,14782,1579.962,4616.000,true
baseline,1,raw_group_order,7,3206,3680.193,6432.000,true
baseline,1,positional_in_16,7,25849,856.950,2656.000,true
baseline,1,mybatis_where_eq,7,9141,1050.279,2960.000,true
baseline,1,named_dialect_Microsoft_SQL_Server,7,14065,1752.947,4320.000,true
baseline,1,positional_mixed_literals,7,14384,1213.870,2800.000,true
baseline,1,mybatis_between,7,7939,1393.752,3544.000,true
baseline,1,named_dialect_DB2,7,15773,1753.883,4320.000,true
baseline,1,named_in_17,7,6903,2849.790,7888.000,true
baseline,1,mybatis_in_1024,7,128,124976.563,256896.000,true
baseline,1,raw_between,7,12888,1832.581,3384.000,true
baseline,1,mybatis_subquery_structured,7,4860,2066.811,5232.000,true
baseline,1,named_repeated_names,7,434,44174.654,64920.000,true
baseline,1,raw_join_using,7,18981,1237.922,3176.000,true
baseline,1,named_group_order,7,2360,6119.619,7688.000,true
baseline,1,mybatis_derived,7,861,15785.947,17144.000,true
baseline,1,named_in_256,7,618,29494.822,90712.000,true
baseline,1,named_where_128,7,375,51150.133,71280.000,true
baseline,1,raw_in_256,7,483,22885.300,56640.000,true
baseline,1,positional_insert_entity,7,30740,687.251,1816.000,true
baseline,1,positional_derived,7,1925,11496.519,15296.000,true
baseline,1,raw_naming_SCREAMING_SNAKE_CASE,7,3686,7636.761,8856.000,true
baseline,1,raw_naming_CAMEL_CASE,7,5129,6725.619,7880.000,true
baseline,1,raw_batch_64,7,689,39091.437,97344.000,false
baseline,1,mybatis_join_using,7,11695,1254.237,3352.000,true
baseline,1,raw_in_expression,7,864,25954.977,56616.000,true
baseline,1,mybatis_naming_SCREAMING_SNAKE_CASE,7,3275,8004.153,9000.000,true
baseline,1,raw_repeated_names,7,855,32101.404,53896.000,true
baseline,1,positional_condition_only,7,4577,6061.044,4872.000,true
baseline,1,positional_naming_KEBAB_CASE,7,2311,5486.110,5888.000,true
baseline,1,positional_select_star,7,46231,339.612,1424.000,true
baseline,1,named_in_16,7,8039,2786.901,7600.000,true
baseline,1,raw_union_raw,7,5527,4002.026,5200.000,true
baseline,1,named_retry_rollback,7,3066,5050.196,8264.000,true
baseline,1,named_update_chain_16,7,664,20648.795,47000.000,true
baseline,1,mybatis_insert_values,7,14715,1239.810,2744.000,true
baseline,1,mybatis_insert_placeholders,7,5339,1030.343,2584.000,true
baseline,1,positional_join_on,7,11993,1818.819,3832.000,true
baseline,1,named_where_eq,7,19046,1006.768,3120.000,true
baseline,1,mybatis_nested,7,10657,1260.345,3416.000,true
baseline,1,named_dialect_PostgreSQL,7,12719,1352.960,4144.000,true
baseline,1,custom_handler_where,7,3489,5794.870,10616.000,true
baseline,1,positional_union_raw,7,4430,3124.131,5200.000,true
baseline,1,raw_where_128,7,291,38911.340,56496.000,true
baseline,1,named_batch_64,7,248,34489.516,134912.000,true
baseline,1,positional_update_chain_16,7,2897,6926.959,22360.000,true
baseline,1,named_pagination,7,9396,1170.573,4072.000,true
baseline,1,raw_retry_rollback,7,7088,3422.841,6376.000,true
baseline,1,mybatis_batch_64,7,296,33393.243,118896.000,true
baseline,1,mybatis_insert_entity,7,9145,952.313,2456.000,true
baseline,1,raw_join_on,7,8105,1683.886,3952.000,true
baseline,1,custom_handler_union,7,1718,10081.665,16536.000,true
baseline,1,named_dialect_Oracle,7,10376,1334.975,4272.000,true
baseline,1,raw_batch_beans,7,1864,6313.251,16896.000,false
baseline,1,mybatis_in_256,7,494,22623.077,66616.000,true
baseline,1,named_delete,7,27204,527.206,1960.000,true
baseline,1,raw_insert_placeholders,7,26991,699.115,1944.000,true
baseline,1,raw_where_eq,7,14285,975.247,2784.000,true
baseline,1,raw_condition_only,7,3976,4512.701,7816.000,true
baseline,1,positional_insert_values,7,22213,797.065,2104.000,true
baseline,1,named_in_1024,7,133,122590.977,353216.000,true
baseline,1,positional_union_builder,7,3521,5395.626,9768.000,true
baseline,1,raw_naming_NO_CHANGE,7,4884,4434.971,7880.000,true
baseline,1,named_mixed_literals,7,9814,1436.468,3768.000,true
baseline,1,positional_dialect_Microsoft_SQL_Server,7,15937,1229.184,3544.000,true
baseline,1,raw_select_entity,7,24631,563.842,2000.000,true
baseline,1,named_naming_CAMEL_CASE,7,4321,4827.447,9624.000,true
baseline,1,positional_subquery_raw,7,22310,562.721,2272.000,true
baseline,1,mybatis_naming_NO_CHANGE,7,4288,4433.955,8024.000,true
baseline,1,named_insert_placeholders,7,9805,940.857,2888.000,true
baseline,1,named_subquery_structured,7,6249,1795.999,5488.000,true
baseline,1,positional_subquery_structured,7,13905,1538.454,4704.000,true
baseline,1,raw_raw_expression,7,12170,1615.234,2624.000,true
baseline,1,raw_union_builder,7,2252,5739.254,10160.000,true
baseline,1,mybatis_delete,7,23794,424.183,1808.000,true
baseline,1,mybatis_batch_4,7,6252,2787.844,8784.000,true
baseline,1,named_union_builder,7,1072,10122.388,17272.000,true
baseline,1,named_derived,7,992,11285.282,17800.000,true
baseline,1,mybatis_subquery_raw,7,21708,703.409,2272.000,true
baseline,1,positional_naming_NO_CHANGE,7,4508,3118.589,4928.000,true
baseline,1,positional_nested,7,15765,1127.028,2952.000,true
baseline,1,mybatis_in_16,7,4921,1863.117,6128.000,true
baseline,1,named_select_entity,7,18463,565.406,2000.000,true
baseline,1,mybatis_batch_beans,7,2561,7427.841,22080.000,true
baseline,1,positional_batch_beans,7,1823,3871.146,10464.000,true
baseline,1,named_join_on,7,6996,1670.955,4288.000,true
baseline,1,named_dialect_MySQL,7,14758,1369.095,4144.000,true
baseline,1,named_union_raw,7,3080,3415.682,5200.000,true
baseline,1,positional_in_1024,7,1710,14804.854,28504.000,true
baseline,1,named_batch_4,7,5039,3229.609,9736.000,true
baseline,1,positional_in_expression,7,4939,4746.669,9760.000,true
baseline,1,positional_batch_64,7,288,19222.569,72176.000,true
baseline,1,named_raw_expression,7,5817,1526.509,2624.000,true
baseline,1,mybatis_in_17,7,5667,2024.087,6344.000,true
baseline,1,named_update_map,7,6189,1774.196,4752.000,true
baseline,1,positional_dialect_DB2,7,19236,1168.647,3544.000,true
baseline,1,raw_select_star,7,36183,257.240,1424.000,true
baseline,1,mybatis_select_columns,7,11603,787.676,1952.000,true
baseline,1,positional_where_128,7,580,31749.138,32808.000,true
baseline,1,named_condition_only,7,1932,5622.930,9560.000,true
baseline,1,raw_in_16,7,7811,1765.766,5600.000,true
baseline,1,raw_derived,7,2058,8925.073,15848.000,true
baseline,1,raw_mixed_literals,7,7624,1499.410,3192.000,true
baseline,1,positional_join_using,7,21884,838.220,3056.000,true
baseline,1,raw_insert_entity,8,12370,914.099,2176.000,false
baseline,1,named_update_chain_16,8,664,18215.663,47000.000,true
baseline,1,positional_condition_only,8,4577,3718.112,4872.000,true
baseline,1,raw_in_17,8,5120,1953.301,5816.000,true
baseline,1,raw_select_entity,8,24631,549.787,2000.000,true
baseline,1,named_select_star,8,76273,285.776,1424.000,true
baseline,1,raw_retry_rollback,8,7088,3921.346,6376.000,true
baseline,1,raw_repeated_names,8,855,23469.825,53896.000,true
baseline,1,raw_between,8,12888,1227.273,3384.000,true
baseline,1,positional_derived,8,1925,8695.273,15296.000,true
baseline,1,raw_delete,8,41605,400.844,1624.000,true
baseline,1,mybatis_pagination,8,9069,1073.988,3808.000,true
baseline,1,named_group_order,8,2360,3479.958,7688.000,true
baseline,1,raw_batch_beans,8,1864,6739.485,16896.000,false
baseline,1,positional_dialect_Oracle,8,19799,986.282,3496.000,true
baseline,1,positional_where_128,8,580,32142.586,32808.000,true
baseline,1,mybatis_subquery_structured,8,4860,1675.309,5232.000,true
baseline,1,positional_naming_NO_CHANGE,8,4508,3174.379,4928.000,true
baseline,1,positional_dialect_Microsoft_SQL_Server,8,15937,1308.860,3544.000,true
baseline,1,named_dialect_MySQL,8,14758,1376.589,4144.000,true
baseline,1,positional_select_entity,8,36461,578.177,2000.000,true
baseline,1,raw_where_eq,8,14285,1014.778,2784.000,true
baseline,1,positional_delete,8,57878,382.964,1504.000,true
baseline,1,mybatis_naming_KEBAB_CASE,8,3278,5976.144,8984.000,true
baseline,1,raw_late_modifier,8,17946,750.290,2480.000,true
baseline,1,mybatis_in_17,8,5667,2039.474,6344.000,true
baseline,1,named_where_16,8,2038,6460.500,10584.000,true
baseline,1,mybatis_insert_placeholders,8,5339,980.521,2584.000,true
baseline,1,raw_update_map,8,11441,1373.796,3592.000,false
baseline,1,positional_insert_placeholders,8,28329,760.341,1944.000,true
baseline,1,mybatis_union_builder,8,868,11514.286,16648.000,true
baseline,1,raw_subquery_raw,8,13911,632.694,2272.000,true
baseline,1,mybatis_where_16,8,1163,6183.749,8984.000,true
baseline,1,positional_batch_64,8,288,18947.917,72176.000,true
baseline,1,raw_where_16,8,1994,5555.165,8840.000,true
baseline,1,mybatis_naming_SCREAMING_SNAKE_CASE,8,3275,6069.863,9000.000,true
baseline,1,positional_batch_4,8,6010,2302.779,5968.000,true
baseline,1,named_dialect_PostgreSQL,8,12719,1448.038,4144.000,true
baseline,1,positional_group_order,8,4699,3392.658,6336.000,true
baseline,1,raw_in_1024,8,150,86726.667,220248.000,true
baseline,1,raw_where_128,8,291,42779.725,56496.000,true
baseline,1,positional_naming_SCREAMING_SNAKE_CASE,8,4141,4834.847,5904.000,true
baseline,1,mybatis_update_map,8,6109,1611.753,4200.000,true
baseline,1,named_raw_expression,8,5817,1781.502,2624.000,true
baseline,1,named_where_eq,8,19046,1032.863,3120.000,true
baseline,1,named_condition_only,8,1932,5748.395,9560.000,true
baseline,1,mybatis_late_modifier,8,18022,799.112,2656.000,true
baseline,1,raw_derived,8,2058,8757.532,15848.000,true
baseline,1,named_in_17,8,6903,2231.551,7888.000,true
baseline,1,named_subquery_raw,8,31443,554.712,2272.000,true
baseline,1,named_union_builder,8,1072,9780.410,17272.000,true
baseline,1,mybatis_insert_values,8,14715,1222.290,2744.000,true
baseline,1,named_select_columns,8,19027,756.399,1952.000,true
baseline,1,mybatis_derived,8,861,12736.121,17144.000,true
baseline,1,named_repeated_names,8,434,29520.046,64920.000,true
baseline,1,mybatis_batch_beans,8,2561,7918.352,22080.000,true
baseline,1,named_late_modifier,8,13005,802.445,2816.000,true
baseline,1,mybatis_select_star,8,41880,268.173,1424.000,true
baseline,1,named_between,8,14086,1354.941,3800.000,true
baseline,1,raw_group_order,8,3206,3775.764,6432.000,true
baseline,1,positional_naming_UPPER_CAMEL_CASE,8,4381,4544.716,5888.000,true
baseline,1,raw_in_256,8,483,20836.646,56640.000,true
baseline,1,positional_in_256,8,5399,4325.042,9576.000,true
baseline,1,positional_where_16,8,5005,5394.106,5888.000,true
baseline,1,raw_subquery_structured,8,14782,1462.901,4616.000,true
baseline,1,mybatis_condition_only,8,2366,5520.837,7960.000,true
baseline,1,positional_update_map,8,13084,1004.150,3024.000,true
baseline,1,raw_select_columns,8,13544,741.546,1952.000,true
baseline,1,mybatis_row_in,8,9453,1417.941,3608.000,true
baseline,1,positional_dialect_DB2,8,19236,1073.503,3544.000,true
baseline,1,raw_union_builder,8,2252,5098.757,10160.000,true
baseline,1,positional_mixed_literals,8,14384,1094.362,2800.000,true
baseline,1,raw_select_expressions,8,4987,2316.182,2728.000,true
baseline,1,mybatis_in_256,8,494,21134.818,66616.000,true
baseline,1,mybatis_union_raw,8,3824,3210.042,5200.000,true
baseline,1,mybatis_where_eq,8,9141,985.516,2960.000,true
baseline,1,named_insert_entity,8,17066,1110.166,2760.000,true
baseline,1,mybatis_mixed_literals,8,10230,1396.491,3432.000,true
baseline,1,raw_update_chain_16,8,1878,8694.835,25448.000,true
baseline,1,raw_insert_placeholders,8,26991,685.384,1944.000,true
baseline,1,mybatis_in_1024,8,128,92186.719,256896.000,true
baseline,1,named_naming_SCREAMING_SNAKE_CASE,8,3164,6246.523,10600.000,true
baseline,1,raw_batch_4,8,5472,2490.186,7584.000,false
baseline,1,mybatis_select_expressions,8,7183,2261.200,2728.000,true
baseline,1,named_where_128,8,375,43311.200,71280.000,true
baseline,1,mybatis_join_using,8,11695,961.334,3352.000,true
baseline,1,named_dialect_Microsoft_SQL_Server,8,14065,1810.643,4320.000,true
baseline,1,positional_nested,8,15765,1136.689,2952.000,true
baseline,1,named_in_256,8,618,28211.003,90712.000,true
baseline,1,named_in_16,8,8039,2240.702,7600.000,true
baseline,1,raw_raw_expression,8,12170,1632.317,2624.000,true
baseline,1,mybatis_naming_CAMEL_CASE,8,3986,4471.626,8024.000,true
baseline,1,mybatis_retry_rollback,8,2735,5842.267,7568.000,true
baseline,1,named_insert_values,8,10802,1116.201,3048.000,true
baseline,1,mybatis_select_entity,8,22235,632.503,2000.000,true
baseline,1,mybatis_delete,8,23794,402.181,1808.000,true
baseline,1,positional_insert_entity,8,30740,623.582,1816.000,true
baseline,1,mybatis_subquery_raw,8,21708,606.182,2272.000,true
baseline,1,positional_naming_KEBAB_CASE,8,2311,4383.860,5888.000,true
baseline,1,positional_update_chain_16,8,2897,6196.824,22360.000,true
baseline,1,named_naming_UPPER_CAMEL_CASE,8,3257,6557.231,10584.000,true
baseline,1,mybatis_raw_expression,8,6499,1483.305,2624.000,true
baseline,1,named_in_expression,8,558,29610.036,90680.000,true
baseline,1,named_mixed_literals,8,9814,1480.202,3768.000,true
baseline,1,positional_select_star,8,46231,272.847,1424.000,true
baseline,1,raw_join_on,8,8105,1853.683,3952.000,true
baseline,1,named_delete,8,27204,516.575,1960.000,true
baseline,1,raw_naming_SCREAMING_SNAKE_CASE,8,3686,5041.373,8856.000,true
baseline,1,named_pagination,8,9396,1351.522,4072.000,true
baseline,1,mybatis_batch_4,8,6252,2881.990,8784.000,true
baseline,1,positional_in_expression,8,4939,4723.770,9760.000,true
baseline,1,named_join_using,8,9639,990.850,3512.000,true
baseline,1,named_select_entity,8,18463,526.865,2000.000,true
baseline,1,raw_batch_64,8,689,28667.925,97344.000,false
baseline,1,raw_row_in,8,15946,1133.632,3136.000,true
baseline,1,raw_in_expression,8,864,21572.569,56616.000,true
baseline,1,raw_insert_values,8,11197,1050.344,2464.000,false
baseline,1,positional_in_17,8,22578,810.718,2672.000,true
baseline,1,positional_subquery_structured,8,13905,1450.708,4704.000,true
baseline,1,positional_union_raw,8,4430,3510.926,5200.000,true
baseline,1,mybatis_where_128,8,261,45607.663,58208.000,true
baseline,1,raw_naming_UPPER_CAMEL_CASE,8,2489,5539.855,8840.000,true
baseline,1,named_row_in,8,8062,1320.454,4016.000,true
baseline,1,raw_join_using,8,18981,947.168,3176.000,true
baseline,1,named_dialect_DB2,8,15773,1474.158,4320.000,true
baseline,1,positional_batch_beans,8,1823,4411.300,10464.000,true
baseline,1,named_nested,8,6549,1370.652,3648.000,true
baseline,1,positional_retry_rollback,8,4311,2830.063,5872.000,true
baseline,1,raw_union_raw,8,5527,3264.357,5200.000,true
baseline,1,named_batch_beans,8,1325,8716.679,26064.000,true
baseline,1,raw_mixed_literals,8,7624,1669.386,3192.000,true
baseline,1,positional_join_using,8,21884,844.329,3056.000,true
baseline,1,named_retry_rollback,8,3066,4369.113,8264.000,true
baseline,1,positional_in_1024,8,1710,14752.339,28504.000,true
baseline,1,named_naming_NO_CHANGE,8,4177,4634.642,9624.000,true
baseline,1,named_select_expressions,8,9030,2358.350,2728.000,true
baseline,1,positional_union_builder,8,3521,5080.943,9768.000,true
baseline,1,mybatis_join_on,8,9263,1648.440,4128.000,true
baseline,1,mybatis_repeated_names,8,442,26884.389,52872.000,true
baseline,1,positional_between,8,13873,1047.625,3056.000,true
baseline,1,positional_repeated_names,8,1201,16629.309,30360.000,true
baseline,1,named_union_raw,8,3080,3316.558,5200.000,true
baseline,1,positional_raw_expression,8,12856,1679.947,2624.000,true
baseline,1,positional_where_eq,8,22735,898.795,2664.000,true
baseline,1,mybatis_update_chain_16,8,667,13022.189,39936.000,true
baseline,1,mybatis_group_order,8,3104,3884.923,7264.000,true
baseline,1,positional_subquery_raw,8,22310,572.524,2272.000,true
baseline,1,raw_nested,8,7799,1311.066,3280.000,true
baseline,1,raw_naming_CAMEL_CASE,8,5129,4157.789,7880.000,true
baseline,1,mybatis_batch_64,8,296,34748.649,118896.000,true
baseline,1,named_subquery_structured,8,6249,1600.368,5488.000,true
baseline,1,raw_in_16,8,7811,2200.871,5600.000,true
baseline,1,mybatis_nested,8,10657,1285.446,3416.000,true
baseline,1,mybatis_select_columns,8,11603,796.320,1952.000,true
baseline,1,positional_row_in,8,14111,905.400,2624.000,true
baseline,1,positional_dialect_MySQL,8,14044,1026.417,3360.000,true
baseline,1,raw_naming_KEBAB_CASE,8,3138,5275.366,8840.000,true
baseline,1,mybatis_in_expression,8,527,21866.983,66656.000,true
baseline,1,named_batch_64,8,248,35635.081,134912.000,true
baseline,1,named_update_map,8,6189,1768.848,4752.000,true
baseline,1,named_naming_KEBAB_CASE,8,3095,6450.824,10584.000,true
baseline,1,mybatis_between,8,7939,1298.438,3544.000,true
baseline,1,raw_naming_NO_CHANGE,8,4884,4330.016,7880.000,true
baseline,1,positional_dialect_PostgreSQL,8,16510,1057.123,3360.000,true
baseline,1,positional_in_16,8,25849,849.406,2656.000,true
baseline,1,named_naming_CAMEL_CASE,8,4321,4674.381,9624.000,true
baseline,1,mybatis_in_16,8,4921,2038.854,6128.000,true
baseline,1,positional_select_columns,8,27005,789.209,1952.000,true
baseline,1,mybatis_insert_entity,8,9145,1086.058,2456.000,true
baseline,1,positional_naming_CAMEL_CASE,8,6484,3454.704,4928.000,true
baseline,1,named_dialect_Oracle,8,10376,1332.537,4272.000,true
baseline,1,named_join_on,8,6996,1775.700,4288.000,true
baseline,1,custom_handler_union,8,1718,10566.938,16536.000,true
baseline,1,named_insert_placeholders,8,9805,970.892,2888.000,true
baseline,1,raw_condition_only,8,3976,4831.036,7816.000,true
baseline,1,named_in_1024,8,133,115919.549,353216.000,true
baseline,1,positional_select_expressions,8,5453,2022.795,2728.000,true
baseline,1,positional_pagination,8,14009,1090.670,3288.000,true
baseline,1,named_derived,8,992,10569.859,17800.000,true
baseline,1,custom_handler_where,8,3489,5721.124,10616.000,true
baseline,1,mybatis_naming_UPPER_CAMEL_CASE,8,3474,6198.935,8984.000,true
baseline,1,raw_pagination,8,16225,955.630,3400.000,true
baseline,1,positional_late_modifier,8,28331,623.271,2360.000,true
baseline,1,positional_join_on,8,11993,1736.229,3832.000,true
baseline,1,positional_insert_values,8,22213,815.685,2104.000,true
baseline,1,named_batch_4,8,5039,3212.840,9736.000,true
baseline,1,raw_select_star,8,36183,296.092,1424.000,true
baseline,1,mybatis_naming_NO_CHANGE,8,4288,4460.611,8024.000,true
baseline,1,positional_update_map,9,13084,998.800,3024.000,true
baseline,1,positional_select_columns,9,27005,815.971,1952.000,true
baseline,1,positional_insert_values,9,22213,799.775,2104.000,true
baseline,1,positional_pagination,9,14009,897.759,3288.000,true
baseline,1,raw_insert_values,9,11197,1116.737,2464.000,false
baseline,1,named_select_expressions,9,9030,2211.340,2728.000,true
baseline,1,named_derived,9,992,9936.794,17800.000,true
baseline,1,raw_in_17,9,5120,1826.367,5816.000,true
baseline,1,positional_dialect_Oracle,9,19799,1121.036,3496.000,true
baseline,1,mybatis_in_16,9,4921,1875.798,6128.000,true
baseline,1,named_row_in,9,8062,1332.783,4016.000,true
baseline,1,mybatis_select_columns,9,11603,766.121,1952.000,true
baseline,1,mybatis_naming_KEBAB_CASE,9,3278,5787.980,8984.000,true
baseline,1,positional_join_on,9,11993,1595.931,3832.000,true
baseline,1,positional_insert_entity,9,30740,671.597,1816.000,true
baseline,1,mybatis_join_on,9,9263,1707.427,4128.000,true
baseline,1,named_subquery_structured,9,6249,1651.928,5488.000,true
baseline,1,mybatis_naming_NO_CHANGE,9,4288,4555.854,8024.000,true
baseline,1,named_select_entity,9,18463,565.981,2000.000,true
baseline,1,mybatis_where_128,9,261,45663.602,58208.000,true
baseline,1,named_delete,9,27204,552.603,1960.000,true
baseline,1,positional_batch_4,9,6010,1931.464,5968.000,true
baseline,1,mybatis_subquery_raw,9,21708,690.381,2272.000,true
baseline,1,mybatis_naming_SCREAMING_SNAKE_CASE,9,3275,6446.076,9000.000,true
baseline,1,raw_batch_beans,9,1864,6218.026,16896.000,false
baseline,1,positional_where_16,9,5005,4709.031,5888.000,true
baseline,1,named_in_expression,9,558,28986.022,90680.000,true
baseline,1,mybatis_repeated_names,9,442,24788.462,52872.000,true
baseline,1,positional_condition_only,9,4577,5199.629,4872.000,true
baseline,1,raw_mixed_literals,9,7624,1654.119,3192.000,true
baseline,1,named_naming_KEBAB_CASE,9,3095,6244.782,10584.000,true
baseline,1,named_retry_rollback,9,3066,4455.936,8264.000,true
baseline,1,named_dialect_DB2,9,15773,1505.776,4320.000,true
baseline,1,raw_between,9,12888,1171.477,3384.000,true
baseline,1,named_update_map,9,6189,1738.811,4752.000,true
baseline,1,named_late_modifier,9,13005,771.703,2816.000,true
baseline,1,named_where_eq,9,19046,1011.887,3120.000,true
baseline,1,named_insert_entity,9,17066,972.155,2760.000,true
baseline,1,named_where_16,9,2038,6104.269,10584.000,true
baseline,1,named_naming_SCREAMING_SNAKE_CASE,9,3164,6349.589,10600.000,true
baseline,1,raw_nested,9,7799,1479.126,3280.000,true
baseline,1,raw_naming_UPPER_CAMEL_CASE,9,2489,5915.187,8840.000,true
baseline,1,mybatis_in_17,9,5667,2147.415,6344.000,true
baseline,1,positional_group_order,9,4699,3452.649,6336.000,true
baseline,1,positional_in_16,9,25849,881.872,2656.000,true
baseline,1,named_batch_4,9,5039,3027.763,9736.000,true
baseline,1,raw_batch_4,9,5472,2829.459,7584.000,false
baseline,1,raw_naming_NO_CHANGE,9,4884,4431.982,7880.000,true
baseline,1,mybatis_insert_values,9,14715,1240.129,2744.000,true
baseline,1,named_where_128,9,375,48640.267,71280.000,true
baseline,1,mybatis_row_in,9,9453,1363.948,3608.000,true
baseline,1,raw_in_1024,9,150,84502.000,220248.000,true
baseline,1,mybatis_nested,9,10657,1474.467,3416.000,true
baseline,1,named_raw_expression,9,5817,1630.841,2624.000,true
baseline,1,named_in_17,9,6903,2339.881,7888.000,true
baseline,1,named_join_on,9,6996,1952.830,4288.000,true
baseline,1,positional_delete,9,57878,384.257,1504.000,true
baseline,1,named_join_using,9,9639,983.359,3512.000,true
baseline,1,named_in_16,9,8039,2344.110,7600.000,true
baseline,1,mybatis_select_entity,9,22235,632.422,2000.000,true
baseline,1,named_dialect_MySQL,9,14758,1350.305,4144.000,true
baseline,1,raw_union_builder,9,2252,5769.938,10160.000,true
baseline,1,raw_select_star,9,36183,303.853,1424.000,true
baseline,1,mybatis_pagination,9,9069,1339.872,3808.000,true
baseline,1,named_repeated_names,9,434,28290.553,64920.000,true
baseline,1,positional_row_in,9,14111,952.264,2624.000,true
baseline,1,raw_retry_rollback,9,7088,4031.405,6376.000,true
baseline,1,mybatis_delete,9,23794,450.471,1808.000,true
baseline,1,raw_batch_64,9,689,28896.662,97344.000,false
baseline,1,positional_union_builder,9,3521,5535.927,9768.000,true
baseline,1,mybatis_join_using,9,11695,1003.856,3352.000,true
baseline,1,named_mixed_literals,9,9814,1678.001,3768.000,true
baseline,1,mybatis_between,9,7939,1390.175,3544.000,true
baseline,1,mybatis_in_1024,9,128,101383.594,256896.000,true
baseline,1,custom_handler_union,9,1718,10691.094,16536.000,true
baseline,1,raw_update_chain_16,9,1878,8183.227,25448.000,true
baseline,1,named_condition_only,9,1932,5650.932,9560.000,true
baseline,1,mybatis_derived,9,861,11066.202,17144.000,true
baseline,1,mybatis_in_256,9,494,22898.785,66616.000,true
baseline,1,positional_dialect_PostgreSQL,9,16510,1125.009,3360.000,true
baseline,1,named_dialect_PostgreSQL,9,12719,1567.026,4144.000,true
baseline,1,positional_naming_KEBAB_CASE,9,2311,4550.065,5888.000,true
baseline,1,raw_raw_expression,9,12170,1642.087,2624.000,true
baseline,1,raw_in_expression,9,864,21715.741,56616.000,true
baseline,1,raw_insert_placeholders,9,26991,707.910,1944.000,true
baseline,1,positional_where_eq,9,22735,955.170,2664.000,true
baseline,1,named_between,9,14086,1348.722,3800.000,true
baseline,1,raw_subquery_raw,9,13911,600.927,2272.000,true
baseline,1,raw_pagination,9,16225,1092.709,3400.000,true
baseline,1,named_dialect_Microsoft_SQL_Server,9,14065,1597.078,4320.000,true
baseline,1,mybatis_retry_rollback,9,2735,4299.854,7568.000,true
baseline,1,mybatis_group_order,9,3104,3930.155,7264.000,true
baseline,1,positional_batch_64,9,288,20046.528,72176.000,true
baseline,1,named_update_chain_16,9,664,16141.566,47000.000,true
baseline,1,raw_insert_entity,9,12370,947.470,2176.000,false
baseline,1,mybatis_raw_expression,9,6499,1628.881,2624.000,true
baseline,1,named_pagination,9,9396,1266.209,4072.000,true
baseline,1,mybatis_in_expression,9,527,25395.256,66656.000,true
baseline,1,positional_retry_rollback,9,4311,3534.980,5872.000,true
baseline,1,positional_naming_CAMEL_CASE,9,6484,3869.787,4928.000,true
baseline,1,raw_where_128,9,291,46507.904,56496.000,true
baseline,1,raw_in_256,9,483,22124.224,56640.000,true
baseline,1,positional_update_chain_16,9,2897,7890.853,22360.000,true
baseline,1,positional_nested,9,15765,1316.105,2952.000,true
baseline,1,raw_where_16,9,1994,6516.600,8840.000,true
baseline,1,mybatis_where_16,9,1163,6295.099,8984.000,true
baseline,1,raw_condition_only,9,3976,4999.698,7816.000,true
baseline,1,raw_derived,9,2058,12086.638,15848.000,true
baseline,1,mybatis_union_builder,9,868,13318.664,16648.000,true
baseline,1,raw_delete,9,41605,446.333,1624.000,true
baseline,1,raw_subquery_structured,9,14782,1450.122,4616.000,true
baseline,1,positional_dialect_DB2,9,19236,1108.916,3544.000,true
baseline,1,positional_naming_SCREAMING_SNAKE_CASE,9,4141,4709.684,5904.000,true
baseline,1,positional_naming_UPPER_CAMEL_CASE,9,4381,5108.491,5888.000,true
baseline,1,raw_join_using,9,18981,1050.603,3176.000,true
baseline,1,positional_select_star,9,46231,364.790,1424.000,true
baseline,1,positional_in_expression,9,4939,4965.175,9760.000,true
baseline,1,named_insert_placeholders,9,9805,1109.097,2888.000,true
baseline,1,positional_in_17,9,22578,886.133,2672.000,true
baseline,1,mybatis_condition_only,9,2366,5884.911,7960.000,true
baseline,1,positional_between,9,13873,1175.211,3056.000,true
baseline,1,named_nested,9,6549,1494.625,3648.000,true
baseline,1,mybatis_insert_entity,9,9145,972.389,2456.000,true
baseline,1,positional_late_modifier,9,28331,780.227,2360.000,true
baseline,1,positional_select_entity,9,36461,604.737,2000.000,true
baseline,1,positional_insert_placeholders,9,28329,712.648,1944.000,true
baseline,1,positional_mixed_literals,9,14384,1336.582,2800.000,true
baseline,1,positional_subquery_raw,9,22310,638.530,2272.000,true
baseline,1,mybatis_batch_64,9,296,37425.338,118896.000,true
baseline,1,positional_join_using,9,21884,952.518,3056.000,true
baseline,1,positional_naming_NO_CHANGE,9,4508,3348.514,4928.000,true
baseline,1,raw_union_raw,9,5527,3316.664,5200.000,true
baseline,1,mybatis_update_map,9,6109,1542.593,4200.000,true
baseline,1,raw_naming_KEBAB_CASE,9,3138,5330.561,8840.000,true
baseline,1,positional_select_expressions,9,5453,2341.115,2728.000,true
baseline,1,named_select_star,9,76273,276.182,1424.000,true
baseline,1,mybatis_select_expressions,9,7183,2084.435,2728.000,true
baseline,1,positional_repeated_names,9,1201,18492.839,30360.000,true
baseline,1,positional_in_256,9,5399,4168.087,9576.000,true
baseline,1,raw_late_modifier,9,17946,753.472,2480.000,true
baseline,1,mybatis_select_star,9,41880,291.769,1424.000,true
baseline,1,mybatis_batch_4,9,6252,2850.320,8784.000,true
baseline,1,positional_subquery_structured,9,13905,1603.581,4704.000,true
baseline,1,mybatis_naming_UPPER_CAMEL_CASE,9,3474,6665.141,8984.000,true
baseline,1,raw_join_on,9,8105,2220.469,3952.000,true
baseline,1,named_in_1024,9,133,132985.714,353216.000,true
baseline,1,raw_select_expressions,9,4987,2290.475,2728.000,true
baseline,1,named_group_order,9,2360,7162.627,7688.000,true
baseline,1,named_union_raw,9,3080,5730.162,5200.000,true
baseline,1,raw_select_entity,9,24631,902.403,2000.000,true
baseline,1,raw_naming_SCREAMING_SNAKE_CASE,9,3686,7795.361,8856.000,true
baseline,1,positional_raw_expression,9,12856,2336.590,2624.000,true
baseline,1,mybatis_union_raw,9,3824,4695.371,5200.000,true
baseline,1,raw_naming_CAMEL_CASE,9,5129,6797.465,7880.000,true
baseline,1,positional_derived,9,1925,13756.831,15296.000,true
baseline,1,mybatis_where_eq,9,9141,1308.413,2960.000,true
baseline,1,named_batch_beans,9,1325,9580.226,26064.000,true
baseline,1,positional_dialect_Microsoft_SQL_Server,9,15937,1423.894,3544.000,true
baseline,1,mybatis_insert_placeholders,9,5339,1166.042,2584.000,true
baseline,1,mybatis_naming_CAMEL_CASE,9,3986,5792.223,8024.000,true
baseline,1,named_dialect_Oracle,9,10376,1449.778,4272.000,true
baseline,1,mybatis_subquery_structured,9,4860,1745.741,5232.000,true
baseline,1,named_naming_UPPER_CAMEL_CASE,9,3257,6955.910,10584.000,true
baseline,1,positional_union_raw,9,4430,3902.551,5200.000,true
baseline,1,raw_repeated_names,9,855,28471.696,53896.000,true
baseline,1,named_subquery_raw,9,31443,758.201,2272.000,true
baseline,1,raw_in_16,9,7811,2287.671,5600.000,true
baseline,1,named_insert_values,9,10802,1258.832,3048.000,true
baseline,1,positional_where_128,9,580,37200.345,32808.000,true
baseline,1,raw_update_map,9,11441,1594.424,3592.000,false
baseline,1,named_naming_NO_CHANGE,9,4177,5851.951,9624.000,true
baseline,1,mybatis_mixed_literals,9,10230,1773.284,3432.000,true
baseline,1,custom_handler_where,9,3489,7406.678,10616.000,true
baseline,1,mybatis_update_chain_16,9,667,14848.276,39936.000,true
baseline,1,raw_where_eq,9,14285,1090.305,2784.000,true
baseline,1,named_naming_CAMEL_CASE,9,4321,7259.292,9624.000,true
baseline,1,named_in_256,9,618,50459.223,90712.000,true
baseline,1,positional_batch_beans,9,1823,5618.376,10464.000,true
baseline,1,positional_in_1024,9,1710,18283.450,28504.000,true
baseline,1,named_batch_64,9,248,39730.242,134912.000,true
baseline,1,raw_select_columns,9,13544,900.945,1952.000,true
baseline,1,named_union_builder,9,1072,13680.784,17272.000,true
baseline,1,mybatis_batch_beans,9,2561,11927.606,22080.000,true
baseline,1,named_select_columns,9,19027,1483.360,1952.000,true
baseline,1,mybatis_late_modifier,9,18022,989.984,2656.000,true
baseline,1,raw_row_in,9,15946,1552.320,3136.000,true
baseline,1,raw_group_order,9,3206,3978.260,6432.000,true
baseline,1,positional_dialect_MySQL,9,14044,1389.654,3360.000,true
