version 2
JvmtiExport can_access_local_variables 0
JvmtiExport can_hotswap_or_post_breakpoint 1
JvmtiExport can_post_on_exceptions 0
# 463 ciObject found
instanceKlass com/landawn/abacus/query/AbstractQueryBuilder
ciInstanceKlass java/lang/Cloneable 1 0 7 100 1 100 1 1 1
instanceKlass com/landawn/abacus/query/SqlParser$HashScanMemo
instanceKlass  @bci com/landawn/abacus/query/AbstractQueryBuilder mergeNamedParameterOccurrences (Ljava/util/Map;)V 61 <appendix> argL0 ; # com/landawn/abacus/query/AbstractQueryBuilder$$Lambda+0x000000002f20ecb8
instanceKlass com/landawn/abacus/util/Unicode17Data$TitleCaseData
instanceKlass  @bci com/landawn/abacus/query/AbstractQueryBuilder nextNamedParameterName (Ljava/lang/String;)Ljava/lang/String; 15 <appendix> argL0 ; # com/landawn/abacus/query/AbstractQueryBuilder$$Lambda+0x000000002f20e870
instanceKlass  @bci com/landawn/abacus/query/AbstractQueryBuilder where (Ljava/lang/String;)Lcom/landawn/abacus/query/AbstractQueryBuilder; 10 <appendix> member <vmtarget> ; # com/landawn/abacus/query/AbstractQueryBuilder$$Lambda+0x000000002f20e640
instanceKlass  @bci com/landawn/abacus/query/AbstractQueryBuilder from (Lcom/landawn/abacus/query/AbstractQueryBuilder;Ljava/lang/String;)Lcom/landawn/abacus/query/AbstractQueryBuilder; 96 <appendix> member <vmtarget> ; # com/landawn/abacus/query/AbstractQueryBuilder$$Lambda+0x000000002f20e178
instanceKlass  @bci com/landawn/abacus/query/AbstractQueryBuilder orderBy (Ljava/lang/String;)Lcom/landawn/abacus/query/AbstractQueryBuilder; 10 <appendix> member <vmtarget> ; # com/landawn/abacus/query/AbstractQueryBuilder$$Lambda+0x000000002f20df48
instanceKlass  @bci com/landawn/abacus/query/AbstractQueryBuilder having (Ljava/lang/String;)Lcom/landawn/abacus/query/AbstractQueryBuilder; 10 <appendix> member <vmtarget> ; # com/landawn/abacus/query/AbstractQueryBuilder$$Lambda+0x000000002f20dd18
instanceKlass  @bci com/landawn/abacus/query/AbstractQueryBuilder groupBy (Ljava/lang/String;)Lcom/landawn/abacus/query/AbstractQueryBuilder; 10 <appendix> member <vmtarget> ; # com/landawn/abacus/query/AbstractQueryBuilder$$Lambda+0x000000002f20dae8
instanceKlass  @bci com/landawn/abacus/query/AbstractQueryBuilder lambda$using$0 (Ljava/lang/String;)V 7 <appendix> member <vmtarget> ; # com/landawn/abacus/query/AbstractQueryBuilder$$Lambda+0x000000002f20d8b8
instanceKlass  @bci com/landawn/abacus/query/AbstractQueryBuilder using (Ljava/lang/String;)Lcom/landawn/abacus/query/AbstractQueryBuilder; 37 <appendix> member <vmtarget> ; # com/landawn/abacus/query/AbstractQueryBuilder$$Lambda+0x000000002f20d688
instanceKlass  @bci com/landawn/abacus/query/AbstractQueryBuilder on (Ljava/lang/String;)Lcom/landawn/abacus/query/AbstractQueryBuilder; 10 <appendix> member <vmtarget> ; # com/landawn/abacus/query/AbstractQueryBuilder$$Lambda+0x000000002f20d458
instanceKlass  @bci com/landawn/abacus/query/AbstractQueryBuilder set (Ljava/util/Map;)Lcom/landawn/abacus/query/AbstractQueryBuilder; 15 <appendix> member <vmtarget> ; # com/landawn/abacus/query/AbstractQueryBuilder$$Lambda+0x000000002f20d228
instanceKlass  @bci com/landawn/abacus/query/QueryUtil insertPropNames (Ljava/lang/Object;Ljava/util/Set;)Lcom/landawn/abacus/util/ImmutableList; 17 <appendix> argL0 ; # com/landawn/abacus/query/QueryUtil$$Lambda+0x000000002f20cfe0
instanceKlass  @bci com/landawn/abacus/query/AbstractQueryBuilder append (Lcom/landawn/abacus/query/condition/Condition;)Lcom/landawn/abacus/query/AbstractQueryBuilder; 11 <appendix> member <vmtarget> ; # com/landawn/abacus/query/AbstractQueryBuilder$$Lambda+0x000000002f20cdb0
instanceKlass  @bci com/landawn/abacus/query/AbstractQueryBuilder into (Ljava/lang/String;)Lcom/landawn/abacus/query/AbstractQueryBuilder; 19 <appendix> member <vmtarget> ; # com/landawn/abacus/query/AbstractQueryBuilder$$Lambda+0x000000002f20cb80
instanceKlass  @bci com/landawn/abacus/query/AbstractQueryBuilder lambda$toInsertPropsList$2 (Ljava/util/List;ZLcom/landawn/abacus/util/ImmutableList;Ljava/lang/String;)Z 7 <appendix> member <vmtarget> ; # com/landawn/abacus/query/AbstractQueryBuilder$$Lambda+0x000000002f20c930
instanceKlass com/landawn/abacus/util/stream/StreamBase$LocalRunnable$1
instanceKlass  @bci com/landawn/abacus/util/stream/StreamBase closeHandlersForNewStream (Ljava/util/Deque;)Ljava/util/Deque; 1 <appendix> member <vmtarget> ; # com/landawn/abacus/util/stream/StreamBase$$Lambda+0x000000002f207990
instanceKlass  @cpi com/landawn/abacus/util/stream/StreamBase 2217 form vmentry <vmtarget> ; # java/lang/invoke/LambdaForm$DMH+0x000000002f208c00
instanceKlass  @bci com/landawn/abacus/query/AbstractQueryBuilder toInsertPropsList (Ljava/util/Collection;)Ljava/util/List; 523 <adapter> ; # java/lang/invoke/LambdaForm$MH+0x000000002f208800
instanceKlass  @bci com/landawn/abacus/query/AbstractQueryBuilder toInsertPropsList (Ljava/util/Collection;)Ljava/util/List; 523 <appendix> form vmentry <vmtarget> ; # java/lang/invoke/LambdaForm$DMH+0x000000002f208400
instanceKlass  @bci com/landawn/abacus/query/AbstractQueryBuilder toInsertPropsList (Ljava/util/Collection;)Ljava/util/List; 523 <appendix> member <vmtarget> ; # com/landawn/abacus/query/AbstractQueryBuilder$$Lambda+0x000000002f2073c8
instanceKlass  @cpi com/landawn/abacus/query/AbstractQueryBuilder 3177 form vmentry <vmtarget> ; # java/lang/invoke/LambdaForm$DMH+0x000000002f208000
instanceKlass  @bci com/landawn/abacus/util/stream/AbstractStream <clinit> ()V 0 <appendix> argL0 ; # com/landawn/abacus/util/stream/AbstractStream$$Lambda+0x000000002f206d30
instanceKlass java/sql/Statement
instanceKlass java/sql/Wrapper
instanceKlass  @bci com/landawn/abacus/util/stream/StreamBase <clinit> ()V 828 <appendix> argL0 ; # com/landawn/abacus/util/stream/StreamBase$$Lambda+0x000000002f1ff288
instanceKlass  @bci com/landawn/abacus/util/stream/StreamBase <clinit> ()V 817 <appendix> member <vmtarget> ; # com/landawn/abacus/util/stream/StreamBase$$Lambda+0x000000002f1ff058
instanceKlass  @bci com/landawn/abacus/util/stream/StreamBase <clinit> ()V 785 <appendix> argL0 ; # com/landawn/abacus/util/stream/StreamBase$$Lambda+0x000000002f1fe7e0
instanceKlass  @bci com/landawn/abacus/util/stream/StreamBase <clinit> ()V 775 <appendix> member <vmtarget> ; # com/landawn/abacus/util/stream/StreamBase$$Lambda+0x000000002f1fe5b0
instanceKlass java/util/concurrent/LinkedBlockingQueue$Node
instanceKlass  @bci com/landawn/abacus/util/stream/StreamBase <clinit> ()V 614 <appendix> argL0 ; # com/landawn/abacus/util/stream/StreamBase$$Lambda+0x000000002f1fdf28
instanceKlass com/landawn/abacus/util/stream/StreamBase$LocalRunnable
instanceKlass  @bci com/landawn/abacus/util/stream/StreamBase <clinit> ()V 177 <appendix> argL0 ; # com/landawn/abacus/util/stream/StreamBase$$Lambda+0x000000002f1fdc88
instanceKlass  @bci com/landawn/abacus/util/stream/StreamBase <clinit> ()V 169 <appendix> argL0 ; # com/landawn/abacus/util/stream/StreamBase$$Lambda+0x000000002f1fd9e8
instanceKlass  @bci com/landawn/abacus/util/stream/StreamBase <clinit> ()V 161 <appendix> argL0 ; # com/landawn/abacus/util/stream/StreamBase$$Lambda+0x000000002f1fd528
instanceKlass  @bci com/landawn/abacus/util/stream/StreamBase <clinit> ()V 153 <appendix> argL0 ; # com/landawn/abacus/util/stream/StreamBase$$Lambda+0x000000002f1fd068
instanceKlass  @bci com/landawn/abacus/util/stream/StreamBase <clinit> ()V 145 <appendix> argL0 ; # com/landawn/abacus/util/stream/StreamBase$$Lambda+0x000000002f1fcba8
instanceKlass  @bci com/landawn/abacus/util/stream/StreamBase <clinit> ()V 137 <appendix> argL0 ; # com/landawn/abacus/util/stream/StreamBase$$Lambda+0x000000002f1fc6e8
instanceKlass  @bci com/landawn/abacus/util/stream/StreamBase <clinit> ()V 129 <appendix> argL0 ; # com/landawn/abacus/util/stream/StreamBase$$Lambda+0x000000002f1fc228
instanceKlass  @bci com/landawn/abacus/util/stream/StreamBase <clinit> ()V 121 <appendix> argL0 ; # com/landawn/abacus/util/stream/StreamBase$$Lambda+0x000000002f1fbd68
instanceKlass  @bci com/landawn/abacus/util/stream/StreamBase <clinit> ()V 113 <appendix> argL0 ; # com/landawn/abacus/util/stream/StreamBase$$Lambda+0x000000002f1fb8a8
instanceKlass  @bci com/landawn/abacus/util/stream/StreamBase <clinit> ()V 105 <appendix> argL0 ; # com/landawn/abacus/util/stream/StreamBase$$Lambda+0x000000002f1fb608
instanceKlass  @bci com/landawn/abacus/util/stream/StreamBase <clinit> ()V 97 <appendix> argL0 ; # com/landawn/abacus/util/stream/StreamBase$$Lambda+0x000000002f1fb368
instanceKlass  @bci com/landawn/abacus/util/stream/StreamBase <clinit> ()V 89 <appendix> argL0 ; # com/landawn/abacus/util/stream/StreamBase$$Lambda+0x000000002f1fb0c8
instanceKlass  @bci com/landawn/abacus/util/stream/StreamBase <clinit> ()V 81 <appendix> argL0 ; # com/landawn/abacus/util/stream/StreamBase$$Lambda+0x000000002f1fae28
instanceKlass  @bci com/landawn/abacus/util/stream/StreamBase <clinit> ()V 73 <appendix> argL0 ; # com/landawn/abacus/util/stream/StreamBase$$Lambda+0x000000002f1fab88
instanceKlass  @bci com/landawn/abacus/util/stream/StreamBase <clinit> ()V 65 <appendix> argL0 ; # com/landawn/abacus/util/stream/StreamBase$$Lambda+0x000000002f1fa8e8
instanceKlass java/util/function/LongSupplier
instanceKlass com/landawn/abacus/util/stream/IteratorEx
instanceKlass com/landawn/abacus/util/stream/StreamBase
instanceKlass com/landawn/abacus/util/stream/BaseStream
# instanceKlass java/lang/invoke/LambdaForm$MH+0x000000002f1dc400
# instanceKlass java/lang/invoke/LambdaForm$MH+0x000000002f1dc000
instanceKlass  @bci com/landawn/abacus/query/AbstractQueryBuilder where (Lcom/landawn/abacus/query/condition/Condition;)Lcom/landawn/abacus/query/AbstractQueryBuilder; 8 <appendix> member <vmtarget> ; # com/landawn/abacus/query/AbstractQueryBuilder$$Lambda+0x000000002f1d8470
instanceKlass com/landawn/abacus/query/AbstractQueryBuilder$1
instanceKlass  @bci com/landawn/abacus/query/AbstractQueryBuilder from (Ljava/lang/Class;Ljava/lang/String;)Lcom/landawn/abacus/query/AbstractQueryBuilder; 16 <appendix> member <vmtarget> ; # com/landawn/abacus/query/AbstractQueryBuilder$$Lambda+0x000000002f1d0c60
instanceKlass java/util/Collections$UnmodifiableMap$UnmodifiableEntrySet$UnmodifiableEntry
instanceKlass java/util/Collections$UnmodifiableMap$UnmodifiableEntrySet$1
instanceKlass com/landawn/abacus/annotation/NonColumn
instanceKlass com/landawn/abacus/annotation/NonUpdatable
instanceKlass com/landawn/abacus/annotation/ReadOnly
instanceKlass com/landawn/abacus/annotation/Table
instanceKlass  @bci com/landawn/abacus/parser/ParserUtil$BeanInfo <init> (Ljava/lang/Class;Ljava/lang/reflect/Type;Z)V 2013 <appendix> argL0 ; # com/landawn/abacus/parser/ParserUtil$BeanInfo$$Lambda+0x000000002f1d0800
instanceKlass  @bci com/landawn/abacus/parser/ParserUtil$BeanInfo <init> (Ljava/lang/Class;Ljava/lang/reflect/Type;Z)V 1994 <appendix> argL0 ; # com/landawn/abacus/parser/ParserUtil$BeanInfo$$Lambda+0x000000002f1d1bb8
instanceKlass  @bci com/landawn/abacus/parser/ParserUtil$BeanInfo <init> (Ljava/lang/Class;Ljava/lang/reflect/Type;Z)V 1975 <appendix> argL0 ; # com/landawn/abacus/parser/ParserUtil$BeanInfo$$Lambda+0x000000002f1d1970
instanceKlass  @bci com/landawn/abacus/parser/ParserUtil$BeanInfo <init> (Ljava/lang/Class;Ljava/lang/reflect/Type;Z)V 1956 <appendix> argL0 ; # com/landawn/abacus/parser/ParserUtil$BeanInfo$$Lambda+0x000000002f1d1718
instanceKlass  @bci com/landawn/abacus/parser/ParserUtil$BeanInfo <init> (Ljava/lang/Class;Ljava/lang/reflect/Type;Z)V 1937 <appendix> argL0 ; # com/landawn/abacus/parser/ParserUtil$BeanInfo$$Lambda+0x000000002f1d14d0
instanceKlass  @bci com/landawn/abacus/parser/ParserUtil$BeanInfo <init> (Ljava/lang/Class;Ljava/lang/reflect/Type;Z)V 1909 <appendix> argL0 ; # com/landawn/abacus/parser/ParserUtil$BeanInfo$$Lambda+0x000000002f1d1278
instanceKlass  @bci com/landawn/abacus/util/IntFunctions <clinit> ()V 312 <appendix> argL0 ; # com/landawn/abacus/util/IntFunctions$$Lambda+0x000000002f1d1000
instanceKlass  @bci com/landawn/abacus/util/IntFunctions <clinit> ()V 304 <appendix> argL0 ; # com/landawn/abacus/util/IntFunctions$$Lambda+0x000000002f1d3b28
instanceKlass  @bci com/landawn/abacus/util/IntFunctions <clinit> ()V 296 <appendix> argL0 ; # com/landawn/abacus/util/IntFunctions$$Lambda+0x000000002f1d38b0
instanceKlass  @bci com/landawn/abacus/util/IntFunctions <clinit> ()V 288 <appendix> argL0 ; # com/landawn/abacus/util/IntFunctions$$Lambda+0x000000002f1d3638
instanceKlass  @bci com/landawn/abacus/util/IntFunctions <clinit> ()V 280 <appendix> argL0 ; # com/landawn/abacus/util/IntFunctions$$Lambda+0x000000002f1d33c0
instanceKlass  @bci com/landawn/abacus/util/IntFunctions <clinit> ()V 272 <appendix> argL0 ; # com/landawn/abacus/util/IntFunctions$$Lambda+0x000000002f1d3148
instanceKlass  @bci com/landawn/abacus/util/IntFunctions <clinit> ()V 264 <appendix> argL0 ; # com/landawn/abacus/util/IntFunctions$$Lambda+0x000000002f1d2ed0
instanceKlass  @bci com/landawn/abacus/util/IntFunctions <clinit> ()V 256 <appendix> argL0 ; # com/landawn/abacus/util/IntFunctions$$Lambda+0x000000002f1d2c58
instanceKlass  @bci com/landawn/abacus/util/IntFunctions <clinit> ()V 248 <appendix> argL0 ; # com/landawn/abacus/util/IntFunctions$$Lambda+0x000000002f1d29e0
instanceKlass  @bci com/landawn/abacus/util/IntFunctions <clinit> ()V 240 <appendix> argL0 ; # com/landawn/abacus/util/IntFunctions$$Lambda+0x000000002f1d2768
instanceKlass  @bci com/landawn/abacus/util/IntFunctions <clinit> ()V 232 <appendix> argL0 ; # com/landawn/abacus/util/IntFunctions$$Lambda+0x000000002f1d24f0
instanceKlass  @bci com/landawn/abacus/util/IntFunctions <clinit> ()V 224 <appendix> argL0 ; # com/landawn/abacus/util/IntFunctions$$Lambda+0x000000002f1d2278
instanceKlass  @bci com/landawn/abacus/util/IntFunctions <clinit> ()V 216 <appendix> argL0 ; # com/landawn/abacus/util/IntFunctions$$Lambda+0x000000002f1d2000
instanceKlass  @bci com/landawn/abacus/util/IntFunctions <clinit> ()V 208 <appendix> argL0 ; # com/landawn/abacus/util/IntFunctions$$Lambda+0x000000002f1d7b40
instanceKlass  @bci com/landawn/abacus/util/IntFunctions <clinit> ()V 200 <appendix> argL0 ; # com/landawn/abacus/util/IntFunctions$$Lambda+0x000000002f1d78c8
instanceKlass  @bci com/landawn/abacus/util/IntFunctions <clinit> ()V 192 <appendix> argL0 ; # com/landawn/abacus/util/IntFunctions$$Lambda+0x000000002f1d7650
instanceKlass  @bci com/landawn/abacus/util/IntFunctions <clinit> ()V 184 <appendix> argL0 ; # com/landawn/abacus/util/IntFunctions$$Lambda+0x000000002f1d73d8
instanceKlass  @bci com/landawn/abacus/util/IntFunctions <clinit> ()V 176 <appendix> argL0 ; # com/landawn/abacus/util/IntFunctions$$Lambda+0x000000002f1d7160
instanceKlass  @bci com/landawn/abacus/util/IntFunctions <clinit> ()V 168 <appendix> argL0 ; # com/landawn/abacus/util/IntFunctions$$Lambda+0x000000002f1d6ee8
instanceKlass  @bci com/landawn/abacus/util/IntFunctions <clinit> ()V 160 <appendix> argL0 ; # com/landawn/abacus/util/IntFunctions$$Lambda+0x000000002f1d6c70
instanceKlass  @bci com/landawn/abacus/util/IntFunctions <clinit> ()V 152 <appendix> argL0 ; # com/landawn/abacus/util/IntFunctions$$Lambda+0x000000002f1d69f8
instanceKlass  @bci com/landawn/abacus/util/IntFunctions <clinit> ()V 144 <appendix> argL0 ; # com/landawn/abacus/util/IntFunctions$$Lambda+0x000000002f1d6780
instanceKlass  @bci com/landawn/abacus/util/IntFunctions <clinit> ()V 136 <appendix> argL0 ; # com/landawn/abacus/util/IntFunctions$$Lambda+0x000000002f1d6508
instanceKlass  @bci com/landawn/abacus/util/IntFunctions <clinit> ()V 128 <appendix> argL0 ; # com/landawn/abacus/util/IntFunctions$$Lambda+0x000000002f1d6290
instanceKlass  @bci com/landawn/abacus/util/IntFunctions <clinit> ()V 120 <appendix> argL0 ; # com/landawn/abacus/util/IntFunctions$$Lambda+0x000000002f1d6018
instanceKlass  @bci com/landawn/abacus/util/IntFunctions <clinit> ()V 112 <appendix> argL0 ; # com/landawn/abacus/util/IntFunctions$$Lambda+0x000000002f1d5da0
instanceKlass  @bci com/landawn/abacus/util/IntFunctions <clinit> ()V 104 <appendix> argL0 ; # com/landawn/abacus/util/IntFunctions$$Lambda+0x000000002f1d5b28
instanceKlass  @bci com/landawn/abacus/util/IntFunctions <clinit> ()V 96 <appendix> argL0 ; # com/landawn/abacus/util/IntFunctions$$Lambda+0x000000002f1d58b0
instanceKlass  @bci com/landawn/abacus/util/IntFunctions <clinit> ()V 88 <appendix> argL0 ; # com/landawn/abacus/util/IntFunctions$$Lambda+0x000000002f1d5638
instanceKlass  @bci com/landawn/abacus/util/IntFunctions <clinit> ()V 80 <appendix> argL0 ; # com/landawn/abacus/util/IntFunctions$$Lambda+0x000000002f1d53c0
instanceKlass  @bci com/landawn/abacus/util/IntFunctions <clinit> ()V 72 <appendix> argL0 ; # com/landawn/abacus/util/IntFunctions$$Lambda+0x000000002f1d5148
instanceKlass  @bci com/landawn/abacus/util/IntFunctions <clinit> ()V 64 <appendix> argL0 ; # com/landawn/abacus/util/IntFunctions$$Lambda+0x000000002f1d4ed0
instanceKlass  @bci com/landawn/abacus/util/IntFunctions <clinit> ()V 56 <appendix> argL0 ; # com/landawn/abacus/util/IntFunctions$$Lambda+0x000000002f1d4c58
instanceKlass  @bci com/landawn/abacus/util/IntFunctions <clinit> ()V 48 <appendix> argL0 ; # com/landawn/abacus/util/IntFunctions$$Lambda+0x000000002f1d49e0
instanceKlass  @bci com/landawn/abacus/util/IntFunctions <clinit> ()V 40 <appendix> argL0 ; # com/landawn/abacus/util/IntFunctions$$Lambda+0x000000002f1d4768
instanceKlass  @bci com/landawn/abacus/util/IntFunctions <clinit> ()V 32 <appendix> argL0 ; # com/landawn/abacus/util/IntFunctions$$Lambda+0x000000002f1d44f0
instanceKlass  @bci com/landawn/abacus/util/IntFunctions <clinit> ()V 24 <appendix> argL0 ; # com/landawn/abacus/util/IntFunctions$$Lambda+0x000000002f1d4278
instanceKlass  @bci com/landawn/abacus/util/IntFunctions <clinit> ()V 16 <appendix> argL0 ; # com/landawn/abacus/util/IntFunctions$$Lambda+0x000000002f1d4000
instanceKlass  @bci com/landawn/abacus/util/IntFunctions <clinit> ()V 8 <appendix> argL0 ; # com/landawn/abacus/util/IntFunctions$$Lambda+0x000000002f1cfbd8
instanceKlass  @bci com/landawn/abacus/util/function/IntFunction <clinit> ()V 0 <appendix> argL0 ; # com/landawn/abacus/util/function/IntFunction$$Lambda+0x000000002f1cf960
instanceKlass  @bci com/landawn/abacus/util/IntFunctions <clinit> ()V 0 <appendix> argL0 ; # com/landawn/abacus/util/IntFunctions$$Lambda+0x000000002f1cf6e8
instanceKlass  @cpi com/landawn/abacus/util/function/IntFunction 90 form vmentry <vmtarget> ; # java/lang/invoke/LambdaForm$DMH+0x000000002f1d0000
instanceKlass com/landawn/abacus/util/function/IntFunction
instanceKlass com/landawn/abacus/util/Throwables$IntFunction
instanceKlass com/landawn/abacus/util/IntFunctions
instanceKlass  @bci com/landawn/abacus/parser/ParserUtil$BeanInfo <init> (Ljava/lang/Class;Ljava/lang/reflect/Type;Z)V 1885 <appendix> argL0 ; # com/landawn/abacus/parser/ParserUtil$BeanInfo$$Lambda+0x000000002f1cedd0
instanceKlass com/landawn/abacus/annotation/Column
instanceKlass com/landawn/abacus/annotation/Type
instanceKlass  @bci com/landawn/abacus/parser/ParserUtil$PropInfo <init> (Ljava/lang/String;Ljava/lang/reflect/Field;Ljava/lang/reflect/Method;Ljava/lang/reflect/Method;Lcom/landawn/abacus/annotation/JsonXmlConfig;Lcom/landawn/abacus/util/ImmutableMap;IZZLjava/util/List;Ljava/util/List;Ljava/util/Map;)V 288 <appendix> argL0 ; # com/landawn/abacus/parser/ParserUtil$PropInfo$$Lambda+0x000000002f1ce728
instanceKlass com/landawn/abacus/annotation/Transient
instanceKlass com/landawn/abacus/annotation/AccessFieldByMethod
instanceKlass com/landawn/abacus/annotation/JsonXmlField
instanceKlass com/landawn/abacus/parser/ParserUtil$PropInfo$12
instanceKlass com/landawn/abacus/parser/ParserUtil$PropInfo$11
instanceKlass com/landawn/abacus/parser/ParserUtil$PropInfo$10
instanceKlass com/landawn/abacus/parser/ParserUtil$PropInfo$9
instanceKlass com/landawn/abacus/parser/ParserUtil$PropInfo$8
instanceKlass com/landawn/abacus/parser/ParserUtil$PropInfo$7
instanceKlass com/landawn/abacus/parser/ParserUtil$PropInfo$6
instanceKlass com/landawn/abacus/parser/ParserUtil$PropInfo$5
instanceKlass com/landawn/abacus/parser/ParserUtil$PropInfo$4
instanceKlass com/landawn/abacus/parser/ParserUtil$PropInfo$3
instanceKlass com/landawn/abacus/parser/ParserUtil$PropInfo$2
instanceKlass com/landawn/abacus/parser/ParserUtil$PropInfo$1
instanceKlass com/landawn/abacus/parser/ParserUtil$DateTimeReaderWriter
instanceKlass java/lang/reflect/WildcardType
instanceKlass java/text/Format
instanceKlass com/landawn/abacus/annotation/ReadOnlyId
instanceKlass com/landawn/abacus/annotation/Id
instanceKlass com/landawn/abacus/parser/ParserUtil$XmlNameTag
instanceKlass com/landawn/abacus/util/EscapeUtil$EntityArrays
instanceKlass com/landawn/abacus/util/EscapeUtil$CharSequenceTranslator
instanceKlass com/landawn/abacus/util/EscapeUtil
instanceKlass com/landawn/abacus/parser/ParserUtil$JsonNameTag
instanceKlass com/landawn/abacus/util/NameUtil
instanceKlass com/landawn/abacus/annotation/JsonXmlConfig
instanceKlass com/landawn/abacus/util/Timed
instanceKlass com/landawn/abacus/util/AbstractIndexed
instanceKlass java/lang/reflect/ParameterizedType
instanceKlass  @bci com/landawn/abacus/util/Multiset <clinit> ()V 0 <appendix> argL0 ; # com/landawn/abacus/util/Multiset$$Lambda+0x000000002f1c8b68
instanceKlass java/sql/Array
instanceKlass java/sql/Ref
instanceKlass sun/security/util/MessageDigestSpi2
instanceKlass sun/security/jca/GetInstance$Instance
instanceKlass sun/security/jca/GetInstance
instanceKlass java/security/MessageDigestSpi
instanceKlass com/landawn/abacus/util/Password
instanceKlass  @bci com/landawn/abacus/type/SingleValueType getCreatorAndValueExtractor (Ljava/lang/Class;Lcom/landawn/abacus/type/ValueTypeResolver;)Lcom/landawn/abacus/util/Tuple$Tuple3; 23 <appendix> member <vmtarget> ; # com/landawn/abacus/type/SingleValueType$$Lambda+0x000000002f1c86f0
instanceKlass jdk/internal/vm/annotation/IntrinsicCandidate
instanceKlass com/landawn/abacus/annotation/JsonXmlValue
instanceKlass java/lang/annotation/Target
instanceKlass jdk/internal/classfile/impl/StackMapDecoder$1
instanceKlass jdk/internal/classfile/impl/StackMapDecoder
instanceKlass jdk/internal/classfile/impl/StackCounter
instanceKlass  @bci java/lang/reflect/ProxyGenerator lambda$generateLookupAccessor$0 (Ljava/lang/classfile/MethodBuilder;)V 30 <appendix> member <vmtarget> ; # java/lang/reflect/ProxyGenerator$$Lambda+0x000000002f154d38
instanceKlass  @bci java/lang/reflect/ProxyGenerator generateLookupAccessor (Ljava/lang/classfile/ClassBuilder;)V 10 <appendix> member <vmtarget> ; # java/lang/reflect/ProxyGenerator$$Lambda+0x000000002f154af8
instanceKlass  @bci java/lang/reflect/ProxyGenerator generateStaticInitializer (Ljava/lang/classfile/ClassBuilder;)V 10 <appendix> member <vmtarget> ; # java/lang/reflect/ProxyGenerator$$Lambda+0x000000002f1548b8
instanceKlass java/lang/classfile/attribute/StackMapTableAttribute
instanceKlass java/lang/classfile/attribute/StackMapFrameInfo
instanceKlass java/lang/classfile/instruction/ExceptionCatch
instanceKlass  @bci java/lang/reflect/ProxyGenerator$ProxyMethod lambda$generateMethod$0 (Ljava/lang/classfile/MethodBuilder;)V 30 <appendix> member <vmtarget> ; # java/lang/reflect/ProxyGenerator$ProxyMethod$$Lambda+0x000000002f153fa0
instanceKlass java/lang/classfile/attribute/ExceptionsAttribute
instanceKlass  @bci java/lang/reflect/ProxyGenerator$ProxyMethod generateMethod (Ljava/lang/classfile/ClassBuilder;)V 42 <appendix> member <vmtarget> ; # java/lang/reflect/ProxyGenerator$ProxyMethod$$Lambda+0x000000002f153840
instanceKlass  @bci java/lang/reflect/ProxyGenerator generateConstructor (Ljava/lang/classfile/ClassBuilder;)V 8 <appendix> member <vmtarget> ; # java/lang/reflect/ProxyGenerator$$Lambda+0x000000002f153600
instanceKlass  @bci java/lang/reflect/ProxyGenerator generateClassFile ()[B 197 <appendix> member <vmtarget> ; # java/lang/reflect/ProxyGenerator$$Lambda+0x000000002f1533c0
instanceKlass  @bci java/lang/reflect/ProxyGenerator proxyMethodsFor (Ljava/lang/String;)Ljava/util/List; 5 <appendix> argL0 ; # java/lang/reflect/ProxyGenerator$$Lambda+0x000000002f153178
instanceKlass java/lang/reflect/ProxyGenerator$ProxyMethod
instanceKlass java/lang/classfile/attribute/StackMapFrameInfo$ObjectVerificationTypeInfo
instanceKlass java/lang/classfile/attribute/StackMapFrameInfo$VerificationTypeInfo
instanceKlass java/lang/classfile/ClassFile$Option
instanceKlass java/lang/reflect/ProxyGenerator
instanceKlass  @bci java/lang/WeakPairMap computeIfAbsent (Ljava/lang/Object;Ljava/lang/Object;Ljava/util/function/BiFunction;)Ljava/lang/Object; 18 <appendix> member <vmtarget> ; # java/lang/WeakPairMap$$Lambda+0x000000002f1524e0
instanceKlass  @bci java/lang/Module implAddExportsOrOpens (Ljava/lang/String;Ljava/lang/Module;ZZ)V 151 <appendix> argL0 ; # java/lang/Module$$Lambda+0x000000002f1522a8
instanceKlass  @bci java/lang/module/ModuleDescriptor$Builder packages (Ljava/util/Set;)Ljava/lang/module/ModuleDescriptor$Builder; 17 <appendix> argL0 ; # java/lang/module/ModuleDescriptor$Builder$$Lambda+0x80000000e
instanceKlass java/lang/module/ModuleDescriptor$Builder
instanceKlass  @bci java/lang/reflect/Proxy$ProxyBuilder getDynamicModule (Ljava/lang/ClassLoader;)Ljava/lang/Module; 4 <appendix> argL0 ; # java/lang/reflect/Proxy$ProxyBuilder$$Lambda+0x000000002f151b78
instanceKlass java/lang/reflect/Proxy$ProxyBuilder
instanceKlass  @bci java/lang/reflect/Proxy getProxyConstructor (Ljava/lang/ClassLoader;[Ljava/lang/Class;)Ljava/lang/reflect/Constructor; 18 <appendix> argL0 ; # java/lang/reflect/Proxy$$Lambda+0x000000002f151728
instanceKlass java/lang/reflect/Proxy
instanceKlass sun/reflect/annotation/AnnotationInvocationHandler
instanceKlass java/lang/reflect/InvocationHandler
instanceKlass java/lang/annotation/Documented
instanceKlass java/lang/annotation/Inherited
instanceKlass java/lang/annotation/Retention
instanceKlass sun/reflect/annotation/ExceptionProxy
instanceKlass sun/reflect/annotation/AnnotationType
instanceKlass java/lang/reflect/GenericArrayType
instanceKlass java/lang/Deprecated
instanceKlass sun/reflect/generics/visitor/Reifier
instanceKlass sun/reflect/generics/visitor/TypeTreeVisitor
instanceKlass sun/reflect/generics/factory/CoreReflectionFactory
instanceKlass sun/reflect/generics/factory/GenericsFactory
instanceKlass sun/reflect/generics/scope/AbstractScope
instanceKlass sun/reflect/generics/scope/Scope
instanceKlass com/landawn/abacus/annotation/JsonXmlCreator
instanceKlass sun/reflect/generics/tree/ClassSignature
instanceKlass sun/reflect/generics/tree/Signature
instanceKlass sun/reflect/generics/tree/ClassTypeSignature
instanceKlass sun/reflect/generics/tree/SimpleClassTypeSignature
instanceKlass sun/reflect/generics/tree/FieldTypeSignature
instanceKlass sun/reflect/generics/tree/BaseType
instanceKlass sun/reflect/generics/tree/TypeSignature
instanceKlass sun/reflect/generics/tree/ReturnType
instanceKlass sun/reflect/generics/tree/TypeArgument
instanceKlass sun/reflect/generics/tree/FormalTypeParameter
instanceKlass sun/reflect/generics/tree/TypeTree
instanceKlass sun/reflect/generics/tree/Tree
instanceKlass sun/reflect/generics/parser/SignatureParser
instanceKlass java/lang/reflect/TypeVariable
instanceKlass sun/reflect/generics/repository/AbstractRepository
instanceKlass com/landawn/abacus/type/ValueTypeResolver
instanceKlass com/landawn/abacus/util/CsvParser
instanceKlass com/landawn/abacus/util/TypeAttrParser
instanceKlass com/landawn/abacus/util/MapEntity
instanceKlass com/landawn/abacus/util/EntityId
instanceKlass java/util/Currency
instanceKlass  @bci com/landawn/abacus/type/NumberType <init> (Ljava/lang/String;Ljava/lang/Class;)V 368 <appendix> member <vmtarget> ; # com/landawn/abacus/type/NumberType$$Lambda+0x000000002f1c7348
instanceKlass  @bci com/landawn/abacus/type/NumberType lambda$new$6 ([Ljava/lang/reflect/Constructor;)Lcom/landawn/abacus/util/u$Nullable; 1 <appendix> argL0 ; # com/landawn/abacus/type/NumberType$$Lambda+0x000000002f1c70f0
instanceKlass  @bci com/landawn/abacus/type/NumberType <init> (Ljava/lang/String;Ljava/lang/Class;)V 263 <appendix> member <vmtarget> ; # com/landawn/abacus/type/NumberType$$Lambda+0x000000002f1c6ec0
instanceKlass  @bci com/landawn/abacus/type/NumberType <init> (Ljava/lang/String;Ljava/lang/Class;)V 253 <appendix> member <vmtarget> ; # com/landawn/abacus/type/NumberType$$Lambda+0x000000002f1c6c60
instanceKlass  @bci com/landawn/abacus/type/NumberType <init> (Ljava/lang/String;Ljava/lang/Class;)V 174 <appendix> member <vmtarget> ; # com/landawn/abacus/type/NumberType$$Lambda+0x000000002f1c6a00
instanceKlass  @bci java/util/stream/Collectors joining (Ljava/lang/CharSequence;Ljava/lang/CharSequence;Ljava/lang/CharSequence;)Ljava/util/stream/Collector; 22 <appendix> argL0 ; # java/util/stream/Collectors$$Lambda+0x800000043
instanceKlass  @bci java/util/stream/Collectors joining (Ljava/lang/CharSequence;Ljava/lang/CharSequence;Ljava/lang/CharSequence;)Ljava/util/stream/Collector; 17 <appendix> argL0 ; # java/util/stream/Collectors$$Lambda+0x800000041
instanceKlass  @bci java/util/stream/Collectors joining (Ljava/lang/CharSequence;Ljava/lang/CharSequence;Ljava/lang/CharSequence;)Ljava/util/stream/Collector; 12 <appendix> argL0 ; # java/util/stream/Collectors$$Lambda+0x80000003e
instanceKlass  @bci java/util/stream/Collectors joining (Ljava/lang/CharSequence;Ljava/lang/CharSequence;Ljava/lang/CharSequence;)Ljava/util/stream/Collector; 7 <appendix> member <vmtarget> ; # java/util/stream/Collectors$$Lambda+0x800000046
instanceKlass  @bci java/lang/Class methodToString (Ljava/lang/String;[Ljava/lang/Class;)Ljava/lang/String; 42 <appendix> argL0 ; # java/lang/Class$$Lambda+0x000000002f14cb90
instanceKlass  @bci com/landawn/abacus/type/NumberType <init> (Ljava/lang/String;Ljava/lang/Class;)V 40 <appendix> argL0 ; # com/landawn/abacus/type/NumberType$$Lambda+0x000000002f1c67c8
instanceKlass  @bci com/landawn/abacus/type/NumberType lambda$new$1 ([Ljava/lang/reflect/Field;)Lcom/landawn/abacus/util/u$Nullable; 1 <appendix> argL0 ; # com/landawn/abacus/type/NumberType$$Lambda+0x000000002f1c6570
instanceKlass  @bci com/landawn/abacus/type/NumberType <init> (Ljava/lang/String;Ljava/lang/Class;)V 32 <appendix> member <vmtarget> ; # com/landawn/abacus/type/NumberType$$Lambda+0x000000002f1c6340
instanceKlass  @bci com/landawn/abacus/type/NumberType <init> (Ljava/lang/String;Ljava/lang/Class;)V 23 <appendix> argL0 ; # com/landawn/abacus/type/NumberType$$Lambda+0x000000002f1c60e8
instanceKlass java/util/concurrent/atomic/AtomicBoolean
instanceKlass com/landawn/abacus/type/AbstractType
instanceKlass com/landawn/abacus/type/TypeFactory
instanceKlass com/landawn/abacus/parser/ASMUtil
instanceKlass com/landawn/abacus/parser/ParserUtil$PropInfo
instanceKlass com/landawn/abacus/parser/ParserUtil$BeanInfo
instanceKlass com/landawn/abacus/parser/JsonReader$SymbolReader
instanceKlass com/landawn/abacus/annotation/Record
instanceKlass  @bci com/landawn/abacus/util/Beans isRecordClass (Ljava/lang/Class;)Z 11 <appendix> member <vmtarget> ; # com/landawn/abacus/util/Beans$$Lambda+0x000000002f180000
instanceKlass java/util/UUID
instanceKlass com/landawn/abacus/parser/ParserUtil
instanceKlass  @bci com/landawn/abacus/util/Beans getPropNameByMethod (Ljava/lang/reflect/Method;)Ljava/lang/String; 15 <appendix> argL0 ; # com/landawn/abacus/util/Beans$$Lambda+0x000000002f13f7d8
instanceKlass com/landawn/abacus/util/AsyncExecutor
instanceKlass  @bci com/landawn/abacus/util/Beans getDeclaredField (Ljava/lang/Class;Ljava/lang/String;)Ljava/lang/reflect/Field; 4 <appendix> argL0 ; # com/landawn/abacus/util/Beans$$Lambda+0x000000002f13f310
instanceKlass  @bci com/landawn/abacus/util/Beans scanPropAccessors (Ljava/lang/Class;)Lcom/landawn/abacus/util/Beans$PropScan; 288 <appendix> member <vmtarget> ; # com/landawn/abacus/util/Beans$$Lambda+0x000000002f13f0c0
instanceKlass  @bci com/landawn/abacus/util/Beans scanPropAccessors (Ljava/lang/Class;)Lcom/landawn/abacus/util/Beans$PropScan; 267 <appendix> argL0 ; # com/landawn/abacus/util/Beans$$Lambda+0x000000002f13ee78
instanceKlass java/lang/PublicMethods
instanceKlass  @bci com/landawn/abacus/util/Beans scanPropAccessors (Ljava/lang/Class;)Lcom/landawn/abacus/util/Beans$PropScan; 197 <appendix> argL0 ; # com/landawn/abacus/util/Beans$$Lambda+0x000000002f13ec30
instanceKlass java/lang/Class$AnnotationData
instanceKlass com/landawn/abacus/annotation/Entity
instanceKlass com/landawn/abacus/util/Beans$LazyInstance
instanceKlass com/landawn/abacus/util/Beans$ClassCache$Slot
instanceKlass  @bci com/landawn/abacus/util/Beans <clinit> ()V 599 <appendix> argL0 ; # com/landawn/abacus/util/Beans$$Lambda+0x000000002f13e5d8
instanceKlass  @bci com/landawn/abacus/util/Fn <clinit> ()V 910 <appendix> argL0 ; # com/landawn/abacus/util/Fn$$Lambda+0x000000002f13e2d0
instanceKlass  @bci com/landawn/abacus/util/Fn <clinit> ()V 902 <appendix> argL0 ; # com/landawn/abacus/util/Fn$$Lambda+0x000000002f13dfc8
instanceKlass  @bci com/landawn/abacus/util/Fn <clinit> ()V 894 <appendix> argL0 ; # com/landawn/abacus/util/Fn$$Lambda+0x000000002f13dd00
instanceKlass  @bci com/landawn/abacus/util/Fn <clinit> ()V 886 <appendix> argL0 ; # com/landawn/abacus/util/Fn$$Lambda+0x000000002f13da38
instanceKlass  @bci com/landawn/abacus/util/Fn <clinit> ()V 878 <appendix> argL0 ; # com/landawn/abacus/util/Fn$$Lambda+0x000000002f13d770
instanceKlass com/landawn/abacus/util/Fn$15
instanceKlass com/landawn/abacus/util/Fn$14
instanceKlass  @bci com/landawn/abacus/util/Fn <clinit> ()V 850 <appendix> argL0 ; # com/landawn/abacus/util/Fn$$Lambda+0x000000002f13ce40
instanceKlass com/landawn/abacus/util/Fn$13
instanceKlass com/landawn/abacus/util/Fn$12
instanceKlass  @bci com/landawn/abacus/util/Fn <clinit> ()V 822 <appendix> argL0 ; # com/landawn/abacus/util/Fn$$Lambda+0x000000002f13c510
instanceKlass  @bci com/landawn/abacus/util/Fn <clinit> ()V 814 <appendix> argL0 ; # com/landawn/abacus/util/Fn$$Lambda+0x000000002f13c210
instanceKlass  @bci com/landawn/abacus/util/Fn <clinit> ()V 806 <appendix> argL0 ; # com/landawn/abacus/util/Fn$$Lambda+0x000000002f13bf10
instanceKlass  @bci com/landawn/abacus/util/Fn <clinit> ()V 798 <appendix> argL0 ; # com/landawn/abacus/util/Fn$$Lambda+0x000000002f13bc48
instanceKlass  @bci com/landawn/abacus/util/Fn <clinit> ()V 790 <appendix> argL0 ; # com/landawn/abacus/util/Fn$$Lambda+0x000000002f13b9e0
instanceKlass  @bci com/landawn/abacus/util/Fn <clinit> ()V 782 <appendix> argL0 ; # com/landawn/abacus/util/Fn$$Lambda+0x000000002f13b790
instanceKlass  @bci com/landawn/abacus/util/Fn <clinit> ()V 774 <appendix> argL0 ; # com/landawn/abacus/util/Fn$$Lambda+0x000000002f13b528
instanceKlass  @bci com/landawn/abacus/util/Fn <clinit> ()V 766 <appendix> argL0 ; # com/landawn/abacus/util/Fn$$Lambda+0x000000002f13b2c0
instanceKlass  @bci com/landawn/abacus/util/Fn <clinit> ()V 758 <appendix> argL0 ; # com/landawn/abacus/util/Fn$$Lambda+0x000000002f13b070
instanceKlass  @bci com/landawn/abacus/util/Fn <clinit> ()V 750 <appendix> argL0 ; # com/landawn/abacus/util/Fn$$Lambda+0x000000002f13ae20
instanceKlass  @bci com/landawn/abacus/util/Fn <clinit> ()V 742 <appendix> argL0 ; # com/landawn/abacus/util/Fn$$Lambda+0x000000002f13ab58
instanceKlass com/landawn/abacus/util/Maps
instanceKlass  @bci com/landawn/abacus/util/Fn <clinit> ()V 734 <appendix> argL0 ; # com/landawn/abacus/util/Fn$$Lambda+0x000000002f13a640
instanceKlass  @bci com/landawn/abacus/util/Fn <clinit> ()V 726 <appendix> argL0 ; # com/landawn/abacus/util/Fn$$Lambda+0x000000002f13a338
instanceKlass  @bci com/landawn/abacus/util/Fn <clinit> ()V 718 <appendix> argL0 ; # com/landawn/abacus/util/Fn$$Lambda+0x000000002f13a030
instanceKlass  @bci com/landawn/abacus/util/Fn <clinit> ()V 710 <appendix> argL0 ; # com/landawn/abacus/util/Fn$$Lambda+0x000000002f139d28
instanceKlass  @bci com/landawn/abacus/util/Fn <clinit> ()V 702 <appendix> argL0 ; # com/landawn/abacus/util/Fn$$Lambda+0x000000002f139a20
instanceKlass  @bci com/landawn/abacus/util/Fn <clinit> ()V 694 <appendix> argL0 ; # com/landawn/abacus/util/Fn$$Lambda+0x000000002f139718
instanceKlass  @bci com/landawn/abacus/util/Fn <clinit> ()V 686 <appendix> argL0 ; # com/landawn/abacus/util/Fn$$Lambda+0x000000002f139450
instanceKlass  @bci com/landawn/abacus/util/Fn <clinit> ()V 678 <appendix> argL0 ; # com/landawn/abacus/util/Fn$$Lambda+0x000000002f139188
instanceKlass com/landawn/abacus/util/Wrapper
instanceKlass  @bci com/landawn/abacus/util/Fn <clinit> ()V 670 <appendix> argL0 ; # com/landawn/abacus/util/Fn$$Lambda+0x000000002f138a80
instanceKlass  @bci com/landawn/abacus/util/Fn <clinit> ()V 662 <appendix> argL0 ; # com/landawn/abacus/util/Fn$$Lambda+0x000000002f1387b8
instanceKlass com/landawn/abacus/util/Keyed
instanceKlass  @bci com/landawn/abacus/util/Fn <clinit> ()V 654 <appendix> argL0 ; # com/landawn/abacus/util/Fn$$Lambda+0x000000002f1382c8
instanceKlass  @bci com/landawn/abacus/util/Fn <clinit> ()V 646 <appendix> argL0 ; # com/landawn/abacus/util/Fn$$Lambda+0x000000002f138000
instanceKlass  @bci com/landawn/abacus/util/Fn <clinit> ()V 638 <appendix> argL0 ; # com/landawn/abacus/util/Fn$$Lambda+0x000000002f137b48
instanceKlass  @bci com/landawn/abacus/util/Fn <clinit> ()V 630 <appendix> argL0 ; # com/landawn/abacus/util/Fn$$Lambda+0x000000002f137840
instanceKlass  @bci com/landawn/abacus/util/Fn <clinit> ()V 622 <appendix> argL0 ; # com/landawn/abacus/util/Fn$$Lambda+0x000000002f137538
instanceKlass  @bci com/landawn/abacus/util/Fn <clinit> ()V 614 <appendix> argL0 ; # com/landawn/abacus/util/Fn$$Lambda+0x000000002f137230
instanceKlass  @bci com/landawn/abacus/util/Fn <clinit> ()V 606 <appendix> argL0 ; # com/landawn/abacus/util/Fn$$Lambda+0x000000002f136f28
instanceKlass  @bci com/landawn/abacus/util/Fn <clinit> ()V 598 <appendix> argL0 ; # com/landawn/abacus/util/Fn$$Lambda+0x000000002f136c20
instanceKlass  @bci com/landawn/abacus/util/Fn <clinit> ()V 590 <appendix> argL0 ; # com/landawn/abacus/util/Fn$$Lambda+0x000000002f136918
instanceKlass  @bci com/landawn/abacus/util/Fn <clinit> ()V 582 <appendix> argL0 ; # com/landawn/abacus/util/Fn$$Lambda+0x000000002f136610
instanceKlass  @bci com/landawn/abacus/util/Fn <clinit> ()V 574 <appendix> argL0 ; # com/landawn/abacus/util/Fn$$Lambda+0x000000002f136308
instanceKlass  @bci com/landawn/abacus/util/Fn <clinit> ()V 566 <appendix> argL0 ; # com/landawn/abacus/util/Fn$$Lambda+0x000000002f136000
instanceKlass  @bci com/landawn/abacus/util/Fn <clinit> ()V 558 <appendix> argL0 ; # com/landawn/abacus/util/Fn$$Lambda+0x000000002f133af0
instanceKlass  @bci com/landawn/abacus/util/Fn <clinit> ()V 550 <appendix> argL0 ; # com/landawn/abacus/util/Fn$$Lambda+0x000000002f133888
instanceKlass  @bci com/landawn/abacus/util/Fn <clinit> ()V 542 <appendix> argL0 ; # com/landawn/abacus/util/Fn$$Lambda+0x000000002f133620
instanceKlass  @bci com/landawn/abacus/util/Fn <clinit> ()V 534 <appendix> argL0 ; # com/landawn/abacus/util/Fn$$Lambda+0x000000002f1333b8
instanceKlass  @bci com/landawn/abacus/util/function/ToDoubleFunction <clinit> ()V 8 <appendix> argL0 ; # com/landawn/abacus/util/function/ToDoubleFunction$$Lambda+0x000000002f133150
instanceKlass  @bci com/landawn/abacus/util/function/ToDoubleFunction <clinit> ()V 0 <appendix> argL0 ; # com/landawn/abacus/util/function/ToDoubleFunction$$Lambda+0x000000002f132ee8
instanceKlass  @cpi com/landawn/abacus/util/function/ToDoubleFunction 63 form vmentry <vmtarget> ; # java/lang/invoke/LambdaForm$DMH+0x000000002f135c00
instanceKlass  @cpi com/landawn/abacus/util/Fn 3658 form vmentry <vmtarget> ; # java/lang/invoke/LambdaForm$DMH+0x000000002f135800
instanceKlass  @bci com/landawn/abacus/util/Fn <clinit> ()V 526 <appendix> argL0 ; # com/landawn/abacus/util/Fn$$Lambda+0x000000002f132c80
instanceKlass  @cpi com/landawn/abacus/util/Fn 3505 form vmentry <vmtarget> ; # java/lang/invoke/LambdaForm$DMH+0x000000002f135400
instanceKlass com/landawn/abacus/util/function/ToDoubleFunction
instanceKlass com/landawn/abacus/util/Throwables$ToDoubleFunction
instanceKlass  @bci com/landawn/abacus/util/function/ToFloatFunction <clinit> ()V 8 <appendix> argL0 ; # com/landawn/abacus/util/function/ToFloatFunction$$Lambda+0x000000002f132a30
instanceKlass  @bci com/landawn/abacus/util/function/ToFloatFunction <clinit> ()V 0 <appendix> argL0 ; # com/landawn/abacus/util/function/ToFloatFunction$$Lambda+0x000000002f1327e0
instanceKlass  @cpi com/landawn/abacus/util/function/ToFloatFunction 61 form vmentry <vmtarget> ; # java/lang/invoke/LambdaForm$DMH+0x000000002f135000
instanceKlass  @cpi com/landawn/abacus/util/Fn 3652 form vmentry <vmtarget> ; # java/lang/invoke/LambdaForm$DMH+0x000000002f134c00
instanceKlass  @bci com/landawn/abacus/util/Fn <clinit> ()V 518 <appendix> argL0 ; # com/landawn/abacus/util/Fn$$Lambda+0x000000002f132590
instanceKlass  @cpi com/landawn/abacus/util/Fn 3495 form vmentry <vmtarget> ; # java/lang/invoke/LambdaForm$DMH+0x000000002f134800
instanceKlass com/landawn/abacus/util/function/ToFloatFunction
instanceKlass com/landawn/abacus/util/Throwables$ToFloatFunction
instanceKlass  @bci com/landawn/abacus/util/function/ToLongFunction <clinit> ()V 8 <appendix> argL0 ; # com/landawn/abacus/util/function/ToLongFunction$$Lambda+0x000000002f132328
instanceKlass  @bci com/landawn/abacus/util/function/ToLongFunction <clinit> ()V 0 <appendix> argL0 ; # com/landawn/abacus/util/function/ToLongFunction$$Lambda+0x000000002f1320c0
instanceKlass  @cpi com/landawn/abacus/util/function/ToLongFunction 61 form vmentry <vmtarget> ; # java/lang/invoke/LambdaForm$DMH+0x000000002f134400
instanceKlass  @bci com/landawn/abacus/util/Fn <clinit> ()V 510 <appendix> argL0 ; # com/landawn/abacus/util/Fn$$Lambda+0x000000002f131e58
instanceKlass  @cpi com/landawn/abacus/util/Fn 3486 form vmentry <vmtarget> ; # java/lang/invoke/LambdaForm$DMH+0x000000002f134000
instanceKlass com/landawn/abacus/util/function/ToLongFunction
instanceKlass com/landawn/abacus/util/Throwables$ToLongFunction
instanceKlass  @bci com/landawn/abacus/util/function/ToIntFunction <clinit> ()V 8 <appendix> argL0 ; # com/landawn/abacus/util/function/ToIntFunction$$Lambda+0x000000002f131bf0
instanceKlass  @bci com/landawn/abacus/util/function/ToIntFunction <clinit> ()V 0 <appendix> argL0 ; # com/landawn/abacus/util/function/ToIntFunction$$Lambda+0x000000002f131988
instanceKlass  @bci com/landawn/abacus/util/Fn <clinit> ()V 502 <appendix> argL0 ; # com/landawn/abacus/util/Fn$$Lambda+0x000000002f131720
instanceKlass com/landawn/abacus/util/function/ToIntFunction
instanceKlass com/landawn/abacus/util/Throwables$ToIntFunction
instanceKlass  @bci com/landawn/abacus/util/function/ToShortFunction <clinit> ()V 8 <appendix> argL0 ; # com/landawn/abacus/util/function/ToShortFunction$$Lambda+0x000000002f1314d0
instanceKlass  @bci com/landawn/abacus/util/function/ToShortFunction <clinit> ()V 0 <appendix> argL0 ; # com/landawn/abacus/util/function/ToShortFunction$$Lambda+0x000000002f131280
instanceKlass  @bci com/landawn/abacus/util/Fn <clinit> ()V 494 <appendix> argL0 ; # com/landawn/abacus/util/Fn$$Lambda+0x000000002f131030
instanceKlass com/landawn/abacus/util/function/ToShortFunction
instanceKlass com/landawn/abacus/util/Throwables$ToShortFunction
instanceKlass  @bci com/landawn/abacus/util/function/ToByteFunction <clinit> ()V 8 <appendix> argL0 ; # com/landawn/abacus/util/function/ToByteFunction$$Lambda+0x000000002f130de0
instanceKlass  @bci com/landawn/abacus/util/function/ToByteFunction <clinit> ()V 0 <appendix> argL0 ; # com/landawn/abacus/util/function/ToByteFunction$$Lambda+0x000000002f130b90
instanceKlass  @bci com/landawn/abacus/util/Fn <clinit> ()V 486 <appendix> argL0 ; # com/landawn/abacus/util/Fn$$Lambda+0x000000002f130940
instanceKlass com/landawn/abacus/util/function/ToByteFunction
instanceKlass com/landawn/abacus/util/Throwables$ToByteFunction
instanceKlass  @bci com/landawn/abacus/util/function/ToCharFunction <clinit> ()V 0 <appendix> argL0 ; # com/landawn/abacus/util/function/ToCharFunction$$Lambda+0x000000002f1306f0
instanceKlass  @bci com/landawn/abacus/util/Fn <clinit> ()V 478 <appendix> argL0 ; # com/landawn/abacus/util/Fn$$Lambda+0x000000002f1304a0
instanceKlass com/landawn/abacus/util/function/ToCharFunction
instanceKlass com/landawn/abacus/util/Throwables$ToCharFunction
instanceKlass  @bci com/landawn/abacus/util/function/ToBooleanFunction <clinit> ()V 0 <appendix> argL0 ; # com/landawn/abacus/util/function/ToBooleanFunction$$Lambda+0x000000002f130250
instanceKlass  @bci com/landawn/abacus/util/Fn <clinit> ()V 470 <appendix> argL0 ; # com/landawn/abacus/util/Fn$$Lambda+0x000000002f130000
instanceKlass com/landawn/abacus/util/function/ToBooleanFunction
instanceKlass com/landawn/abacus/util/Throwables$ToBooleanFunction
instanceKlass  @bci com/landawn/abacus/util/Fn <clinit> ()V 462 <appendix> argL0 ; # com/landawn/abacus/util/Fn$$Lambda+0x000000002f12cb08
instanceKlass  @bci com/landawn/abacus/util/Fn <clinit> ()V 454 <appendix> argL0 ; # com/landawn/abacus/util/Fn$$Lambda+0x000000002f12c800
instanceKlass  @bci com/landawn/abacus/util/Fn <clinit> ()V 446 <appendix> argL0 ; # com/landawn/abacus/util/Fn$$Lambda+0x000000002f12dc20
instanceKlass  @bci com/landawn/abacus/util/Fn <clinit> ()V 438 <appendix> argL0 ; # com/landawn/abacus/util/Fn$$Lambda+0x000000002f12d918
instanceKlass  @bci com/landawn/abacus/util/Fn <clinit> ()V 430 <appendix> argL0 ; # com/landawn/abacus/util/Fn$$Lambda+0x000000002f12d610
instanceKlass  @bci com/landawn/abacus/util/Fn <clinit> ()V 422 <appendix> argL0 ; # com/landawn/abacus/util/Fn$$Lambda+0x000000002f12d308
instanceKlass  @bci com/landawn/abacus/util/Fn <clinit> ()V 414 <appendix> argL0 ; # com/landawn/abacus/util/Fn$$Lambda+0x000000002f12d000
instanceKlass  @bci com/landawn/abacus/util/Fn <clinit> ()V 406 <appendix> argL0 ; # com/landawn/abacus/util/Fn$$Lambda+0x000000002f12fca0
instanceKlass  @bci com/landawn/abacus/util/Fn <clinit> ()V 398 <appendix> argL0 ; # com/landawn/abacus/util/Fn$$Lambda+0x000000002f12f998
instanceKlass  @bci com/landawn/abacus/util/Fn <clinit> ()V 390 <appendix> argL0 ; # com/landawn/abacus/util/Fn$$Lambda+0x000000002f12f690
instanceKlass  @bci com/landawn/abacus/util/Fn <clinit> ()V 382 <appendix> argL0 ; # com/landawn/abacus/util/Fn$$Lambda+0x000000002f12f430
instanceKlass com/landawn/abacus/util/function/QuadFunction
instanceKlass com/landawn/abacus/util/Throwables$QuadFunction
instanceKlass  @bci com/landawn/abacus/util/Fn <clinit> ()V 374 <appendix> argL0 ; # com/landawn/abacus/util/Fn$$Lambda+0x000000002f12f1d0
instanceKlass  @bci com/landawn/abacus/util/Fn <clinit> ()V 366 <appendix> argL0 ; # com/landawn/abacus/util/Fn$$Lambda+0x000000002f12ef30
instanceKlass  @bci com/landawn/abacus/util/Fn <clinit> ()V 358 <appendix> argL0 ; # com/landawn/abacus/util/Fn$$Lambda+0x000000002f12ec68
instanceKlass  @bci com/landawn/abacus/util/Fn <clinit> ()V 350 <appendix> argL0 ; # com/landawn/abacus/util/Fn$$Lambda+0x000000002f12e7a8
instanceKlass  @cpi com/landawn/abacus/util/Fn 3383 form vmentry <vmtarget> ; # java/lang/invoke/LambdaForm$DMH+0x000000002f12c400
instanceKlass com/landawn/abacus/util/function/TriFunction
instanceKlass com/landawn/abacus/util/Throwables$TriFunction
instanceKlass  @bci com/landawn/abacus/util/Fn <clinit> ()V 342 <appendix> argL0 ; # com/landawn/abacus/util/Fn$$Lambda+0x000000002f12e508
instanceKlass  @bci com/landawn/abacus/util/Fn <clinit> ()V 334 <appendix> argL0 ; # com/landawn/abacus/util/Fn$$Lambda+0x000000002f12e268
instanceKlass  @bci com/landawn/abacus/util/Fn <clinit> ()V 326 <appendix> argL0 ; # com/landawn/abacus/util/Fn$$Lambda+0x000000002f12bc78
instanceKlass  @bci com/landawn/abacus/util/Fn <clinit> ()V 318 <appendix> argL0 ; # com/landawn/abacus/util/Fn$$Lambda+0x000000002f12b9b0
instanceKlass  @bci com/landawn/abacus/util/Fn <clinit> ()V 310 <appendix> argL0 ; # com/landawn/abacus/util/Fn$$Lambda+0x000000002f12b6e8
instanceKlass  @bci com/landawn/abacus/util/Fn <clinit> ()V 302 <appendix> argL0 ; # com/landawn/abacus/util/Fn$$Lambda+0x000000002f12b420
instanceKlass  @bci com/landawn/abacus/util/Fn <clinit> ()V 294 <appendix> argL0 ; # com/landawn/abacus/util/Fn$$Lambda+0x000000002f12b158
instanceKlass  @cpi com/landawn/abacus/util/Fn 3361 form vmentry <vmtarget> ; # java/lang/invoke/LambdaForm$DMH+0x000000002f12c000
instanceKlass  @bci com/landawn/abacus/util/Fn <clinit> ()V 286 <appendix> argL0 ; # com/landawn/abacus/util/Fn$$Lambda+0x000000002f12ae90
instanceKlass  @bci com/landawn/abacus/util/Fn <clinit> ()V 278 <appendix> argL0 ; # com/landawn/abacus/util/Fn$$Lambda+0x000000002f12abc8
instanceKlass  @bci com/landawn/abacus/util/Fn <clinit> ()V 270 <appendix> argL0 ; # com/landawn/abacus/util/Fn$$Lambda+0x000000002f12a900
instanceKlass  @bci com/landawn/abacus/util/Fn <clinit> ()V 262 <appendix> argL0 ; # com/landawn/abacus/util/Fn$$Lambda+0x000000002f12a638
instanceKlass  @bci com/landawn/abacus/util/Fn <clinit> ()V 254 <appendix> argL0 ; # com/landawn/abacus/util/Fn$$Lambda+0x000000002f12a2f0
instanceKlass  @bci com/landawn/abacus/util/Fn <clinit> ()V 246 <appendix> argL0 ; # com/landawn/abacus/util/Fn$$Lambda+0x000000002f129fa8
instanceKlass  @bci com/landawn/abacus/util/Fn <clinit> ()V 238 <appendix> argL0 ; # com/landawn/abacus/util/Fn$$Lambda+0x000000002f129c60
instanceKlass  @bci com/landawn/abacus/util/Fn <clinit> ()V 230 <appendix> argL0 ; # com/landawn/abacus/util/Fn$$Lambda+0x000000002f129918
instanceKlass  @bci com/landawn/abacus/util/Fn <clinit> ()V 222 <appendix> argL0 ; # com/landawn/abacus/util/Fn$$Lambda+0x000000002f1295d0
instanceKlass  @bci com/landawn/abacus/util/Fn <clinit> ()V 214 <appendix> argL0 ; # com/landawn/abacus/util/Fn$$Lambda+0x000000002f129288
instanceKlass  @bci com/landawn/abacus/util/Fn <clinit> ()V 206 <appendix> argL0 ; # com/landawn/abacus/util/Fn$$Lambda+0x000000002f128f40
instanceKlass  @bci com/landawn/abacus/util/Fn <clinit> ()V 198 <appendix> argL0 ; # com/landawn/abacus/util/Fn$$Lambda+0x000000002f128bf8
instanceKlass  @bci com/landawn/abacus/util/Fn <clinit> ()V 190 <appendix> argL0 ; # com/landawn/abacus/util/Fn$$Lambda+0x000000002f1288b0
instanceKlass  @bci com/landawn/abacus/util/Fn <clinit> ()V 182 <appendix> argL0 ; # com/landawn/abacus/util/Fn$$Lambda+0x000000002f128568
instanceKlass  @bci com/landawn/abacus/util/Fn <clinit> ()V 174 <appendix> argL0 ; # com/landawn/abacus/util/Fn$$Lambda+0x000000002f1282a0
instanceKlass  @bci com/landawn/abacus/util/Fn <clinit> ()V 166 <appendix> argL0 ; # com/landawn/abacus/util/Fn$$Lambda+0x000000002f128000
instanceKlass  @bci com/landawn/abacus/util/Fn <clinit> ()V 158 <appendix> argL0 ; # com/landawn/abacus/util/Fn$$Lambda+0x000000002f125d20
instanceKlass  @bci com/landawn/abacus/util/Fn <clinit> ()V 150 <appendix> argL0 ; # com/landawn/abacus/util/Fn$$Lambda+0x000000002f1259d8
instanceKlass  @bci com/landawn/abacus/util/Fn <clinit> ()V 142 <appendix> argL0 ; # com/landawn/abacus/util/Fn$$Lambda+0x000000002f125690
instanceKlass  @bci com/landawn/abacus/util/Fn <clinit> ()V 134 <appendix> argL0 ; # com/landawn/abacus/util/Fn$$Lambda+0x000000002f125348
instanceKlass  @bci com/landawn/abacus/util/Fn <clinit> ()V 126 <appendix> argL0 ; # com/landawn/abacus/util/Fn$$Lambda+0x000000002f125000
instanceKlass  @bci com/landawn/abacus/util/Fn <clinit> ()V 118 <appendix> argL0 ; # com/landawn/abacus/util/Fn$$Lambda+0x000000002f127c28
instanceKlass com/landawn/abacus/util/function/UnaryOperator
instanceKlass com/landawn/abacus/util/Throwables$UnaryOperator
instanceKlass  @bci com/landawn/abacus/util/Fn <clinit> ()V 110 <appendix> argL0 ; # com/landawn/abacus/util/Fn$$Lambda+0x000000002f127960
instanceKlass  @bci com/landawn/abacus/util/Fn <clinit> ()V 102 <appendix> argL0 ; # com/landawn/abacus/util/Fn$$Lambda+0x000000002f1276c0
instanceKlass java/util/function/ToDoubleFunction
instanceKlass  @bci com/landawn/abacus/util/Fn <clinit> ()V 94 <appendix> argL0 ; # com/landawn/abacus/util/Fn$$Lambda+0x000000002f123ce0
instanceKlass  @bci com/landawn/abacus/util/Fn <clinit> ()V 86 <appendix> argL0 ; # com/landawn/abacus/util/Fn$$Lambda+0x000000002f123a40
instanceKlass  @bci com/landawn/abacus/util/Fn <clinit> ()V 78 <appendix> argL0 ; # com/landawn/abacus/util/Fn$$Lambda+0x000000002f1237a0
instanceKlass  @bci com/landawn/abacus/util/Fn <clinit> ()V 70 <appendix> argL0 ; # com/landawn/abacus/util/Fn$$Lambda+0x000000002f123500
instanceKlass  @bci com/landawn/abacus/util/Fn <clinit> ()V 62 <appendix> argL0 ; # com/landawn/abacus/util/Fn$$Lambda+0x000000002f123260
instanceKlass  @bci com/landawn/abacus/util/Fn <clinit> ()V 54 <appendix> argL0 ; # com/landawn/abacus/util/Fn$$Lambda+0x000000002f122fc0
instanceKlass  @bci com/landawn/abacus/util/Fn <clinit> ()V 46 <appendix> argL0 ; # com/landawn/abacus/util/Fn$$Lambda+0x000000002f122d20
instanceKlass  @bci com/landawn/abacus/util/Fn <clinit> ()V 38 <appendix> argL0 ; # com/landawn/abacus/util/Fn$$Lambda+0x000000002f122a80
instanceKlass com/landawn/abacus/util/function/BiConsumer
instanceKlass com/landawn/abacus/util/Throwables$BiConsumer
instanceKlass  @bci com/landawn/abacus/util/Fn <clinit> ()V 30 <appendix> argL0 ; # com/landawn/abacus/util/Fn$$Lambda+0x000000002f1227e0
instanceKlass  @bci com/landawn/abacus/util/Fn <clinit> ()V 22 <appendix> argL0 ; # com/landawn/abacus/util/Fn$$Lambda+0x000000002f122540
instanceKlass  @bci com/landawn/abacus/util/Fn <clinit> ()V 14 <appendix> argL0 ; # com/landawn/abacus/util/Fn$$Lambda+0x000000002f1222a0
instanceKlass  @cpi com/landawn/abacus/util/stream/StreamBase 2326 form vmentry <vmtarget> ; # java/lang/invoke/LambdaForm$DMH+0x000000002f124c00
instanceKlass  @cpi com/landawn/abacus/util/Fn 3248 form vmentry <vmtarget> ; # java/lang/invoke/LambdaForm$DMH+0x000000002f124800
instanceKlass com/landawn/abacus/util/function/Consumer
instanceKlass com/landawn/abacus/util/Throwables$Consumer
instanceKlass  @bci com/landawn/abacus/util/Fn <clinit> ()V 6 <appendix> argL0 ; # com/landawn/abacus/util/Fn$$Lambda+0x000000002f122018
instanceKlass  @cpi com/landawn/abacus/util/stream/StreamBase 2314 form vmentry <vmtarget> ; # java/lang/invoke/LambdaForm$DMH+0x000000002f124400
instanceKlass com/landawn/abacus/util/function/Function
instanceKlass com/landawn/abacus/util/Throwables$Function
instanceKlass com/landawn/abacus/util/function/Predicate
instanceKlass com/landawn/abacus/util/Throwables$Predicate
instanceKlass com/landawn/abacus/util/function/Runnable
instanceKlass com/landawn/abacus/util/function/BinaryOperator
instanceKlass com/landawn/abacus/util/Throwables$BinaryOperator
instanceKlass com/landawn/abacus/util/function/BiFunction
instanceKlass com/landawn/abacus/util/Throwables$BiFunction
instanceKlass com/landawn/abacus/util/Fn
instanceKlass  @bci com/landawn/abacus/util/Beans <clinit> ()V 585 <appendix> argL0 ; # com/landawn/abacus/util/Beans$$Lambda+0x000000002f121bb8
instanceKlass  @cpi com/landawn/abacus/util/stream/StreamBase 2319 form vmentry <vmtarget> ; # java/lang/invoke/LambdaForm$DMH+0x000000002f124000
instanceKlass  @bci com/landawn/abacus/util/Beans <clinit> ()V 564 <appendix> argL0 ; # com/landawn/abacus/util/Beans$$Lambda+0x000000002f121990
instanceKlass  @bci com/landawn/abacus/util/Beans <clinit> ()V 538 <appendix> argL0 ; # com/landawn/abacus/util/Beans$$Lambda+0x000000002f121738
instanceKlass com/landawn/abacus/util/Beans$BuilderInfo
instanceKlass com/landawn/abacus/util/Beans$ClassCache
instanceKlass com/landawn/abacus/parser/ParserConfig
instanceKlass com/landawn/abacus/util/Beans
instanceKlass  @bci com/landawn/abacus/query/QueryUtil getNoExclusionPropNames (Ljava/lang/Class;I)Lcom/landawn/abacus/util/ImmutableList; 4 <appendix> argL0 ; # com/landawn/abacus/query/QueryUtil$$Lambda+0x000000002f120660
instanceKlass com/landawn/abacus/query/AbstractQueryBuilder$MutationCheckpoint
instanceKlass  @bci com/landawn/abacus/query/AbstractQueryBuilder appendFromClause (Ljava/lang/String;Ljava/lang/String;)Lcom/landawn/abacus/query/AbstractQueryBuilder; 4 <appendix> member <vmtarget> ; # com/landawn/abacus/query/AbstractQueryBuilder$$Lambda+0x000000002f120000
instanceKlass  @bci com/landawn/abacus/util/Strings repeat (Ljava/lang/String;ILjava/lang/String;Ljava/lang/String;Ljava/lang/String;)Ljava/lang/String; 112 <appendix> form vmentry <vmtarget> ; # java/lang/invoke/LambdaForm$MH+0x000000002f11b800
instanceKlass com/landawn/abacus/query/QueryUtil
instanceKlass  @bci BuilderBenchmark cases ()Ljava/util/List; 626 <appendix> argL0 ; # BuilderBenchmark$$Lambda+0x000000002f11ea28
instanceKlass  @bci com/landawn/abacus/query/SqlDialect$ProductInfo hashCode ()I 1 <appendix> form vmentry <vmtarget> ; # java/lang/invoke/LambdaForm$MH+0x000000002f11b000
# instanceKlass java/lang/invoke/LambdaForm$MH+0x000000002f11ac00
# instanceKlass java/lang/invoke/LambdaForm$MH+0x000000002f11a800
instanceKlass  @bci com/landawn/abacus/query/SqlDialect$ProductInfo hashCode ()I 1 <appendix> argL1 form vmentry <vmtarget> ; # java/lang/invoke/LambdaForm$MH+0x000000002f11a400
instanceKlass  @bci com/landawn/abacus/query/SqlDialect$ProductInfo hashCode ()I 1 <appendix> argL2 argL2 form vmentry <vmtarget> ; # java/lang/invoke/LambdaForm$MH+0x000000002f11a000
instanceKlass  @bci java/lang/runtime/ObjectMethods bootstrap (Ljava/lang/invoke/MethodHandles$Lookup;Ljava/lang/String;Ljava/lang/invoke/TypeDescriptor;Ljava/lang/Class;Ljava/lang/String;[Ljava/lang/invoke/MethodHandle;)Ljava/lang/Object; 37 <appendix> argL0 ; # java/lang/runtime/ObjectMethods$$Lambda+0x800000015
instanceKlass java/lang/invoke/DirectMethodHandle$1
instanceKlass sun/invoke/util/ValueConversions$WrapperCache
instanceKlass java/lang/invoke/MethodHandleImpl$2
instanceKlass java/lang/runtime/ObjectMethods
instanceKlass  @bci com/landawn/abacus/util/NamingPolicy <clinit> ()V 97 <appendix> argL0 ; # com/landawn/abacus/util/NamingPolicy$$Lambda+0x000000002f11dd60
instanceKlass  @bci com/landawn/abacus/util/NamingPolicy <clinit> ()V 79 <appendix> argL0 ; # com/landawn/abacus/util/NamingPolicy$$Lambda+0x000000002f11db18
instanceKlass  @bci com/landawn/abacus/util/NamingPolicy <clinit> ()V 61 <appendix> argL0 ; # com/landawn/abacus/util/NamingPolicy$$Lambda+0x000000002f11d8d0
instanceKlass  @bci com/landawn/abacus/util/NamingPolicy <clinit> ()V 43 <appendix> argL0 ; # com/landawn/abacus/util/NamingPolicy$$Lambda+0x000000002f11d688
instanceKlass  @bci com/landawn/abacus/util/NamingPolicy <clinit> ()V 25 <appendix> argL0 ; # com/landawn/abacus/util/NamingPolicy$$Lambda+0x000000002f11d440
instanceKlass  @bci com/landawn/abacus/util/NamingPolicy <clinit> ()V 7 <appendix> argL0 ; # com/landawn/abacus/util/NamingPolicy$$Lambda+0x000000002f11d1f8
instanceKlass com/landawn/abacus/query/SqlDialect$SqlDialectBuilder
instanceKlass  @bci com/landawn/abacus/query/SqlDialect <clinit> ()V 0 <appendix> argL0 ; # com/landawn/abacus/query/SqlDialect$$Lambda+0x000000002f11cb20
instanceKlass  @cpi com/landawn/abacus/util/stream/StreamBase 2323 form vmentry <vmtarget> ; # java/lang/invoke/LambdaForm$DMH+0x000000002f119c00
# instanceKlass java/lang/invoke/LambdaForm$DMH+0x000000002f119800
instanceKlass com/landawn/abacus/query/SqlDialect
instanceKlass com/landawn/abacus/query/Dsl
instanceKlass sun/reflect/misc/ReflectUtil
instanceKlass java/util/concurrent/atomic/AtomicIntegerFieldUpdater
instanceKlass com/landawn/abacus/pool/ActivityPrint
instanceKlass com/landawn/abacus/pool/AbstractPoolable
instanceKlass com/landawn/abacus/util/Objectory
instanceKlass  @bci com/landawn/abacus/query/ParsedSql subscriptSeparators ()[[Ljava/lang/String; 15 <appendix> argL0 ; # com/landawn/abacus/query/ParsedSql$$Lambda+0x000000002f116f38
instanceKlass com/landawn/abacus/query/SqlParser$Tokenizer
instanceKlass java/util/Collections$ReverseComparator2
instanceKlass java/util/Collections$ReverseComparator
instanceKlass  @bci com/landawn/abacus/query/SqlParser$TokenizerConfig <clinit> ()V 0 <appendix> argL0 ; # com/landawn/abacus/query/SqlParser$TokenizerConfig$$Lambda+0x000000002f116af8
instanceKlass com/landawn/abacus/query/SqlParser$TokenizerConfig
instanceKlass com/landawn/abacus/query/SqlParser
instanceKlass java/util/concurrent/ForkJoinPool$ManagedBlocker
instanceKlass java/util/concurrent/locks/AbstractQueuedSynchronizer$Node
instanceKlass java/util/concurrent/Executors$RunnableAdapter
instanceKlass java/util/concurrent/FutureTask$WaitNode
instanceKlass java/util/concurrent/FutureTask
instanceKlass  @bci com/landawn/abacus/pool/GenericKeyedObjectPool scheduleEvictionTask ()V 18 <appendix> member <vmtarget> ; # com/landawn/abacus/pool/GenericKeyedObjectPool$$Lambda+0x000000002f1164a0
instanceKlass  @bci java/util/Comparator comparingLong (Ljava/util/function/ToLongFunction;)Ljava/util/Comparator; 6 <appendix> member <vmtarget> ; # java/util/Comparator$$Lambda+0x000000002f1487f0
instanceKlass  @bci com/landawn/abacus/pool/GenericKeyedObjectPool createComparator ()Ljava/util/Comparator; 44 <appendix> argL0 ; # com/landawn/abacus/pool/GenericKeyedObjectPool$$Lambda+0x000000002f116278
instanceKlass  @cpi com/landawn/abacus/util/Fn 3646 form vmentry <vmtarget> ; # java/lang/invoke/LambdaForm$DMH+0x000000002f119400
instanceKlass java/util/function/ToLongFunction
instanceKlass com/landawn/abacus/pool/GenericKeyedObjectPool$1
instanceKlass java/lang/Thread$ThreadNumbering
instanceKlass  @bci com/landawn/abacus/pool/AbstractPool initShutdownHook ()V 12 <appendix> member <vmtarget> ; # com/landawn/abacus/pool/AbstractPool$$Lambda+0x000000002f115e38
instanceKlass  @cpi java/lang/reflect/ProxyGenerator$ProxyMethod 445 form vmentry <vmtarget> ; # java/lang/invoke/LambdaForm$DMH+0x000000002f119000
instanceKlass  @bci com/landawn/abacus/util/MoreExecutors addDelayedShutdownHook (Ljava/util/concurrent/ExecutorService;JLjava/util/concurrent/TimeUnit;)V 29 <adapter> ; # java/lang/invoke/LambdaForm$MH+0x000000002f118c00
# instanceKlass java/lang/invoke/LambdaForm$DMH+0x000000002f118800
instanceKlass  @bci com/landawn/abacus/util/MoreExecutors addDelayedShutdownHook (Ljava/util/concurrent/ExecutorService;JLjava/util/concurrent/TimeUnit;)V 29 <appendix> form vmentry <vmtarget> ; # java/lang/invoke/LambdaForm$DMH+0x000000002f118400
instanceKlass  @bci com/landawn/abacus/util/MoreExecutors addDelayedShutdownHook (Ljava/util/concurrent/ExecutorService;JLjava/util/concurrent/TimeUnit;)V 29 <appendix> member <vmtarget> ; # com/landawn/abacus/util/MoreExecutors$$Lambda+0x000000002f1157b0
instanceKlass  @cpi com/landawn/abacus/util/MoreExecutors 199 form vmentry <vmtarget> ; # java/lang/invoke/LambdaForm$DMH+0x000000002f118000
instanceKlass java/util/concurrent/Executors$DelegatedExecutorService
instanceKlass com/landawn/abacus/util/MoreExecutors$1
instanceKlass com/landawn/abacus/util/MoreExecutors
instanceKlass java/util/concurrent/Executors$DefaultThreadFactory
instanceKlass java/util/concurrent/Executors
instanceKlass java/util/concurrent/locks/AbstractQueuedSynchronizer$ConditionObject
instanceKlass java/util/concurrent/locks/Condition
instanceKlass java/util/concurrent/RunnableScheduledFuture
instanceKlass java/util/concurrent/ScheduledFuture
instanceKlass java/util/concurrent/Delayed
instanceKlass java/util/concurrent/RunnableFuture
instanceKlass java/util/concurrent/ThreadPoolExecutor$AbortPolicy
instanceKlass java/util/concurrent/RejectedExecutionHandler
instanceKlass com/landawn/abacus/pool/AbstractPool
instanceKlass com/landawn/abacus/pool/ObjectPool
instanceKlass com/landawn/abacus/pool/KeyedObjectPool
instanceKlass com/landawn/abacus/pool/Pool
instanceKlass com/landawn/abacus/pool/PoolFactory
instanceKlass  @bci com/landawn/abacus/util/IOUtil <clinit> ()V 640 <appendix> argL0 ; # com/landawn/abacus/util/IOUtil$$Lambda+0x000000002f114a98
instanceKlass  @bci com/landawn/abacus/util/IOUtil <clinit> ()V 632 <appendix> argL0 ; # com/landawn/abacus/util/IOUtil$$Lambda+0x000000002f1147a8
instanceKlass  @bci com/landawn/abacus/util/IOUtil <clinit> ()V 624 <appendix> argL0 ; # com/landawn/abacus/util/IOUtil$$Lambda+0x000000002f1144b8
instanceKlass  @bci com/landawn/abacus/util/IOUtil <clinit> ()V 616 <appendix> argL0 ; # com/landawn/abacus/util/IOUtil$$Lambda+0x000000002f1141c8
instanceKlass com/landawn/abacus/util/function/BiPredicate
instanceKlass java/util/function/BiPredicate
instanceKlass com/landawn/abacus/util/IOUtil$LineIterationOptions$LineIterationOptionsBuilder
instanceKlass com/landawn/abacus/util/IOUtil$LineIterationOptions
instanceKlass jdk/internal/math/ToDecimal
instanceKlass  @bci com/landawn/abacus/util/Numbers <clinit> ()V 4116 <appendix> argL0 ; # com/landawn/abacus/util/Numbers$$Lambda+0x000000002f113900
instanceKlass  @bci com/landawn/abacus/util/Numbers <clinit> ()V 4101 <appendix> argL0 ; # com/landawn/abacus/util/Numbers$$Lambda+0x000000002f1136a0
instanceKlass  @bci com/landawn/abacus/util/Numbers <clinit> ()V 4085 <appendix> argL0 ; # com/landawn/abacus/util/Numbers$$Lambda+0x000000002f113440
instanceKlass  @bci com/landawn/abacus/util/Numbers <clinit> ()V 4069 <appendix> argL0 ; # com/landawn/abacus/util/Numbers$$Lambda+0x000000002f1131e0
instanceKlass  @bci com/landawn/abacus/util/Numbers <clinit> ()V 4053 <appendix> argL0 ; # com/landawn/abacus/util/Numbers$$Lambda+0x000000002f112f80
instanceKlass  @bci com/landawn/abacus/util/Numbers <clinit> ()V 4037 <appendix> argL0 ; # com/landawn/abacus/util/Numbers$$Lambda+0x000000002f112d20
instanceKlass  @bci com/landawn/abacus/util/Numbers <clinit> ()V 4021 <appendix> argL0 ; # com/landawn/abacus/util/Numbers$$Lambda+0x000000002f112ac0
instanceKlass  @bci com/landawn/abacus/util/Numbers <clinit> ()V 3983 <appendix> argL0 ; # com/landawn/abacus/util/Numbers$$Lambda+0x000000002f112860
instanceKlass  @bci com/landawn/abacus/util/Numbers <clinit> ()V 3955 <appendix> argL0 ; # com/landawn/abacus/util/Numbers$$Lambda+0x000000002f112600
instanceKlass  @bci com/landawn/abacus/util/Numbers <clinit> ()V 3939 <appendix> argL0 ; # com/landawn/abacus/util/Numbers$$Lambda+0x000000002f1123a0
instanceKlass  @bci com/landawn/abacus/util/Numbers <clinit> ()V 3923 <appendix> argL0 ; # com/landawn/abacus/util/Numbers$$Lambda+0x000000002f112140
instanceKlass  @bci com/landawn/abacus/util/Numbers <clinit> ()V 3907 <appendix> argL0 ; # com/landawn/abacus/util/Numbers$$Lambda+0x000000002f111ee0
instanceKlass  @bci com/landawn/abacus/util/Numbers <clinit> ()V 3891 <appendix> argL0 ; # com/landawn/abacus/util/Numbers$$Lambda+0x000000002f111c80
instanceKlass  @bci com/landawn/abacus/util/Numbers <clinit> ()V 3875 <appendix> argL0 ; # com/landawn/abacus/util/Numbers$$Lambda+0x000000002f111a20
instanceKlass  @bci com/landawn/abacus/util/Numbers <clinit> ()V 3836 <appendix> argL0 ; # com/landawn/abacus/util/Numbers$$Lambda+0x000000002f1117c0
instanceKlass  @bci com/landawn/abacus/util/Numbers <clinit> ()V 3821 <appendix> argL0 ; # com/landawn/abacus/util/Numbers$$Lambda+0x000000002f111560
instanceKlass  @bci com/landawn/abacus/util/Numbers <clinit> ()V 3792 <appendix> argL0 ; # com/landawn/abacus/util/Numbers$$Lambda+0x000000002f111300
instanceKlass  @bci com/landawn/abacus/util/Numbers <clinit> ()V 3776 <appendix> argL0 ; # com/landawn/abacus/util/Numbers$$Lambda+0x000000002f1110a0
instanceKlass  @bci com/landawn/abacus/util/Numbers <clinit> ()V 3760 <appendix> argL0 ; # com/landawn/abacus/util/Numbers$$Lambda+0x000000002f110e40
instanceKlass  @bci com/landawn/abacus/util/Numbers <clinit> ()V 3744 <appendix> argL0 ; # com/landawn/abacus/util/Numbers$$Lambda+0x000000002f110be0
instanceKlass  @bci com/landawn/abacus/util/Numbers <clinit> ()V 3728 <appendix> argL0 ; # com/landawn/abacus/util/Numbers$$Lambda+0x000000002f110980
instanceKlass  @bci com/landawn/abacus/util/Numbers <clinit> ()V 3689 <appendix> argL0 ; # com/landawn/abacus/util/Numbers$$Lambda+0x000000002f110720
instanceKlass  @bci com/landawn/abacus/util/Numbers <clinit> ()V 3674 <appendix> argL0 ; # com/landawn/abacus/util/Numbers$$Lambda+0x000000002f1104c0
instanceKlass  @bci com/landawn/abacus/util/Numbers <clinit> ()V 3659 <appendix> argL0 ; # com/landawn/abacus/util/Numbers$$Lambda+0x000000002f110260
instanceKlass  @bci com/landawn/abacus/util/Numbers <clinit> ()V 3629 <appendix> argL0 ; # com/landawn/abacus/util/Numbers$$Lambda+0x000000002f110000
instanceKlass  @bci com/landawn/abacus/util/Numbers <clinit> ()V 3613 <appendix> argL0 ; # com/landawn/abacus/util/Numbers$$Lambda+0x000000002f10d400
instanceKlass  @bci com/landawn/abacus/util/Numbers <clinit> ()V 3597 <appendix> argL0 ; # com/landawn/abacus/util/Numbers$$Lambda+0x000000002f10dcc0
instanceKlass  @bci com/landawn/abacus/util/Numbers <clinit> ()V 3581 <appendix> argL0 ; # com/landawn/abacus/util/Numbers$$Lambda+0x000000002f10da60
instanceKlass  @bci com/landawn/abacus/util/Numbers <clinit> ()V 3482 <appendix> argL0 ; # com/landawn/abacus/util/Numbers$$Lambda+0x000000002f10d800
instanceKlass  @bci com/landawn/abacus/util/Numbers <clinit> ()V 3466 <appendix> argL0 ; # com/landawn/abacus/util/Numbers$$Lambda+0x000000002f10fc80
instanceKlass  @bci com/landawn/abacus/util/Numbers <clinit> ()V 3450 <appendix> argL0 ; # com/landawn/abacus/util/Numbers$$Lambda+0x000000002f10fa20
instanceKlass  @cpi com/landawn/abacus/util/Numbers 2559 form vmentry <vmtarget> ; # java/lang/invoke/LambdaForm$DMH+0x000000002f10d000
instanceKlass  @bci com/landawn/abacus/util/Numbers <clinit> ()V 3339 <appendix> argL0 ; # com/landawn/abacus/util/Numbers$$Lambda+0x000000002f10f7c0
instanceKlass  @bci com/landawn/abacus/util/Numbers <clinit> ()V 3323 <appendix> argL0 ; # com/landawn/abacus/util/Numbers$$Lambda+0x000000002f10f560
instanceKlass  @bci com/landawn/abacus/util/Numbers <clinit> ()V 3200 <appendix> argL0 ; # com/landawn/abacus/util/Numbers$$Lambda+0x000000002f10f300
instanceKlass  @cpi com/landawn/abacus/util/Numbers 2557 form vmentry <vmtarget> ; # java/lang/invoke/LambdaForm$DMH+0x000000002f10cc00
instanceKlass  @bci java/util/function/UnaryOperator identity ()Ljava/util/function/UnaryOperator; 0 <appendix> argL0 ; # java/util/function/UnaryOperator$$Lambda+0x000000002f145a00
instanceKlass  @bci com/landawn/abacus/util/Numbers <clinit> ()V 3030 <appendix> argL0 ; # com/landawn/abacus/util/Numbers$$Lambda+0x000000002f10f0a0
instanceKlass  @bci com/landawn/abacus/util/Numbers <clinit> ()V 3014 <appendix> argL0 ; # com/landawn/abacus/util/Numbers$$Lambda+0x000000002f10ee40
instanceKlass  @cpi com/landawn/abacus/util/Numbers 2556 form vmentry <vmtarget> ; # java/lang/invoke/LambdaForm$DMH+0x000000002f10c800
instanceKlass  @bci com/landawn/abacus/util/Numbers <clinit> ()V 2997 <appendix> argL0 ; # com/landawn/abacus/util/Numbers$$Lambda+0x000000002f10ebe0
instanceKlass  @bci com/landawn/abacus/util/Numbers <clinit> ()V 2981 <appendix> argL0 ; # com/landawn/abacus/util/Numbers$$Lambda+0x000000002f10e980
instanceKlass  @cpi com/landawn/abacus/util/Numbers 2555 form vmentry <vmtarget> ; # java/lang/invoke/LambdaForm$DMH+0x000000002f10c400
instanceKlass  @bci com/landawn/abacus/util/Numbers <clinit> ()V 2866 <appendix> argL0 ; # com/landawn/abacus/util/Numbers$$Lambda+0x000000002f10e720
instanceKlass  @bci com/landawn/abacus/util/Numbers <clinit> ()V 2859 <appendix> argL0 ; # com/landawn/abacus/util/Numbers$$Lambda+0x000000002f10e4c0
instanceKlass  @bci com/landawn/abacus/util/Numbers <clinit> ()V 2853 <appendix> argL0 ; # com/landawn/abacus/util/Numbers$$Lambda+0x000000002f10e260
instanceKlass  @bci com/landawn/abacus/util/Numbers <clinit> ()V 2847 <appendix> argL0 ; # com/landawn/abacus/util/Numbers$$Lambda+0x000000002f10e000
instanceKlass  @bci com/landawn/abacus/util/Numbers <clinit> ()V 2841 <appendix> argL0 ; # com/landawn/abacus/util/Numbers$$Lambda+0x000000002f10bd58
instanceKlass  @bci com/landawn/abacus/util/Numbers <clinit> ()V 2835 <appendix> argL0 ; # com/landawn/abacus/util/Numbers$$Lambda+0x000000002f10baf8
instanceKlass  @bci com/landawn/abacus/util/Numbers <clinit> ()V 2586 <appendix> argL0 ; # com/landawn/abacus/util/Numbers$$Lambda+0x000000002f10b8d0
instanceKlass jdk/internal/vm/ThreadContainers
instanceKlass java/util/concurrent/ForkJoinPool$DefaultForkJoinWorkerThreadFactory
instanceKlass java/util/concurrent/ForkJoinPool$1
instanceKlass jdk/internal/access/JavaUtilConcurrentFJPAccess
instanceKlass java/util/concurrent/ForkJoinPool$WorkQueue
instanceKlass jdk/internal/vm/StackableScope
instanceKlass java/util/concurrent/CountDownLatch
instanceKlass java/util/concurrent/ForkJoinPool$ForkJoinWorkerThreadFactory
instanceKlass java/util/concurrent/ScheduledExecutorService
instanceKlass java/util/concurrent/AbstractExecutorService
instanceKlass java/util/concurrent/ExecutorService
instanceKlass java/util/concurrent/Executor
instanceKlass java/util/concurrent/ForkJoinTask$Aux
instanceKlass java/util/concurrent/ForkJoinTask
instanceKlass java/util/concurrent/Future
instanceKlass com/landawn/abacus/util/Numbers
instanceKlass  @bci com/landawn/abacus/util/Splitter with (C)Lcom/landawn/abacus/util/Splitter; 5 <appendix> member <vmtarget> ; # com/landawn/abacus/util/Splitter$$Lambda+0x000000002f10b248
instanceKlass  @cpi com/landawn/abacus/util/Splitter 483 form vmentry <vmtarget> ; # java/lang/invoke/LambdaForm$DMH+0x000000002f10c000
instanceKlass com/landawn/abacus/util/Charsets
instanceKlass com/landawn/abacus/util/Throwables$Runnable
instanceKlass java/nio/file/FileVisitor
instanceKlass com/landawn/abacus/util/Throwables$BiPredicate
instanceKlass com/landawn/abacus/util/IOUtil
instanceKlass com/landawn/abacus/pool/Poolable
instanceKlass com/landawn/abacus/query/ParsedSql
instanceKlass  @bci com/landawn/abacus/query/condition/AbstractCondition validateNonQuantifiedValueOperands (Ljava/util/Collection;Ljava/lang/String;)V 33 <appendix> form vmentry <vmtarget> ; # java/lang/invoke/LambdaForm$MH+0x000000002f105800
instanceKlass java/util/stream/Sink$ChainedInt
instanceKlass java/util/stream/Sink$OfInt
instanceKlass java/util/function/IntConsumer
instanceKlass java/util/stream/Nodes$ArrayNode
instanceKlass java/util/stream/Node$Builder
instanceKlass java/util/stream/Node$OfDouble
instanceKlass java/util/stream/Node$OfLong
instanceKlass java/util/stream/Node$OfInt
instanceKlass java/util/stream/Node$OfPrimitive
instanceKlass java/util/stream/Nodes$EmptyNode
instanceKlass java/util/stream/Node
instanceKlass java/util/stream/Nodes
instanceKlass  @bci java/util/stream/ReferencePipeline toArray ()[Ljava/lang/Object; 1 <appendix> argL0 ; # java/util/stream/ReferencePipeline$$Lambda+0x000000002f141f50
instanceKlass  @bci java/util/stream/IntPipeline boxed ()Ljava/util/stream/Stream; 1 <appendix> argL0 ; # java/util/stream/IntPipeline$$Lambda+0x000000002f141800
instanceKlass java/util/stream/Streams$RangeIntSpliterator
instanceKlass java/util/Spliterator$OfInt
instanceKlass java/util/Spliterator$OfPrimitive
instanceKlass java/util/stream/IntStream
instanceKlass  @bci com/landawn/abacus/query/condition/AbstractIn <init> (Ljava/util/Collection;Lcom/landawn/abacus/query/condition/Operator;Ljava/util/Collection;)V 128 <appendix> form vmentry <vmtarget> ; # java/lang/invoke/LambdaForm$MH+0x000000002f105000
instanceKlass java/util/Base64$Decoder
instanceKlass java/util/Base64$Encoder
instanceKlass java/util/Base64
instanceKlass  @bci com/landawn/abacus/util/Splitter with (Ljava/util/regex/Pattern;)Lcom/landawn/abacus/util/Splitter; 35 <appendix> member <vmtarget> ; # com/landawn/abacus/util/Splitter$$Lambda+0x000000002f101f18
instanceKlass  @cpi com/landawn/abacus/util/Splitter 489 form vmentry <vmtarget> ; # java/lang/invoke/LambdaForm$DMH+0x000000002f104c00
instanceKlass com/landawn/abacus/util/Splitter$Strategy
instanceKlass  @bci java/util/regex/Pattern union (Ljava/util/regex/Pattern$CharPredicate;Ljava/util/regex/Pattern$CharPredicate;Ljava/util/regex/Pattern$CharPredicate;Z)Ljava/util/regex/Pattern$CharPredicate; 16 <appendix> member <vmtarget> ; # java/util/regex/Pattern$$Lambda+0x000000002f140268
instanceKlass  @cpi java/util/regex/Pattern 1453 form vmentry <vmtarget> ; # java/lang/invoke/LambdaForm$DMH+0x000000002f104800
instanceKlass  @bci java/util/regex/CharPredicates JOIN_CONTROL ()Ljava/util/regex/Pattern$CharPredicate; 0 <appendix> argL0 ; # java/util/regex/CharPredicates$$Lambda+0x000000002f140000
instanceKlass  @bci java/util/regex/CharPredicates WORD ()Ljava/util/regex/Pattern$CharPredicate; 3 <appendix> argL0 ; # java/util/regex/CharPredicates$$Lambda+0x000000002f0bfd68
instanceKlass  @bci java/util/regex/CharPredicates ALPHABETIC ()Ljava/util/regex/Pattern$CharPredicate; 0 <appendix> argL0 ; # java/util/regex/CharPredicates$$Lambda+0x000000002f0bfb00
instanceKlass  @bci java/util/regex/Pattern negate (Ljava/util/regex/Pattern$CharPredicate;)Ljava/util/regex/Pattern$CharPredicate; 1 <appendix> member <vmtarget> ; # java/util/regex/Pattern$$Lambda+0x80000002f
instanceKlass  @bci java/util/regex/Pattern SingleI (II)Ljava/util/regex/Pattern$BmpCharPredicate; 2 <appendix> member <vmtarget> ; # java/util/regex/Pattern$$Lambda+0x000000002f0bf640
instanceKlass  @bci java/util/regex/Pattern union (Ljava/util/regex/Pattern$CharPredicate;Ljava/util/regex/Pattern$CharPredicate;Z)Ljava/util/regex/Pattern$CharPredicate; 14 <appendix> member <vmtarget> ; # java/util/regex/Pattern$$Lambda+0x000000002f0bf198
instanceKlass  @bci java/util/regex/Pattern CIRange (II)Ljava/util/regex/Pattern$CharPredicate; 2 <appendix> member <vmtarget> ; # java/util/regex/Pattern$$Lambda+0x000000002f0bef30
instanceKlass  @bci java/util/regex/CharPredicates ASCII_SPACE ()Ljava/util/regex/Pattern$BmpCharPredicate; 0 <appendix> argL0 ; # java/util/regex/CharPredicates$$Lambda+0x800000025
instanceKlass  @bci java/util/regex/CharPredicates forProperty (Ljava/lang/String;Z)Ljava/util/regex/Pattern$CharPredicate; 2665 <appendix> argL0 ; # java/util/regex/CharPredicates$$Lambda+0x000000002f0be860
instanceKlass  @bci java/util/regex/CharPredicates forProperty (Ljava/lang/String;Z)Ljava/util/regex/Pattern$CharPredicate; 2657 <appendix> argL0 ; # java/util/regex/CharPredicates$$Lambda+0x000000002f0be5f8
instanceKlass com/landawn/abacus/util/RegExUtil
instanceKlass  @bci com/landawn/abacus/util/Splitter <clinit> ()V 28 <appendix> argL0 ; # com/landawn/abacus/util/Splitter$$Lambda+0x000000002f101ae0
instanceKlass  @bci com/landawn/abacus/util/Splitter <clinit> ()V 20 <appendix> argL0 ; # com/landawn/abacus/util/Splitter$$Lambda+0x000000002f1018b8
instanceKlass  @bci com/landawn/abacus/util/Splitter <clinit> ()V 12 <appendix> argL0 ; # com/landawn/abacus/util/Splitter$$Lambda+0x000000002f101690
instanceKlass  @cpi com/landawn/abacus/util/Splitter 493 form vmentry <vmtarget> ; # java/lang/invoke/LambdaForm$DMH+0x000000002f104400
# instanceKlass java/lang/invoke/LambdaForm$DMH+0x000000002f104000
instanceKlass com/landawn/abacus/util/Splitter$SubstringFunc
instanceKlass  @bci java/util/regex/CharPredicates WHITE_SPACE ()Ljava/util/regex/Pattern$CharPredicate; 0 <appendix> argL0 ; # java/util/regex/CharPredicates$$Lambda+0x000000002f0be390
instanceKlass com/landawn/abacus/util/Splitter
instanceKlass jdk/internal/reflect/FieldAccessorImpl
instanceKlass jdk/internal/reflect/FieldAccessor
instanceKlass com/landawn/abacus/util/SK
instanceKlass com/landawn/abacus/util/ClassUtil$None
instanceKlass java/lang/ClassValue$RemovalToken
instanceKlass jdk/internal/invoke/MhUtil
instanceKlass java/util/concurrent/atomic/AtomicReference
instanceKlass  @bci com/landawn/abacus/util/Suppliers <clinit> ()V 396 <appendix> argL0 ; # com/landawn/abacus/util/Suppliers$$Lambda+0x000000002f100000
instanceKlass  @bci com/landawn/abacus/util/Suppliers <clinit> ()V 388 <appendix> argL0 ; # com/landawn/abacus/util/Suppliers$$Lambda+0x000000002f0ffb68
instanceKlass  @bci com/landawn/abacus/util/Suppliers <clinit> ()V 380 <appendix> argL0 ; # com/landawn/abacus/util/Suppliers$$Lambda+0x000000002f0ff8f0
instanceKlass  @bci com/landawn/abacus/util/Suppliers <clinit> ()V 352 <appendix> argL0 ; # com/landawn/abacus/util/Suppliers$$Lambda+0x000000002f0ff678
instanceKlass  @bci com/landawn/abacus/util/Suppliers <clinit> ()V 344 <appendix> argL0 ; # com/landawn/abacus/util/Suppliers$$Lambda+0x000000002f0ff400
instanceKlass  @bci com/landawn/abacus/util/Suppliers <clinit> ()V 336 <appendix> argL0 ; # com/landawn/abacus/util/Suppliers$$Lambda+0x000000002f0ff188
instanceKlass  @bci com/landawn/abacus/util/Suppliers <clinit> ()V 328 <appendix> argL0 ; # com/landawn/abacus/util/Suppliers$$Lambda+0x000000002f0fef10
instanceKlass  @bci com/landawn/abacus/util/Suppliers <clinit> ()V 320 <appendix> argL0 ; # com/landawn/abacus/util/Suppliers$$Lambda+0x000000002f0fe980
instanceKlass  @bci com/landawn/abacus/util/Suppliers <clinit> ()V 312 <appendix> argL0 ; # com/landawn/abacus/util/Suppliers$$Lambda+0x000000002f0fe708
instanceKlass  @bci com/landawn/abacus/util/Suppliers <clinit> ()V 304 <appendix> argL0 ; # com/landawn/abacus/util/Suppliers$$Lambda+0x000000002f0fe490
instanceKlass java/util/concurrent/ConcurrentNavigableMap
instanceKlass  @bci com/landawn/abacus/util/Suppliers <clinit> ()V 296 <appendix> argL0 ; # com/landawn/abacus/util/Suppliers$$Lambda+0x000000002f0fe218
instanceKlass  @bci com/landawn/abacus/util/Suppliers <clinit> ()V 288 <appendix> argL0 ; # com/landawn/abacus/util/Suppliers$$Lambda+0x000000002f0fdfa0
instanceKlass  @bci com/landawn/abacus/util/Suppliers <clinit> ()V 280 <appendix> argL0 ; # com/landawn/abacus/util/Suppliers$$Lambda+0x000000002f0fdd28
instanceKlass  @bci com/landawn/abacus/util/Suppliers <clinit> ()V 272 <appendix> argL0 ; # com/landawn/abacus/util/Suppliers$$Lambda+0x000000002f0fdab0
instanceKlass  @bci com/landawn/abacus/util/Suppliers <clinit> ()V 264 <appendix> argL0 ; # com/landawn/abacus/util/Suppliers$$Lambda+0x000000002f0fd838
instanceKlass  @bci com/landawn/abacus/util/Suppliers <clinit> ()V 256 <appendix> argL0 ; # com/landawn/abacus/util/Suppliers$$Lambda+0x000000002f0fd5c0
instanceKlass  @bci com/landawn/abacus/util/Suppliers <clinit> ()V 248 <appendix> argL0 ; # com/landawn/abacus/util/Suppliers$$Lambda+0x000000002f0fd348
instanceKlass  @bci com/landawn/abacus/util/Suppliers <clinit> ()V 240 <appendix> argL0 ; # com/landawn/abacus/util/Suppliers$$Lambda+0x000000002f0fd0d0
instanceKlass  @bci com/landawn/abacus/util/Suppliers <clinit> ()V 232 <appendix> argL0 ; # com/landawn/abacus/util/Suppliers$$Lambda+0x000000002f0fce58
instanceKlass  @bci com/landawn/abacus/util/Suppliers <clinit> ()V 224 <appendix> argL0 ; # com/landawn/abacus/util/Suppliers$$Lambda+0x000000002f0fcbe0
instanceKlass  @bci com/landawn/abacus/util/Suppliers <clinit> ()V 216 <appendix> argL0 ; # com/landawn/abacus/util/Suppliers$$Lambda+0x000000002f0fc968
instanceKlass  @bci com/landawn/abacus/util/Suppliers <clinit> ()V 208 <appendix> argL0 ; # com/landawn/abacus/util/Suppliers$$Lambda+0x000000002f0fc6f0
instanceKlass  @bci com/landawn/abacus/util/Suppliers <clinit> ()V 200 <appendix> argL0 ; # com/landawn/abacus/util/Suppliers$$Lambda+0x000000002f0fc478
instanceKlass  @bci com/landawn/abacus/util/Suppliers <clinit> ()V 192 <appendix> argL0 ; # com/landawn/abacus/util/Suppliers$$Lambda+0x000000002f0fc200
instanceKlass  @bci com/landawn/abacus/util/Suppliers <clinit> ()V 184 <appendix> argL0 ; # com/landawn/abacus/util/Suppliers$$Lambda+0x000000002f0fbf88
instanceKlass  @bci com/landawn/abacus/util/Suppliers <clinit> ()V 176 <appendix> argL0 ; # com/landawn/abacus/util/Suppliers$$Lambda+0x000000002f0fbd10
instanceKlass  @bci com/landawn/abacus/util/Suppliers <clinit> ()V 168 <appendix> argL0 ; # com/landawn/abacus/util/Suppliers$$Lambda+0x000000002f0fba98
instanceKlass  @bci com/landawn/abacus/util/Suppliers <clinit> ()V 160 <appendix> argL0 ; # com/landawn/abacus/util/Suppliers$$Lambda+0x000000002f0fb820
instanceKlass  @bci com/landawn/abacus/util/Suppliers <clinit> ()V 152 <appendix> argL0 ; # com/landawn/abacus/util/Suppliers$$Lambda+0x000000002f0fb5a8
instanceKlass  @bci com/landawn/abacus/util/Suppliers <clinit> ()V 144 <appendix> argL0 ; # com/landawn/abacus/util/Suppliers$$Lambda+0x000000002f0fb330
instanceKlass  @bci com/landawn/abacus/util/Suppliers <clinit> ()V 136 <appendix> argL0 ; # com/landawn/abacus/util/Suppliers$$Lambda+0x000000002f0fb0b8
instanceKlass  @bci com/landawn/abacus/util/Suppliers <clinit> ()V 128 <appendix> argL0 ; # com/landawn/abacus/util/Suppliers$$Lambda+0x000000002f0fae40
instanceKlass  @bci com/landawn/abacus/util/Suppliers <clinit> ()V 120 <appendix> argL0 ; # com/landawn/abacus/util/Suppliers$$Lambda+0x000000002f0fabc8
instanceKlass  @bci com/landawn/abacus/util/Suppliers <clinit> ()V 112 <appendix> argL0 ; # com/landawn/abacus/util/Suppliers$$Lambda+0x000000002f0fa950
instanceKlass  @bci com/landawn/abacus/util/Suppliers <clinit> ()V 104 <appendix> argL0 ; # com/landawn/abacus/util/Suppliers$$Lambda+0x000000002f0fa6d8
instanceKlass java/util/function/IntFunction
instanceKlass  @bci com/landawn/abacus/util/Suppliers <clinit> ()V 96 <appendix> argL0 ; # com/landawn/abacus/util/Suppliers$$Lambda+0x000000002f0fa460
instanceKlass  @bci com/landawn/abacus/util/Suppliers <clinit> ()V 88 <appendix> argL0 ; # com/landawn/abacus/util/Suppliers$$Lambda+0x000000002f0fa1e8
instanceKlass  @bci com/landawn/abacus/util/Suppliers <clinit> ()V 80 <appendix> argL0 ; # com/landawn/abacus/util/Suppliers$$Lambda+0x000000002f0f9f70
instanceKlass  @bci com/landawn/abacus/util/Suppliers <clinit> ()V 72 <appendix> argL0 ; # com/landawn/abacus/util/Suppliers$$Lambda+0x000000002f0f9cf8
instanceKlass  @bci com/landawn/abacus/util/Suppliers <clinit> ()V 64 <appendix> argL0 ; # com/landawn/abacus/util/Suppliers$$Lambda+0x000000002f0f9a80
instanceKlass  @bci com/landawn/abacus/util/Suppliers <clinit> ()V 56 <appendix> argL0 ; # com/landawn/abacus/util/Suppliers$$Lambda+0x000000002f0f9808
instanceKlass  @bci com/landawn/abacus/util/Suppliers <clinit> ()V 48 <appendix> argL0 ; # com/landawn/abacus/util/Suppliers$$Lambda+0x000000002f0f9590
instanceKlass  @bci com/landawn/abacus/util/Suppliers <clinit> ()V 40 <appendix> argL0 ; # com/landawn/abacus/util/Suppliers$$Lambda+0x000000002f0f9318
instanceKlass  @bci com/landawn/abacus/util/Suppliers <clinit> ()V 32 <appendix> argL0 ; # com/landawn/abacus/util/Suppliers$$Lambda+0x000000002f0f90a0
instanceKlass  @bci com/landawn/abacus/util/Suppliers <clinit> ()V 24 <appendix> argL0 ; # com/landawn/abacus/util/Suppliers$$Lambda+0x000000002f0f8e28
instanceKlass  @bci com/landawn/abacus/util/Suppliers <clinit> ()V 16 <appendix> argL0 ; # com/landawn/abacus/util/Suppliers$$Lambda+0x000000002f0f8bb0
instanceKlass  @bci com/landawn/abacus/util/Suppliers <clinit> ()V 8 <appendix> argL0 ; # com/landawn/abacus/util/Suppliers$$Lambda+0x000000002f0f8938
instanceKlass  @bci com/landawn/abacus/util/Suppliers <clinit> ()V 0 <appendix> argL0 ; # com/landawn/abacus/util/Suppliers$$Lambda+0x000000002f0f86c0
instanceKlass java/util/function/UnaryOperator
instanceKlass com/landawn/abacus/util/Strings
instanceKlass com/landawn/abacus/util/function/Supplier
instanceKlass com/landawn/abacus/util/Throwables$Supplier
instanceKlass com/landawn/abacus/util/Suppliers
instanceKlass  @bci com/landawn/abacus/util/ClassUtil <clinit> ()V 4153 <appendix> argL0 ; # com/landawn/abacus/util/ClassUtil$$Lambda+0x000000002f0f39f8
instanceKlass  @bci com/landawn/abacus/util/ClassUtil <clinit> ()V 4142 <appendix> argL0 ; # com/landawn/abacus/util/ClassUtil$$Lambda+0x000000002f0f37b0
instanceKlass  @bci com/landawn/abacus/util/ClassUtil <clinit> ()V 4131 <appendix> argL0 ; # com/landawn/abacus/util/ClassUtil$$Lambda+0x000000002f0f3568
instanceKlass  @bci com/landawn/abacus/util/ClassUtil <clinit> ()V 4120 <appendix> argL0 ; # com/landawn/abacus/util/ClassUtil$$Lambda+0x000000002f0f3320
instanceKlass  @bci com/landawn/abacus/util/ClassUtil <clinit> ()V 4109 <appendix> argL0 ; # com/landawn/abacus/util/ClassUtil$$Lambda+0x000000002f0f30d8
instanceKlass  @bci com/landawn/abacus/util/ClassUtil <clinit> ()V 4098 <appendix> argL0 ; # com/landawn/abacus/util/ClassUtil$$Lambda+0x000000002f0f2e90
instanceKlass  @bci com/landawn/abacus/util/ClassUtil <clinit> ()V 4087 <appendix> argL0 ; # com/landawn/abacus/util/ClassUtil$$Lambda+0x000000002f0f2c48
instanceKlass java/lang/ClassValue$Identity
instanceKlass java/lang/ClassValue$Entry
instanceKlass  @bci com/landawn/abacus/util/ClassUtil <clinit> ()V 4076 <appendix> argL0 ; # com/landawn/abacus/util/ClassUtil$$Lambda+0x000000002f0f2a00
instanceKlass  @bci java/util/regex/Pattern Range (II)Ljava/util/regex/Pattern$CharPredicate; 23 <appendix> member <vmtarget> ; # java/util/regex/Pattern$$Lambda+0x800000028
instanceKlass  @bci java/util/regex/Pattern union (Ljava/util/regex/Pattern$CharPredicate;Ljava/util/regex/Pattern$CharPredicate;Z)Ljava/util/regex/Pattern$CharPredicate; 6 <appendix> member <vmtarget> ; # java/util/regex/Pattern$$Lambda+0x800000030
instanceKlass  @bci java/util/regex/CharPredicates ASCII_WORD ()Ljava/util/regex/Pattern$BmpCharPredicate; 0 <appendix> argL0 ; # java/util/regex/CharPredicates$$Lambda+0x000000002f0bb200
instanceKlass java/util/OptionalDouble
instanceKlass java/util/OptionalLong
instanceKlass java/util/OptionalInt
instanceKlass java/time/YearMonth
instanceKlass java/time/OffsetTime
instanceKlass java/time/OffsetDateTime
instanceKlass com/landawn/abacus/util/Sheet
instanceKlass com/landawn/abacus/util/RowDataset
instanceKlass com/landawn/abacus/type/Type
instanceKlass com/landawn/abacus/util/HBaseColumn
instanceKlass com/landawn/abacus/util/Multiset
instanceKlass com/landawn/abacus/util/Multimap
instanceKlass com/landawn/abacus/util/BiMap
instanceKlass com/landawn/abacus/util/Duration
instanceKlass com/landawn/abacus/util/Range
instanceKlass com/landawn/abacus/util/Tuple
instanceKlass com/landawn/abacus/util/Triple
instanceKlass com/landawn/abacus/util/Pair
instanceKlass com/landawn/abacus/util/Holder
instanceKlass com/landawn/abacus/util/u$Nullable
instanceKlass com/landawn/abacus/util/u$Optional
instanceKlass com/landawn/abacus/util/u$OptionalDouble
instanceKlass com/landawn/abacus/util/u$OptionalFloat
instanceKlass com/landawn/abacus/util/u$OptionalLong
instanceKlass com/landawn/abacus/util/u$OptionalInt
instanceKlass com/landawn/abacus/util/u$OptionalShort
instanceKlass com/landawn/abacus/util/u$OptionalByte
instanceKlass com/landawn/abacus/util/u$OptionalChar
instanceKlass com/landawn/abacus/util/u
instanceKlass com/landawn/abacus/util/u$OptionalBoolean
instanceKlass com/landawn/abacus/util/MutableChar
instanceKlass com/landawn/abacus/util/MutableBoolean
instanceKlass com/landawn/abacus/util/Mutable
instanceKlass com/landawn/abacus/util/PrimitiveList
instanceKlass java/sql/RowId
instanceKlass java/sql/SQLXML
instanceKlass java/sql/NClob
instanceKlass java/sql/Clob
instanceKlass java/sql/Blob
instanceKlass java/io/Reader
instanceKlass java/util/concurrent/BlockingDeque
instanceKlass java/util/concurrent/BlockingQueue
instanceKlass javax/xml/datatype/XMLGregorianCalendar
instanceKlass java/nio/charset/CoderResult
instanceKlass java/lang/Readable
instanceKlass java/util/Formattable
instanceKlass java/time/LocalTime$1
instanceKlass sun/util/locale/provider/LocaleResources
instanceKlass java/text/DecimalFormatSymbols
instanceKlass sun/util/resources/Bundles$CacheKeyReference
instanceKlass  @bci sun/util/cldr/CLDRLocaleProviderAdapter applyAliases (Ljava/util/Locale;)Ljava/util/Locale; 4 <appendix> argL0 ; # sun/util/cldr/CLDRLocaleProviderAdapter$$Lambda+0x80000005a
instanceKlass sun/util/resources/Bundles$CacheKey
instanceKlass sun/util/resources/Bundles
instanceKlass sun/util/resources/LocaleData$LocaleDataStrategy
instanceKlass sun/util/resources/Bundles$Strategy
instanceKlass sun/util/resources/LocaleData
instanceKlass java/util/Locale$Builder
instanceKlass sun/util/locale/provider/CalendarDataUtility
instanceKlass java/util/regex/IntHashSet
instanceKlass java/util/regex/Matcher
instanceKlass java/util/regex/MatchResult
instanceKlass sun/util/locale/provider/AvailableLanguageTags
instanceKlass sun/util/resources/cldr/provider/CLDRLocaleDataMetaInfo
instanceKlass java/util/Locale$LocaleCache
instanceKlass jdk/internal/util/ReferencedKeyMap$1
instanceKlass sun/util/locale/BaseLocale$1InterningCache
instanceKlass sun/util/locale/InternalLocaleBuilder$CaseInsensitiveChar
instanceKlass sun/util/locale/InternalLocaleBuilder
instanceKlass sun/util/locale/StringTokenIterator
instanceKlass java/text/ParsePosition
instanceKlass sun/util/cldr/CLDRBaseLocaleDataMetaInfo
instanceKlass sun/util/locale/provider/LocaleDataMetaInfo
instanceKlass sun/util/locale/provider/ResourceBundleBasedAdapter
instanceKlass sun/util/locale/provider/LocaleProviderAdapter
instanceKlass java/util/spi/LocaleServiceProvider
instanceKlass java/text/DateFormatSymbols
instanceKlass java/time/ZonedDateTime$1
instanceKlass java/util/Formatter$DateTime
instanceKlass java/util/Formatter$FormatSpecifier
instanceKlass java/util/Formatter$FormatString
instanceKlass java/util/Formatter$Flags
instanceKlass java/util/Formatter$FormatSpecifierParser
instanceKlass java/util/Formatter$Conversion
instanceKlass java/util/Formatter
instanceKlass  @bci jdk/internal/module/SystemModuleFinders$SystemModuleReader open (Ljava/lang/String;)Ljava/util/Optional; 6 <appendix> member <vmtarget> ; # jdk/internal/module/SystemModuleFinders$SystemModuleReader$$Lambda+0x000000002f022150
instanceKlass jdk/internal/module/SystemModuleFinders
instanceKlass jdk/internal/module/Checks
instanceKlass java/util/ResourceBundle$ResourceBundleProviderHelper
instanceKlass  @bci java/util/ResourceBundle$Control getCandidateLocales (Ljava/lang/String;Ljava/util/Locale;)Ljava/util/List; 23 <appendix> argL0 ; # java/util/ResourceBundle$Control$$Lambda+0x80000001d
instanceKlass java/util/ResourceBundle$CacheKeyReference
instanceKlass java/util/ResourceBundle$CacheKey
instanceKlass  @bci java/util/ResourceBundle$Control <clinit> ()V 39 <appendix> argL0 ; # java/util/ResourceBundle$Control$$Lambda+0x80000001e
instanceKlass java/util/ResourceBundle$Control
instanceKlass java/util/ResourceBundle$1
instanceKlass jdk/internal/access/JavaUtilResourceBundleAccess
instanceKlass java/util/ResourceBundle
instanceKlass java/util/logging/Level$RbAccess
instanceKlass  @bci com/landawn/abacus/parser/ParserUtil$XmlNameTag <init> (Ljava/lang/String;Ljava/lang/String;Z)V 47 <appendix> form vmentry <vmtarget> ; # java/lang/invoke/LambdaForm$MH+0x000000002f050400
instanceKlass java/lang/StringConcatHelper$StringConcatBase
instanceKlass java/lang/invoke/StringConcatFactory$InlineHiddenClassStrategy$6
instanceKlass java/lang/invoke/StringConcatFactory$InlineHiddenClassStrategy$3$4
instanceKlass java/lang/invoke/StringConcatFactory$InlineHiddenClassStrategy$4
instanceKlass java/lang/invoke/StringConcatFactory$InlineHiddenClassStrategy$3$1
instanceKlass java/lang/invoke/StringConcatFactory$InlineHiddenClassStrategy$7
instanceKlass java/lang/invoke/StringConcatFactory$InlineHiddenClassStrategy$3$2
instanceKlass java/lang/invoke/StringConcatFactory$InlineHiddenClassStrategy$5
instanceKlass java/lang/invoke/StringConcatFactory$InlineHiddenClassStrategy$3$3
instanceKlass java/lang/invoke/StringConcatFactory$InlineHiddenClassStrategy$3
instanceKlass java/lang/invoke/StringConcatFactory$InlineHiddenClassStrategy$2
instanceKlass java/lang/invoke/StringConcatFactory$InlineHiddenClassStrategy$1
instanceKlass java/lang/invoke/StringConcatFactory$InlineHiddenClassStrategy
instanceKlass  @bci java/time/format/DateTimeFormatter <clinit> ()V 1075 <appendix> argL0 ; # java/time/format/DateTimeFormatter$$Lambda+0x80000001b
instanceKlass  @bci java/time/format/DateTimeFormatter <clinit> ()V 1067 <appendix> argL0 ; # java/time/format/DateTimeFormatter$$Lambda+0x80000001a
instanceKlass java/time/Period
instanceKlass java/time/chrono/ChronoPeriod
instanceKlass java/time/format/DateTimeFormatterBuilder$TextPrinterParser
instanceKlass java/util/TimSort
instanceKlass java/util/Arrays$LegacyMergeSort
instanceKlass java/time/format/DateTimeTextProvider$1
instanceKlass java/time/format/DateTimeTextProvider
instanceKlass java/util/AbstractMap$SimpleImmutableEntry
instanceKlass java/time/format/DateTimeTextProvider$LocaleStore
instanceKlass java/time/format/DateTimeFormatterBuilder$InstantPrinterParser
instanceKlass java/time/format/DateTimeFormatterBuilder$StringLiteralPrinterParser
instanceKlass java/time/format/DateTimeFormatterBuilder$ZoneIdPrinterParser
instanceKlass java/time/format/DateTimeFormatterBuilder$OffsetIdPrinterParser
instanceKlass java/time/format/DecimalStyle
instanceKlass java/time/format/DateTimeFormatterBuilder$CharLiteralPrinterParser
instanceKlass java/time/format/DateTimeFormatter
instanceKlass java/time/format/DateTimeFormatterBuilder$CompositePrinterParser
instanceKlass java/time/format/DateTimeFormatterBuilder$NumberPrinterParser
instanceKlass java/time/format/DateTimeFormatterBuilder$DateTimePrinterParser
instanceKlass java/time/temporal/JulianFields
instanceKlass java/time/temporal/IsoFields
instanceKlass java/util/regex/ASCII
instanceKlass  @bci java/time/format/DateTimeFormatterBuilder <clinit> ()V 0 <appendix> argL0 ; # java/time/format/DateTimeFormatterBuilder$$Lambda+0x80000001c
instanceKlass java/time/temporal/TemporalQuery
instanceKlass java/time/format/DateTimeFormatterBuilder
instanceKlass java/time/Year
instanceKlass java/time/chrono/AbstractChronology
instanceKlass java/time/chrono/Chronology
instanceKlass java/time/LocalDate$1
instanceKlass  @bci java/time/temporal/TemporalAdjusters nextOrSame (Ljava/time/DayOfWeek;)Ljava/time/temporal/TemporalAdjuster; 6 <appendix> member <vmtarget> ; # java/time/temporal/TemporalAdjusters$$Lambda+0x000000002f01fec8
instanceKlass  @cpi java/time/temporal/TemporalAdjusters 209 form vmentry <vmtarget> ; # java/lang/invoke/LambdaForm$DMH+0x000000002f048c00
instanceKlass java/time/temporal/TemporalAdjusters
instanceKlass java/time/ZonedDateTime
instanceKlass java/time/chrono/ChronoZonedDateTime
instanceKlass java/time/zone/ZoneOffsetTransition
instanceKlass java/time/temporal/ValueRange
instanceKlass java/time/Duration
instanceKlass java/time/temporal/TemporalAmount
instanceKlass java/time/temporal/TemporalUnit
instanceKlass java/time/temporal/TemporalField
instanceKlass java/util/concurrent/atomic/AtomicReferenceArray
instanceKlass java/time/zone/ZoneOffsetTransitionRule
instanceKlass java/time/zone/ZoneRules
instanceKlass java/time/zone/Ser
instanceKlass java/io/Externalizable
instanceKlass java/util/Arrays$ArrayItr
instanceKlass java/time/zone/ZoneRulesProvider
instanceKlass sun/util/calendar/CalendarUtils
instanceKlass sun/util/calendar/ZoneInfoFile$ZoneOffsetTransitionRule
instanceKlass java/lang/invoke/VarHandle$AccessDescriptor
instanceKlass java/lang/invoke/VarForm
instanceKlass java/lang/invoke/VarHandleGuards
instanceKlass java/lang/invoke/VarHandles
instanceKlass jdk/internal/util/ByteArray
instanceKlass sun/util/calendar/ZoneInfoFile
instanceKlass java/util/TimeZone
instanceKlass java/time/ZoneId
instanceKlass java/util/logging/LogManager$CloseOnReset
instanceKlass java/util/logging/ErrorManager
instanceKlass jdk/internal/logger/SimpleConsoleLogger$Formatting
instanceKlass sun/util/logging/PlatformLogger
instanceKlass sun/util/logging/PlatformLogger$ConfigurableBridge$LoggerConfiguration
instanceKlass  @bci java/util/logging/SimpleFormatter <init> ()V 5 <appendix> argL0 ; # java/util/logging/SimpleFormatter$$Lambda+0x000000002f01a8a0
instanceKlass java/util/logging/Formatter
instanceKlass java/time/Clock
instanceKlass java/time/InstantSource
instanceKlass java/time/Instant
instanceKlass java/util/logging/LogRecord
instanceKlass java/util/logging/Logger$SystemLoggerHelper
instanceKlass jdk/internal/logger/BootstrapLogger$BootstrapExecutors
instanceKlass jdk/internal/logger/BootstrapLogger$RedirectedLoggers
instanceKlass  @bci java/util/zip/ZipFile$Source initCEN (ILjava/util/zip/ZipCoder;)V 507 <appendix> argL0 ; # java/util/zip/ZipFile$Source$$Lambda+0x000000002f019780
instanceKlass jdk/internal/loader/URLClassPath$1
instanceKlass java/lang/CompoundEnumeration
instanceKlass jdk/internal/loader/BuiltinClassLoader$1
instanceKlass jdk/internal/module/Resources
instanceKlass java/util/ImmutableCollections$SetN$SetNIterator
instanceKlass java/util/ImmutableCollections$Set12$1
instanceKlass java/util/Spliterators$1Adapter
instanceKlass jdk/internal/logger/BootstrapLogger$DetectBackend
instanceKlass jdk/internal/logger/BootstrapLogger
instanceKlass sun/util/logging/PlatformLogger$ConfigurableBridge
instanceKlass sun/util/logging/PlatformLogger$Bridge
instanceKlass java/lang/System$Logger
instanceKlass  @bci java/util/stream/MatchOps makeRef (Ljava/util/function/Predicate;Ljava/util/stream/MatchOps$MatchKind;)Ljava/util/stream/TerminalOp; 20 <appendix> member <vmtarget> ; # java/util/stream/MatchOps$$Lambda+0x800000004
instanceKlass java/util/stream/MatchOps$BooleanTerminalSink
instanceKlass java/util/stream/MatchOps$MatchOp
instanceKlass java/util/stream/MatchOps
instanceKlass java/util/stream/Streams
instanceKlass java/util/stream/Stream$Builder
instanceKlass java/util/stream/Streams$AbstractStreamBuilderImpl
instanceKlass java/util/stream/ReferencePipeline$7$1FlatMap
instanceKlass java/util/stream/FindOps$FindOp
instanceKlass  @bci java/util/stream/FindOps$FindSink$OfRef <clinit> ()V 6 <appendix> argL0 ; # java/util/stream/FindOps$FindSink$OfRef$$Lambda+0x800000048
instanceKlass  @bci java/util/stream/FindOps$FindSink$OfRef <clinit> ()V 0 <appendix> argL0 ; # java/util/stream/FindOps$FindSink$OfRef$$Lambda+0x800000049
instanceKlass java/util/stream/FindOps$FindSink
instanceKlass java/util/stream/FindOps
instanceKlass  @bci java/util/logging/Level$KnownLevel findByName (Ljava/lang/String;Ljava/util/function/Function;)Ljava/util/Optional; 29 <appendix> argL0 ; # java/util/logging/Level$KnownLevel$$Lambda+0x800000022
instanceKlass java/util/ArrayList$ArrayListSpliterator
instanceKlass  @bci java/util/logging/Level findLevel (Ljava/lang/String;)Ljava/util/logging/Level; 13 <appendix> argL0 ; # java/util/logging/Level$$Lambda+0x80000001f
instanceKlass java/util/Hashtable$Enumerator
instanceKlass java/util/Collections$SynchronizedCollection
instanceKlass java/util/Properties$EntrySet
instanceKlass java/util/Collections$3
instanceKlass java/util/logging/LogManager$VisitedLoggers
instanceKlass  @bci com/landawn/abacus/parser/ParserUtil$JsonNameTag <init> (Ljava/lang/String;)V 14 <appendix> form vmentry <vmtarget> ; # java/lang/invoke/LambdaForm$MH+0x000000002f048800
instanceKlass java/lang/invoke/StringConcatFactory
instanceKlass java/nio/file/Paths
instanceKlass java/lang/System$LoggerFinder
instanceKlass java/util/logging/LogManager$LoggingProviderAccess
instanceKlass sun/util/logging/internal/LoggingProviderImpl$LogManagerAccess
instanceKlass java/lang/Shutdown$Lock
instanceKlass java/lang/Shutdown
instanceKlass java/lang/ApplicationShutdownHooks$1
instanceKlass java/lang/ApplicationShutdownHooks
instanceKlass java/util/Collections$SynchronizedMap
instanceKlass java/util/logging/LogManager$LogNode
instanceKlass java/util/logging/LogManager$LoggerContext
instanceKlass java/util/logging/Logger$ConfigurationData
instanceKlass java/util/logging/Logger$LoggerBundle
instanceKlass  @bci java/util/logging/Level$KnownLevel add (Ljava/util/logging/Level;)V 49 <appendix> argL0 ; # java/util/logging/Level$KnownLevel$$Lambda+0x800000021
instanceKlass  @bci java/util/logging/Level$KnownLevel add (Ljava/util/logging/Level;)V 19 <appendix> argL0 ; # java/util/logging/Level$KnownLevel$$Lambda+0x800000020
instanceKlass java/util/logging/Level
instanceKlass java/util/logging/Handler
instanceKlass java/util/logging/Logger
instanceKlass com/landawn/abacus/logging/AbstractLogger
instanceKlass com/landawn/abacus/logging/Logger
instanceKlass com/landawn/abacus/logging/LoggerFactory
instanceKlass com/landawn/abacus/util/ClassUtil$SentinelClass
instanceKlass com/landawn/abacus/util/ImmutableIterator
instanceKlass com/landawn/abacus/util/ClassUtil
instanceKlass  @bci com/landawn/abacus/util/CommonUtil <clinit> ()V 337 <appendix> argL0 ; # com/landawn/abacus/util/CommonUtil$$Lambda+0x000000002f04f5b8
instanceKlass  @bci com/landawn/abacus/util/CommonUtil <clinit> ()V 329 <appendix> argL0 ; # com/landawn/abacus/util/CommonUtil$$Lambda+0x000000002f04f318
instanceKlass  @bci com/landawn/abacus/util/CommonUtil <clinit> ()V 321 <appendix> argL0 ; # com/landawn/abacus/util/CommonUtil$$Lambda+0x000000002f04f078
instanceKlass  @bci com/landawn/abacus/util/CommonUtil <clinit> ()V 313 <appendix> argL0 ; # com/landawn/abacus/util/CommonUtil$$Lambda+0x000000002f04edd8
instanceKlass  @bci com/landawn/abacus/util/CommonUtil <clinit> ()V 305 <appendix> argL0 ; # com/landawn/abacus/util/CommonUtil$$Lambda+0x000000002f04eb38
instanceKlass  @bci com/landawn/abacus/util/CommonUtil <clinit> ()V 297 <appendix> argL0 ; # com/landawn/abacus/util/CommonUtil$$Lambda+0x000000002f04e898
instanceKlass  @bci com/landawn/abacus/util/CommonUtil <clinit> ()V 289 <appendix> argL0 ; # com/landawn/abacus/util/CommonUtil$$Lambda+0x000000002f04e5f8
instanceKlass java/lang/invoke/TypeConvertingMethodAdapter$BoxHolder
instanceKlass  @bci com/landawn/abacus/util/Comparators <clinit> ()V 208 <appendix> argL0 ; # com/landawn/abacus/util/Comparators$$Lambda+0x000000002f04e358
instanceKlass  @bci com/landawn/abacus/util/Comparators <clinit> ()V 200 <appendix> argL0 ; # com/landawn/abacus/util/Comparators$$Lambda+0x000000002f04e0b8
instanceKlass  @bci com/landawn/abacus/util/Comparators <clinit> ()V 192 <appendix> argL0 ; # com/landawn/abacus/util/Comparators$$Lambda+0x000000002f04de18
instanceKlass  @bci com/landawn/abacus/util/Comparators <clinit> ()V 184 <appendix> argL0 ; # com/landawn/abacus/util/Comparators$$Lambda+0x000000002f04db78
instanceKlass  @bci com/landawn/abacus/util/Comparators <clinit> ()V 176 <appendix> argL0 ; # com/landawn/abacus/util/Comparators$$Lambda+0x000000002f04d8d8
instanceKlass  @bci com/landawn/abacus/util/Comparators <clinit> ()V 168 <appendix> argL0 ; # com/landawn/abacus/util/Comparators$$Lambda+0x000000002f04d638
instanceKlass  @bci com/landawn/abacus/util/Comparators <clinit> ()V 160 <appendix> argL0 ; # com/landawn/abacus/util/Comparators$$Lambda+0x000000002f04d398
instanceKlass  @bci com/landawn/abacus/util/Comparators <clinit> ()V 152 <appendix> argL0 ; # com/landawn/abacus/util/Comparators$$Lambda+0x000000002f04d0f8
instanceKlass  @bci com/landawn/abacus/util/Comparators <clinit> ()V 144 <appendix> argL0 ; # com/landawn/abacus/util/Comparators$$Lambda+0x000000002f04ce58
instanceKlass  @bci com/landawn/abacus/util/Comparators <clinit> ()V 136 <appendix> argL0 ; # com/landawn/abacus/util/Comparators$$Lambda+0x000000002f04cbb8
instanceKlass  @bci com/landawn/abacus/util/Comparators <clinit> ()V 128 <appendix> argL0 ; # com/landawn/abacus/util/Comparators$$Lambda+0x000000002f04c918
instanceKlass  @bci com/landawn/abacus/util/Comparators <clinit> ()V 120 <appendix> argL0 ; # com/landawn/abacus/util/Comparators$$Lambda+0x000000002f04c678
instanceKlass  @bci com/landawn/abacus/util/Comparators <clinit> ()V 103 <appendix> argL0 ; # com/landawn/abacus/util/Comparators$$Lambda+0x000000002f04c450
instanceKlass  @bci com/landawn/abacus/util/Comparators <clinit> ()V 86 <appendix> argL0 ; # com/landawn/abacus/util/Comparators$$Lambda+0x000000002f04c228
instanceKlass  @bci com/landawn/abacus/util/Comparators <clinit> ()V 69 <appendix> argL0 ; # com/landawn/abacus/util/Comparators$$Lambda+0x000000002f04c000
instanceKlass com/landawn/abacus/util/Array
instanceKlass  @bci java/util/Comparator comparingInt (Ljava/util/function/ToIntFunction;)Ljava/util/Comparator; 6 <appendix> member <vmtarget> ; # java/util/Comparator$$Lambda+0x000000002f018250
instanceKlass jdk/internal/classfile/impl/BytecodeHelpers$1
instanceKlass java/lang/invoke/TypeConvertingMethodAdapter$1
instanceKlass  @cpi com/landawn/abacus/type/NumberType 411 form vmentry <vmtarget> ; # java/lang/invoke/LambdaForm$DMH+0x000000002f048400
instanceKlass  @bci com/landawn/abacus/util/Comparators <clinit> ()V 52 <appendix> argL0 ; # com/landawn/abacus/util/Comparators$$Lambda+0x000000002f047d20
instanceKlass java/lang/classfile/constantpool/IntegerEntry
instanceKlass sun/invoke/util/BytecodeDescriptor
instanceKlass java/lang/classfile/constantpool/StringEntry
instanceKlass java/lang/classfile/constantpool/ConstantValueEntry
instanceKlass java/lang/invoke/InnerClassLambdaMetafactory$4
instanceKlass java/lang/invoke/InnerClassLambdaMetafactory$SerializationSupport
instanceKlass  @cpi com/landawn/abacus/util/function/ToIntFunction 61 form vmentry <vmtarget> ; # java/lang/invoke/LambdaForm$DMH+0x000000002f048000
instanceKlass java/util/function/ToIntFunction
instanceKlass  @bci com/landawn/abacus/util/Comparators <clinit> ()V 44 <appendix> argL0 ; # com/landawn/abacus/util/Comparators$$Lambda+0x000000002f047a80
instanceKlass  @bci com/landawn/abacus/util/Comparators <clinit> ()V 24 <appendix> argL0 ; # com/landawn/abacus/util/Comparators$$Lambda+0x000000002f0477e0
instanceKlass  @bci com/landawn/abacus/util/Comparators <clinit> ()V 16 <appendix> argL0 ; # com/landawn/abacus/util/Comparators$$Lambda+0x000000002f047540
instanceKlass  @bci com/landawn/abacus/util/Comparators <clinit> ()V 8 <appendix> argL0 ; # com/landawn/abacus/util/Comparators$$Lambda+0x000000002f0472a0
instanceKlass  @bci com/landawn/abacus/util/Comparators <clinit> ()V 0 <appendix> argL0 ; # com/landawn/abacus/util/Comparators$$Lambda+0x000000002f047000
instanceKlass com/landawn/abacus/util/Comparators
instanceKlass java/time/LocalDateTime
instanceKlass java/time/chrono/ChronoLocalDateTime
instanceKlass java/time/LocalTime
instanceKlass java/time/LocalDate
instanceKlass java/time/chrono/ChronoLocalDate
instanceKlass java/time/temporal/TemporalAdjuster
instanceKlass java/time/temporal/Temporal
instanceKlass java/time/temporal/TemporalAccessor
instanceKlass java/util/Calendar
instanceKlass java/util/Date
instanceKlass java/util/StringJoiner
instanceKlass java/lang/WeakPairMap$Pair$Lookup
instanceKlass java/lang/WeakPairMap$Pair
instanceKlass java/lang/WeakPairMap
instanceKlass java/lang/Module$ReflectionData
instanceKlass com/landawn/abacus/util/InternalUtil
instanceKlass  @bci sun/security/provider/AbstractDrbg <clinit> ()V 12 <appendix> argL0 ; # sun/security/provider/AbstractDrbg$$Lambda+0x000000002f011560
instanceKlass  @cpi sun/security/provider/AbstractDrbg 383 form vmentry <vmtarget> ; # java/lang/invoke/LambdaForm$DMH+0x000000002f045800
# instanceKlass java/lang/invoke/LambdaForm$DMH+0x000000002f045400
instanceKlass sun/security/provider/EntropySource
instanceKlass sun/security/provider/AbstractDrbg
instanceKlass java/security/DrbgParameters$Instantiation
instanceKlass java/security/DrbgParameters
instanceKlass sun/security/provider/MoreDrbgParameters
# instanceKlass java/lang/invoke/LambdaForm$MH+0x000000002f045000
instanceKlass  @bci com/landawn/abacus/parser/ParserUtil$XmlNameTag <init> (Ljava/lang/String;Ljava/lang/String;Z)V 31 <appendix> form vmentry <vmtarget> ; # java/lang/invoke/LambdaForm$MH+0x000000002f044c00
instanceKlass java/security/SecureRandomSpi
instanceKlass jdk/internal/event/Event
instanceKlass java/util/LinkedHashMap$LinkedHashIterator
instanceKlass sun/security/util/SecurityProviderConstants
instanceKlass java/security/Provider$UString
instanceKlass java/security/Provider$Service
instanceKlass sun/security/provider/NativePRNG$NonBlocking
instanceKlass sun/security/provider/NativePRNG$Blocking
instanceKlass sun/security/provider/NativePRNG
instanceKlass sun/security/provider/SunEntries
instanceKlass java/security/Permission
instanceKlass java/security/Guard
instanceKlass sun/security/util/SecurityConstants
instanceKlass java/util/AbstractList$Itr
instanceKlass java/security/Security$2
instanceKlass jdk/internal/access/JavaSecurityPropertiesAccess
instanceKlass java/util/concurrent/ConcurrentHashMap$MapEntry
instanceKlass sun/nio/ch/IOStatus
instanceKlass sun/nio/ch/Util$BufferCache
instanceKlass sun/nio/ch/Util
instanceKlass jdk/internal/misc/Blocker
instanceKlass sun/nio/ch/NativeThread
instanceKlass java/util/Properties$LineReader
instanceKlass sun/nio/ch/SelChImpl
instanceKlass java/nio/channels/NetworkChannel
instanceKlass sun/nio/ch/Streams
instanceKlass java/nio/channels/Channels
instanceKlass sun/nio/ch/FileChannelImpl$Closer
instanceKlass sun/nio/ch/NativeThreadSet
instanceKlass java/nio/channels/spi/AbstractInterruptibleChannel$1
instanceKlass sun/nio/ch/Interruptible
instanceKlass sun/nio/ch/IOUtil
instanceKlass sun/nio/ch/NativeDispatcher
instanceKlass java/nio/channels/ScatteringByteChannel
instanceKlass java/nio/channels/GatheringByteChannel
instanceKlass java/nio/channels/SeekableByteChannel
instanceKlass java/nio/channels/ByteChannel
instanceKlass java/nio/channels/WritableByteChannel
instanceKlass java/nio/channels/ReadableByteChannel
instanceKlass java/nio/channels/spi/AbstractInterruptibleChannel
instanceKlass java/nio/channels/InterruptibleChannel
instanceKlass java/nio/channels/Channel
instanceKlass java/util/Collections$EmptyIterator
instanceKlass sun/nio/fs/WindowsChannelFactory$Flags
instanceKlass sun/nio/fs/WindowsChannelFactory$1
instanceKlass sun/nio/fs/WindowsChannelFactory
instanceKlass sun/nio/fs/WindowsSecurityDescriptor
instanceKlass java/nio/file/attribute/FileAttribute
instanceKlass sun/nio/fs/WindowsLinkSupport
instanceKlass java/net/URI$Parser
instanceKlass java/nio/file/FileSystems$DefaultFileSystemHolder
instanceKlass java/nio/file/FileSystems
instanceKlass java/security/Security$SecPropLoader
instanceKlass java/security/Security
instanceKlass jdk/internal/math/FloatingDecimal$ASCIIToBinaryBuffer
instanceKlass jdk/internal/math/MathUtils
instanceKlass jdk/internal/math/FloatingDecimal$PreparedASCIIToBinaryBuffer
instanceKlass jdk/internal/math/FloatingDecimal$ASCIIToBinaryConverter
instanceKlass jdk/internal/math/FloatingDecimal$BinaryToASCIIBuffer
instanceKlass jdk/internal/math/FloatingDecimal$ExceptionalBinaryToASCIIBuffer
instanceKlass jdk/internal/math/FloatingDecimal$BinaryToASCIIConverter
instanceKlass jdk/internal/math/FloatingDecimal
instanceKlass javax/security/auth/login/Configuration$Parameters
instanceKlass java/security/Policy$Parameters
instanceKlass javax/crypto/KDFParameters
instanceKlass java/security/cert/CertStoreParameters
instanceKlass java/security/SecureRandomParameters
instanceKlass java/security/Provider$EngineDescription
instanceKlass  @bci java/security/Provider <clinit> ()V 28 <appendix> argL0 ; # java/security/Provider$$Lambda+0x000000002f00be80
instanceKlass  @cpi com/landawn/abacus/util/Numbers 2531 form vmentry <vmtarget> ; # java/lang/invoke/LambdaForm$DMH+0x000000002f044800
instanceKlass java/security/Provider$ServiceKey
instanceKlass sun/security/jca/ProviderConfig
instanceKlass sun/security/jca/ProviderList
instanceKlass sun/security/jca/Providers
instanceKlass com/landawn/abacus/util/Immutable
instanceKlass com/landawn/abacus/util/Dataset
instanceKlass jdk/internal/jimage/ImageLocation
instanceKlass jdk/internal/jimage/decompressor/Decompressor
instanceKlass jdk/internal/jimage/ImageStringsReader
instanceKlass jdk/internal/jimage/ImageStrings
instanceKlass jdk/internal/jimage/ImageHeader
instanceKlass jdk/internal/jimage/NativeImageBuffer$1
instanceKlass jdk/internal/jimage/NativeImageBuffer
instanceKlass java/security/AccessControlContext
instanceKlass java/security/AccessController
instanceKlass jdk/internal/jimage/BasicImageReader$1
instanceKlass java/security/PrivilegedAction
instanceKlass jdk/internal/jimage/BasicImageReader
instanceKlass jdk/internal/jimage/ImageReader
instanceKlass jdk/internal/jimage/ImageReaderFactory$1
instanceKlass jdk/internal/jimage/ImageReaderFactory
instanceKlass jdk/internal/module/SystemModuleFinders$SystemImage
instanceKlass jdk/internal/module/ModulePatcher$PatchedModuleReader
instanceKlass jdk/internal/module/SystemModuleFinders$SystemModuleReader
instanceKlass java/lang/module/ModuleReader
instanceKlass jdk/internal/loader/BuiltinClassLoader$2
instanceKlass java/util/NavigableMap
instanceKlass java/util/SortedMap
instanceKlass java/util/NavigableSet
instanceKlass java/util/SortedSet
instanceKlass java/util/SequencedSet
instanceKlass java/lang/ClassValue
instanceKlass java/util/Random
instanceKlass java/util/random/RandomGenerator
instanceKlass com/landawn/abacus/util/CommonUtil
instanceKlass java/util/regex/Pattern$TreeInfo
instanceKlass  @bci java/util/regex/Pattern Single (I)Ljava/util/regex/Pattern$BmpCharPredicate; 1 <appendix> member <vmtarget> ; # java/util/regex/Pattern$$Lambda+0x800000027
instanceKlass  @bci java/util/regex/CharPredicates ASCII_DIGIT ()Ljava/util/regex/Pattern$BmpCharPredicate; 0 <appendix> argL0 ; # java/util/regex/CharPredicates$$Lambda+0x800000024
instanceKlass java/util/regex/CharPredicates
instanceKlass java/util/regex/Pattern$BitClass
instanceKlass java/util/regex/Pattern$BmpCharPredicate
instanceKlass java/util/regex/Pattern$CharPredicate
instanceKlass java/util/regex/Pattern$Node
instanceKlass java/util/regex/Pattern
instanceKlass com/landawn/abacus/query/condition/AbstractCondition
instanceKlass com/landawn/abacus/query/Filters
instanceKlass BuilderBenchmark$Person
instanceKlass  @bci java/util/stream/Collectors toList ()Ljava/util/stream/Collector; 14 <appendix> argL0 ; # java/util/stream/Collectors$$Lambda+0x000000002f007ab0
instanceKlass  @bci java/util/stream/Collectors toList ()Ljava/util/stream/Collector; 9 <appendix> argL0 ; # java/util/stream/Collectors$$Lambda+0x000000002f007878
instanceKlass java/lang/classfile/constantpool/InterfaceMethodRefEntry
instanceKlass  @bci java/util/stream/Collectors toList ()Ljava/util/stream/Collector; 4 <appendix> argL0 ; # java/util/stream/Collectors$$Lambda+0x000000002f007650
instanceKlass  @bci sun/management/spi/PlatformMBeanProvider$PlatformComponent getMBeans (Ljava/lang/Class;)Ljava/util/List; 63 <appendix> member <vmtarget> ; # sun/management/spi/PlatformMBeanProvider$PlatformComponent$$Lambda+0x000000002f007400
instanceKlass  @bci sun/management/spi/PlatformMBeanProvider$PlatformComponent getMBeans (Ljava/lang/Class;)Ljava/util/List; 47 <appendix> member <vmtarget> ; # sun/management/spi/PlatformMBeanProvider$PlatformComponent$$Lambda+0x000000002f0071a0
instanceKlass java/util/Collections$2
instanceKlass sun/management/ThreadImpl
instanceKlass com/sun/management/ThreadMXBean
instanceKlass java/util/stream/Sink$ChainedReference
instanceKlass java/util/stream/ReduceOps$2ReducingSink
instanceKlass  @bci java/lang/management/ManagementFactory$PlatformMBeanFinder findSingleton (Ljava/lang/Class;)Lsun/management/spi/PlatformMBeanProvider$PlatformComponent; 30 <appendix> member <vmtarget> ; # java/lang/management/ManagementFactory$PlatformMBeanFinder$$Lambda+0x000000002f005f88
instanceKlass  @bci java/lang/management/ManagementFactory$PlatformMBeanFinder findSingleton (Ljava/lang/Class;)Lsun/management/spi/PlatformMBeanProvider$PlatformComponent; 19 <appendix> member <vmtarget> ; # java/lang/management/ManagementFactory$PlatformMBeanFinder$$Lambda+0x000000002f005d28
instanceKlass java/lang/invoke/TypeConvertingMethodAdapter
instanceKlass java/lang/invoke/InnerClassLambdaMetafactory$6
instanceKlass java/lang/invoke/InnerClassLambdaMetafactory$3
instanceKlass java/lang/classfile/Interfaces
instanceKlass java/util/ImmutableCollections$Access$1
instanceKlass jdk/internal/access/JavaUtilCollectionAccess
instanceKlass java/util/ImmutableCollections$Access
instanceKlass java/lang/invoke/InnerClassLambdaMetafactory$1
instanceKlass java/util/function/Predicate
instanceKlass java/util/HashMap$HashMapSpliterator
instanceKlass java/util/Collections$UnmodifiableCollection$1
instanceKlass java/util/Collections$1
instanceKlass jdk/management/jfr/internal/FlightRecorderMXBeanProvider$SingleMBeanComponent
instanceKlass jdk/management/jfr/FlightRecorderMXBean
instanceKlass java/util/ArrayList$Itr
instanceKlass java/lang/management/DefaultPlatformMBeanProvider$11
instanceKlass java/lang/management/DefaultPlatformMBeanProvider$10
instanceKlass java/lang/management/DefaultPlatformMBeanProvider$9
instanceKlass java/util/logging/LogManager
instanceKlass sun/management/ManagementFactoryHelper$LoggingMXBeanAccess
instanceKlass java/lang/management/DefaultPlatformMBeanProvider$8
instanceKlass java/lang/management/DefaultPlatformMBeanProvider$7
instanceKlass java/lang/management/DefaultPlatformMBeanProvider$6
instanceKlass java/lang/management/DefaultPlatformMBeanProvider$5
instanceKlass java/lang/management/DefaultPlatformMBeanProvider$4
instanceKlass java/lang/management/DefaultPlatformMBeanProvider$3
instanceKlass java/lang/management/DefaultPlatformMBeanProvider$2
instanceKlass java/lang/management/DefaultPlatformMBeanProvider$1
instanceKlass java/util/Collections$EmptyEnumeration
instanceKlass com/sun/management/internal/PlatformMBeanProviderImpl$6
instanceKlass sun/management/VMManagementImpl
instanceKlass sun/management/VMManagement
instanceKlass sun/management/ManagementFactoryHelper
instanceKlass sun/management/NotificationEmitterSupport
instanceKlass javax/management/NotificationEmitter
instanceKlass javax/management/NotificationBroadcaster
instanceKlass com/sun/management/DiagnosticCommandMBean
instanceKlass javax/management/DynamicMBean
instanceKlass com/sun/management/internal/PlatformMBeanProviderImpl$5
instanceKlass com/sun/management/internal/PlatformMBeanProviderImpl$4
instanceKlass jdk/management/VirtualThreadSchedulerMXBean
instanceKlass com/sun/management/internal/PlatformMBeanProviderImpl$3
instanceKlass com/sun/management/internal/PlatformMBeanProviderImpl$2
instanceKlass java/util/stream/ReduceOps$AccumulatingSink
instanceKlass java/util/stream/TerminalSink
instanceKlass java/util/stream/Sink
instanceKlass java/util/stream/ReduceOps$Box
instanceKlass java/util/stream/ReduceOps$ReduceOp
instanceKlass java/util/stream/TerminalOp
instanceKlass java/util/stream/ReduceOps
instanceKlass  @bci java/util/stream/Collectors castingIdentity ()Ljava/util/function/Function; 0 <appendix> argL0 ; # java/util/stream/Collectors$$Lambda+0x800000042
instanceKlass  @bci java/util/stream/Collectors toSet ()Ljava/util/stream/Collector; 14 <appendix> argL0 ; # java/util/stream/Collectors$$Lambda+0x800000040
instanceKlass java/util/function/BinaryOperator
instanceKlass  @bci java/util/stream/Collectors toSet ()Ljava/util/stream/Collector; 9 <appendix> argL0 ; # java/util/stream/Collectors$$Lambda+0x800000038
instanceKlass java/util/function/BiConsumer
instanceKlass  @bci java/util/stream/Collectors toSet ()Ljava/util/stream/Collector; 4 <appendix> argL0 ; # java/util/stream/Collectors$$Lambda+0x800000045
instanceKlass java/lang/invoke/LambdaProxyClassArchive
instanceKlass java/lang/invoke/InfoFromMemberName
instanceKlass java/lang/invoke/MethodHandleInfo
instanceKlass java/lang/invoke/AbstractValidatingLambdaMetafactory
instanceKlass java/lang/invoke/BootstrapMethodInvoker
instanceKlass java/lang/invoke/LambdaMetafactory
instanceKlass java/util/stream/Collector
instanceKlass java/util/Collections$UnmodifiableCollection
instanceKlass java/util/stream/Collectors
# instanceKlass java/lang/invoke/LambdaForm$MH+0x000000002f041000
instanceKlass jdk/internal/util/ModifiedUtf
instanceKlass jdk/internal/classfile/impl/ClassReaderImpl
instanceKlass java/lang/classfile/ClassReader
instanceKlass jdk/internal/classfile/impl/ClassHierarchyImpl$CachedClassHierarchyResolver$1
instanceKlass java/lang/classfile/ClassHierarchyResolver$ClassHierarchyInfo
instanceKlass jdk/internal/classfile/impl/ClassHierarchyImpl$CachedClassHierarchyResolver
instanceKlass jdk/internal/classfile/impl/ClassHierarchyImpl$ClassLoadingClassHierarchyResolver$1
instanceKlass jdk/internal/classfile/impl/ClassHierarchyImpl$ClassLoadingClassHierarchyResolver
instanceKlass java/lang/classfile/ClassHierarchyResolver
instanceKlass jdk/internal/classfile/impl/ClassHierarchyImpl
instanceKlass jdk/internal/classfile/impl/RawBytecodeHelper$1
instanceKlass jdk/internal/classfile/impl/RawBytecodeHelper
instanceKlass jdk/internal/classfile/impl/StackMapGenerator$Frame
instanceKlass jdk/internal/classfile/impl/StackMapGenerator
instanceKlass jdk/internal/classfile/impl/AnnotationReader
instanceKlass java/lang/classfile/CustomAttribute
instanceKlass jdk/internal/classfile/impl/TerminalFieldBuilder
instanceKlass java/lang/classfile/FieldBuilder
instanceKlass java/lang/invoke/InvokerBytecodeGenerator$2
instanceKlass jdk/internal/classfile/impl/BytecodeHelpers
instanceKlass java/lang/classfile/constantpool/MethodRefEntry
instanceKlass jdk/internal/classfile/impl/DirectCodeBuilder$8
instanceKlass java/lang/classfile/instruction/LabelTarget
instanceKlass java/lang/classfile/Label
instanceKlass jdk/internal/classfile/impl/BufWriterImpl
instanceKlass java/lang/classfile/BufWriter
instanceKlass java/lang/classfile/instruction/LocalVariableType
instanceKlass java/lang/classfile/instruction/LocalVariable
instanceKlass java/lang/classfile/instruction/CharacterRange
instanceKlass java/lang/classfile/PseudoInstruction
instanceKlass java/lang/classfile/CodeElement
instanceKlass jdk/internal/classfile/impl/TerminalCodeBuilder
instanceKlass jdk/internal/classfile/impl/LabelContext
instanceKlass java/lang/classfile/CodeBuilder
instanceKlass java/lang/invoke/InvokerBytecodeGenerator$4$1
instanceKlass java/lang/classfile/constantpool/FieldRefEntry
instanceKlass java/lang/classfile/constantpool/MemberRefEntry
instanceKlass java/lang/classfile/constantpool/NameAndTypeEntry
instanceKlass jdk/internal/classfile/impl/TerminalMethodBuilder
instanceKlass jdk/internal/classfile/impl/MethodInfo
instanceKlass java/lang/classfile/MethodBuilder
instanceKlass java/lang/invoke/InvokerBytecodeGenerator$4
instanceKlass java/lang/classfile/attribute/SourceFileAttribute
instanceKlass java/lang/classfile/Superclass
instanceKlass jdk/internal/classfile/impl/AttributeHolder
instanceKlass java/lang/classfile/ClassBuilder
instanceKlass java/lang/classfile/ClassFileBuilder
instanceKlass jdk/internal/classfile/impl/AbstractDirectBuilder
instanceKlass java/lang/invoke/InvokerBytecodeGenerator$1
instanceKlass jdk/internal/classfile/impl/ClassFileImpl
instanceKlass java/lang/classfile/ClassFile
instanceKlass java/lang/invoke/InvokerBytecodeGenerator$3
instanceKlass java/util/function/Consumer
instanceKlass java/lang/classfile/constantpool/ClassEntry
instanceKlass java/lang/classfile/constantpool/LoadableConstantEntry
instanceKlass jdk/internal/classfile/impl/Util
instanceKlass jdk/internal/classfile/impl/EntryMap
instanceKlass jdk/internal/classfile/impl/BootstrapMethodEntryImpl
instanceKlass java/lang/classfile/BootstrapMethodEntry
instanceKlass jdk/internal/classfile/impl/SplitConstantPool
instanceKlass java/lang/invoke/LambdaFormBuffer
instanceKlass java/lang/invoke/LambdaFormEditor$TransformKey
instanceKlass java/lang/invoke/LambdaFormEditor
instanceKlass java/lang/invoke/DelegatingMethodHandle$Holder
instanceKlass java/lang/invoke/DirectMethodHandle$2
instanceKlass java/lang/invoke/ClassSpecializer$Factory
instanceKlass java/lang/invoke/ClassSpecializer$SpeciesData
instanceKlass java/lang/invoke/ClassSpecializer$1
instanceKlass jdk/internal/vm/annotation/Stable
instanceKlass java/lang/invoke/ClassSpecializer
instanceKlass sun/invoke/util/ValueConversions
instanceKlass sun/reflect/annotation/AnnotationParser
instanceKlass java/util/EnumMap$1
instanceKlass java/util/stream/StreamOpFlag$MaskBuilder
instanceKlass java/util/stream/PipelineHelper
instanceKlass java/util/stream/StreamSupport
instanceKlass java/util/Spliterators$ArraySpliterator
instanceKlass java/util/Spliterator
instanceKlass java/util/Spliterators
instanceKlass java/util/stream/Stream
instanceKlass java/util/stream/BaseStream
instanceKlass com/sun/management/internal/PlatformMBeanProviderImpl$1
instanceKlass sun/management/spi/PlatformMBeanProvider$PlatformComponent
instanceKlass java/lang/invoke/Invokers$Holder
instanceKlass java/lang/invoke/Invokers
instanceKlass sun/invoke/empty/Empty
instanceKlass sun/invoke/util/VerifyType
instanceKlass java/lang/invoke/InvokerBytecodeGenerator$8
instanceKlass jdk/internal/classfile/impl/AbstractAttributeMapper
instanceKlass java/lang/classfile/AttributeMapper
instanceKlass java/lang/classfile/Attributes
instanceKlass jdk/internal/classfile/impl/Util$Writable
instanceKlass jdk/internal/classfile/impl/AbstractElement
instanceKlass java/lang/classfile/attribute/RuntimeVisibleAnnotationsAttribute
instanceKlass java/lang/classfile/FieldElement
instanceKlass java/lang/classfile/MethodElement
instanceKlass java/lang/classfile/ClassElement
instanceKlass java/lang/classfile/Attribute
instanceKlass java/lang/classfile/ClassFileElement
instanceKlass java/lang/classfile/constantpool/Utf8Entry
instanceKlass java/lang/classfile/constantpool/AnnotationConstantValueEntry
instanceKlass java/lang/classfile/constantpool/PoolEntry
instanceKlass jdk/internal/classfile/impl/AbstractPoolEntry
instanceKlass jdk/internal/classfile/impl/TemporaryConstantPool
instanceKlass java/lang/classfile/constantpool/ConstantPoolBuilder
instanceKlass java/lang/classfile/constantpool/ConstantPool
instanceKlass java/lang/classfile/Annotation
instanceKlass java/lang/classfile/AnnotationElement
instanceKlass java/lang/invoke/InvokerBytecodeGenerator
instanceKlass java/lang/invoke/LambdaForm$Holder
instanceKlass java/lang/invoke/LambdaForm$Name
instanceKlass java/lang/reflect/Array
instanceKlass java/lang/invoke/DirectMethodHandle$Holder
instanceKlass java/lang/invoke/MethodTypeForm
instanceKlass jdk/internal/util/StrongReferenceKey
instanceKlass jdk/internal/util/ReferenceKey
instanceKlass jdk/internal/util/ReferencedKeyMap
instanceKlass java/lang/invoke/MethodType$1
instanceKlass java/lang/constant/DynamicConstantDesc
instanceKlass jdk/internal/constant/DirectMethodHandleDescImpl$1
instanceKlass jdk/internal/constant/DirectMethodHandleDescImpl
instanceKlass java/lang/constant/DirectMethodHandleDesc
instanceKlass java/lang/constant/MethodHandleDesc$1
instanceKlass java/lang/constant/MethodHandleDesc
instanceKlass jdk/internal/constant/MethodTypeDescImpl
instanceKlass java/lang/constant/MethodTypeDesc
instanceKlass jdk/internal/constant/ConstantUtils
instanceKlass jdk/internal/constant/ArrayClassDescImpl
instanceKlass jdk/internal/constant/ClassOrInterfaceDescImpl
instanceKlass java/lang/constant/ClassDesc
instanceKlass java/lang/constant/ConstantDescs
instanceKlass sun/invoke/util/Wrapper$Format
instanceKlass java/lang/invoke/MethodHandleImpl$1
instanceKlass jdk/internal/access/JavaLangInvokeAccess
instanceKlass java/lang/invoke/LambdaForm$NamedFunction
instanceKlass jdk/internal/reflect/MethodHandleAccessorFactory$LazyStaticHolder
instanceKlass java/util/ServiceLoader$ProviderImpl
instanceKlass java/util/ServiceLoader$Provider
instanceKlass java/util/concurrent/Callable
instanceKlass java/util/concurrent/CopyOnWriteArrayList$COWIterator
instanceKlass java/util/ServiceLoader$2
instanceKlass java/util/ServiceLoader$1
instanceKlass java/util/ServiceLoader$LazyClassPathLookupIterator
instanceKlass java/util/ImmutableCollections$ListItr
instanceKlass java/util/ListIterator
instanceKlass jdk/internal/loader/AbstractClassLoaderValue$Memoizer
instanceKlass java/util/ServiceLoader$ModuleServicesLookupIterator
instanceKlass java/util/ServiceLoader
instanceKlass sun/management/spi/PlatformMBeanProvider
instanceKlass java/lang/management/ManagementFactory$PlatformMBeanFinder
instanceKlass java/lang/management/ThreadMXBean
instanceKlass java/lang/management/PlatformManagedObject
instanceKlass jdk/internal/reflect/Reflection$1Holder
instanceKlass java/lang/management/ManagementFactory
instanceKlass java/lang/PublicMethods$Key
instanceKlass java/lang/PublicMethods$MethodList
instanceKlass com/landawn/abacus/query/AbstractQueryBuilder
instanceKlass com/landawn/abacus/query/condition/Condition
instanceKlass java/util/zip/Checksum$1
instanceKlass java/util/zip/CRC32
instanceKlass java/util/zip/Checksum
instanceKlass java/lang/Package$VersionInfo
instanceKlass java/util/SequencedMap
instanceKlass java/util/jar/Attributes
instanceKlass sun/security/util/Debug
instanceKlass sun/security/util/SignatureFileVerifier
instanceKlass java/util/zip/ZipFile$InflaterCleanupAction
instanceKlass java/util/zip/Inflater$InflaterZStreamRef
instanceKlass java/util/zip/Inflater
instanceKlass java/util/zip/ZipEntry
instanceKlass java/nio/Bits$1
instanceKlass jdk/internal/misc/VM$BufferPool
instanceKlass java/nio/Bits
instanceKlass sun/nio/ch/DirectBuffer
instanceKlass jdk/internal/perf/PerfCounter$CoreCounters
instanceKlass jdk/internal/perf/Perf
instanceKlass jdk/internal/perf/PerfCounter
instanceKlass java/nio/file/attribute/FileTime
instanceKlass java/util/zip/ZipUtils
instanceKlass java/util/zip/ZipFile$Source$End
instanceKlass java/io/RandomAccessFile$2
instanceKlass jdk/internal/access/JavaIORandomAccessFileAccess
instanceKlass java/io/RandomAccessFile
instanceKlass java/io/DataInput
instanceKlass java/io/DataOutput
instanceKlass sun/nio/fs/WindowsNativeDispatcher$CompletionStatus
instanceKlass sun/nio/fs/WindowsNativeDispatcher$AclInformation
instanceKlass sun/nio/fs/WindowsNativeDispatcher$Account
instanceKlass sun/nio/fs/WindowsNativeDispatcher$DiskFreeSpace
instanceKlass sun/nio/fs/WindowsNativeDispatcher$VolumeInformation
instanceKlass sun/nio/fs/WindowsNativeDispatcher$FirstStream
instanceKlass sun/nio/fs/WindowsNativeDispatcher$FirstFile
instanceKlass java/util/Enumeration
instanceKlass java/util/concurrent/ConcurrentHashMap$Traverser
instanceKlass jdk/internal/loader/NativeLibraries$2
instanceKlass jdk/internal/loader/NativeLibrary
instanceKlass java/util/ArrayDeque$DeqIterator
instanceKlass jdk/internal/loader/NativeLibraries$NativeLibraryContext$1
instanceKlass jdk/internal/loader/NativeLibraries$NativeLibraryContext
instanceKlass jdk/internal/loader/NativeLibraries$1
instanceKlass jdk/internal/loader/NativeLibraries$LibraryPaths
instanceKlass sun/nio/fs/WindowsNativeDispatcher
instanceKlass sun/nio/fs/NativeBuffer$Deallocator
instanceKlass sun/nio/fs/NativeBuffer
instanceKlass java/lang/ThreadLocal$ThreadLocalMap
instanceKlass java/lang/ThreadLocal
instanceKlass sun/nio/fs/NativeBuffers
instanceKlass sun/nio/fs/WindowsFileAttributes
instanceKlass java/nio/file/attribute/DosFileAttributes
instanceKlass sun/nio/fs/AbstractBasicFileAttributeView
instanceKlass sun/nio/fs/DynamicFileAttributeView
instanceKlass sun/nio/fs/WindowsFileAttributeViews
instanceKlass sun/nio/fs/Util
instanceKlass java/nio/file/attribute/BasicFileAttributeView
instanceKlass java/nio/file/attribute/FileAttributeView
instanceKlass java/nio/file/attribute/AttributeView
instanceKlass java/nio/file/Files
instanceKlass java/nio/file/CopyOption
instanceKlass java/nio/file/attribute/BasicFileAttributes
instanceKlass sun/nio/fs/WindowsPath
instanceKlass java/nio/file/Path
instanceKlass java/nio/file/Watchable
instanceKlass java/util/zip/ZipFile$Source$Key
instanceKlass sun/nio/fs/WindowsPathParser
instanceKlass java/nio/file/FileSystem
instanceKlass java/nio/file/OpenOption
instanceKlass java/nio/file/spi/FileSystemProvider
instanceKlass sun/nio/fs/DefaultFileSystemProvider
instanceKlass java/util/zip/ZipFile$Source
instanceKlass java/util/zip/ZipFile$CleanableResource
instanceKlass java/util/zip/ZipCoder
instanceKlass java/lang/Runtime$Version
instanceKlass java/util/jar/JavaUtilJarAccessImpl
instanceKlass jdk/internal/access/JavaUtilJarAccess
instanceKlass jdk/internal/loader/FileURLMapper
instanceKlass java/util/zip/ZipFile$1
instanceKlass jdk/internal/access/JavaUtilZipFileAccess
instanceKlass java/util/BitSet
instanceKlass java/util/zip/ZipFile
instanceKlass java/util/zip/ZipConstants
instanceKlass jdk/internal/misc/MethodFinder
instanceKlass java/lang/NamedPackage
instanceKlass BuilderBenchmark
instanceKlass java/security/PermissionCollection
instanceKlass java/security/SecureClassLoader$1
instanceKlass java/io/FileInputStream$1
instanceKlass sun/nio/ByteBuffered
instanceKlass jdk/internal/ref/CleanerImpl$CleanableList$Node
instanceKlass jdk/internal/ref/CleanerImpl$CleanableList
instanceKlass jdk/internal/ref/CleanerImpl
instanceKlass java/lang/ref/Cleaner$1
instanceKlass java/lang/ref/Cleaner
instanceKlass jdk/internal/ref/CleanerFactory$1
instanceKlass java/util/concurrent/ThreadFactory
instanceKlass jdk/internal/ref/CleanerFactory
instanceKlass java/lang/ref/Cleaner$Cleanable
instanceKlass jdk/internal/loader/Resource
instanceKlass jdk/internal/loader/URLClassPath$Loader
instanceKlass sun/net/util/URLUtil
instanceKlass java/lang/StringCoding
instanceKlass sun/nio/cs/ArrayDecoder
instanceKlass java/nio/charset/CharsetDecoder
instanceKlass sun/launcher/LauncherHelper
instanceKlass java/util/Optional
instanceKlass sun/util/locale/LocaleUtils
instanceKlass java/util/Locale
instanceKlass sun/usagetracker/UsageTrackerClient
instanceKlass jdk/internal/util/EnvUtils
instanceKlass jdk/internal/vm/PostVMInitHook
instanceKlass jdk/internal/vm/ContinuationSupport
instanceKlass java/util/Deque
instanceKlass java/util/Queue
instanceKlass sun/net/util/IPAddressUtil$MASKS
instanceKlass sun/net/util/IPAddressUtil
instanceKlass java/net/URLStreamHandler
instanceKlass sun/net/www/ParseUtil
instanceKlass java/net/URL$1
instanceKlass jdk/internal/access/JavaNetURLAccess
instanceKlass java/net/URL$DefaultFactory
instanceKlass java/net/URLStreamHandlerFactory
instanceKlass jdk/internal/loader/URLClassPath
instanceKlass java/lang/Module$EnableNativeAccess
instanceKlass jdk/internal/loader/BootLoader
instanceKlass java/util/concurrent/ConcurrentHashMap$CollectionView
instanceKlass jdk/internal/loader/ClassLoaderHelper
instanceKlass java/lang/ClassLoader$ParallelLoaders
instanceKlass java/security/cert/Certificate
instanceKlass java/net/URI$1
instanceKlass jdk/internal/access/JavaNetUriAccess
instanceKlass jdk/internal/loader/AbstractClassLoaderValue
instanceKlass jdk/internal/module/ModuleBootstrap$Counters
instanceKlass jdk/internal/module/ModuleLoaderMap$Modules
instanceKlass jdk/internal/module/ModuleLoaderMap
instanceKlass jdk/internal/module/ModulePatcher
instanceKlass jdk/internal/util/DecimalDigits
instanceKlass java/io/FileSystem
instanceKlass java/io/DefaultFileSystem
instanceKlass java/io/File
instanceKlass java/lang/module/ModuleDescriptor$1
instanceKlass jdk/internal/access/JavaLangModuleAccess
instanceKlass sun/invoke/util/VerifyAccess
instanceKlass java/util/KeyValueHolder
instanceKlass java/util/ImmutableCollections$MapN$MapNIterator
instanceKlass java/lang/invoke/MethodHandles$Lookup
instanceKlass java/lang/invoke/MemberName$Factory
instanceKlass java/lang/invoke/MethodHandles
instanceKlass jdk/internal/module/ModuleBootstrap
instanceKlass java/util/HexFormat
instanceKlass jdk/internal/util/ClassFileDumper
instanceKlass java/lang/CharacterData
instanceKlass java/lang/invoke/MethodHandleStatics
instanceKlass java/util/Collections
instanceKlass java/lang/Thread$ThreadIdentifiers
instanceKlass sun/io/Win32ErrorMode
instanceKlass jdk/internal/misc/OSEnvironment
instanceKlass jdk/internal/misc/Signal$NativeHandler
instanceKlass java/util/Hashtable$Entry
instanceKlass jdk/internal/misc/Signal
instanceKlass java/lang/Terminator$1
instanceKlass jdk/internal/misc/Signal$Handler
instanceKlass java/lang/Terminator
instanceKlass java/nio/ByteOrder
instanceKlass java/nio/Buffer$2
instanceKlass jdk/internal/access/JavaNioAccess
instanceKlass java/nio/Buffer$1
instanceKlass jdk/internal/misc/ScopedMemoryAccess
instanceKlass java/nio/charset/CodingErrorAction
instanceKlass sun/nio/cs/SingleByte
instanceKlass java/lang/StringUTF16
instanceKlass sun/nio/cs/MS1252$Holder
instanceKlass sun/nio/cs/ArrayEncoder
instanceKlass java/nio/charset/CharsetEncoder
instanceKlass java/io/Writer
instanceKlass java/io/OutputStream
instanceKlass java/io/Flushable
instanceKlass java/io/FileDescriptor$1
instanceKlass jdk/internal/access/JavaIOFileDescriptorAccess
instanceKlass java/io/FileDescriptor
instanceKlass jdk/internal/util/StaticProperty
instanceKlass jdk/internal/reflect/MethodHandleAccessorFactory
instanceKlass jdk/internal/reflect/Reflection
instanceKlass java/lang/reflect/Modifier
instanceKlass java/lang/Class$Atomic
instanceKlass java/lang/Class$ReflectionData
instanceKlass java/nio/charset/StandardCharsets
instanceKlass sun/nio/cs/HistoricallyNamedCharset
instanceKlass java/util/Arrays
instanceKlass jdk/internal/util/Preconditions$3
instanceKlass jdk/internal/util/Preconditions$2
instanceKlass jdk/internal/util/Preconditions$4
instanceKlass java/util/function/BiFunction
instanceKlass jdk/internal/util/Preconditions$1
instanceKlass jdk/internal/util/Preconditions
instanceKlass java/nio/charset/spi/CharsetProvider
instanceKlass java/nio/charset/Charset
instanceKlass java/util/HashMap$HashIterator
instanceKlass java/util/Objects
instanceKlass java/util/concurrent/locks/LockSupport
instanceKlass java/util/concurrent/ConcurrentHashMap$CounterCell
instanceKlass java/util/concurrent/locks/ReentrantLock
instanceKlass java/util/concurrent/locks/Lock
instanceKlass java/lang/Runtime
instanceKlass java/lang/VersionProps
instanceKlass java/lang/StringConcatHelper
instanceKlass jdk/internal/util/ArraysSupport
instanceKlass java/lang/StringLatin1
instanceKlass java/lang/StrictMath
instanceKlass jdk/internal/util/SystemProps$Raw
instanceKlass jdk/internal/util/SystemProps
instanceKlass java/lang/System$1
instanceKlass jdk/internal/access/JavaLangAccess
instanceKlass java/lang/ref/ReferenceQueue$Lock
instanceKlass java/lang/ref/ReferenceQueue
instanceKlass java/lang/ref/Reference$1
instanceKlass jdk/internal/access/JavaLangRefAccess
instanceKlass java/lang/Math
instanceKlass java/io/ObjectStreamClass
instanceKlass jdk/internal/reflect/ReflectionFactory
instanceKlass jdk/internal/access/SharedSecrets
instanceKlass java/lang/reflect/ReflectAccess
instanceKlass jdk/internal/access/JavaLangReflectAccess
instanceKlass jdk/internal/misc/CDS
instanceKlass jdk/internal/misc/VM
instanceKlass java/lang/String$CaseInsensitiveComparator
instanceKlass java/util/Comparator
instanceKlass java/io/ObjectStreamField
instanceKlass java/lang/Module$ArchivedData
instanceKlass jdk/internal/module/ArchivedBootLayer
instanceKlass jdk/internal/loader/BuiltinClassLoader$LoadedModule
instanceKlass jdk/internal/module/ServicesCatalog$ServiceProvider
instanceKlass java/util/concurrent/CopyOnWriteArrayList
instanceKlass jdk/internal/module/ServicesCatalog
instanceKlass java/util/concurrent/ConcurrentHashMap$Node
instanceKlass jdk/internal/loader/NativeLibraries
instanceKlass java/security/Principal
instanceKlass jdk/internal/loader/ArchivedClassLoaders
instanceKlass jdk/internal/math/FDBigInteger
instanceKlass java/lang/ModuleLayer
instanceKlass java/util/ImmutableCollections
instanceKlass jdk/internal/module/ModuleLoaderMap$Mapper
instanceKlass java/util/function/Function
instanceKlass java/lang/module/ResolvedModule
instanceKlass java/lang/module/Configuration
instanceKlass java/util/HashMap$Node
instanceKlass java/util/Map$Entry
instanceKlass java/util/Collections$UnmodifiableMap
instanceKlass jdk/internal/module/ModuleHashes
instanceKlass jdk/internal/module/ModuleTarget
instanceKlass java/lang/module/ModuleDescriptor$Opens
instanceKlass java/lang/module/ModuleDescriptor$Exports
instanceKlass jdk/internal/module/SystemModuleFinders$2
instanceKlass jdk/internal/module/ModuleHashes$HashSupplier
instanceKlass jdk/internal/module/SystemModuleFinders$1
instanceKlass java/util/function/Supplier
instanceKlass java/net/URI
instanceKlass java/lang/module/ModuleDescriptor$Provides
instanceKlass java/lang/module/ModuleDescriptor$Requires
instanceKlass java/lang/module/ModuleDescriptor$Version
instanceKlass java/lang/module/ModuleDescriptor
instanceKlass java/lang/module/ModuleReference
instanceKlass java/util/Set
instanceKlass jdk/internal/module/SystemModuleFinders$SystemModuleFinder
instanceKlass java/lang/module/ModuleFinder
instanceKlass jdk/internal/module/ArchivedModuleGraph
instanceKlass sun/util/locale/BaseLocale
instanceKlass java/util/jar/Attributes$Name
instanceKlass java/lang/Character$CharacterCache
instanceKlass java/lang/Short$ShortCache
instanceKlass java/lang/Byte$ByteCache
instanceKlass java/lang/Long$LongCache
instanceKlass java/lang/Integer$IntegerCache
instanceKlass jdk/internal/vm/FillerObject
instanceKlass jdk/internal/vm/vector/VectorSupport$VectorPayload
instanceKlass jdk/internal/vm/vector/VectorSupport
instanceKlass java/lang/reflect/RecordComponent
instanceKlass java/util/Iterator
instanceKlass java/lang/Void
instanceKlass java/lang/Number
instanceKlass java/lang/Character
instanceKlass java/lang/Boolean
instanceKlass java/util/concurrent/locks/AbstractOwnableSynchronizer
instanceKlass java/lang/LiveStackFrame
instanceKlass java/lang/ClassFrameInfo
instanceKlass java/lang/StackWalker$StackFrame
instanceKlass java/lang/StackStreamFactory$AbstractStackWalker
instanceKlass java/lang/StackWalker
instanceKlass java/nio/Buffer
instanceKlass java/lang/StackTraceElement
instanceKlass java/util/RandomAccess
instanceKlass java/util/List
instanceKlass java/util/SequencedCollection
instanceKlass java/util/AbstractCollection
instanceKlass java/util/Collection
instanceKlass java/lang/Iterable
instanceKlass java/util/concurrent/ConcurrentMap
instanceKlass java/util/AbstractMap
instanceKlass java/security/CodeSource
instanceKlass jdk/internal/loader/ClassLoaders
instanceKlass java/util/jar/Manifest
instanceKlass java/lang/Enum
instanceKlass java/net/URL
instanceKlass java/io/InputStream
instanceKlass java/io/Closeable
instanceKlass java/lang/AutoCloseable
instanceKlass jdk/internal/module/Modules
instanceKlass jdk/internal/misc/Unsafe
instanceKlass jdk/internal/misc/UnsafeConstants
instanceKlass java/lang/AbstractStringBuilder
instanceKlass java/lang/Appendable
instanceKlass java/lang/AssertionStatusDirectives
instanceKlass jdk/internal/foreign/abi/ABIDescriptor
instanceKlass jdk/internal/foreign/abi/NativeEntryPoint
instanceKlass java/lang/invoke/CallSite
instanceKlass java/lang/invoke/MethodType
instanceKlass java/lang/invoke/TypeDescriptor$OfMethod
instanceKlass java/lang/invoke/LambdaForm
instanceKlass java/lang/invoke/MethodHandleNatives
instanceKlass java/lang/invoke/MethodHandleImpl
instanceKlass java/lang/invoke/ResolvedMethodName
instanceKlass java/lang/invoke/MemberName
instanceKlass java/lang/invoke/VarHandle
instanceKlass java/lang/invoke/MethodHandle
instanceKlass jdk/internal/reflect/ConstructorAccessorImpl
instanceKlass jdk/internal/reflect/ConstructorAccessor
instanceKlass jdk/internal/reflect/CallerSensitive
instanceKlass java/lang/annotation/Annotation
instanceKlass jdk/internal/reflect/ConstantPool
instanceKlass jdk/internal/reflect/MethodAccessorImpl
instanceKlass jdk/internal/reflect/MethodAccessor
instanceKlass jdk/internal/vm/StackChunk
instanceKlass jdk/internal/vm/Continuation
instanceKlass jdk/internal/vm/ContinuationScope
instanceKlass java/lang/reflect/Parameter
instanceKlass java/lang/reflect/Member
instanceKlass java/lang/reflect/AccessibleObject
instanceKlass java/lang/Module
instanceKlass java/util/Map
instanceKlass java/util/Dictionary
instanceKlass java/lang/ThreadGroup
instanceKlass java/lang/Thread$UncaughtExceptionHandler
instanceKlass java/lang/Thread$Constants
instanceKlass java/lang/Thread$FieldHolder
instanceKlass java/lang/Thread
instanceKlass java/lang/Runnable
instanceKlass java/lang/ref/Reference
instanceKlass java/lang/Record
instanceKlass java/security/ProtectionDomain
instanceKlass java/lang/Throwable
instanceKlass java/lang/System
instanceKlass java/lang/ClassLoader
instanceKlass java/lang/Cloneable
instanceKlass java/lang/Class
instanceKlass java/lang/invoke/TypeDescriptor$OfField
instanceKlass java/lang/invoke/TypeDescriptor
instanceKlass java/lang/reflect/Type
instanceKlass java/lang/reflect/GenericDeclaration
instanceKlass java/lang/reflect/AnnotatedElement
instanceKlass java/lang/String
instanceKlass java/lang/constant/ConstantDesc
instanceKlass java/lang/constant/Constable
instanceKlass java/lang/CharSequence
instanceKlass java/lang/Comparable
instanceKlass java/io/Serializable
ciInstanceKlass java/lang/Object 1 1 115 7 1 10 12 1 1 10 7 12 1 1 1 10 7 12 1 1 1 10 12 1 1 8 1 10 12 1 1 10 7 12 1 1 1 10 12 1 10 12 1 1 100 1 8 1 10 12 1 10 7 12 1 1 1 7 1 10 12 1 7 1 10 12 1 1 8 1 3 8 1 100 1 5 0 1 1 1 1 1 1 1 1 1 1 1 1 1 1 1 1 7 1 1 1 1 1 1 1 1 1 1 1 1 1 7 1 1 1 1 1 1 3 1 1
ciMethod java/lang/Object equals (Ljava/lang/Object;)Z 514 0 5566 0 -1
ciMethod java/lang/Object toString ()Ljava/lang/String; 4 0 2 0 -1
ciMethod java/lang/Object hashCode ()I 256 0 128 0 -1
ciMethod java/lang/Object clone ()Ljava/lang/Object; 256 0 128 0 -1
ciInstanceKlass java/io/Serializable 1 0 7 100 1 100 1 1 1
ciInstanceKlass java/lang/System 1 1 591 10 100 12 1 1 1 10 7 12 1 1 1 10 12 1 1 10 12 1 9 12 1 1 10 7 12 1 1 1 11 100 12 1 1 1 10 100 12 1 1 1 10 12 1 1 100 1 8 1 10 12 1 9 12 1 1 9 12 1 1 10 7 12 1 1 1 10 7 12 1 1 1 10 12 1 1 10 12 1 10 7 12 1 1 1 10 12 1 10 12 1 1 7 1 10 12 1 1 100 1 8 1 10 10 12 1 1 100 1 8 1 10 10 100 12 1 1 10 12 10 100 12 1 1 10 7 12 1 1 1 100 1 8 1 10 10 100 12 1 1 1 10 100 12 1 1 1 100 1 10 100 12 1 1 1 10 12 1 1 10 7 12 1 1 1 10 12 1 1 10 12 1 10 12 1 8 1 10 12 1 1 10 12 1 1 8 1 10 12 1 7 1 7 1 10 12 1 9 7 12 1 1 1 10 7 12 1 1 1 10 12 1 10 12 1 10 7 12 1 1 1 100 1 8 1 10 9 12 1 1 9 12 1 10 12 1 10 100 12 1 1 10 12 1 10 12 1 1 100 1 10 8 1 10 12 1 1 10 12 1 10 12 1 1 10 12 1 1 8 1 11 7 12 1 1 10 12 11 12 1 1 11 7 12 1 1 1 11 7 12 1 1 11 12 1 1 7 1 11 12 1 10 12 1 8 1 10 12 1 1 8 1 8 1 8 1 8 1 11 12 1 10 12 1 1 10 12 1 10 12 1 8 1 10 12 1 1 8 1 9 12 1 8 1 10 7 12 1 1 8 1 7 1 9 7 12 1 1 1 10 12 1 7 1 9 12 10 9 12 7 1 10 12 9 12 1 1 8 1 10 12 1 1 8 1 9 12 1 10 7 12 1 1 10 12 1 10 12 1 1 11 7 12 1 1 10 12 10 7 12 1 1 1 9 12 1 1 100 1 100 1 8 1 10 12 1 1 10 12 1 8 1 8 1 10 8 1 8 1 8 1 8 1 8 1 10 8 1 10 7 12 1 1 1 10 7 12 1 1 1 10 12 1 1 7 1 10 10 12 1 10 12 1 9 12 1 1 1 1 1 1 1 1 1 1 1 1 100 1 1 100 1 1 1 1 1 1 1 1 1 1 3 1 1 1 1 1 1 1 1 1 1 1 1 1 1 1 1 1 1 1 1 1 1 1 1 1 1 1 1 1 1 1 1 1 1 1 1 1 1 1 1 1 1 1 1 1 1 1 1 1 1 1 100 1 1 1 1 1 1 1 1 1 1 1 1 1 1 1 1 1 1 1 1 1 1 1 1 1 100 1 100 1 1 1 1 1 1 1 1
staticfield java/lang/System in Ljava/io/InputStream; java/io/BufferedInputStream
staticfield java/lang/System out Ljava/io/PrintStream; java/io/PrintStream
staticfield java/lang/System err Ljava/io/PrintStream; java/io/PrintStream
instanceKlass java/security/Security$1
instanceKlass java/security/Provider
ciInstanceKlass java/util/Properties 1 1 690 10 7 12 1 1 1 100 1 10 7 12 1 1 7 1 10 12 1 9 12 1 1 9 12 1 1 9 12 1 1 10 7 12 1 1 1 10 12 1 1 8 1 10 7 12 1 1 1 7 1 10 12 1 10 12 1 1 8 1 10 12 1 7 1 10 12 10 12 1 1 9 12 1 1 10 12 1 1 7 1 10 12 1 10 12 1 10 12 1 1 100 1 8 1 10 12 1 10 12 1 10 12 1 1 10 12 1 100 1 3 10 10 100 12 1 1 1 10 12 1 10 12 1 1 8 1 10 12 1 10 12 1 1 8 1 10 100 12 1 1 10 12 1 1 10 12 1 10 12 1 1 100 1 10 12 1 10 12 1 1 100 1 9 100 12 1 1 1 10 12 1 10 12 1 1 10 12 1 1 10 12 1 1 100 1 9 12 1 1 7 1 100 1 10 12 1 100 1 11 7 12 1 1 1 11 12 1 1 11 100 12 1 1 1 11 7 12 1 1 1 11 12 1 1 11 12 1 11 12 1 10 12 1 1 8 1 10 12 1 10 100 12 1 1 10 12 1 100 1 10 10 12 1 10 12 1 100 1 10 10 12 1 1 10 100 12 1 1 9 100 12 1 1 10 12 1 1 10 100 12 1 1 1 100 1 100 1 100 1 10 8 1 8 1 10 12 1 10 12 1 10 12 1 1 10 10 12 1 1 10 12 1 1 100 1 10 10 12 1 11 7 12 1 1 10 7 12 1 1 1 8 1 10 100 12 1 1 11 11 7 1 8 1 10 100 1 11 10 12 1 10 10 12 1 10 12 1 1 10 12 1 1 10 12 1 1 10 12 1 10 12 1 10 10 12 1 10 12 1 10 12 1 10 10 12 1 1 10 12 1 1 10 10 12 1 10 12 1 10 12 1 10 12 1 10 12 1 1 10 12 1 1 10 12 1 10 12 1 10 12 1 1 10 12 10 12 1 1 10 12 1 1 10 12 1 10 12 1 1 10 12 1 1 10 12 10 11 12 1 4 11 10 12 1 1 10 100 12 1 1 11 12 1 10 12 1 1 10 100 12 1 1 10 12 1 100 1 8 1 10 12 1 10 10 100 12 1 1 1 100 1 6 0 10 12 1 1 11 100 12 1 1 1 10 12 1 10 12 1 1 1 1 1 5 0 1 1 1 1 1 1 1 1 1 1 1 1 1 1 1 1 1 1 1 1 1 1 1 1 1 1 1 1 1 1 1 1 1 1 1 1 1 1 1 100 1 1 1 1 1 1 1 1 1 1 1 1 1 1 1 1 1 1 1 1 100 1 1 1 1 1 1 1 1 1 1 1 1 100 1 100 1 1 1 1 1 100 1 1 1 1 1 1 1 1 1 1 1 1 1 1 1 1 1 1 1 1 1 1 1 1 1 1 1 1 1 1 1 1 1 1 1 1 1 1 1 1 1 1 1 1 1 1 1 1 1 1 1 1 1 1 1 1 1 1 1 1 1 1 1 1 1 1 1 1 1 1 1 1 1 1 1 1 1 100 1 1 1 1 1 1 1 1 1 1 1 100 1 1
staticfield java/util/Properties UNSAFE Ljdk/internal/misc/Unsafe; jdk/internal/misc/Unsafe
instanceKlass java/util/Hashtable
ciInstanceKlass java/util/Dictionary 1 1 36 10 7 12 1 1 1 100 1 1 1 1 1 1 1 1 1 1 1 1 1 1 1 1 1 1 1 1 1 1 1 1 1 1 1 1
instanceKlass java/util/Properties
ciInstanceKlass java/util/Hashtable 1 1 516 100 1 10 7 12 1 1 1 9 7 12 1 1 1 100 1 100 1 10 8 1 10 12 1 1 10 12 1 10 12 1 1 10 12 1 10 7 12 1 1 1 8 1 10 12 1 9 12 1 1 7 1 9 12 1 1 4 10 7 12 1 1 1 9 12 1 4 10 12 1 11 100 12 1 1 1 10 12 1 1 10 12 1 1 9 12 1 10 12 1 1 100 1 10 9 12 1 1 10 7 12 1 1 1 9 12 1 1 10 12 1 10 12 1 3 9 12 1 9 12 1 3 10 12 1 10 12 1 10 12 1 1 11 12 1 1 11 100 12 1 1 1 11 100 12 1 1 1 11 12 1 100 1 11 12 1 11 12 1 10 12 1 1 10 12 1 1 10 12 1 9 12 1 1 9 12 9 12 1 1 10 100 1 100 1 10 12 1 10 8 1 10 10 12 1 8 1 10 8 1 10 100 12 1 1 1 7 1 10 12 1 10 12 1 100 1 10 12 1 10 12 1 1 100 1 10 100 1 10 10 12 1 1 11 12 1 1 11 12 1 100 1 10 10 10 100 12 1 1 11 100 12 1 1 1 100 1 10 11 100 12 1 1 11 100 12 1 10 12 1 10 12 1 1 10 100 12 1 1 10 12 1 1 10 12 1 1 10 12 1 1 10 100 12 1 1 1 8 10 100 12 1 1 100 1 8 1 10 4 4 10 12 1 1 10 12 1 8 1 4 10 12 10 100 12 1 1 1 100 1 11 100 12 1 1 1 10 100 12 1 1 1 10 12 1 10 12 1 1 10 100 1 100 1 1 1 1 1 1 5 0 1 1 1 1 1 3 1 3 1 3 1 1 1 1 1 1 1 1 1 1 1 1 1 1 1 1 1 1 1 1 1 1 1 1 1 100 1 1 1 1 1 1 1 1 1 1 1 1 1 1 1 1 1 1 1 1 1 1 1 1 1 1 1 1 1 100 1 1 1 1 1 1 1 1 1 1 1 1 1 1 100 1 1 1 1 1 1 1 1 1 1 1 1 1 1 1 1 1 1 1 1 1 1 1 1 1 1 1 1 1 1 1 1 1 1 1 1 1 1 1 1 1 1 1 1 100 1 1 1 100 1 1 1 1 1 100 1 1 1 1 1 1 1 1 1 1 1 1 1 1 1 1 1 1
ciInstanceKlass java/util/Map 1 1 263 11 7 12 1 1 1 11 12 1 1 10 7 12 1 1 11 12 1 1 11 7 12 1 1 1 11 100 12 1 1 1 11 12 1 1 7 1 11 12 1 11 12 1 100 1 100 1 10 12 1 1 11 100 12 1 1 1 11 100 12 1 1 1 11 12 1 11 12 1 10 12 1 1 11 12 1 11 7 12 1 9 7 12 1 1 1 7 1 10 12 7 1 7 1 10 12 1 7 1 10 7 1 11 12 1 11 12 1 1 11 12 1 1 7 1 11 12 1 1 1 1 1 1 1 1 1 1 1 1 1 1 1 1 1 1 1 1 1 1 1 1 1 1 1 1 1 1 1 1 1 1 1 1 1 1 1 1 1 1 1 1 1 1 1 1 1 1 1 1 1 1 1 1 1 1 1 1 1 1 1 1 1 1 1 1 1 1 1 1 1 1 1 1 1 1 1 1 1 1 1 1 1 1 1 1 1 1 1 1 1 1 1 1 1 1 1 1 1 1 1 1 1 1 1 1 1 1 1 1 1 1 1 1 1 1 1 1 1 1 1 1 1 1 100 1 1 1 1 1 1 1 1 1 1 1 1 1 1 1 1 1 1
ciInstanceKlass java/lang/String 1 1 1471 10 7 12 1 1 1 8 1 9 7 12 1 1 1 9 12 1 1 9 12 1 1 9 12 1 1 10 12 1 10 12 1 1 10 12 1 1 9 12 1 10 7 12 1 1 1 10 12 1 1 10 12 1 10 7 12 1 1 1 10 12 1 1 10 12 1 1 10 12 1 10 12 1 1 10 12 1 10 7 12 1 1 1 7 1 9 7 12 1 1 1 10 7 12 1 1 1 10 12 1 1 10 12 1 1 10 7 12 1 1 1 10 12 1 1 9 7 12 1 1 10 12 9 7 12 1 1 10 12 1 1 3 10 12 1 1 7 1 11 12 1 1 11 12 1 11 12 1 1 10 100 12 1 1 1 10 12 1 1 9 100 12 1 1 1 10 12 1 1 10 12 1 11 12 1 1 10 12 1 10 12 10 12 1 1 100 1 100 1 10 12 1 10 12 1 10 7 12 1 1 1 10 12 1 1 100 1 10 12 1 1 100 1 10 12 1 1 10 12 1 1 10 12 1 10 10 12 1 100 1 100 1 100 1 10 12 1 10 12 1 1 10 12 1 1 10 12 1 10 12 1 1 10 12 1 1 10 100 12 1 1 100 1 11 10 7 12 1 1 11 12 1 11 12 1 10 12 1 10 12 1 10 12 10 12 1 1 10 10 100 12 1 1 1 10 100 12 1 1 10 12 1 1 10 100 12 1 1 10 12 1 10 12 1 1 10 12 1 1 10 12 1 10 12 1 10 12 1 1 100 1 10 12 1 1 10 12 10 12 1 10 12 1 1 10 12 1 1 10 100 12 1 1 1 10 12 1 10 12 1 1 10 12 1 10 12 1 3 3 10 12 1 1 10 12 1 10 12 1 1 10 12 1 1 10 12 1 1 10 12 1 10 12 1 1 10 12 1 1 10 12 1 10 12 1 10 12 1 10 12 1 1 10 12 1 10 12 1 10 12 1 10 12 1 10 12 1 10 12 1 10 100 1 10 8 1 10 12 1 1 10 12 1 8 1 10 12 1 1 10 12 10 12 1 8 1 10 10 12 1 1 10 12 1 1 7 1 5 0 100 1 8 1 10 10 12 1 1 5 0 5 0 5 0 10 12 1 1 10 100 1 10 10 12 1 10 12 1 10 12 1 10 10 12 1 10 12 1 10 12 1 10 12 1 10 12 1 10 12 1 10 12 1 1 10 12 1 1 10 12 1 1 10 10 12 1 1 10 10 12 1 100 1 10 9 100 12 1 1 1 11 100 12 1 1 1 10 12 1 1 10 12 1 1 10 7 1 10 12 1 10 12 1 10 7 12 1 1 1 10 12 1 10 12 1 1 10 12 1 11 7 1 11 12 10 12 1 10 12 1 1 10 12 1 1 10 10 12 1 10 12 1 9 12 1 1 11 100 12 1 1 1 10 12 10 10 12 1 10 12 1 1 10 10 12 1 10 12 1 10 12 1 1 10 12 1 1 10 10 12 1 1 10 10 7 12 1 1 1 10 12 1 10 12 1 10 12 10 10 12 10 10 12 1 10 12 1 10 10 12 10 12 1 1 10 12 10 10 12 10 12 1 10 12 10 12 10 10 12 1 10 12 1 1 10 12 1 1 10 10 12 1 10 7 12 1 1 1 10 12 1 1 10 10 7 12 1 1 1 11 10 12 1 10 12 1 1 10 12 1 1 10 100 12 1 1 1 10 12 1 10 12 1 10 12 1 10 12 1 10 12 1 10 12 1 100 1 10 10 12 1 10 12 1 1 8 1 10 12 1 3 3 10 12 1 10 12 1 1 10 12 7 1 10 10 12 1 1 10 12 10 12 1 10 12 1 10 12 1 1 10 12 1 1 11 7 12 1 1 1 7 1 10 12 1 10 12 1 1 8 1 10 12 1 1 10 12 1 11 100 12 1 1 1 11 100 12 1 1 11 12 1 10 12 1 10 12 1 1 10 10 7 12 1 1 1 10 12 1 10 12 1 10 10 12 10 12 1 1 10 10 12 1 10 10 12 1 10 10 12 1 10 10 12 1 10 12 1 1 10 10 12 1 8 1 10 12 1 1 18 12 1 1 11 100 12 1 1 1 3 18 12 1 18 12 1 8 1 10 100 12 1 1 1 11 12 1 1 10 12 10 10 12 1 10 11 12 1 1 10 12 1 1 11 12 1 18 3 11 10 11 11 10 12 1 10 12 1 1 8 1 10 12 1 10 12 1 10 12 1 1 10 10 12 1 11 100 12 1 100 1 100 1 10 12 100 1 10 10 100 12 1 1 1 100 1 10 7 1 10 10 12 1 10 10 12 1 8 1 10 10 12 1 8 1 8 1 10 12 1 10 12 1 10 10 12 10 100 12 1 1 10 100 12 1 1 10 100 12 1 1 8 1 10 12 1 10 12 1 10 9 12 1 10 12 9 7 12 1 1 1 10 12 1 10 12 1 10 12 1 10 12 10 12 1 10 12 1 8 1 10 100 12 1 1 1 10 12 10 12 1 1 10 12 10 12 10 12 7 1 9 12 1 1 7 1 10 100 1 100 1 100 1 100 1 1 1 1 1 1 5 0 1 1 1 1 1 3 1 3 1 1 1 1 1 1 1 1 1 1 1 1 1 1 1 100 1 1 1 1 1 1 1 1 1 1 1 1 1 1 1 1 1 1 1 1 1 1 1 1 1 1 1 1 1 1 1 100 1 1 1 1 1 1 1 1 1 1 1 1 100 1 1 1 1 1 1 1 1 1 1 1 1 1 1 1 1 1 1 1 1 1 1 1 1 1 1 1 1 1 1 1 1 1 1 1 1 1 1 1 1 1 1 1 1 1 1 1 1 1 1 1 1 1 1 1 1 1 1 1 1 1 1 1 1 1 1 1 1 1 1 1 1 1 1 1 1 1 1 1 1 1 1 1 1 1 1 1 1 1 1 1 1 1 1 1 1 1 1 1 1 1 1 1 1 1 1 1 1 1 1 1 1 1 1 1 1 1 1 1 1 1 1 1 1 1 1 1 1 1 1 1 1 1 1 1 1 1 1 1 1 1 1 1 1 1 1 1 1 1 1 1 1 1 1 1 1 1 1 1 1 1 1 1 1 1 1 1 1 1 1 1 1 1 1 1 1 1 1 1 100 1 1 1 1 1 1 1 1 1 1 1 1 1 1 1 1 1 1 1 1 1 1 1 100 1 1 1 1 1 1 1 1 1 1 1 1 1 1 1 100 1 1 1 1 1 1 1 1 1 1 1 1 1 1 1 16 15 10 12 16 15 10 12 15 10 12 15 10 12 15 10 100 12 1 1 1 1 100 1 1 1 1 1 100 1 100 1 1 1
staticfield java/lang/String COMPACT_STRINGS Z 1
staticfield java/lang/String serialPersistentFields [Ljava/io/ObjectStreamField; 0 [Ljava/io/ObjectStreamField;
staticfield java/lang/String CASE_INSENSITIVE_ORDER Ljava/util/Comparator; java/lang/String$CaseInsensitiveComparator
ciMethod java/lang/String equals (Ljava/lang/Object;)Z 512 0 5397 0 480
ciMethod java/lang/String toString ()Ljava/lang/String; 514 0 558389 0 80
ciMethod java/lang/String hashCode ()I 512 0 10531 0 776
ciInstanceKlass java/lang/Comparable 1 0 12 100 1 100 1 1 1 1 1 1 1 1
ciInstanceKlass java/lang/CharSequence 1 1 145 11 7 12 1 1 1 18 12 1 1 100 1 10 100 12 1 1 1 18 10 100 12 1 1 1 11 12 1 1 11 100 1 11 12 1 1 10 100 12 1 1 1 11 12 1 1 10 12 1 1 10 12 1 100 1 10 12 1 1 10 100 12 1 1 1 100 1 10 10 12 1 1 100 1 1 1 1 1 1 1 1 1 1 1 1 1 1 1 1 1 1 1 1 1 1 1 1 1 1 1 1 1 1 1 1 1 1 1 1 1 1 1 1 16 1 15 11 12 16 15 11 12 15 10 100 12 1 1 1 1 1 100 1 100 1 1 100 1 1 100 1 100 1 1
ciMethod java/lang/String length ()I 524 0 5079485 0 104
ciMethod java/lang/String charAt (I)C 610 0 2942663 0 -1
ciMethod java/lang/String isEmpty ()Z 516 0 671758 0 112
ciInstanceKlass java/lang/constant/Constable 1 0 11 100 1 100 1 1 1 1 1 1 1
ciInstanceKlass java/lang/constant/ConstantDesc 1 0 37 100 1 100 1 1 1 1 100 1 1 1 1 100 1 100 1 100 1 100 1 100 1 100 1 100 1 100 1 100 1 1 100 1 100 1 1
ciInstanceKlass java/lang/AutoCloseable 1 0 12 100 1 100 1 1 1 1 100 1 1 1
ciInstanceKlass java/io/Closeable 1 0 14 100 1 100 1 100 1 1 1 1 100 1 1 1
ciInstanceKlass java/lang/Appendable 1 0 14 100 1 100 1 1 1 1 100 1 1 1 1 1
ciInstanceKlass java/util/Set 1 1 144 100 1 10 100 12 1 1 1 9 7 12 1 1 1 7 1 10 12 1 1 10 12 1 7 1 7 1 10 12 1 7 1 7 1 11 7 12 1 1 1 11 12 1 1 7 1 10 12 1 10 12 1 1 11 12 1 1 1 1 1 1 1 1 1 1 1 1 1 1 1 1 1 1 1 1 1 1 1 1 1 1 1 1 1 1 1 1 1 1 1 1 1 1 1 1 1 1 1 1 1 1 1 1 1 1 1 1 1 1 1 1 1 1 1 1 1 1 1 1 1 1 1 1 1 1 1 1 1 1 1 1 1 1 1 1 1 1 1 1 1 1 1 1
ciInstanceKlass java/util/Iterator 1 1 53 100 1 8 1 10 12 1 1 10 100 12 1 1 1 11 100 12 1 1 1 11 12 1 1 11 100 12 1 1 1 100 1 1 1 1 1 1 1 1 1 1 1 1 1 1 1 1 1 1 1 1 1
ciInstanceKlass java/util/Map$Entry 1 0 178 18 12 1 1 100 1 100 1 18 10 100 12 1 1 1 18 12 1 18 100 1 11 7 12 1 1 1 11 12 1 11 7 12 1 1 1 10 100 12 1 1 1 10 100 12 1 1 1 8 1 10 12 1 1 8 1 8 1 8 1 10 12 1 10 12 1 8 10 100 1 10 12 1 8 10 12 1 8 1 10 12 1 8 10 12 1 8 1 10 12 1 1 8 1 100 1 8 1 10 12 1 1 11 12 100 1 11 12 1 1 1 1 1 1 1 1 1 1 1 1 1 1 1 1 1 1 1 1 1 1 1 1 1 1 1 1 1 1 1 1 1 1 1 1 1 1 1 16 15 11 12 16 3 3 15 11 12 15 11 12 15 11 12 15 10 100 12 1 1 1 1 1 100 1 100 1 1
instanceKlass com/landawn/abacus/util/IOUtil$CountingInputStream
instanceKlass sun/nio/ch/ChannelInputStream
instanceKlass java/util/zip/ZipFile$ZipFileInputStream
instanceKlass java/io/FilterInputStream
instanceKlass java/io/FileInputStream
instanceKlass java/io/ByteArrayInputStream
ciInstanceKlass java/io/InputStream 1 1 197 100 1 10 7 12 1 1 1 100 1 10 10 7 12 1 1 1 10 7 12 1 1 1 10 12 1 100 1 100 1 3 10 12 1 1 100 1 8 1 10 12 1 10 100 12 1 1 1 3 100 1 8 1 10 10 100 12 1 1 1 100 1 10 11 100 12 1 1 1 10 12 1 1 11 12 1 1 11 100 12 1 1 1 11 12 1 1 100 1 10 100 12 1 1 1 5 0 10 12 1 10 12 1 1 100 1 10 8 1 10 8 1 8 1 10 12 1 1 10 100 12 1 1 1 100 1 5 0 10 12 1 100 1 100 1 1 1 1 3 1 3 1 1 1 1 1 1 1 1 1 1 1 1 1 1 1 1 1 1 1 1 1 1 1 1 1 1 1 1 1 1 1 1 1 1 1 1 1 1 1 1 1 1 1 1 1 1 1 1 1 1 1 1 1 1 1
instanceKlass java/security/SecureClassLoader
ciInstanceKlass java/lang/ClassLoader 1 1 1076 9 7 12 1 1 1 10 7 12 1 1 1 9 12 1 1 10 7 12 1 1 1 7 1 10 12 1 1 10 12 1 1 9 12 1 1 10 12 1 1 100 1 10 12 1 10 12 1 1 10 7 12 1 1 1 100 1 8 1 10 12 1 10 7 1 10 7 1 7 1 7 1 10 12 1 10 12 1 9 12 1 1 10 10 7 12 1 1 1 9 12 1 1 9 12 1 9 12 1 1 9 12 1 9 12 1 1 9 12 1 1 7 1 10 12 1 9 12 1 1 10 12 1 1 10 7 12 1 1 1 9 12 1 9 12 1 1 9 12 1 10 12 1 1 9 12 10 12 1 1 7 1 10 8 1 10 12 1 1 10 12 1 10 7 1 7 1 10 7 12 1 1 1 10 7 12 1 1 1 8 1 10 12 1 10 12 1 10 12 1 1 10 12 1 1 10 12 1 1 10 12 1 1 10 12 1 1 10 12 1 100 1 10 12 1 10 100 12 1 1 1 10 12 1 1 10 12 1 10 12 1 10 12 1 10 12 1 10 12 1 1 10 10 12 1 10 12 1 10 10 12 1 1 10 12 1 1 100 1 8 1 10 8 1 10 12 1 10 12 1 100 1 8 1 10 12 1 1 10 12 1 1 10 10 12 1 1 10 12 1 1 10 12 1 1 10 7 1 10 12 1 10 12 1 1 10 12 1 1 10 12 1 1 10 12 1 1 10 12 1 1 10 12 1 1 10 12 1 1 10 7 12 1 1 1 10 12 1 10 12 1 10 12 1 1 10 12 1 10 12 1 10 12 1 10 12 1 1 10 12 1 10 12 1 1 8 1 9 12 1 10 12 1 1 8 1 8 1 10 7 12 1 1 100 1 10 10 12 10 12 1 10 12 1 10 12 1 10 12 1 1 10 7 12 1 1 10 12 1 10 7 1 7 1 10 12 1 1 10 12 1 10 7 1 10 12 1 100 1 18 12 1 10 100 12 1 1 1 10 100 12 1 1 1 10 7 12 1 1 10 12 1 10 12 1 100 1 10 12 1 8 1 10 10 12 1 1 10 12 1 10 12 1 1 100 1 10 12 1 1 10 100 12 1 1 10 12 1 10 7 12 1 1 10 12 1 8 1 100 1 10 10 12 1 9 12 1 10 7 12 1 1 10 12 1 100 1 8 1 10 12 1 10 8 1 8 1 10 12 1 1 10 12 1 1 10 12 1 1 10 100 12 1 1 100 1 100 1 10 12 1 1 100 1 100 1 10 100 12 1 1 10 12 1 10 12 1 10 12 1 10 12 1 10 12 1 1 10 12 1 8 1 7 1 18 12 1 1 10 12 1 1 10 12 1 10 12 1 10 12 1 8 1 10 12 1 10 12 1 18 12 1 11 100 12 1 1 1 100 1 10 12 1 1 10 12 1 10 11 12 1 1 10 18 10 12 1 1 11 100 12 1 18 12 1 11 12 1 1 10 12 1 10 12 1 1 10 12 1 1 100 1 8 1 10 10 12 1 8 1 8 1 10 100 12 1 1 10 12 1 100 1 10 10 12 1 8 1 8 1 8 1 10 12 1 10 12 1 10 12 1 1 10 12 1 1 10 12 1 10 100 12 1 1 1 11 100 12 1 1 100 1 10 11 10 12 1 10 12 1 10 12 1 1 9 100 12 1 1 9 12 1 1 9 12 9 12 1 9 12 1 9 12 1 8 10 12 1 1 10 7 12 1 1 1 10 12 1 1 10 12 1 1 10 12 1 1 8 1 10 12 1 1 8 10 12 1 1 8 8 10 12 1 10 12 1 10 12 1 11 12 1 1 10 100 12 1 1 1 100 1 10 12 1 10 12 1 10 12 1 1 1 1 1 1 1 1 1 1 1 1 1 1 1 1 1 1 1 1 1 1 1 1 1 1 100 1 1 1 1 1 1 1 1 1 1 1 1 1 1 1 1 1 1 1 1 1 1 1 1 1 100 1 1 1 1 1 1 1 1 1 1 1 1 1 1 1 1 1 1 1 1 1 1 1 1 1 1 1 1 1 1 1 1 1 1 1 1 1 1 1 1 1 1 1 100 1 1 1 1 1 1 1 1 1 1 1 1 1 1 1 1 1 1 1 1 1 100 1 1 1 1 1 1 1 1 1 1 1 1 1 1 1 1 1 1 1 1 1 1 1 1 1 1 1 1 1 1 1 1 1 1 1 1 1 1 1 1 1 1 1 1 100 1 1 1 1 1 1 1 1 1 1 1 1 1 1 1 1 1 1 1 1 1 1 1 1 1 1 1 1 1 1 1 1 1 1 1 1 1 1 1 1 1 1 1 1 1 1 1 1 1 1 1 16 1 15 10 12 16 1 16 15 10 12 16 1 16 1 15 10 12 16 15 10 12 16 15 10 12 16 15 10 100 12 1 1 1 1 1 100 1 100 1 1
staticfield java/lang/ClassLoader nocerts [Ljava/security/cert/Certificate; 0 [Ljava/security/cert/Certificate;
staticfield java/lang/ClassLoader $assertionsDisabled Z 1
instanceKlass java/util/concurrent/DelayScheduler
instanceKlass java/util/logging/LogManager$Cleaner
instanceKlass jdk/internal/misc/InnocuousThread
instanceKlass java/lang/ref/Finalizer$FinalizerThread
instanceKlass java/lang/ref/Reference$ReferenceHandler
instanceKlass java/lang/BaseVirtualThread
ciInstanceKlass java/lang/Thread 1 1 761 9 7 12 1 1 1 9 7 12 1 1 1 9 12 1 9 12 1 10 12 1 1 9 12 1 1 10 7 12 1 1 10 12 1 10 100 12 1 1 100 1 8 1 10 12 1 1 9 12 1 1 9 12 1 9 12 1 1 100 1 10 12 1 1 10 12 1 100 1 10 12 10 12 1 1 9 12 1 1 10 12 1 100 1 10 12 1 10 12 1 1 10 12 1 1 10 12 1 10 12 1 1 100 1 8 1 10 9 100 12 1 1 1 10 12 1 1 10 3 8 1 100 1 5 0 10 7 12 1 1 1 9 12 1 10 12 1 1 10 7 1 100 1 8 1 10 10 12 1 10 12 1 1 10 12 1 1 10 7 12 1 1 10 12 1 10 12 1 10 7 12 1 1 5 0 9 12 1 10 7 12 1 1 1 10 12 1 1 9 12 1 1 10 100 12 1 1 10 100 12 1 1 1 10 12 1 10 12 1 1 9 12 1 1 10 7 12 1 1 9 12 1 8 1 9 100 12 1 1 1 5 0 100 1 10 100 1 10 100 1 10 7 1 10 8 1 10 12 1 1 10 7 12 1 10 12 1 10 12 1 100 1 8 1 10 10 12 1 10 12 1 1 10 100 12 1 1 1 10 100 12 1 1 1 10 12 1 7 1 9 12 1 1 100 1 10 10 12 1 9 12 1 1 10 12 1 1 10 12 1 1 10 12 1 10 12 1 9 12 1 1 10 10 12 1 1 10 12 1 1 11 7 12 1 1 10 100 12 1 1 9 12 1 1 9 12 1 1 10 100 12 1 1 10 12 1 1 10 12 1 10 100 12 1 1 10 12 1 100 1 10 9 12 1 1 10 12 1 11 100 12 1 1 11 12 1 10 12 1 10 12 1 10 12 1 9 12 1 10 10 12 1 10 12 1 1 9 12 1 9 12 10 12 1 8 1 10 12 1 10 12 1 10 12 1 10 12 1 10 12 1 1 10 12 1 10 12 1 1 10 100 12 1 1 10 12 1 10 12 1 10 12 1 10 12 1 1 9 7 12 1 1 1 8 1 10 9 12 1 10 12 1 100 1 8 1 10 10 12 1 8 1 10 12 1 1 9 12 8 1 10 10 12 1 10 12 1 8 1 10 12 1 10 8 1 9 12 1 1 10 12 1 1 10 10 12 1 10 12 1 100 10 7 12 1 1 1 10 12 1 1 10 12 1 1 10 100 12 1 1 1 11 100 12 1 1 1 10 12 1 1 9 12 1 10 12 1 10 12 1 1 11 100 12 1 1 1 10 12 1 1 1 1 3 1 3 1 3 1 3 1 1 1 1 1 1 1 1 1 1 1 1 1 1 1 1 1 1 1 1 1 1 1 1 1 1 1 100 1 1 1 1 1 1 1 1 1 1 1 1 1 1 1 1 1 1 100 1 1 1 1 1 1 1 1 1 1 1 1 1 1 1 100 1 1 1 1 1 1 1 1 1 1 1 1 1 1 1 1 1 1 1 1 1 1 1 1 1 1 1 1 1 1 1 1 1 1 1 1 1 1 1 1 1 1 1 1 1 1 1 1 1 1 1 1 1 1 1 1 1 1 1 1 1 1 1 1 1 1 1 1 1 1 100 100 1 1 1 1 1 1 1 1 1 1 1 1 1 1 1 1 1 1 1 1 1 1 1 100 1 100 1 100 1 1 1 1 100 1 1 1 1 1 1 1 1 1 1 1 1
staticfield java/lang/Thread NEW_THREAD_BINDINGS Ljava/lang/Object; java/lang/Class
staticfield java/lang/Thread EMPTY_STACK_TRACE [Ljava/lang/StackTraceElement; 0 [Ljava/lang/StackTraceElement;
ciInstanceKlass java/lang/Runnable 1 0 11 100 1 100 1 1 1 1 1 1 1
ciInstanceKlass java/lang/System$1 1 1 639 10 7 12 1 1 1 10 7 12 1 1 1 10 12 1 1 10 12 1 1 10 12 1 1 10 12 1 1 10 12 1 1 10 12 1 1 10 12 1 10 12 1 1 10 12 1 1 7 1 10 12 1 1 10 7 12 1 1 1 10 12 1 1 10 100 12 1 1 1 10 12 1 10 7 12 1 1 1 10 12 1 1 10 12 1 1 10 12 1 1 10 12 1 1 7 1 10 12 1 10 12 1 10 12 1 1 10 12 1 10 12 1 1 10 12 1 10 12 1 10 12 1 10 12 1 10 12 1 1 10 12 1 1 10 12 1 10 12 1 1 10 7 12 1 1 1 10 12 1 10 12 1 1 10 12 1 1 10 12 1 10 12 1 1 10 12 1 10 7 12 1 1 1 10 12 1 1 10 7 12 1 1 1 10 7 12 1 1 1 10 12 1 1 10 12 1 1 10 12 1 1 10 12 1 1 10 100 12 1 1 1 10 12 1 1 10 12 1 1 9 100 12 1 1 1 9 12 1 1 10 100 12 1 1 1 10 12 1 1 10 7 12 1 1 1 10 12 1 1 10 12 1 1 10 12 1 7 1 10 12 1 9 12 1 1 10 12 1 1 10 12 1 1 10 12 1 1 10 12 1 1 10 12 1 1 10 12 1 1 10 12 1 1 10 12 1 1 10 12 1 1 10 12 1 1 10 12 1 10 7 12 1 1 10 12 1 1 10 12 1 10 12 1 10 12 1 1 10 12 1 10 12 1 1 10 12 1 1 10 100 12 1 1 1 100 1 10 12 1 100 1 10 10 12 1 1 10 12 1 10 12 1 1 10 100 12 1 1 1 10 12 1 1 8 1 10 12 1 1 10 12 1 1 100 1 100 1 1 1 1 1 1 1 1 1 1 1 1 1 1 1 1 1 1 1 1 1 1 1 1 1 1 1 1 1 1 1 1 1 1 1 1 1 1 1 1 1 1 1 1 1 1 1 1 1 1 1 1 1 1 1 1 1 1 1 1 1 1 1 1 1 1 1 1 1 1 1 1 1 1 1 1 1 1 1 1 1 1 1 1 1 1 1 1 1 1 1 1 1 1 1 1 1 1 1 1 1 1 1 1 1 1 1 1 1 1 1 1 1 1 1 1 1 1 1 1 1 1 1 1 1 1 1 1 1 1 1 100 1 1 1 1 1 1 1 1 1 1 1 1 1 1 1 1 1 1 1 1 1 1 1 1 1 1 1 1 1 1 1 1 1 1 1 1 1 1 1 1 1 1 1 1 1 1 1 1 1 1 1 1 1 1 1 1 1 1 1 1 1 1 1 1 1 1 1 1 1 1 1 1 1 1 1 1 1 1 1 1 1 1 1 1 1 1 1 1 1 1 1 1 1 1 1 1 1 1 1 1 1 1 1 1 1 1 1 1 1 12 1 1 1 1 100 1 1 100 1 1
ciInstanceKlass jdk/internal/access/JavaLangAccess 1 0 206 100 1 100 1 1 1 1 1 1 1 1 1 1 1 1 1 1 1 1 1 1 1 1 1 1 1 1 1 1 1 1 1 1 1 1 1 1 1 1 1 1 1 100 1 1 1 1 1 1 1 1 1 1 1 1 1 1 1 1 1 1 1 1 1 1 1 1 1 1 1 1 1 1 1 1 1 1 1 1 1 1 1 1 1 1 1 1 1 1 1 1 1 1 1 1 1 1 1 1 1 100 1 1 1 1 1 1 1 1 1 1 1 1 1 1 1 1 1 1 1 1 1 1 1 1 1 1 1 1 1 1 1 1 1 1 1 1 1 1 1 1 1 1 1 1 1 1 1 1 1 1 1 1 1 1 1 1 1 1 1 1 1 1 1 1 1 1 1 1 1 1 1 1 1 1 1 1 1 1 1 1 1 1 1 1 1 1 1 1 1 1 1 1 1 1 1 1 1 1 1 100 1 100 1 1
ciMethod java/lang/System arraycopy (Ljava/lang/Object;ILjava/lang/Object;II)V 256 0 128 0 -1
ciInstanceKlass java/lang/Class 1 1 1652 10 7 12 1 1 1 10 7 12 1 1 9 12 1 1 9 12 1 1 9 12 1 1 9 12 1 1 9 12 1 1 10 12 1 1 8 1 10 12 1 8 1 8 1 10 12 1 1 10 7 12 1 1 1 10 12 1 7 1 10 10 12 1 10 12 1 1 10 12 1 1 10 12 1 1 10 7 12 1 1 10 12 1 10 12 1 10 12 1 1 10 12 1 8 1 10 12 1 8 1 10 12 1 8 1 8 1 10 12 1 1 10 7 12 1 1 1 18 12 1 1 11 7 12 1 1 1 8 1 8 1 8 1 10 7 12 1 1 1 11 12 1 1 8 1 10 12 1 10 10 12 1 1 10 12 1 8 1 10 12 1 1 8 1 10 12 1 10 12 1 1 11 7 12 1 1 1 11 100 12 1 1 1 11 8 1 18 8 1 10 12 1 10 7 12 1 1 10 12 1 1 10 7 12 1 1 1 10 12 1 1 10 12 1 1 10 7 12 1 1 1 10 7 12 1 10 12 1 1 10 7 1 10 12 1 8 1 10 8 1 8 1 8 1 8 1 8 1 8 1 8 1 8 1 9 100 12 1 1 9 100 1 9 100 1 9 100 1 9 100 1 9 100 1 9 100 1 9 100 1 9 100 1 9 12 1 1 100 1 8 1 10 12 1 10 12 1 1 100 1 10 12 1 1 10 7 12 1 1 1 10 7 12 1 1 1 7 1 100 1 10 10 12 1 1 10 12 1 1 100 1 10 100 12 1 1 1 10 12 1 1 10 12 1 1 10 12 9 12 1 1 10 12 1 9 12 1 1 9 12 1 1 10 12 1 1 10 7 1 10 12 1 10 12 1 1 10 9 12 1 10 12 1 8 1 10 12 1 1 10 12 1 1 10 12 1 10 12 1 10 12 1 1 9 7 12 1 1 1 10 12 1 10 7 12 1 1 10 12 1 10 12 1 10 12 1 10 12 1 9 100 12 1 1 1 9 12 1 10 12 1 10 12 1 1 9 12 1 1 10 7 10 12 1 1 10 100 12 1 1 10 12 1 10 12 1 1 10 100 12 1 1 1 10 12 1 10 12 1 1 10 12 1 10 12 1 10 12 1 1 10 7 1 10 10 12 1 1 10 12 1 1 10 12 10 10 12 1 1 100 1 8 1 10 10 12 1 1 10 12 1 100 1 11 12 1 10 12 1 10 12 1 10 100 12 1 1 10 10 12 1 1 8 1 10 12 1 8 1 9 12 1 10 12 1 10 12 1 10 12 1 10 12 100 1 9 12 1 10 12 1 9 12 1 10 12 1 10 12 1 10 12 1 10 10 12 1 10 12 1 10 12 1 10 12 1 10 12 1 10 12 1 7 1 10 10 12 1 10 12 1 11 100 12 1 1 11 12 1 1 10 12 1 1 10 12 1 1 10 12 1 1 10 12 1 1 10 12 1 1 10 12 1 1 100 1 10 10 12 1 1 10 12 1 1 10 12 1 1 10 10 12 1 10 12 1 1 10 12 1 1 10 12 1 1 10 12 1 1 10 12 10 12 1 1 10 7 12 1 1 1 10 12 1 10 12 1 1 10 12 1 10 100 12 1 1 1 10 12 1 1 10 10 12 1 1 100 1 10 10 12 1 1 10 100 12 1 1 1 100 1 100 1 10 12 1 1 10 12 1 10 10 12 1 1 10 12 1 10 12 1 10 12 1 10 100 12 1 1 1 11 7 12 1 1 10 12 1 10 12 1 9 100 12 1 1 8 1 10 12 1 10 12 1 10 12 1 10 12 1 1 9 12 1 9 12 1 1 10 7 12 1 1 9 12 1 10 12 1 1 10 10 12 1 10 7 12 1 1 1 10 100 12 1 1 10 100 12 1 1 9 12 1 1 10 12 1 9 12 1 10 12 1 10 12 1 1 9 12 1 1 9 12 1 10 12 1 10 12 1 1 9 12 1 7 1 10 10 12 1 1 7 1 10 7 11 100 1 9 12 1 1 9 12 1 10 12 1 9 12 1 1 9 12 1 10 12 1 10 12 1 1 9 12 1 7 1 10 10 12 1 1 10 10 12 1 10 12 10 10 12 1 9 12 1 10 12 1 1 10 12 1 8 10 7 8 1 18 8 1 8 1 10 12 1 9 12 1 9 12 1 1 10 12 1 7 1 100 1 10 12 1 9 12 1 1 10 10 12 1 9 12 1 8 1 10 12 1 10 10 12 1 1 100 1 100 1 9 12 1 100 1 8 1 10 10 7 12 1 1 1 10 12 11 7 12 1 1 1 10 12 1 10 12 1 1 10 8 1 10 12 1 8 1 10 12 1 1 9 7 12 1 1 11 12 100 1 11 7 12 1 1 9 12 1 10 100 12 1 1 1 10 7 12 1 1 10 12 1 1 9 12 1 9 10 12 1 1 10 12 1 1 10 12 1 1 10 12 1 1 10 12 1 1 11 12 1 11 12 1 1 11 7 12 1 1 11 12 1 100 1 11 12 1 10 100 12 1 1 1 10 12 1 11 12 1 10 100 12 1 1 1 10 12 1 10 100 12 1 1 1 11 12 1 11 12 1 1 10 12 1 10 12 1 1 9 12 1 1 10 12 1 10 100 12 1 1 1 10 12 1 1 10 12 1 10 12 1 10 12 1 10 7 12 1 1 1 10 12 1 8 1 10 12 1 10 12 1 10 12 1 8 1 8 1 10 7 12 1 1 10 100 12 1 1 100 1 10 12 10 100 12 1 1 1 10 100 12 1 1 1 10 12 1 1 10 12 1 18 12 1 1 11 12 1 1 18 11 12 1 18 12 1 11 12 1 10 12 1 10 12 1 10 12 1 10 12 10 12 1 8 1 10 12 1 7 1 9 12 1 1 100 1 100 1 100 1 100 1 1 1 3 1 3 1 3 1 1 1 1 1 1 1 1 1 5 0 1 1 1 1 1 1 1 1 1 1 1 1 1 1 1 1 1 1 1 1 1 1 1 1 1 1 1 100 1 1 1 1 1 1 1 1 1 1 1 100 1 1 1 1 1 100 1 1 1 1 1 1 1 1 1 1 1 1 1 1 1 1 1 1 1 1 1 1 1 1 1 1 1 1 1 1 1 1 1 1 100 1 1 1 1 1 1 1 1 1 1 1 1 1 1 1 1 1 1 1 1 1 1 1 1 1 1 1 1 1 1 1 100 1 1 1 1 1 1 1 1 1 1 1 1 1 1 1 1 1 1 1 1 1 1 1 1 1 1 1 1 1 1 1 1 1 1 1 1 1 1 1 1 1 1 1 1 1 1 1 1 1 1 1 1 1 1 1 1 1 1 1 1 1 100 1 100 1 1 1 1 1 1 1 1 1 1 1 1 1 1 1 1 1 1 1 1 1 1 1 1 1 1 1 1 1 1 1 1 1 1 1 1 1 1 1 1 1 1 1 1 1 1 1 1 1 1 1 1 1 1 1 1 1 1 1 1 1 1 1 1 1 1 1 1 1 1 1 1 1 1 1 1 1 1 1 1 1 1 1 1 1 1 1 1 1 1 1 1 1 1 1 1 1 1 1 1 1 1 1 1 1 1 1 1 1 1 1 1 1 1 1 1 1 1 1 1 16 15 10 12 16 15 11 12 16 1 15 10 12 16 16 15 10 12 16 15 16 1 15 10 12 16 15 10 7 12 1 1 1 1 1 100 1 1 1 1 1 1 1 1 100 1 1 100 1 100 1 1 100 1 100 1 1
staticfield java/lang/Class EMPTY_CLASS_ARRAY [Ljava/lang/Class; 0 [Ljava/lang/Class;
staticfield java/lang/Class serialPersistentFields [Ljava/io/ObjectStreamField; 0 [Ljava/io/ObjectStreamField;
ciInstanceKlass java/lang/reflect/AnnotatedElement 1 1 165 11 7 12 1 1 1 11 12 1 1 100 1 10 100 12 1 1 1 10 12 1 1 10 12 1 1 10 12 1 10 100 12 1 1 1 11 12 1 1 11 100 12 1 1 10 100 12 1 1 1 10 12 1 10 100 12 1 1 1 18 12 1 1 11 100 12 1 1 18 12 1 18 12 1 1 10 100 12 1 1 1 11 100 12 1 1 1 100 1 10 100 12 1 1 1 1 1 1 1 1 1 1 1 1 1 1 1 1 1 1 1 1 1 1 1 1 1 1 100 1 1 1 1 1 1 1 1 1 1 1 16 15 16 1 16 1 15 11 12 16 16 1 15 10 100 12 1 1 1 16 1 15 10 100 12 1 1 1 1 100 1 100 1 1
ciInstanceKlass java/lang/reflect/Type 1 1 17 11 100 12 1 1 1 100 1 1 1 1 1 1 1 1 1
ciInstanceKlass java/lang/invoke/TypeDescriptor 1 0 17 100 1 100 1 1 1 1 1 1 100 1 100 1 1 1 1
ciInstanceKlass java/lang/invoke/TypeDescriptor$OfField 1 0 21 100 1 100 1 100 1 1 1 1 1 1 1 1 1 1 1 1 1 1 1
ciInstanceKlass java/lang/reflect/GenericDeclaration 1 0 30 100 1 100 1 100 1 1 1 1 1 1 1 1 100 1 8 1 1 12 10 1 1 1 8 1 1 1 8 1
ciMethod java/lang/Class isPrimitive ()Z 304 0 152 0 0
ciInstanceKlass java/lang/Module 1 1 1076 10 7 12 1 1 1 9 7 12 1 1 1 10 7 12 1 1 1 9 12 1 9 12 1 1 9 12 1 1 10 12 1 1 10 12 1 10 12 1 1 10 7 12 1 1 1 100 1 10 7 12 1 1 1 10 12 1 1 11 7 12 1 1 1 10 12 1 1 10 12 1 8 1 10 7 12 1 1 1 10 100 12 1 1 1 10 7 12 1 1 1 10 12 1 1 10 12 1 9 12 1 1 10 7 12 1 1 1 9 7 12 1 1 1 7 1 10 8 1 10 12 1 1 10 12 1 10 12 8 1 10 7 12 1 1 1 10 100 12 1 1 1 10 100 12 1 1 1 8 1 10 12 1 8 1 9 12 1 100 1 8 1 10 12 1 10 8 1 8 1 8 1 10 7 12 1 1 1 8 1 10 100 12 1 1 1 8 1 10 12 1 9 12 1 1 11 12 1 9 7 12 1 1 10 7 12 1 1 1 10 7 12 1 1 1 10 12 1 1 8 1 10 12 1 1 10 12 1 10 12 1 1 9 7 12 1 1 1 10 12 1 1 10 12 1 1 9 12 1 10 12 1 10 12 1 9 12 1 1 11 7 12 1 1 10 12 1 1 9 12 1 9 12 1 10 12 1 10 12 1 100 1 8 1 10 10 12 1 1 10 12 1 8 1 10 12 1 1 8 1 8 1 10 12 1 1 10 12 1 10 12 1 1 10 12 1 18 12 1 1 10 12 1 1 11 12 1 9 12 1 11 12 100 1 10 12 1 18 12 1 11 12 1 1 11 12 1 1 11 12 1 10 12 1 1 10 12 1 1 9 12 1 10 12 10 7 12 1 1 10 7 1 18 12 1 1 11 100 12 1 1 1 18 12 1 11 12 1 1 10 100 12 1 1 1 11 12 1 1 10 100 12 1 1 11 12 1 1 10 12 1 1 100 1 11 12 1 100 1 100 1 10 12 1 10 7 12 1 1 1 10 100 12 1 1 1 10 11 100 12 1 8 1 10 12 1 10 12 1 1 10 100 12 1 1 10 12 1 10 12 1 100 1 10 12 1 10 11 12 1 10 12 11 12 1 1 11 7 12 1 1 11 12 1 1 10 12 1 1 9 12 1 1 100 1 10 10 12 1 1 11 100 1 10 12 1 1 11 12 1 10 11 10 12 1 11 10 12 1 1 10 12 1 1 10 12 1 1 10 100 12 1 1 10 12 1 10 12 1 1 10 10 12 1 1 10 12 1 18 12 1 11 12 1 18 12 1 10 12 1 10 12 1 10 12 100 1 10 12 1 10 12 1 10 12 1 9 12 1 100 1 10 10 10 10 12 1 10 12 1 10 12 1 10 12 1 1 10 12 1 1 10 12 1 9 12 1 10 12 1 100 1 8 1 10 12 1 1 10 12 1 10 100 12 1 1 100 1 10 12 1 1 100 1 8 1 100 1 9 100 12 1 1 1 11 100 12 1 1 10 12 1 1 11 12 1 1 18 12 1 1 11 12 1 1 100 1 10 12 1 10 12 1 1 100 1 100 1 10 12 8 1 10 12 1 1 10 12 1 1 10 7 12 1 1 10 12 1 1 10 12 1 10 12 10 12 1 1 100 1 10 10 12 1 1 10 100 12 1 1 1 100 1 10 7 12 1 1 1 10 7 12 1 1 8 1 18 12 1 1 100 1 100 1 9 12 1 1 9 12 1 9 12 1 11 100 12 1 1 1 100 1 11 12 1 1 100 1 10 12 1 8 1 10 12 1 10 12 10 12 1 8 1 10 10 100 12 1 1 10 12 1 1 7 1 10 10 12 1 10 7 12 1 1 9 12 1 9 12 1 9 12 1 9 12 1 9 12 1 10 12 10 12 1 100 1 1 1 1 1 1 1 1 1 1 1 1 1 1 1 1 1 1 1 1 1 1 1 1 1 1 1 1 1 1 1 1 1 1 1 1 1 1 1 1 1 1 1 1 1 1 1 1 1 1 1 1 1 1 1 1 1 1 1 1 1 1 1 1 1 1 1 1 1 1 1 1 1 1 1 1 1 1 1 1 1 1 1 1 1 1 1 1 1 1 1 1 1 1 1 1 1 1 1 1 1 1 1 1 1 1 1 1 100 100 1 1 1 1 1 1 1 1 1 1 1 1 1 1 1 1 1 1 1 1 1 1 1 1 1 1 100 1 100 1 1 1 1 1 1 1 1 1 1 1 1 1 1 1 1 1 1 100 1 1 1 1 1 1 1 1 1 1 1 1 1 1 1 1 1 1 1 1 1 1 1 1 1 1 1 16 15 10 12 16 15 10 12 16 1 16 15 10 12 16 16 15 10 16 1 15 10 12 16 1 15 10 12 16 1 16 1 15 10 12 16 15 10 7 12 1 1 1 15 10 100 12 1 1 1 1 1 1 1 1 1 1 1 1 1 100 1 100 1 1
staticfield java/lang/Module ALL_UNNAMED_MODULE Ljava/lang/Module; java/lang/Module
staticfield java/lang/Module ALL_UNNAMED_MODULE_SET Ljava/util/Set; java/util/ImmutableCollections$Set12
staticfield java/lang/Module EVERYONE_MODULE Ljava/lang/Module; java/lang/Module
staticfield java/lang/Module EVERYONE_SET Ljava/util/Set; java/util/ImmutableCollections$Set12
staticfield java/lang/Module $assertionsDisabled Z 1
ciInstanceKlass java/lang/StringLatin1 1 1 400 7 1 10 100 12 1 1 1 10 12 1 1 100 1 10 7 12 1 1 1 10 100 12 1 1 1 10 12 1 10 7 12 1 1 1 10 12 1 1 10 7 12 1 1 1 10 7 12 1 1 1 10 12 1 1 10 12 1 1 10 10 12 1 10 12 1 10 9 7 12 1 1 1 10 12 1 1 10 100 12 1 1 1 10 12 10 12 1 1 10 12 1 1 10 12 1 10 12 1 1 10 12 1 10 7 12 1 1 10 12 1 10 12 1 1 9 12 1 1 100 1 10 10 12 1 1 10 7 12 1 1 1 10 12 1 10 12 1 100 1 100 1 8 1 10 12 1 8 1 10 12 1 1 100 1 10 10 12 1 10 7 12 1 1 1 8 1 8 1 8 1 10 12 1 1 10 12 10 100 12 1 1 10 12 1 10 12 1 1 10 12 1 1 10 12 1 1 10 12 1 10 12 10 12 10 12 1 10 12 10 10 12 1 10 12 1 10 12 1 10 100 12 1 1 1 10 100 12 1 1 1 10 12 1 1 10 10 7 12 1 1 1 1 1 1 1 1 1 1 1 1 1 1 1 1 1 1 1 1 1 1 1 1 1 1 1 1 1 1 1 1 1 1 1 1 1 1 1 1 1 1 1 1 1 1 1 1 1 1 1 1 1 1 100 1 1 1 1 1 1 1 1 1 1 1 1 1 1 1 1 1 1 1 1 1 1 1 1 1 1 1 1 1 1 1 1 1 1 1 1 1 1 1 1 1 1 1 100 1 1 1 1 1 1 1 1 1 1 1 1 1 1 1 1 1 1 1 1 1 1 1 100 1 1 1 1 1 1 1 1 1 1 1 1 1 1 1 1 1 1 1 1 1 1 1 1 1 1 1 1 1 1 1 1 100 1 1 1 1
staticfield java/lang/StringLatin1 $assertionsDisabled Z 1
ciInstanceKlass java/lang/Math 1 1 480 7 1 7 1 10 100 12 1 1 1 10 7 12 1 1 1 10 12 1 10 12 1 10 12 1 10 12 1 10 12 1 6 0 6 0 10 12 1 10 12 1 10 12 1 10 12 1 10 12 1 10 12 1 1 10 12 1 10 12 1 10 12 1 10 12 1 10 12 1 10 7 12 1 1 1 100 1 3 3 3 10 12 1 1 100 1 5 0 5 0 5 0 5 0 5 0 9 100 12 1 1 1 10 100 12 1 1 1 100 1 8 1 10 12 1 8 1 10 12 1 1 10 12 1 1 100 1 5 0 5 0 100 1 3 5 0 3 5 0 10 12 1 10 12 1 10 12 1 10 12 1 10 12 1 8 1 10 12 1 8 1 10 12 1 1 10 12 1 1 9 12 1 1 9 12 1 100 1 100 1 10 10 12 1 1 8 1 10 12 1 10 12 1 1 10 10 12 1 10 12 1 10 12 1 10 12 1 1 8 1 8 1 10 12 1 1 10 12 1 10 12 10 12 10 12 1 10 12 1 10 12 1 10 12 1 10 12 6 0 10 12 1 9 12 1 1 100 1 10 10 12 1 100 1 10 12 1 10 12 1 1 10 12 1 10 12 1 10 12 10 12 1 1 10 12 1 1 10 12 1 1 10 12 6 0 10 12 1 1 10 12 10 12 1 4 10 12 1 10 12 1 10 12 10 12 1 10 12 1 10 12 1 10 12 1 10 12 1 10 12 1 5 0 6 0 4 6 0 4 6 0 4 10 12 1 6 0 6 0 10 12 1 10 12 8 1 10 12 1 10 12 1 8 1 8 1 10 12 10 12 10 7 12 1 1 1 4 6 0 1 1 1 6 0 1 6 0 1 6 0 1 1 1 1 1 1 1 1 1 1 1 1 1 1 1 1 1 1 1 1 1 1 1 1 1 1 1 1 1 1 1 1 1 1 1 1 1 1 1 1 1 1 1 1 1 1 1 1 1 1 1 1 1 1 1 1 1 1 1 1 1 1 1 1 1 1 1 1 1 1 1 1 1 1 1 1 1 1 1 1 1 1 1 1 1 1 1 1 1 1 1 1 1 1 1 1 1 1 1
staticfield java/lang/Math negativeZeroFloatBits J -2147483648
staticfield java/lang/Math negativeZeroDoubleBits J -9223372036854775808
staticfield java/lang/Math $assertionsDisabled Z 1
ciInstanceKlass jdk/internal/util/ArraysSupport 1 1 396 7 1 100 1 8 1 10 12 1 1 10 12 1 1 10 100 12 1 1 9 7 12 1 1 1 9 12 1 1 10 7 12 1 1 1 9 12 1 1 10 7 12 1 1 1 9 12 1 10 12 9 12 1 10 12 1 1 10 12 10 12 1 1 10 7 12 1 1 1 9 12 1 1 11 7 12 1 1 1 10 7 12 1 1 1 7 1 10 12 1 1 10 12 1 100 1 10 12 1 10 12 100 1 10 12 1 100 1 10 12 1 100 1 100 1 10 8 1 10 12 1 1 10 12 1 10 12 1 1 10 9 12 1 1 9 12 1 10 12 1 1 9 12 1 9 12 1 9 12 1 9 12 1 9 12 1 9 12 1 9 12 1 10 12 1 1 10 100 12 1 1 1 9 12 1 9 12 1 10 12 1 1 10 12 1 9 12 1 10 12 1 10 100 12 1 1 1 9 12 1 9 12 1 10 12 1 10 12 1 10 7 12 1 1 1 3 10 12 1 100 1 8 1 8 1 8 1 10 10 100 12 1 1 1 11 100 12 1 1 1 10 12 1 10 100 12 1 1 1 10 12 1 1 10 12 1 1 9 12 1 10 12 1 9 12 1 9 12 1 9 12 1 9 12 1 9 12 1 9 12 1 9 12 1 10 7 12 1 1 1 1 1 3 1 3 1 3 1 3 1 3 1 3 1 3 1 3 1 1 1 1 1 1 1 1 1 1 1 1 1 1 1 1 1 1 1 1 1 1 1 1 1 1 1 1 1 1 1 1 1 1 1 1 1 1 1 1 1 1 1 1 1 1 1 1 1 1 1 1 1 1 1 1 1 1 1 1 1 1 1 1 1 1 1 1 1 1 1 1 1 1 1 1 1 1 1 1 1 1 1 100 1 1 1 1
staticfield jdk/internal/util/ArraysSupport U Ljdk/internal/misc/Unsafe; jdk/internal/misc/Unsafe
staticfield jdk/internal/util/ArraysSupport BIG_ENDIAN Z 0
staticfield jdk/internal/util/ArraysSupport LOG2_ARRAY_BOOLEAN_INDEX_SCALE I 0
staticfield jdk/internal/util/ArraysSupport LOG2_ARRAY_BYTE_INDEX_SCALE I 0
staticfield jdk/internal/util/ArraysSupport LOG2_ARRAY_CHAR_INDEX_SCALE I 1
staticfield jdk/internal/util/ArraysSupport LOG2_ARRAY_SHORT_INDEX_SCALE I 1
staticfield jdk/internal/util/ArraysSupport LOG2_ARRAY_INT_INDEX_SCALE I 2
staticfield jdk/internal/util/ArraysSupport LOG2_ARRAY_LONG_INDEX_SCALE I 3
staticfield jdk/internal/util/ArraysSupport LOG2_ARRAY_FLOAT_INDEX_SCALE I 2
staticfield jdk/internal/util/ArraysSupport LOG2_ARRAY_DOUBLE_INDEX_SCALE I 3
staticfield jdk/internal/util/ArraysSupport LOG2_BYTE_BIT_SIZE I 3
staticfield jdk/internal/util/ArraysSupport JLA Ljdk/internal/access/JavaLangAccess; java/lang/System$1
ciInstanceKlass java/lang/StringConcatHelper 1 1 283 7 1 10 7 12 1 1 1 10 100 12 1 1 1 7 1 5 0 100 1 8 1 10 12 1 10 12 1 1 10 12 1 1 10 7 12 1 1 1 10 12 1 10 12 1 1 10 12 1 1 10 12 1 1 10 100 12 1 1 1 10 12 1 1 10 12 1 10 12 1 10 12 10 12 1 100 1 100 1 10 8 1 10 12 1 1 10 12 1 8 1 10 12 1 1 10 10 12 1 1 10 12 1 10 10 12 1 1 10 12 1 10 12 10 12 1 1 10 8 1 10 100 12 1 1 10 100 12 1 1 10 12 1 9 12 1 1 9 7 12 1 1 1 10 7 12 1 1 1 7 1 9 12 1 1 10 7 12 1 1 1 10 7 12 1 1 1 100 1 100 1 100 1 10 12 1 10 12 1 1 10 12 1 1 10 12 1 1 10 12 1 1 1 1 1 5 0 1 1 1 1 1 1 1 1 1 1 1 1 1 1 1 1 1 1 1 1 1 1 1 1 1 1 1 1 1 1 1 1 1 1 1 1 1 1 1 1 1 1 1 1 1 1 1 1 1 1 1 1 1 1 1 1 1 1 1 1 1 100 1 1 1 1 1 1 1 1 1 1 1 1 1 1 1 100 1 100 1 1 1 1 1
staticfield java/lang/StringConcatHelper UNSAFE Ljdk/internal/misc/Unsafe; jdk/internal/misc/Unsafe
ciInstanceKlass java/util/Arrays 1 1 1020 10 7 12 1 1 1 10 100 12 1 1 1 10 7 12 1 1 1 10 12 1 10 12 1 10 12 1 10 12 1 10 12 1 10 12 1 10 100 12 1 1 1 100 1 100 1 10 8 1 10 12 1 1 10 12 1 8 1 8 1 10 12 1 1 10 12 1 100 1 10 12 1 9 100 12 1 1 1 10 7 12 1 1 100 1 10 12 1 1 10 7 12 1 1 10 7 12 1 1 1 100 1 10 12 1 10 12 1 1 7 1 9 7 12 1 1 1 10 12 1 1 10 100 12 1 1 10 12 1 10 12 1 1 10 12 1 10 12 1 1 7 1 11 12 1 1 10 12 1 10 7 12 1 1 1 10 12 10 12 1 10 12 1 10 12 10 12 1 11 100 12 1 1 1 10 7 12 1 1 1 100 1 10 12 1 10 100 1 10 12 1 10 100 1 10 12 1 10 100 1 10 12 1 10 10 12 1 1 10 12 1 10 12 1 10 12 1 10 12 1 10 12 1 10 100 12 1 1 1 10 12 1 10 100 12 1 1 1 10 12 1 10 12 1 10 7 12 1 1 1 10 12 1 10 12 1 10 12 1 10 12 1 10 12 1 10 12 1 10 12 1 10 12 1 10 12 1 10 12 1 10 12 1 10 12 1 10 12 1 10 12 1 10 12 1 10 12 1 1 10 12 1 1 10 7 12 1 1 1 10 7 1 10 100 1 10 100 1 10 100 1 10 100 1 10 100 1 10 100 1 10 100 1 10 12 1 8 1 7 1 10 12 10 100 12 1 1 1 10 12 10 12 1 10 12 1 10 12 1 10 100 12 1 1 10 12 10 12 1 10 12 1 10 12 10 12 1 1 10 12 1 1 9 100 12 1 1 1 10 12 1 9 100 1 10 12 1 9 10 12 1 9 100 1 10 12 1 9 100 1 10 12 1 9 10 12 1 9 10 12 1 10 12 1 10 12 1 9 12 1 100 1 10 10 12 1 1 10 12 1 10 12 1 10 12 1 10 12 1 10 12 1 10 12 1 10 12 1 10 12 1 10 12 1 8 1 8 1 10 12 1 10 12 1 8 1 10 12 1 10 12 1 10 12 1 10 100 12 1 1 1 3 10 100 1 10 10 12 1 1 11 100 12 1 1 10 12 1 1 10 12 1 10 12 1 10 12 1 10 12 1 10 12 1 10 12 1 10 12 1 10 12 1 11 12 1 8 1 10 11 12 1 11 100 12 1 1 1 11 100 12 1 1 1 11 12 1 1 18 12 1 1 11 12 1 1 11 100 12 1 1 1 18 12 1 11 100 12 1 1 1 18 12 1 11 100 12 1 1 1 18 12 1 100 1 10 7 12 1 1 1 10 12 1 10 12 1 10 12 1 10 12 1 10 12 1 10 12 1 10 12 1 10 12 1 1 10 12 1 10 7 12 1 1 10 12 1 10 12 1 10 12 1 1 10 12 1 10 12 1 10 12 1 1 10 12 1 10 12 1 10 12 1 1 10 12 1 10 12 1 10 12 1 10 12 1 10 12 10 12 1 10 12 10 12 10 12 1 10 12 10 12 1 10 12 1 10 12 1 1 1 1 3 1 3 1 1 1 1 1 1 1 1 1 1 1 1 1 1 1 1 1 1 1 1 1 1 1 1 1 1 1 1 1 1 1 1 1 1 1 1 1 1 1 1 1 1 1 1 1 1 1 1 1 1 1 1 1 1 1 1 1 1 1 1 1 1 1 1 1 1 1 1 1 1 1 1 1 1 1 1 1 1 1 1 1 1 1 1 1 1 1 1 1 1 1 1 1 1 1 1 1 1 1 1 1 1 1 1 1 1 1 1 1 1 1 1 1 1 1 1 1 1 1 1 1 1 1 1 1 1 1 1 1 1 1 1 1 1 1 1 1 1 1 1 1 1 1 1 1 1 1 1 1 1 1 1 1 1 1 1 1 1 1 1 1 1 1 1 1 1 1 1 1 1 1 1 1 1 1 1 1 1 1 1 1 1 1 1 1 1 1 1 1 1 1 1 1 1 1 1 1 1 1 1 1 1 1 1 1 1 1 1 1 1 1 1 1 1 1 1 1 1 1 1 1 1 1 1 1 1 1 1 1 1 1 1 1 1 1 1 1 1 1 1 1 1 1 1 1 1 1 1 1 1 1 1 1 1 1 1 1 1 1 1 100 1 1 16 15 10 12 15 10 12 15 10 12 15 10 12 15 10 100 12 1 1 1 1 1 100 1 100 1 1 1 1 100 1 1 1 1 1 1 100 1 1 100 1 1 100 1 1 1 100 1 100 1 1
staticfield java/util/Arrays $assertionsDisabled Z 1
ciMethod java/lang/StringLatin1 equals ([B[B)Z 338 712 2734 0 -1
ciMethod java/lang/StringLatin1 hashCode ([B)I 56 0 5280 0 0
ciMethod java/lang/StringLatin1 inflate ([BI[BII)V 0 0 1 0 -1
ciMethod java/lang/StringLatin1 coderFromChar (C)B 814 0 6486 0 0
ciInstanceKlass java/lang/StringUTF16 1 1 603 100 1 7 1 10 100 12 1 1 1 10 7 12 1 1 1 100 1 10 3 100 1 100 1 10 8 1 10 12 1 1 10 12 1 8 1 10 12 1 1 10 12 1 9 12 1 1 10 12 1 1 100 1 8 1 10 12 1 9 12 1 1 9 12 1 10 10 12 1 1 10 12 1 1 10 100 12 1 1 1 10 12 1 10 12 1 1 10 12 1 1 10 12 1 1 10 12 1 1 10 12 1 10 12 1 1 10 12 1 1 10 12 1 1 10 12 1 1 10 12 1 1 10 12 1 10 100 12 1 1 1 10 12 1 1 10 100 12 1 1 1 10 12 1 1 10 12 1 10 12 1 1 10 12 1 1 10 12 1 1 10 12 1 10 12 1 100 1 10 12 1 10 10 12 1 10 12 1 1 10 12 1 10 100 12 1 1 1 10 12 1 1 10 12 10 12 1 1 10 12 1 10 12 1 1 10 12 1 10 12 1 10 12 1 10 12 1 10 7 12 1 1 1 3 10 12 1 10 12 1 10 12 1 10 12 1 10 12 1 10 12 1 1 9 12 1 10 12 1 10 12 10 12 1 1 10 12 1 10 12 1 10 12 1 10 10 12 10 12 10 10 12 1 1 10 12 1 10 12 1 10 12 1 100 1 8 1 8 1 10 12 1 1 100 1 10 10 100 12 1 1 1 10 100 12 1 1 8 1 8 1 8 1 10 12 1 1 10 12 1 1 10 12 10 100 12 1 1 10 12 1 1 10 12 1 1 10 12 1 10 12 10 12 10 12 1 10 12 10 12 1 10 12 1 10 12 1 10 12 1 10 100 12 1 1 1 10 100 12 1 1 1 10 12 1 1 11 100 12 1 1 10 12 1 1 10 12 1 10 12 10 12 10 7 12 1 1 1 10 7 12 1 1 1 10 12 1 1 1 1 1 1 1 1 1 1 1 1 1 1 1 1 1 1 1 1 1 1 1 1 1 1 1 1 1 1 100 1 1 1 1 1 1 1 1 1 1 1 1 1 1 1 1 1 1 1 1 1 1 1 1 1 1 1 1 1 1 1 1 1 1 1 1 1 1 1 1 1 1 1 1 1 1 1 1 1 1 1 1 1 1 1 1 1 1 1 1 1 1 1 1 1 1 1 1 1 1 1 1 1 1 1 1 1 1 1 1 1 1 1 1 1 1 1 1 1 100 1 1 1 1 1 1 1 1 1 1 1 1 1 1 1 1 1 100 1 1 1 1 1 1 1 1 1 1 1 1 1 1 1 1 1 1 1 1 1 1 1 1 1 1 1 1 1 1 1 1 1 1 1 1 1 1 1 1 1 1 1 1 1 1 1 1 1 100 1 100 1 1 1 1 1
staticfield java/lang/StringUTF16 HI_BYTE_SHIFT I 0
staticfield java/lang/StringUTF16 LO_BYTE_SHIFT I 8
staticfield java/lang/StringUTF16 $assertionsDisabled Z 1
ciInstanceKlass jdk/internal/misc/Unsafe 1 1 1248 10 7 12 1 1 1 10 7 12 1 1 9 12 1 1 9 12 1 1 10 12 1 1 10 7 12 1 1 1 10 12 1 1 10 12 1 1 10 12 1 1 10 12 1 1 10 12 1 1 10 12 1 1 10 12 1 1 10 12 1 1 10 12 1 1 10 12 1 1 10 12 1 1 10 12 1 1 10 12 1 1 10 12 1 10 12 1 100 1 10 10 12 1 1 10 12 1 1 5 0 10 12 1 1 10 12 1 1 10 7 12 1 1 1 10 12 1 1 10 12 1 10 12 1 10 12 1 1 10 12 1 1 10 12 1 10 12 1 100 1 100 1 10 8 1 10 12 1 1 10 12 1 8 1 10 12 1 1 10 12 1 10 12 1 10 12 1 1 10 12 1 10 12 1 1 10 12 1 1 10 12 1 10 12 1 10 12 1 10 12 1 1 10 12 1 10 12 1 10 12 1 1 10 12 1 5 0 5 0 5 0 10 12 1 10 12 1 10 12 1 10 12 1 10 12 1 10 12 1 10 12 1 10 12 1 10 12 1 1 10 12 1 10 12 1 100 1 8 1 10 100 1 10 10 12 1 1 10 12 1 1 10 12 1 10 12 1 1 10 12 1 1 10 12 1 10 12 1 1 10 12 1 9 7 12 1 1 9 12 1 100 1 10 10 12 1 1 8 1 10 8 1 8 1 10 12 1 1 9 7 12 1 1 1 9 100 1 9 7 1 9 7 1 9 9 100 1 9 7 1 9 100 1 10 12 1 1 10 12 1 1 10 12 1 1 10 12 1 1 5 0 5 0 9 12 1 1 10 12 1 10 12 1 10 12 1 1 10 12 1 1 10 12 1 8 1 3 10 12 1 1 10 12 1 1 10 12 1 10 12 1 1 10 12 1 1 10 12 1 10 12 1 10 12 1 10 12 1 10 12 1 10 12 1 1 10 12 1 1 10 12 1 10 12 1 10 12 1 10 12 1 10 12 1 10 12 1 1 10 12 1 1 10 12 1 10 12 1 10 12 1 10 12 1 10 12 1 10 12 1 1 10 12 1 1 10 12 1 1 10 12 1 1 10 12 1 10 12 1 10 12 1 10 12 1 10 12 1 10 12 1 10 12 1 1 10 12 1 1 10 12 1 10 12 1 10 12 1 10 12 1 10 12 1 10 12 1 10 12 1 1 10 12 1 1 10 12 1 10 12 1 10 12 1 10 12 1 10 12 1 10 12 1 10 12 1 10 12 1 1 10 12 1 10 12 1 10 12 1 10 12 1 10 12 1 1 10 12 1 10 12 1 10 12 1 10 12 1 10 12 1 10 12 1 10 12 1 10 12 1 1 10 12 1 10 12 1 10 12 1 10 12 1 10 12 1 10 12 1 1 10 12 1 10 12 1 10 12 1 1 10 12 1 10 12 1 10 12 1 10 12 1 10 12 1 10 12 1 10 12 1 10 12 1 10 12 1 10 12 1 10 12 1 10 12 1 10 12 1 10 12 1 10 12 1 10 12 1 10 12 1 10 12 1 10 12 1 10 12 1 10 12 1 10 12 1 10 12 1 100 1 10 100 1 10 9 12 1 5 0 10 12 1 1 5 0 10 12 1 5 0 10 12 1 10 12 1 10 12 1 1 10 12 1 1 10 12 1 10 12 1 10 12 1 10 12 1 1 10 12 1 10 12 1 10 12 1 10 12 1 10 12 1 1 10 12 1 10 12 1 10 12 1 10 12 1 1 10 12 1 10 12 1 10 12 1 1 10 12 1 10 12 1 10 12 1 10 12 1 1 10 12 1 10 10 12 1 1 10 12 1 10 12 1 1 10 12 1 10 12 5 0 5 0 5 0 10 12 1 1 10 12 1 10 12 1 10 12 10 100 12 1 1 8 1 100 1 11 12 1 1 8 1 11 12 1 1 10 100 12 1 1 10 12 1 10 7 1 10 12 1 1 9 12 1 1 7 1 9 12 1 7 1 9 12 1 7 1 9 12 1 7 1 9 12 1 7 1 9 12 1 7 1 9 12 1 7 1 9 12 1 7 1 9 12 1 10 12 1 9 12 1 9 12 1 9 12 1 9 12 1 9 12 1 9 12 1 9 12 1 9 12 1 9 12 1 9 12 1 1 1 5 0 1 1 1 1 1 1 1 1 1 1 1 1 1 1 1 1 1 1 1 1 1 1 1 1 1 1 1 1 1 1 1 1 1 1 1 1 1 1 1 1 1 1 1 1 1 1 1 1 1 1 1 1 1 1 1 1 1 1 1 1 1 1 1 1 1 1 1 1 1 1 1 1 1 1 1 1 1 1 1 1 1 1 1 1 1 1 1 1 1 1 100 1 1 1 1 1 1 1 1 1 1 1 1 1 1 1 1 1 1 1 1 1 1 1 1 1 1 1 1 1 1 1 1 1 1 1 1 1 1 1 1 1 1 1 1 1 1 1 1 1 1 1 1 1 1 1 1 1 1 1 1 1 1 1 1 1 1 1 1 1 1 1 1 1 1 1 1 1 1 1 1 1 1 1 1 1 1 1 1 1 1 1 1 1 1 1 1 1 1 1 1 1 1 1 1 1 1 1 1 1 1 1 1 1 1 1 1 1 1 1 1 1 1 1 1 1 1 1 1 1 1 1 1 1 1 1 1 1 1 1 1 1 1 1 1 1 1 1 1 1 1 1 1 1 1 1 1 1 1 1 1 1 1 1 1 1 1 1 1 1 1 1 1 1 1 1 1 1 1 1 1 1 1 1 1 1 1 1 1 1 1 1 1 1 1 1 1 1 1 1 1 1 1 1 1 1 1 1 1 1 1 1 1 1
staticfield jdk/internal/misc/Unsafe theUnsafe Ljdk/internal/misc/Unsafe; jdk/internal/misc/Unsafe
staticfield jdk/internal/misc/Unsafe ARRAY_BOOLEAN_BASE_OFFSET J 16
staticfield jdk/internal/misc/Unsafe ARRAY_BYTE_BASE_OFFSET J 16
staticfield jdk/internal/misc/Unsafe ARRAY_SHORT_BASE_OFFSET J 16
staticfield jdk/internal/misc/Unsafe ARRAY_CHAR_BASE_OFFSET J 16
staticfield jdk/internal/misc/Unsafe ARRAY_INT_BASE_OFFSET J 16
staticfield jdk/internal/misc/Unsafe ARRAY_LONG_BASE_OFFSET J 16
staticfield jdk/internal/misc/Unsafe ARRAY_FLOAT_BASE_OFFSET J 16
staticfield jdk/internal/misc/Unsafe ARRAY_DOUBLE_BASE_OFFSET J 16
staticfield jdk/internal/misc/Unsafe ARRAY_OBJECT_BASE_OFFSET J 16
staticfield jdk/internal/misc/Unsafe ARRAY_BOOLEAN_INDEX_SCALE I 1
staticfield jdk/internal/misc/Unsafe ARRAY_BYTE_INDEX_SCALE I 1
staticfield jdk/internal/misc/Unsafe ARRAY_SHORT_INDEX_SCALE I 2
staticfield jdk/internal/misc/Unsafe ARRAY_CHAR_INDEX_SCALE I 2
staticfield jdk/internal/misc/Unsafe ARRAY_INT_INDEX_SCALE I 4
staticfield jdk/internal/misc/Unsafe ARRAY_LONG_INDEX_SCALE I 8
staticfield jdk/internal/misc/Unsafe ARRAY_FLOAT_INDEX_SCALE I 4
staticfield jdk/internal/misc/Unsafe ARRAY_DOUBLE_INDEX_SCALE I 8
staticfield jdk/internal/misc/Unsafe ARRAY_OBJECT_INDEX_SCALE I 4
staticfield jdk/internal/misc/Unsafe ADDRESS_SIZE I 8
ciMethod java/lang/StringUTF16 hashCode ([B)I 0 0 152 0 0
ciMethod java/lang/StringUTF16 compress ([BII)[B 0 0 1 0 -1
ciMethod java/lang/StringUTF16 putChar ([BII)V 0 0 1 0 -1
ciMethod java/lang/StringUTF16 coderFromArrayLen ([BI)B 290 0 6577 0 -1
ciMethod java/lang/StringUTF16 newBytesFor (I)[B 0 0 1 0 -1
ciInstanceKlass java/lang/Thread$FieldHolder 1 1 55 10 7 12 1 1 1 9 7 12 1 1 1 9 12 1 1 9 12 1 1 9 12 1 1 9 12 1 1 1 1 1 1 1 1 1 1 1 1 100 1 100 1 1 1 1 100 1 1 1 100 1 100 1 1
ciInstanceKlass java/lang/Thread$Constants 0 0 47 100 1 10 100 12 1 1 1 10 12 1 1 10 12 1 1 10 100 12 1 1 8 1 10 12 1 9 100 12 1 1 1 1 1 1 1 1 1 1 1 1 1 1 1 1 1
ciInstanceKlass java/lang/ThreadGroup 1 1 380 10 7 12 1 1 1 9 7 12 1 1 1 8 1 9 12 1 1 100 1 9 12 1 1 9 12 1 1 10 7 12 1 1 1 10 12 1 1 10 12 1 10 12 1 1 10 12 1 1 10 12 1 10 12 1 10 12 1 10 100 12 1 1 1 10 12 1 1 18 12 1 1 11 100 12 1 1 1 10 12 1 1 10 12 1 1 10 12 1 1 10 100 12 1 1 1 10 12 1 11 12 1 1 11 100 12 1 1 11 12 1 1 10 12 1 1 10 12 1 10 12 1 11 12 1 11 12 1 1 10 12 1 100 1 10 18 12 1 1 11 100 12 1 1 1 11 12 1 1 9 100 12 1 1 1 10 12 1 1 8 1 10 100 12 1 1 1 10 100 12 1 1 1 10 12 1 1 11 12 10 12 1 1 10 12 1 1 11 100 1 9 12 1 100 1 10 8 1 10 12 1 1 10 12 1 1 8 1 10 12 1 10 100 12 1 1 1 10 12 1 1 10 7 1 8 1 10 8 1 10 12 1 10 12 1 8 1 9 12 1 1 9 12 1 10 100 12 1 1 1 100 9 12 1 1 7 1 9 12 1 10 12 10 12 1 1 100 10 12 9 12 1 10 12 1 100 1 10 100 1 10 10 12 1 10 12 1 1 1 1 1 1 1 1 1 1 1 1 1 1 1 1 3 1 1 1 1 1 1 1 1 1 1 1 100 1 1 1 1 1 1 1 1 1 1 1 1 1 1 1 1 1 1 1 1 1 1 1 1 1 1 1 1 1 1 1 1 1 1 1 1 1 1 1 1 16 15 10 12 16 16 15 10 12 16 15 10 100 12 1 1 1 1 1 100 1 100 1 1
staticfield java/lang/ThreadGroup $assertionsDisabled Z 1
ciInstanceKlass java/lang/Thread$UncaughtExceptionHandler 1 0 16 100 1 100 1 1 1 1 1 1 1 1 100 1 1 1
instanceKlass java/lang/ThreadBuilders$BoundVirtualThread
instanceKlass java/lang/VirtualThread
ciInstanceKlass java/lang/BaseVirtualThread 0 0 36 10 100 12 1 1 1 100 1 1 1 1 1 1 1 1 1 1 1 1 1 1 1 1 1 1 1 1 100 1 100 1 1 100 1 1
ciInstanceKlass java/lang/VirtualThread 0 0 928 9 100 12 1 1 1 9 12 1 1 10 100 12 1 1 1 10 100 12 1 1 1 10 100 12 1 1 1 9 12 1 1 100 1 10 12 1 9 12 1 1 18 12 1 1 9 12 1 1 10 12 1 1 100 1 10 12 1 10 12 1 1 10 12 1 1 10 12 1 10 12 1 1 9 12 1 1 10 12 1 10 100 12 1 10 12 1 10 12 1 10 12 1 10 12 1 9 12 1 1 11 100 12 1 1 1 10 10 12 1 11 100 12 1 1 1 10 12 1 100 1 10 12 1 1 100 1 9 12 1 1 5 0 10 100 12 1 1 1 9 12 1 100 1 100 1 10 10 100 12 1 1 1 10 100 12 1 1 1 10 12 1 1 10 12 1 10 12 1 1 10 12 1 10 12 10 12 1 100 1 10 10 12 1 10 12 1 1 9 12 1 1 10 12 1 1 9 12 1 1 10 12 1 9 12 1 10 100 12 1 1 10 9 10 10 12 1 1 10 12 1 1 10 100 12 1 1 10 100 1 10 9 10 100 1 10 12 1 1 10 12 1 10 10 12 1 1 9 12 1 10 12 1 10 12 1 9 12 1 1 10 12 1 10 12 1 10 12 1 1 9 12 1 1 10 12 1 10 12 1 1 10 12 1 10 12 1 1 9 12 1 18 9 100 12 1 1 1 10 12 1 1 9 12 1 10 12 1 10 12 1 1 10 12 1 9 12 1 1 18 12 1 9 12 1 9 12 1 10 12 9 12 1 1 10 100 12 1 1 10 12 1 10 12 1 1 10 100 12 1 1 10 12 1 100 1 8 1 10 12 1 10 12 1 1 10 12 1 10 12 1 10 12 1 10 100 12 1 1 10 12 1 10 12 1 10 12 1 10 12 1 10 100 12 1 1 8 1 10 12 1 10 12 1 10 12 1 10 12 1 1 10 12 1 10 12 10 12 1 100 1 10 10 12 1 10 12 1 1 10 12 1 1 10 12 1 10 12 1 10 12 1 1 10 12 1 1 11 100 12 1 1 11 12 1 10 12 9 100 12 1 1 1 9 12 1 10 12 1 1 9 12 1 9 12 1 9 12 1 9 12 1 100 1 10 10 12 1 1 10 12 1 100 1 100 1 10 8 1 10 12 1 1 10 12 1 10 12 1 10 10 12 1 8 1 10 10 12 1 10 12 1 10 100 12 1 1 8 1 8 1 10 12 1 1 10 10 9 100 12 1 1 1 10 12 1 1 10 12 1 10 10 12 9 12 1 10 12 1 1 10 12 1 9 12 1 10 12 1 1 9 12 1 10 12 1 1 9 12 1 10 12 1 1 18 12 1 1 8 1 10 12 1 1 8 1 8 1 10 100 12 1 1 1 10 100 12 1 1 1 10 12 1 10 12 1 1 10 12 1 18 12 1 1 18 12 1 1 5 0 9 12 1 10 12 1 10 12 1 10 100 1 10 12 1 1 9 12 1 9 12 1 1 10 12 1 1 10 12 1 10 12 10 12 1 1 10 100 12 1 1 10 12 1 1 100 1 8 1 10 10 12 1 8 10 12 1 1 8 8 9 12 1 8 8 10 12 1 10 12 1 1 8 1 18 12 1 10 100 12 1 1 10 12 1 10 12 1 3 1 3 1 3 1 3 1 3 1 3 1 3 1 3 1 3 1 3 1 3 1 3 1 3 3 1 3 3 1 3 3 1 3 3 1 3 1 1 1 1 1 1 1 1 1 1 1 1 1 1 1 1 1 100 1 1 1 1 1 1 1 1 1 1 1 1 1 1 1 1 1 1 1 1 100 1 1 1 1 1 1 1 1 1 1 1 1 1 1 1 1 1 1 1 1 1 1 1 1 1 1 1 1 1 1 1 1 1 100 1 1 1 1 1 1 1 1 1 1 1 1 1 1 1 1 1 1 1 1 1 1 1 1 1 1 1 100 1 1 1 1 1 1 1 1 1 1 1 1 1 1 1 1 1 1 1 1 1 1 100 1 1 16 15 10 12 15 10 12 15 10 12 16 15 10 12 16 15 10 12 16 15 10 12 16 15 10 12 15 10 100 12 1 1 1 1 1 1 1 100 1 1 1 100 1 100 1 1
ciInstanceKlass java/lang/ThreadBuilders$BoundVirtualThread 0 0 132 10 100 12 1 1 1 9 100 12 1 1 1 10 100 12 1 1 1 9 12 1 1 10 12 1 1 10 12 1 1 9 12 1 1 10 100 12 1 1 1 10 12 1 1 100 1 8 1 10 12 1 10 12 1 1 10 12 1 1 10 12 1 1 10 100 12 1 1 1 8 1 10 12 1 8 1 10 12 1 1 10 100 12 1 1 9 100 12 1 1 1 10 12 1 1 10 10 12 1 1 1 1 1 1 1 1 1 1 1 1 1 1 1 1 1 1 1 1 1 1 1 1 1 1 1 1 100 1 1 1 1
instanceKlass java/lang/Exception
instanceKlass java/lang/Error
ciInstanceKlass java/lang/Throwable 1 1 403 10 7 12 1 1 1 9 7 12 1 1 1 9 12 1 1 9 12 1 9 12 1 1 9 12 1 10 12 1 1 9 12 1 1 10 12 1 1 10 100 12 1 1 1 9 12 1 1 10 12 1 1 10 12 1 100 1 100 1 10 8 1 10 12 1 1 8 1 10 100 12 1 1 10 10 12 1 100 1 8 1 10 10 7 12 1 1 10 12 1 8 1 9 100 12 1 1 1 10 12 1 1 100 1 10 12 10 12 1 100 1 10 10 7 12 1 1 1 11 100 12 1 1 1 10 100 12 1 1 1 10 12 1 1 10 12 1 1 8 1 10 12 1 10 12 1 1 8 1 8 1 10 12 1 1 10 12 1 8 1 8 1 9 12 1 10 100 12 1 1 100 1 10 11 12 1 8 1 8 1 10 7 12 1 1 8 1 10 12 1 8 1 100 1 10 12 1 9 12 1 1 10 12 1 10 7 12 1 9 12 1 1 10 12 1 1 100 1 8 1 10 12 1 10 100 12 1 1 10 12 1 1 100 1 10 100 12 1 1 1 10 12 1 11 100 12 1 1 1 11 100 12 1 1 1 11 12 1 8 1 10 12 1 1 8 1 10 10 9 100 12 1 1 1 8 1 10 12 1 1 11 10 100 1 8 1 10 11 12 1 1 8 1 9 12 1 10 100 12 1 1 11 9 12 1 1 11 12 1 1 100 10 12 1 10 12 1 1 100 1 1 1 1 5 0 1 1 1 1 1 1 1 1 1 1 1 1 100 1 1 1 1 1 1 1 1 1 1 1 1 1 1 1 1 1 1 1 1 1 1 1 1 1 1 1 1 1 1 1 1 1 1 1 1 1 1 1 1 1 1 1 100 1 100 1 1 1 1 1 1 1 1 1 1 1 1 1 1 1 1 1 1
staticfield java/lang/Throwable UNASSIGNED_STACK [Ljava/lang/StackTraceElement; 0 [Ljava/lang/StackTraceElement;
staticfield java/lang/Throwable SUPPRESSED_SENTINEL Ljava/util/List; java/util/Collections$EmptyList
staticfield java/lang/Throwable EMPTY_THROWABLE_ARRAY [Ljava/lang/Throwable; 0 [Ljava/lang/Throwable;
staticfield java/lang/Throwable $assertionsDisabled Z 1
ciInstanceKlass jdk/internal/vm/ContinuationScope 0 0 50 10 100 12 1 1 1 10 100 12 1 1 1 100 1 9 100 12 1 1 1 10 12 1 1 10 100 12 1 1 1 10 12 1 1 10 12 1 1 1 1 1 1 1 1 1 1 1 1 1
ciInstanceKlass jdk/internal/vm/StackChunk 1 1 32 10 100 12 1 1 1 9 100 12 1 1 1 9 12 1 1 9 12 1 1 1 1 1 1 1 1 1 1 1 1 1
ciInstanceKlass java/lang/Boolean 1 1 146 10 7 12 1 1 1 9 7 12 1 1 1 10 12 1 1 10 12 1 8 1 10 7 12 1 1 9 12 1 1 9 12 1 10 12 1 1 10 12 1 1 10 12 1 1 10 12 1 10 7 12 1 1 1 10 12 1 1 9 100 12 1 1 9 12 10 100 12 1 1 1 10 12 1 1 8 1 10 7 12 1 1 1 9 12 1 1 100 1 100 1 100 1 1 1 1 1 1 5 0 1 1 1 1 1 1 1 1 1 1 1 1 1 1 1 1 1 1 1 1 1 1 1 1 1 1 1 1 1 1 1 1 1 1 1 100 1 1 1 1 1 1 1 1 1
staticfield java/lang/Boolean TRUE Ljava/lang/Boolean; java/lang/Boolean
staticfield java/lang/Boolean FALSE Ljava/lang/Boolean; java/lang/Boolean
staticfield java/lang/Boolean TYPE Ljava/lang/Class; java/lang/Class
ciInstanceKlass java/lang/Character 1 1 603 7 1 100 1 100 1 9 12 1 1 8 1 9 12 1 1 100 1 9 12 1 1 10 100 12 1 1 1 10 100 12 1 1 1 10 100 12 1 1 1 10 7 12 1 1 1 9 7 12 1 1 1 10 12 1 10 12 1 1 10 12 1 1 10 100 12 1 1 10 12 1 1 3 3 3 3 3 10 12 1 1 10 12 1 3 11 7 12 1 1 1 11 12 1 1 10 12 1 1 10 12 1 1 100 1 10 10 12 1 3 10 12 1 1 10 12 1 10 12 1 1 100 1 8 1 10 12 1 1 10 12 1 10 12 1 10 12 1 10 100 12 1 1 1 10 12 1 10 12 1 10 12 1 1 10 12 1 10 7 12 1 1 10 10 12 1 10 10 12 1 10 12 1 1 10 12 1 10 10 12 1 10 12 1 10 12 1 10 12 1 10 12 1 10 12 1 10 12 1 10 12 10 10 12 10 10 12 1 10 10 12 1 10 10 12 1 10 10 12 1 10 12 1 10 12 1 10 12 1 10 12 1 10 12 1 10 12 1 10 10 12 1 10 10 12 1 10 10 12 1 1 10 10 12 1 10 5 0 10 12 1 10 12 1 10 10 12 1 10 10 12 1 1 10 10 12 1 10 10 12 1 9 12 1 1 100 1 10 10 12 1 10 12 1 1 3 10 100 12 1 1 1 10 12 1 10 100 12 1 1 100 1 10 10 12 1 1 10 12 1 1 10 12 1 1 8 1 10 12 1 9 100 12 1 1 1 10 12 1 10 10 12 1 10 12 1 1 10 12 1 10 10 12 1 1 10 10 12 1 1 100 1 8 1 10 12 1 1 10 7 12 1 1 1 8 1 10 12 1 1 9 12 1 1 100 1 100 1 100 1 1 1 1 3 1 3 1 3 1 3 1 1 1 1 1 3 1 1 3 1 3 1 3 1 3 1 3 1 3 1 3 1 3 1 3 1 3 1 3 1 3 1 3 1 3 1 3 1 3 1 3 1 3 1 3 1 3 1 3 1 3 1 3 1 3 1 3 1 3 1 3 1 3 1 1 1 1 1 1 1 1 1 1 1 1 1 1 1 1 1 1 1 3 1 1 1 1 1 1 1 3 1 1 3 1 1 1 1 1 3 1 1 5 0 1 1 1 1 1 1 1 1 1 1 1 1 1 1 1 1 1 1 1 1 1 1 1 1 1 1 1 1 1 1 1 1 1 1 1 1 1 1 1 1 1 1 1 1 1 1 1 1 1 1 1 1 1 1 1 1 1 1 1 1 1 1 1 1 1 1 1 1 1 1 1 1 1 1 1 1 1 1 1 1 1 1 1 1 1 1 1 1 1 100 1 100 1 1 1 1 1 1
staticfield java/lang/Character TYPE Ljava/lang/Class; java/lang/Class
staticfield java/lang/Character $assertionsDisabled Z 1
ciInstanceKlass java/lang/Float 1 1 277 7 1 100 1 10 7 12 1 1 1 10 7 12 1 1 1 4 100 1 10 12 1 1 10 12 1 1 8 1 8 1 10 100 12 1 1 1 10 12 1 1 10 12 1 1 10 7 1 4 10 7 12 1 1 9 12 1 1 10 12 1 1 10 12 1 10 10 12 1 1 10 12 1 10 12 1 3 3 100 1 4 4 4 3 10 12 1 1 9 12 1 1 100 1 10 3 3 4 4 10 12 1 3 3 3 10 12 1 1 10 12 1 1 10 12 1 10 100 12 1 1 1 10 12 1 1 10 12 1 1 10 7 12 1 1 1 8 1 10 12 1 1 9 12 1 1 100 1 100 1 100 1 1 1 1 4 1 4 1 1 1 4 1 1 3 1 3 1 3 1 3 1 3 1 1 1 1 5 0 1 1 1 1 1 1 1 1 1 1 100 1 1 1 1 1 1 1 1 1 1 1 1 1 1 1 1 1 1 1 1 1 1 1 1 1 1 1 1 1 1 1 1 1 1 1 1 1 1 1 1 1 1 1 1 1 1 1 1 1 1 1 1 1 1 1 1 1 1 1 1 1 1 1 1 1 1 1 1 1 1 1 1 1 100 1 1 1 1 1 1 1 100 1 100 1 1
staticfield java/lang/Float TYPE Ljava/lang/Class; java/lang/Class
staticfield java/lang/Float $assertionsDisabled Z 1
instanceKlass com/landawn/abacus/util/Fraction
instanceKlass com/landawn/abacus/util/MutableDouble
instanceKlass com/landawn/abacus/util/MutableFloat
instanceKlass com/landawn/abacus/util/MutableLong
instanceKlass com/landawn/abacus/util/MutableInt
instanceKlass com/landawn/abacus/util/MutableShort
instanceKlass com/landawn/abacus/util/MutableByte
instanceKlass java/math/BigDecimal
instanceKlass java/math/BigInteger
instanceKlass java/util/concurrent/atomic/AtomicLong
instanceKlass java/util/concurrent/atomic/AtomicInteger
instanceKlass java/lang/Long
instanceKlass java/lang/Integer
instanceKlass java/lang/Short
instanceKlass java/lang/Byte
instanceKlass java/lang/Double
instanceKlass java/lang/Float
ciInstanceKlass java/lang/Number 1 1 37 10 7 12 1 1 1 10 100 12 1 1 1 100 1 1 1 1 5 0 1 1 1 1 1 1 1 1 1 1 1 1 1 1 1 1 1
ciInstanceKlass java/lang/Double 1 1 288 7 1 100 1 10 7 12 1 1 1 10 12 1 1 10 100 1 10 12 1 1 10 7 12 1 1 1 6 0 8 1 10 12 1 1 8 1 10 12 1 1 8 1 6 0 10 12 1 1 100 1 5 0 5 0 8 1 8 1 10 100 12 1 1 1 10 100 12 1 1 1 8 1 10 12 1 1 8 1 8 1 8 1 10 12 1 1 10 12 1 10 12 1 1 10 12 1 10 12 1 10 12 1 1 10 12 1 10 7 1 6 0 10 7 12 1 1 9 12 1 1 10 12 1 10 12 1 10 12 1 10 12 1 10 12 1 5 0 10 12 1 1 10 12 1 10 12 1 10 100 12 1 1 1 10 12 1 1 10 12 1 1 8 1 10 7 12 1 1 1 9 12 1 1 100 1 100 1 100 1 1 1 6 0 1 6 0 1 6 0 1 1 1 6 0 1 1 3 1 3 1 3 1 3 1 3 1 1 1 1 5 0 1 1 1 1 1 1 1 1 1 1 1 1 1 1 1 1 100 1 1 1 1 1 1 1 1 1 1 1 1 1 1 1 1 1 1 1 1 1 1 1 1 1 1 1 1 1 1 1 1 1 1 1 1 1 1 1 1 1 1 1 1 1 100 1 1 1 1 1 1 1 100 1 100 1 1
staticfield java/lang/Double TYPE Ljava/lang/Class; java/lang/Class
ciInstanceKlass java/lang/Byte 1 1 212 7 1 100 1 10 100 12 1 1 1 9 12 1 1 8 1 9 12 1 1 100 1 10 12 1 1 10 12 1 1 10 100 12 1 1 1 10 100 12 1 1 1 9 7 12 1 1 1 10 12 1 1 100 1 100 1 10 12 1 1 8 1 10 12 1 1 8 1 10 12 1 10 12 1 10 12 1 10 12 1 1 10 12 1 10 12 1 10 12 1 1 10 8 1 8 1 10 7 1 9 12 1 1 10 12 1 1 10 12 1 1 10 12 1 1 10 12 1 5 0 10 12 1 1 8 1 10 7 12 1 1 1 9 12 1 1 100 1 100 1 1 1 3 1 3 1 1 1 1 3 1 3 1 1 5 0 1 1 1 1 1 1 1 1 1 1 1 1 1 1 1 1 1 1 1 1 1 1 1 1 1 1 1 1 1 1 1 1 1 1 1 1 1 1 1 1 1 1 1 1 1 1 1 1 1 1 1 1 1 1 1
staticfield java/lang/Byte TYPE Ljava/lang/Class; java/lang/Class
ciMethod java/lang/Byte toUnsignedInt (B)I 1024 0 166490 0 80
ciInstanceKlass java/lang/Short 1 1 220 7 1 100 1 100 1 10 100 12 1 1 1 10 12 1 1 100 1 100 1 10 12 1 1 8 1 10 12 1 1 8 1 10 12 1 10 12 1 10 12 1 10 12 1 1 10 12 1 1 10 12 1 9 12 1 1 8 1 9 12 1 1 100 1 10 12 1 1 10 12 1 10 100 12 1 1 1 10 100 12 1 1 1 9 7 12 1 1 1 10 12 1 10 12 1 1 10 8 1 8 1 10 7 1 9 12 1 1 10 12 1 1 10 12 1 1 10 12 1 1 10 12 1 3 3 5 0 10 12 1 1 8 1 10 7 12 1 1 1 9 12 1 1 100 1 100 1 1 1 3 1 3 1 1 1 1 3 1 3 1 1 5 0 1 1 1 1 1 1 1 1 1 1 1 1 1 1 1 1 1 1 1 1 1 1 1 1 1 1 1 1 1 1 1 1 1 1 1 1 1 1 1 1 1 1 1 1 1 1 1 1 1 1 1 1 1 1 1 1
staticfield java/lang/Short TYPE Ljava/lang/Class; java/lang/Class
ciInstanceKlass java/lang/Integer 1 1 436 7 1 100 1 7 1 7 1 10 12 1 1 9 12 1 1 9 12 1 1 10 100 12 1 1 1 10 12 1 1 10 100 12 1 1 1 10 10 12 1 1 10 100 12 1 1 1 10 12 1 10 12 1 1 10 7 12 1 1 1 10 12 1 1 10 12 1 1 10 12 1 10 7 12 1 1 10 12 1 1 10 12 1 10 12 1 100 1 8 1 10 12 1 8 1 100 1 10 12 1 1 10 12 1 1 8 1 10 12 1 1 8 1 10 12 1 1 10 12 1 1 10 12 1 1 3 3 10 7 12 1 1 1 11 7 1 10 12 1 1 11 10 12 1 1 10 12 1 1 8 1 10 12 1 10 12 1 8 1 100 1 10 12 1 8 1 10 12 1 1 10 12 1 8 1 10 12 1 10 12 1 7 1 9 12 1 1 9 12 1 1 10 12 1 10 7 1 9 12 1 10 12 1 10 12 1 10 12 1 1 10 12 1 1 10 7 12 1 1 1 10 12 1 1 8 1 8 1 10 12 1 1 8 1 8 1 8 1 8 1 8 1 8 1 10 12 1 10 12 1 10 12 1 5 0 3 3 3 3 10 12 1 10 12 1 3 10 12 1 10 100 12 1 1 1 10 12 1 1 10 12 1 1 8 1 10 7 12 1 1 1 9 12 1 1 100 1 100 1 100 1 1 1 1 3 1 1 1 1 1 3 1 3 1 1 5 0 1 1 1 1 1 1 1 1 1 100 1 1 1 1 1 1 1 1 1 1 1 1 1 1 1 1 1 1 1 1 1 1 1 1 1 1 1 1 1 1 1 1 1 1 1 1 1 1 1 1 1 1 1 1 1 1 1 1 1 1 1 1 1 1 1 1 1 1 1 1 1 1 1 1 1 1 1 1 1 1 1 1 1 1 1 1 1 1 1 1 1 1 1 1 1 1 1 1 1 1 1 1 1 100 1 1 1 1 1 1 1 1 1 100 1 100 1 1
staticfield java/lang/Integer TYPE Ljava/lang/Class; java/lang/Class
staticfield java/lang/Integer digits [B 36
ciMethod java/lang/Integer intValue ()I 258 0 129 0 -1
ciMethod java/lang/Integer <init> (I)V 14 0 13208 0 -1
ciMethod java/lang/Integer valueOf (I)Ljava/lang/Integer; 136 0 101526 0 208
ciInstanceKlass java/lang/Integer$IntegerCache 1 1 100 10 100 12 1 1 1 7 1 10 7 12 1 1 1 9 7 12 1 1 1 8 1 10 7 12 1 1 1 10 12 1 1 10 100 12 1 1 1 3 10 12 1 100 1 9 12 1 1 10 7 12 1 1 1 9 12 1 1 10 12 1 1 100 1 10 10 12 1 9 12 1 1 1 3 1 1 1 1 1 1 1 1 1 1 1 1 1 1 1 1 1 100 1 100 1 1 1 1 1
staticfield java/lang/Integer$IntegerCache high I 127
staticfield java/lang/Integer$IntegerCache cache [Ljava/lang/Integer; 256 [Ljava/lang/Integer;
staticfield java/lang/Integer$IntegerCache $assertionsDisabled Z 1
ciInstanceKlass java/lang/Long 1 1 498 7 1 100 1 7 1 100 1 10 12 1 1 9 12 1 1 9 7 12 1 1 1 10 100 12 1 1 1 10 12 1 1 10 100 12 1 1 1 10 10 12 10 12 1 10 12 1 10 12 1 5 0 5 0 100 1 10 12 1 1 10 12 1 1 10 12 1 10 12 1 10 12 1 10 12 1 1 10 100 12 1 1 10 12 1 10 12 1 1 10 12 1 1 10 12 1 1 10 12 1 1 10 100 12 1 1 1 10 12 1 1 10 12 1 10 12 1 10 7 12 1 1 10 12 1 1 10 12 1 10 12 1 100 1 8 1 10 12 1 8 1 100 1 10 12 1 10 12 1 1 8 1 10 12 1 1 8 1 10 12 1 1 10 12 1 1 10 12 1 1 5 0 5 0 10 100 12 1 1 1 11 100 1 10 12 1 1 11 10 12 1 1 10 12 1 1 8 1 5 0 10 12 1 1 10 12 1 1 8 1 8 1 10 12 1 8 1 10 12 1 10 12 1 5 0 5 0 9 7 12 1 1 1 10 12 1 10 12 1 1 8 1 8 1 10 12 1 1 8 1 8 1 8 1 8 1 8 1 8 1 10 12 1 10 12 1 10 7 1 9 12 1 1 10 12 1 10 12 1 1 10 12 1 1 10 100 12 1 1 1 10 12 1 1 10 12 1 10 12 1 10 12 1 5 0 5 0 5 0 10 12 1 1 10 12 1 5 0 5 0 10 12 10 12 1 10 100 12 1 1 1 10 12 1 1 10 12 1 1 8 1 10 7 12 1 1 1 9 12 1 1 100 1 100 1 100 1 1 1 1 5 0 1 1 1 1 3 1 3 1 5 0 1 1 1 1 1 1 1 1 1 100 1 1 1 1 1 1 1 1 1 1 1 1 1 1 1 1 1 1 1 1 1 1 1 1 1 1 1 1 1 1 1 1 1 1 1 1 1 1 1 1 1 1 1 1 1 1 1 1 1 1 1 1 1 1 1 1 1 1 1 1 1 1 1 1 1 1 1 1 1 1 1 1 1 1 1 1 1 1 1 1 1 1 1 1 1 1 1 1 1 1 1 1 1 1 1 1 1 1 1 1 100 1 1 1 1 1 1 1 1 1 100 1 100 1 1
staticfield java/lang/Long TYPE Ljava/lang/Class; java/lang/Class
ciInstanceKlass java/lang/Void 1 1 31 10 100 12 1 1 1 8 1 10 7 12 1 1 1 9 7 12 1 1 1 1 1 1 1 1 1 1 1 1 1
staticfield java/lang/Void TYPE Ljava/lang/Class; java/lang/Class
ciInstanceKlass jdk/internal/vm/vector/VectorSupport 0 0 597 100 1 10 100 12 1 1 1 9 12 1 1 10 100 12 1 1 1 100 1 10 12 1 11 100 12 1 1 1 11 100 12 1 1 1 11 100 12 1 1 1 11 100 12 1 1 11 100 12 1 1 11 100 12 1 1 11 100 12 1 1 11 100 12 1 1 11 100 12 1 1 11 100 12 1 1 11 100 12 1 1 1 11 100 12 1 1 11 100 12 1 1 1 11 100 12 1 1 1 11 100 12 1 1 11 100 12 1 1 1 11 100 12 1 1 100 1 10 12 1 1 11 100 12 1 1 11 100 12 1 1 11 100 12 1 1 11 100 1 11 100 12 1 1 11 100 12 1 1 11 100 12 1 1 9 12 1 1 10 100 12 1 1 11 100 12 1 1 10 100 12 1 1 1 10 100 12 1 1 10 12 1 1 10 12 1 1 1 1 1 3 1 3 1 3 1 3 1 3 1 3 1 3 1 3 1 3 1 3 1 3 1 3 1 3 1 3 1 3 1 3 1 3 1 3 1 3 1 3 1 3 1 3 1 3 1 3 1 3 1 3 1 3 1 3 1 3 1 3 1 3 1 3 1 3 1 3 1 3 1 3 1 3 1 3 1 3 1 3 1 3 1 3 1 3 1 3 1 3 1 3 1 3 1 3 1 3 1 3 1 3 1 3 1 3 1 1 1 3 1 3 1 3 1 3 1 3 1 3 1 1 1 1 1 1 1 1 1 1 1 1 1 1 1 1 1 1 1 1 1 1 1 1 1 1 1 1 1 1 1 1 1 1 1 1 1 1 1 1 1 1 1 1 1 1 1 1 1 1 1 1 1 1 1 1 1 1 1 1 1 1 1 1 1 1 1 1 1 1 1 1 1 1 1 1 1 1 1 1 1 1 1 1 1 1 1 1 1 1 1 1 1 1 1 1 1 1 1 1 1 1 1 1 1 1 1 1 1 1 1 1 1 1 1 1 1 1 1 1 1 1 1 1 1 1 1 1 1 1 1 1 1 1 1 1 1 1 1 1 1 1 1 1 1 1 1 1 1 1 1 1 1 1 1 1 1 1 1 1 1 1 1 1 1 1 1 1 1 1 1 1 1 1 1 1 1 1 1 1 1 1 1 1 1 1 1 1 1 1 1 1 1 1 1 1 1 1 1 1 1 1 1 1 1 1 1 1 1 1 1 1 1 1 1 1 1 1 1 1 1 1 1 1 1 1 1 1 1 1 1 1 1 1 1 1 1 1 1 1 1 1 1 1 1 1 1 100 1 100 1 100 1 100 1 100 1 1 1 1 1 1 1 1 1 1 1 1 1 1 1 1 1 1 1 1 1 1 1 1 1 1 1 1 1 1 1
instanceKlass jdk/internal/vm/vector/VectorSupport$VectorShuffle
instanceKlass jdk/internal/vm/vector/VectorSupport$VectorMask
instanceKlass jdk/internal/vm/vector/VectorSupport$Vector
ciInstanceKlass jdk/internal/vm/vector/VectorSupport$VectorPayload 0 0 32 10 100 12 1 1 1 9 100 12 1 1 1 10 100 12 1 1 1 1 1 1 1 1 1 1 1 1 1 1 1 1
ciInstanceKlass jdk/internal/vm/vector/VectorSupport$Vector 0 0 28 10 100 12 1 1 1 100 1 1 1 1 1 1 1 1 1 1 1 1 1 1 1 100 1 1 1 1
ciInstanceKlass jdk/internal/vm/vector/VectorSupport$VectorMask 0 0 28 10 100 12 1 1 1 100 1 1 1 1 1 1 1 1 1 1 1 1 1 1 1 100 1 1 1 1
ciInstanceKlass jdk/internal/vm/vector/VectorSupport$VectorShuffle 0 0 28 10 100 12 1 1 1 100 1 1 1 1 1 1 1 1 1 1 1 1 1 1 1 100 1 1 1 1
ciInstanceKlass jdk/internal/vm/FillerObject 0 0 16 10 100 12 1 1 1 100 1 1 1 1 1 1 1 1
instanceKlass java/lang/ref/PhantomReference
instanceKlass java/lang/ref/FinalReference
instanceKlass java/lang/ref/WeakReference
instanceKlass java/lang/ref/SoftReference
ciInstanceKlass java/lang/ref/Reference 1 1 198 9 7 12 1 1 1 9 7 12 1 1 10 12 1 1 10 12 1 1 9 12 1 1 10 12 1 1 9 12 1 1 9 12 1 1 7 1 10 12 1 10 7 12 1 1 10 12 1 10 12 1 1 10 12 1 7 1 8 1 10 12 1 1 7 1 10 12 1 1 10 12 1 1 10 12 1 7 1 10 12 10 7 12 1 1 1 9 12 1 10 12 1 1 10 12 1 10 12 1 10 12 1 9 12 1 100 1 100 1 10 9 12 1 9 12 1 100 1 10 10 12 1 10 10 7 12 1 1 10 12 1 1 1 1 1 1 1 1 1 1 1 1 1 1 1 1 1 100 1 1 1 100 1 1 1 1 1 1 1 1 1 1 1 1 1 1 1 1 1 1 1 1 1 1 1 1 1 1 1 1 1 1 1 1 1 1 1 1 1 100 1 100 1 100 1 1 1
staticfield java/lang/ref/Reference processPendingLock Ljava/lang/Object; java/lang/Object
staticfield java/lang/ref/Reference $assertionsDisabled Z 1
instanceKlass sun/util/locale/provider/LocaleResources$ResourceReference
instanceKlass sun/util/resources/Bundles$BundleReference
instanceKlass java/util/ResourceBundle$BundleReference
instanceKlass jdk/internal/util/SoftReferenceKey
instanceKlass java/lang/invoke/LambdaFormEditor$Transform
ciInstanceKlass java/lang/ref/SoftReference 1 1 50 10 7 12 1 1 1 9 7 12 1 1 1 9 12 1 10 12 1 10 12 1 1 1 1 1 1 1 1 1 1 1 1 1 1 1 1 1 1 1 1 1 1 100 1 1 1 1 1 1
instanceKlass java/lang/WeakPairMap$WeakRefPeer
instanceKlass java/util/ResourceBundle$KeyElementReference
instanceKlass java/util/logging/LogManager$LoggerWeakRef
instanceKlass java/util/logging/Level$KnownLevel
instanceKlass jdk/internal/util/WeakReferenceKey
instanceKlass java/lang/ThreadLocal$ThreadLocalMap$Entry
instanceKlass java/util/WeakHashMap$Entry
ciInstanceKlass java/lang/ref/WeakReference 1 1 34 10 7 12 1 1 1 10 12 1 100 1 1 1 1 1 1 1 1 1 1 1 1 1 1 1 1 1 1 1 1 1 1 1
instanceKlass java/lang/ref/Finalizer
ciInstanceKlass java/lang/ref/FinalReference 1 1 50 10 100 12 1 1 1 10 100 12 1 1 1 10 12 1 1 100 1 8 1 10 12 1 1 1 1 1 1 1 1 1 1 1 1 1 1 1 1 1 1 1 1 1 1 1 1 1 100 1
instanceKlass jdk/internal/ref/PhantomCleanable
instanceKlass jdk/internal/ref/Cleaner
ciInstanceKlass java/lang/ref/PhantomReference 1 1 47 10 7 12 1 1 1 10 12 1 1 10 7 12 1 1 1 1 1 1 1 1 1 1 1 1 1 1 1 1 1 1 1 1 1 1 1 1 1 1 1 1 1 1 1 1 1
ciInstanceKlass java/lang/ref/Finalizer 1 1 177 9 7 12 1 1 1 10 100 12 1 1 1 9 12 1 1 9 12 1 1 9 12 1 9 12 1 9 12 1 1 10 12 1 100 1 8 1 10 12 1 10 12 1 1 9 12 1 100 1 10 12 1 100 1 11 100 12 1 1 10 12 1 100 1 10 12 1 10 7 12 1 1 1 10 12 1 1 10 100 12 1 1 8 1 10 12 1 10 12 1 10 12 1 100 1 10 12 1 10 100 12 1 1 1 100 1 10 10 12 1 1 7 1 10 12 1 10 12 1 1 10 12 1 1 10 7 12 1 1 1 7 1 10 7 1 10 10 12 1 1 1 1 1 1 1 1 1 1 1 1 1 1 1 1 1 1 1 1 1 1 1 1 1 1 100 1 1 1 1 1 1 1 1 1 1 1
staticfield java/lang/ref/Finalizer lock Ljava/lang/Object; java/lang/Object
staticfield java/lang/ref/Finalizer ENABLED Z 1
staticfield java/lang/ref/Finalizer $assertionsDisabled Z 1
instanceKlass java/lang/reflect/Executable
instanceKlass java/lang/reflect/Field
ciInstanceKlass java/lang/reflect/AccessibleObject 1 1 374 10 7 12 1 1 1 10 100 12 1 1 1 10 7 12 1 1 1 10 12 1 1 9 12 1 1 7 1 10 7 12 1 1 1 11 12 1 100 1 10 12 1 7 1 100 1 10 12 1 1 10 12 1 1 10 12 1 1 10 12 1 1 10 12 1 1 7 1 10 7 12 1 1 1 10 12 1 1 11 10 7 12 1 1 1 10 12 1 1 10 12 1 10 12 1 10 12 1 1 10 12 1 8 1 7 1 7 1 10 10 12 1 1 8 1 10 12 1 10 12 1 8 1 8 1 8 1 8 1 8 1 8 1 8 1 8 1 8 1 7 1 10 12 1 10 12 1 9 7 12 1 1 1 10 12 1 1 10 12 1 10 100 1 100 1 8 1 10 8 1 10 12 1 8 1 10 12 1 10 12 1 1 10 100 1 8 1 10 11 7 12 1 1 1 10 12 1 1 10 12 1 1 10 12 1 1 9 12 1 1 100 1 10 12 1 7 1 10 12 1 10 12 1 1 10 100 1 10 12 1 10 12 10 12 1 10 12 1 10 12 1 1 10 12 1 9 12 1 10 7 12 1 1 8 1 10 12 1 1 8 1 10 100 12 1 1 1 9 12 1 100 1 10 7 1 10 10 7 12 1 1 1 10 7 12 1 1 1 9 12 1 1 1 1 1 1 1 1 1 1 1 1 1 1 1 1 1 1 1 1 1 1 1 1 1 1 1 1 1 1 1 1 1 1 1 1 1 1 1 1 1 1 1 1 1 1 1 1 1 1 1 1 1 1 1 1 1 1 1 1 1 1 1 1 1 1 1 1 1 1 1 1 1 1 1 1 1 1 1 1 1 1 1
staticfield java/lang/reflect/AccessibleObject reflectionFactory Ljdk/internal/reflect/ReflectionFactory; jdk/internal/reflect/ReflectionFactory
ciInstanceKlass java/lang/reflect/Method 1 1 468 9 7 12 1 1 1 10 100 12 1 1 1 10 100 12 1 1 9 12 1 1 9 12 1 1 10 12 1 1 10 12 1 1 10 12 1 1 10 100 12 1 1 10 7 12 1 1 1 9 12 1 1 9 12 1 9 12 1 1 9 12 1 9 12 1 9 12 1 1 9 12 1 9 12 1 1 9 12 1 9 12 1 100 1 8 1 10 12 1 10 12 1 9 12 1 1 10 7 12 1 1 1 10 12 1 1 10 12 1 1 10 12 1 10 12 1 1 9 100 12 1 1 1 10 12 1 1 10 12 10 7 12 1 1 10 12 1 1 10 12 1 10 12 1 10 12 1 10 100 12 1 1 1 10 12 1 1 9 12 1 10 7 1 10 7 12 1 1 1 10 7 12 1 1 10 12 1 1 10 12 1 1 10 12 1 10 7 12 1 1 1 10 12 1 10 8 1 10 12 1 10 12 1 7 1 8 1 8 1 8 1 10 12 1 10 12 1 1 10 12 1 1 10 10 12 1 1 10 12 1 11 100 1 10 12 1 9 12 1 1 10 12 1 1 10 12 1 10 12 1 1 10 12 1 1 11 7 12 1 1 1 11 12 1 9 12 1 1 10 12 1 10 12 1 10 12 1 10 12 1 10 12 1 10 12 1 9 12 1 1 10 7 12 1 1 1 10 7 12 1 1 10 12 1 1 10 7 12 1 1 1 10 7 12 1 1 1 10 7 12 1 1 1 11 7 12 1 1 1 10 7 12 1 1 1 7 1 100 1 100 1 10 12 1 10 12 1 1 10 12 1 100 1 8 1 10 12 1 10 10 12 1 1 10 12 1 1 10 12 1 1 10 12 1 1 8 1 10 12 1 1 1 1 1 1 1 1 1 1 1 1 1 1 1 1 1 1 1 1 1 1 1 1 1 1 1 1 1 1 1 1 1 1 1 1 1 1 1 1 1 1 1 1 1 1 1 1 1 1 1 1 1 100 1 100 1 100 1 1 1 1 1 1 1 1 1 1 1 1 1 1 1 1 1 1 1 1 1 1 1 1 1 1 1 1 1 1
ciInstanceKlass java/lang/reflect/Member 1 1 37 100 1 10 12 1 1 100 1 100 1 1 1 1 3 1 3 1 1 1 1 1 1 1 1 1 1 1 1 1 1 1 1 1 1 1 1
instanceKlass java/lang/reflect/Constructor
instanceKlass java/lang/reflect/Method
ciInstanceKlass java/lang/reflect/Executable 1 1 587 10 7 12 1 1 1 10 7 12 1 1 1 10 7 12 1 1 1 11 7 12 1 1 1 10 7 12 1 1 1 10 12 1 1 10 7 12 1 1 1 10 100 12 1 1 1 10 12 1 8 1 10 10 12 1 1 10 12 1 1 10 100 12 1 1 1 18 12 1 1 11 100 12 1 1 1 8 1 8 1 8 1 10 100 12 1 1 1 11 12 1 1 100 1 8 1 8 1 10 12 1 100 1 8 1 10 12 1 8 1 11 100 12 1 1 1 100 1 11 100 12 1 1 1 11 12 1 8 1 18 8 1 10 12 1 10 12 1 1 18 8 1 10 12 1 100 1 10 12 1 10 12 1 11 12 1 10 12 1 1 8 1 8 1 10 12 1 1 10 12 1 1 10 10 12 1 9 12 1 1 9 100 12 1 1 1 10 100 12 1 1 1 10 12 1 10 12 1 1 10 100 12 1 1 10 12 1 10 12 1 10 12 1 10 7 12 1 1 100 1 10 100 12 1 1 1 10 12 1 1 10 100 12 1 1 10 12 1 10 12 1 1 9 100 12 1 1 1 10 100 10 12 1 8 1 10 12 1 10 12 1 3 100 1 8 1 10 12 1 10 12 1 10 10 12 1 10 12 1 1 8 1 8 1 8 1 9 12 1 1 9 12 1 10 12 1 100 1 8 1 10 12 1 10 12 1 10 12 1 1 10 12 1 1 10 12 1 10 12 10 12 1 100 1 10 12 1 10 12 1 1 100 1 10 100 12 1 1 1 100 1 10 7 12 1 1 1 10 12 1 1 11 7 12 1 1 10 12 1 10 100 12 1 1 1 10 12 1 1 9 12 1 10 12 1 1 10 12 1 10 12 1 1 9 100 12 1 1 1 10 100 12 1 1 1 10 12 1 10 12 1 1 9 12 1 10 10 10 10 100 12 1 1 1 10 12 1 9 12 1 10 12 1 1 9 12 1 100 1 100 1 1 1 1 1 1 1 1 1 1 1 1 1 1 1 1 1 1 1 1 1 1 1 1 1 1 1 1 1 1 1 1 1 1 1 1 100 1 1 1 1 1 1 1 1 1 1 1 1 1 1 1 1 1 1 1 100 1 1 1 1 1 1 1 1 1 1 1 1 1 1 1 1 1 1 1 1 1 1 1 1 1 1 1 1 1 1 1 1 1 1 1 1 1 1 1 1 1 1 1 100 1 1 1 1 1 1 1 1 1 1 1 1 1 1 1 1 1 1 1 1 1 1 100 1 1 16 15 16 1 16 1 15 10 12 16 15 10 100 12 1 1 1 1 100 1 1 1 100 1 1 100 1 100 1 1
ciInstanceKlass java/lang/reflect/Constructor 1 1 437 10 100 12 1 1 1 10 100 12 1 1 9 7 12 1 1 1 9 12 1 1 10 12 1 1 10 12 1 1 10 12 1 1 10 100 12 1 1 10 7 12 1 1 1 9 12 1 1 9 12 1 1 9 12 1 9 12 1 1 9 12 1 9 12 1 1 9 12 1 1 9 12 1 100 1 8 1 10 12 1 10 12 1 9 12 1 1 10 7 12 1 1 1 10 12 1 1 10 12 1 1 10 12 1 7 1 100 1 8 1 10 10 12 1 10 12 1 10 12 1 1 9 100 12 1 1 1 10 7 12 1 1 10 12 1 1 10 12 1 10 12 1 1 10 100 12 1 1 1 10 100 12 1 1 10 12 1 1 10 12 1 10 100 12 1 1 1 8 1 10 10 12 1 100 1 8 1 10 12 1 10 12 1 1 10 12 1 1 10 12 1 10 12 1 10 12 1 1 10 12 1 1 9 12 1 1 10 12 1 1 10 12 1 1 10 12 1 1 11 7 12 1 1 1 10 12 1 1 10 12 1 10 12 1 10 12 1 8 1 9 12 1 1 10 7 12 1 1 1 10 7 12 1 1 10 12 1 1 10 12 1 1 10 12 1 1 10 12 1 1 10 12 1 9 100 12 1 1 10 12 1 10 12 1 10 12 1 100 1 8 1 10 10 12 1 1 10 12 1 10 10 12 1 1 10 12 1 1 10 100 12 1 1 1 11 100 12 1 1 1 10 12 1 1 9 100 12 1 1 1 10 100 12 1 1 1 10 12 1 1 1 1 1 1 1 1 1 1 1 1 1 1 1 1 1 1 1 1 1 1 1 1 1 1 1 1 1 1 1 1 1 1 1 1 1 1 1 1 1 1 1 1 1 1 1 1 1 1 1 1 1 1 1 1 100 1 100 1 100 1 100 1 1 1 1 1 1 1 1 1 1 1 1 1 1 1 1 1 1 1 1 1 1 1 1 1 1 1 1 1 1 1 1 100 1 1
ciInstanceKlass java/lang/reflect/Field 1 1 454 9 7 12 1 1 1 10 12 1 1 10 100 12 1 1 1 10 100 12 1 1 9 12 1 1 9 12 1 1 10 12 1 1 10 12 1 1 10 12 1 1 10 100 12 1 1 10 7 12 1 1 1 9 12 1 1 9 12 1 9 12 1 9 12 1 1 9 12 1 1 9 12 1 9 12 1 1 100 1 8 1 10 12 1 10 12 1 9 12 1 1 9 12 1 10 7 12 1 1 10 12 1 1 10 12 1 1 10 12 1 9 12 1 1 10 12 1 1 9 100 12 1 1 1 10 7 12 1 1 1 7 1 10 12 1 1 10 12 1 1 10 12 1 10 12 1 10 7 1 10 100 12 1 1 7 1 10 8 1 10 12 1 1 10 12 1 1 8 1 10 12 10 12 1 8 1 8 1 10 11 100 1 9 12 1 10 12 1 1 10 12 1 1 11 7 12 1 1 1 10 12 1 11 12 1 1 11 12 1 1 11 12 1 1 11 12 1 1 11 12 1 1 11 12 1 1 11 12 1 1 11 12 1 1 11 12 1 1 11 12 1 1 11 12 1 1 11 12 1 1 11 12 1 1 11 12 1 1 11 12 1 1 11 12 1 1 11 12 1 1 10 12 1 10 100 12 1 1 10 12 1 10 12 1 10 12 1 10 12 1 1 10 12 1 1 10 12 1 10 7 12 1 1 10 12 1 1 11 7 1 10 12 1 100 1 10 100 12 1 1 1 10 7 12 1 1 1 9 12 1 10 7 12 1 1 1 11 7 12 1 1 1 10 12 1 1 10 12 1 1 9 100 12 1 1 10 100 12 1 1 1 10 12 1 1 100 1 1 1 1 1 1 1 1 1 1 1 1 1 1 1 1 1 1 1 1 1 1 1 1 1 1 1 1 1 1 1 1 1 1 1 1 1 1 1 100 1 1 1 1 1 1 1 1 1 1 1 1 1 1 1 1 1 1 1 1 1 1 1 1 1 1 1 1 1 1 1 1 100 1 1 1 1 1 1 1 1 100 1 1 100 1 1
ciInstanceKlass java/lang/reflect/Parameter 0 0 256 10 100 12 1 1 1 9 100 12 1 1 1 9 12 1 1 9 12 1 1 9 12 1 10 12 1 1 10 12 1 1 10 100 12 1 1 1 100 1 10 10 12 1 1 11 100 12 1 1 1 10 12 1 10 100 12 1 1 1 10 12 1 1 10 12 1 10 12 1 8 1 8 1 10 100 12 1 1 1 10 12 1 10 12 9 100 12 1 1 1 9 100 12 1 1 1 10 12 1 1 10 12 1 1 10 100 12 1 1 1 10 12 1 8 1 10 12 1 9 12 1 1 10 12 1 1 9 12 1 1 10 12 1 1 10 12 1 1 10 12 1 1 10 12 1 10 10 12 1 10 100 12 1 1 1 10 12 1 1 11 100 12 1 1 10 100 12 1 1 100 1 10 100 12 1 1 1 10 12 1 1 10 12 1 1 10 12 1 1 10 12 1 1 9 12 1 100 1 10 11 12 1 11 12 1 1 100 1 1 1 1 1 1 1 1 1 1 1 1 1 1 1 1 1 1 1 1 1 1 1 1 1 1 1 1 1 1 1 1 1 1 1 1 1 1 1 100 1 1 1 1 1 100 1 1
ciInstanceKlass java/lang/reflect/RecordComponent 0 0 196 10 100 12 1 1 1 9 100 12 1 1 1 9 12 1 1 9 12 1 10 12 1 1 10 12 1 1 10 100 12 1 1 1 10 12 1 1 9 12 1 1 10 12 1 1 10 12 1 1 10 12 1 10 100 12 1 1 10 100 12 1 1 9 12 1 1 10 100 12 1 1 1 11 100 12 1 1 1 10 9 100 12 1 1 1 10 100 12 1 1 1 9 12 1 1 10 100 12 1 1 1 10 12 1 1 11 100 12 1 1 10 100 12 1 1 100 1 9 12 1 9 12 1 1 9 12 1 10 100 12 1 1 1 10 12 1 1 10 12 1 1 100 1 10 10 12 1 10 12 1 1 8 1 10 12 1 10 12 1 9 12 1 100 1 1 1 1 1 1 1 1 1 1 1 1 1 1 1 1 1 1 1 1 1 1 100 1 1 1 1 1 1 100 1 1
ciInstanceKlass java/lang/StringBuffer 1 1 487 10 7 12 1 1 1 10 12 1 10 12 1 10 12 1 1 9 7 12 1 1 1 10 12 1 1 10 12 1 10 12 1 1 9 12 1 1 10 12 1 10 12 1 1 10 12 1 1 10 12 1 10 12 1 1 10 12 1 10 12 1 1 10 12 1 1 10 7 12 1 1 1 10 12 1 1 10 12 1 10 12 1 10 12 1 10 12 1 10 12 1 10 12 1 10 12 1 10 12 1 10 12 1 10 12 1 10 12 1 10 12 1 10 12 1 10 12 1 1 10 12 1 10 12 1 1 10 12 1 1 10 10 12 1 1 10 12 1 10 12 1 10 12 1 10 12 1 10 12 1 10 12 1 10 12 10 12 1 10 12 1 10 12 1 10 12 1 1 10 12 1 10 12 1 10 10 12 1 1 10 12 1 10 12 1 10 12 1 8 1 10 12 1 10 10 100 12 1 1 1 10 10 12 1 1 9 12 1 1 10 100 12 1 1 10 100 1 8 10 100 12 1 1 1 8 10 12 1 8 1 10 12 1 10 12 1 10 100 12 1 1 1 10 100 12 1 1 1 7 1 10 12 100 1 8 1 10 10 12 1 1 10 12 1 1 10 12 1 10 12 1 10 12 1 1 10 12 1 10 12 1 10 12 1 10 12 1 10 12 1 10 12 10 12 1 10 12 1 10 12 1 10 12 1 10 12 1 10 12 1 10 12 1 10 12 1 10 12 1 10 12 1 10 12 10 12 10 12 1 10 12 1 10 12 1 10 12 10 12 1 10 12 1 10 12 1 10 12 1 10 12 1 10 12 1 10 12 1 10 12 1 10 12 1 10 12 1 10 12 1 7 1 10 12 1 9 7 12 1 1 1 9 7 1 9 12 1 1 100 1 100 1 100 1 100 1 1 1 1 5 0 1 1 1 1 1 1 1 1 1 1 1 1 1 1 1 1 1 1 1 1 1 1 1 1 1 1 1 1 1 1 1 1 1 1 1 1 1 1 1 1 1 1 1 1 1 1 1 1 1 1 1 1 1 1 1 1 1 1 1 1 100 1 1 1 1 1 100 1 1 1 1 1 1 1 1 1 1 1 1 1 1 1 1 1 1
staticfield java/lang/StringBuffer serialPersistentFields [Ljava/io/ObjectStreamField; 3 [Ljava/io/ObjectStreamField;
instanceKlass java/lang/StringBuilder
instanceKlass java/lang/StringBuffer
ciInstanceKlass java/lang/AbstractStringBuilder 1 1 662 7 1 10 7 12 1 1 1 9 7 12 1 1 1 9 12 1 9 12 1 1 9 12 1 1 10 7 12 1 1 1 10 12 1 1 100 1 3 3 10 12 1 10 12 1 1 10 12 1 1 11 7 1 100 1 100 1 10 8 1 10 12 1 10 12 1 10 12 1 1 10 12 1 10 12 1 9 12 1 10 12 1 9 12 1 1 10 7 12 1 1 1 10 10 12 1 10 12 1 10 12 1 1 9 12 1 100 1 8 1 10 12 1 10 12 1 1 8 1 10 7 12 1 1 1 10 12 1 1 8 1 10 7 12 1 1 1 100 1 8 1 10 100 1 10 12 1 10 12 1 1 10 7 12 1 1 1 10 12 1 1 10 12 1 1 10 12 1 1 10 12 1 1 10 7 12 1 1 1 10 12 1 100 1 10 10 100 12 1 1 1 9 12 1 1 9 12 1 10 12 1 1 10 10 12 1 1 10 12 1 1 10 12 1 1 10 12 1 1 10 12 1 1 10 12 1 1 10 12 1 1 10 12 1 10 10 10 12 1 10 12 1 1 10 8 1 10 12 1 1 10 12 1 10 12 1 10 12 1 10 10 7 12 1 1 1 10 12 1 1 10 12 1 10 12 1 10 12 1 10 12 100 1 9 12 1 1 9 12 1 10 12 1 1 100 1 9 12 1 9 12 10 12 1 10 12 1 1 10 12 1 1 10 12 1 10 12 1 1 10 12 1 10 12 1 1 10 12 1 1 10 10 7 12 1 1 1 10 12 1 10 12 1 10 12 1 1 10 12 1 10 12 1 1 10 12 1 10 12 1 10 12 1 10 12 1 10 12 1 10 12 1 10 12 1 10 12 1 1 10 12 1 10 12 1 10 12 10 12 1 1 18 12 1 1 100 1 10 100 12 1 1 1 18 10 12 1 1 10 12 1 1 10 12 1 10 12 1 10 12 1 1 10 12 1 10 12 1 1 11 12 1 1 10 12 1 10 12 1 1 10 12 1 10 12 1 10 12 1 10 5 0 10 100 1 8 1 10 10 12 1 1 10 100 12 1 1 1 10 12 1 10 12 1 1 100 1 10 12 100 1 10 100 1 10 10 7 12 1 1 100 1 1 1 1 1 1 1 1 1 1 1 100 1 1 1 1 1 1 1 1 1 1 1 1 1 1 1 1 1 1 1 1 1 1 1 1 1 1 1 1 1 1 1 1 1 1 1 1 1 1 1 1 1 1 1 1 1 1 1 1 1 1 1 1 100 1 1 1 1 1 1 1 1 1 1 1 1 1 1 1 1 1 1 1 1 1 1 1 1 1 1 1 1 1 1 1 1 1 1 1 1 1 1 1 1 1 1 1 1 1 1 1 1 1 1 1 1 1 1 1 1 1 1 1 1 1 1 1 100 1 1 1 1 1 1 100 1 1 1 1 1 1 100 1 1 16 1 15 10 12 16 15 10 12 15 10 100 12 1 1 1 1 1 1 1 100 1 100 1 1
staticfield java/lang/AbstractStringBuilder EMPTYVALUE [B 0
staticfield java/lang/AbstractStringBuilder $assertionsDisabled Z 1
ciMethod java/lang/AbstractStringBuilder length ()I 258 0 129 0 0
ciMethod java/lang/AbstractStringBuilder append (Ljava/lang/String;)Ljava/lang/AbstractStringBuilder; 290 0 6350 0 1974
ciMethod java/lang/AbstractStringBuilder append (C)Ljava/lang/AbstractStringBuilder; 644 0 6486 0 488
ciMethod java/lang/CharSequence isEmpty ()Z 508 0 311441 0 112
ciMethod java/lang/AbstractStringBuilder <init> (I)V 166 0 6304 0 352
ciMethod java/lang/AbstractStringBuilder isLatin1 ()Z 460 0 5214 0 0
ciMethod java/lang/AbstractStringBuilder isLatin1 (B)Z 672 0 64547 0 96
ciMethod java/lang/AbstractStringBuilder getValue ()[B 256 0 128 0 0
ciMethod java/lang/AbstractStringBuilder newCapacity ([BBI)I 528 0 1977 0 0
ciMethod java/lang/AbstractStringBuilder needsNewBuffer ([BBIB)Z 668 0 5955 0 176
ciMethod java/lang/AbstractStringBuilder ensureCapacityNewCoder ([BBIIB)[B 18 0 1940 0 0
ciMethod java/lang/AbstractStringBuilder appendNull ()Ljava/lang/AbstractStringBuilder; 0 0 1 0 -1
ciInstanceKlass java/lang/StringBuilder 1 1 425 10 7 12 1 1 1 10 12 1 10 12 1 10 12 1 1 10 7 12 1 1 1 10 7 12 1 1 1 10 12 1 10 12 1 10 12 1 10 12 1 10 12 1 10 12 1 10 12 1 10 12 1 10 12 1 10 12 1 10 12 1 10 12 1 10 12 1 10 12 1 1 10 12 1 10 12 1 1 10 12 1 1 10 12 1 10 12 1 10 12 1 10 12 1 10 12 1 10 12 1 10 12 1 10 12 10 12 1 10 12 1 10 12 1 10 12 1 1 10 12 1 10 12 1 10 12 10 12 1 1 10 12 1 10 12 1 10 12 1 1 8 1 10 12 1 10 100 12 1 1 1 9 12 1 1 10 12 1 10 12 1 10 12 1 1 9 12 1 1 10 100 12 1 1 1 10 100 1 10 12 1 1 10 100 12 1 1 10 12 1 10 12 1 1 100 1 100 1 8 1 10 10 12 1 1 10 12 1 10 12 1 10 12 1 1 10 12 1 10 12 1 10 12 1 10 12 1 10 12 1 10 12 10 12 1 10 12 1 10 12 1 10 12 1 10 12 1 10 12 1 10 12 1 10 12 1 10 12 1 1 10 12 1 1 10 12 1 10 12 1 10 12 1 10 12 10 12 10 12 1 10 12 1 10 12 1 10 12 10 12 1 10 12 1 10 12 1 10 12 1 10 12 1 10 12 1 10 12 1 10 12 1 10 12 1 1 10 12 1 10 12 1 1 10 12 1 10 12 1 1 10 12 1 10 12 1 1 10 12 1 10 12 1 10 12 1 10 10 10 12 1 100 1 100 1 100 1 100 1 1 1 1 5 0 1 1 1 1 1 1 1 1 1 1 1 1 1 1 1 1 1 1 1 1 1 1 1 1 1 1 1 1 1 1 1 1 1 1 1 1 1 1 1 1 1 1 1 1 100 1 1 1 100 1 1 1 1 1 1 1 1 1 1 1
ciMethod java/lang/StringBuilder toString ()Ljava/lang/String; 164 0 53000 0 1182
ciMethod java/lang/StringBuilder length ()I 330 0 1724482 0 80
ciMethod java/lang/StringBuilder <init> (I)V 204 0 31277 0 352
ciMethod java/lang/StringBuilder append (Ljava/lang/CharSequence;II)Ljava/lang/StringBuilder; 0 0 20810 0 -1
ciMethod java/lang/StringBuilder append (Ljava/lang/String;)Ljava/lang/StringBuilder; 290 0 2847219 0 1974
ciMethod java/lang/StringBuilder append (C)Ljava/lang/StringBuilder; 644 0 6296706 0 488
ciInstanceKlass java/security/CodeSource 1 1 396 10 7 12 1 1 1 9 7 12 1 1 1 9 12 1 1 9 12 1 1 9 12 1 1 10 7 12 1 1 1 9 12 1 1 10 100 12 1 1 10 100 10 100 12 1 1 1 10 12 1 1 10 12 1 1 100 1 10 10 100 12 1 1 1 10 100 12 1 1 1 10 12 1 1 100 1 10 12 1 1 10 12 1 1 10 12 1 1 10 12 1 10 10 100 1 10 12 1 1 10 100 12 1 1 1 10 12 1 1 10 12 1 10 12 1 8 1 10 12 1 10 12 1 10 12 1 1 10 12 1 8 1 10 12 1 1 10 100 1 10 10 12 1 1 8 1 10 12 1 10 12 1 10 12 1 8 1 8 1 9 12 1 1 100 1 8 1 10 12 1 10 12 1 1 8 1 10 12 1 8 1 8 1 8 1 10 100 12 1 1 10 12 1 1 10 12 1 10 12 1 1 10 12 1 1 10 12 1 1 100 1 100 1 10 12 1 10 12 10 12 1 1 10 100 12 1 1 10 12 1 100 1 10 12 10 100 12 1 1 1 10 8 1 10 12 1 10 12 1 1 100 1 10 12 1 1 100 1 100 1 8 1 8 1 10 10 12 1 1 10 100 12 1 1 1 100 1 10 12 10 12 1 1 11 100 12 1 1 10 10 12 1 11 10 12 1 8 1 100 1 10 12 1 10 12 1 1 10 12 1 11 12 1 1 100 1 1 1 1 5 0 1 1 1 1 1 1 1 1 1 1 1 1 1 1 1 1 1 1 1 1 1 1 1 1 1 1 1 1 1 1 1 1 1 1 1 1 1 1 1 1 1 1 1 1 1 1 1 1 1 1 1 1 1 1 1 1 1 1 1 1 1 1 1 1 1 1 100 1 1 1 1 1 1 1
ciInstanceKlass java/security/ProtectionDomain 1 1 141 10 7 12 1 1 1 9 7 12 1 1 1 9 12 1 1 9 12 1 1 10 7 12 1 1 7 1 9 12 1 9 12 1 1 7 1 9 12 1 1 9 12 1 10 100 12 1 1 10 100 12 1 1 1 10 12 1 1 10 12 1 8 1 100 1 8 1 10 12 1 10 11 12 1 1 10 100 12 1 1 1 10 12 1 1 8 1 11 8 1 10 12 1 8 1 8 1 8 1 10 12 1 8 1 8 1 1 1 1 1 1 1 1 100 1 1 100 1 1 1 1 1 1 1 1 1 1 1 1 1 1 1 1 1 1 1 100 1 1 1
instanceKlass jdk/internal/loader/BuiltinClassLoader
ciInstanceKlass java/security/SecureClassLoader 1 1 99 10 7 12 1 1 1 7 1 10 12 1 9 7 12 1 1 1 10 12 1 10 12 1 10 12 1 1 10 12 1 1 10 12 1 7 1 10 7 1 10 12 1 7 1 10 12 1 11 7 12 1 1 1 7 1 11 12 1 10 12 1 1 1 1 1 1 1 1 1 1 1 1 1 1 1 1 1 1 1 1 1 1 1 1 1 1 1 1 1 1 1 1 1 1 1 1 1 1
ciInstanceKlass java/net/URL 1 1 736 10 7 12 1 1 1 10 12 1 10 7 12 1 1 9 12 1 1 9 12 1 10 12 1 1 9 12 1 1 10 7 12 1 1 1 8 1 10 12 1 1 100 1 10 10 12 1 1 8 1 10 12 1 1 9 12 1 100 1 8 1 10 12 1 10 12 1 8 1 9 12 1 10 12 1 1 9 12 1 10 12 1 10 12 1 9 12 1 9 12 1 8 1 9 12 1 10 12 1 1 8 1 9 12 1 1 10 12 1 1 10 7 12 1 1 1 8 1 10 12 1 7 1 10 12 1 10 12 1 10 12 1 10 12 1 1 10 12 1 1 8 1 10 12 1 1 10 12 1 8 1 9 12 1 8 1 10 12 1 10 7 12 1 1 1 100 1 10 12 1 10 12 1 1 10 7 12 1 1 1 100 1 8 1 10 10 12 1 8 1 10 12 1 1 10 12 1 10 12 1 10 12 1 10 12 1 10 12 1 10 12 1 8 1 10 12 1 8 1 10 10 100 1 10 10 12 1 8 1 10 7 12 1 1 1 10 12 1 9 12 1 1 10 12 1 10 100 12 1 1 1 100 1 10 12 1 10 12 1 10 12 1 10 12 1 10 12 1 10 12 10 10 12 1 8 1 100 1 10 100 12 1 1 1 10 12 1 1 10 12 1 10 12 1 1 8 1 9 100 12 1 1 1 10 100 12 1 1 1 10 12 1 10 12 1 10 100 12 1 1 1 10 12 1 1 10 12 1 9 12 1 1 9 12 1 1 100 1 8 1 10 9 12 1 1 10 7 12 1 1 8 1 10 100 12 1 1 8 1 10 12 1 1 10 12 1 8 1 8 1 10 7 12 1 1 1 100 1 10 100 12 1 1 1 10 12 1 10 12 1 9 100 12 1 1 1 10 100 12 1 1 10 12 1 1 10 12 1 8 1 100 1 10 100 12 1 1 1 10 12 1 1 11 100 12 1 1 11 12 1 10 12 1 10 12 1 8 9 100 12 1 1 1 10 12 1 1 10 12 1 10 12 1 1 10 100 12 1 1 11 7 1 10 12 1 10 12 1 9 12 1 10 12 1 1 10 100 12 1 1 10 100 12 1 1 1 8 10 100 12 1 1 100 1 10 8 8 10 12 1 8 8 8 100 1 10 12 1 9 12 1 1 10 12 1 10 12 1 1 10 12 1 10 12 10 12 1 1 10 12 1 1 10 10 10 12 1 10 12 1 10 12 1 10 12 1 10 12 1 10 10 12 1 100 1 8 1 10 10 10 12 1 1 10 12 1 10 12 1 1 8 1 7 1 10 10 7 1 10 12 1 9 7 12 1 1 1 9 12 1 1 7 1 10 10 7 12 1 1 1 100 1 1 1 1 1 5 0 1 1 1 1 1 1 1 1 1 1 1 1 1 1 1 1 1 1 1 1 1 1 1 1 1 1 1 1 1 1 1 1 1 1 1 1 1 1 1 1 1 1 1 1 1 1 100 1 1 1 1 1 1 1 1 1 1 1 1 1 1 1 1 1 1 1 1 1 1 1 1 1 1 1 1 1 1 1 1 1 1 1 1 100 1 1 1 1 1 1 1 1 1 1 1 1 1 1 1 1 1 1 1 1 1 1 1 100 1 1 1 1 1 1 1 1 1 1 1 1 1 1 1 1 1 1 1
staticfield java/net/URL defaultFactory Ljava/net/URLStreamHandlerFactory; java/net/URL$DefaultFactory
staticfield java/net/URL handlers Ljava/util/Hashtable; java/util/Hashtable
staticfield java/net/URL streamHandlerLock Ljava/lang/Object; java/lang/Object
staticfield java/net/URL serialPersistentFields [Ljava/io/ObjectStreamField; 7 [Ljava/io/ObjectStreamField;
ciInstanceKlass java/util/jar/Manifest 1 1 320 10 7 12 1 1 1 7 1 10 9 7 12 1 1 1 7 1 10 9 12 1 1 9 12 1 1 10 12 1 10 12 1 1 10 12 1 1 10 12 1 1 10 12 1 1 11 7 1 11 12 1 1 10 12 1 1 10 100 12 1 1 1 100 1 100 1 10 8 1 10 12 1 1 10 12 1 1 10 12 1 10 12 1 11 100 1 10 12 1 10 12 1 1 11 12 1 1 10 12 1 11 12 1 1 11 100 12 1 1 1 11 100 12 1 1 11 12 1 1 100 1 10 12 1 8 1 11 12 1 100 1 10 12 1 1 11 12 1 10 12 1 10 12 1 10 9 100 12 1 1 1 10 12 1 1 10 100 12 1 10 12 1 10 12 1 9 100 12 1 1 1 8 1 10 12 1 8 1 8 1 7 1 10 12 1 10 12 1 10 12 1 1 100 1 8 1 10 12 1 1 8 1 10 10 12 1 1 8 1 10 12 1 1 10 100 12 1 1 1 10 12 1 10 11 12 1 1 10 12 1 1 10 100 12 1 1 1 10 12 1 1 10 12 1 10 12 1 1 11 10 12 1 11 10 12 1 100 1 1 1 1 1 1 1 1 1 1 1 1 1 1 1 1 1 1 1 1 1 1 1 1 1 1 1 1 1 1 1 1 1 1 1 100 1 1 1 1 1 1 1 1 1 1 1 1 1 1 100 1 1 1 1 1 1 1 1 1 1 1
ciInstanceKlass java/io/ByteArrayInputStream 1 1 135 10 7 12 1 1 1 9 7 12 1 1 1 9 12 1 1 9 12 1 9 12 1 10 100 12 1 1 1 10 7 12 1 1 1 10 7 12 1 1 1 10 100 12 1 1 1 10 12 1 1 10 100 12 1 1 1 100 1 100 1 100 1 3 10 100 1 10 100 12 1 1 1 9 12 1 1 100 1 10 10 7 12 1 1 1 1 1 1 1 1 1 1 1 1 1 1 1 1 1 1 1 1 1 1 1 1 1 1 1 1 1 1 1 1 1 1 1 100 1 100 1 1 1 1 1 1 1 1 1 1 1 1 1 1
staticfield java/io/ByteArrayInputStream $assertionsDisabled Z 1
instanceKlass java/nio/CharBuffer
instanceKlass java/nio/IntBuffer
instanceKlass java/nio/LongBuffer
instanceKlass java/nio/ByteBuffer
ciInstanceKlass java/nio/Buffer 1 1 259 100 1 10 7 12 1 1 1 9 7 12 1 1 1 9 12 1 9 12 1 1 9 12 1 9 12 1 1 10 12 1 1 10 12 1 1 10 12 100 1 100 1 10 8 1 10 12 1 1 10 12 1 8 1 8 1 10 12 1 1 10 12 1 8 1 9 12 1 1 100 1 8 1 10 12 1 8 1 8 1 9 12 10 12 1 8 1 8 1 8 1 10 12 1 8 1 8 1 8 1 100 1 10 100 1 10 100 1 10 9 12 1 1 10 7 12 1 1 1 100 1 10 12 1 1 10 12 1 10 100 12 1 1 10 7 12 1 1 1 10 7 12 1 1 1 9 12 1 1 10 7 12 1 1 1 9 12 1 1 7 1 10 10 12 1 1 7 1 10 10 7 12 1 1 1 1 1 3 1 1 1 1 1 1 1 1 1 1 1 1 1 1 100 1 1 1 1 1 1 1 100 1 1 1 1 1 1 1 1 1 1 1 1 1 1 1 1 1 1 1 1 1 1 1 1 1 1 1 1 1 1 1 1 1 1 1 1 1 1 1 1 1 1 100 1 100 1 100 1 100 1 100 1 100 1 100 1 1
staticfield java/nio/Buffer UNSAFE Ljdk/internal/misc/Unsafe; jdk/internal/misc/Unsafe
staticfield java/nio/Buffer SCOPED_MEMORY_ACCESS Ljdk/internal/misc/ScopedMemoryAccess; jdk/internal/misc/ScopedMemoryAccess
staticfield java/nio/Buffer IOOBE_FORMATTER Ljava/util/function/BiFunction; jdk/internal/util/Preconditions$4
staticfield java/nio/Buffer $assertionsDisabled Z 1
ciInstanceKlass java/lang/AssertionStatusDirectives 0 0 24 10 100 12 1 1 1 100 1 1 1 1 1 1 1 1 1 1 1 1 1 1 1 1
instanceKlass BuilderBenchmark$Sample
instanceKlass com/landawn/abacus/query/AbstractQueryBuilder$TopLevelAlias
instanceKlass com/landawn/abacus/query/QueryUtil$ColumnInfo
instanceKlass jdk/internal/classfile/impl/StackCounter$Target
instanceKlass jdk/internal/classfile/impl/StackMapDecoder$StackMapFrameImpl
instanceKlass jdk/internal/classfile/impl/StackMapDecoder$ObjectVerificationTypeInfoImpl
instanceKlass java/lang/reflect/Proxy$ProxyBuilder$ProxyClassContext
instanceKlass com/landawn/abacus/util/Beans$PropScan
instanceKlass com/landawn/abacus/query/AbstractQueryBuilder$SP
instanceKlass com/landawn/abacus/query/SqlDialect$ProductInfo
instanceKlass BuilderBenchmark$Case
instanceKlass java/lang/ClassValue$Version
instanceKlass sun/util/locale/LanguageTag
instanceKlass java/util/Formatter$FixedString
instanceKlass java/lang/invoke/StringConcatFactory$InlineHiddenClassStrategy$MethodHandlePair
instanceKlass java/util/stream/Collectors$CollectorImpl
instanceKlass java/lang/invoke/MethodHandles$Lookup$ClassDefiner
instanceKlass jdk/internal/classfile/impl/ClassHierarchyImpl$ClassHierarchyInfoImpl
instanceKlass java/lang/classfile/ClassHierarchyResolver$1Factory
instanceKlass jdk/internal/classfile/impl/RawBytecodeHelper$CodeRange
instanceKlass jdk/internal/classfile/impl/StackMapGenerator$Type
instanceKlass jdk/internal/classfile/impl/Util$1WithCodeMethodHandler
instanceKlass jdk/internal/classfile/impl/DirectCodeBuilder$DeferredLabel
instanceKlass java/lang/invoke/InvokerBytecodeGenerator$ClassData
instanceKlass jdk/internal/classfile/impl/AnnotationImpl
instanceKlass java/util/zip/ZipFile$EntryPos
instanceKlass sun/nio/fs/WindowsPathParser$Result
instanceKlass java/security/SecureClassLoader$CodeSourceKey
instanceKlass jdk/internal/reflect/ReflectionFactory$Config
instanceKlass jdk/internal/foreign/abi/UpcallLinker$CallRegs
instanceKlass jdk/internal/foreign/abi/VMStorage
ciInstanceKlass java/lang/Record 1 1 22 10 7 12 1 1 1 100 1 1 1 1 1 1 1 1 1 1 1 1 1 1
ciInstanceKlass java/util/concurrent/ConcurrentHashMap 1 1 1219 100 1 7 1 10 7 12 1 1 1 10 12 1 1 9 12 1 1 3 10 7 12 1 1 1 3 100 1 10 7 12 1 1 1 100 1 10 100 12 1 1 1 100 1 11 12 1 1 11 12 1 11 12 1 1 9 12 1 1 9 12 1 9 12 1 1 10 7 12 1 1 1 7 1 10 12 1 1 10 12 1 1 10 7 12 1 1 1 4 10 12 1 11 7 12 1 1 10 12 1 10 12 1 1 100 1 10 5 0 10 12 1 9 12 1 10 12 1 1 5 0 10 12 1 10 12 1 9 12 1 1 10 12 1 1 9 12 1 9 12 1 1 10 12 1 1 9 12 1 10 12 1 1 9 12 1 1 10 12 1 1 100 1 10 100 1 10 12 1 10 12 1 1 10 12 1 1 10 12 1 1 10 12 1 10 12 1 1 10 12 1 1 100 1 10 12 1 1 7 1 100 1 8 1 10 12 1 10 12 1 1 10 12 1 1 10 10 12 1 11 12 1 1 11 7 12 1 1 1 11 7 12 1 1 1 11 12 1 7 1 11 12 1 11 12 1 10 12 1 1 10 12 1 1 9 12 1 1 10 100 12 1 1 1 9 10 12 1 1 9 12 1 10 12 1 1 5 0 9 12 1 1 7 1 10 12 1 9 12 1 1 7 1 10 12 1 9 12 1 7 1 10 100 1 10 10 12 1 1 8 1 10 12 1 10 12 1 1 11 100 1 10 12 1 10 100 12 1 1 1 8 1 10 100 12 1 1 1 8 1 10 12 1 8 1 10 12 1 10 12 1 1 10 100 12 1 1 10 12 1 10 12 1 10 12 1 9 12 1 9 10 12 1 9 12 1 11 100 12 1 1 1 11 7 12 1 1 1 100 1 10 12 11 100 12 1 1 10 11 7 12 1 10 12 1 100 1 10 12 1 100 1 10 10 9 7 12 1 1 1 3 10 100 12 1 1 9 12 1 10 12 1 1 9 12 1 1 9 12 1 10 12 1 1 10 100 12 1 1 9 12 1 9 7 12 1 1 10 12 1 1 10 12 1 3 9 12 1 9 12 1 10 12 1 1 7 1 9 3 100 1 10 12 1 9 12 1 10 12 1 9 12 1 10 12 1 9 12 1 10 100 12 1 1 1 100 10 12 1 100 1 5 0 10 100 12 1 1 100 1 10 12 1 1 10 12 1 10 12 1 100 1 10 12 1 10 100 1 100 1 10 10 12 1 10 100 1 10 12 1 10 100 1 10 12 1 10 100 1 10 12 1 1 100 1 10 12 1 10 10 12 1 100 1 10 12 1 10 10 12 1 100 1 10 12 1 10 100 1 10 12 1 10 100 1 10 12 1 10 100 1 10 12 1 10 100 1 10 12 1 10 100 1 10 12 1 10 100 1 10 12 1 10 100 1 10 12 1 10 100 1 10 10 100 1 10 10 100 1 10 10 100 1 10 12 1 10 100 1 10 12 1 10 100 1 10 12 1 10 100 1 10 12 1 10 100 1 10 12 1 10 100 1 10 10 100 1 10 10 100 1 10 10 100 1 10 12 1 10 100 1 10 12 1 10 100 1 10 12 1 10 100 1 10 12 1 10 100 1 10 12 1 10 10 12 1 10 12 1 7 1 7 1 10 12 1 9 12 1 1 9 12 1 1 10 12 1 1 8 10 12 1 1 8 8 8 8 7 10 12 1 1 10 12 1 1 100 1 8 1 10 7 1 100 1 100 1 1 1 5 0 1 1 3 1 3 1 1 1 1 3 1 3 1 3 1 1 1 1 1 3 1 3 1 3 1 1 1 1 1 1 1 1 1 1 1 1 1 1 1 1 1 1 1 1 1 1 1 1 1 1 1 100 1 1 1 1 1 1 1 1 1 1 1 1 1 1 1 1 1 1 1 1 1 1 1 1 1 1 1 1 1 1 1 1 1 1 1 1 1 1 1 1 1 1 1 1 1 1 1 1 1 1 1 1 1 1 1 1 1 1 1 1 1 1 1 1 1 1 1 1 1 1 1 1 1 1 1 1 1 1 1 1 1 1 1 1 100 1 1 1 1 1 1 1 1 1 1 1 100 1 1 1 1 1 1 1 1 1 1 1 1 1 1 1 1 1 1 1 1 1 1 1 1 1 1 1 1 1 1 1 1 1 1 1 1 1 1 1 1 1 1 1 1 1 1 1 1 1 1 1 1 1 1 1 1 1 1 1 1 1 1 1 1 1 1 1 1 1 1 1 1 1 1 1 1 1 1 1 1 1 1 1 1 1 1 1 1 1 1 1 1 1 1 1 1 1 1 1 1 1 1 1 1 1 1 1 1 1 1 1 1 1 1 1 1 1 1 1 1 1 1 1 1 1 1 1 1 1 1 1 1 1 1 1 1 1 1 1 1 1 1 1 1 1 1 1 1 1 1 1 1 1 1 1 1 1 1 1 1 1 1 1 1 1 1 1 1 1 1 1 1 1 1 1 1 1 1 1 1 1 1 1 1 1 1 1 1 1 1 1 1 1 1 1 1 1 1 1 1 1 1 1 1 1 1 1 1 1 1 1 1 1 1 1 1 1 1 1 1 1 1 1 100 1 100 1 100 1 100 1 100 1 100 1 100 1 100 1 100 1 1 1 1 1 1 1 1 1 1 1 1 1 1 1 1 1 1 1 1 1 1 1 1 1 1 1 1 1 1 1 1 1 1 1 1 1 1 1 1 1 1 1 1 1 1 1 1 1 1 1 1 1 1 1 1 1 1
staticfield java/util/concurrent/ConcurrentHashMap serialPersistentFields [Ljava/io/ObjectStreamField; 3 [Ljava/io/ObjectStreamField;
staticfield java/util/concurrent/ConcurrentHashMap U Ljdk/internal/misc/Unsafe; jdk/internal/misc/Unsafe
staticfield java/util/concurrent/ConcurrentHashMap SIZECTL J 44
staticfield java/util/concurrent/ConcurrentHashMap TRANSFERINDEX J 56
staticfield java/util/concurrent/ConcurrentHashMap BASECOUNT J 48
staticfield java/util/concurrent/ConcurrentHashMap CELLSBUSY J 60
staticfield java/util/concurrent/ConcurrentHashMap CELLVALUE J 144
staticfield java/util/concurrent/ConcurrentHashMap ABASE J 16
staticfield java/util/concurrent/ConcurrentHashMap ASHIFT I 2
instanceKlass java/util/concurrent/ConcurrentSkipListMap
instanceKlass com/landawn/abacus/util/AbstractImmutableMap
instanceKlass com/landawn/abacus/util/ConcurrentCacheMap
instanceKlass java/util/TreeMap
instanceKlass java/util/Collections$SingletonMap
instanceKlass java/util/EnumMap
instanceKlass java/util/IdentityHashMap
instanceKlass java/util/WeakHashMap
instanceKlass java/util/Collections$EmptyMap
instanceKlass sun/util/PreHashedMap
instanceKlass java/util/HashMap
instanceKlass java/util/ImmutableCollections$AbstractImmutableMap
instanceKlass java/util/concurrent/ConcurrentHashMap
ciInstanceKlass java/util/AbstractMap 1 1 198 10 7 12 1 1 1 10 7 12 1 1 1 11 100 12 1 1 1 10 11 12 1 1 11 100 12 1 1 1 11 12 1 1 100 1 11 12 1 10 12 1 1 11 12 1 100 1 10 11 12 1 11 100 1 10 12 1 1 11 12 1 9 12 1 1 100 1 10 12 1 9 12 1 1 100 1 10 11 11 12 1 1 11 12 1 100 1 100 1 11 12 1 8 1 100 1 10 10 12 1 1 8 1 10 12 1 10 12 1 1 10 12 1 1 1 1 1 1 1 1 1 1 1 1 1 1 1 1 1 1 1 1 1 1 1 1 1 1 1 1 1 1 1 1 1 1 1 1 1 1 1 1 100 1 1 1 1 1 1 1 100 1 1 1 1 1 1 1 1 1 100 1 1 1 1 1 1 1 1 1 100 1 100 1 100 1 100 1 100 1 1 1 1 1 1 1 1
ciInstanceKlass java/util/concurrent/ConcurrentMap 1 1 201 11 100 12 1 1 1 10 100 12 1 1 11 12 1 1 11 100 12 1 1 1 11 100 12 1 1 1 11 12 1 1 100 1 11 12 1 11 12 1 100 1 11 100 12 1 1 1 18 12 1 11 12 1 1 11 100 12 1 1 11 12 1 1 11 100 12 1 11 12 1 1 11 12 1 1 100 1 100 1 1 1 1 1 1 1 1 1 1 1 1 1 1 1 1 1 1 1 1 1 1 1 1 1 1 1 1 1 1 1 1 1 1 1 1 1 1 1 1 1 1 1 1 1 1 1 1 1 1 1 1 1 1 1 1 1 1 1 1 16 15 11 12 15 10 100 12 1 1 1 1 1 100 1 100 1 1 1 100 1 8 1 1 12 10 1 8 1 1 1 8 1 8 1 1 8 1 1 1 8 1 1 1 8 1 1 8 1 8 1 1 1 8 1 1 8 1 1 1 8 1
ciInstanceKlass java/util/Collection 1 1 115 11 100 12 1 1 1 100 1 11 7 12 1 1 1 10 100 12 1 1 1 11 12 1 1 11 100 12 1 1 1 11 12 1 1 11 100 12 1 1 1 11 12 1 1 10 100 12 1 1 1 11 12 1 10 7 12 1 1 1 100 1 100 1 1 1 1 1 1 1 1 1 1 1 1 1 1 1 1 1 1 1 1 1 1 1 1 1 1 1 1 1 1 1 1 1 1 1 1 1 1 1 1 1 1 1 1 1 1 1 1 1 1 1 1
instanceKlass jdk/internal/loader/ClassLoaders$BootClassLoader
instanceKlass jdk/internal/loader/ClassLoaders$PlatformClassLoader
instanceKlass jdk/internal/loader/ClassLoaders$AppClassLoader
ciInstanceKlass jdk/internal/loader/BuiltinClassLoader 1 1 652 9 7 12 1 1 1 10 7 12 1 1 1 10 7 12 1 1 1 9 12 1 1 9 12 1 1 7 1 10 12 1 9 12 1 10 12 1 9 12 1 10 7 12 1 1 1 10 7 12 1 1 1 10 100 12 1 1 1 11 7 12 1 1 1 100 1 100 1 10 10 12 1 1 8 1 10 12 1 10 12 7 1 10 12 1 10 12 1 1 11 100 12 1 1 1 11 7 12 1 1 1 11 12 1 1 7 1 8 1 8 1 10 9 12 1 1 10 7 12 1 1 11 12 1 1 10 12 1 1 10 12 1 1 10 12 1 1 11 7 12 1 1 1 10 7 12 1 1 100 1 10 100 12 1 1 1 10 7 12 1 1 1 10 12 1 10 12 1 100 1 8 1 10 12 1 1 10 8 1 10 12 1 1 10 12 1 1 10 12 1 1 11 7 12 1 1 11 12 1 7 1 10 11 12 1 1 11 10 12 1 1 7 1 10 12 1 10 7 12 1 10 12 1 11 12 1 1 11 7 1 11 12 1 100 1 10 12 1 1 100 1 100 1 11 12 1 1 10 12 1 10 12 10 12 1 10 7 12 1 1 1 7 1 10 10 12 1 1 10 12 1 1 10 12 1 1 10 12 1 9 12 1 1 100 1 10 10 12 1 1 10 12 1 1 10 12 1 10 12 10 12 1 1 10 12 1 1 10 12 1 1 10 12 1 10 12 1 1 10 12 1 1 10 12 1 10 12 1 1 10 12 1 7 1 10 12 10 7 12 1 1 1 10 12 1 11 12 1 7 1 10 12 1 7 1 100 1 10 12 1 10 12 1 11 12 1 1 10 12 1 1 10 12 1 1 10 12 1 1 10 12 1 1 10 12 1 10 12 1 10 12 1 10 12 1 8 1 10 12 1 1 10 7 12 1 1 10 12 1 100 1 8 1 8 1 10 10 12 1 8 1 8 1 10 7 12 1 1 1 11 7 12 1 1 1 9 7 12 1 1 1 10 7 12 1 1 1 9 12 1 9 12 1 9 12 1 9 12 1 9 12 1 9 12 1 10 7 12 1 1 1 8 1 10 12 1 7 1 10 11 12 1 1 10 12 10 12 1 10 12 1 100 1 10 12 1 10 12 1 11 11 12 1 10 7 12 1 1 10 7 12 1 1 8 1 10 7 12 1 1 10 12 1 1 1 1 1 1 1 1 1 1 1 1 1 1 1 1 1 1 1 1 1 1 1 1 1 1 1 1 1 1 1 1 1 1 1 1 1 1 1 1 1 1 1 1 1 1 1 1 1 1 1 1 1 1 1 100 1 1 1 1 1 1 1 1 1 1 1 1 1 100 1 100 1 1 1 1 1 1 1 1 1 1 1 1 1 1 1 1 1 1 1 1 1 1 1 1 1 1 1 1 1 1 1 1 1 1 1 1 1 1 1 1 1 1 1 1 1 1 1 100 1 1 1 100 1 1 1 1 1
staticfield jdk/internal/loader/BuiltinClassLoader packageToModule Ljava/util/Map; java/util/concurrent/ConcurrentHashMap
staticfield jdk/internal/loader/BuiltinClassLoader $assertionsDisabled Z 1
ciInstanceKlass jdk/internal/loader/ClassLoaders$AppClassLoader 1 1 57 8 1 10 7 12 1 1 1 10 100 12 1 1 1 10 12 1 1 10 7 12 1 1 1 100 1 10 12 1 1 1 1 1 1 1 1 1 1 1 1 1 1 1 1 1 1 1 1 1 1 1 1 100 1 1 1
ciInstanceKlass jdk/internal/loader/ClassLoaders$PlatformClassLoader 1 1 42 8 1 10 7 12 1 1 1 10 7 12 1 1 1 100 1 10 12 1 100 1 1 1 1 1 1 1 1 1 1 1 1 1 1 100 1 1 1 100 1 1
ciInstanceKlass java/lang/ArithmeticException 1 1 26 10 100 12 1 1 1 10 12 1 100 1 1 1 1 5 0 1 1 1 1 1 1 1 1 1
instanceKlass java/security/GeneralSecurityException
instanceKlass java/util/concurrent/ExecutionException
instanceKlass java/lang/CloneNotSupportedException
instanceKlass java/util/concurrent/TimeoutException
instanceKlass java/lang/InterruptedException
instanceKlass java/net/URISyntaxException
instanceKlass java/io/IOException
instanceKlass java/sql/SQLException
instanceKlass java/lang/ReflectiveOperationException
instanceKlass java/lang/RuntimeException
ciInstanceKlass java/lang/Exception 1 1 40 10 7 12 1 1 1 10 12 1 10 12 1 10 12 1 10 12 1 100 1 1 1 1 5 0 1 1 1 1 1 1 1 1 1 1 1 1 1 1
instanceKlass java/io/UncheckedIOException
instanceKlass com/landawn/abacus/exception/ParsingException
instanceKlass java/time/DateTimeException
instanceKlass java/lang/SecurityException
instanceKlass java/lang/NegativeArraySizeException
instanceKlass java/util/NoSuchElementException
instanceKlass java/lang/MatchException
instanceKlass java/lang/reflect/InaccessibleObjectException
instanceKlass java/lang/UnsupportedOperationException
instanceKlass java/lang/IllegalStateException
instanceKlass com/landawn/abacus/exception/UncheckedException
instanceKlass java/lang/IllegalArgumentException
instanceKlass java/lang/IndexOutOfBoundsException
instanceKlass java/lang/ArithmeticException
instanceKlass java/lang/NullPointerException
instanceKlass java/lang/IllegalCallerException
instanceKlass java/lang/IllegalMonitorStateException
instanceKlass java/lang/ArrayStoreException
instanceKlass java/lang/ClassCastException
ciInstanceKlass java/lang/RuntimeException 1 1 40 10 7 12 1 1 1 10 12 1 10 12 1 10 12 1 10 12 1 100 1 1 1 1 5 0 1 1 1 1 1 1 1 1 1 1 1 1 1 1
ciInstanceKlass java/lang/ArrayIndexOutOfBoundsException 1 1 45 10 100 12 1 1 1 10 12 1 100 1 10 8 1 10 12 1 1 10 12 1 10 12 1 1 100 1 1 1 1 5 0 1 1 1 1 1 1 1 1 1 1 1 1
ciInstanceKlass java/lang/ArrayStoreException 1 1 26 10 100 12 1 1 1 10 12 1 100 1 1 1 1 5 0 1 1 1 1 1 1 1 1 1
ciInstanceKlass java/lang/ClassCastException 1 1 26 10 100 12 1 1 1 10 12 1 100 1 1 1 1 5 0 1 1 1 1 1 1 1 1 1
ciInstanceKlass java/lang/ClassNotFoundException 1 1 96 7 1 10 7 12 1 1 1 10 12 1 10 12 1 1 10 100 12 1 1 1 8 1 10 100 12 1 1 1 10 7 12 1 1 10 100 12 1 1 1 10 100 12 1 1 1 10 12 1 1 7 1 10 12 1 9 12 1 1 1 1 1 5 0 1 1 1 1 1 1 1 1 1 1 1 1 1 1 1 1 1 1 100 1 1 1 1 1 1 1 1 1 1 1 1
staticfield java/lang/ClassNotFoundException serialPersistentFields [Ljava/io/ObjectStreamField; 1 [Ljava/io/ObjectStreamField;
instanceKlass java/lang/reflect/InvocationTargetException
instanceKlass java/lang/IllegalAccessException
instanceKlass java/lang/InstantiationException
instanceKlass java/lang/NoSuchFieldException
instanceKlass java/lang/NoSuchMethodException
instanceKlass java/lang/ClassNotFoundException
ciInstanceKlass java/lang/ReflectiveOperationException 1 1 34 10 7 12 1 1 1 10 12 1 10 12 1 10 12 1 100 1 1 1 1 5 0 1 1 1 1 1 1 1 1 1 1 1
instanceKlass java/nio/charset/IllegalCharsetNameException
instanceKlass java/lang/NumberFormatException
instanceKlass java/nio/file/InvalidPathException
ciInstanceKlass java/lang/IllegalArgumentException 1 1 35 10 7 12 1 1 1 10 12 1 10 12 1 10 12 1 100 1 1 1 1 5 0 1 1 1 1 1 1 1 1 1 1 1 1
ciInstanceKlass java/lang/IllegalCallerException 0 0 35 10 100 12 1 1 1 10 12 1 10 12 1 10 12 1 100 1 1 1 1 5 0 1 1 1 1 1 1 1 1 1 1 1 1
ciInstanceKlass java/lang/IllegalMonitorStateException 1 1 26 10 100 12 1 1 1 10 12 1 100 1 1 1 1 5 0 1 1 1 1 1 1 1 1 1
ciInstanceKlass java/lang/BootstrapMethodError 0 0 45 10 100 12 1 1 1 10 12 1 10 12 1 10 100 12 1 1 1 10 100 12 1 1 1 1 1 1 5 0 1 1 1 1 1 1 1 1 1 1 1 100 1 1 1
instanceKlass java/lang/ThreadDeath
instanceKlass java/lang/AssertionError
instanceKlass java/lang/VirtualMachineError
instanceKlass java/lang/LinkageError
ciInstanceKlass java/lang/Error 1 1 58 10 7 12 1 1 1 9 12 1 1 10 100 12 1 1 1 10 100 12 1 1 1 10 12 1 10 12 1 10 12 1 10 12 1 100 1 1 1 1 5 0 1 1 1 1 1 1 1 1 100 1 1 1 1 1 1 1
instanceKlass java/lang/IncompatibleClassChangeError
instanceKlass java/lang/BootstrapMethodError
instanceKlass java/lang/NoClassDefFoundError
ciInstanceKlass java/lang/LinkageError 1 1 31 10 7 12 1 1 1 10 12 1 10 12 1 100 1 1 1 1 5 0 1 1 1 1 1 1 1 1 1 1 1
ciInstanceKlass java/lang/NullPointerException 1 1 52 10 100 12 1 1 1 10 12 1 9 100 12 1 1 1 10 12 1 1 9 12 1 1 10 12 1 1 10 12 1 1 1 1 5 0 1 1 1 1 1 1 1 1 100 1 100 1 100 1 1 1
ciInstanceKlass java/lang/InternalError 1 1 34 10 100 12 1 1 1 10 12 1 10 12 1 10 12 1 100 1 1 1 1 5 0 1 1 1 1 1 1 1 1 1 1 1
instanceKlass java/lang/StackOverflowError
instanceKlass java/lang/OutOfMemoryError
instanceKlass java/lang/InternalError
ciInstanceKlass java/lang/VirtualMachineError 1 1 34 10 100 12 1 1 1 10 12 1 10 12 1 10 12 1 100 1 1 1 1 5 0 1 1 1 1 1 1 1 1 1 1 1
ciInstanceKlass java/lang/NoClassDefFoundError 1 1 26 10 7 12 1 1 1 10 12 1 100 1 1 1 1 5 0 1 1 1 1 1 1 1 1 1
ciInstanceKlass java/lang/OutOfMemoryError 1 1 26 10 100 12 1 1 1 10 12 1 100 1 1 1 1 5 0 1 1 1 1 1 1 1 1 1
ciInstanceKlass java/lang/StackOverflowError 1 1 26 10 100 12 1 1 1 10 12 1 100 1 1 1 1 5 0 1 1 1 1 1 1 1 1 1
ciInstanceKlass java/lang/StackTraceElement 1 1 235 10 7 12 1 1 1 10 7 12 1 1 9 12 1 1 9 12 1 1 9 12 1 9 12 1 8 1 10 100 12 1 1 1 100 1 9 12 1 8 1 9 12 1 9 12 1 9 12 1 1 10 12 1 1 10 12 1 8 1 10 100 12 1 1 1 100 1 10 12 1 10 12 1 1 10 12 1 10 12 1 1 10 12 1 10 12 1 10 10 12 1 8 1 10 12 1 10 12 1 1 10 12 1 1 10 12 1 10 12 1 10 12 1 9 12 1 1 10 7 12 1 1 1 10 12 1 1 7 1 10 12 1 1 10 7 12 1 1 10 7 12 1 1 1 10 7 12 1 1 10 100 12 1 1 10 10 12 1 1 10 12 1 1 10 12 1 1 10 12 1 100 1 1 1 1 1 1 1 3 1 3 1 1 5 0 1 1 1 1 1 1 1 1 1 1 1 1 1 1 1 1 1 1 1 1 1 1 1 1 1 1 1 1 1 100 1 100 1 1 1 1 1 1 1 100 1 1 1 1 1 1 1 1 1
instanceKlass java/util/concurrent/locks/AbstractQueuedSynchronizer
ciInstanceKlass java/util/concurrent/locks/AbstractOwnableSynchronizer 1 1 32 10 7 12 1 1 1 9 7 12 1 1 1 100 1 1 1 1 5 0 1 1 1 1 1 1 1 1 1 1 1 1
ciInstanceKlass jdk/internal/vm/Continuation 1 1 551 9 7 12 1 1 1 9 12 1 9 12 1 9 12 1 100 1 100 1 10 12 1 1 8 1 10 12 1 1 10 12 1 10 12 1 1 10 12 1 9 7 12 1 1 1 11 100 12 1 1 1 10 100 1 9 12 1 1 9 12 1 1 10 8 1 10 12 1 9 12 1 1 10 11 12 1 1 100 1 10 100 12 1 1 1 10 12 1 1 10 12 1 10 12 1 1 11 12 1 1 9 12 1 1 10 12 1 1 18 12 1 1 10 100 12 1 1 1 100 1 10 12 1 11 100 12 1 1 1 10 12 1 9 12 1 10 12 1 1 100 1 8 1 10 12 1 10 12 1 1 9 12 1 1 11 12 1 1 9 12 1 1 8 1 10 11 12 1 1 11 12 1 1 10 12 1 1 10 12 1 1 9 12 1 10 12 1 10 10 12 1 8 1 10 12 1 8 1 8 1 10 7 12 1 1 1 10 100 12 1 1 1 10 12 1 9 12 1 11 12 1 100 1 10 12 1 10 12 1 1 9 12 1 1 100 1 10 12 1 1 9 12 1 1 10 12 1 10 12 1 11 100 12 1 1 10 7 1 10 12 1 8 1 10 12 1 1 9 12 1 1 10 7 12 1 1 8 1 8 1 8 1 8 1 10 12 1 1 10 12 1 10 12 1 10 12 1 10 12 1 1 10 12 1 1 8 1 9 12 1 10 12 1 1 9 12 1 1 10 12 1 1 9 12 1 8 1 10 100 12 1 1 1 10 12 1 8 1 100 1 8 1 10 9 12 1 1 8 1 10 100 12 1 1 10 100 12 1 1 8 1 8 1 10 12 10 12 1 1 10 100 1 10 100 12 1 1 1 18 11 100 12 1 1 1 18 12 1 11 12 1 1 100 1 10 7 12 1 1 10 12 1 1 8 10 12 1 1 10 7 12 1 1 1 10 7 12 1 1 10 12 1 8 1 10 12 1 100 1 100 1 10 12 1 1 1 1 1 1 1 1 1 1 1 1 1 1 1 1 1 1 1 1 1 1 1 1 1 1 1 1 1 1 1 1 1 1 1 1 1 1 1 1 1 1 1 1 1 1 1 1 1 1 1 1 1 1 1 1 1 1 1 1 1 1 1 1 1 1 1 1 1 1 1 1 1 1 1 1 100 1 1 16 1 15 10 12 16 15 11 100 12 1 1 1 16 1 16 1 15 10 12 16 15 10 100 12 1 1 1 1 1 1 1 1 100 1 100 1 1
staticfield jdk/internal/vm/Continuation U Ljdk/internal/misc/Unsafe; jdk/internal/misc/Unsafe
staticfield jdk/internal/vm/Continuation MOUNTED_OFFSET J 13
staticfield jdk/internal/vm/Continuation PRESERVE_SCOPED_VALUE_CACHE Z 1
staticfield jdk/internal/vm/Continuation JLA Ljdk/internal/access/JavaLangAccess; java/lang/System$1
staticfield jdk/internal/vm/Continuation $assertionsDisabled Z 1
ciInstanceKlass jdk/internal/misc/UnsafeConstants 1 1 34 10 100 12 1 1 1 9 7 12 1 1 1 9 12 1 9 12 1 1 9 12 1 9 12 1 1 1 1 1 1 1 1 1
staticfield jdk/internal/misc/UnsafeConstants ADDRESS_SIZE0 I 8
staticfield jdk/internal/misc/UnsafeConstants PAGE_SIZE I 4096
staticfield jdk/internal/misc/UnsafeConstants BIG_ENDIAN Z 0
staticfield jdk/internal/misc/UnsafeConstants UNALIGNED_ACCESS Z 1
staticfield jdk/internal/misc/UnsafeConstants DATA_CACHE_LINE_FLUSH_SIZE I 0
ciInstanceKlass java/lang/invoke/MethodHandleImpl 1 1 1424 10 7 12 1 1 1 100 1 10 100 12 1 1 1 10 7 12 1 1 1 100 1 10 8 1 10 12 1 1 10 12 1 10 12 1 1 10 7 12 1 1 1 9 100 12 1 1 1 10 100 12 1 1 1 100 1 10 12 1 1 10 12 1 1 10 12 1 1 10 7 12 1 1 1 9 7 12 1 1 1 10 7 12 1 1 1 100 1 10 9 12 1 1 9 12 1 10 12 1 1 10 12 1 10 12 1 1 10 12 1 1 10 12 1 1 8 1 8 1 10 12 1 1 10 12 1 1 10 12 1 1 10 12 1 1 10 12 1 10 12 1 1 10 7 12 1 1 1 10 12 1 7 1 10 100 12 1 1 1 10 12 1 1 10 12 1 1 11 7 12 1 1 1 11 7 12 1 1 11 12 1 1 7 1 11 12 1 10 12 1 1 10 12 1 1 11 12 1 10 7 12 1 1 10 12 1 1 10 7 12 1 1 10 12 1 10 12 1 1 10 7 12 1 1 1 10 7 12 1 1 1 10 12 1 1 10 12 1 1 9 7 12 1 1 1 10 10 12 1 1 10 12 1 1 10 10 12 1 1 10 12 1 1 10 7 12 1 1 1 10 12 1 1 10 12 1 10 12 1 10 7 12 1 1 1 10 7 12 1 1 1 10 12 1 1 10 12 1 10 12 1 10 12 1 10 12 1 1 10 12 1 10 12 1 1 10 12 1 10 12 1 8 1 100 1 10 12 1 10 12 1 1 10 12 1 10 12 1 1 10 12 1 1 7 1 10 12 1 100 1 8 1 10 12 1 10 100 12 1 1 1 8 1 10 12 1 10 100 12 1 1 1 100 1 9 100 1 10 12 1 1 10 12 1 1 9 12 1 10 12 1 1 10 100 12 1 1 10 12 1 1 10 12 1 1 10 12 1 10 12 1 100 1 10 12 1 1 9 12 1 1 10 12 1 9 100 12 1 1 1 11 100 12 1 1 7 1 9 12 1 100 1 10 12 1 10 12 1 1 100 1 10 12 1 1 10 12 1 1 10 100 12 1 1 1 10 12 1 1 10 12 1 10 12 1 1 10 12 1 10 12 1 1 10 12 1 7 1 9 100 12 1 1 1 10 12 1 10 12 1 9 100 12 1 1 1 10 12 1 1 10 12 1 1 10 12 1 10 100 12 1 1 10 100 12 1 1 1 9 12 1 10 12 1 9 12 10 12 1 10 12 1 10 12 1 10 12 1 1 10 12 1 10 12 1 1 10 12 1 10 12 1 1 10 12 1 1 10 12 1 1 10 12 1 10 12 1 10 12 1 1 10 12 1 10 100 12 1 1 10 12 1 10 100 12 1 1 8 1 10 8 1 100 1 10 9 12 1 100 1 10 12 1 8 1 10 10 12 1 10 10 12 1 1 10 12 1 1 10 12 1 10 12 1 100 1 8 1 10 12 1 10 100 12 1 1 1 10 12 1 1 10 12 1 10 12 1 100 1 10 12 1 10 12 1 10 12 1 1 100 1 10 12 1 10 100 12 1 1 10 12 1 9 12 1 10 12 1 1 10 12 1 1 100 1 10 10 12 1 8 1 8 1 9 12 1 8 1 8 1 8 1 9 12 1 10 12 1 1 9 12 1 1 10 12 1 8 1 9 7 1 10 12 1 1 10 12 1 8 1 8 1 8 1 100 1 100 1 8 8 1 8 1 100 1 8 1 100 1 10 12 1 7 1 10 10 7 12 1 1 1 10 12 1 10 12 10 12 1 10 12 1 11 100 12 1 1 1 18 12 1 11 100 12 1 1 1 18 18 12 1 11 12 1 1 10 12 1 1 10 12 1 10 12 1 11 12 1 9 12 1 9 12 10 10 12 1 1 9 12 1 1 11 12 1 1 18 12 1 1 11 12 1 1 11 12 1 1 10 12 1 11 100 1 10 12 1 10 12 1 10 12 1 9 12 1 9 12 10 12 1 10 100 12 1 1 1 10 12 1 10 12 1 1 10 12 1 10 12 9 12 1 1 10 12 1 10 12 1 1 9 12 1 9 12 1 10 12 1 10 12 1 1 10 12 1 100 1 10 12 1 9 12 1 1 11 100 1 9 12 1 9 12 11 12 1 9 12 1 10 12 10 12 1 1 10 12 1 1 9 7 12 1 1 10 12 1 10 12 1 10 12 1 1 100 1 10 12 1 10 12 1 1 100 1 10 12 1 1 10 12 1 1 100 1 10 12 1 1 10 12 1 1 10 12 1 10 12 1 10 12 1 9 12 1 10 12 1 10 12 1 1 9 7 12 1 1 1 8 10 12 1 1 8 1 10 12 1 8 1 8 1 8 1 8 1 8 1 8 1 100 1 8 1 8 1 10 12 1 9 12 1 10 12 1 1 1 1 1 3 1 1 3 1 3 1 3 1 3 1 3 1 3 1 3 1 3 1 1 1 1 1 1 1 1 1 3 1 3 1 1 1 1 1 1 1 1 1 1 1 1 1 1 1 1 1 1 1 1 1 1 1 1 1 1 1 1 1 1 1 1 1 1 1 1 1 1 1 1 1 1 1 1 1 1 1 1 1 1 1 1 1 1 1 1 1 1 1 1 1 1 1 1 1 1 1 1 1 1 1 1 1 1 1 1 1 1 1 1 1 1 1 1 1 1 1 1 1 1 1 1 1 1 1 1 1 1 1 1 1 1 1 100 1 1 1 1 1 1 1 1 1 1 1 1 1 1 1 1 1 1 1 1 1 1 1 1 1 1 1 1 1 1 1 1 1 1 1 1 1 1 1 1 1 1 1 1 1 1 1 1 1 1 1 1 1 1 1 1 1 1 1 1 1 1 1 1 1 1 1 1 1 1 1 1 1 1 1 1 1 1 1 1 1 1 1 1 1 1 1 1 1 1 1 1 1 1 1 1 1 1 1 1 1 1 1 1 1 1 1 1 1 1 1 1 1 1 1 1 1 1 1 1 1 1 1 1 1 1 1 1 1 1 1 1 1 1 1 1 1 1 1 1 1 1 1 1 1 1 1 1 1 1 1 1 1 1 1 1 1 1 1 1 1 1 1 1 1 1 1 1 1 100 1 100 1 100 1 100 1 100 1 100 1 100 1 1 16 15 10 12 16 15 16 16 1 15 10 12 16 16 15 10 12 16 15 10 100 12 1 1 1 1 1 1 1 1 1 1 1 1 1 1 1 1 1 1 1 1 1 1 1 1
staticfield java/lang/invoke/MethodHandleImpl ARRAYS [Ljava/lang/invoke/MethodHandle; 256 [Ljava/lang/invoke/MethodHandle;
staticfield java/lang/invoke/MethodHandleImpl NFS [Ljava/lang/invoke/LambdaForm$NamedFunction; 7 [Ljava/lang/invoke/LambdaForm$NamedFunction;
staticfield java/lang/invoke/MethodHandleImpl HANDLES [Ljava/lang/invoke/MethodHandle; 9 [Ljava/lang/invoke/MethodHandle;
staticfield java/lang/invoke/MethodHandleImpl $assertionsDisabled Z 1
instanceKlass java/lang/invoke/DelegatingMethodHandle
instanceKlass java/lang/invoke/BoundMethodHandle
instanceKlass java/lang/invoke/DirectMethodHandle
ciInstanceKlass java/lang/invoke/MethodHandle 1 1 734 100 1 9 7 12 1 1 1 10 7 12 1 1 1 10 7 12 1 1 1 7 1 7 1 10 12 1 1 9 12 1 1 10 12 1 10 12 1 1 10 12 1 1 10 100 12 1 1 1 10 12 1 1 10 12 1 1 11 100 12 1 1 1 10 12 1 1 10 12 1 10 12 1 9 12 1 1 9 12 1 1 10 100 12 1 1 1 10 12 1 10 12 1 1 10 12 1 10 12 1 100 1 100 1 10 8 1 10 12 1 1 10 12 1 8 1 10 12 1 1 10 12 1 10 7 12 1 1 1 10 12 1 1 10 12 1 1 10 12 1 1 10 7 12 1 1 1 10 12 1 1 10 12 1 1 10 12 1 10 12 1 1 10 100 12 1 1 10 7 12 1 1 10 12 1 10 12 1 10 12 1 1 10 12 1 1 10 12 1 1 10 12 1 1 10 7 12 1 1 1 10 100 12 1 1 1 10 12 1 1 10 12 1 1 10 12 1 1 8 1 10 7 12 1 1 1 8 1 10 12 1 10 12 1 1 10 12 1 1 10 12 1 8 1 10 12 1 1 8 1 10 12 1 8 1 10 100 12 1 1 1 9 12 1 1 100 1 10 9 100 12 1 1 1 9 100 1 8 1 10 12 1 1 10 12 1 10 12 1 1 10 12 1 10 12 1 1 10 12 1 10 12 1 1 10 12 1 10 12 1 1 10 12 1 1 8 1 10 12 1 1 8 1 10 12 1 10 12 1 1 10 12 1 10 12 1 10 12 1 1 9 100 12 1 1 1 10 12 1 1 11 12 1 10 12 1 10 12 1 1 10 100 12 1 1 100 1 11 12 1 10 100 1 11 12 1 100 1 10 12 1 11 12 1 9 100 12 1 1 1 11 12 1 1 11 100 12 1 1 1 10 12 1 1 9 12 1 11 12 1 9 12 1 9 12 1 9 12 1 11 12 1 1 9 12 1 9 12 1 9 12 1 9 12 1 9 12 1 9 12 1 9 12 1 8 1 10 12 1 10 12 1 8 1 10 12 1 10 12 1 10 12 1 1 10 10 10 7 12 1 1 10 12 1 1 100 1 100 1 8 1 8 1 10 10 12 1 1 10 12 1 10 12 1 100 1 10 100 12 1 1 1 10 9 7 12 1 1 1 10 12 1 1 10 12 1 1 8 1 8 1 10 100 12 1 1 9 12 1 9 12 1 1 9 12 1 1 10 12 1 100 1 10 12 1 10 12 1 1 9 12 1 1 9 12 1 1 10 7 12 1 1 1 11 7 12 1 1 9 12 1 10 12 1 1 9 12 1 10 12 1 8 10 12 1 1 8 1 1 1 1 1 1 1 1 100 1 1 1 1 1 1 1 1 1 1 1 1 1 1 1 1 1 1 1 1 1 1 1 1 1 1 1 1 1 1 1 1 100 1 1 1 1 1 1 1 1 1 1 1 1 1 1 1 1 1 1 1 1 1 1 1 1 1 1 1 1 1 1 1 1 1 1 1 1 1 1 1 1 1 1 1 1 1 1 1 1 1 1 1 1 1 1 1 1 1 1 1 1 1 1 1 1 1 1 1 1 1 1 1 1 1 1 1 1 1 1 1 1 1 1 1 1 1 1 100 1 1 100 1 100 1 100 1 1 100 1 1 100 1 1 1 1
staticfield java/lang/invoke/MethodHandle FORM_OFFSET J 20
staticfield java/lang/invoke/MethodHandle UPDATE_OFFSET J 13
staticfield java/lang/invoke/MethodHandle $assertionsDisabled Z 1
ciInstanceKlass java/lang/invoke/MethodType 1 1 724 7 1 10 7 12 1 1 1 9 12 1 1 9 12 1 1 9 12 1 1 10 7 12 1 1 1 9 7 12 1 1 8 1 10 100 12 1 1 1 9 7 1 9 7 1 10 12 1 1 100 1 10 8 1 10 12 1 1 10 12 1 10 12 1 1 100 1 8 1 10 12 1 100 1 10 10 12 1 10 12 1 1 10 12 1 1 11 7 12 1 1 1 9 12 1 11 12 1 1 7 10 12 1 1 10 12 1 1 7 1 7 1 10 7 12 1 1 1 10 12 1 10 12 1 9 12 1 1 10 7 12 1 1 10 12 1 1 10 7 12 1 1 1 10 7 12 1 1 1 10 12 1 9 12 1 1 10 12 1 1 10 12 1 1 10 12 1 1 10 12 1 1 10 12 1 1 10 12 1 10 12 1 10 12 1 1 10 12 1 8 1 8 1 10 12 1 1 9 12 1 1 100 1 10 10 12 1 1 10 12 1 10 12 1 1 10 12 1 1 10 12 1 10 12 1 10 12 1 8 1 10 12 1 1 10 100 12 1 1 1 10 12 1 10 12 1 1 10 12 1 10 12 1 10 12 1 1 10 12 1 10 12 1 9 12 1 10 12 1 10 10 12 1 1 10 12 1 9 12 1 1 10 12 1 1 11 12 1 1 10 12 1 1 10 12 1 10 12 1 100 1 8 1 8 1 8 1 10 12 1 10 12 1 10 12 1 1 10 10 12 1 11 12 1 1 11 12 1 10 100 12 1 1 1 9 12 1 10 12 1 10 12 1 1 10 12 1 1 10 12 1 10 12 1 10 100 12 1 1 1 10 12 1 1 10 12 1 10 12 1 10 12 1 10 9 12 1 1 7 1 10 12 1 10 100 12 1 1 1 10 12 1 1 10 100 12 1 1 1 10 12 1 1 8 1 10 7 12 1 1 1 11 12 1 1 9 12 1 1 10 12 1 1 10 12 1 10 12 1 1 10 12 1 1 10 100 12 1 1 10 12 1 10 12 100 1 11 100 12 1 1 10 12 1 11 12 1 10 100 12 1 1 10 12 1 1 10 12 1 1 9 12 1 1 9 100 12 1 1 1 10 100 12 1 1 1 9 12 1 10 100 12 1 1 10 12 1 100 10 12 1 10 12 1 1 10 12 1 7 1 10 10 12 1 1 7 1 7 1 9 12 1 1 100 1 100 1 100 1 1 1 5 0 1 1 1 1 1 1 1 3 1 3 1 3 1 1 1 1 1 1 1 1 1 1 1 1 1 1 1 1 1 1 1 1 1 1 1 1 1 1 1 1 1 1 1 1 1 1 1 1 1 1 1 1 1 1 1 1 1 1 1 1 1 1 1 1 1 1 1 1 1 1 1 1 1 1 1 1 1 1 1 1 1 1 1 1 1 1 1 1 1 1 1 1 1 1 1 1 1 1 1 1 1 1 1 1 1 1 1 1 1 1 1 1 1 1 1 1 1 1 1 1 1 1 1 1 1 1 1 1 1 1 1 1 1 1 1 1 1 1 1 1 100 1 100 1 1 1 1 1 1 1 1 1 1 1 1 1 100 1 1 1 1 100 1 1 1 100 1 1 1 1 1 1 1 1 1 1 1 1 1 1 1 1 1 1 100 1 1 100 1 1
staticfield java/lang/invoke/MethodType internTable Ljdk/internal/util/ReferencedKeySet; jdk/internal/util/ReferencedKeySet
staticfield java/lang/invoke/MethodType NO_PTYPES [Ljava/lang/Class; 0 [Ljava/lang/Class;
staticfield java/lang/invoke/MethodType objectOnlyTypes [Ljava/lang/invoke/MethodType; 20 [Ljava/lang/invoke/MethodType;
staticfield java/lang/invoke/MethodType METHOD_HANDLE_ARRAY [Ljava/lang/Class; 1 [Ljava/lang/Class;
staticfield java/lang/invoke/MethodType serialPersistentFields [Ljava/io/ObjectStreamField; 0 [Ljava/io/ObjectStreamField;
staticfield java/lang/invoke/MethodType $assertionsDisabled Z 1
ciInstanceKlass java/lang/invoke/TypeDescriptor$OfMethod 1 0 43 100 1 100 1 100 1 1 1 1 1 1 1 1 1 1 1 1 1 1 1 1 1 1 1 1 1 1 1 1 1 1 1 1 1 1 1 1 1 1 100 1 1
instanceKlass com/landawn/abacus/util/DateTimeFormat
instanceKlass com/landawn/abacus/util/stream/BaseStream$SplitStrategy
instanceKlass com/landawn/abacus/annotation/JsonXmlField$Direction
instanceKlass com/landawn/abacus/util/EscapeUtil$NumericEntityUnescaper$OPTION
instanceKlass com/landawn/abacus/parser/Exclusion
instanceKlass java/lang/classfile/attribute/StackMapFrameInfo$SimpleVerificationTypeInfo
instanceKlass java/lang/reflect/ProxyGenerator$PrimitiveTypeInfo
instanceKlass java/lang/classfile/ClassFile$StackMapsOption
instanceKlass java/lang/reflect/AccessFlag$Location
instanceKlass java/lang/reflect/AccessFlag
instanceKlass java/lang/module/ModuleDescriptor$Modifier
instanceKlass java/lang/annotation/RetentionPolicy
instanceKlass com/landawn/abacus/util/EnumType
instanceKlass com/landawn/abacus/type/Type$SerializationType
instanceKlass com/landawn/abacus/util/OperationType
instanceKlass com/landawn/abacus/query/AbstractQueryBuilder$DialectFamily
instanceKlass com/landawn/abacus/query/SqlDialect$SqlPolicy
instanceKlass com/landawn/abacus/util/NamingPolicy
instanceKlass java/util/Comparators$NaturalOrderComparator
instanceKlass com/landawn/abacus/pool/EvictionPolicy
instanceKlass com/landawn/abacus/util/JavaVersion
instanceKlass com/landawn/abacus/query/condition/Operator
instanceKlass sun/util/locale/provider/LocaleProviderAdapter$Type
instanceKlass java/time/format/TextStyle
instanceKlass java/time/format/ResolverStyle
instanceKlass java/util/Locale$Category
instanceKlass java/time/format/SignStyle
instanceKlass java/time/format/DateTimeFormatterBuilder$SettingsParser
instanceKlass java/time/temporal/JulianFields$Field
instanceKlass java/time/temporal/IsoFields$Unit
instanceKlass java/time/temporal/IsoFields$Field
instanceKlass java/time/temporal/ChronoUnit
instanceKlass java/time/temporal/ChronoField
instanceKlass java/time/zone/ZoneOffsetTransitionRule$TimeDefinition
instanceKlass java/time/DayOfWeek
instanceKlass java/time/Month
instanceKlass sun/util/logging/PlatformLogger$Level
instanceKlass java/lang/System$Logger$Level
instanceKlass jdk/internal/logger/BootstrapLogger$LoggingBackend
instanceKlass java/util/stream/MatchOps$MatchKind
instanceKlass java/security/DrbgParameters$Capability
instanceKlass sun/security/util/KnownOIDs
instanceKlass java/security/Security$SecPropLoader$LoadingMode
instanceKlass java/util/regex/Pattern$Qtype
instanceKlass java/util/stream/StreamShape
instanceKlass java/util/stream/Collector$Characteristics
instanceKlass java/lang/classfile/Opcode$Kind
instanceKlass java/lang/classfile/Opcode
instanceKlass java/util/stream/StreamOpFlag$Type
instanceKlass java/util/stream/StreamOpFlag
instanceKlass java/lang/invoke/VarHandle$AccessType
instanceKlass java/lang/invoke/VarHandle$AccessMode
instanceKlass java/lang/invoke/MethodHandleImpl$Intrinsic
instanceKlass java/lang/classfile/AttributeMapper$AttributeStability
instanceKlass jdk/internal/classfile/impl/AbstractPoolEntry$Utf8EntryImpl$State
instanceKlass java/lang/classfile/TypeKind
instanceKlass java/lang/invoke/LambdaForm$BasicType
instanceKlass java/lang/invoke/LambdaForm$Kind
instanceKlass java/lang/constant/DirectMethodHandleDesc$Kind
instanceKlass sun/invoke/util/Wrapper
instanceKlass java/util/concurrent/TimeUnit
instanceKlass java/nio/file/LinkOption
instanceKlass sun/nio/fs/WindowsPathType
instanceKlass java/nio/file/StandardOpenOption
instanceKlass jdk/internal/vm/Continuation$Pinned
instanceKlass java/io/File$PathStatus
instanceKlass jdk/internal/module/ModuleBootstrap$IllegalNativeAccess
instanceKlass java/lang/reflect/ClassFileFormatVersion
instanceKlass java/lang/Thread$State
instanceKlass java/lang/module/ModuleDescriptor$Requires$Modifier
ciInstanceKlass java/lang/Enum 1 1 204 9 7 12 1 1 1 9 12 1 1 10 7 12 1 1 1 9 12 1 10 7 12 1 1 1 100 1 10 10 12 1 1 10 12 1 100 1 10 10 7 12 1 1 10 12 1 1 18 12 1 1 10 100 12 1 1 1 10 12 1 1 11 7 12 1 1 1 100 1 8 1 10 12 1 100 1 100 1 10 8 1 10 12 1 1 10 12 1 1 8 1 10 12 1 10 100 1 8 1 10 10 12 1 1 10 100 12 1 1 1 100 1 100 1 100 1 1 1 1 1 1 1 1 1 1 1 1 1 1 1 1 1 1 1 1 1 1 1 1 1 1 1 1 1 1 1 1 1 1 1 1 1 1 1 1 1 1 1 1 1 1 1 3 1 1 1 1 100 1 100 1 1 100 1 1 1 1 1 1 1 1 1 1 1 16 15 10 12 16 15 10 100 12 1 1 1 1 1 100 1 100 1 1
ciInstanceKlass java/lang/invoke/LambdaForm 1 1 1030 7 1 100 1 10 7 12 1 1 1 9 12 1 1 9 12 1 9 12 1 9 12 1 1 9 12 1 1 9 12 1 1 9 12 1 1 9 12 1 1 9 12 1 10 7 12 1 1 9 12 1 10 12 1 1 100 1 10 10 12 1 1 10 12 1 10 12 1 10 12 1 1 10 12 1 9 12 1 9 12 1 10 12 1 1 9 7 12 1 1 1 9 7 12 1 1 9 12 1 1 10 12 1 9 12 1 10 100 12 1 1 1 10 12 1 1 100 1 10 12 1 1 9 7 12 1 1 1 10 100 12 1 1 1 10 12 1 10 12 1 1 7 1 10 12 1 10 12 1 10 12 1 1 10 12 1 1 10 12 1 10 12 1 10 12 1 10 12 1 10 12 1 1 8 1 10 12 1 10 12 1 10 10 12 1 8 1 8 1 9 12 1 9 12 1 1 10 12 1 1 9 12 1 1 10 7 12 1 1 1 10 12 1 1 10 12 1 10 12 1 1 10 12 1 7 1 10 12 1 10 100 12 1 1 1 9 12 1 10 12 1 8 1 8 1 8 1 8 1 8 1 8 1 8 1 8 1 10 12 1 9 12 1 7 1 10 12 1 1 9 12 1 1 10 12 1 1 10 12 1 1 10 12 10 12 1 10 12 1 1 10 12 1 1 10 12 1 1 10 10 12 1 1 10 12 1 1 7 1 8 1 10 12 1 1 10 12 1 10 12 1 1 10 8 1 10 12 1 1 8 1 8 1 8 1 10 12 1 10 12 1 10 12 1 1 10 100 12 1 1 1 10 7 12 1 1 1 10 12 1 1 9 12 1 1 8 1 10 100 12 1 1 1 10 7 12 1 1 10 12 1 10 12 1 1 10 12 1 1 9 12 1 8 10 12 1 1 100 1 10 12 1 1 10 12 1 9 7 12 1 1 9 100 12 1 1 1 8 1 10 100 12 1 1 10 12 1 1 100 1 100 1 10 10 12 1 1 10 12 1 1 8 1 8 1 100 1 8 1 10 12 10 12 1 10 12 1 10 12 1 10 12 1 1 9 100 12 1 1 10 12 1 8 1 8 1 10 12 1 10 12 1 1 8 1 8 1 8 1 100 1 8 1 100 1 8 1 100 1 8 1 10 12 1 8 1 9 10 100 12 1 1 1 10 12 1 9 12 1 1 10 12 1 10 10 12 1 10 12 1 10 12 1 10 12 1 1 10 12 1 10 12 1 1 10 12 1 1 10 12 1 1 10 12 1 1 8 1 100 10 12 1 10 12 1 9 12 1 1 10 7 12 1 1 8 1 8 1 100 1 8 1 8 1 8 1 8 1 8 1 8 1 8 1 8 1 10 12 1 1 10 12 1 1 10 12 1 10 12 1 10 12 1 10 12 1 8 1 8 1 8 1 10 12 1 8 1 10 12 1 8 1 8 1 8 1 8 1 8 1 10 12 1 10 12 1 10 12 1 1 10 7 12 1 1 1 10 12 1 10 12 1 10 12 1 10 12 1 10 12 1 9 12 1 1 8 1 10 12 1 1 9 12 1 9 12 1 1 10 12 1 1 9 12 1 1 9 12 1 10 12 1 1 9 12 1 1 7 1 10 7 12 1 1 1 9 7 12 1 1 1 10 7 12 1 1 1 10 12 1 1 10 12 1 1 10 12 1 9 12 1 10 12 1 9 12 1 10 12 1 10 12 1 8 1 10 12 1 9 12 1 1 100 1 10 100 12 1 1 1 100 1 10 12 1 9 12 1 10 12 1 10 12 1 10 12 1 1 10 12 1 9 100 12 1 1 10 12 1 1 10 12 1 10 12 1 9 12 1 9 9 12 1 7 9 12 1 1 10 12 1 1 9 12 1 10 12 1 10 7 1 9 1 1 1 1 3 1 3 1 1 3 1 3 1 1 1 1 1 1 1 1 1 1 1 1 1 1 1 1 1 1 1 1 1 1 1 1 1 1 1 1 1 1 1 1 1 1 1 1 1 1 1 1 1 1 1 1 1 100 1 1 1 1 1 1 1 1 1 1 1 1 1 1 1 1 1 1 1 1 1 1 1 1 1 1 1 1 1 1 1 1 1 1 1 1 1 1 1 1 1 1 1 1 1 1 1 1 1 1 1 1 1 1 1 1 1 1 1 1 1 1 1 1 1 1 1 100 1 1 1 1 1 1 1 1 1 1 1 1 1 1 1 1 1 1 1 1 1 1 1 1 1 1 1 1 1 1 1 1 1 1 1 1 100 1 1 1 1 1 1 1 1 1 1 1 1 1 1 100 1 1 1 100 1 1 100 1 1 1 1 1 1 1 1 1 1 1 1
staticfield java/lang/invoke/LambdaForm DEFAULT_CUSTOMIZED Ljava/lang/invoke/MethodHandle; 
staticfield java/lang/invoke/LambdaForm DEFAULT_KIND Ljava/lang/invoke/LambdaForm$Kind; java/lang/invoke/LambdaForm$Kind
staticfield java/lang/invoke/LambdaForm COMPILE_THRESHOLD I 0
staticfield java/lang/invoke/LambdaForm INTERNED_ARGUMENTS [[Ljava/lang/invoke/LambdaForm$Name; 5 [[Ljava/lang/invoke/LambdaForm$Name;
staticfield java/lang/invoke/LambdaForm IMPL_NAMES Ljava/lang/invoke/MemberName$Factory; java/lang/invoke/MemberName$Factory
staticfield java/lang/invoke/LambdaForm LF_identity [Ljava/lang/invoke/LambdaForm; 6 [Ljava/lang/invoke/LambdaForm;
staticfield java/lang/invoke/LambdaForm NF_identity [Ljava/lang/invoke/LambdaForm$NamedFunction; 6 [Ljava/lang/invoke/LambdaForm$NamedFunction;
staticfield java/lang/invoke/LambdaForm LF_constant [Ljava/lang/invoke/LambdaForm; 5 [Ljava/lang/invoke/LambdaForm;
staticfield java/lang/invoke/LambdaForm createIdentityFormLock Ljava/lang/Object; java/lang/Object
staticfield java/lang/invoke/LambdaForm DEBUG_NAME_COUNTERS Ljava/util/HashMap; 
staticfield java/lang/invoke/LambdaForm DEBUG_NAMES Ljava/util/HashMap; 
staticfield java/lang/invoke/LambdaForm TRACE_INTERPRETER Z 0
staticfield java/lang/invoke/LambdaForm $assertionsDisabled Z 1
instanceKlass jdk/internal/reflect/DirectMethodHandleAccessor
ciInstanceKlass jdk/internal/reflect/MethodAccessorImpl 1 1 38 10 7 12 1 1 1 10 100 12 1 1 1 100 1 1 1 1 1 1 1 100 1 100 1 1 1 1 1 1 1 1 1 1 1 1 1 1
ciInstanceKlass jdk/internal/reflect/MethodAccessor 1 0 17 100 1 100 1 1 1 1 100 1 100 1 1 1 1 1 1
ciInstanceKlass java/util/Objects 1 1 184 10 7 12 1 1 1 100 1 8 1 10 12 1 10 12 1 1 10 7 12 1 1 1 10 12 1 1 10 12 1 10 100 12 1 1 1 10 12 1 1 10 7 12 1 1 1 7 1 10 10 12 1 1 10 7 12 1 1 10 12 1 1 8 1 10 7 12 1 1 1 10 7 12 1 1 1 10 11 100 12 1 1 1 100 1 10 10 12 1 8 1 10 12 1 8 1 100 1 11 12 1 1 8 1 10 7 12 1 1 1 10 12 1 1 10 12 1 10 12 1 10 12 1 10 12 1 1 1 1 1 1 1 1 1 1 1 1 1 1 1 1 1 1 1 1 1 1 1 1 1 1 1 1 1 1 1 1 1 1 1 1 1 1 1 1 1 1 1 1 1 1 1 1 1 1 1 1 1 1 1 1 1 1
instanceKlass java/util/LinkedHashMap
ciInstanceKlass java/util/HashMap 1 1 629 10 7 12 1 1 1 100 1 10 12 1 1 100 1 10 100 12 1 1 1 100 1 11 12 1 1 11 12 1 11 12 1 1 10 7 12 1 1 1 7 1 3 10 7 12 1 1 1 100 1 100 1 10 8 1 10 12 1 1 10 12 1 10 12 1 1 10 12 1 10 7 12 1 1 1 8 1 10 12 1 9 12 1 1 10 12 1 9 12 1 1 4 10 12 1 10 12 1 1 11 7 12 1 1 9 12 1 1 10 7 12 1 1 1 6 0 10 12 1 1 11 12 1 1 11 7 12 1 1 1 11 7 12 1 1 1 11 12 1 1 7 1 11 12 1 11 12 1 10 12 1 10 12 1 1 9 12 10 12 1 1 9 7 12 1 1 1 9 12 9 12 1 10 12 1 1 9 12 1 7 1 10 12 1 1 10 12 1 1 10 12 1 1 10 12 1 1 10 12 1 1 9 12 1 10 12 1 1 3 4 10 12 1 1 10 12 1 1 9 12 1 1 9 10 12 1 1 10 12 1 1 10 12 1 1 10 12 1 9 12 1 1 7 1 10 12 1 10 12 1 10 100 12 1 1 1 100 1 9 12 1 1 7 1 10 9 12 7 1 10 100 1 10 11 7 12 1 1 1 100 1 10 11 7 12 1 1 11 100 12 1 1 1 10 12 1 100 1 100 1 10 12 1 10 12 1 10 12 1 10 100 12 1 1 10 12 1 1 10 12 1 1 10 100 12 1 1 1 8 10 100 12 1 1 1 100 1 10 4 4 10 12 1 1 10 100 12 1 1 1 10 12 1 8 1 6 0 10 100 12 1 1 1 100 1 11 100 12 1 1 1 10 12 1 10 12 1 10 10 12 1 1 6 0 8 1 10 12 1 10 12 100 1 100 1 1 1 1 5 0 1 3 1 1 1 3 1 3 1 3 1 1 1 1 1 1 1 1 1 1 1 1 1 1 1 1 1 1 1 1 1 1 100 1 1 1 1 1 1 1 1 1 1 1 1 1 1 1 1 1 1 1 1 1 1 1 1 1 1 1 1 1 1 1 1 1 100 1 1 1 1 1 1 1 1 1 1 1 1 1 1 1 1 1 1 1 1 1 1 1 1 1 1 1 1 1 1 1 1 1 1 1 1 1 1 1 1 1 1 1 1 1 1 1 1 1 1 1 100 1 1 1 1 1 1 1 1 1 1 1 1 1 1 1 1 1 1 1 1 1 1 1 1 1 1 1 1 1 1 1 1 1 1 1 1 1 1 1 1 1 1 1 1 1 1 1 1 100 1 1 1 1 1 1 1 1 100 1 1 1 1 1 1 1 1 1 1 1 1 1 1 1 1 1 1 100 1 100 1 100 1 100 1 100 1 100 1 100 1 100 1 1 1 1 1 1 1 1 1 1 1 1 1 1 1 1 1 1
ciMethod java/util/HashMap remove (Ljava/lang/Object;)Ljava/lang/Object; 1024 0 5995 0 573
ciMethod java/util/HashMap put (Ljava/lang/Object;Ljava/lang/Object;)Ljava/lang/Object; 566 0 19710 0 3261
ciMethod java/util/HashMap entrySet ()Ljava/util/Set; 1024 0 12737 0 198
ciMethod java/util/HashMap containsKey (Ljava/lang/Object;)Z 116 0 46528 0 0
ciMethod java/util/HashMap getOrDefault (Ljava/lang/Object;Ljava/lang/Object;)Ljava/lang/Object; 1024 0 6037 0 736
ciMethod java/util/HashMap afterNodeRemoval (Ljava/util/HashMap$Node;)V 1024 0 5364 0 80
ciInstanceKlass jdk/internal/reflect/CallerSensitive 0 0 17 100 1 100 1 100 1 1 1 1 1 1 1 1 1 1 1
ciInstanceKlass jdk/internal/reflect/DirectConstructorHandleAccessor$NativeAccessor 1 1 44 10 7 12 1 1 1 9 7 12 1 1 1 10 12 1 1 1 1 1 1 1 1 1 1 1 1 1 1 1 1 1 100 1 100 1 1 1 1 1 100 1 1 1
ciInstanceKlass jdk/internal/reflect/ConstructorAccessor 1 0 16 100 1 100 1 1 1 1 100 1 100 1 100 1 1 1
instanceKlass jdk/internal/reflect/DirectConstructorHandleAccessor
instanceKlass jdk/internal/reflect/DirectConstructorHandleAccessor$NativeAccessor
ciInstanceKlass jdk/internal/reflect/ConstructorAccessorImpl 1 1 27 10 7 12 1 1 1 100 1 100 1 1 1 1 1 1 1 1 1 100 1 100 1 100 1 1 1
ciInstanceKlass jdk/internal/reflect/ConstantPool 1 1 142 10 100 12 1 1 1 9 7 12 1 1 1 10 12 1 1 10 12 1 1 10 12 1 10 12 1 1 10 12 1 1 10 12 1 10 12 1 1 10 12 1 10 12 1 1 10 12 1 10 12 1 10 12 1 10 12 1 1 10 12 1 1 10 12 1 1 10 12 1 1 10 12 1 10 12 1 1 10 100 12 1 1 1 8 11 7 12 1 1 1 10 7 12 1 1 1 1 1 1 1 1 1 1 1 1 1 1 1 1 1 1 1 1 1 1 1 1 1 1 1 1 1 1 1 1 1 1 1 1 1 1 1 1 1 1 1 1 1 1 1 1
instanceKlass java/lang/invoke/VolatileCallSite
instanceKlass java/lang/invoke/MutableCallSite
instanceKlass java/lang/invoke/ConstantCallSite
ciInstanceKlass java/lang/invoke/CallSite 1 1 297 10 7 12 1 1 1 10 7 12 1 1 1 9 12 1 1 10 7 12 1 1 1 10 12 1 100 1 10 12 1 1 10 12 1 1 9 100 12 1 1 1 10 100 12 1 1 10 12 1 1 100 1 100 1 10 10 100 12 1 1 1 10 12 1 1 8 1 10 12 1 10 12 1 1 10 12 1 10 12 1 1 10 12 1 1 10 10 100 12 1 1 10 12 1 1 9 12 1 9 100 12 1 1 1 8 1 10 7 12 1 1 1 10 12 1 1 100 1 10 12 1 1 9 12 1 8 1 100 1 10 12 1 10 12 1 100 1 8 1 10 10 12 1 10 12 1 1 100 1 10 12 1 1 10 12 1 10 12 1 10 12 1 1 10 12 1 1 9 12 1 1 8 10 12 1 1 9 12 1 1 100 1 10 10 12 1 10 100 12 1 1 1 10 12 1 1 10 12 1 1 10 12 1 10 7 12 1 1 1 100 1 8 1 10 10 12 10 12 1 1 100 1 100 1 100 1 8 1 10 12 1 10 7 12 1 1 1 1 1 1 1 1 1 1 1 1 1 1 1 1 1 1 1 1 1 1 1 1 1 1 1 1 1 1 1 1 1 1 1 1 1 1 1 1 1 1 1 1 1 1 1 1 1 1 1 1 1 1 1 1 100 1 100 1 1 1
staticfield java/lang/invoke/CallSite $assertionsDisabled Z 1
ciInstanceKlass java/lang/invoke/ConstantCallSite 1 1 65 10 7 12 1 1 1 9 7 12 1 1 1 9 12 1 1 10 7 12 1 1 1 10 12 1 100 1 10 12 9 12 1 1 100 1 10 10 12 1 1 10 12 1 1 1 1 1 1 1 1 1 1 1 1 1 100 1 1 1 1 1 1 1 1
staticfield java/lang/invoke/ConstantCallSite UNSAFE Ljdk/internal/misc/Unsafe; jdk/internal/misc/Unsafe
instanceKlass java/lang/invoke/DirectMethodHandle$StaticAccessor
instanceKlass java/lang/invoke/DirectMethodHandle$Interface
instanceKlass java/lang/invoke/DirectMethodHandle$Accessor
instanceKlass java/lang/invoke/DirectMethodHandle$Constructor
ciInstanceKlass java/lang/invoke/DirectMethodHandle 1 1 929 7 1 100 1 7 1 7 1 10 7 12 1 1 1 10 7 12 1 1 1 100 1 10 12 1 10 12 1 1 10 7 12 1 1 10 12 1 1 10 12 1 10 12 1 7 1 10 12 1 1 10 12 1 1 10 12 1 10 12 1 1 10 7 12 1 1 1 10 12 1 9 7 12 1 1 1 100 1 10 9 12 1 1 9 12 1 10 12 1 10 12 1 10 12 1 1 10 12 1 10 12 1 10 12 1 10 7 12 1 1 1 10 12 1 10 12 1 1 8 1 10 12 1 1 100 1 10 12 1 7 1 10 10 12 1 10 12 1 10 12 1 10 7 12 1 1 1 10 12 1 1 7 1 10 12 1 10 12 1 7 1 10 12 1 10 12 1 1 10 12 1 1 10 12 8 10 7 12 1 1 1 10 12 1 10 12 1 10 12 1 1 10 12 1 9 7 12 1 1 1 7 1 10 12 1 10 7 12 1 1 1 10 12 1 10 12 1 1 9 12 1 1 7 1 10 8 1 10 12 1 1 10 12 1 1 8 1 10 12 1 10 12 1 10 10 12 1 10 12 1 10 12 1 10 12 1 10 12 1 1 10 12 1 10 12 1 10 12 1 1 10 10 7 12 1 1 1 10 12 1 10 12 1 1 10 12 1 10 12 1 1 8 1 9 7 12 1 1 1 8 1 9 12 1 9 12 1 8 1 9 12 1 9 12 1 8 1 9 12 1 9 12 1 8 1 10 12 1 10 12 1 1 10 7 12 1 1 1 10 12 1 10 12 1 1 9 12 1 1 7 1 10 12 1 1 100 1 10 7 12 1 1 1 10 12 1 1 10 12 1 1 7 1 10 12 1 1 10 12 1 10 12 1 1 7 1 10 12 1 1 10 12 1 10 12 1 10 12 1 1 10 12 1 9 12 1 1 10 7 1 9 12 1 10 12 1 7 1 7 1 7 1 10 7 12 1 1 1 9 12 1 1 10 7 12 1 1 1 10 7 12 1 1 10 12 10 12 1 7 1 10 12 1 10 12 1 1 8 1 9 12 1 9 12 1 10 12 1 1 9 12 1 1 10 7 12 1 1 1 9 12 1 1 9 12 1 1 10 12 1 10 12 1 10 12 1 10 12 1 1 10 12 1 9 12 1 9 12 1 10 12 1 10 12 1 10 12 1 10 12 1 1 10 12 1 1 9 12 1 1 10 12 1 1 9 7 12 1 1 1 9 12 1 9 12 1 9 12 1 9 12 1 9 12 1 9 12 1 9 12 1 9 12 1 9 12 1 9 12 1 9 12 1 9 12 1 9 12 1 9 12 1 9 12 1 9 12 1 9 12 1 9 12 1 9 12 1 9 12 1 9 12 1 9 12 1 9 12 1 9 12 1 100 1 10 12 1 8 1 8 1 8 1 8 1 8 1 8 1 8 1 8 1 8 1 10 12 1 10 12 1 8 1 8 1 8 1 9 12 1 1 9 12 1 1 10 12 1 10 12 1 1 10 12 1 1 9 7 1 10 12 1 10 12 10 12 1 10 12 1 10 12 1 10 8 1 8 1 8 1 8 1 10 12 1 1 9 12 1 1 10 12 1 10 100 12 1 1 1 8 9 12 1 1 10 12 1 1 8 1 8 8 9 12 1 8 1 8 8 8 8 8 1 8 10 12 1 7 1 10 12 1 8 1 8 1 10 12 1 10 12 1 10 12 1 9 12 1 10 12 1 1 7 1 1 1 1 3 1 3 1 3 1 3 1 3 1 3 1 3 1 3 1 1 1 1 1 1 1 1 1 1 3 1 3 1 3 1 1 3 1 3 1 1 1 1 1 1 1 1 1 1 1 1 1 1 1 1 1 1 1 1 1 1 1 1 1 1 1 1 1 1 1 1 1 1 1 1 1 1 1 1 1 1 1 1 1 1 1 1 1 1 1 1 1 1 1 1 1 1 1 1 1 1 100 1 1 1 1 1 1 1 1 1 100 1 1 1 1 1 1 1 1 1 1 1 1 1 1 1 1 1 1 1 1 1 1 1 1 1 1 1 1 1 1 1 1 1 1 1 1 1 1 1 1 1 1 1 1 1 1 1 1 1 1 1 1 1
staticfield java/lang/invoke/DirectMethodHandle IMPL_NAMES Ljava/lang/invoke/MemberName$Factory; java/lang/invoke/MemberName$Factory
staticfield java/lang/invoke/DirectMethodHandle FT_UNCHECKED_REF I 8
staticfield java/lang/invoke/DirectMethodHandle FT_CHECKED_REF I 9
staticfield java/lang/invoke/DirectMethodHandle ACCESSOR_FORMS [Ljava/lang/invoke/LambdaForm; 120 [Ljava/lang/invoke/LambdaForm;
staticfield java/lang/invoke/DirectMethodHandle ALL_WRAPPERS [Lsun/invoke/util/Wrapper; 10 [Lsun/invoke/util/Wrapper;
staticfield java/lang/invoke/DirectMethodHandle NFS [Ljava/lang/invoke/LambdaForm$NamedFunction; 12 [Ljava/lang/invoke/LambdaForm$NamedFunction;
staticfield java/lang/invoke/DirectMethodHandle OBJ_OBJ_TYPE Ljava/lang/invoke/MethodType; java/lang/invoke/MethodType
staticfield java/lang/invoke/DirectMethodHandle LONG_OBJ_TYPE Ljava/lang/invoke/MethodType; java/lang/invoke/MethodType
staticfield java/lang/invoke/DirectMethodHandle $assertionsDisabled Z 1
ciMethod java/lang/invoke/DirectMethodHandle internalMemberName (Ljava/lang/Object;)Ljava/lang/Object; 512 0 634750 0 -1
ciInstanceKlass java/lang/invoke/MutableCallSite 0 0 61 10 100 12 1 1 1 10 12 1 9 100 12 1 1 1 10 12 1 10 12 1 1 9 100 12 1 1 1 10 100 12 1 1 1 10 100 12 1 1 1 1 1 1 1 1 1 1 1 1 1 1 1 1 1 1 1 1 100 1 1
ciInstanceKlass java/lang/invoke/VolatileCallSite 0 0 37 10 100 12 1 1 1 10 12 1 10 100 12 1 1 1 10 12 1 10 12 1 1 1 1 1 1 1 1 1 1 1 1 1 1 1 1
instanceKlass java/lang/invoke/VarHandleInts$FieldInstanceReadOnly
instanceKlass java/lang/invoke/VarHandleBooleans$FieldInstanceReadOnly
instanceKlass java/lang/invoke/VarHandleReferences$FieldInstanceReadOnly
instanceKlass java/lang/invoke/VarHandleReferences$Array
instanceKlass java/lang/invoke/VarHandleByteArrayAsDoubles$ByteArrayViewVarHandle
instanceKlass java/lang/invoke/VarHandleByteArrayAsLongs$ByteArrayViewVarHandle
instanceKlass java/lang/invoke/VarHandleByteArrayAsFloats$ByteArrayViewVarHandle
instanceKlass java/lang/invoke/VarHandleByteArrayAsInts$ByteArrayViewVarHandle
instanceKlass java/lang/invoke/VarHandleByteArrayAsChars$ByteArrayViewVarHandle
instanceKlass java/lang/invoke/VarHandleByteArrayAsShorts$ByteArrayViewVarHandle
ciInstanceKlass java/lang/invoke/VarHandle 1 1 474 10 7 12 1 1 1 10 7 12 1 1 9 12 1 1 9 12 1 1 10 12 1 1 8 1 10 12 1 1 10 7 12 1 1 1 10 12 1 1 10 100 12 1 1 1 9 7 12 1 1 1 10 12 1 1 10 7 12 1 1 1 10 12 1 1 9 12 1 10 12 1 9 12 1 1 10 7 12 1 1 10 12 1 9 100 12 1 1 1 9 12 1 1 10 12 1 1 100 1 100 1 10 8 1 10 12 1 1 10 12 1 8 1 10 12 1 10 12 1 9 12 1 1 9 12 1 10 12 1 10 12 1 1 10 12 1 10 10 7 12 1 1 1 10 12 1 1 10 12 1 1 10 7 12 1 1 1 10 100 12 1 1 1 10 100 12 1 1 1 9 12 1 1 9 10 12 1 10 12 1 1 10 12 1 1 10 12 1 10 7 12 1 1 1 9 12 1 1 10 12 1 1 9 12 1 10 12 1 10 12 1 10 100 12 1 1 100 1 10 9 7 12 1 1 1 9 12 1 1 10 7 12 1 1 1 10 12 1 10 12 1 10 12 1 10 12 1 10 12 1 10 12 1 1 8 10 12 1 1 7 1 10 12 1 1 100 1 1 1 1 1 1 1 1 1 1 1 1 1 1 1 1 1 1 1 1 1 1 1 1 1 1 1 1 1 1 1 1 1 1 1 1 1 1 1 1 1 1 1 1 1 1 1 1 1 1 1 1 1 1 1 1 1 1 1 1 1 1 1 1 1 100 1 1 1 1 1 1 1 1 100 1 1 1 1 1 1 1 1 1 1 1 1 100 1 100 1 1 100 1 100 1 100 1 100 1 100 1 100 1 100 1 100 1 100 1 100 1 100 1 100 1 100 1 100 1 100 1 100 1 100 1 100 1 100 1 100 1 100 1 100 1 100 1 100 1 100 1 100 1 100 1 100 1 100 1 100 1 100 1 100 1 100 1 100 1 100 1 100 1 1 1 1 1 1 100 1 1 1 100 1 1 100 1 100 1 100 1 100 1 100 1 100 1 1 1 1 100 1 100 1 100 1 100 1 100 1 100 1 100 1 100 1
staticfield java/lang/invoke/VarHandle VFORM_OFFSET J 16
staticfield java/lang/invoke/VarHandle $assertionsDisabled Z 1
ciInstanceKlass java/lang/invoke/MemberName 1 1 730 7 1 7 1 100 1 9 12 1 1 10 7 12 1 1 1 9 12 1 1 10 12 1 1 10 12 1 1 10 12 1 1 10 12 1 10 12 1 1 10 7 12 1 1 1 10 12 1 9 7 12 1 1 10 12 1 100 1 7 1 10 12 1 8 1 10 12 1 1 10 12 1 10 12 1 1 10 12 1 9 12 1 1 8 1 10 100 12 1 1 1 7 1 10 10 12 1 1 7 1 7 1 10 12 1 9 12 1 1 100 1 8 1 10 12 1 10 12 1 10 12 1 10 12 1 10 12 1 1 10 12 1 10 12 1 10 12 1 1 8 1 8 1 10 12 1 8 1 9 12 1 1 3 10 12 1 10 12 1 10 12 1 10 10 7 12 1 1 1 10 12 1 10 12 1 10 12 1 10 12 1 7 1 8 10 12 1 1 10 12 1 1 8 1 9 100 1 8 9 100 1 10 12 1 1 10 12 1 10 12 1 8 1 10 12 1 1 10 12 1 10 12 1 10 12 1 10 12 1 1 100 1 10 12 1 1 10 12 1 8 1 10 12 1 10 12 1 8 1 10 12 1 1 10 12 1 1 100 1 10 12 1 1 10 12 8 1 8 1 100 1 10 12 1 10 100 12 1 1 1 100 1 10 12 10 12 1 10 12 1 10 12 1 10 12 1 10 10 12 1 10 12 1 10 12 1 3 10 12 1 3 10 12 1 3 3 3 3 3 3 10 12 1 3 9 12 1 10 12 1 1 3 10 12 1 10 10 7 12 1 1 1 10 12 1 1 10 100 12 1 1 10 10 12 1 10 12 1 1 10 12 1 10 10 12 1 1 10 12 1 10 12 1 10 12 1 100 1 10 10 10 12 100 1 10 10 10 12 1 1 10 12 1 1 10 10 12 1 8 10 7 1 10 12 1 10 7 1 10 12 1 10 12 1 10 12 1 10 10 12 1 10 12 1 1 10 12 1 1 10 12 1 10 12 1 10 12 1 100 1 10 12 1 1 100 1 8 1 10 7 1 10 12 1 10 12 10 12 1 1 10 12 1 10 12 1 8 1 8 1 8 1 8 1 10 12 1 10 12 1 10 7 12 1 1 1 8 1 8 1 10 12 1 8 1 10 10 10 12 1 10 12 1 8 1 8 1 10 10 12 1 8 1 10 7 12 1 1 1 8 1 7 1 10 12 1 10 12 1 1 10 12 1 8 1 8 1 8 1 8 1 7 1 10 8 1 8 1 8 1 8 1 10 12 1 100 1 100 1 100 1 10 100 1 10 100 1 10 100 12 1 1 1 9 7 12 1 1 1 100 1 100 1 1 1 1 1 1 1 3 1 3 1 3 1 3 1 3 1 3 1 1 1 1 1 1 1 1 3 1 3 1 1 1 1 1 1 1 1 1 1 1 1 1 1 1 1 1 1 1 1 1 1 1 1 100 1 1 1 1 1 1 1 1 1 1 1 1 1 1 1 1 1 1 1 1 1 1 1 1 1 1 1 1 1 1 1 1 1 1 1 1 1 1 1 1 1 1 1 1 1 1 1 1 1 1 1 1 1 1 1 1 1 1 1 1 1 1 1 1 1 1 1 1 1 1 1 1 1 1 1 1 100 1 1 1 1 1 1 1 1 1 1 1 1 1 1 1 1
staticfield java/lang/invoke/MemberName $assertionsDisabled Z 1
ciInstanceKlass java/lang/invoke/ResolvedMethodName 1 1 25 10 100 12 1 1 1 9 100 12 1 1 1 1 1 1 1 1 1 1 1 1 1 1 1
ciInstanceKlass java/lang/invoke/MethodHandleNatives 1 1 689 100 1 10 7 12 1 1 1 9 7 12 1 1 1 10 12 1 1 100 1 10 10 12 1 1 10 12 1 10 12 1 8 1 8 1 8 1 8 1 8 1 8 1 8 1 8 1 8 1 8 1 10 12 1 1 7 1 10 7 12 1 1 1 10 100 12 1 1 1 7 1 10 10 12 1 1 8 1 10 12 1 8 1 10 12 1 1 8 1 10 12 1 1 9 100 12 1 1 1 8 1 10 100 12 1 1 1 100 1 10 12 100 1 100 1 8 1 7 1 10 10 12 1 7 1 9 7 12 1 1 10 12 1 1 10 12 1 10 7 12 1 1 1 10 12 1 1 9 12 1 8 1 10 12 1 1 10 12 1 8 1 10 12 1 1 7 1 10 12 1 10 7 12 1 1 1 10 12 1 10 12 1 1 10 12 1 1 8 1 10 12 1 1 8 1 10 12 1 8 1 8 1 8 1 100 1 10 12 1 8 1 10 100 12 1 1 1 10 12 1 1 10 100 12 1 1 10 10 12 1 1 10 12 1 10 100 12 1 1 1 100 1 8 1 10 100 12 1 1 1 7 1 8 1 10 12 1 8 1 8 1 8 1 8 1 8 1 10 12 1 1 10 12 1 1 10 12 1 10 12 1 1 10 12 1 1 7 1 10 12 1 100 1 100 1 10 12 1 10 12 1 8 1 8 1 10 10 12 1 1 10 12 1 1 8 1 10 100 12 1 1 8 1 8 1 10 12 1 1 10 7 12 1 1 1 100 1 10 12 1 1 7 1 9 12 1 1 10 7 12 1 1 1 10 10 12 1 9 12 1 10 12 1 9 12 1 9 12 1 10 12 1 1 10 12 1 10 12 1 1 7 1 7 1 10 12 1 1 10 12 1 10 12 1 1 10 7 12 1 1 1 10 12 1 8 1 10 12 1 10 12 1 10 12 1 1 10 12 1 10 7 12 1 1 1 10 12 1 1 100 1 8 1 10 9 7 12 1 1 1 10 12 1 1 10 12 1 1 100 1 10 12 1 1 10 12 1 1 100 1 100 1 10 10 100 1 100 1 10 100 1 10 10 12 1 1 10 100 1 10 12 1 10 12 1 1 10 12 1 1 10 12 1 1 10 12 1 10 12 1 1 10 8 1 10 12 1 10 12 1 10 12 1 10 12 1 10 12 1 1 10 12 1 10 12 1 10 12 1 10 10 7 12 1 1 10 12 1 1 1 1 1 1 1 1 1 1 1 1 1 100 1 1 1 1 1 1 1 1 1 1 1 1 1 1 1 1 1 1 1 1 1 1 1 1 1 1 1 1 1 1 1 1 1 1 1 1 1 1 1 1 1 1 1 1 1 1 1 1 1 1 1 1 1 1 1 1 1 1 1 1 1 1 1 100 1 1 1 1 1 1 1 1 1 1 1 1 1 1 1 1 1 1 1 1 1 1 1 1 1 1 1 1 1 1 1 1 1 1 1 100 1 1 1 1 1 1 1 1 1 1 1 1 1 1 1 1 1 1 1 1 1 1 1 1 1 1 1 1 1 1 1 1 1 1 100 1 1
staticfield java/lang/invoke/MethodHandleNatives $assertionsDisabled Z 1
ciInstanceKlass jdk/internal/foreign/abi/NativeEntryPoint 0 0 223 10 100 12 1 1 1 9 100 12 1 1 1 9 12 1 1 100 1 8 1 10 12 1 10 12 1 1 100 1 10 100 12 1 1 1 10 12 1 9 12 1 1 18 12 1 1 10 100 12 1 1 1 9 100 12 1 1 1 8 1 10 12 1 1 8 1 8 1 8 1 8 1 10 100 12 1 1 1 100 1 10 10 12 1 1 8 1 10 12 1 8 1 10 12 1 10 12 1 1 10 12 1 1 100 1 8 1 10 12 1 10 12 1 1 100 1 8 1 10 10 12 1 9 12 1 1 18 12 1 1 10 100 12 1 1 1 10 12 1 1 10 12 1 10 100 12 1 1 1 10 1 1 1 1 1 1 1 1 1 1 1 1 1 1 1 1 1 1 1 1 1 1 1 1 1 1 1 1 1 1 1 1 1 1 1 1 1 1 1 1 1 1 1 1 16 1 15 10 12 16 1 16 15 10 12 15 10 100 12 1 1 1 1 1 100 1 1 100 1 100 1 1
ciInstanceKlass jdk/internal/foreign/abi/ABIDescriptor 0 0 55 10 100 12 1 1 1 9 100 12 1 1 1 9 12 1 1 9 12 1 9 12 1 9 12 1 1 9 12 1 9 12 1 1 9 12 1 9 12 1 9 12 1 9 12 1 1 1 1 1 1 1 1 1 1
ciInstanceKlass jdk/internal/foreign/abi/VMStorage 0 0 111 10 100 12 1 1 1 9 100 12 1 1 1 9 12 1 1 9 12 1 1 9 12 1 1 100 1 10 8 1 10 12 1 1 10 12 1 10 12 1 1 10 12 1 100 1 10 100 12 1 1 1 10 100 12 1 1 10 100 12 1 1 10 100 12 1 1 1 18 12 1 1 1 1 1 1 1 1 1 1 1 1 1 1 1 1 1 1 1 1 1 1 8 1 15 15 15 15 15 10 100 12 1 1 1 1 100 1 100 1 1
ciInstanceKlass jdk/internal/foreign/abi/UpcallLinker$CallRegs 0 0 66 10 100 12 1 1 1 9 100 12 1 1 1 9 12 1 18 12 1 1 18 12 1 1 18 12 1 1 1 1 1 1 1 1 1 1 1 1 1 1 1 1 1 1 100 1 1 1 8 1 15 15 15 10 100 12 1 1 1 1 1 100 1 100 1 1
instanceKlass java/lang/StackFrameInfo
ciInstanceKlass java/lang/ClassFrameInfo 0 0 126 10 100 12 1 1 1 9 100 12 1 1 1 100 1 3 9 12 1 1 9 12 1 1 100 1 9 12 1 1 3 11 100 12 1 1 1 11 12 1 10 12 1 1 10 12 1 1 10 12 1 100 1 10 10 12 1 1 8 1 8 1 10 12 100 1 10 10 12 1 1 8 1 10 12 1 8 1 10 12 8 1 10 12 1 10 100 12 1 1 1 100 1 1 1 1 1 1 1 1 1 1 1 1 1 1 1 1 1 1 1 1 1 1 1 1 1 1 1 100 1 1 1 1 1 1
ciInstanceKlass java/lang/StackWalker$StackFrame 0 0 41 100 1 10 12 1 1 100 1 100 1 1 1 1 1 1 1 1 1 1 1 1 1 1 1 1 1 1 1 1 1 1 1 1 1 1 1 100 1 1 1
ciInstanceKlass java/lang/StackWalker 0 0 236 9 100 12 1 1 1 10 100 12 1 1 1 100 1 10 100 12 1 1 1 10 12 1 1 11 100 12 1 1 1 10 12 1 1 10 12 1 1 100 1 8 1 10 12 1 10 12 1 10 12 1 10 100 12 1 1 9 12 1 1 9 12 1 1 9 12 1 1 9 12 1 1 10 12 1 1 9 12 1 1 9 12 1 1 9 12 1 1 9 12 1 1 10 12 1 1 10 100 12 1 1 1 10 100 12 1 1 1 18 12 1 1 100 1 8 1 10 8 1 10 12 1 1 10 100 12 1 1 1 10 12 1 1 10 12 1 11 12 1 1 9 100 12 1 1 11 100 12 1 1 1 10 12 1 1 1 1 1 1 1 1 1 1 1 1 1 1 1 1 1 1 1 1 1 1 1 1 1 1 1 1 1 1 1 1 1 1 1 1 1 1 1 1 1 1 1 1 1 1 1 1 1 1 1 1 1 1 1 100 1 1 16 15 10 12 16 1 15 10 100 12 1 1 1 1 1 1 1 1 1 100 1 100 1 1
instanceKlass java/lang/LiveStackFrameInfo
ciInstanceKlass java/lang/StackFrameInfo 0 0 150 10 100 12 1 1 1 9 100 12 1 1 1 9 12 1 1 11 100 12 1 1 1 10 12 1 1 10 100 12 1 1 1 9 12 1 1 10 12 1 1 9 12 1 1 100 1 10 12 10 12 1 9 12 1 100 1 100 1 10 12 1 1 11 12 1 1 10 12 1 10 12 1 10 12 1 1 9 12 1 1 10 12 1 1 10 100 12 1 1 10 12 1 1 9 12 1 10 100 12 1 1 1 9 12 1 1 10 100 1 10 12 1 9 12 1 1 10 12 1 1 10 12 1 1 1 1 1 1 1 1 1 1 1 1 1 1 1 1 100 1 100 1 1 1 1 1 1 1 1
ciInstanceKlass java/lang/LiveStackFrameInfo 0 0 97 10 100 12 1 1 1 9 100 12 1 1 1 9 12 1 9 12 1 9 12 1 9 12 1 1 100 1 10 12 1 1 10 12 1 8 1 10 12 1 1 8 1 8 1 8 1 10 100 1 10 12 1 100 1 10 12 1 100 1 100 1 1 1 3 1 3 1 1 1 1 1 1 1 1 1 1 1 1 1 1 1 1 1 1 1 1 1 1 1 1 1 1 1 100 1 1
ciInstanceKlass java/lang/LiveStackFrame 0 0 112 100 1 10 100 12 1 1 1 11 100 12 1 1 1 11 12 1 9 100 12 1 1 1 10 100 12 1 1 1 10 100 12 1 1 1 11 12 1 10 12 1 100 1 100 1 1 1 1 1 1 1 1 1 1 1 1 1 1 1 1 1 1 1 1 1 1 1 1 1 100 1 1 1 1 1 1 1 100 1 8 1 1 12 10 1 1 1 8 1 1 1 8 1 1 1 8 1 1 1 8 1 1 8 1 1 1 8 1 1 8 1
ciInstanceKlass java/lang/StackStreamFactory$AbstractStackWalker 1 0 364 100 1 100 1 3 10 100 12 1 1 1 10 100 12 1 1 10 100 12 1 1 1 9 12 1 1 9 12 1 1 9 12 1 1 9 12 1 9 12 1 10 100 12 1 1 1 10 12 1 1 10 100 12 1 1 9 12 1 1 9 12 1 1 10 12 1 1 9 12 1 1 10 100 12 1 1 1 10 12 1 1 9 12 1 1 9 100 12 1 1 1 100 1 10 8 1 10 12 1 1 10 12 1 8 1 10 12 1 1 10 100 12 1 1 1 100 1 8 1 10 12 1 8 1 10 12 10 100 12 1 1 9 12 1 1 8 1 5 0 8 1 8 1 9 12 1 1 10 12 1 1 18 12 1 1 10 100 12 1 1 1 10 12 1 1 10 12 1 10 12 1 9 100 12 1 1 1 10 12 1 1 9 12 1 10 12 1 10 12 1 10 12 1 10 12 1 10 12 1 10 12 1 1 8 1 10 12 1 10 12 1 10 12 1 10 12 1 1 8 1 10 12 1 1 10 12 1 1 10 12 1 1 10 12 1 10 12 1 10 12 1 9 12 1 8 1 10 12 1 8 1 10 12 1 10 12 1 1 10 12 1 10 12 1 10 12 1 1 10 12 1 10 12 1 10 12 1 10 12 1 10 12 1 10 12 1 1 10 12 1 10 12 1 10 12 1 10 12 1 8 1 1 1 1 1 1 1 1 1 1 1 1 1 100 1 1 1 1 1 1 100 1 1 1 1 100 1 1 1 1 1 1 1 1 1 1 1 1 1 1 1 1 1 1 16 15 15 10 100 12 1 1 1 1 1 1 1 1 100 1 100 1 1
ciInstanceKlass jdk/internal/module/Modules 1 1 481 10 100 12 1 1 1 9 7 12 1 1 1 11 7 12 1 1 1 11 12 1 1 11 12 1 1 11 12 1 1 11 12 1 11 12 1 11 12 1 11 12 1 11 12 1 11 12 1 1 10 100 12 1 1 1 10 12 1 1 10 100 12 1 1 10 100 12 1 1 1 10 100 12 1 1 10 12 1 1 11 12 1 9 12 1 1 11 100 12 1 1 1 10 12 1 1 10 10 12 1 10 100 1 9 12 1 1 10 100 12 1 1 10 12 1 1 10 100 12 1 1 1 100 1 11 100 12 1 1 1 10 100 12 1 1 1 11 100 12 1 1 10 12 1 1 10 100 12 1 1 10 100 12 1 1 1 10 12 1 1 10 12 1 1 11 12 1 1 18 12 1 1 11 100 12 1 1 10 100 12 1 1 1 11 100 12 1 1 1 100 1 11 12 1 1 11 100 12 1 1 1 11 12 1 1 10 12 1 1 10 100 12 1 1 18 12 1 1 11 12 1 1 18 12 1 1 11 12 1 1 10 12 1 18 18 10 12 1 1 9 12 1 1 11 100 12 1 1 1 100 1 10 11 12 1 11 12 1 1 10 100 1 10 12 1 1 10 100 12 1 1 10 12 1 1 11 12 10 12 1 1 100 1 10 18 12 1 10 12 1 1 100 1 8 1 10 12 1 10 100 12 1 1 18 12 1 11 11 12 10 12 1 10 10 100 1 18 12 1 10 10 10 7 12 1 1 10 7 12 1 1 1 10 12 1 1 1 1 1 1 1 1 1 1 1 1 1 1 1 1 1 1 1 1 1 1 1 1 1 1 1 1 1 1 1 1 1 1 1 1 1 1 1 1 1 1 1 1 1 1 1 1 1 1 1 1 1 1 1 1 1 1 1 1 1 1 1 1 100 1 1 1 1 1 1 1 1 1 1 1 1 1 1 1 1 1 1 1 1 1 1 1 16 15 10 12 1 16 1 16 1 15 10 12 1 16 1 16 1 15 10 12 16 1 15 10 16 1 15 10 12 16 1 16 15 10 12 16 15 10 12 16 15 10 12 15 10 100 12 1 1 1 1 1 1 100 1 100 1 1
staticfield jdk/internal/module/Modules JLA Ljdk/internal/access/JavaLangAccess; java/lang/System$1
staticfield jdk/internal/module/Modules JLMA Ljdk/internal/access/JavaLangModuleAccess; java/lang/module/ModuleDescriptor$1
staticfield jdk/internal/module/Modules $assertionsDisabled Z 1
ciInstanceKlass java/lang/invoke/Invokers$Holder 1 1 139 1 100 1 100 1 1 1 7 1 7 1 7 1 1 12 10 1 1 12 10 1 1 12 10 1 1 1 12 10 1 1 12 10 1 12 10 1 1 1 12 10 1 1 100 1 1 12 10 1 12 10 1 1 12 10 1 12 10 1 1 12 10 1 1 12 10 1 1 12 10 1 12 10 1 1 12 10 1 1 12 10 1 1 12 10 1 12 10 1 1 12 10 12 10 1 12 10 1 12 10 1 12 10 1 12 10 12 10 1 1 12 10 1 1 12 10 1 1 12 10 1 1 12 10 1 1 12 10 1 12 10 1 1 1 1 1 1 1
ciMethod java/lang/invoke/Invokers$Holder linkToTargetMethod (Ljava/lang/Object;ILjava/lang/Object;)Ljava/lang/Object; 512 0 274132 0 -1
ciMethod java/lang/invoke/Invokers$Holder linkToTargetMethod (Ljava/lang/Object;Ljava/lang/Object;)Ljava/lang/Object; 516 0 159683 0 -1
ciInstanceKlass java/lang/invoke/DirectMethodHandle$Holder 1 1 541 1 100 1 100 1 1 1 7 1 1 12 10 1 12 10 1 7 1 7 1 1 12 10 1 1 1 1 12 10 1 1 12 10 1 1 12 10 1 1 12 10 1 1 12 10 1 1 12 10 1 1 12 10 1 1 12 10 1 1 12 10 1 1 12 10 1 1 12 10 1 1 12 10 1 1 12 10 1 1 12 10 1 1 12 10 12 10 1 1 12 10 1 1 12 10 1 1 12 10 1 1 12 10 1 1 12 10 1 1 12 10 1 1 12 10 1 1 12 10 1 1 12 10 1 1 12 10 1 1 12 10 1 1 12 10 1 1 12 10 1 1 12 10 1 1 12 10 1 1 12 10 1 1 12 10 1 1 12 10 1 1 12 10 1 1 12 10 1 1 12 10 1 1 12 10 1 1 12 10 1 1 12 10 1 1 12 10 1 1 12 10 1 1 12 10 1 1 12 10 1 1 12 10 12 10 12 10 12 10 12 10 12 10 12 10 12 10 12 10 1 1 12 10 12 10 12 10 12 10 1 1 12 10 1 1 12 10 1 1 12 10 1 1 12 10 1 1 12 10 1 1 12 10 1 1 12 10 1 1 12 10 1 1 12 10 1 1 12 10 1 1 12 10 1 1 12 10 1 1 12 10 1 1 12 10 1 1 12 10 1 1 12 10 12 10 12 10 12 10 1 12 10 1 1 12 10 1 1 12 10 1 1 1 1 12 10 12 10 1 1 12 10 1 12 10 12 10 1 1 12 10 1 1 12 10 1 12 10 1 1 12 10 12 10 1 1 1 12 10 1 12 10 1 7 1 1 12 9 1 7 1 1 12 10 1 1 12 10 1 1 1 12 10 1 12 10 1 1 12 10 1 12 10 1 1 1 12 10 1 1 1 1 12 10 1 1 12 10 1 1 12 10 1 12 10 1 1 1 1 1 12 10 1 1 12 10 1 1 12 10 1 12 10 1 1 1 1 1 12 10 1 1 12 10 1 1 12 10 1 12 10 1 1 1 1 12 10 1 1 12 10 1 1 12 10 1 12 10 1 1 1 1 1 12 10 1 12 10 1 1 1 12 10 1 12 10 1 1 1 1 12 10 1 12 10 1 1 1 12 10 1 12 10 1 1 1 1 1 12 10 1 12 10 1 1 1 12 10 1 12 10 1 1 1 12 10 1 12 10 1 1 12 10 1 12 10 1 1 12 10 1 1 1 1 1 1 1 1 1 1
ciMethod java/lang/invoke/DirectMethodHandle$Holder invokeStatic (Ljava/lang/Object;Ljava/lang/Object;Ljava/lang/Object;)Ljava/lang/Object; 496 0 89402 0 -1
ciMethod java/lang/invoke/DirectMethodHandle$Holder invokeSpecial (Ljava/lang/Object;Ljava/lang/Object;Ljava/lang/Object;I)Ljava/lang/Object; 512 0 274134 0 -1
ciInstanceKlass jdk/internal/loader/ClassLoaders 1 1 185 10 100 12 1 1 1 10 7 12 1 1 1 10 12 1 1 10 7 12 1 1 1 9 7 12 1 1 1 9 12 1 1 9 12 1 1 7 1 11 100 12 1 1 1 100 1 11 12 1 1 11 12 1 1 10 100 12 1 1 1 10 100 12 1 1 1 100 1 100 1 10 7 12 1 1 1 9 12 1 1 8 1 10 7 12 1 1 1 10 12 1 1 7 1 10 12 1 10 12 1 1 7 1 10 12 1 1 10 12 1 1 10 12 1 7 1 10 12 10 12 1 8 1 10 7 12 1 1 8 1 8 1 10 12 1 7 1 10 10 12 1 10 12 1 1 1 1 1 1 1 1 1 1 1 1 1 1 1 1 1 1 1 1 100 1 1 1 1 1 1 1 1 1 1 1 1 1 1 1 1 1 1 1 1
staticfield jdk/internal/loader/ClassLoaders JLA Ljdk/internal/access/JavaLangAccess; java/lang/System$1
staticfield jdk/internal/loader/ClassLoaders BOOT_LOADER Ljdk/internal/loader/ClassLoaders$BootClassLoader; jdk/internal/loader/ClassLoaders$BootClassLoader
staticfield jdk/internal/loader/ClassLoaders PLATFORM_LOADER Ljdk/internal/loader/ClassLoaders$PlatformClassLoader; jdk/internal/loader/ClassLoaders$PlatformClassLoader
staticfield jdk/internal/loader/ClassLoaders APP_LOADER Ljdk/internal/loader/ClassLoaders$AppClassLoader; jdk/internal/loader/ClassLoaders$AppClassLoader
ciInstanceKlass java/util/ArrayList 1 1 514 10 7 12 1 1 1 7 1 9 7 12 1 1 1 9 12 1 100 1 100 1 10 8 1 10 12 1 1 10 12 1 10 12 1 1 10 12 1 9 12 1 11 7 12 1 1 1 9 12 1 1 11 12 1 1 7 10 7 12 1 1 1 9 12 1 10 12 1 10 12 1 1 10 7 12 1 1 1 10 7 12 1 1 1 10 12 1 1 10 12 1 1 10 12 1 1 10 12 1 10 12 1 1 100 1 100 1 10 12 1 10 10 7 12 1 1 1 10 7 12 1 1 10 12 1 100 1 10 10 12 10 12 1 1 10 12 1 1 10 12 1 10 12 10 12 1 1 100 1 10 12 1 1 10 12 1 1 10 12 1 100 1 10 11 12 1 1 11 100 12 1 1 1 11 12 1 10 12 1 10 12 1 10 12 1 1 100 1 10 12 1 1 10 10 12 1 1 10 12 1 8 1 8 1 8 1 8 1 10 12 1 1 10 12 1 1 11 12 1 100 1 10 100 12 1 1 10 12 1 10 12 1 1 10 100 12 1 1 10 12 1 10 100 12 1 1 1 11 100 12 1 1 1 10 12 1 100 1 8 1 10 100 1 10 12 1 7 1 10 12 1 10 12 1 1 7 1 10 12 1 10 12 1 1 11 100 12 1 1 7 1 10 12 1 10 12 1 1 11 100 12 1 1 10 12 1 1 10 12 1 1 10 12 1 1 10 12 1 1 11 100 12 1 1 10 12 1 1 10 12 1 1 100 1 100 1 100 1 1 1 1 5 0 1 3 1 1 1 1 1 1 1 1 1 1 1 1 1 1 1 1 1 1 1 1 1 1 1 1 1 1 1 1 1 1 1 1 1 1 1 1 1 1 1 1 1 1 1 1 1 1 1 1 1 1 1 1 1 1 1 1 1 1 1 1 1 1 1 1 1 1 1 1 1 1 1 1 1 1 1 1 1 1 1 1 1 1 1 1 1 1 1 1 1 1 1 1 1 1 1 1 1 1 1 1 1 1 1 1 100 1 1 1 1 100 1 1 1 1 1 1 1 1 1 1 1 1 1 1 1 1 1 1 1 1 1 1 1 1 1 1 1 1 1 100 1 1 1 1 1 1 1 1 1 1 1 1 1 1 1 1 1 1 1 100 1 100 1 1 1 1 1 1
staticfield java/util/ArrayList EMPTY_ELEMENTDATA [Ljava/lang/Object; 0 [Ljava/lang/Object;
staticfield java/util/ArrayList DEFAULTCAPACITY_EMPTY_ELEMENTDATA [Ljava/lang/Object; 0 [Ljava/lang/Object;
ciInstanceKlass java/util/List 1 1 251 10 100 12 1 1 1 11 100 12 1 1 1 11 100 12 1 1 1 11 12 1 1 11 100 12 1 1 11 12 1 1 11 12 1 1 10 100 12 1 1 1 100 1 100 1 10 12 1 1 100 1 10 100 12 1 1 1 11 12 1 1 11 12 1 11 12 1 100 1 10 12 1 11 12 1 1 11 12 1 1 11 12 1 10 100 12 1 1 1 9 7 12 1 1 1 7 1 10 12 10 12 1 7 1 10 12 1 1 10 12 1 10 12 1 1 11 12 1 1 100 1 1 1 1 1 1 1 1 1 1 1 1 1 1 1 1 1 1 1 1 1 1 1 1 1 1 1 1 1 1 1 1 1 1 1 1 1 1 1 1 1 1 1 1 100 1 100 1 1 1 1 1 1 1 1 1 1 1 1 1 1 1 1 1 1 1 1 1 1 1 1 1 1 1 1 1 1 1 1 1 1 1 1 1 1 1 1 1 1 1 1 1 1 1 1 1 1 1 1 1 1 1 1 1 1 1 1 1 1 1 1 1 1 1 1 1 1 1 1 1 1 1 1 100 1 1 100 1 1 1
ciInstanceKlass java/util/SequencedCollection 1 1 104 100 1 10 12 1 1 11 100 12 1 1 1 11 100 12 1 1 1 11 12 1 1 11 12 1 100 1 100 1 1 1 1 1 1 1 1 1 1 1 1 1 1 1 1 1 1 1 1 1 1 1 1 1 1 1 1 1 100 1 8 1 12 10 1 1 8 1 1 1 8 1 1 8 1 1 1 8 1 1 8 1 1 1 8 1 1 8 1 8 1 1 8 1 1 1 8 1 1 8 1 1 8 1
ciInstanceKlass java/lang/Iterable 1 1 62 10 7 12 1 1 1 11 7 12 1 1 1 11 7 12 1 1 1 11 12 1 1 11 7 12 1 1 1 10 100 12 1 1 1 100 1 1 1 1 1 1 1 1 1 1 1 1 1 1 1 1 1 1 1 1 1 1 1 1 1 1
ciInstanceKlass java/util/RandomAccess 1 0 7 100 1 100 1 1 1
instanceKlass java/util/LinkedHashMap$LinkedValues
instanceKlass java/util/concurrent/ConcurrentLinkedDeque
instanceKlass java/util/AbstractQueue
instanceKlass java/util/IdentityHashMap$Values
instanceKlass com/landawn/abacus/util/ImmutableCollection
instanceKlass java/util/HashMap$Values
instanceKlass java/util/ArrayDeque
instanceKlass java/util/AbstractSet
instanceKlass java/util/ImmutableCollections$AbstractImmutableCollection
instanceKlass java/util/AbstractList
ciInstanceKlass java/util/AbstractCollection 1 1 160 10 7 12 1 1 1 10 7 12 1 1 1 10 12 1 1 11 7 12 1 1 1 11 12 1 1 10 12 1 1 10 100 12 1 1 1 10 12 1 1 10 12 1 1 10 7 12 1 1 10 7 12 1 1 1 7 1 10 100 12 1 1 1 10 100 12 1 1 1 100 1 10 11 12 1 11 7 1 10 12 1 10 12 1 10 100 12 1 1 1 11 8 1 7 1 10 10 12 1 1 8 1 10 12 1 10 12 1 1 1 1 1 1 1 1 1 1 1 1 1 1 1 1 1 1 1 1 1 1 1 1 1 1 1 1 1 1 1 1 1 1 1 1 1 1 1 1 1 1 1 1 1 1 1 1 1 1 1 1
ciMethod java/util/AbstractCollection <init> ()V 648 0 477736 0 0
instanceKlass java/util/Collections$CopiesList
instanceKlass java/util/Vector
instanceKlass java/util/AbstractSequentialList
instanceKlass java/util/ArrayList$SubList
instanceKlass java/util/Arrays$ArrayList
instanceKlass sun/security/jca/ProviderList$2
instanceKlass java/util/Collections$SingletonList
instanceKlass java/util/Collections$EmptyList
instanceKlass java/util/ArrayList
ciInstanceKlass java/util/AbstractList 1 1 218 10 7 12 1 1 1 9 7 12 1 1 1 10 12 1 1 10 12 1 1 100 1 10 10 12 1 1 11 100 12 1 1 1 11 12 1 1 11 12 1 10 7 12 1 1 1 10 12 1 11 12 1 11 12 1 11 12 1 10 12 1 1 10 12 1 1 11 100 12 1 1 1 11 7 1 11 7 1 10 12 1 100 1 10 12 1 10 12 1 1 100 1 100 1 10 12 1 100 1 10 100 1 100 1 10 8 1 10 12 1 1 10 12 1 10 12 1 1 10 12 1 8 1 100 1 8 1 8 1 8 1 10 100 1 11 10 10 12 1 11 12 1 10 12 1 1 8 1 8 1 1 1 1 1 1 1 1 1 1 1 1 1 1 1 1 1 1 1 1 1 1 1 1 1 1 1 1 1 1 1 1 1 1 1 1 1 1 1 1 1 1 1 1 1 1 1 1 1 1 1 1 1 1 1 1 1 1 100 1 100 1 1 1 1 1 1 1
instanceKlass java/util/LinkedHashSet
ciInstanceKlass java/util/HashSet 1 1 303 10 7 12 1 1 1 7 1 10 9 7 12 1 1 1 11 7 12 1 1 1 10 7 12 1 1 1 10 12 1 1 10 12 1 1 10 12 1 10 12 1 7 1 10 10 12 1 1 11 7 12 1 1 1 10 10 12 1 1 10 12 1 1 9 12 1 1 10 12 1 1 10 12 1 1 10 12 1 10 7 12 1 1 1 10 100 1 100 1 10 12 1 10 100 12 1 1 10 12 1 10 12 1 10 12 1 1 10 12 1 1 11 100 12 1 1 11 12 1 10 12 1 1 10 100 12 1 1 1 10 12 1 100 1 100 1 10 8 1 10 12 1 1 10 12 1 10 12 1 1 10 12 1 10 12 1 10 100 12 1 1 1 8 1 10 12 1 4 4 10 12 1 1 8 1 10 12 1 1 4 10 100 12 1 1 1 100 1 10 12 1 1 11 100 12 1 1 1 100 1 10 12 1 100 1 10 12 1 10 12 1 1 10 12 1 100 1 8 1 10 10 12 1 10 10 100 1 100 1 1 1 1 5 0 1 1 1 1 1 1 1 1 1 1 1 1 1 1 1 1 1 1 1 1 1 1 1 1 1 1 1 1 1 1 1 1 1 1 100 1 1 1 1 100 1 1 1 1 1 1 1 1 1 1 1 1 1 1 1 1 1 1 1 100 1 1 100 1 100 1 1 1
staticfield java/util/HashSet PRESENT Ljava/lang/Object; java/lang/Object
instanceKlass java/util/LinkedHashMap$LinkedEntrySet
instanceKlass java/util/HashMap$KeySet
instanceKlass java/util/TreeSet
instanceKlass java/util/LinkedHashMap$LinkedKeySet
instanceKlass java/util/Collections$SingletonSet
instanceKlass java/util/EnumSet
instanceKlass jdk/internal/util/ReferencedKeySet
instanceKlass java/util/IdentityHashMap$KeySet
instanceKlass java/util/WeakHashMap$KeySet
instanceKlass java/util/Collections$SetFromMap
instanceKlass java/util/ImmutableCollections$MapN$1
instanceKlass java/util/Collections$EmptySet
instanceKlass java/util/HashMap$EntrySet
instanceKlass java/util/HashSet
ciInstanceKlass java/util/AbstractSet 1 1 96 10 7 12 1 1 1 7 1 7 1 11 12 1 1 10 7 1 10 12 1 1 100 1 100 1 10 12 1 1 11 7 12 1 1 1 11 12 1 1 10 100 12 1 1 10 7 12 1 1 1 11 10 12 1 1 11 12 1 11 12 1 1 1 1 1 1 1 1 1 1 1 1 1 1 1 1 100 1 1 1 1 1 1 1 1 1 1 1 1 1 1 1 1 1 1
ciMethod java/util/HashSet remove (Ljava/lang/Object;)Z 578 0 5636 0 632
ciMethod java/util/HashSet add (Ljava/lang/Object;)Z 794 0 5583 0 280
ciMethod java/util/HashSet contains (Ljava/lang/Object;)Z 572 0 25834 0 800
ciInstanceKlass java/lang/annotation/Annotation 1 0 17 100 1 100 1 1 1 1 1 1 1 1 1 1 1 1 1
ciInstanceKlass java/util/LinkedHashMap 1 1 386 9 7 12 1 1 1 9 12 1 1 9 12 1 9 7 12 1 1 9 12 1 10 7 12 1 1 1 10 12 1 1 10 12 1 1 9 12 1 9 12 1 1 9 12 1 10 12 1 1 100 1 10 10 12 1 1 10 12 1 10 12 1 1 9 12 1 1 9 12 1 10 12 1 1 10 100 12 1 1 1 10 12 1 10 12 1 10 12 10 12 1 1 10 100 12 1 1 1 10 12 1 1 10 12 1 1 9 7 1 10 12 1 10 12 1 1 9 12 1 1 7 1 10 12 1 7 1 100 1 10 10 12 1 1 10 12 1 1 9 12 1 1 7 1 10 7 1 10 12 1 9 12 1 7 1 10 100 1 10 11 100 12 1 1 1 100 1 10 11 100 12 1 1 100 1 100 1 10 8 1 10 12 1 1 10 12 1 10 12 1 1 10 12 1 10 12 1 1 10 100 1 10 12 1 100 1 1 1 1 5 0 1 1 1 3 1 3 1 3 1 1 1 1 1 1 1 1 1 1 1 1 1 1 1 1 1 1 1 1 1 1 1 1 1 1 1 1 1 1 1 1 1 1 1 1 1 1 1 1 1 1 1 1 1 1 1 100 1 1 1 1 1 1 1 1 100 1 1 1 1 1 1 1 1 1 1 1 1 1 1 1 1 1 1 1 1 1 1 1 1 1 1 1 1 100 1 1 1 1 1 1 1 1 1 1 1 1 1 1 100 1 1 1 1 1 1 1 1 1 100 1 1 1 1 1 1 1 1 1 1 1 1 1 1 1 1 1 1 1 1 1 1 1 1 1 1 1 1 1 1 1 100 1 100 1 100 1 100 1 1 1 1 1 100 1 100 1 1 1 1 1 1 1 1 1
ciMethod java/util/Map getOrDefault (Ljava/lang/Object;Ljava/lang/Object;)Ljava/lang/Object; 0 0 1 0 -1
ciInstanceKlass java/util/function/BiConsumer 1 1 60 10 100 12 1 1 1 18 12 1 1 11 100 12 1 1 100 1 1 1 1 1 1 1 1 1 1 1 1 1 1 1 1 1 1 1 1 1 1 1 1 1 1 16 15 11 12 15 10 100 12 1 1 1 1 100 1 100 1 1
ciMethod java/util/function/BiConsumer accept (Ljava/lang/Object;Ljava/lang/Object;)V 0 0 1 0 -1
ciInstanceKlass java/lang/invoke/DirectMethodHandle$Constructor 1 1 91 10 7 12 1 1 1 9 7 12 1 1 1 9 12 1 1 9 12 1 1 10 100 12 1 1 1 100 1 10 12 1 9 12 1 9 12 1 10 12 1 10 12 1 1 9 12 1 1 10 12 1 1 10 7 12 1 1 1 1 1 1 1 1 1 1 1 1 1 1 100 1 100 1 1 1 1 1 1 1 1 1 1 1 1 1 1 1 1 1 1
staticfield java/lang/invoke/DirectMethodHandle$Constructor $assertionsDisabled Z 1
ciInstanceKlass jdk/internal/util/DecimalDigits 1 1 118 10 100 12 1 1 1 5 0 5 0 10 7 12 1 1 1 10 12 1 100 1 5 0 5 0 10 12 1 10 12 1 10 12 1 1 9 12 1 1 9 12 1 1 100 1 10 9 12 1 1 9 7 12 1 1 1 10 12 1 1 10 12 1 1 10 7 12 1 1 1 10 12 1 1 1 1 1 1 1 1 1 1 1 1 1 1 1 1 1 1 1 1 1 1 1 1 1 1 1 1 1 1 1 1 1 1 1 1 1 1 1 1 1 1 100 1 1
staticfield jdk/internal/util/DecimalDigits UNSAFE Ljdk/internal/misc/Unsafe; jdk/internal/misc/Unsafe
staticfield jdk/internal/util/DecimalDigits DIGITS [S 128
staticfield jdk/internal/util/DecimalDigits $assertionsDisabled Z 1
ciMethod jdk/internal/util/DecimalDigits stringSize (I)I 524 12 11509 0 200
ciMethod jdk/internal/util/DecimalDigits uncheckedGetCharsLatin1 (II[B)I 530 438 9721 0 416
ciMethod jdk/internal/util/DecimalDigits uncheckedGetCharsUTF16 (II[B)I 0 0 1 0 -1
ciMethod jdk/internal/util/DecimalDigits uncheckedPutPairLatin1 ([BII)V 512 0 15466 0 152
ciMethod jdk/internal/util/DecimalDigits uncheckedPutCharLatin1 ([BII)V 524 0 7244 0 112
ciInstanceKlass java/util/jar/Attributes$Name 1 1 233 9 7 12 1 1 1 11 7 12 1 1 1 10 12 1 1 10 7 12 1 1 10 12 1 1 9 12 1 1 10 7 12 1 1 1 9 12 1 1 8 10 7 12 1 1 1 10 12 1 1 100 1 10 10 12 1 1 10 12 1 1 11 12 1 1 10 7 12 1 1 1 8 1 9 12 1 1 8 1 9 12 1 8 1 9 12 1 8 1 9 12 1 8 1 9 12 1 8 1 9 12 1 8 1 9 12 1 8 1 9 12 1 8 1 9 12 1 8 1 9 12 1 8 1 9 12 1 8 1 9 12 1 8 1 9 12 1 8 1 9 12 1 8 1 9 12 1 8 1 9 12 1 8 1 9 12 1 8 1 9 12 1 100 1 10 12 1 10 12 1 1 8 1 8 1 8 1 8 1 8 1 8 1 8 1 8 1 8 1 8 1 11 12 1 1 1 1 1 1 1 1 1 1 1 1 1 1 1 1 1 1 1 1 1 1 1 1 1 1 1 1 1 1 1 1 1 1 1 1 100 1 1
staticfield java/util/jar/Attributes$Name MANIFEST_VERSION Ljava/util/jar/Attributes$Name; java/util/jar/Attributes$Name
staticfield java/util/jar/Attributes$Name SIGNATURE_VERSION Ljava/util/jar/Attributes$Name; java/util/jar/Attributes$Name
staticfield java/util/jar/Attributes$Name CONTENT_TYPE Ljava/util/jar/Attributes$Name; java/util/jar/Attributes$Name
staticfield java/util/jar/Attributes$Name CLASS_PATH Ljava/util/jar/Attributes$Name; java/util/jar/Attributes$Name
staticfield java/util/jar/Attributes$Name MAIN_CLASS Ljava/util/jar/Attributes$Name; java/util/jar/Attributes$Name
staticfield java/util/jar/Attributes$Name SEALED Ljava/util/jar/Attributes$Name; java/util/jar/Attributes$Name
staticfield java/util/jar/Attributes$Name EXTENSION_LIST Ljava/util/jar/Attributes$Name; java/util/jar/Attributes$Name
staticfield java/util/jar/Attributes$Name EXTENSION_NAME Ljava/util/jar/Attributes$Name; java/util/jar/Attributes$Name
staticfield java/util/jar/Attributes$Name EXTENSION_INSTALLATION Ljava/util/jar/Attributes$Name; java/util/jar/Attributes$Name
staticfield java/util/jar/Attributes$Name IMPLEMENTATION_TITLE Ljava/util/jar/Attributes$Name; java/util/jar/Attributes$Name
staticfield java/util/jar/Attributes$Name IMPLEMENTATION_VERSION Ljava/util/jar/Attributes$Name; java/util/jar/Attributes$Name
staticfield java/util/jar/Attributes$Name IMPLEMENTATION_VENDOR Ljava/util/jar/Attributes$Name; java/util/jar/Attributes$Name
staticfield java/util/jar/Attributes$Name IMPLEMENTATION_VENDOR_ID Ljava/util/jar/Attributes$Name; java/util/jar/Attributes$Name
staticfield java/util/jar/Attributes$Name IMPLEMENTATION_URL Ljava/util/jar/Attributes$Name; java/util/jar/Attributes$Name
staticfield java/util/jar/Attributes$Name SPECIFICATION_TITLE Ljava/util/jar/Attributes$Name; java/util/jar/Attributes$Name
staticfield java/util/jar/Attributes$Name SPECIFICATION_VERSION Ljava/util/jar/Attributes$Name; java/util/jar/Attributes$Name
staticfield java/util/jar/Attributes$Name SPECIFICATION_VENDOR Ljava/util/jar/Attributes$Name; java/util/jar/Attributes$Name
staticfield java/util/jar/Attributes$Name MULTI_RELEASE Ljava/util/jar/Attributes$Name; java/util/jar/Attributes$Name
instanceKlass  @bci com/landawn/abacus/util/Strings repeat (Ljava/lang/String;ILjava/lang/String;Ljava/lang/String;Ljava/lang/String;)Ljava/lang/String; 112 <appendix> argL0 member <vmtarget> ; # java/lang/String$$StringConcat+0x000000002f11b400
instanceKlass  @bci com/landawn/abacus/query/condition/AbstractCondition validateNonQuantifiedValueOperands (Ljava/util/Collection;Ljava/lang/String;)V 33 <appendix> argL0 member <vmtarget> ; # java/lang/String$$StringConcat+0x000000002f105400
instanceKlass java/lang/StringConcatHelper$Concat1
instanceKlass  @bci com/landawn/abacus/parser/ParserUtil$XmlNameTag <init> (Ljava/lang/String;Ljava/lang/String;Z)V 47 <appendix> argL0 member <vmtarget> ; # java/lang/String$$StringConcat+0x000000002f050000
ciInstanceKlass java/lang/StringConcatHelper$StringConcatBase 1 1 55 10 7 12 1 1 1 7 1 10 12 1 1 100 1 8 1 10 12 1 10 12 1 1 9 7 12 1 1 1 9 12 1 9 12 1 1 1 1 1 1 1 1 1 1 1 1 100 1 1 1 100 1 1 1
instanceKlass java/util/LinkedHashMap$Entry
ciInstanceKlass java/util/HashMap$Node 1 1 95 10 7 12 1 1 1 9 7 12 1 1 1 9 12 1 1 9 12 1 9 12 1 1 100 1 10 10 12 1 1 8 1 10 12 1 10 12 1 1 10 100 12 1 1 1 100 1 11 12 1 1 10 12 1 1 11 12 1 1 1 1 1 1 1 1 1 1 1 1 1 1 1 1 1 1 1 1 1 1 1 1 1 1 1 1 1 1 100 1 1 1 100 1 1
ciMethod java/util/HashMap$Node getValue ()Ljava/lang/Object; 352 0 176 0 0
ciMethod java/util/HashMap$Node getKey ()Ljava/lang/Object; 336 0 168 0 0
ciInstanceKlass java/util/HashMap$TreeNode 0 0 250 100 1 10 100 12 1 1 1 9 100 12 1 1 1 9 12 1 1 9 12 1 9 12 1 1 9 12 1 1 10 12 1 1 100 1 10 12 1 9 12 1 9 12 1 9 12 1 1 10 100 12 1 1 1 10 12 1 1 10 12 1 1 10 12 1 1 10 12 1 1 10 12 1 1 10 100 12 1 1 1 10 100 12 1 1 1 10 100 12 1 1 1 9 12 1 10 12 1 1 10 12 1 1 10 12 1 1 10 12 1 1 9 100 1 10 12 1 1 10 12 1 1 10 12 1 10 12 1 1 10 12 1 10 12 1 10 12 1 1 1 1 1 1 1 1 1 1 1 1 1 1 1 1 1 1 1 1 1 1 1 1 1 1 100 1 1 1 1 1 1 1 1 1 1 1 1 1 1 1 1 1 1 1 1 1 1 1 1 1 1 1 1 1 1 1 1 1 1 1 1 1 1 1 1 1 1 1 1 1 1 1 1 1 1 1 1 1 1 1 1 1 1 1 1 1 1 1 1 1 1 1 1 1 1 1 1 1 1 1 1 1 1 1 1 100 1 1 1 1
instanceKlass java/util/HashMap$TreeNode
ciInstanceKlass java/util/LinkedHashMap$Entry 1 1 41 10 7 12 1 1 1 100 1 1 1 1 1 1 1 1 1 1 1 1 1 1 1 1 1 1 1 1 1 1 1 1 1 1 100 1 1 100 1 1 1
ciMethod java/util/HashMap$TreeNode removeTreeNode (Ljava/util/HashMap;[Ljava/util/HashMap$Node;Z)V 0 0 1 0 -1
ciMethod java/util/HashMap$TreeNode getTreeNode (ILjava/lang/Object;)Ljava/util/HashMap$TreeNode; 0 0 1 0 -1
ciInstanceKlass java/util/HashMap$EntrySet 1 1 140 10 7 12 1 1 1 9 7 12 1 1 1 10 7 12 1 1 1 9 7 12 1 1 1 10 12 1 7 1 10 12 1 100 1 11 12 1 1 10 12 1 1 10 100 12 1 1 1 11 12 1 10 12 1 1 10 12 1 1 100 1 10 12 1 100 1 10 9 12 1 1 9 12 1 11 100 12 1 1 1 9 12 1 1 100 1 10 1 1 1 1 1 1 1 1 1 1 1 1 1 1 1 1 1 1 1 1 1 1 1 100 1 1 1 1 1 1 1 1 1 1 1 1 1 1 100 1 1 1 1 1 1 1 1 100 1 1 1 1
ciMethod java/util/HashMap$EntrySet iterator ()Ljava/util/Iterator; 1024 0 13553 0 538
ciMethod java/util/HashMap$EntrySet <init> (Ljava/util/HashMap;)V 1024 0 10121 0 0
ciInstanceKlass java/util/HashMap$EntryIterator 1 1 55 10 7 12 1 1 1 10 7 12 1 1 1 10 7 12 1 1 1 10 12 1 1 100 1 1 1 1 1 1 1 1 1 1 1 1 1 1 1 1 1 1 100 1 1 1 1 100 1 1 100 1 100 1 1
instanceKlass java/util/HashMap$KeyIterator
instanceKlass java/util/HashMap$ValueIterator
instanceKlass java/util/HashMap$EntryIterator
ciInstanceKlass java/util/HashMap$HashIterator 1 1 97 10 7 12 1 1 1 9 7 12 1 1 1 10 7 12 1 1 1 9 7 12 1 1 1 9 12 1 9 12 1 1 9 12 1 1 9 12 1 9 12 1 9 12 1 100 1 10 100 1 10 9 7 1 100 1 10 9 12 1 9 12 1 1 10 12 1 1 1 1 1 1 1 1 1 1 1 1 1 1 1 100 1 1 1 1 1 1 1 1 1 1 1 1 1 1 1
ciMethod java/util/HashMap$HashIterator <init> (Ljava/util/HashMap;)V 512 1756 8319 0 1026
ciMethod java/util/HashMap$HashIterator hasNext ()Z 514 0 5378 0 88
ciMethod java/util/HashMap$HashIterator nextNode ()Ljava/util/HashMap$Node; 546 2028 8606 0 1028
ciMethod java/util/HashMap$EntryIterator <init> (Ljava/util/HashMap;)V 1024 0 13553 0 0
ciMethod java/util/HashMap$EntryIterator next ()Ljava/util/Map$Entry; 576 0 13040 0 0
ciMethod java/util/HashMap$EntryIterator next ()Ljava/lang/Object; 576 0 13040 0 1001
ciInstanceKlass java/util/Collections$EmptyMap 1 1 125 10 7 12 1 1 1 10 7 12 1 1 1 100 1 11 12 1 1 10 100 12 1 1 1 100 1 10 9 12 1 1 100 1 100 1 1 1 1 5 0 1 1 1 1 1 1 1 1 1 1 1 1 1 1 1 1 1 1 1 1 1 1 1 1 1 1 1 1 1 1 1 1 1 1 1 1 1 1 1 1 1 1 1 1 1 1 1 1 1 1 1 1 1 1 1 1 1 1 1 1 1 1 1 1 1 1 1 1 1 1 1 1 1 1 1 1 1 1 1 1 1 100 1 1
ciMethod java/util/Collections$EmptyMap getOrDefault (Ljava/lang/Object;Ljava/lang/Object;)Ljava/lang/Object; 518 0 1331 0 80
ciInstanceKlass java/lang/invoke/BoundMethodHandle$Species_LL 1 1 74 1 7 1 7 1 1 1 1 1 1 1 12 9 1 1 1 12 10 12 9 12 9 1 1 12 10 1 1 1 7 1 1 12 10 1 7 1 1 12 10 1 1 1 12 10 1 1 1 12 10 1 1 1 12 10 1 1 1 12 10 1 1 1 12 10 1 1 1 1 1 100 1 1
ciMethod java/util/Objects requireNonNull (Ljava/lang/Object;)Ljava/lang/Object; 512 0 431813 0 -1
ciMethod java/util/Set add (Ljava/lang/Object;)Z 0 0 1 0 -1
ciMethod java/util/AbstractSet <init> ()V 512 0 152336 0 80
ciMethod java/util/HashMap removeNode (ILjava/lang/Object;Ljava/lang/Object;ZZ)Ljava/util/HashMap$Node; 106 0 5995 0 0
ciMethod java/util/HashMap getNode (Ljava/lang/Object;)Ljava/util/HashMap$Node; 526 6 5496 0 760
ciMethod java/util/HashMap putVal (ILjava/lang/Object;Ljava/lang/Object;ZZ)Ljava/lang/Object; 526 40 19025 0 -1
ciMethod java/util/HashMap hash (Ljava/lang/Object;)I 522 0 93333 0 200
ciMethod jdk/internal/misc/Unsafe allocateUninitializedArray (Ljava/lang/Class;I)Ljava/lang/Object; 490 0 6399 0 320
ciMethod jdk/internal/misc/Unsafe putByte (Ljava/lang/Object;JB)V 256 0 128 0 -1
ciMethod jdk/internal/misc/Unsafe allocateUninitializedArray0 (Ljava/lang/Class;I)Ljava/lang/Object; 516 0 6314 0 -1
ciMethod java/util/Arrays copyOfRange ([BII)[B 514 0 5413 0 976
ciMethod java/util/Arrays copyOf ([BI)[B 168 0 4594 0 0
ciMethod java/lang/StringConcatHelper simpleConcat (Ljava/lang/Object;Ljava/lang/Object;)Ljava/lang/String; 496 0 89854 0 -1
ciMethod java/lang/StringConcatHelper newArrayWithSuffix (Ljava/lang/String;IB)[B 490 0 447688 0 -1
ciMethod java/lang/StringConcatHelper stringOf (Ljava/lang/Object;)Ljava/lang/String; 474 0 827391 0 120
ciMethod java/lang/StringConcatHelper checkOverflow (I)I 342 0 1059783 0 -1
ciMethod java/lang/StringConcatHelper stringSize (ILjava/lang/String;)I 560 0 687725 0 0
ciMethod java/lang/StringConcatHelper stringSize (II)I 512 0 277013 0 240
ciMethod java/lang/StringConcatHelper prepend (IB[BLjava/lang/String;Ljava/lang/String;)I 492 0 5377 0 520
ciMethod java/lang/StringConcatHelper prepend (IB[BILjava/lang/String;)I 748 0 13309 0 736
ciMethod java/lang/StringConcatHelper doConcat (Ljava/lang/String;Ljava/lang/String;)Ljava/lang/String; 342 0 95043 0 -1
ciMethod java/lang/StringConcatHelper newArray (I)[B 490 0 616845 0 -1
ciMethod jdk/internal/util/ArraysSupport hashCodeOfUTF16 ([BIII)I 0 0 152 0 0
ciMethod jdk/internal/util/ArraysSupport hugeLength (II)I 0 0 1 0 -1
ciMethod jdk/internal/util/ArraysSupport hashCodeOfUnsigned ([BIII)I 58 0 5160 0 696
ciMethod jdk/internal/util/ArraysSupport newLength (III)I 330 0 2316 0 0
ciMethod jdk/internal/util/ArraysSupport vectorizedHashCode (Ljava/lang/Object;IIII)I 512 0 5159 0 -1
ciMethod java/lang/Math max (II)I 504 0 270243 0 -1
ciMethod java/lang/Math min (II)I 624 0 30466 0 -1
ciMethod jdk/internal/access/JavaLangAccess uncheckedGetUTF16Char ([BI)C 0 0 1 0 -1
ciMethod java/util/Map$Entry getKey ()Ljava/lang/Object; 0 0 1 0 -1
ciMethod java/util/Map$Entry getValue ()Ljava/lang/Object; 0 0 1 0 -1
ciMethod java/util/Iterator next ()Ljava/lang/Object; 0 0 1 0 -1
ciMethod java/util/Iterator hasNext ()Z 0 0 1 0 -1
ciMethod java/util/Set contains (Ljava/lang/Object;)Z 0 0 1 0 -1
ciMethod java/util/Set iterator ()Ljava/util/Iterator; 0 0 1 0 -1
ciMethod java/util/Set remove (Ljava/lang/Object;)Z 0 0 1 0 -1
ciMethod java/lang/CharSequence length ()I 0 0 1 0 -1
ciMethod java/lang/String substring (II)Ljava/lang/String; 514 0 5406 0 -1
ciMethod java/lang/String getBytes ([BIB)V 514 0 6748 0 256
ciMethod java/lang/String isLatin1 ()Z 676 0 3441514 0 88
ciMethod java/lang/String coder ()B 546 0 5365879 0 80
ciMethod java/lang/String valueOf (Ljava/lang/Object;)Ljava/lang/String; 16 0 230667 0 -1
ciMethod java/lang/String indexOf (II)I 512 0 6324 0 -1
ciMethod java/lang/String <init> (Ljava/lang/String;)V 26 0 13 0 -1
ciMethod java/lang/String <init> ([BB)V 528 0 635086 0 93
ciMethod java/lang/String <init> (Ljava/lang/AbstractStringBuilder;Ljava/lang/Void;)V 164 0 5214 0 1452
ciMethod java/util/Map remove (Ljava/lang/Object;)Ljava/lang/Object; 0 0 1 0 -1
ciMethod java/util/Map put (Ljava/lang/Object;Ljava/lang/Object;)Ljava/lang/Object; 0 0 1 0 -1
ciMethod java/util/Map isEmpty ()Z 0 0 1 0 -1
ciMethod java/util/Map entrySet ()Ljava/util/Set; 0 0 1 0 -1
ciMethod java/lang/Object <init> ()V 808 0 4633889 0 80
ciInstanceKlass java/lang/AssertionError 0 0 79 10 100 12 1 1 1 10 12 1 10 100 12 1 1 1 10 100 1 100 1 10 12 1 1 10 12 1 10 12 1 10 12 1 10 12 1 10 12 1 10 12 1 10 12 1 1 1 1 5 0 1 1 1 1 1 1 1 1 1 1 100 1 1 1 1 1 1 1 1 1 1 1 1 1 1 1 1 1
instanceKlass com/landawn/abacus/exception/TooManyElementsException
ciInstanceKlass java/lang/IllegalStateException 0 0 35 10 100 12 1 1 1 10 12 1 10 12 1 10 12 1 100 1 1 1 1 5 0 1 1 1 1 1 1 1 1 1 1 1 1
ciInstanceKlass java/security/Provider$UString 1 1 56 10 7 12 1 1 1 9 7 12 1 1 1 9 7 12 1 1 1 10 7 12 1 1 1 9 12 1 10 12 1 1 10 12 1 1 1 1 1 1 1 1 1 1 1 1 1 1 1 1 1 1 100 1 1 1
ciInstanceKlass com/landawn/abacus/query/SqlBuilder 1 1 484 100 1 10 7 12 1 1 1 7 1 10 12 1 1 10 12 1 1 10 12 1 1 9 7 12 1 1 1 9 12 1 7 1 10 7 12 1 1 1 10 7 12 1 1 1 10 12 1 1 9 12 1 9 12 1 9 12 1 1 10 7 12 1 1 1 8 1 10 12 1 9 12 1 9 12 1 9 12 1 8 1 10 12 1 10 12 1 1 7 1 10 10 10 12 1 10 12 1 10 12 1 1 7 1 10 10 10 10 7 1 10 12 1 1 10 12 1 1 10 10 12 1 10 12 1 7 1 10 10 10 12 1 1 10 12 1 1 7 1 18 12 1 1 10 12 1 1 7 1 7 1 7 1 10 10 12 1 1 10 12 1 1 10 12 1 1 7 1 10 10 7 1 10 12 1 10 12 1 1 10 9 12 1 8 1 8 1 11 12 1 1 11 12 1 1 7 1 7 1 10 7 1 10 12 1 1 10 12 1 10 7 12 1 1 1 10 12 1 10 12 1 1 10 12 1 9 12 1 1 9 7 12 1 1 9 12 1 1 9 12 1 1 11 12 1 10 12 1 1 10 12 1 1 10 12 1 10 12 1 1 10 12 1 10 7 12 1 1 10 100 1 100 1 10 12 1 1 7 1 10 12 1 10 12 1 1 100 1 11 12 1 1 10 100 12 1 1 18 12 1 1 10 12 9 12 1 9 12 1 10 7 1 10 12 1 10 12 1 18 8 1 18 11 7 1 11 12 1 1 11 7 12 1 1 7 1 8 1 10 12 1 1 9 12 1 1 10 12 1 18 12 1 9 12 1 11 11 12 1 8 1 11 12 1 1 7 1 10 12 10 12 1 10 12 1 1 10 12 1 8 1 10 12 1 1 9 12 1 1 10 9 7 12 1 1 1 9 12 1 9 12 1 1 10 12 1 10 12 1 1 10 12 1 10 12 1 10 100 12 1 1 1 10 10 7 12 1 1 1 9 12 1 1 1 1 1 1 1 1 1 1 1 1 1 1 1 1 1 16 15 10 12 8 1 8 1 8 1 8 1 15 10 100 12 1 1 1 15 10 7 12 1 1 1 100 1 1 1 100 1 100 1 1
staticfield com/landawn/abacus/query/SqlBuilder logger Lcom/landawn/abacus/logging/Logger; com/landawn/abacus/logging/JdkLogger
instanceKlass com/landawn/abacus/util/N
ciInstanceKlass com/landawn/abacus/util/CommonUtil 1 1 5849 7 1 7 1 10 7 12 1 1 1 100 1 18 12 1 1 10 12 1 100 1 18 12 1 10 18 18 10 12 1 1 8 1 10 12 1 10 12 1 1 8 1 10 12 1 1 10 7 12 1 1 1 8 1 10 12 1 10 12 1 8 1 10 10 12 1 1 18 12 1 10 7 12 1 1 1 100 1 10 12 1 1 10 12 1 1 10 12 1 10 12 1 10 12 1 10 12 1 10 12 1 10 12 1 10 12 1 10 12 1 10 12 1 10 12 1 10 12 1 10 12 1 10 12 1 10 12 1 10 12 1 10 12 1 10 12 1 18 10 12 1 18 18 12 1 18 12 1 18 12 1 18 12 1 10 7 12 1 1 1 18 12 1 10 7 12 1 1 18 12 1 18 18 18 18 18 18 8 1 18 11 7 12 1 1 1 11 7 12 1 1 1 11 12 1 1 8 1 11 7 12 1 1 1 11 7 1 8 1 18 11 12 1 1 8 1 18 10 12 1 10 12 1 10 7 12 1 1 10 12 1 10 7 12 1 1 10 12 1 10 12 1 10 12 1 100 1 8 1 10 7 12 1 1 1 11 100 12 1 1 10 12 1 10 100 12 1 1 1 8 1 10 12 1 8 1 10 100 12 1 1 1 10 12 1 8 1 10 12 1 10 12 1 10 12 1 1 10 12 1 8 1 8 1 100 1 10 10 10 100 12 1 1 1 10 7 12 1 1 1 18 100 1 10 10 10 12 1 1 10 12 1 10 12 1 1 10 12 1 10 100 12 1 1 10 7 12 1 1 8 1 10 12 1 1 10 12 1 10 12 1 1 10 12 1 10 12 1 10 12 1 10 12 1 10 12 1 10 12 1 10 12 1 10 12 1 10 12 1 10 12 1 10 12 1 10 12 1 10 100 12 1 1 1 10 12 1 10 12 1 10 12 1 10 12 1 10 12 1 10 12 1 1 10 7 12 1 1 10 9 12 1 1 11 12 1 7 1 10 12 1 10 12 1 7 1 10 7 1 10 7 1 10 7 1 10 7 1 10 7 1 10 7 1 10 7 1 10 7 1 10 10 10 12 10 12 1 10 12 1 1 10 10 12 1 11 12 1 100 1 11 12 1 11 12 1 8 1 10 12 1 1 11 12 1 8 1 10 8 1 10 8 1 10 12 1 1 10 100 12 1 1 1 10 100 12 1 1 1 18 12 1 10 100 12 1 1 7 1 10 12 1 1 10 12 1 11 7 12 1 1 18 10 12 1 1 100 1 8 1 10 7 1 11 10 12 1 11 12 9 12 1 1 10 100 1 10 12 1 9 12 1 1 10 12 1 10 12 1 1 10 12 1 1 10 12 1 10 12 1 10 12 1 10 12 1 10 12 1 10 12 1 10 12 1 10 12 1 10 12 1 10 12 1 10 12 1 10 12 10 12 1 10 12 10 12 10 12 10 12 10 12 10 12 10 12 10 12 10 10 12 10 12 1 10 12 5 0 10 12 1 1 10 10 12 1 10 10 12 1 1 10 12 1 10 12 1 10 12 1 10 12 10 12 1 10 12 1 10 12 1 8 1 7 1 10 10 12 1 1 11 7 1 8 1 8 1 10 12 1 1 7 1 10 12 1 10 12 10 12 1 1 10 12 7 1 10 12 1 1 10 12 7 1 10 12 1 1 10 12 10 12 10 12 1 1 10 12 8 1 10 12 1 10 12 1 10 12 1 10 12 1 10 12 1 10 12 1 10 12 1 10 12 1 10 12 1 10 12 1 10 12 10 12 1 10 12 1 10 12 1 10 12 1 10 12 1 10 12 1 10 12 1 10 12 1 10 12 1 10 12 1 10 12 1 10 12 1 10 12 1 10 12 1 10 12 1 10 12 1 10 12 1 10 12 1 10 12 1 10 12 1 10 12 1 10 12 1 1 10 12 1 10 12 1 10 12 1 10 12 1 10 12 1 10 12 1 10 12 1 10 12 1 10 12 10 12 10 12 1 10 12 1 1 10 12 1 1 10 12 1 3 11 12 1 9 12 1 10 12 1 10 12 1 10 12 1 10 12 1 10 12 1 10 12 1 10 12 1 10 12 1 10 12 1 10 12 1 11 12 1 8 1 10 12 1 11 12 1 11 11 10 100 1 11 12 11 11 10 10 7 1 10 100 1 11 100 1 10 11 12 1 1 10 12 1 1 9 12 1 1 10 9 12 1 10 12 1 10 12 10 10 12 1 1 10 12 1 1 10 12 1 10 12 10 12 1 8 1 10 12 1 1 10 12 1 10 12 1 1 10 12 1 1 10 12 1 1 10 12 1 1 10 12 1 1 10 12 1 10 12 1 1 9 12 1 9 12 1 9 12 1 9 12 1 9 12 1 9 12 1 9 12 1 9 12 1 9 12 1 1 9 12 1 1 9 12 1 9 12 1 1 9 12 1 1 9 12 1 1 9 12 1 1 9 12 1 1 9 12 1 1 9 12 1 1 9 12 1 1 9 12 1 8 1 9 12 1 10 12 1 10 12 1 1 10 12 1 1 10 7 12 1 1 10 100 12 1 1 10 100 12 1 1 10 100 12 1 1 10 100 12 1 1 10 100 12 1 1 10 100 12 1 1 10 12 1 1 10 12 1 1 8 1 8 1 8 1 8 1 10 12 1 8 1 10 12 1 10 12 1 11 12 10 12 1 1 11 12 1 1 11 12 9 12 9 12 9 12 1 10 12 9 12 1 10 12 5 0 5 0 10 12 10 12 10 12 11 12 11 12 1 8 1 10 100 12 1 1 1 10 12 1 10 12 1 1 10 100 12 1 1 10 12 1 8 1 10 12 1 8 1 8 1 8 1 10 12 1 1 11 100 12 1 1 1 10 12 1 1 100 1 10 10 12 1 1 11 12 1 10 12 1 10 12 1 1 10 12 1 10 12 1 10 12 1 1 10 12 1 1 10 12 1 10 12 1 10 10 12 1 18 11 12 1 11 12 1 11 12 1 1 11 12 1 11 10 12 1 1 10 12 1 1 10 12 1 1 11 12 18 11 12 1 10 100 12 1 1 10 12 1 10 12 1 10 12 1 1 10 12 1 1 11 10 18 10 10 7 1 10 100 1 10 12 1 11 100 12 1 1 1 11 11 12 1 10 12 1 10 12 1 8 1 10 12 1 11 12 1 100 1 100 1 100 1 11 12 1 100 1 10 12 1 9 12 1 1 9 7 1 10 12 1 10 12 1 1 11 12 1 10 12 1 1 10 12 1 11 12 9 10 12 1 7 1 10 7 1 10 7 1 10 11 12 1 10 12 1 1 10 12 1 1 10 12 1 10 12 1 1 100 1 11 12 1 100 1 11 12 5 0 18 12 11 12 1 1 11 12 1 100 1 100 1 10 12 1 10 12 1 1 100 1 100 1 10 100 12 1 1 1 10 12 1 1 11 18 11 12 1 1 10 12 1 1 11 10 12 1 1 11 10 12 1 1 10 12 1 7 1 10 12 1 100 1 10 100 1 7 1 10 12 1 7 1 10 10 10 12 1 1 10 100 12 1 1 1 10 7 12 1 1 10 12 1 10 12 1 1 10 12 1 1 8 1 9 12 1 1 10 100 12 1 9 12 1 9 12 1 11 9 12 1 100 1 10 9 12 1 9 12 1 1 100 1 100 1 11 12 1 11 12 11 10 12 1 1 8 1 10 12 1 10 12 11 11 11 12 8 1 11 12 1 11 10 12 1 10 7 12 1 1 1 11 10 12 1 1 11 10 12 1 1 11 7 1 10 12 1 1 11 7 1 10 12 1 1 11 10 12 1 1 11 7 1 10 12 1 1 11 7 1 10 12 1 1 10 7 12 1 1 10 12 1 1 10 12 1 8 1 10 12 1 1 100 1 10 12 1 1 10 12 1 1 10 100 12 1 1 10 12 1 1 8 1 8 1 18 8 1 10 12 1 10 7 12 1 1 1 10 100 12 1 1 1 11 100 1 10 12 1 18 10 12 1 10 12 1 10 10 12 1 11 10 12 1 11 10 12 1 10 12 1 1 100 1 100 1 100 1 10 100 12 1 1 1 10 100 12 1 1 11 100 12 1 10 12 10 7 1 10 12 1 8 3 6 0 3 10 12 1 7 1 10 10 7 1 10 10 12 1 10 10 7 1 10 10 10 7 1 10 8 1 10 12 1 10 7 1 10 10 11 12 1 10 10 10 8 1 10 12 8 1 10 12 1 10 12 1 10 10 100 1 10 12 1 100 1 10 7 1 10 10 10 12 1 8 1 10 12 1 1 11 100 12 1 10 7 1 10 10 10 10 12 1 1 10 12 1 10 7 1 10 10 10 10 10 10 100 1 10 10 10 12 1 10 12 1 8 1 8 1 10 12 1 8 1 10 100 1 10 10 10 10 10 12 1 1 10 12 1 10 12 1 1 8 1 10 12 1 10 12 1 100 1 10 10 10 10 10 12 1 1 10 10 12 1 10 12 1 10 100 1 10 12 1 10 12 1 10 12 1 1 10 12 1 10 12 1 10 12 1 1 8 1 10 12 1 10 12 1 1 18 8 1 11 10 18 12 1 11 12 1 10 18 18 10 12 1 18 18 10 12 1 1 10 12 1 8 1 8 1 8 1 10 12 1 1 10 12 10 12 1 10 12 1 11 10 12 1 1 8 1 8 1 8 1 11 12 1 11 12 1 1 8 1 10 12 1 10 12 10 12 1 10 12 1 1 10 12 1 10 12 1 1 11 12 11 11 12 1 11 12 11 11 12 1 11 12 1 1 10 12 1 18 10 12 1 1 10 12 1 11 12 1 1 100 1 10 12 1 10 100 12 1 10 100 12 1 1 1 11 12 1 11 8 1 11 100 1 10 12 1 10 12 1 1 10 12 1 100 1 9 12 1 1 10 12 1 10 12 1 10 12 1 1 10 12 1 10 9 12 1 10 12 1 1 10 12 1 10 10 12 1 1 10 12 1 10 10 12 1 1 10 12 1 10 10 12 1 1 10 12 1 10 12 1 1 10 12 1 1 10 12 1 10 12 1 1 10 12 1 1 10 12 1 10 12 1 10 12 1 10 12 1 10 12 1 10 12 1 10 12 1 10 12 1 10 12 1 10 12 1 10 12 10 12 1 1 10 12 1 1 10 12 1 10 12 1 10 12 1 10 12 1 10 12 1 10 12 1 10 12 1 10 12 1 10 12 1 1 100 1 10 10 100 1 10 10 100 1 10 10 100 1 10 10 100 1 10 10 10 10 100 1 10 10 100 1 10 10 10 12 1 8 1 10 12 1 1 10 12 1 10 12 1 10 12 1 10 12 1 10 12 1 10 12 1 10 12 1 10 12 1 11 10 12 1 8 1 18 10 12 1 10 12 1 10 12 1 10 12 1 10 12 1 10 12 1 10 12 1 10 12 1 10 12 1 10 12 1 10 12 1 10 12 10 12 1 10 12 1 10 12 1 10 12 1 10 12 1 10 12 1 10 12 1 1 10 12 1 10 12 1 10 12 1 10 12 1 10 12 1 10 12 1 10 12 1 10 12 1 10 12 1 10 12 1 10 12 1 1 10 12 1 1 10 12 1 1 9 12 1 1 9 12 1 9 12 1 1 9 12 1 1 9 12 1 9 12 1 1 9 12 1 1 9 12 1 1 9 12 1 1 9 12 1 1 11 12 10 12 1 10 12 1 10 12 1 10 12 1 10 12 10 12 10 12 10 12 1 10 12 11 100 12 1 1 8 1 11 100 12 1 1 10 12 1 10 12 1 10 12 1 10 12 1 10 12 1 10 12 1 10 12 1 10 12 1 10 12 10 12 10 12 1 10 12 1 10 12 10 12 10 12 1 10 12 1 10 12 10 12 10 12 1 10 12 1 10 12 10 12 10 12 1 10 12 1 10 12 1 10 12 1 9 12 1 1 10 12 1 10 12 1 10 12 1 10 12 1 10 12 1 10 12 1 10 7 12 1 1 1 10 12 1 1 10 12 1 10 12 1 1 10 12 1 10 12 1 10 12 10 12 1 10 12 10 12 1 10 12 10 10 12 1 1 10 12 1 18 8 1 18 100 1 8 1 10 12 1 1 18 10 10 12 1 1 10 12 1 1 10 12 1 8 1 10 100 1 10 12 1 10 11 11 12 1 9 12 1 1 11 12 1 10 12 1 1 10 7 12 1 1 10 12 1 10 10 10 12 1 1 10 12 1 10 100 12 1 10 12 10 12 1 10 12 1 11 12 1 11 10 12 1 1 10 12 1 10 12 1 10 12 8 1 11 7 12 1 1 10 12 1 1 10 12 1 1 10 10 10 10 10 12 1 10 12 1 10 12 10 12 10 12 10 12 10 12 10 12 10 12 10 12 10 12 10 12 10 12 10 12 10 12 10 12 10 12 9 100 12 1 1 1 10 12 1 10 12 1 10 10 12 1 1 10 12 1 10 12 1 10 12 1 10 12 10 12 1 10 12 1 10 12 1 10 12 1 10 12 1 10 12 1 10 12 1 10 12 1 10 12 1 11 12 1 11 12 1 1 11 100 1 11 12 1 11 11 12 1 11 12 1 10 12 1 10 12 1 10 12 1 1 10 12 1 1 10 12 1 10 12 1 10 12 1 10 12 1 10 12 1 10 12 1 10 12 1 10 12 1 10 12 1 10 10 12 1 10 100 12 1 1 1 10 12 1 1 10 12 1 8 1 10 100 12 1 1 10 12 1 10 12 1 10 12 1 10 12 10 12 1 10 12 1 10 12 10 12 1 10 12 1 10 12 10 12 1 10 12 1 10 12 10 12 1 10 12 1 10 12 10 12 1 10 12 1 10 12 10 12 1 10 12 1 10 12 10 12 1 10 12 1 10 12 10 12 1 10 10 12 10 12 10 12 10 100 12 1 1 10 12 1 10 12 10 100 1 10 10 12 1 10 12 1 10 12 1 10 12 1 10 12 1 10 12 1 10 12 1 10 12 1 10 12 1 10 12 1 10 12 1 10 12 10 12 1 10 12 1 10 12 1 10 12 1 10 12 1 10 12 1 8 1 8 1 10 12 1 11 12 1 10 12 1 8 1 10 12 1 10 100 12 1 1 1 8 1 10 10 12 10 12 1 10 10 12 10 12 1 10 10 12 10 12 1 10 10 12 10 12 1 10 10 12 10 12 1 10 10 12 10 12 1 10 10 12 10 12 1 10 10 12 10 12 1 10 12 1 10 12 1 8 1 10 12 1 1 18 10 12 1 10 12 1 10 12 1 10 12 1 10 12 1 10 12 1 10 12 1 10 12 1 10 12 1 10 12 1 18 10 12 1 10 7 12 1 1 10 12 1 10 12 1 10 12 1 10 12 1 1 10 12 1 10 12 10 100 1 10 12 1 10 100 1 10 12 1 10 100 1 10 12 1 10 100 1 10 12 1 10 100 1 10 12 1 10 100 1 10 12 1 10 100 1 10 12 1 10 100 1 10 12 1 10 100 1 10 12 10 100 1 10 12 1 10 100 1 10 12 1 10 100 1 10 12 1 10 100 1 10 12 1 10 100 1 10 12 1 10 100 1 10 12 1 10 100 1 10 12 1 10 100 1 10 12 1 10 100 1 10 12 1 10 12 1 10 12 1 10 10 12 1 10 12 10 12 10 12 10 12 1 10 12 10 12 1 10 12 10 12 1 10 12 10 12 1 10 12 10 12 1 10 12 10 12 1 10 12 1 10 10 12 1 11 12 10 12 1 1 10 12 1 1 10 12 1 1 10 12 1 10 12 1 1 10 12 1 1 10 12 1 1 10 12 1 1 10 12 1 9 12 1 1 10 10 12 10 10 12 10 10 12 10 10 12 10 10 12 10 10 12 10 10 12 1 10 12 10 10 12 10 12 10 12 10 12 10 12 1 10 10 12 10 10 10 12 10 10 10 12 10 10 10 12 10 10 10 12 10 10 10 12 10 10 10 12 10 9 12 1 10 12 1 10 12 1 10 12 1 10 12 1 10 12 1 10 12 1 1 10 12 1 10 12 1 10 12 1 10 12 1 10 12 1 10 12 1 10 12 1 10 12 1 10 12 1 10 12 1 10 12 1 10 12 1 10 12 1 10 12 1 10 12 1 10 12 1 10 12 1 10 10 12 1 10 12 1 10 12 1 10 12 1 10 12 10 12 1 10 12 1 8 1 10 12 1 10 12 1 10 12 1 10 12 1 10 12 1 10 12 1 10 12 1 10 12 1 11 10 12 1 1 10 100 12 1 1 1 10 100 12 1 1 10 12 1 1 10 12 10 12 10 12 10 12 10 12 10 12 10 12 10 12 10 12 10 12 10 12 10 12 1 10 12 1 10 12 1 10 12 1 10 12 1 11 100 12 1 18 12 1 10 12 1 1 9 12 1 10 12 1 1 100 1 10 10 12 10 10 12 1 10 12 1 9 12 1 10 12 1 10 12 10 12 1 1 10 12 1 10 12 1 10 12 1 11 12 1 9 12 1 11 9 12 1 100 1 10 12 1 1 8 10 12 1 1 10 10 12 1 10 12 1 10 12 1 18 12 1 10 12 1 8 1 7 1 10 9 12 1 1 9 12 1 9 9 12 1 1 9 12 1 1 9 12 1 1 9 12 1 1 9 12 1 1 9 12 1 1 9 12 1 1 9 12 1 1 7 1 7 1 7 1 7 1 9 12 1 10 10 10 10 10 10 10 10 10 9 12 1 9 12 1 9 12 1 9 12 1 18 12 9 12 1 18 9 12 1 18 9 12 1 18 9 12 1 18 9 12 1 18 9 12 1 18 9 12 1 10 12 1 9 12 1 9 9 9 9 9 7 1 10 7 1 10 7 1 10 6 0 9 12 1 10 7 7 7 7 7 7 7 7 7 7 7 7 7 7 7 7 7 7 7 1 10 11 12 1 11 11 11 11 11 11 11 11 8 11 11 11 11 11 11 8 1 8 1 11 10 12 1 1 11 7 1 10 12 1 1 11 7 1 10 12 1 1 11 7 1 11 11 11 11 11 12 11 11 12 1 11 11 12 11 11 12 1 11 11 12 11 8 1 8 1 11 12 1 11 11 7 1 10 1 1 8 1 1 8 1 1 8 1 1 8 1 1 8 1 1 8 1 1 8 1 1 8 1 1 8 1 1 3 1 3 1 3 1 3 1 1 3 1 1 1 1 1 1 1 1 1 1 1 1 1 1 1 1 1 1 3 1 3 1 1 1 1 1 1 1 3 1 3 1 3 1 1 1 1 1 1 1 1 1 1 1 1 1 1 1 1 1 1 1 1 1 1 1 1 1 1 1 1 1 1 1 1 1 1 1 1 1 1 1 1 1 1 1 1 1 1 1 1 1 1 1 1 1 1 1 1 1 1 1 1 1 1 1 1 1 1 1 1 1 1 1 1 1 1 1 1 1 1 1 1 1 1 1 1 1 1 1 1 1 1 1 1 1 1 1 1 1 1 1 1 1 1 1 1 1 1 1 1 1 1 1 1 1 1 1 1 1 1 1 1 1 1 1 1 1 1 1 1 1 1 1 1 1 1 1 1 1 1 1 1 1 1 1 1 1 1 1 1 1 1 1 1 1 1 1 1 1 1 1 1 1 1 1 1 1 1 1 1 1 1 1 1 1 1 1 1 1 1 1 1 1 1 1 1 1 1 1 1 1 1 1 1 1 1 1 1 1 1 1 1 1 1 1 1 1 1 1 1 1 1 1 1 1 1 1 1 1 1 1 1 1 1 1 1 1 1 1 1 1 1 1 1 1 1 1 1 1 1 1 1 1 1 1 1 1 1 1 1 1 1 1 1 1 1 1 1 1 1 1 1 1 1 1 1 1 1 1 1 1 1 1 1 1 1 1 1 1 1 1 1 1 1 1 1 1 100 1 1 1 1 1 1 1 1 1 1 1 1 1 1 1 1 1 1 1 1 1 1 1 1 1 1 1 1 1 1 1 1 1 1 1 1 1 1 1 1 1 1 1 1 100 1 1 1 1 1 1 1 1 1 1 1 1 1 1 1 1 1 1 1 1 1 1 1 1 1 1 1 1 1 1 1 1 1 1 1 1 1 1 1 1 1 1 1 1 1 1 1 1 1 1 1 1 1 1 1 1 1 1 1 1 1 1 1 1 1 1 1 1 1 1 1 1 1 1 1 1 1 1 1 1 1 1 1 1 1 1 1 1 1 1 1 1 1 1 1 1 1 1 100 1 100 1 1 1 1 1 1 1 1 1 1 1 1 1 1 1 1 1 1 1 1 1 1 1 1 1 1 1 1 1 1 1 1 1 1 1 1 1 1 1 1 1 1 1 1 1 1 1 1 1 1 1 1 1 1 1 1 1 1 1 1 1 1 1 1 1 1 1 1 1 1 1 1 1 1 1 1 1 1 1 1 1 1 1 1 1 1 1 1 1 1 1 1 1 1 1 1 1 1 1 1 1 1 1 1 1 1 1 1 1 1 100 1 1 1 1 1 1 1 1 1 1 1 1 1 1 1 1 1 100 1 1 1 1 1 1 1 1 1 1 1 1 1 1 1 1 1 1 1 1 1 1 1 1 1 1 1 1 1 1 1 1 1 1 1 1 1 1 1 1 1 1 1 1 1 1 1 1 1 1 1 1 1 1 1 1 1 1 1 1 1 1 1 1 1 1 1 1 1 1 1 1 1 1 1 1 1 1 1 1 1 1 1 1 1 1 1 1 1 1 1 1 1 1 1 1 1 1 1 1 1 1 1 1 1 1 1 1 1 1 1 1 1 1 1 1 1 1 1 1 1 1 1 1 1 1 1 1 1 1 1 1 1 1 1 1 1 1 1 1 1 1 1 1 1 1 1 1 1 1 1 1 1 1 1 1 1 1 1 1 1 1 1 1 1 1 1 1 1 1 1 1 1 1 1 1 1 1 1 1 1 1 1 1 1 1 1 1 1 1 1 1 1 1 1 1 1 1 1 1 1 1 1 1 1 1 1 1 1 1 1 1 1 1 1 1 1 1 1 1 1 1 1 1 1 1 1 1 1 1 1 1 1 1 1 1 1 1 1 1 100 1 1 1 1 1 1 1 1 1 100 1 1 1 1 1 1 1 1 1 1 1 1 1 1 1 1 1 1 1 1 1 1 1 1 1 1 1 1 1 1 1 1 1 1 1 1 1 1 1 1 1 1 1 1 1 1 1 1 1 1 1 1 1 1 1 1 1 1 1 1 1 1 1 1 1 1 1 1 1 1 1 1 1 1 1 1 1 1 1 1 1 1 1 1 1 1 1 1 1 1 1 1 1 1 1 1 1 1 1 1 1 1 1 1 1 1 1 1 1 1 1 1 1 1 1 1 1 1 1 1 1 1 1 1 1 1 1 1 1 1 1 1 1 1 1 1 1 1 1 1 1 1 1 1 1 1 1 1 1 1 1 1 1 1 1 1 1 1 1 1 1 1 1 1 1 1 1 1 1 1 1 1 1 1 1 1 1 1 1 1 1 1 1 1 1 1 1 1 1 1 1 1 1 1 1 1 1 1 1 1 1 1 1 1 1 1 1 1 1 1 1 1 1 1 1 1 1 1 1 1 1 1 1 1 1 1 1 1 1 1 1 1 1 1 1 1 1 1 1 1 1 1 1 1 1 1 1 1 1 1 1 1 1 1 1 1 1 1 1 1 1 1 1 1 1 1 1 1 1 1 1 1 1 1 1 1 1 1 1 1 1 1 1 1 1 1 1 1 1 1 1 1 1 1 1 1 1 1 1 1 1 1 1 1 1 1 1 1 1 1 1 1 1 1 1 1 1 1 1 1 1 1 1 1 1 1 1 1 1 1 1 1 1 1 1 1 1 1 1 1 1 1 1 1 1 1 1 1 1 1 1 1 1 1 1 1 1 1 1 1 1 1 1 1 1 1 1 1 1 1 1 1 1 1 1 1 1 1 1 1 1 1 1 1 1 1 1 1 1 1 1 1 1 1 1 1 1 1 1 1 1 1 1 1 1 1 1 1 1 1 1 1 1 1 1 1 1 1 1 1 1 1 1 1 1 1 1 1 1 1 1 1 1 1 1 1 1 1 1 1 1 1 1 1 1 1 1 1 1 1 1 1 1 1 1 1 1 1 1 1 1 1 1 1 1 1 1 1 1 1 1 1 1 1 1 1 1 1 1 1 1 1 1 1 1 1 1 1 1 1 1 1 1 1 1 1 1 1 1 1 1 1 1 1 1 1 1 1 1 1 1 1 1 1 1 1 1 1 1 1 1 1 1 1 1 1 1 1 1 1 1 1 1 1 1 1 1 1 1 1 1 1 1 1 1 1 1 1 1 1 1 1 1 1 1 1 1 1 1 1 1 1 1 1 1 1 1 1 1 1 1 1 1 1 1 1 1 1 1 1 1 1 1 1 1 1 1 1 1 1 1 1 1 1 1 1 1 1 1 1 1 1 1 1 1 1 1 1 1 1 1 1 1 1 1 1 1 1 1 1 1 1 1 1 1 1 1 1 1 1 1 1 1 1 1 1 1 1 1 1 1 1 1 1 1 1 1 1 1 1 1 1 1 1 1 1 1 1 1 1 1 1 1 1 1 1 1 1 1 1 1 1 1 1 1 1 1 1 1 1 1 1 1 1 1 1 1 1 1 1 1 1 1 1 1 1 1 1 1 1 1 1 1 1 1 1 1 1 1 1 1 1 1 1 1 1 1 1 1 1 1 1 1 1 1 1 1 1 1 100 1 1 1 1 1 1 1 1 1 1 1 1 1 1 1 1 1 1 1 1 1 1 1 1 1 1 1 1 1 1 1 1 1 1 1 1 1 1 1 1 1 1 1 1 1 1 1 1 1 1 1 1 1 1 1 1 1 1 1 1 1 1 1 1 1 1 1 1 1 1 1 1 1 1 1 1 1 1 1 1 1 1 1 1 1 8 1 8 1 8 1 8 1 8 1 8 1 8 1 8 1 8 1 8 1 8 1 8 1 8 1 8 1 8 1 8 1 8 1 8 1 8 1 8 1 8 1 8 1 8 1 8 1 8 1 8 1 8 1 8 1 8 1 8 1 8 1 8 1 8 1 8 1 8 1 16 15 10 12 16 15 10 12 16 15 16 1 15 16 1 15 16 1 15 16 1 15 16 1 15 16 1 15 16 1 15 10 100 12 1 1 15 10 7 12 1 1 1 1 1 1 1 1 100 1 1 100 1 1 100 1 1 1 1 100 1 100 1 1
staticfield com/landawn/abacus/util/CommonUtil RAND Ljava/util/Random; java/security/SecureRandom
staticfield com/landawn/abacus/util/CommonUtil POOL_SIZE I 4000
staticfield com/landawn/abacus/util/CommonUtil EMPTY_BOOLEAN_ARRAY [Z 0
staticfield com/landawn/abacus/util/CommonUtil EMPTY_CHAR_ARRAY [C 0
staticfield com/landawn/abacus/util/CommonUtil EMPTY_BYTE_ARRAY [B 0
staticfield com/landawn/abacus/util/CommonUtil EMPTY_SHORT_ARRAY [S 0
staticfield com/landawn/abacus/util/CommonUtil EMPTY_INT_ARRAY [I 0
staticfield com/landawn/abacus/util/CommonUtil EMPTY_LONG_ARRAY [J 0
staticfield com/landawn/abacus/util/CommonUtil EMPTY_FLOAT_ARRAY [F 0
staticfield com/landawn/abacus/util/CommonUtil EMPTY_DOUBLE_ARRAY [D 0
staticfield com/landawn/abacus/util/CommonUtil EMPTY_BOOLEAN_OBJ_ARRAY [Ljava/lang/Boolean; 0 [Ljava/lang/Boolean;
staticfield com/landawn/abacus/util/CommonUtil EMPTY_CHAR_OBJ_ARRAY [Ljava/lang/Character; 0 [Ljava/lang/Character;
staticfield com/landawn/abacus/util/CommonUtil EMPTY_BYTE_OBJ_ARRAY [Ljava/lang/Byte; 0 [Ljava/lang/Byte;
staticfield com/landawn/abacus/util/CommonUtil EMPTY_SHORT_OBJ_ARRAY [Ljava/lang/Short; 0 [Ljava/lang/Short;
staticfield com/landawn/abacus/util/CommonUtil EMPTY_INT_OBJ_ARRAY [Ljava/lang/Integer; 0 [Ljava/lang/Integer;
staticfield com/landawn/abacus/util/CommonUtil EMPTY_LONG_OBJ_ARRAY [Ljava/lang/Long; 0 [Ljava/lang/Long;
staticfield com/landawn/abacus/util/CommonUtil EMPTY_FLOAT_OBJ_ARRAY [Ljava/lang/Float; 0 [Ljava/lang/Float;
staticfield com/landawn/abacus/util/CommonUtil EMPTY_DOUBLE_OBJ_ARRAY [Ljava/lang/Double; 0 [Ljava/lang/Double;
staticfield com/landawn/abacus/util/CommonUtil EMPTY_BIG_INTEGER_ARRAY [Ljava/math/BigInteger; 0 [Ljava/math/BigInteger;
staticfield com/landawn/abacus/util/CommonUtil EMPTY_BIG_DECIMAL_ARRAY [Ljava/math/BigDecimal; 0 [Ljava/math/BigDecimal;
staticfield com/landawn/abacus/util/CommonUtil EMPTY_STRING_ARRAY [Ljava/lang/String; 0 [Ljava/lang/String;
staticfield com/landawn/abacus/util/CommonUtil EMPTY_JU_DATE_ARRAY [Ljava/util/Date; 0 [Ljava/util/Date;
staticfield com/landawn/abacus/util/CommonUtil EMPTY_DATE_ARRAY [Ljava/sql/Date; 0 [Ljava/sql/Date;
staticfield com/landawn/abacus/util/CommonUtil EMPTY_TIME_ARRAY [Ljava/sql/Time; 0 [Ljava/sql/Time;
staticfield com/landawn/abacus/util/CommonUtil EMPTY_TIMESTAMP_ARRAY [Ljava/sql/Timestamp; 0 [Ljava/sql/Timestamp;
staticfield com/landawn/abacus/util/CommonUtil EMPTY_CALENDAR_ARRAY [Ljava/util/Calendar; 0 [Ljava/util/Calendar;
staticfield com/landawn/abacus/util/CommonUtil EMPTY_LOCAL_DATE_ARRAY [Ljava/time/LocalDate; 0 [Ljava/time/LocalDate;
staticfield com/landawn/abacus/util/CommonUtil EMPTY_LOCAL_TIME_ARRAY [Ljava/time/LocalTime; 0 [Ljava/time/LocalTime;
staticfield com/landawn/abacus/util/CommonUtil EMPTY_LOCAL_DATE_TIME_ARRAY [Ljava/time/LocalDateTime; 0 [Ljava/time/LocalDateTime;
staticfield com/landawn/abacus/util/CommonUtil EMPTY_OBJECT_ARRAY [Ljava/lang/Object; 0 [Ljava/lang/Object;
staticfield com/landawn/abacus/util/CommonUtil EMPTY_CLASS_ARRAY [Ljava/lang/Class; 0 [Ljava/lang/Class;
staticfield com/landawn/abacus/util/CommonUtil EMPTY_LIST Ljava/util/List; java/util/Collections$EmptyList
staticfield com/landawn/abacus/util/CommonUtil EMPTY_SET Ljava/util/Set; java/util/Collections$EmptySet
staticfield com/landawn/abacus/util/CommonUtil EMPTY_SORTED_SET Ljava/util/SortedSet; java/util/Collections$UnmodifiableNavigableSet$EmptyNavigableSet
staticfield com/landawn/abacus/util/CommonUtil EMPTY_NAVIGABLE_SET Ljava/util/NavigableSet; java/util/Collections$UnmodifiableNavigableSet$EmptyNavigableSet
staticfield com/landawn/abacus/util/CommonUtil EMPTY_MAP Ljava/util/Map; java/util/Collections$EmptyMap
staticfield com/landawn/abacus/util/CommonUtil EMPTY_SORTED_MAP Ljava/util/SortedMap; java/util/Collections$UnmodifiableNavigableMap$EmptyNavigableMap
staticfield com/landawn/abacus/util/CommonUtil EMPTY_NAVIGABLE_MAP Ljava/util/NavigableMap; java/util/Collections$UnmodifiableNavigableMap$EmptyNavigableMap
staticfield com/landawn/abacus/util/CommonUtil EMPTY_ITERATOR Ljava/util/Iterator; java/util/Collections$EmptyIterator
staticfield com/landawn/abacus/util/CommonUtil EMPTY_LIST_ITERATOR Ljava/util/ListIterator; java/util/Collections$EmptyListIterator
staticfield com/landawn/abacus/util/CommonUtil NULL_MIN_COMPARATOR Ljava/util/Comparator; com/landawn/abacus/util/Comparators$$Lambda+0x000000002f047000
staticfield com/landawn/abacus/util/CommonUtil NULL_MAX_COMPARATOR Ljava/util/Comparator; com/landawn/abacus/util/Comparators$$Lambda+0x000000002f047540
staticfield com/landawn/abacus/util/CommonUtil NATURAL_COMPARATOR Ljava/util/Comparator; com/landawn/abacus/util/Comparators$$Lambda+0x000000002f047000
staticfield com/landawn/abacus/util/CommonUtil REVERSED_COMPARATOR Ljava/util/Comparator; com/landawn/abacus/util/Comparators$$Lambda+0x000000002f0477e0
staticfield com/landawn/abacus/util/CommonUtil CHAR_COMPARATOR Ljava/util/Comparator; com/landawn/abacus/util/CommonUtil$$Lambda+0x000000002f04e5f8
staticfield com/landawn/abacus/util/CommonUtil BYTE_COMPARATOR Ljava/util/Comparator; com/landawn/abacus/util/CommonUtil$$Lambda+0x000000002f04e898
staticfield com/landawn/abacus/util/CommonUtil SHORT_COMPARATOR Ljava/util/Comparator; com/landawn/abacus/util/CommonUtil$$Lambda+0x000000002f04eb38
staticfield com/landawn/abacus/util/CommonUtil INT_COMPARATOR Ljava/util/Comparator; com/landawn/abacus/util/CommonUtil$$Lambda+0x000000002f04edd8
staticfield com/landawn/abacus/util/CommonUtil LONG_COMPARATOR Ljava/util/Comparator; com/landawn/abacus/util/CommonUtil$$Lambda+0x000000002f04f078
staticfield com/landawn/abacus/util/CommonUtil FLOAT_COMPARATOR Ljava/util/Comparator; com/landawn/abacus/util/CommonUtil$$Lambda+0x000000002f04f318
staticfield com/landawn/abacus/util/CommonUtil DOUBLE_COMPARATOR Ljava/util/Comparator; com/landawn/abacus/util/CommonUtil$$Lambda+0x000000002f04f5b8
staticfield com/landawn/abacus/util/CommonUtil NULL_SENTINEL Ljava/lang/Object; com/landawn/abacus/util/ClassUtil$None
staticfield com/landawn/abacus/util/CommonUtil CLASS_EMPTY_ARRAY Ljava/util/Map; java/util/concurrent/ConcurrentHashMap
staticfield com/landawn/abacus/util/CommonUtil CLASS_TYPE_ENUM Ljava/util/Map; java/util/HashMap
staticfield com/landawn/abacus/util/CommonUtil enumListPool Ljava/lang/ClassValue; com/landawn/abacus/util/CommonUtil$1
staticfield com/landawn/abacus/util/CommonUtil enumSetPool Ljava/lang/ClassValue; com/landawn/abacus/util/CommonUtil$2
staticfield com/landawn/abacus/util/CommonUtil enumMapPool Ljava/lang/ClassValue; com/landawn/abacus/util/CommonUtil$3
staticfield com/landawn/abacus/util/CommonUtil charStringCache [Ljava/lang/String; 128 [Ljava/lang/String;
staticfield com/landawn/abacus/util/CommonUtil intStringCache [Ljava/lang/String; 11002 [Ljava/lang/String;
staticfield com/landawn/abacus/util/CommonUtil stringIntCache Ljava/util/Map; java/util/HashMap
staticfield com/landawn/abacus/util/CommonUtil EMPTY_ARRAY_POOL Ljava/util/Map; java/util/concurrent/ConcurrentHashMap
staticfield com/landawn/abacus/util/CommonUtil UNMODIFIABLE_CLASSES Ljava/util/Map; java/util/concurrent/ConcurrentHashMap
staticfield com/landawn/abacus/util/CommonUtil PROBED_UNMODIFIABLE_CLASSES Ljava/lang/ClassValue; com/landawn/abacus/util/CommonUtil$4
staticfield com/landawn/abacus/util/CommonUtil KNOWN_MUTABLE_CLASSES Ljava/util/Set; java/util/ImmutableCollections$SetN
staticfield com/landawn/abacus/util/CommonUtil EMPTY_INPUT_STREAM Ljava/io/ByteArrayInputStream; java/io/ByteArrayInputStream
staticfield com/landawn/abacus/util/CommonUtil NO_DESCENDING_ITERATOR Ljava/lang/Object; java/lang/Object
staticfield com/landawn/abacus/util/CommonUtil descendingIteratorMethodPool Ljava/lang/ClassValue; com/landawn/abacus/util/CommonUtil$5
ciInstanceKlass com/landawn/abacus/util/N 1 1 5828 10 100 12 1 1 1 10 7 12 1 1 1 10 12 1 10 12 1 10 12 1 10 12 1 10 12 1 10 12 1 10 100 12 1 1 1 10 12 1 10 100 12 1 1 10 12 1 10 12 1 1 10 12 1 1 11 7 12 1 1 1 11 7 12 1 1 1 11 12 1 1 10 100 12 1 1 1 10 100 12 1 1 1 10 100 12 1 1 1 10 12 1 10 100 12 1 1 1 10 12 1 1 100 1 8 1 10 12 1 1 11 100 12 1 1 100 1 10 100 12 1 1 1 18 12 1 1 11 12 1 1 10 12 1 100 1 100 1 10 12 1 10 12 1 1 10 12 1 1 11 100 1 100 1 11 12 1 11 12 1 1 11 12 1 1 10 12 1 10 12 1 1 10 12 1 10 12 1 10 12 1 10 12 1 10 12 1 10 12 1 10 12 1 10 12 1 10 12 1 11 7 12 1 1 1 11 12 1 10 100 12 1 1 1 100 1 10 12 1 11 12 1 11 12 1 10 12 1 1 11 10 12 1 10 12 1 10 12 1 10 12 1 10 12 1 8 1 10 12 1 1 7 1 10 10 12 1 10 12 1 1 11 7 12 1 10 12 1 1 10 12 1 1 10 12 1 10 12 1 10 12 1 10 12 1 10 12 1 10 12 1 10 12 1 10 12 1 10 12 1 10 12 1 10 12 1 10 12 1 10 12 1 10 12 1 10 12 1 10 12 1 11 10 12 1 1 10 12 1 100 1 11 12 1 1 10 11 10 12 1 10 12 1 1 8 1 10 12 1 1 10 100 12 1 1 1 100 1 10 12 1 10 12 1 11 100 12 1 1 10 12 1 10 12 1 11 12 1 1 11 12 1 1 8 1 10 12 1 1 8 1 10 12 1 8 1 10 100 12 1 1 10 12 1 10 12 1 18 12 1 18 12 1 9 12 1 1 10 100 12 1 3 100 1 8 1 10 12 1 10 12 1 1 10 100 12 1 1 1 9 12 1 1 10 100 10 12 1 9 12 1 1 10 100 10 12 1 9 12 1 1 10 100 10 12 1 9 12 1 1 10 100 10 12 1 9 12 1 1 10 100 10 12 1 9 12 1 1 10 100 10 12 1 9 12 1 1 10 100 10 12 1 10 100 12 1 1 1 10 100 12 1 1 10 12 1 1 100 1 10 12 1 10 12 1 5 0 8 1 10 100 1 10 12 1 1 10 7 12 1 1 1 10 12 1 8 1 11 7 12 1 1 10 12 1 1 11 12 1 11 10 12 1 10 12 1 10 12 10 12 10 12 10 12 10 12 10 12 10 12 10 12 1 1 10 12 10 12 1 11 100 1 10 12 1 10 12 10 12 1 1 10 12 1 10 100 12 1 1 1 10 12 1 1 10 12 1 1 10 12 1 1 10 100 12 1 1 10 12 1 10 12 1 10 12 1 10 100 12 1 1 10 12 1 10 12 1 10 12 1 10 100 12 1 1 10 12 1 10 12 1 10 12 1 10 100 12 1 1 10 12 1 10 12 1 10 12 1 10 100 12 1 1 10 12 1 10 12 1 10 12 1 10 100 12 1 1 10 12 1 10 12 1 10 12 1 10 100 12 1 1 10 12 1 10 12 1 10 12 1 10 12 1 10 12 1 1 10 10 12 1 1 10 12 1 1 10 12 1 11 10 12 1 10 12 1 1 10 12 1 1 8 1 8 1 10 12 1 1 11 100 12 1 1 11 12 1 1 11 12 1 1 11 100 1 10 12 1 10 12 1 1 100 1 11 12 1 1 10 10 12 1 1 10 11 12 10 12 11 12 1 1 10 12 1 10 100 12 1 1 1 10 100 12 1 1 10 12 1 1 10 12 1 8 1 10 12 1 1 11 12 1 8 1 10 12 1 8 1 10 10 12 1 18 12 1 1 11 12 1 18 10 12 1 10 12 10 12 10 12 10 12 10 12 10 12 10 12 10 12 10 12 1 1 10 12 10 12 10 12 1 10 12 1 10 12 10 12 10 12 10 12 10 12 10 12 10 12 10 7 12 1 1 1 10 12 10 12 10 12 11 12 1 9 12 1 1 11 12 1 1 10 12 1 1 10 12 1 1 100 1 10 12 1 1 10 12 1 100 1 10 100 1 10 11 12 10 12 10 12 1 11 10 12 1 10 12 1 11 10 10 12 1 1 10 12 1 1 8 1 8 1 10 12 1 1 10 12 1 10 12 1 8 1 11 100 12 1 1 1 11 100 12 1 1 11 100 12 1 1 11 100 12 1 1 11 100 12 1 1 11 100 12 1 1 11 100 12 1 1 11 100 12 1 1 11 7 12 1 11 12 1 1 11 12 1 1 11 100 1 11 11 12 1 8 1 11 100 12 1 1 11 100 12 1 1 1 11 100 12 1 1 1 11 100 12 1 1 1 11 100 12 1 1 11 100 12 1 1 1 11 100 12 1 1 1 11 100 12 1 1 1 11 100 12 1 11 100 1 100 1 8 1 10 8 1 8 1 11 100 12 1 11 100 12 1 1 11 100 12 1 1 11 100 12 1 1 10 12 1 1 10 12 1 11 100 12 1 1 10 12 1 10 12 1 8 1 11 100 12 1 10 10 12 1 10 12 1 10 12 1 10 12 1 10 12 1 10 12 1 10 12 1 10 12 1 10 12 1 100 1 8 1 10 12 1 9 12 1 10 8 1 10 12 1 10 12 1 10 12 1 1 10 12 1 10 10 12 1 1 10 12 1 10 12 1 8 1 11 12 1 10 12 1 10 12 1 1 10 12 1 1 100 1 18 12 10 10 12 1 10 12 1 10 12 1 10 12 1 10 12 1 10 12 1 10 12 1 10 12 1 1 10 12 1 18 11 12 100 1 11 12 11 12 1 1 10 12 1 1 10 12 1 10 12 1 10 12 1 10 12 1 10 12 1 10 12 1 10 12 1 10 12 1 10 12 1 11 10 12 1 1 10 12 1 1 10 12 1 10 12 1 10 12 1 10 12 1 10 12 1 10 12 1 10 12 10 12 1 10 12 1 10 12 1 10 12 1 10 12 1 10 12 1 10 12 1 10 12 1 10 12 1 1 11 12 10 12 1 10 12 1 10 12 11 10 100 12 1 1 18 12 1 11 12 1 1 100 1 10 10 100 12 1 1 1 18 12 1 10 12 1 10 12 1 10 12 1 10 12 1 10 12 1 1 10 12 1 10 12 1 100 1 10 12 1 10 12 1 10 12 1 10 12 1 10 12 1 10 100 12 1 1 10 12 1 1 10 12 10 12 1 10 12 1 10 100 12 1 1 10 12 1 1 10 12 10 12 1 10 12 1 10 100 12 1 1 10 12 1 1 10 12 10 12 1 10 12 1 10 12 1 10 12 10 12 1 10 12 1 10 100 12 1 1 10 12 1 1 10 12 10 12 1 10 12 1 10 12 1 10 12 1 1 10 12 10 12 1 10 12 1 10 12 1 10 12 1 1 10 12 1 10 12 1 10 12 1 10 12 1 10 12 1 10 12 1 10 12 1 1 10 12 1 10 12 1 11 11 12 1 11 10 12 1 1 10 12 10 12 10 12 10 12 10 12 10 12 10 12 10 12 10 12 1 10 12 10 12 1 11 12 1 10 12 1 1 10 12 1 1 10 12 1 1 10 12 1 18 10 12 1 1 10 12 1 1 10 12 1 10 12 1 10 12 1 10 12 1 10 12 1 10 12 1 10 12 1 10 12 1 10 12 1 10 12 1 10 12 1 10 12 1 10 12 1 10 12 1 10 12 1 10 12 1 10 12 11 11 9 12 1 1 10 12 1 10 12 10 12 1 1 10 12 1 10 12 1 10 12 10 12 1 1 10 12 1 9 100 12 1 1 1 10 12 1 1 10 12 1 10 12 1 10 12 1 100 1 10 10 12 1 10 12 10 12 1 1 10 12 1 10 12 1 1 10 12 1 10 12 1 10 12 1 10 12 1 10 12 1 1 100 1 10 12 1 10 12 10 12 1 10 100 12 1 1 10 12 10 100 12 1 1 1 10 12 1 1 10 12 1 11 100 12 1 10 12 1 10 12 1 10 12 1 1 10 12 1 1 10 12 1 1 10 12 1 11 100 12 1 1 10 12 1 10 12 1 10 12 1 1 10 12 1 1 10 12 1 11 100 12 1 1 10 12 1 10 12 1 10 12 1 1 10 12 1 1 11 7 1 10 12 1 1 9 100 12 1 1 10 12 1 10 12 1 1 10 12 1 10 12 1 10 12 1 100 1 10 10 12 1 10 12 10 12 1 1 10 12 1 10 12 1 10 12 1 10 12 1 10 12 10 100 12 1 1 10 12 10 12 1 10 12 10 12 1 10 12 1 10 12 1 10 12 1 9 100 12 1 1 1 10 12 1 1 10 12 1 10 10 12 10 12 1 10 12 1 9 12 1 1 10 12 1 100 1 8 1 11 100 12 1 1 10 12 1 8 1 10 12 1 10 12 1 8 1 10 12 1 10 12 1 10 12 1 10 12 1 10 12 1 10 12 10 12 1 10 12 10 12 1 10 12 10 12 1 10 12 10 12 1 10 12 1 10 12 1 9 12 1 10 12 1 8 1 10 12 1 8 1 10 12 1 1 10 12 1 10 12 1 10 12 1 8 1 18 12 1 10 12 1 18 18 10 12 1 1 10 12 1 10 12 1 8 1 11 12 1 10 12 1 1 10 12 1 1 10 12 1 1 10 10 12 1 1 10 100 12 1 1 8 1 10 12 1 1 10 12 1 8 1 10 10 12 10 12 10 12 10 12 10 12 10 12 10 12 10 12 10 12 10 12 10 12 10 12 10 12 10 12 10 12 10 12 10 12 18 10 12 18 18 10 12 1 10 12 10 12 10 12 1 10 12 1 10 12 1 10 12 1 9 12 1 10 12 1 10 12 6 0 10 12 1 10 12 1 10 12 10 12 1 10 12 1 10 12 10 12 10 12 10 12 1 1 10 12 1 10 12 1 10 10 12 10 12 1 10 12 1 10 12 10 12 1 10 12 1 10 12 1 10 12 1 10 12 1 10 12 1 10 12 1 10 12 1 10 12 1 1 10 12 10 12 1 10 12 1 10 12 10 12 1 10 12 1 10 12 10 12 1 10 12 10 10 12 1 10 12 10 12 1 10 12 10 12 1 10 12 10 12 10 12 1 8 1 10 12 1 10 12 10 12 1 10 12 1 1 8 1 10 12 1 100 1 10 11 100 1 11 11 12 1 11 12 11 12 1 1 10 12 1 10 12 1 10 12 1 10 12 1 10 12 1 10 100 12 1 1 10 12 1 1 10 12 1 8 1 11 12 1 11 12 1 11 10 12 1 10 12 1 10 12 1 10 12 1 10 12 1 10 12 1 10 12 1 10 12 1 10 12 1 10 12 1 10 12 10 12 1 10 12 1 9 12 1 11 10 7 12 1 1 10 12 1 10 12 1 10 12 1 10 100 12 1 1 100 1 18 12 1 11 12 1 1 10 18 12 10 12 1 10 12 1 8 1 10 100 12 1 1 1 10 12 1 1 10 12 1 1 8 1 10 6 0 10 12 1 1 5 0 8 1 10 12 1 10 12 1 10 12 1 10 12 10 12 1 10 12 10 12 1 10 12 10 12 1 10 12 10 12 1 10 12 10 12 1 10 12 10 12 1 10 12 10 12 1 10 12 1 10 12 1 10 12 1 10 12 1 1 10 12 1 8 1 10 12 1 1 11 100 12 1 10 12 1 10 12 1 1 11 100 12 1 1 10 12 1 10 12 1 1 11 100 12 1 1 10 12 1 10 12 1 1 11 100 12 1 1 10 12 1 10 12 1 1 10 12 1 11 100 12 1 11 100 12 1 1 10 12 1 1 10 12 1 11 100 12 1 1 11 100 12 1 10 12 1 1 11 100 12 1 1 10 12 1 10 12 1 1 10 12 1 11 100 12 1 1 11 100 12 1 1 10 12 1 1 10 12 1 10 12 1 10 12 1 10 12 1 10 12 1 10 12 10 12 1 10 12 10 12 10 12 10 12 10 12 8 1 10 12 1 3 3 10 12 1 10 12 1 10 12 1 1 10 12 1 10 12 1 1 10 12 1 1 10 12 1 10 12 1 4 4 10 12 10 12 10 12 10 12 10 12 10 12 10 12 10 12 10 12 1 10 12 1 1 10 12 10 12 10 12 8 1 8 1 8 1 10 12 1 1 10 12 1 10 12 1 10 12 1 10 12 1 10 12 1 10 12 1 10 12 1 10 12 1 10 12 1 10 12 1 10 12 1 10 12 1 8 1 11 100 12 1 9 100 12 1 1 1 10 12 1 10 12 1 11 10 12 1 10 12 1 1 10 12 1 100 1 10 12 1 8 1 11 100 12 1 1 10 12 8 1 10 100 12 1 1 10 12 1 18 12 1 18 18 18 8 1 8 1 10 100 12 1 1 10 12 1 18 18 18 18 18 18 8 1 10 12 1 1 10 12 1 18 12 1 11 12 1 1 10 12 1 18 18 10 12 1 18 10 12 1 18 10 12 1 18 10 12 1 18 8 1 10 12 1 11 100 12 1 1 11 12 1 1 11 12 1 18 12 1 11 100 12 1 1 1 10 12 1 1 10 12 1 18 10 12 1 18 10 12 11 18 12 1 11 12 1 1 10 12 1 10 12 1 11 10 12 1 10 12 1 10 12 1 10 12 1 1 9 100 12 1 1 1 9 12 1 1 11 100 12 1 1 1 9 12 1 11 12 1 11 12 1 11 12 1 11 12 1 11 12 1 11 12 1 11 12 1 1 100 1 10 12 1 1 10 12 10 12 1 11 12 1 10 12 1 1 11 12 1 11 12 1 10 12 1 11 12 1 11 12 1 11 12 1 10 12 1 11 12 1 11 12 1 11 12 1 10 12 1 11 12 1 11 12 1 11 12 1 10 12 1 11 12 1 11 12 10 12 1 1 10 12 1 1 11 12 1 10 12 1 11 12 10 12 1 10 12 1 11 12 1 10 12 1 10 12 1 11 12 1 8 1 10 12 1 10 12 10 12 1 8 1 11 100 12 1 1 11 10 100 12 1 1 1 10 100 12 1 1 10 12 1 11 12 10 11 12 1 10 12 1 10 12 1 11 12 1 10 12 1 10 12 1 10 12 1 1 10 12 1 1 10 100 12 1 1 10 12 1 10 12 1 1 9 12 1 1 11 100 12 1 9 12 1 1 9 12 1 11 11 11 11 11 11 11 11 10 12 1 1 10 12 10 12 11 11 11 10 12 1 11 11 11 10 12 1 11 11 11 10 12 1 11 11 100 1 10 12 1 1 10 12 1 1 10 12 1 10 100 1 10 10 10 12 1 10 12 1 8 1 10 12 1 1 8 1 11 100 12 1 1 10 12 1 11 100 12 1 10 12 1 11 100 12 1 1 11 100 12 1 10 12 1 1 10 12 1 10 12 1 100 1 11 12 1 11 12 1 11 100 1 8 1 11 100 1 8 1 11 100 12 1 1 10 12 1 10 12 1 10 12 1 10 12 1 10 12 1 1 10 12 1 11 100 12 1 1 10 12 1 1 8 10 12 1 10 12 1 10 12 1 1 10 12 1 10 12 1 8 1 9 12 1 1 10 7 12 1 1 1 10 12 1 1 8 1 8 1 10 12 1 100 1 10 100 1 10 18 12 1 11 100 12 1 1 1 7 1 10 10 10 12 1 1 10 12 1 10 12 1 100 1 10 10 100 12 1 1 1 10 12 1 10 100 12 1 1 1 10 12 1 10 12 1 1 10 12 1 100 1 10 18 12 1 8 1 10 12 1 10 100 12 1 1 9 12 1 1 18 12 1 1 9 7 12 1 1 1 11 100 12 1 1 1 10 12 1 10 12 1 10 12 1 8 1 8 1 18 12 1 18 12 1 10 12 1 10 12 1 1 10 12 1 10 12 100 1 10 12 1 1 100 1 10 100 1 18 12 1 10 12 1 100 1 10 12 1 10 12 1 18 12 1 100 1 10 10 12 1 10 100 12 1 1 1 10 12 1 100 1 10 12 1 10 12 1 8 1 10 12 10 10 12 1 10 12 1 8 1 8 1 8 1 10 12 1 1 10 12 11 12 10 100 12 1 1 10 12 1 10 12 1 10 12 1 10 12 1 10 12 8 1 8 1 10 12 1 1 10 100 12 1 1 1 10 12 1 10 12 1 10 12 1 10 12 1 1 10 12 1 10 12 1 10 12 1 11 100 1 10 12 1 11 100 12 1 9 12 1 10 12 1 8 1 10 12 1 11 100 12 1 1 11 100 1 10 100 12 1 1 10 12 1 8 1 11 100 1 8 1 8 1 10 12 10 12 10 12 1 10 100 12 1 1 10 100 12 1 1 10 12 1 10 12 1 10 12 1 8 1 8 1 8 1 10 100 12 1 1 1 10 12 1 1 9 12 1 1 10 12 1 1 10 10 100 12 1 1 10 12 1 10 12 1 8 1 8 1 8 1 10 12 1 10 12 1 1 10 12 10 12 1 1 10 12 10 100 1 10 12 10 12 1 9 12 1 9 12 1 9 12 1 1 5 0 9 12 1 10 12 1 7 1 10 10 7 12 1 1 1 1 1 3 1 3 1 1 1 3 1 1 1 1 1 1 1 1 1 1 1 1 1 1 1 1 1 1 1 1 1 1 1 1 1 1 1 1 1 1 1 1 1 1 1 1 1 1 1 1 1 1 1 1 1 1 1 1 1 1 1 1 1 1 1 1 1 1 1 1 1 1 1 1 1 1 1 1 1 1 1 1 1 1 1 1 1 1 1 1 1 1 1 1 1 1 1 1 1 1 1 1 1 1 1 1 1 1 1 1 1 1 1 1 1 1 1 1 1 1 1 1 1 1 1 1 1 1 1 1 1 1 1 1 1 1 1 1 1 1 1 1 1 1 1 1 1 1 1 1 1 1 1 1 1 1 1 1 1 1 1 1 1 1 1 1 1 100 1 1 1 1 1 1 100 1 1 1 1 1 100 1 1 1 100 1 1 1 100 1 1 1 100 1 1 1 100 1 1 1 100 1 1 1 100 1 1 1 1 1 1 100 1 1 1 1 1 1 100 1 1 1 1 1 1 1 1 1 1 1 1 1 1 1 1 1 1 1 1 1 1 1 1 1 1 1 1 1 1 1 1 1 1 1 1 1 1 1 1 1 1 1 1 1 1 1 1 1 1 1 1 1 1 1 1 1 1 1 1 1 1 1 1 1 1 1 1 1 1 1 1 1 1 1 1 1 1 1 1 1 1 1 1 1 1 1 1 1 100 1 1 1 1 1 1 1 1 1 1 1 1 1 1 1 1 1 1 1 1 1 1 1 1 1 1 1 1 1 1 1 1 1 1 1 1 1 1 1 1 1 1 1 1 1 1 1 1 1 1 1 1 1 1 1 1 1 1 1 1 1 1 1 1 1 1 1 1 1 1 1 1 1 1 1 1 1 1 1 1 1 1 1 1 1 1 1 1 1 1 1 1 1 1 1 1 1 1 1 1 1 1 1 1 1 1 1 1 1 1 1 1 1 1 1 1 1 1 1 1 1 1 1 1 1 1 1 1 1 1 1 1 1 1 1 1 1 1 1 1 1 1 1 1 1 1 1 1 1 1 1 1 1 1 1 1 1 1 1 1 1 1 1 1 1 1 1 1 1 1 1 1 1 1 1 1 1 1 1 1 1 1 1 1 1 1 1 1 1 1 1 1 1 1 1 1 1 1 1 1 1 1 1 1 1 1 1 1 1 1 1 1 1 1 1 1 1 1 1 1 1 1 1 1 1 100 1 1 1 1 1 1 1 1 1 1 1 1 1 1 1 1 1 1 1 1 1 1 1 1 1 1 1 1 1 1 1 1 1 1 1 1 1 1 1 1 1 1 1 1 1 1 1 1 1 1 1 1 1 1 1 1 1 1 1 1 1 1 1 1 1 1 1 1 1 1 1 1 1 1 1 1 1 1 1 1 1 1 1 1 1 1 1 1 1 1 1 1 1 1 1 1 1 1 1 1 1 1 1 1 1 1 1 1 1 1 1 1 1 1 1 1 1 1 1 1 1 1 1 1 1 1 1 1 1 1 1 1 1 1 1 1 1 1 1 1 1 1 1 1 1 1 1 1 1 1 1 1 1 1 1 1 1 1 1 1 1 1 1 1 1 1 1 1 1 1 1 1 1 1 1 1 1 1 1 1 1 1 1 1 1 1 1 1 1 1 1 1 1 1 1 1 1 1 1 1 1 1 1 1 1 1 1 1 1 100 1 1 1 1 1 1 1 1 1 1 1 1 1 1 1 1 1 1 1 1 1 1 1 1 1 1 1 1 1 1 1 1 1 1 1 1 1 1 1 1 1 1 1 1 1 1 1 1 1 1 1 1 1 1 1 1 1 1 1 1 1 1 1 1 1 1 1 1 1 1 1 1 1 1 1 1 1 1 1 1 1 1 1 1 1 1 1 1 1 1 1 1 1 1 1 1 1 1 1 1 1 1 1 1 1 1 1 1 1 1 1 1 1 1 100 1 1 1 1 1 1 1 1 1 1 1 1 1 1 1 1 1 1 1 1 1 1 1 1 1 1 1 1 1 1 1 1 1 1 1 1 1 1 1 1 1 1 1 1 1 1 1 1 1 1 1 1 1 1 1 1 1 1 1 1 1 1 1 1 1 1 1 1 1 1 1 1 1 1 1 1 1 1 1 1 1 1 1 1 1 1 1 1 1 1 1 1 1 1 1 1 1 1 1 1 1 1 1 1 1 1 1 1 1 1 1 1 1 1 1 1 1 1 1 1 1 1 1 1 1 1 1 1 1 1 1 1 1 1 1 1 1 1 1 1 1 1 1 1 1 1 1 1 1 1 1 1 1 1 1 1 1 1 1 1 1 1 1 1 1 1 1 1 1 1 1 1 1 1 1 1 1 1 1 1 1 1 1 1 1 1 1 1 1 1 1 1 1 1 1 1 1 1 1 1 1 1 1 1 1 1 1 1 1 1 1 1 1 1 1 1 1 1 1 1 1 1 1 1 1 1 1 1 1 1 1 1 1 1 1 1 1 1 1 1 1 1 1 1 1 1 1 1 1 1 1 1 1 1 1 1 1 1 1 1 1 1 1 1 1 1 1 1 1 1 1 1 1 1 1 1 1 1 1 1 1 1 1 1 1 1 1 1 1 1 1 1 1 1 1 1 1 1 1 1 1 1 1 1 1 1 1 1 1 1 1 1 1 1 1 1 1 1 1 1 1 1 1 1 1 1 1 1 1 1 1 1 1 1 1 1 1 1 1 1 1 1 1 1 1 1 1 1 1 1 1 1 1 1 1 1 1 1 1 1 1 1 1 1 1 1 1 1 1 1 1 1 1 1 1 1 1 1 1 1 1 1 1 1 1 1 1 1 1 1 1 1 1 1 1 1 1 100 1 1 1 1 1 100 1 1 1 1 1 1 1 1 1 1 1 1 1 1 1 1 1 1 1 1 1 1 1 1 1 1 1 1 1 1 1 1 1 1 1 1 1 1 1 1 1 1 1 1 1 1 1 1 1 1 1 1 1 1 1 1 1 1 1 1 1 1 1 1 1 1 1 1 1 1 1 1 1 1 1 1 1 1 1 1 1 1 1 1 1 1 1 1 1 1 1 1 1 1 1 1 1 1 1 1 1 1 1 1 1 1 1 1 1 1 1 1 1 1 1 1 1 1 1 1 1 1 1 1 1 1 1 1 1 1 1 1 1 1 1 1 1 1 1 1 1 1 1 1 1 1 1 1 1 1 1 1 1 1 1 1 1 1 1 1 1 1 1 1 1 1 1 1 1 1 1 1 1 1 1 1 1 1 1 1 1 1 1 1 1 1 1 1 1 1 1 1 1 1 1 1 1 1 1 1 1 1 1 1 1 1 1 1 1 1 1 1 1 1 1 1 1 1 1 1 1 1 1 1 1 1 1 1 1 1 100 1 100 1 1 1 1 1 1 1 1 1 1 1 1 1 1 1 1 1 1 1 1 1 1 1 1 1 100 1 100 1 1 1 1 1 1 1 1 1 1 1 1 1 1 1 1 1 1 1 1 1 1 1 1 1 1 1 1 1 1 1 1 1 1 1 1 1 1 1 1 1 1 1 1 1 1 1 1 1 1 1 1 1 1 1 1 1 1 1 1 1 1 1 1 1 1 1 1 1 1 1 1 1 1 1 1 1 1 1 1 1 1 1 1 1 1 100 1 1 1 1 1 1 1 100 1 1 1 1 1 1 1 100 1 1 1 1 1 1 1 100 1 1 1 1 1 1 1 1 1 1 1 1 1 1 1 1 1 1 1 1 1 1 1 1 1 1 1 1 1 1 1 1 1 1 1 1 1 1 1 1 1 1 1 1 1 1 1 1 1 1 1 1 1 1 1 1 1 1 1 1 1 1 1 1 1 1 1 1 1 1 1 1 1 1 1 1 1 1 1 1 1 1 1 1 1 1 1 1 1 1 1 1 1 1 1 1 1 100 1 1 1 1 1 1 1 1 1 1 1 1 1 1 1 1 1 1 1 100 1 100 1 1 1 1 1 1 1 1 1 1 1 1 1 1 1 1 1 1 1 1 1 1 1 1 1 1 1 1 1 1 1 1 1 1 1 1 1 1 1 1 1 1 1 1 1 1 1 1 1 1 1 1 1 1 1 1 1 1 1 16 15 10 12 16 1 16 1 15 10 12 16 15 10 12 8 1 8 1 8 1 8 1 16 15 15 8 1 16 15 10 12 15 10 12 15 10 12 15 10 12 15 10 12 15 10 12 16 15 10 100 12 1 16 1 15 10 12 16 1 16 15 10 12 16 1 15 10 12 15 10 12 15 10 12 15 10 12 15 10 12 15 10 12 15 10 12 15 10 12 15 10 12 16 15 10 12 16 15 10 12 15 10 12 15 10 12 15 10 12 15 10 12 15 10 12 15 10 12 15 10 12 15 10 12 15 10 12 16 15 10 12 15 10 12 16 15 10 12 16 1 15 10 12 15 10 12 15 10 12 15 10 12 15 10 100 12 1 1 1 15 10 100 12 1 1 1 1 100 1 1 1 100 1 1 1 1 1 1 1 1 1 1 1 1 1 1 1 1 1 1 1 1 1 1 1 100 1 100 1 1
staticfield com/landawn/abacus/util/N ASYNC_EXECUTOR Lcom/landawn/abacus/util/AsyncExecutor; com/landawn/abacus/util/AsyncExecutor
staticfield com/landawn/abacus/util/N SCHEDULED_EXECUTOR Ljava/util/concurrent/ScheduledExecutorService; java/util/concurrent/Executors$DelegatedScheduledExecutorService
ciInstanceKlass  @bci com/landawn/abacus/parser/ParserUtil$XmlNameTag <init> (Ljava/lang/String;Ljava/lang/String;Z)V 31 <appendix> form vmentry <vmtarget> ; 1 1 43 1 7 1 100 1 1 1 1 1 12 9 1 7 1 1 12 9 1 12 9 1 7 1 12 10 1 1 1 7 1 1 12 10 1 7 1 1 1 1 1 1 1
staticfield  @bci com/landawn/abacus/parser/ParserUtil$XmlNameTag <init> (Ljava/lang/String;Ljava/lang/String;Z)V 31 <appendix> form vmentry <vmtarget> ; _D_0 Ljava/lang/invoke/LambdaForm; java/lang/invoke/LambdaForm
instanceKlass com/landawn/abacus/util/ImmutableSortedMap
ciInstanceKlass com/landawn/abacus/util/ImmutableMap 1 1 206 10 7 12 1 1 1 10 12 1 9 7 12 1 1 1 10 100 12 1 1 1 11 100 12 1 1 1 10 11 12 1 1 9 12 1 1 10 12 1 1 10 12 1 1 10 12 1 100 1 10 12 1 100 1 8 1 10 12 1 1 10 10 12 1 1 10 12 1 1 10 12 1 1 10 12 1 1 10 12 1 10 12 1 1 10 12 1 1 10 12 1 10 12 1 1 10 12 1 10 12 1 10 12 1 10 12 1 7 1 10 12 1 10 7 12 1 1 1 1 1 1 1 1 1 1 1 1 1 100 1 1 1 1 1 1 1 1 1 1 1 1 1 1 1 1 1 1 1 1 1 1 1 1 1 1 1 1 1 1 1 1 1 1 1 1 1 1 1 1 1 1 1 1 1 1 1 1 1 1 1 1 1 1 1 1 1 1 1 1 1 1 100 1 1 1 100 1 1 1 1 1 1 1 1 1
staticfield com/landawn/abacus/util/ImmutableMap EMPTY Lcom/landawn/abacus/util/ImmutableMap; com/landawn/abacus/util/ImmutableMap
ciInstanceKlass java/util/NoSuchElementException 1 0 34 10 100 12 1 1 1 10 12 1 10 12 1 10 12 1 100 1 1 1 1 5 0 1 1 1 1 1 1 1 1 1 1 1
ciInstanceKlass  @bci com/landawn/abacus/query/condition/AbstractCondition validateNonQuantifiedValueOperands (Ljava/util/Collection;Ljava/lang/String;)V 33 <appendix> argL0 member <vmtarget> ; 1 1 70 1 7 1 7 1 1 12 10 1 1 1 7 1 1 12 10 1 12 10 1 1 1 12 10 1 12 10 1 1 1 1 12 10 1 1 12 9 12 10 1 12 9 12 10 1 1 12 9 1 7 1 12 10 1 1 12 10 12 10 1 12 10 1 12 10 1 1 1 1
ciInstanceKlass  @bci com/landawn/abacus/query/condition/AbstractCondition validateNonQuantifiedValueOperands (Ljava/util/Collection;Ljava/lang/String;)V 33 <appendix> form vmentry <vmtarget> ; 1 1 43 1 7 1 100 1 1 1 1 1 12 9 1 7 1 1 12 9 1 12 9 1 7 1 12 10 1 1 1 7 1 1 12 10 1 7 1 1 1 1 1 1 1
staticfield  @bci com/landawn/abacus/query/condition/AbstractCondition validateNonQuantifiedValueOperands (Ljava/util/Collection;Ljava/lang/String;)V 33 <appendix> form vmentry <vmtarget> ; _D_0 Ljava/lang/invoke/LambdaForm; java/lang/invoke/LambdaForm
ciInstanceKlass com/landawn/abacus/query/ParsedSql 1 1 888 10 7 12 1 1 1 10 7 12 1 1 1 9 7 12 1 1 1 10 12 1 1 9 12 1 10 7 12 1 1 1 8 1 10 12 1 1 10 12 1 1 10 12 1 1 10 7 12 1 1 1 10 12 1 1 10 12 1 10 12 1 1 100 1 10 12 1 10 12 1 1 9 7 12 1 1 1 10 7 12 1 1 1 11 7 12 1 1 11 12 1 1 10 12 1 10 12 1 1 100 7 1 10 10 12 1 1 10 12 1 1 10 12 1 1 7 1 10 12 1 10 12 10 12 1 1 8 1 10 12 1 10 10 10 12 1 10 12 1 100 1 18 12 1 1 10 12 1 10 12 1 1 10 12 1 7 1 10 11 12 1 100 1 8 1 10 12 1 10 12 1 10 12 1 1 10 12 1 10 7 12 1 1 10 12 1 1 10 12 1 10 12 1 1 10 7 12 1 1 1 9 12 1 9 12 1 10 7 12 1 1 1 10 12 1 1 9 12 1 1 9 12 1 10 12 1 10 12 1 1 10 12 1 1 10 8 1 8 1 8 1 8 1 8 1 10 12 1 1 10 12 1 8 1 8 1 8 1 8 1 8 1 8 1 10 12 1 8 1 9 12 1 1 11 7 12 1 1 100 1 10 12 1 1 10 5 0 11 7 12 1 1 11 12 1 1 100 1 18 10 10 12 1 10 12 1 10 10 12 1 1 10 12 1 8 1 8 1 8 1 8 1 10 12 8 1 10 12 1 8 1 8 1 8 1 8 1 8 1 8 1 8 1 8 1 8 1 10 12 1 1 8 1 10 12 1 10 12 1 1 10 12 1 10 12 1 8 1 8 1 10 12 1 10 12 1 1 10 12 1 10 12 1 10 12 1 1 10 12 1 1 10 7 1 10 12 1 10 12 1 10 12 1 10 12 1 10 12 1 18 10 12 1 10 12 1 1 10 12 1 10 12 1 10 12 1 10 12 1 1 9 12 1 1 10 12 1 8 1 10 12 8 1 10 12 1 11 12 1 1 18 8 1 8 1 10 12 1 1 10 12 1 10 100 12 1 1 1 10 12 1 10 12 1 10 12 1 1 10 12 1 10 12 1 10 12 1 10 12 1 10 12 1 10 12 1 1 10 12 1 10 7 12 1 1 10 12 1 8 1 8 1 8 1 8 1 8 1 8 1 8 1 8 1 10 12 1 1 8 1 8 1 7 1 10 10 12 1 1 10 7 12 1 1 1 11 7 12 1 1 1 11 7 12 1 1 11 12 1 11 10 7 12 1 1 1 9 12 1 1 11 12 1 18 12 1 1 11 7 12 1 1 1 11 12 1 1 11 12 1 1 7 1 11 11 12 1 9 12 1 1 10 12 1 10 12 1 10 12 1 8 1 8 1 8 1 8 1 8 1 8 1 8 1 8 1 8 1 8 1 8 1 8 1 8 1 8 1 8 1 8 1 8 1 8 1 8 1 8 1 8 1 10 12 1 8 1 8 1 8 1 8 1 8 1 8 1 8 1 8 1 8 1 8 1 8 1 8 1 8 1 8 1 8 1 8 1 8 1 8 1 8 1 8 1 8 1 8 1 8 1 8 1 8 1 8 1 8 1 8 1 8 1 8 1 8 1 8 1 8 1 8 1 8 1 8 1 10 12 1 10 12 1 10 12 1 10 12 1 18 12 10 12 1 1 18 18 18 10 12 1 10 12 1 10 12 10 12 10 12 1 18 12 1 9 7 12 1 1 10 12 1 9 12 1 5 0 10 7 12 1 1 1 8 1 10 12 1 1 10 12 1 1 1 3 1 3 1 1 1 1 1 1 1 3 1 3 1 3 1 1 1 1 1 100 1 100 1 100 1 1 1 1 1 1 1 1 1 1 1 1 1 1 1 1 100 1 1 1 1 1 1 1 8 1 8 1 8 1 8 1 16 1 15 16 8 1 8 1 8 1 8 1 8 1 15 10 100 12 1 1 15 10 7 12 1 1 1 1 1 1 1 100 1 100 1 1
staticfield com/landawn/abacus/query/ParsedSql FACTOR I 1
staticfield com/landawn/abacus/query/ParsedSql pool Lcom/landawn/abacus/pool/KeyedObjectPool; com/landawn/abacus/pool/GenericKeyedObjectPool
staticfield com/landawn/abacus/query/ParsedSql _PREFIX_OF_NAMED_PARAMETER C 58
staticfield com/landawn/abacus/query/ParsedSql SUBSCRIPT_SEPARATORS [[Ljava/lang/String; 128 [[Ljava/lang/String;
staticfield com/landawn/abacus/query/ParsedSql QUESTION_MARK_LEADING_SEPARATORS Ljava/util/Set; java/util/Collections$UnmodifiableSet
ciInstanceKlass com/landawn/abacus/query/SqlParser$Tokenizer 1 1 62 10 7 12 1 1 1 9 7 12 1 1 1 10 7 12 1 1 1 10 12 1 1 10 12 1 1 10 12 1 1 10 12 1 1 10 12 1 1 1 1 1 1 1 1 1 1 1 1 1 1 1 1 1 1 1 1 1 1 100 1 1
ciInstanceKlass com/landawn/abacus/query/SqlDialect 1 1 169 10 7 12 1 1 1 9 7 12 1 1 1 9 12 1 1 9 12 1 1 9 12 1 1 9 12 1 1 9 12 1 1 7 1 10 10 12 1 10 12 1 10 12 1 10 12 1 10 12 1 10 12 1 10 12 1 10 12 1 1 10 12 1 10 12 1 10 12 1 10 12 1 10 12 1 10 12 1 1 10 100 12 1 1 1 18 12 1 1 10 7 12 1 1 1 10 12 1 18 12 1 9 12 1 1 1 1 1 1 1 1 1 1 1 1 1 1 1 1 1 1 1 1 1 1 100 1 100 1 100 1 1 8 1 16 1 15 10 12 16 15 10 100 12 1 1 15 10 7 12 1 1 1 1 1 1 1 100 1 100 1 1 1 100 1 100 1 1
staticfield com/landawn/abacus/query/SqlDialect DEFAULT_NAMED_PARAMETER_HANDLER Ljava/util/function/BiConsumer; com/landawn/abacus/query/SqlDialect$$Lambda+0x000000002f11cb20
ciInstanceKlass  @bci com/landawn/abacus/query/SqlDialect <clinit> ()V 0 <appendix> argL0 ; 1 1 25 1 7 1 1 1 7 12 10 1 1 1 7 1 7 1 7 1 1 12 10 1 100 1 1
ciInstanceKlass com/landawn/abacus/query/SqlDialect$SqlPolicy 1 1 60 7 1 9 12 1 1 9 12 1 9 12 1 9 12 1 9 12 1 1 10 7 12 1 1 10 7 12 1 1 1 10 12 1 1 8 10 8 8 8 10 12 1 1 1 1 1 1 1 1 1 1 1 1 1 1 100 1 1 1
staticfield com/landawn/abacus/query/SqlDialect$SqlPolicy RAW_SQL Lcom/landawn/abacus/query/SqlDialect$SqlPolicy; com/landawn/abacus/query/SqlDialect$SqlPolicy
staticfield com/landawn/abacus/query/SqlDialect$SqlPolicy PARAMETERIZED_SQL Lcom/landawn/abacus/query/SqlDialect$SqlPolicy; com/landawn/abacus/query/SqlDialect$SqlPolicy
staticfield com/landawn/abacus/query/SqlDialect$SqlPolicy NAMED_SQL Lcom/landawn/abacus/query/SqlDialect$SqlPolicy; com/landawn/abacus/query/SqlDialect$SqlPolicy
staticfield com/landawn/abacus/query/SqlDialect$SqlPolicy IBATIS_SQL Lcom/landawn/abacus/query/SqlDialect$SqlPolicy; com/landawn/abacus/query/SqlDialect$SqlPolicy
staticfield com/landawn/abacus/query/SqlDialect$SqlPolicy $VALUES [Lcom/landawn/abacus/query/SqlDialect$SqlPolicy; 4 [Lcom/landawn/abacus/query/SqlDialect$SqlPolicy;
ciInstanceKlass com/landawn/abacus/query/AbstractQueryBuilder$DialectFamily 1 1 68 7 1 9 12 1 1 9 12 1 9 12 1 9 12 1 9 12 1 9 12 1 9 12 1 1 10 100 12 1 1 10 7 12 1 1 1 10 12 1 1 8 10 8 8 8 8 8 10 12 1 1 1 1 1 1 1 1 1 1 1 1 1 1 100 1 1 1
staticfield com/landawn/abacus/query/AbstractQueryBuilder$DialectFamily ORACLE Lcom/landawn/abacus/query/AbstractQueryBuilder$DialectFamily; com/landawn/abacus/query/AbstractQueryBuilder$DialectFamily
staticfield com/landawn/abacus/query/AbstractQueryBuilder$DialectFamily DB2 Lcom/landawn/abacus/query/AbstractQueryBuilder$DialectFamily; com/landawn/abacus/query/AbstractQueryBuilder$DialectFamily
staticfield com/landawn/abacus/query/AbstractQueryBuilder$DialectFamily SQL_SERVER Lcom/landawn/abacus/query/AbstractQueryBuilder$DialectFamily; com/landawn/abacus/query/AbstractQueryBuilder$DialectFamily
staticfield com/landawn/abacus/query/AbstractQueryBuilder$DialectFamily MYSQL Lcom/landawn/abacus/query/AbstractQueryBuilder$DialectFamily; com/landawn/abacus/query/AbstractQueryBuilder$DialectFamily
staticfield com/landawn/abacus/query/AbstractQueryBuilder$DialectFamily LIMIT_STYLE Lcom/landawn/abacus/query/AbstractQueryBuilder$DialectFamily; com/landawn/abacus/query/AbstractQueryBuilder$DialectFamily
staticfield com/landawn/abacus/query/AbstractQueryBuilder$DialectFamily DEFAULT Lcom/landawn/abacus/query/AbstractQueryBuilder$DialectFamily; com/landawn/abacus/query/AbstractQueryBuilder$DialectFamily
staticfield com/landawn/abacus/query/AbstractQueryBuilder$DialectFamily $VALUES [Lcom/landawn/abacus/query/AbstractQueryBuilder$DialectFamily; 6 [Lcom/landawn/abacus/query/AbstractQueryBuilder$DialectFamily;
ciMethodData java/lang/Byte toUnsignedInt (B)I 2 165978 orig 80 0 0 0 0 0 0 0 0 0 0 0 0 0 0 0 0 0 0 0 0 0 0 0 0 0 0 0 0 0 0 0 0 0 0 0 0 0 0 0 0 0 0 0 0 0 0 0 0 0 0 0 0 0 0 0 0 0 0 0 0 0 0 0 0 0 0 0 0 0 0 0 0 0 0 0 0 0 0 0 0 data 4 0x0 0x9 0x1 0x0 oops 0 methods 0
ciMethodData java/lang/String hashCode ()I 2 10275 orig 80 1 0 0 0 0 0 0 0 0 0 0 0 0 0 0 0 0 0 0 0 0 0 0 0 0 0 0 0 0 0 0 0 0 0 0 0 0 0 0 1 0 0 0 0 0 0 0 0 0 0 0 0 0 0 0 0 0 0 0 0 0 0 0 0 0 0 0 0 0 0 0 0 0 0 0 0 0 0 0 0 data 41 0x60007 0x12ee 0x100 0x1535 0xd0007 0x19 0xe0 0x151c 0x110005 0x8c 0x23628941a48 0x1490 0x0 0x0 0x140007 0x98 0x48 0x1484 0x1b0002 0x1484 0x1e0003 0x1484 0x28 0x250002 0x98 0x80000006002a0007 0x151c 0x38 0x1 0x320003 0x1 0x18 0x0 0x0 0x0 0x0 0x0 0x0 0x9 0x1 0x0 oops 1 10 java/lang/String methods 0
ciMethodData java/lang/String isLatin1 ()Z 2 3441204 orig 80 0 0 0 0 0 0 0 0 0 0 0 0 0 0 0 0 0 0 0 0 0 0 0 0 0 0 0 0 0 0 0 0 0 0 0 0 0 0 0 0 0 0 0 0 0 0 0 0 0 0 0 0 0 0 0 0 0 0 0 0 0 0 0 0 0 0 0 0 0 0 0 0 0 0 0 0 0 0 0 0 data 18 0x30007 0x0 0x58 0x348232 0xa0007 0x9b 0x38 0x348197 0xe0003 0x348197 0x18 0x0 0x0 0x0 0x0 0x9 0x1 0x0 oops 0 methods 0
ciMethodData java/lang/StringLatin1 hashCode ([B)I 2 5252 orig 80 0 0 0 0 0 0 0 0 0 0 0 0 0 0 0 0 0 0 0 0 0 0 0 0 0 0 0 0 0 0 0 0 0 0 0 0 0 0 0 0 0 0 0 0 0 0 0 0 0 0 0 0 0 0 0 0 0 0 0 0 0 0 0 0 0 0 0 0 0 0 0 0 0 0 0 0 0 0 0 0 data 11 0x50002 0x1484 0x0 0x0 0x0 0x0 0x0 0x0 0x9 0x1 0x0 oops 0 methods 0
ciMethodData jdk/internal/util/ArraysSupport hashCodeOfUnsigned ([BIII)I 2 5131 orig 80 0 0 0 0 0 0 0 0 0 0 0 0 0 0 0 0 0 0 0 0 0 0 0 0 0 0 0 0 0 0 0 0 0 0 0 0 0 0 0 0 0 0 0 0 0 0 0 0 0 0 0 0 0 0 0 0 0 0 0 0 0 0 0 0 0 0 0 0 0 0 0 0 0 0 0 0 0 0 0 0 data 30 0x10008 0x6 0x140a 0x80 0x0 0x40 0x1 0x58 0x1d0003 0x0 0x50 0x270002 0x1 0x2b0003 0x1 0x28 0x330002 0x140a 0x0 0x0 0x0 0x0 0x0 0x0 0x9 0x4 0x0 0x0 0x0 0x0 oops 0 methods 0
ciMethodData java/lang/StringUTF16 hashCode ([B)I 1 152 orig 80 0 0 0 0 0 0 0 0 0 0 0 0 0 0 0 0 0 0 0 0 0 0 0 0 0 0 0 0 0 0 0 0 0 0 0 0 0 0 0 0 0 0 0 0 0 0 0 0 0 0 0 0 0 0 0 0 0 0 0 0 0 0 0 0 0 0 0 0 0 0 0 0 0 0 0 0 0 0 0 0 data 11 0x70002 0x98 0x0 0x0 0x0 0x0 0x0 0x0 0x9 0x1 0xffffffffffffffff oops 0 methods 0
ciMethodData jdk/internal/util/ArraysSupport hashCodeOfUTF16 ([BIII)I 1 152 orig 80 0 0 0 0 0 0 0 0 0 0 0 0 0 0 0 0 0 0 0 0 0 0 0 0 0 0 0 0 0 0 0 0 0 0 0 0 0 0 0 0 0 0 0 0 0 0 0 0 0 0 0 0 0 0 0 0 0 0 0 0 0 0 0 0 0 0 0 0 0 0 0 0 0 0 0 0 0 0 0 0 data 34 0x10008 0x6 0x0 0xa0 0x0 0x40 0x98 0x58 0x1d0003 0x0 0x70 0x290005 0x0 0x2362db1e800 0x98 0x0 0x0 0x2f0003 0x98 0x28 0x370002 0x0 0x0 0x0 0x0 0x0 0x0 0x0 0x9 0x4 0xffffffffffffffff 0x0 0x0 0x0 oops 1 13 java/lang/System$1 methods 0
ciMethodData java/lang/Object <init> ()V 2 4633487 orig 80 0 0 0 0 0 0 0 0 0 0 0 0 0 0 0 0 0 0 0 0 0 0 0 0 0 0 0 0 0 0 0 0 0 0 0 0 0 0 0 0 0 0 0 0 0 0 0 0 0 0 0 0 0 0 0 0 0 0 0 0 0 0 0 0 0 0 0 0 0 0 0 0 0 0 0 0 0 0 0 0 data 4 0x0 0x9 0x1 0x0 oops 0 methods 0
ciMethodData java/lang/String coder ()B 2 5365615 orig 80 0 0 0 0 0 0 0 0 0 0 0 0 0 0 0 0 0 0 0 0 0 0 0 0 0 0 0 0 0 0 0 0 0 0 0 0 0 0 0 0 0 0 0 0 0 0 0 0 0 0 0 0 0 0 0 0 0 0 0 0 0 0 0 0 0 0 0 0 0 0 0 0 0 0 0 0 0 0 0 0 data 14 0x30007 0x0 0x38 0x51df6f 0xa0003 0x51df6f 0x18 0x0 0x0 0x0 0x0 0x9 0x1 0x0 oops 0 methods 0
ciMethodData java/lang/AbstractStringBuilder isLatin1 (B)Z 2 64211 orig 80 0 0 0 0 0 0 0 0 0 0 0 0 0 0 0 0 0 0 0 0 0 0 0 0 0 0 0 0 0 0 0 0 0 0 0 0 0 0 0 0 0 0 0 0 0 0 0 0 0 0 0 0 0 0 0 0 0 0 0 0 0 0 0 0 0 0 0 0 0 0 0 0 0 0 0 0 0 0 0 0 data 16 0x30007 0x0 0x58 0xfad3 0x70007 0x0 0x38 0xfad3 0xb0003 0xfad3 0x18 0x0 0x0 0x9 0x1 0x0 oops 0 methods 0
ciMethodData java/lang/AbstractStringBuilder needsNewBuffer ([BBIB)Z 2 5621 orig 80 0 0 0 0 0 0 0 0 0 0 0 0 0 0 0 0 0 0 0 0 0 0 0 0 0 0 0 0 0 0 0 0 0 0 0 0 0 0 0 0 0 0 0 0 0 0 0 0 0 0 0 0 0 0 0 0 0 0 0 0 0 0 0 0 0 0 0 0 0 0 0 0 0 0 0 0 0 0 0 0 data 24 0x80007 0x0 0x60 0x15f5 0x110007 0x2ac 0x40 0x1349 0x180007 0x1349 0x38 0x0 0x1c0003 0x2ac 0x18 0x0 0x0 0x0 0x9 0x4 0x0 0x0 0x0 0x0 oops 0 methods 0
ciMethodData java/lang/StringBuilder append (C)Ljava/lang/StringBuilder; 2 6296384 orig 80 0 0 0 0 0 0 0 0 0 0 0 0 0 0 0 0 0 0 0 0 0 0 0 0 0 0 0 0 0 0 0 0 0 0 0 0 0 0 0 0 0 0 0 0 0 0 0 0 0 0 0 0 0 0 0 0 0 0 0 0 0 0 0 0 0 0 0 0 0 0 0 0 0 0 0 0 0 0 0 0 data 9 0x20002 0x601340 0x0 0x0 0x0 0x9 0x2 0xe 0x0 oops 0 methods 0
ciMethodData java/lang/AbstractStringBuilder append (C)Ljava/lang/AbstractStringBuilder; 2 6164 orig 80 0 0 0 0 0 0 0 0 0 0 0 0 0 0 0 0 0 0 0 0 0 0 0 0 0 0 0 0 0 0 0 0 0 0 0 0 0 0 0 0 0 0 0 0 0 0 0 0 0 0 0 0 0 0 0 0 0 0 0 0 0 0 0 0 0 0 0 0 0 0 0 0 0 0 0 0 0 0 0 0 data 31 0x120002 0x1814 0x210002 0x1814 0x240007 0x1811 0x30 0x3 0x310002 0x3 0x430002 0x1814 0x460007 0x0 0x38 0x1814 0x520003 0x1814 0x28 0x5c0002 0x0 0x0 0x0 0x0 0x0 0x0 0x0 0x9 0x2 0xe 0x0 oops 0 methods 0
ciMethodData java/lang/StringLatin1 coderFromChar (C)B 2 6079 orig 80 0 0 0 0 0 0 0 0 0 0 0 0 0 0 0 0 0 0 0 0 0 0 0 0 0 0 0 0 0 0 0 0 0 0 0 0 0 0 0 0 0 0 0 0 0 0 0 0 0 0 0 0 0 0 0 0 0 0 0 0 0 0 0 0 0 0 0 0 0 0 0 0 0 0 0 0 0 0 0 0 data 4 0x0 0x9 0x1 0x0 oops 0 methods 0
ciMethodData java/lang/AbstractStringBuilder ensureCapacityNewCoder ([BBIIB)[B 2 1931 orig 80 0 0 0 0 0 0 0 0 0 0 0 0 0 0 0 0 0 0 0 0 0 0 0 0 0 0 0 0 0 0 0 0 0 0 0 0 0 0 0 0 0 0 0 0 0 0 0 0 0 0 0 0 0 0 0 0 0 0 0 0 0 0 0 0 0 0 0 0 0 0 0 0 0 0 0 0 0 0 0 0 data 60 0x30007 0x78b 0x70 0x0 0x90007 0x0 0x50 0x0 0xf0007 0x0 0x30 0x0 0x180002 0x0 0x2a0007 0x78b 0x38 0x0 0x2f0003 0x0 0x28 0x360002 0x78b 0x3e0007 0x78b 0x50 0x0 0x440007 0x0 0x30 0x0 0x4d0002 0x0 0x540007 0x0 0x50 0x78b 0x5b0007 0x0 0x30 0x78b 0x640002 0x78b 0x6c0002 0x0 0x770002 0x0 0x0 0x0 0x0 0x0 0x0 0x0 0x9 0x5 0xffffffffffffffff 0x0 0x0 0x0 0x0 oops 0 methods 0
ciMethodData java/lang/String length ()I 2 5079308 orig 80 0 0 0 0 0 0 0 0 0 0 0 0 0 0 0 0 0 0 0 0 0 0 0 0 0 0 0 0 0 0 0 0 0 0 0 0 0 0 0 0 0 0 0 0 0 0 0 0 0 0 0 0 0 0 0 0 0 0 0 0 0 0 0 0 0 0 0 0 0 0 0 0 0 0 0 0 0 0 0 0 data 15 0x60005 0x6 0x23628941a48 0x4d8106 0x0 0x0 0x0 0x0 0x0 0x0 0x0 0x0 0x9 0x1 0x0 oops 1 2 java/lang/String methods 0
ciMethodData java/lang/String equals (Ljava/lang/Object;)Z 2 5141 orig 80 0 0 0 0 0 0 0 0 0 0 0 0 0 0 0 0 0 0 0 0 0 0 0 0 0 0 0 0 0 0 0 0 0 0 0 0 0 0 0 0 0 0 0 0 0 0 0 0 0 0 0 0 0 0 0 0 0 0 0 0 0 0 0 0 0 0 0 0 0 0 0 0 0 0 0 0 0 0 0 0 data 47 0x20007 0xf66 0x20 0x4af 0x80104 0x0 0x23628941a48 0xf64 0x0 0x0 0xb0007 0x2 0xd8 0xf64 0xf0004 0x0 0x23628941a48 0xf64 0x0 0x0 0x160007 0x0 0x40 0xf64 0x210007 0x0 0x68 0xf64 0x2c0002 0xf64 0x2f0007 0x9b8 0x38 0x5ac 0x330003 0x5ac 0x18 0x0 0x0 0x0 0x0 0x0 0x0 0x9 0x2 0x0 0x0 oops 2 6 java/lang/String 16 java/lang/String methods 0
ciMethodData java/util/Objects requireNonNull (Ljava/lang/Object;)Ljava/lang/Object; 2 431557 orig 80 0 0 0 0 0 0 0 0 0 0 0 0 0 0 0 0 0 0 0 0 0 0 0 0 0 0 0 0 0 0 0 0 0 0 0 0 0 0 0 0 0 0 0 0 0 0 0 0 0 0 0 0 0 0 0 0 0 0 0 0 0 0 0 0 0 0 0 0 0 0 0 0 0 0 0 0 0 0 0 0 data 15 0x10007 0x695c5 0x30 0x0 0x80002 0x0 0x0 0x0 0x0 0x0 0x0 0x0 0x9 0x1 0x0 oops 0 methods 0
ciMethodData java/lang/String getBytes ([BIB)V 2 6491 orig 80 0 0 0 0 0 0 0 0 0 0 0 0 0 0 0 0 0 0 0 0 0 0 0 0 0 0 0 0 0 0 0 0 0 0 0 0 0 0 0 0 0 0 0 0 0 0 0 0 0 0 0 0 0 0 0 0 0 0 0 0 0 0 0 0 0 0 0 0 0 0 0 0 0 0 0 0 0 0 0 0 data 29 0x10005 0x0 0x23628941a48 0x195b 0x0 0x0 0x50007 0x0 0x48 0x195b 0x160002 0x195b 0x190003 0x195b 0x28 0x280002 0x0 0x0 0x0 0x0 0x0 0x0 0x0 0x9 0x4 0x0 0xffffffffffffffff 0x0 0x0 oops 1 2 java/lang/String methods 0
ciMethodData java/lang/AbstractStringBuilder <init> (I)V 2 6221 orig 80 0 0 0 0 0 0 0 0 0 0 0 0 0 0 0 0 0 0 0 0 0 0 0 0 0 0 0 0 0 0 0 0 0 0 0 0 0 0 0 0 0 0 0 0 0 0 0 0 0 0 0 0 0 0 0 0 0 0 0 0 0 0 0 0 0 0 0 0 0 0 0 0 0 0 0 0 0 0 0 0 data 21 0x10002 0x184d 0x70007 0x0 0x38 0x184d 0x160003 0x184d 0x28 0x1b0002 0x0 0x0 0x0 0x0 0x0 0x0 0x0 0x9 0x2 0x0 0x0 oops 0 methods 0
ciMethodData java/lang/StringBuilder append (Ljava/lang/String;)Ljava/lang/StringBuilder; 2 2847074 orig 80 0 0 0 0 0 0 0 0 0 0 0 0 0 0 0 0 0 0 0 0 0 0 0 0 0 0 0 0 0 0 0 0 0 0 0 0 0 0 0 0 0 0 0 0 0 0 0 0 0 0 0 0 0 0 0 0 0 0 0 0 0 0 0 0 0 0 0 0 0 0 0 0 0 0 0 0 0 0 0 0 data 9 0x20002 0x2b7162 0x0 0x0 0x0 0x9 0x2 0xe 0x0 oops 0 methods 0
ciMethodData java/lang/AbstractStringBuilder append (Ljava/lang/String;)Ljava/lang/AbstractStringBuilder; 2 6205 orig 80 0 0 0 0 0 0 0 0 0 0 0 0 0 0 0 0 0 0 0 0 0 0 0 0 0 0 0 0 0 0 0 0 0 0 0 0 0 0 0 0 0 0 0 0 0 0 0 0 0 0 0 0 0 0 0 0 0 0 0 0 0 0 0 0 0 0 0 0 0 0 0 0 0 0 0 0 0 0 0 0 data 46 0x10007 0x183d 0x50 0x0 0x50005 0x0 0x0 0x0 0x0 0x0 0x1a0005 0x81 0x23628941a48 0x17bc 0x0 0x0 0x210005 0x81 0x23628941a48 0x17bc 0x0 0x0 0x310002 0x183d 0x340007 0x11dd 0x30 0x660 0x420002 0x660 0x570005 0x81 0x23628941a48 0x17bc 0x0 0x0 0x0 0x0 0x0 0x0 0x0 0x0 0x9 0x2 0xe 0x0 oops 3 12 java/lang/String 18 java/lang/String 32 java/lang/String methods 0
ciMethodData java/lang/StringBuilder toString ()Ljava/lang/String; 2 52918 orig 80 0 0 0 0 0 0 0 0 0 0 0 0 0 0 0 0 0 0 0 0 0 0 0 0 0 0 0 0 0 0 0 0 0 0 0 0 0 0 0 0 0 0 0 0 0 0 0 0 0 0 0 0 0 0 0 0 0 0 0 0 0 0 0 0 0 0 0 0 0 0 0 0 0 0 0 0 0 0 0 0 data 21 0x10005 0x94 0x23628944478 0xce22 0x0 0x0 0x40007 0xa99b 0x20 0x251b 0x100002 0xa99b 0x0 0x0 0x0 0x0 0x0 0x0 0x9 0x1 0xffffffffffffffff oops 1 2 java/lang/StringBuilder methods 0
ciMethodData java/lang/StringBuilder length ()I 2 1724317 orig 80 0 0 0 0 0 0 0 0 0 0 0 0 0 0 0 0 0 0 0 0 0 0 0 0 0 0 0 0 0 0 0 0 0 0 0 0 0 0 0 0 0 0 0 0 0 0 0 0 0 0 0 0 0 0 0 0 0 0 0 0 0 0 0 0 0 0 0 0 0 0 0 0 0 0 0 0 0 0 0 0 data 7 0x10002 0x1a4f9d 0x0 0x0 0x9 0x1 0x0 oops 0 methods 0
ciMethodData java/lang/String <init> (Ljava/lang/AbstractStringBuilder;Ljava/lang/Void;)V 2 5132 orig 80 0 0 0 0 0 0 0 0 0 0 0 0 0 0 0 0 0 0 0 0 0 0 0 0 0 0 0 0 0 0 0 0 0 0 0 0 0 0 0 0 0 0 0 0 0 0 0 0 0 0 0 0 0 0 0 0 0 0 0 0 0 0 0 0 0 0 0 0 0 0 0 0 0 0 0 0 0 0 0 0 data 54 0x10002 0x140c 0x50005 0xb8 0x23628944478 0x1347 0x23628944348 0xd 0xa0005 0x0 0x23628944478 0x13fc 0x23628944348 0x10 0x100005 0xb8 0x23628944478 0x1347 0x23628944348 0xd 0x130007 0x0 0x48 0x140c 0x200002 0x140c 0x260003 0x140c 0x88 0x2c0007 0x0 0x60 0x0 0x330007 0x0 0x40 0x0 0x3b0002 0x0 0x480002 0x0 0x5b0002 0x0 0x0 0x0 0x0 0x0 0x0 0x0 0x9 0x3 0xc 0xffffffffffffffff 0x0 oops 6 4 java/lang/StringBuilder 6 java/lang/StringBuffer 10 java/lang/StringBuilder 12 java/lang/StringBuffer 16 java/lang/StringBuilder 18 java/lang/StringBuffer methods 0
ciMethodData java/lang/String <init> ([BB)V 2 635011 orig 80 0 0 0 0 0 0 0 0 0 0 0 0 0 0 0 0 0 0 0 0 0 0 0 0 0 0 0 0 0 0 0 0 0 0 0 0 0 0 0 0 0 0 0 0 0 0 0 0 0 0 0 0 0 0 0 0 0 0 0 0 0 0 0 0 0 0 0 0 0 0 0 0 0 0 0 0 0 0 0 0 data 11 0x10002 0x9b083 0x0 0x0 0x0 0x0 0x9 0x3 0xc 0x0 0x0 oops 0 methods 0
ciMethodData java/util/Arrays copyOf ([BI)[B 2 4510 orig 80 0 0 0 0 0 0 0 0 0 0 0 0 0 0 0 0 0 0 0 0 0 0 0 0 0 0 0 0 0 0 0 0 0 0 0 0 0 0 0 0 0 0 0 0 0 0 0 0 0 0 0 0 0 0 0 0 0 0 0 0 0 0 0 0 0 0 0 0 0 0 0 0 0 0 0 0 0 0 0 0 data 30 0x30007 0x119d 0x80 0x1 0x70005 0x0 0x0 0x0 0x0 0x0 0xa0004 0x0 0x0 0x0 0x0 0x0 0x190002 0x119d 0x1c0002 0x119d 0x0 0x0 0x0 0x0 0x0 0x0 0x9 0x2 0xffffffffffffffff 0x0 oops 0 methods 0
ciMethodData java/util/Arrays copyOfRange ([BII)[B 2 5156 orig 80 0 0 0 0 0 0 0 0 0 0 0 0 0 0 0 0 0 0 0 0 0 0 0 0 0 0 0 0 0 0 0 0 0 0 0 0 0 0 0 0 0 0 0 0 0 0 0 0 0 0 0 0 0 0 0 0 0 0 0 0 0 0 0 0 0 0 0 0 0 0 0 0 0 0 0 0 0 0 0 0 data 67 0x10007 0x847 0xa0 0xbdd 0x70007 0x8dd 0x80 0x300 0xb0005 0x0 0x0 0x0 0x0 0x0 0xe0004 0x0 0x0 0x0 0x0 0x0 0x170007 0x1124 0x100 0x0 0x220002 0x0 0x260005 0x0 0x0 0x0 0x0 0x0 0x2c0005 0x0 0x0 0x0 0x0 0x0 0x300005 0x0 0x0 0x0 0x0 0x0 0x330005 0x0 0x0 0x0 0x0 0x0 0x360002 0x0 0x490002 0x1124 0x4c0002 0x1124 0x0 0x0 0x0 0x0 0x0 0x0 0x9 0x3 0xffffffffffffffff 0x0 0x0 oops 0 methods 0
ciMethodData java/lang/String isEmpty ()Z 2 671500 orig 80 0 0 0 0 0 0 0 0 0 0 0 0 0 0 0 0 0 0 0 0 0 0 0 0 0 0 0 0 0 0 0 0 0 0 0 0 0 0 0 0 0 0 0 0 0 0 0 0 0 0 0 0 0 0 0 0 0 0 0 0 0 0 0 0 0 0 0 0 0 0 0 0 0 0 0 0 0 0 0 0 data 14 0x50007 0xa378f 0x38 0x77d 0x90003 0x77d 0x18 0x0 0x0 0x0 0x0 0x9 0x1 0x0 oops 0 methods 0
ciMethodData java/lang/StringConcatHelper newArray (I)[B 2 616608 orig 80 0 0 0 0 0 0 0 0 0 0 0 0 0 0 0 0 0 0 0 0 0 0 0 0 0 0 0 0 0 0 0 0 0 0 0 0 0 0 0 0 0 0 0 0 0 0 0 0 0 0 0 0 0 0 0 0 0 0 0 0 0 0 0 0 0 0 0 0 0 0 0 0 0 0 0 0 0 0 0 0 data 27 0x10007 0x968a0 0x30 0x0 0xa0002 0x0 0x150005 0x184 0x23628944588 0x9671c 0x0 0x0 0x180004 0x0 0x236289564c0 0x968a0 0x0 0x0 0x0 0x0 0x0 0x0 0x0 0x0 0x9 0x1 0x0 oops 2 8 jdk/internal/misc/Unsafe 14 [B methods 0
ciMethodData jdk/internal/misc/Unsafe allocateUninitializedArray (Ljava/lang/Class;I)Ljava/lang/Object; 2 6154 orig 80 1 0 0 0 0 0 0 0 0 0 0 0 0 0 0 0 0 0 0 0 4 0 0 0 0 0 0 0 0 0 0 0 0 0 0 0 0 0 0 0 0 0 0 0 0 0 0 0 0 0 0 0 0 0 0 0 0 0 0 0 0 0 0 0 0 0 0 0 0 0 0 0 0 0 0 0 0 0 0 0 data 41 0x10007 0x180a 0x30 0x0 0xb0002 0x0 0x100005 0xdb 0x23628941ad0 0x172f 0x0 0x0 0x130007 0x180a 0x30 0x0 0x1d0002 0x0 0x220007 0x180a 0x30 0x0 0x2c0002 0x0 0x8000000400330005 0x180e 0x0 0x0 0x0 0x0 0x0 0x0 0x0 0x0 0x0 0x0 0x9 0x3 0x0 0x0 0x0 oops 1 8 java/lang/Class methods 0
ciMethodData java/util/HashMap hash (Ljava/lang/Object;)I 2 93072 orig 80 0 0 0 0 0 0 0 0 0 0 0 0 0 0 0 0 0 0 0 0 0 0 0 0 0 0 0 0 0 0 0 0 0 0 0 0 0 0 0 0 0 0 0 0 0 0 0 0 0 0 0 0 0 0 0 0 0 0 0 0 0 0 0 0 0 0 0 0 0 0 0 0 0 0 0 0 0 0 0 0 data 22 0x10007 0x16b8e 0x38 0x2 0x50003 0x2 0x48 0x90005 0x16060 0x2362f05fb80 0x2ef 0x23628941ad0 0x83f 0x0 0x0 0x0 0x0 0x0 0x0 0x9 0x1 0xffffffffffffffff oops 2 9 java/util/jar/Attributes$Name 11 java/lang/Class methods 0
ciMethodData jdk/internal/util/ArraysSupport newLength (III)I 2 2151 orig 80 0 0 0 0 0 0 0 0 0 0 0 0 0 0 0 0 0 0 0 0 0 0 0 0 0 0 0 0 0 0 0 0 0 0 0 0 0 0 0 0 0 0 0 0 0 0 0 0 0 0 0 0 0 0 0 0 0 0 0 0 0 0 0 0 0 0 0 0 0 0 0 0 0 0 0 0 0 0 0 0 data 23 0x30002 0x867 0xa0007 0x0 0x40 0x867 0x100007 0x0 0x20 0x867 0x170002 0x0 0x0 0x0 0x0 0x0 0x0 0x0 0x9 0x3 0x0 0x0 0x0 oops 0 methods 0
ciMethodData java/util/HashMap put (Ljava/lang/Object;Ljava/lang/Object;)Ljava/lang/Object; 2 19427 orig 80 1 0 0 0 0 0 0 0 0 0 0 0 0 0 0 0 0 0 0 0 0 0 0 0 0 0 0 0 0 0 0 0 0 0 0 0 0 0 0 0 0 0 0 0 0 0 0 0 0 0 0 0 0 0 0 0 0 0 0 0 0 0 0 0 0 0 0 0 0 0 0 0 0 0 0 0 0 0 0 0 data 19 0x20002 0x4be3 0x90005 0xf2 0x2362dc72a38 0x4974 0x2362ef9c258 0x17d 0x0 0x0 0x0 0x0 0x0 0x0 0x9 0x3 0xffffffffffffffff 0xffffffffffffffff 0xffffffffffffffff oops 2 4 java/util/HashMap 6 java/util/LinkedHashMap methods 0
ciMethodData java/util/HashMap getNode (Ljava/lang/Object;)Ljava/util/HashMap$Node; 2 5233 orig 80 0 0 0 0 0 0 0 0 0 0 0 0 0 0 0 0 0 0 0 0 0 0 0 0 0 0 0 0 0 0 0 0 0 0 0 0 0 0 0 0 0 0 0 0 0 0 0 0 0 0 0 0 0 0 0 0 0 0 0 0 0 0 0 0 0 0 0 0 0 0 0 0 0 0 0 0 0 0 0 0 data 98 0x60007 0x365 0x2c0 0x110c 0xe0007 0x0 0x2a0 0x110c 0x170002 0x110c 0x210007 0x4d4 0x270 0xc38 0x2a0007 0x6a5 0xb0 0x593 0x350007 0x547 0x90 0x4c 0x390007 0x0 0x70 0x4c 0x3f0005 0x0 0x236306ca590 0x3 0x23628941a48 0x49 0x420007 0x0 0x20 0x4c 0x4e0007 0x59c 0x1a0 0x109 0x520004 0x0 0x2362dc72c30 0xc7 0x236306ca638 0x42 0x550007 0x109 0x80 0x0 0x590004 0x0 0x0 0x0 0x0 0x0 0x5f0005 0x0 0x0 0x0 0x0 0x0 0x6a0007 0x4a 0xb0 0xc9 0x760007 0xc0 0x90 0x9 0x7a0007 0x0 0x70 0x9 0x800005 0x0 0x23628941a48 0x9 0x0 0x0 0x830007 0x0 0x20 0x9 0x910007 0xa 0xffffffffffffff50 0x40 0x0 0x0 0x0 0x0 0x0 0x0 0x9 0x2 0x0 0xffffffffffffffff oops 5 28 java/security/Provider$UString 30 java/lang/String 42 java/util/HashMap$Node 44 java/util/LinkedHashMap$Entry 76 java/lang/String methods 0
ciMethodData java/lang/AbstractStringBuilder isLatin1 ()Z 2 4984 orig 80 0 0 0 0 0 0 0 0 0 0 0 0 0 0 0 0 0 0 0 0 0 0 0 0 0 0 0 0 0 0 0 0 0 0 0 0 0 0 0 0 0 0 0 0 0 0 0 0 0 0 0 0 0 0 0 0 0 0 0 0 0 0 0 0 0 0 0 0 0 0 0 0 0 0 0 0 0 0 0 0 data 11 0x40002 0x1378 0x0 0x0 0x0 0x0 0x0 0x0 0x9 0x1 0x0 oops 0 methods 0
ciMethodData java/util/AbstractCollection <init> ()V 2 477412 orig 80 0 0 0 0 0 0 0 0 0 0 0 0 0 0 0 0 0 0 0 0 0 0 0 0 0 0 0 0 0 0 0 0 0 0 0 0 0 0 0 0 0 0 0 0 0 0 0 0 0 0 0 0 0 0 0 0 0 0 0 0 0 0 0 0 0 0 0 0 0 0 0 0 0 0 0 0 0 0 0 0 data 7 0x10002 0x748e4 0x0 0x0 0x9 0x1 0x0 oops 0 methods 0
ciMethodData java/lang/AbstractStringBuilder newCapacity ([BBI)I 2 1713 orig 80 0 0 0 0 0 0 0 0 0 0 0 0 0 0 0 0 0 0 0 0 0 0 0 0 0 0 0 0 0 0 0 0 0 0 0 0 0 0 0 0 0 0 0 0 0 0 0 0 0 0 0 0 0 0 0 0 0 0 0 0 0 0 0 0 0 0 0 0 0 0 0 0 0 0 0 0 0 0 0 0 data 19 0x160002 0x6b1 0x1f0007 0x6b1 0x30 0x0 0x280002 0x0 0x0 0x0 0x0 0x0 0x0 0x0 0x9 0x3 0x0 0x0 0x0 oops 0 methods 0
ciMethodData java/util/HashMap$HashIterator hasNext ()Z 2 5121 orig 80 0 0 0 0 0 0 0 0 0 0 0 0 0 0 0 0 0 0 0 0 0 0 0 0 0 0 0 0 0 0 0 0 0 0 0 0 0 0 0 0 0 0 0 0 0 0 0 0 0 0 0 0 0 0 0 0 0 0 0 0 0 0 0 0 0 0 0 0 0 0 0 0 0 0 0 0 0 0 0 0 data 16 0x40007 0xe68 0x38 0x599 0x80003 0x599 0x18 0x0 0x0 0x0 0x0 0x0 0x0 0x9 0x1 0x0 oops 0 methods 0
ciMethodData java/lang/String toString ()Ljava/lang/String; 2 558132 orig 80 0 0 0 0 0 0 0 0 0 0 0 0 0 0 0 0 0 0 0 0 0 0 0 0 0 0 0 0 0 0 0 0 0 0 0 0 0 0 0 0 0 0 0 0 0 0 0 0 0 0 0 0 0 0 0 0 0 0 0 0 0 0 0 0 0 0 0 0 0 0 0 0 0 0 0 0 0 0 0 0 data 5 0x0 0x0 0x9 0x1 0x0 oops 0 methods 0
ciMethodData java/lang/Integer valueOf (I)Ljava/lang/Integer; 2 104496 orig 80 0 0 0 0 0 0 0 0 0 0 0 0 0 0 0 0 0 0 0 0 0 0 0 0 0 0 0 0 0 0 0 0 0 0 0 0 0 0 0 0 0 0 0 0 0 0 0 0 0 0 0 0 0 0 0 0 0 0 0 0 0 0 0 0 0 0 0 0 0 0 0 0 0 0 0 0 0 0 0 0 data 17 0x30007 0x97e 0x40 0x18eb2 0xa0007 0x2a13 0x20 0x1649f 0x1c0002 0x3391 0x0 0x0 0x0 0x0 0x9 0x1 0x0 oops 0 methods 0
ciMethodData java/lang/StringConcatHelper doConcat (Ljava/lang/String;Ljava/lang/String;)Ljava/lang/String; 2 94872 orig 80 0 0 0 0 0 0 0 0 0 0 0 0 0 0 0 0 0 0 0 0 0 0 0 0 0 0 0 0 0 0 0 0 0 0 0 0 0 0 0 0 0 0 0 0 0 0 0 0 0 0 0 0 0 0 0 0 0 0 0 0 0 0 0 0 0 0 0 0 0 0 0 0 0 0 0 0 0 0 0 0 data 58 0x10005 0x80 0x23628941a48 0x17218 0x0 0x0 0x50005 0x80 0x23628941a48 0x17218 0x0 0x0 0xc0005 0x80 0x23628941a48 0x17218 0x0 0x0 0x100005 0x80 0x23628941a48 0x17218 0x0 0x0 0x140002 0x17298 0x1b0002 0x17298 0x250005 0x80 0x23628941a48 0x17218 0x0 0x0 0x2c0005 0x80 0x23628941a48 0x17218 0x0 0x0 0x300005 0x80 0x23628941a48 0x17218 0x0 0x0 0x3a0002 0x17298 0x0 0x0 0x0 0x0 0x0 0x0 0x9 0x2 0x0 0x0 oops 7 2 java/lang/String 8 java/lang/String 14 java/lang/String 20 java/lang/String 30 java/lang/String 36 java/lang/String 42 java/lang/String methods 0
ciMethodData java/lang/StringConcatHelper checkOverflow (I)I 2 1059626 orig 80 0 0 0 0 0 0 0 0 0 0 0 0 0 0 0 0 0 0 0 0 0 0 0 0 0 0 0 0 0 0 0 0 0 0 0 0 0 0 0 0 0 0 0 0 0 0 0 0 0 0 0 0 0 0 0 0 0 0 0 0 0 0 0 0 0 0 0 0 0 0 0 0 0 0 0 0 0 0 0 0 data 13 0x10007 0x0 0x20 0x102b2a 0xc0002 0x0 0x0 0x0 0x0 0x0 0x9 0x1 0x0 oops 0 methods 0
ciMethodData java/lang/StringBuilder <init> (I)V 2 31175 orig 80 0 0 0 0 0 0 0 0 0 0 0 0 0 0 0 0 0 0 0 0 0 0 0 0 0 0 0 0 0 0 0 0 0 0 0 0 0 0 0 0 0 0 0 0 0 0 0 0 0 0 0 0 0 0 0 0 0 0 0 0 0 0 0 0 0 0 0 0 0 0 0 0 0 0 0 0 0 0 0 0 data 8 0x20002 0x79c7 0x0 0x0 0x9 0x2 0x0 0x0 oops 0 methods 0
ciMethodData java/lang/StringConcatHelper stringOf (Ljava/lang/Object;)Ljava/lang/String; 2 827154 orig 80 0 0 0 0 0 0 0 0 0 0 0 0 0 0 0 0 0 0 0 0 0 0 0 0 0 0 0 0 0 0 0 0 0 0 0 0 0 0 0 0 0 0 0 0 0 0 0 0 0 0 0 0 0 0 0 0 0 0 0 0 0 0 0 0 0 0 0 0 0 0 0 0 0 0 0 0 0 0 0 0 data 26 0x10007 0x0 0x70 0xc9f12 0x50005 0x0 0x23628941a48 0xc9f12 0x0 0x0 0xa0007 0xc9f12 0x38 0x0 0xf0003 0x0 0x18 0x0 0x0 0x0 0x0 0x0 0x0 0x9 0x1 0xffffffffffffffff oops 1 6 java/lang/String methods 0
ciMethodData java/lang/StringConcatHelper newArrayWithSuffix (Ljava/lang/String;IB)[B 2 447484 orig 80 0 0 0 0 0 0 0 0 0 0 0 0 0 0 0 0 0 0 0 0 0 0 0 0 0 0 0 0 0 0 0 0 0 0 0 0 0 0 0 0 0 0 0 0 0 0 0 0 0 0 0 0 0 0 0 0 0 0 0 0 0 0 0 0 0 0 0 0 0 0 0 0 0 0 0 0 0 0 0 0 data 38 0x20005 0xfd 0x23628941a48 0x6d2ff 0x0 0x0 0x80002 0x6d3fc 0xd0007 0x0 0x68 0x6d3fc 0x140005 0xfd 0x23628941a48 0x6d2ff 0x0 0x0 0x170003 0x6d3fc 0x48 0x1e0005 0x0 0x0 0x0 0x0 0x0 0x0 0x0 0x0 0x0 0x0 0x0 0x9 0x3 0x0 0x0 0x0 oops 2 2 java/lang/String 14 java/lang/String methods 0
ciMethodData java/lang/StringConcatHelper prepend (IB[BLjava/lang/String;Ljava/lang/String;)I 2 5131 orig 80 0 0 0 0 0 0 0 0 0 0 0 0 0 0 0 0 0 0 0 0 0 0 0 0 0 0 0 0 0 0 0 0 0 0 0 0 0 0 0 0 0 0 0 0 0 0 0 0 0 0 0 0 0 0 0 0 0 0 0 0 0 0 0 0 0 0 0 0 0 0 0 0 0 0 0 0 0 0 0 0 data 62 0x20005 0x82 0x23628941a48 0x1389 0x0 0x0 0x80007 0x0 0xc8 0x140b 0xf0005 0x82 0x23628941a48 0x1389 0x0 0x0 0x150005 0x82 0x23628941a48 0x1389 0x0 0x0 0x1f0005 0x82 0x23628941a48 0x1389 0x0 0x0 0x220003 0x140b 0xa8 0x290005 0x0 0x0 0x0 0x0 0x0 0x2f0005 0x0 0x0 0x0 0x0 0x0 0x390005 0x0 0x0 0x0 0x0 0x0 0x0 0x0 0x0 0x0 0x0 0x0 0x9 0x5 0x0 0x0 0x0 0x0 0x0 oops 4 2 java/lang/String 12 java/lang/String 18 java/lang/String 24 java/lang/String methods 0
ciMethodData java/util/HashMap$HashIterator nextNode ()Ljava/util/HashMap$Node; 2 8333 orig 80 0 0 0 0 0 0 0 0 0 0 0 0 0 0 0 0 0 0 0 0 0 0 0 0 0 0 0 0 0 0 0 0 0 0 0 0 0 0 0 0 0 0 0 0 0 0 0 0 0 0 0 0 0 0 0 0 0 0 0 0 0 0 0 0 0 0 0 0 0 0 0 0 0 0 0 0 0 0 0 0 data 39 0x100007 0x208d 0x30 0x0 0x170002 0x0 0x1c0007 0x208d 0x30 0x0 0x230002 0x0 0x350007 0xa17 0x80 0x1676 0x410007 0x0 0x60 0x1676 0x4a0007 0x9ae 0x40 0x8a67 0x5f0007 0x7d9f 0xffffffffffffffe0 0xcc8 0x0 0x0 0x0 0x0 0x0 0x0 0x0 0x0 0x9 0x1 0xc oops 0 methods 0
ciMethodData jdk/internal/util/DecimalDigits stringSize (I)I 2 11247 orig 80 0 0 0 0 0 0 0 0 0 0 0 0 0 0 0 0 0 0 0 0 0 0 0 0 0 0 0 0 0 0 0 0 0 0 0 0 0 0 0 0 0 0 0 0 0 0 0 0 0 0 0 0 0 0 0 0 0 0 0 0 0 0 0 0 0 0 0 0 0 0 0 0 0 0 0 0 0 0 0 0 data 20 0x30007 0x3e9 0x20 0x2806 0x130007 0x0 0x58 0x85bd 0x180007 0x59ce 0x20 0x2bef 0x270003 0x59ce 0xffffffffffffffc0 0x0 0x0 0x9 0x1 0x0 oops 0 methods 0
ciMethodData java/util/HashSet add (Ljava/lang/Object;)Z 2 5186 orig 80 0 0 0 0 0 0 0 0 0 0 0 0 0 0 0 0 0 0 0 0 0 0 0 0 0 0 0 0 0 0 0 0 0 0 0 0 0 0 0 0 0 0 0 0 0 0 0 0 0 0 0 0 0 0 0 0 0 0 0 0 0 0 0 0 0 0 0 0 0 0 0 0 0 0 0 0 0 0 0 0 data 23 0x80005 0x0 0x2362dc72a38 0x139d 0x2362ef9c258 0xa5 0xb0007 0x3dd 0x38 0x1065 0xf0003 0x1065 0x18 0x0 0x0 0x0 0x0 0x0 0x0 0x9 0x2 0x0 0x0 oops 2 2 java/util/HashMap 4 java/util/LinkedHashMap methods 0
ciMethodData java/util/HashMap containsKey (Ljava/lang/Object;)Z 2 46470 orig 80 0 0 0 0 0 0 0 0 0 0 0 0 0 0 0 0 0 0 0 0 0 0 0 0 0 0 0 0 0 0 0 0 0 0 0 0 0 0 0 0 0 0 0 0 0 0 0 0 0 0 0 0 0 0 0 0 0 0 0 0 0 0 0 0 0 0 0 0 0 0 0 0 0 0 0 0 0 0 0 0 data 23 0x20005 0x110 0x2362ef9c258 0x5833 0x2362dc72a38 0x5c43 0x50007 0x5a00 0x38 0x5b86 0x90003 0x5b86 0x18 0x0 0x0 0x0 0x0 0x0 0x0 0x9 0x2 0x0 0xffffffffffffffff oops 2 2 java/util/LinkedHashMap 4 java/util/HashMap methods 0
ciMethodData jdk/internal/util/DecimalDigits uncheckedPutCharLatin1 ([BII)V 2 6982 orig 80 0 0 0 0 0 0 0 0 0 0 0 0 0 0 0 0 0 0 0 0 0 0 0 0 0 0 0 0 0 0 0 0 0 0 0 0 0 0 0 0 0 0 0 0 0 0 0 0 0 0 0 0 0 0 0 0 0 0 0 0 0 0 0 0 0 0 0 0 0 0 0 0 0 0 0 0 0 0 0 0 data 34 0x30007 0x1b46 0x70 0x0 0x70007 0x0 0x40 0x0 0xd0007 0x0 0x30 0x0 0x140002 0x0 0x24000b 0xb6 0x0 0x0 0x0 0x0 0x2 0x1 0x236289564c0 0x0 0x0 0x0 0x0 0x0 0x0 0x9 0x3 0xffffffffffffffff 0x0 0x0 oops 1 22 [B methods 0
ciMethodData jdk/internal/util/DecimalDigits uncheckedGetCharsLatin1 (II[B)I 2 9456 orig 80 0 0 0 0 0 0 0 0 0 0 0 0 0 0 0 0 0 0 0 0 0 0 0 0 0 0 0 0 0 0 0 0 0 0 0 0 0 0 0 0 0 0 0 0 0 0 0 0 0 0 0 0 0 0 0 0 0 0 0 0 0 0 0 0 0 0 0 0 0 0 0 0 0 0 0 0 0 0 0 0 data 48 0x40007 0x21e2 0x38 0x30e 0x80003 0x30e 0x18 0x100007 0x30e 0x20 0x21e2 0x190007 0x24f0 0x48 0x2429 0x2d0002 0x2429 0x320003 0x2429 0xffffffffffffffd0 0x380007 0x642 0x48 0x1eae 0x430002 0x1eae 0x460003 0x1eae 0x28 0x530002 0x642 0x580007 0x21e2 0x30 0x30e 0x630002 0x30e 0x0 0x0 0x0 0x0 0x0 0x0 0x9 0x3 0x0 0x0 0x0 oops 0 methods 0
ciMethodData jdk/internal/util/DecimalDigits uncheckedPutPairLatin1 ([BII)V 2 15210 orig 80 0 0 0 0 0 0 0 0 0 0 0 0 0 0 0 0 0 0 0 0 0 0 0 0 0 0 0 0 0 0 0 0 0 0 0 0 0 0 0 0 0 0 0 0 0 0 0 0 0 0 0 0 0 0 0 0 0 0 0 0 0 0 0 0 0 0 0 0 0 0 0 0 0 0 0 0 0 0 0 0 data 15 0x100002 0x3b6a 0x1b0002 0x3b6a 0x0 0x0 0x0 0x0 0x0 0x0 0x9 0x3 0x0 0x0 0x0 oops 0 methods 0
ciMethodData java/lang/invoke/DirectMethodHandle internalMemberName (Ljava/lang/Object;)Ljava/lang/Object; 2 634497 orig 80 0 0 0 0 0 0 0 0 0 0 0 0 0 0 0 0 0 0 0 0 0 0 0 0 0 0 0 0 0 0 0 0 0 0 0 0 0 0 0 0 0 0 0 0 0 0 0 0 0 0 0 0 0 0 0 0 0 0 0 0 0 0 0 0 0 0 0 0 0 0 0 0 0 0 0 0 0 0 0 0 data 15 0x10004 0x0 0x23628943930 0x9cdf 0x0 0x0 0x0 0x0 0x0 0x0 0x0 0x0 0x9 0x1 0x0 oops 1 2 java/lang/invoke/DirectMethodHandle methods 0
ciMethodData java/lang/StringConcatHelper stringSize (II)I 2 276768 orig 80 0 0 0 0 0 0 0 0 0 0 0 0 0 0 0 0 0 0 0 0 0 0 0 0 0 0 0 0 0 0 0 0 0 0 0 0 0 0 0 0 0 0 0 0 0 0 0 0 0 0 0 0 0 0 0 0 0 0 0 0 0 0 0 0 0 0 0 0 0 0 0 0 0 0 0 0 0 0 0 0 data 14 0x20002 0x43920 0x60002 0x43920 0x0 0x0 0x0 0x0 0x0 0x0 0x9 0x2 0x0 0x0 oops 0 methods 0
ciMethodData java/lang/StringConcatHelper prepend (IB[BILjava/lang/String;)I 2 12935 orig 80 0 0 0 0 0 0 0 0 0 0 0 0 0 0 0 0 0 0 0 0 0 0 0 0 0 0 0 0 0 0 0 0 0 0 0 0 0 0 0 0 0 0 0 0 0 0 0 0 0 0 0 0 0 0 0 0 0 0 0 0 0 0 0 0 0 0 0 0 0 0 0 0 0 0 0 0 0 0 0 0 data 48 0x10007 0x0 0xa8 0x3287 0x70002 0x3287 0xe0005 0x1a 0x23628941a48 0x326d 0x0 0x0 0x180005 0x1a 0x23628941a48 0x326d 0x0 0x0 0x1b0003 0x3287 0x88 0x210002 0x0 0x280005 0x0 0x0 0x0 0x0 0x0 0x320005 0x0 0x0 0x0 0x0 0x0 0x0 0x0 0x0 0x0 0x0 0x0 0x9 0x5 0x0 0x0 0xffffffffffffffff 0x0 0x0 oops 2 8 java/lang/String 14 java/lang/String methods 0
ciMethodData java/lang/StringConcatHelper stringSize (ILjava/lang/String;)I 2 687446 orig 80 0 0 0 0 0 0 0 0 0 0 0 0 0 0 0 0 0 0 0 0 0 0 0 0 0 0 0 0 0 0 0 0 0 0 0 0 0 0 0 0 0 0 0 0 0 0 0 0 0 0 0 0 0 0 0 0 0 0 0 0 0 0 0 0 0 0 0 0 0 0 0 0 0 0 0 0 0 0 0 0 data 18 0x20005 0x0 0x23628941a48 0xa7d56 0x0 0x0 0x60002 0xa7d56 0x0 0x0 0x0 0x0 0x0 0x0 0x9 0x2 0x0 0x0 oops 1 2 java/lang/String methods 0
ciMethodData java/lang/invoke/Invokers$Holder linkToTargetMethod (Ljava/lang/Object;ILjava/lang/Object;)Ljava/lang/Object; 2 273876 orig 80 0 0 0 0 0 0 0 0 0 0 0 0 0 0 0 0 0 0 0 0 0 0 0 0 0 0 0 0 0 0 0 0 0 0 0 0 0 0 0 0 0 0 0 0 0 0 0 0 0 0 0 0 0 0 0 0 0 0 0 0 0 0 0 0 0 0 0 0 0 0 0 0 0 0 0 0 0 0 0 0 data 33 0x10004 0x0 0x2362ec6d2e0 0x1b40 0x0 0x0 0x6000b 0x41294 0x2362ec6d2e0 0x1b40 0x0 0x0 0x3 0x1 0x23628941a48 0x23628941a48 0x0 0x0 0x0 0x0 0x0 0x0 0x9 0x3 0x0 0x0 0x0 0xc 0x4 0x0 0x23628941a48 0x2 0x2362ec6d2e0 oops 6 2 java/lang/invoke/BoundMethodHandle$Species_LL 8 java/lang/invoke/BoundMethodHandle$Species_LL 14 java/lang/String 15 java/lang/String 30 java/lang/String 32 java/lang/invoke/BoundMethodHandle$Species_LL methods 0
ciMethodData java/lang/invoke/DirectMethodHandle$Holder invokeSpecial (Ljava/lang/Object;Ljava/lang/Object;Ljava/lang/Object;I)Ljava/lang/Object; 2 273880 orig 80 0 0 0 0 0 0 0 0 0 0 0 0 0 0 0 0 0 0 0 0 0 0 0 0 0 0 0 0 0 0 0 0 0 0 0 0 0 0 0 0 0 0 0 0 0 0 0 0 0 0 0 0 0 0 0 0 0 0 0 0 0 0 0 0 0 0 0 0 0 0 0 0 0 0 0 0 0 0 0 0 data 38 0x1000a 0x42dd8 0x3 0x0 0x23628943930 0x23628943ac8 0xb0004 0x0 0x23628943ac8 0x10 0x0 0x0 0xe000a 0x42dd8 0x5 0x0 0x2362d6c9398 0x1 0x23628941a48 0x23628941a48 0x0 0x0 0x0 0x0 0x0 0x0 0x9 0x4 0x0 0x0 0x0 0x0 0xc 0x4 0x0 0x23628943930 0x1 0x2362d6c9398 oops 8 4 java/lang/invoke/DirectMethodHandle 5 java/lang/invoke/MemberName 8 java/lang/invoke/MemberName 16  @bci com/landawn/abacus/query/condition/AbstractCondition validateNonQuantifiedValueOperands (Ljava/util/Collection;Ljava/lang/String;)V 33 <appendix> argL0 member <vmtarget> ; 18 java/lang/String 19 java/lang/String 35 java/lang/invoke/DirectMethodHandle 37  @bci com/landawn/abacus/query/condition/AbstractCondition validateNonQuantifiedValueOperands (Ljava/util/Collection;Ljava/lang/String;)V 33 <appendix> argL0 member <vmtarget> ; methods 0
ciMethodData java/util/HashSet contains (Ljava/lang/Object;)Z 2 25548 orig 80 0 0 0 0 0 0 0 0 0 0 0 0 0 0 0 0 0 0 0 0 0 0 0 0 0 0 0 0 0 0 0 0 0 0 0 0 0 0 0 0 0 0 0 0 0 0 0 0 0 0 0 0 0 0 0 0 0 0 0 0 0 0 0 0 0 0 0 0 0 0 0 0 0 0 0 0 0 0 0 0 data 16 0x50005 0x0 0x2362ef9c258 0x82f 0x2362dc72a38 0x5b9d 0x0 0x0 0x0 0x0 0x0 0x0 0x9 0x2 0x0 0xffffffffffffffff oops 2 2 java/util/LinkedHashMap 4 java/util/HashMap methods 0
ciMethodData java/util/HashMap$EntryIterator next ()Ljava/lang/Object; 2 12752 orig 80 0 0 0 0 0 0 0 0 0 0 0 0 0 0 0 0 0 0 0 0 0 0 0 0 0 0 0 0 0 0 0 0 0 0 0 0 0 0 0 0 0 0 0 0 0 0 0 0 0 0 0 0 0 0 0 0 0 0 0 0 0 0 0 0 0 0 0 0 0 0 0 0 0 0 0 0 0 0 0 0 data 15 0x10005 0x0 0x2362dc72b88 0x31d0 0x0 0x0 0x0 0x0 0x0 0x0 0x0 0x0 0x9 0x1 0x0 oops 1 2 java/util/HashMap$EntryIterator methods 0
ciMethodData java/util/HashMap$EntryIterator next ()Ljava/util/Map$Entry; 2 12752 orig 80 0 0 0 0 0 0 0 0 0 0 0 0 0 0 0 0 0 0 0 0 0 0 0 0 0 0 0 0 0 0 0 0 0 0 0 0 0 0 0 0 0 0 0 0 0 0 0 0 0 0 0 0 0 0 0 0 0 0 0 0 0 0 0 0 0 0 0 0 0 0 0 0 0 0 0 0 0 0 0 0 data 15 0x10005 0x0 0x2362dc72b88 0x31d0 0x0 0x0 0x0 0x0 0x0 0x0 0x0 0x0 0x9 0x1 0x0 oops 1 2 java/util/HashMap$EntryIterator methods 0
ciMethodData java/lang/invoke/Invokers$Holder linkToTargetMethod (Ljava/lang/Object;Ljava/lang/Object;)Ljava/lang/Object; 2 159425 orig 80 0 0 0 0 0 0 0 0 0 0 0 0 0 0 0 0 0 0 0 0 0 0 0 0 0 0 0 0 0 0 0 0 0 0 0 0 0 0 0 0 0 0 0 0 0 0 0 0 0 0 0 0 0 0 0 0 0 0 0 0 0 0 0 0 0 0 0 0 0 0 0 0 0 0 0 0 0 0 0 0 data 32 0x10004 0x0 0x2363044a580 0x198 0x2362ec6d2e0 0x770 0x5000b 0x265b9 0x2363044a580 0x198 0x2362ec6d2e0 0x770 0x3 0x1 0x2 0x2 0x0 0x0 0x0 0x0 0x0 0x0 0x9 0x2 0x0 0x0 0xc 0x4 0x0 0x2 0x1 0x2 oops 4 2 java/lang/invoke/DirectMethodHandle$Constructor 4 java/lang/invoke/BoundMethodHandle$Species_LL 8 java/lang/invoke/DirectMethodHandle$Constructor 10 java/lang/invoke/BoundMethodHandle$Species_LL methods 0
ciMethodData java/util/AbstractSet <init> ()V 2 152080 orig 80 0 0 0 0 0 0 0 0 0 0 0 0 0 0 0 0 0 0 0 0 0 0 0 0 0 0 0 0 0 0 0 0 0 0 0 0 0 0 0 0 0 0 0 0 0 0 0 0 0 0 0 0 0 0 0 0 0 0 0 0 0 0 0 0 0 0 0 0 0 0 0 0 0 0 0 0 0 0 0 0 data 7 0x10002 0x25210 0x0 0x0 0x9 0x1 0x0 oops 0 methods 0
ciMethodData java/lang/CharSequence isEmpty ()Z 2 311187 orig 80 0 0 0 0 0 0 0 0 0 0 0 0 0 0 0 0 0 0 0 0 0 0 0 0 0 0 0 0 0 0 0 0 0 0 0 0 0 0 0 0 0 0 0 0 0 0 0 0 0 0 0 0 0 0 0 0 0 0 0 0 0 0 0 0 0 0 0 0 0 0 0 0 0 0 0 0 0 0 0 0 data 22 0x10005 0x0 0x23628944478 0x4bf93 0x0 0x0 0x60007 0xf86d 0x38 0x3c726 0xa0003 0x3c726 0x18 0x0 0x0 0x0 0x0 0x0 0x0 0x9 0x1 0x0 oops 1 2 java/lang/StringBuilder methods 0
ciMethodData java/util/HashMap removeNode (ILjava/lang/Object;Ljava/lang/Object;ZZ)Ljava/util/HashMap$Node; 2 5942 orig 80 0 0 0 0 0 0 0 0 0 0 0 0 0 0 0 0 0 0 0 0 0 0 0 0 0 0 0 0 0 0 0 0 0 0 0 0 0 0 0 0 0 0 0 0 0 0 0 0 0 0 0 0 0 0 0 0 0 0 0 0 0 0 0 0 0 0 0 0 0 0 0 0 0 0 0 0 0 0 0 0 data 180 0x70007 0x0 0x528 0x1736 0x100007 0x0 0x508 0x1736 0x220007 0x0 0x4e8 0x1736 0x2e0007 0x0 0xc8 0x1736 0x3a0007 0x1736 0x90 0x0 0x3e0007 0x0 0x88 0x0 0x440005 0x0 0x0 0x0 0x0 0x0 0x470007 0x0 0x38 0x0 0x4e0003 0x1736 0x1e8 0x590007 0x0 0x1d0 0x0 0x5e0004 0x0 0x0 0x0 0x0 0x0 0x610007 0x0 0x98 0x0 0x660004 0x0 0x0 0x0 0x0 0x0 0x6b0005 0x0 0x0 0x0 0x0 0x0 0x700003 0x0 0x100 0x790007 0x0 0xc8 0x0 0x850007 0x0 0x90 0x0 0x890007 0x0 0x88 0x0 0x8f0005 0x0 0x0 0x0 0x0 0x0 0x920007 0x0 0x38 0x0 0x990003 0x0 0x38 0xa80007 0x0 0xffffffffffffff38 0x0 0xad0007 0x0 0x230 0x1736 0xb20007 0x1736 0xb0 0x0 0xbe0007 0x0 0x90 0x0 0xc20007 0x0 0x1d0 0x0 0xc80005 0x0 0x0 0x0 0x0 0x0 0xcb0007 0x0 0x180 0x0 0xd00004 0x0 0x2362dc72c30 0x1736 0x0 0x0 0xd30007 0x1736 0x98 0x0 0xd80004 0x0 0x0 0x0 0x0 0x0 0xe00005 0x0 0x0 0x0 0x0 0x0 0xe30003 0x0 0x80 0xea0007 0x0 0x68 0x1736 0xf60104 0x0 0x0 0x0 0x0 0x0 0xf70003 0x1736 0x18 0x11b0005 0x0 0x2362dc72a38 0x1736 0x0 0x0 0x0 0x0 0x0 0x0 0x0 0x0 0x0 0x9 0x6 0x0 0x0 0x0 0x0 0x0 0x0 oops 2 123 java/util/HashMap$Node 161 java/util/HashMap methods 0
ciMethodData java/util/HashMap$HashIterator <init> (Ljava/util/HashMap;)V 2 8063 orig 80 0 0 0 0 0 0 0 0 0 0 0 0 0 0 0 0 0 0 0 0 0 0 0 0 0 0 0 0 0 0 0 0 0 0 0 0 0 0 0 0 0 0 0 0 0 0 0 0 0 0 0 0 0 0 0 0 0 0 0 0 0 0 0 0 0 0 0 0 0 0 0 0 0 0 0 0 0 0 0 0 data 31 0x30002 0x1f7f 0xb0002 0x1f7f 0x2b0007 0x5 0x80 0x1f7a 0x320007 0x0 0x60 0x1f7a 0x3b0007 0x0 0x40 0x13ad8 0x500007 0x11b5e 0xffffffffffffffe0 0x1f7a 0x0 0x0 0x0 0x0 0x0 0x0 0x0 0x9 0x2 0x1e 0x0 oops 0 methods 0
ciMethodData java/lang/invoke/DirectMethodHandle$Holder invokeStatic (Ljava/lang/Object;Ljava/lang/Object;Ljava/lang/Object;)Ljava/lang/Object; 2 89154 orig 80 0 0 0 0 0 0 0 0 0 0 0 0 0 0 0 0 0 0 0 0 0 0 0 0 0 0 0 0 0 0 0 0 0 0 0 0 0 0 0 0 0 0 0 0 0 0 0 0 0 0 0 0 0 0 0 0 0 0 0 0 0 0 0 0 0 0 0 0 0 0 0 0 0 0 0 0 0 0 0 0 data 37 0x1000a 0x15c42 0x3 0x0 0x23628943930 0x23628943ac8 0x80004 0x0 0x23628943ac8 0xfa 0x0 0x0 0xb000a 0x15c42 0x5 0x0 0x23628941a48 0x1 0x23628941a48 0x23628941a48 0x0 0x0 0x0 0x0 0x0 0x0 0x9 0x3 0x0 0x0 0x0 0xc 0x4 0x0 0x23628943930 0x1 0x23628941a48 oops 8 4 java/lang/invoke/DirectMethodHandle 5 java/lang/invoke/MemberName 8 java/lang/invoke/MemberName 16 java/lang/String 18 java/lang/String 19 java/lang/String 34 java/lang/invoke/DirectMethodHandle 36 java/lang/String methods 0
ciMethodData java/lang/StringConcatHelper simpleConcat (Ljava/lang/Object;Ljava/lang/Object;)Ljava/lang/String; 2 89606 orig 80 0 0 0 0 0 0 0 0 0 0 0 0 0 0 0 0 0 0 0 0 0 0 0 0 0 0 0 0 0 0 0 0 0 0 0 0 0 0 0 0 0 0 0 0 0 0 0 0 0 0 0 0 0 0 0 0 0 0 0 0 0 0 0 0 0 0 0 0 0 0 0 0 0 0 0 0 0 0 0 0 data 40 0x10002 0x15e06 0x60002 0x15e06 0xb0005 0x248 0x23628941a48 0x15bbe 0x0 0x0 0xe0007 0x15e06 0x30 0x0 0x160002 0x0 0x1b0005 0x248 0x23628941a48 0x15bbe 0x0 0x0 0x1e0007 0x15e06 0x30 0x0 0x260002 0x0 0x2c0002 0x15e06 0x0 0x0 0x0 0x0 0x0 0x0 0x9 0x2 0x0 0x0 oops 2 6 java/lang/String 18 java/lang/String methods 0
ciMethodData java/util/HashMap entrySet ()Ljava/util/Set; 2 12225 orig 80 0 0 0 0 0 0 0 0 0 0 0 0 0 0 0 0 0 0 0 0 0 0 0 0 0 0 0 0 0 0 0 0 0 0 0 0 0 0 0 0 0 0 0 0 0 0 0 0 0 0 0 0 0 0 0 0 0 0 0 0 0 0 0 0 0 0 0 0 0 0 0 0 0 0 0 0 0 0 0 0 data 18 0x60007 0x98d 0x48 0x2635 0xf0002 0x2635 0x160003 0x2635 0x18 0x0 0x0 0x0 0x0 0x0 0x0 0x9 0x1 0x0 oops 0 methods 0
ciMethodData java/util/HashMap$EntrySet iterator ()Ljava/util/Iterator; 2 13041 orig 80 0 0 0 0 0 0 0 0 0 0 0 0 0 0 0 0 0 0 0 0 0 0 0 0 0 0 0 0 0 0 0 0 0 0 0 0 0 0 0 0 0 0 0 0 0 0 0 0 0 0 0 0 0 0 0 0 0 0 0 0 0 0 0 0 0 0 0 0 0 0 0 0 0 0 0 0 0 0 0 0 data 9 0x80002 0x32f2 0x0 0x0 0x0 0x0 0x9 0x1 0x0 oops 0 methods 0
ciMethodData java/util/HashMap$EntryIterator <init> (Ljava/util/HashMap;)V 2 13041 orig 80 0 0 0 0 0 0 0 0 0 0 0 0 0 0 0 0 0 0 0 0 0 0 0 0 0 0 0 0 0 0 0 0 0 0 0 0 0 0 0 0 0 0 0 0 0 0 0 0 0 0 0 0 0 0 0 0 0 0 0 0 0 0 0 0 0 0 0 0 0 0 0 0 0 0 0 0 0 0 0 0 data 14 0x20002 0x32f2 0x90002 0x32f2 0x0 0x0 0x0 0x0 0x0 0x0 0x9 0x2 0x0 0x0 oops 0 methods 0
ciMethodData java/util/HashMap$EntrySet <init> (Ljava/util/HashMap;)V 2 9609 orig 80 0 0 0 0 0 0 0 0 0 0 0 0 0 0 0 0 0 0 0 0 0 0 0 0 0 0 0 0 0 0 0 0 0 0 0 0 0 0 0 0 0 0 0 0 0 0 0 0 0 0 0 0 0 0 0 0 0 0 0 0 0 0 0 0 0 0 0 0 0 0 0 0 0 0 0 0 0 0 0 0 data 14 0x30002 0x258a 0xb0002 0x258a 0x0 0x0 0x0 0x0 0x0 0x0 0x9 0x2 0x6 0x0 oops 0 methods 0
ciMethodData java/util/HashMap getOrDefault (Ljava/lang/Object;Ljava/lang/Object;)Ljava/lang/Object; 2 5525 orig 80 0 0 0 0 0 0 0 0 0 0 0 0 0 0 0 0 0 0 0 0 0 0 0 0 0 0 0 0 0 0 0 0 0 0 0 0 0 0 0 0 0 0 0 0 0 0 0 0 0 0 0 0 0 0 0 0 0 0 0 0 0 0 0 0 0 0 0 0 0 0 0 0 0 0 0 0 0 0 0 0 data 24 0x20005 0x52 0x2362dc72a38 0x1544 0x0 0x0 0x70007 0x1596 0x38 0x0 0xb0003 0x0 0x18 0x0 0x0 0x0 0x0 0x0 0x0 0x9 0x3 0x0 0x0 0x0 oops 1 2 java/util/HashMap methods 0
ciMethodData java/util/HashMap remove (Ljava/lang/Object;)Ljava/lang/Object; 2 5483 orig 80 0 0 0 0 0 0 0 0 0 0 0 0 0 0 0 0 0 0 0 0 0 0 0 0 0 0 0 0 0 0 0 0 0 0 0 0 0 0 0 0 0 0 0 0 0 0 0 0 0 0 0 0 0 0 0 0 0 0 0 0 0 0 0 0 0 0 0 0 0 0 0 0 0 0 0 0 0 0 0 0 data 25 0x20002 0x156c 0x90005 0x32 0x2362dc72a38 0x153a 0x0 0x0 0xe0007 0x156c 0x38 0x0 0x120003 0x0 0x18 0x0 0x0 0x0 0x0 0x0 0x0 0x9 0x2 0x0 0x0 oops 1 4 java/util/HashMap methods 0
ciMethodData java/util/HashMap afterNodeRemoval (Ljava/util/HashMap$Node;)V 2 4852 orig 80 0 0 0 0 0 0 0 0 0 0 0 0 0 0 0 0 0 0 0 0 0 0 0 0 0 0 0 0 0 0 0 0 0 0 0 0 0 0 0 0 0 0 0 0 0 0 0 0 0 0 0 0 0 0 0 0 0 0 0 0 0 0 0 0 0 0 0 0 0 0 0 0 0 0 0 0 0 0 0 0 data 5 0x0 0x9 0x2 0x0 0x0 oops 0 methods 0
ciMethodData java/util/HashSet remove (Ljava/lang/Object;)Z 2 5347 orig 80 0 0 0 0 0 0 0 0 0 0 0 0 0 0 0 0 0 0 0 0 0 0 0 0 0 0 0 0 0 0 0 0 0 0 0 0 0 0 0 0 0 0 0 0 0 0 0 0 0 0 0 0 0 0 0 0 0 0 0 0 0 0 0 0 0 0 0 0 0 0 0 0 0 0 0 0 0 0 0 0 data 23 0x50005 0x0 0x2362dc72a38 0x14e3 0x0 0x0 0xb0007 0x0 0x38 0x14e3 0xf0003 0x14e3 0x18 0x0 0x0 0x0 0x0 0x0 0x0 0x9 0x2 0x0 0x0 oops 1 2 java/util/HashMap methods 0
ciMethodData java/util/Collections$EmptyMap getOrDefault (Ljava/lang/Object;Ljava/lang/Object;)Ljava/lang/Object; 2 1072 orig 80 0 0 0 0 0 0 0 0 0 0 0 0 0 0 0 0 0 0 0 0 0 0 0 0 0 0 0 0 0 0 0 0 0 0 0 0 0 0 0 0 0 0 0 0 0 0 0 0 0 0 0 0 0 0 0 0 0 0 0 0 0 0 0 0 0 0 0 0 0 0 0 0 0 0 0 0 0 0 0 0 data 6 0x0 0x9 0x3 0x0 0x0 0x0 oops 0 methods 0
ciMethod com/landawn/abacus/query/AbstractQueryBuilder uniquifyChildNamedParameters (Ljava/lang/String;Ljava/util/Map;Ljava/util/Map;Ljava/util/Set;Ljava/util/Map;Lcom/landawn/abacus/query/SqlDialect$SqlPolicy;)Ljava/lang/String; 520 20 80139 0 -1
ciMethod com/landawn/abacus/query/AbstractQueryBuilder renderNamedParameterToken (Ljava/util/function/BiConsumer;Ljava/lang/String;)Ljava/lang/String; 6 0 6153 0 1898
ciMethod com/landawn/abacus/query/AbstractQueryBuilder indexedNamedParameterName (Ljava/lang/String;I)Ljava/lang/String; 762 0 148382 0 1544
ciMethod com/landawn/abacus/query/AbstractQueryBuilder replaceDefaultNamedParameterToken (Ljava/lang/String;Ljava/lang/String;Ljava/lang/String;ZLcom/landawn/abacus/query/SqlParser$Tokenizer;)Ljava/lang/String; 2 72 5277 0 14110
ciMethod com/landawn/abacus/query/AbstractQueryBuilder replaceIbatisParameterName (Ljava/lang/String;Ljava/lang/String;Ljava/lang/String;ZLcom/landawn/abacus/query/SqlParser$Tokenizer;)Ljava/lang/String; 2 70 5119 0 10726
ciMethod com/landawn/abacus/query/AbstractQueryBuilder replaceRenderedNamedParameterToken (Ljava/lang/String;Ljava/lang/String;Ljava/lang/String;ZLcom/landawn/abacus/query/SqlParser$Tokenizer;)Ljava/lang/String; 2 70 1 0 -1
ciMethod com/landawn/abacus/query/AbstractQueryBuilder skipParameterQuotedOrComment (Ljava/lang/String;IZ[I)I 7534 0 354272 0 -1
ciMethod com/landawn/abacus/query/AbstractQueryBuilder isSqlParameterNameChar (C)Z 1024 0 8135 0 -1
instanceKlass com/landawn/abacus/query/SqlBuilder
ciInstanceKlass com/landawn/abacus/query/AbstractQueryBuilder 1 1 3244 7 1 10 7 12 1 1 1 7 1 10 9 7 12 1 1 1 7 1 10 9 12 1 1 9 12 1 1 7 1 10 9 12 1 1 9 12 1 9 12 1 1 9 12 1 9 12 1 9 12 1 9 12 1 9 12 1 9 12 1 9 12 1 9 12 1 1 10 7 12 1 1 1 9 12 1 1 8 1 10 7 12 1 1 1 11 7 12 1 1 1 11 12 1 1 8 1 11 12 1 10 7 12 1 1 1 9 7 12 1 1 1 10 100 12 1 1 1 9 7 12 1 1 1 10 12 1 1 10 12 1 1 9 12 1 1 10 7 12 1 1 1 9 12 1 1 10 12 1 9 12 1 10 12 1 9 12 1 10 12 1 1 10 12 1 1 9 12 1 1 10 12 1 1 9 7 12 1 1 9 100 12 1 1 1 9 12 1 1 10 12 1 1 9 12 1 1 9 12 1 10 12 1 1 10 7 12 1 1 1 10 12 1 9 12 1 1 11 12 1 8 1 11 12 1 10 7 12 1 1 1 10 7 12 1 1 1 9 12 1 10 12 1 9 12 1 10 12 1 9 12 1 10 12 1 9 12 1 10 12 1 10 12 1 10 12 1 10 12 1 10 12 1 9 12 1 9 12 1 9 12 1 11 7 12 1 1 1 7 1 10 7 12 1 1 1 9 7 12 1 1 1 10 7 12 1 1 10 12 1 7 1 10 100 12 1 1 1 10 7 12 1 1 1 10 7 12 1 1 1 10 12 1 10 12 1 11 12 1 1 9 7 12 1 1 1 10 12 1 8 1 9 12 1 7 1 10 7 12 1 1 1 11 12 1 10 12 1 10 12 1 10 12 1 1 10 12 1 10 12 1 1 7 1 10 12 1 7 1 10 7 1 10 12 1 1 7 1 10 12 1 1 7 1 10 12 1 1 9 12 1 7 1 10 12 1 1 10 7 12 1 1 1 10 12 1 1 10 12 1 1 11 7 12 1 1 10 12 1 1 11 12 1 1 10 12 1 1 11 12 1 11 12 1 1 11 7 12 1 1 11 12 1 10 12 1 1 9 7 12 1 1 1 11 100 12 1 1 11 12 1 1 11 12 1 1 10 12 1 9 12 1 1 10 7 12 1 1 9 12 1 10 7 12 1 1 1 9 12 1 11 12 1 1 8 1 10 12 1 1 10 12 1 1 7 1 10 12 1 1 7 1 9 12 1 7 1 11 12 1 10 12 1 11 12 1 10 12 1 1 10 12 1 1 10 7 12 1 1 1 9 12 1 9 12 1 10 12 10 12 1 1 11 12 1 10 12 1 10 12 1 11 7 1 18 12 1 1 11 12 1 10 12 1 1 9 7 12 1 1 1 11 7 1 11 7 1 18 12 10 12 1 10 12 1 1 18 12 1 10 12 1 1 10 12 1 10 12 1 1 10 12 1 10 12 1 1 10 12 1 11 12 1 7 1 11 12 1 10 12 1 18 18 7 1 10 12 1 10 12 1 1 8 1 10 12 1 1 10 7 12 1 1 1 10 12 1 18 12 1 18 10 12 1 8 1 10 12 1 8 1 8 1 8 1 8 1 8 1 8 1 8 1 8 1 8 1 8 10 12 1 10 12 1 18 12 1 1 10 12 1 1 9 12 1 9 12 1 1 10 7 12 1 1 1 9 12 1 10 12 1 10 12 1 9 12 1 1 9 12 1 10 12 1 11 12 1 9 12 1 11 100 1 10 12 1 1 10 12 1 10 12 1 10 12 1 10 12 1 1 11 9 12 1 10 12 9 12 1 9 12 1 10 12 1 9 12 1 1 9 7 12 1 1 9 12 1 9 12 1 10 10 12 1 10 12 1 8 1 100 1 18 10 10 12 1 1 10 12 1 10 12 1 9 12 1 100 1 18 10 8 1 8 1 10 12 8 1 8 18 12 1 18 12 1 8 1 10 12 1 1 10 12 1 1 18 8 1 8 8 1 9 12 1 8 1 10 12 1 10 12 1 1 10 12 1 1 10 12 1 8 1 10 12 1 1 10 12 1 1 10 12 1 1 11 18 12 10 12 1 11 12 1 10 12 10 12 1 1 10 12 1 8 1 10 12 1 1 10 12 1 1 8 1 8 1 8 1 10 12 1 1 8 10 12 1 18 10 12 1 1 18 12 1 10 10 12 1 1 10 12 1 1 10 12 1 1 10 12 1 8 1 10 12 1 1 8 1 8 1 8 1 8 1 8 1 8 1 8 1 8 1 8 1 8 1 8 1 10 7 12 1 1 1 10 12 1 1 10 12 1 8 1 8 1 8 1 7 1 10 12 1 10 12 1 18 10 10 12 1 18 18 12 1 10 12 1 1 10 100 1 18 12 1 10 12 1 9 12 1 9 12 1 1 9 12 1 9 12 1 10 9 12 1 1 10 12 1 1 9 12 1 8 1 8 1 10 12 1 9 12 1 1 10 12 1 11 12 1 9 12 1 10 12 1 1 10 12 10 12 1 1 10 12 1 10 12 1 9 12 1 10 12 1 1 10 7 12 1 1 10 12 1 10 12 1 10 12 1 10 12 1 1 10 9 12 1 18 8 1 8 1 8 1 10 12 1 10 10 12 1 10 12 1 1 10 12 1 10 12 1 10 12 1 1 10 12 10 12 1 8 1 10 12 1 10 12 1 9 12 1 10 12 1 1 8 1 10 12 1 8 1 10 12 1 10 12 8 1 9 12 1 9 12 1 10 12 1 1 9 12 1 10 12 1 9 12 1 10 12 1 9 12 1 10 12 1 9 12 1 10 12 1 10 12 1 10 12 1 18 8 1 10 12 1 18 12 1 100 1 10 12 1 1 18 12 1 10 12 1 18 18 8 1 10 12 1 18 12 1 9 12 1 11 7 12 1 10 12 1 10 12 1 1 18 18 18 12 1 9 100 12 1 1 1 10 12 1 1 10 12 1 10 12 1 9 12 1 8 1 18 18 8 1 10 12 10 18 18 12 1 8 1 10 12 1 8 1 18 12 1 18 18 10 12 1 10 12 18 18 10 12 18 18 8 1 8 1 18 8 1 10 12 1 1 10 12 1 8 1 8 1 8 1 10 12 1 10 12 10 12 1 9 12 1 10 12 1 8 1 8 1 8 1 8 1 8 1 8 1 8 1 9 12 1 9 12 1 8 1 10 12 1 1 10 12 1 10 7 12 1 1 10 12 1 10 12 1 10 12 1 10 12 1 10 12 10 12 10 12 1 1 10 12 1 9 12 1 1 10 7 12 1 1 1 10 100 12 1 1 10 12 1 10 12 1 9 12 1 8 1 10 12 1 8 1 10 12 1 8 1 8 1 8 1 8 1 8 1 8 1 8 1 8 1 8 1 8 1 8 1 8 1 10 12 1 18 8 1 18 10 12 1 1 7 1 10 12 1 7 1 100 1 10 12 1 18 10 12 1 18 18 9 12 1 9 12 1 18 18 8 1 8 1 18 18 10 12 1 18 10 12 1 9 12 1 10 7 12 1 1 18 7 1 10 12 10 12 1 1 10 12 1 8 1 10 12 1 10 12 1 1 18 10 12 1 7 1 10 12 1 1 10 12 1 1 10 7 1 10 7 1 10 12 1 1 10 12 1 1 10 12 1 9 12 1 9 12 9 12 1 9 12 1 10 12 1 10 12 1 18 100 1 10 10 12 1 10 12 1 10 10 10 11 7 1 9 12 9 12 9 12 1 10 12 1 10 12 1 1 9 12 1 10 12 1 9 12 1 10 12 1 1 9 12 1 10 12 1 10 12 1 9 12 1 10 12 1 10 12 1 1 9 12 9 12 1 9 12 9 12 9 12 10 12 1 1 10 12 1 1 10 12 10 12 1 10 12 1 10 12 9 12 1 10 12 1 1 10 12 1 10 12 1 9 12 1 9 12 1 9 12 1 9 12 1 10 12 1 1 11 12 1 10 12 1 18 10 12 1 10 12 1 18 10 12 1 1 10 10 12 1 10 7 12 1 10 10 12 1 1 10 12 1 11 12 1 10 12 1 10 12 1 7 1 9 12 10 12 1 10 9 12 9 12 9 12 1 18 18 18 18 18 9 12 9 12 1 18 9 12 1 9 12 1 10 9 12 1 10 12 1 9 12 10 12 1 1 18 9 12 1 11 12 1 10 12 1 10 12 1 18 10 12 1 1 10 12 1 1 10 12 1 11 12 10 12 1 10 11 7 12 1 1 1 18 18 12 1 1 11 12 1 1 18 10 7 12 1 1 1 10 12 1 1 10 12 1 10 7 12 1 1 1 10 12 1 10 12 10 12 10 12 1 1 10 12 1 9 12 1 10 12 1 10 12 1 18 10 12 1 8 1 8 1 8 1 10 12 1 1 8 1 18 10 12 1 1 10 12 1 10 12 1 10 12 1 1 10 12 1 10 12 1 18 9 12 1 10 12 1 1 10 12 1 10 12 1 10 12 1 10 12 1 10 12 1 8 1 18 12 1 10 12 1 18 18 10 12 1 1 8 1 18 10 12 1 1 8 1 10 12 1 1 10 12 1 8 1 11 12 1 10 12 1 10 12 1 100 1 8 1 11 100 12 1 9 12 9 11 100 12 1 8 1 11 100 12 1 11 100 1 10 12 1 10 12 1 8 1 8 1 8 1 8 1 18 9 12 1 9 12 1 9 12 1 9 12 1 18 100 1 100 1 10 100 1 10 10 12 1 10 7 1 10 12 1 10 12 1 18 9 12 1 10 12 1 1 10 12 1 1 18 18 18 12 1 10 12 1 18 18 12 1 8 1 10 12 1 18 11 12 1 1 18 18 11 10 10 12 1 10 12 1 10 12 1 10 12 1 10 12 1 18 10 12 1 10 12 1 10 12 1 1 10 12 1 10 12 1 1 10 12 1 10 12 1 10 12 1 8 1 8 1 8 1 10 7 1 7 1 10 12 1 1 9 12 1 10 12 10 12 1 10 12 1 9 12 1 11 10 12 1 10 10 7 12 1 1 8 1 10 12 1 1 10 12 1 8 1 9 12 1 10 12 1 18 8 1 10 100 12 1 1 1 8 1 10 12 1 1 9 12 1 10 12 1 10 12 1 10 12 1 10 10 10 12 1 1 8 1 18 8 1 8 1 7 1 10 11 18 8 1 10 12 18 10 7 12 1 1 1 18 12 1 1 10 12 1 1 18 12 1 10 12 1 1 10 12 8 1 8 1 8 1 8 1 8 1 10 12 1 10 12 1 8 1 10 12 1 1 10 10 12 1 1 11 18 18 12 1 18 12 1 10 12 1 1 10 12 1 10 12 1 10 12 1 8 1 10 12 1 10 12 1 18 10 12 1 1 18 8 1 8 1 10 12 1 9 12 1 10 12 1 18 10 12 1 10 7 12 1 1 1 8 1 10 12 1 9 12 1 8 1 10 12 1 1 8 1 9 12 1 8 1 9 12 1 8 1 8 1 9 12 1 8 1 8 1 9 12 1 8 1 8 8 1 9 12 1 8 1 9 12 1 8 1 8 8 1 9 12 1 9 12 1 8 1 8 1 9 12 1 8 1 8 1 9 12 1 8 1 8 1 9 12 1 8 1 8 1 9 12 1 8 1 8 1 9 12 1 8 1 8 1 9 12 1 8 1 9 12 1 8 1 9 12 1 8 1 9 12 1 8 1 9 12 1 8 1 9 12 1 8 1 9 12 1 8 1 9 12 1 8 1 9 12 1 8 1 8 1 8 1 10 12 1 1 8 1 8 1 9 12 1 8 1 8 1 9 12 1 8 1 9 12 1 9 12 1 8 1 9 12 1 8 1 9 12 1 8 1 9 12 1 8 1 9 12 1 8 1 8 1 9 12 1 8 1 10 12 1 10 12 1 1 10 7 12 1 1 10 7 12 1 1 1 10 12 1 10 12 1 10 12 1 10 10 10 12 1 1 9 7 12 1 1 1 10 12 1 1 100 1 8 1 8 1 8 1 8 1 8 1 8 1 8 1 8 1 8 1 8 1 8 1 8 1 8 1 8 1 8 1 8 1 8 1 8 1 8 1 8 1 7 1 9 12 1 10 10 12 1 1 7 1 10 10 1 1 8 1 8 1 8 1 1 1 1 1 8 1 1 1 1 8 1 1 8 1 1 8 1 1 8 1 1 1 1 1 1 1 1 1 1 1 1 1 1 1 1 1 1 1 1 1 1 1 1 1 1 1 1 1 1 1 1 100 1 1 1 1 1 1 1 1 1 1 1 1 1 1 1 1 1 1 1 1 1 1 1 1 1 1 1 1 1 1 1 1 1 1 1 1 1 1 100 1 1 1 1 1 1 1 1 1 1 1 1 1 1 1 1 1 1 1 1 1 1 1 1 1 1 1 1 1 1 1 1 1 1 1 1 1 1 1 1 1 1 1 100 1 1 1 1 1 1 1 1 1 1 1 1 1 1 1 1 1 1 1 1 1 1 1 1 1 1 1 1 1 1 1 1 1 1 1 1 1 1 1 1 1 1 1 1 1 1 1 1 1 1 1 1 1 1 1 1 1 1 1 1 1 1 1 1 1 1 1 1 1 1 1 1 1 1 1 1 1 1 1 1 1 1 1 1 1 1 1 1 1 1 1 1 1 1 1 1 1 1 1 1 1 1 1 1 1 1 1 1 1 100 1 100 1 1 1 1 1 1 8 1 8 1 8 1 8 1 8 1 8 1 8 1 16 15 10 12 8 1 8 1 15 10 12 15 10 12 8 1 8 1 8 1 15 10 12 15 10 12 15 10 12 15 10 12 15 10 12 8 1 15 10 12 15 10 12 15 10 12 8 1 15 10 12 15 10 12 8 1 15 10 12 15 10 12 15 10 12 15 10 12 15 10 12 15 10 12 15 10 12 15 10 12 15 10 12 15 10 12 15 10 12 15 10 12 15 10 12 15 10 12 8 1 8 1 8 1 8 1 8 1 8 1 8 1 8 1 8 1 8 1 15 10 12 8 1 8 1 8 1 8 1 8 1 8 1 8 1 8 1 8 1 8 1 8 1 8 1 8 1 16 15 10 12 1 16 1 8 1 15 10 12 15 10 12 8 1 15 10 12 8 1 8 1 15 10 12 8 1 8 1 8 1 8 1 8 1 8 1 8 1 8 1 15 10 12 16 15 10 12 15 8 1 8 1 8 1 8 1 8 1 16 15 10 12 16 15 10 12 16 8 1 15 10 12 15 10 12 15 10 12 15 10 12 8 1 15 10 7 12 1 1 15 10 7 12 1 1 1 1 1 1 1 1 1 100 1 1 1 1 100 1 1 1 1 1 1 1 100 1 1 1 1 1 1 100 1 1 100 1 100 1 1
staticfield com/landawn/abacus/query/AbstractQueryBuilder logger Lcom/landawn/abacus/logging/Logger; com/landawn/abacus/logging/JdkLogger
staticfield com/landawn/abacus/query/AbstractQueryBuilder COUNT_ALL_LIST Ljava/util/List; com/landawn/abacus/util/ImmutableList$RandomAccessImmutableList
staticfield com/landawn/abacus/query/AbstractQueryBuilder _INSERT [C 6
staticfield com/landawn/abacus/query/AbstractQueryBuilder _SPACE_INSERT_SPACE [C 8
staticfield com/landawn/abacus/query/AbstractQueryBuilder _INTO [C 4
staticfield com/landawn/abacus/query/AbstractQueryBuilder _SPACE_INTO_SPACE [C 6
staticfield com/landawn/abacus/query/AbstractQueryBuilder _VALUES [C 6
staticfield com/landawn/abacus/query/AbstractQueryBuilder _SPACE_VALUES_SPACE [C 8
staticfield com/landawn/abacus/query/AbstractQueryBuilder _SELECT [C 6
staticfield com/landawn/abacus/query/AbstractQueryBuilder _SPACE_SELECT_SPACE [C 8
staticfield com/landawn/abacus/query/AbstractQueryBuilder _FROM [C 4
staticfield com/landawn/abacus/query/AbstractQueryBuilder _SPACE_FROM_SPACE [C 6
staticfield com/landawn/abacus/query/AbstractQueryBuilder _UPDATE [C 6
staticfield com/landawn/abacus/query/AbstractQueryBuilder _SPACE_UPDATE_SPACE [C 8
staticfield com/landawn/abacus/query/AbstractQueryBuilder _SET [C 3
staticfield com/landawn/abacus/query/AbstractQueryBuilder _SPACE_SET_SPACE [C 5
staticfield com/landawn/abacus/query/AbstractQueryBuilder _DELETE [C 6
staticfield com/landawn/abacus/query/AbstractQueryBuilder _SPACE_DELETE_SPACE [C 8
staticfield com/landawn/abacus/query/AbstractQueryBuilder _JOIN [C 4
staticfield com/landawn/abacus/query/AbstractQueryBuilder _SPACE_JOIN_SPACE [C 6
staticfield com/landawn/abacus/query/AbstractQueryBuilder _LEFT_JOIN [C 9
staticfield com/landawn/abacus/query/AbstractQueryBuilder _SPACE_LEFT_JOIN_SPACE [C 11
staticfield com/landawn/abacus/query/AbstractQueryBuilder _RIGHT_JOIN [C 10
staticfield com/landawn/abacus/query/AbstractQueryBuilder _SPACE_RIGHT_JOIN_SPACE [C 12
staticfield com/landawn/abacus/query/AbstractQueryBuilder _FULL_JOIN [C 9
staticfield com/landawn/abacus/query/AbstractQueryBuilder _SPACE_FULL_JOIN_SPACE [C 11
staticfield com/landawn/abacus/query/AbstractQueryBuilder _CROSS_JOIN [C 10
staticfield com/landawn/abacus/query/AbstractQueryBuilder _SPACE_CROSS_JOIN_SPACE [C 12
staticfield com/landawn/abacus/query/AbstractQueryBuilder _INNER_JOIN [C 10
staticfield com/landawn/abacus/query/AbstractQueryBuilder _SPACE_INNER_JOIN_SPACE [C 12
staticfield com/landawn/abacus/query/AbstractQueryBuilder _NATURAL_JOIN [C 12
staticfield com/landawn/abacus/query/AbstractQueryBuilder _SPACE_NATURAL_JOIN_SPACE [C 14
staticfield com/landawn/abacus/query/AbstractQueryBuilder _ON [C 2
staticfield com/landawn/abacus/query/AbstractQueryBuilder _SPACE_ON_SPACE [C 4
staticfield com/landawn/abacus/query/AbstractQueryBuilder _USING [C 5
staticfield com/landawn/abacus/query/AbstractQueryBuilder _SPACE_USING_SPACE [C 7
staticfield com/landawn/abacus/query/AbstractQueryBuilder _WHERE [C 5
staticfield com/landawn/abacus/query/AbstractQueryBuilder _SPACE_WHERE_SPACE [C 7
staticfield com/landawn/abacus/query/AbstractQueryBuilder _GROUP_BY [C 8
staticfield com/landawn/abacus/query/AbstractQueryBuilder _SPACE_GROUP_BY_SPACE [C 10
staticfield com/landawn/abacus/query/AbstractQueryBuilder _HAVING [C 6
staticfield com/landawn/abacus/query/AbstractQueryBuilder _SPACE_HAVING_SPACE [C 8
staticfield com/landawn/abacus/query/AbstractQueryBuilder _ORDER_BY [C 8
staticfield com/landawn/abacus/query/AbstractQueryBuilder _SPACE_ORDER_BY_SPACE [C 10
staticfield com/landawn/abacus/query/AbstractQueryBuilder _LIMIT [C 5
staticfield com/landawn/abacus/query/AbstractQueryBuilder _SPACE_LIMIT_SPACE [C 7
staticfield com/landawn/abacus/query/AbstractQueryBuilder _OFFSET [C 6
staticfield com/landawn/abacus/query/AbstractQueryBuilder _SPACE_OFFSET_SPACE [C 8
staticfield com/landawn/abacus/query/AbstractQueryBuilder _SPACE_ROWS [C 5
staticfield com/landawn/abacus/query/AbstractQueryBuilder GENERIC_LIMIT_EXPRESSION_PATTERN Ljava/util/regex/Pattern; java/util/regex/Pattern
staticfield com/landawn/abacus/query/AbstractQueryBuilder FETCH_LIMIT_EXPRESSION_PATTERN Ljava/util/regex/Pattern; java/util/regex/Pattern
staticfield com/landawn/abacus/query/AbstractQueryBuilder _AND [C 3
staticfield com/landawn/abacus/query/AbstractQueryBuilder _SPACE_AND_SPACE [C 5
staticfield com/landawn/abacus/query/AbstractQueryBuilder _OR [C 2
staticfield com/landawn/abacus/query/AbstractQueryBuilder _SPACE_OR_SPACE [C 4
staticfield com/landawn/abacus/query/AbstractQueryBuilder _UNION [C 5
staticfield com/landawn/abacus/query/AbstractQueryBuilder _SPACE_UNION_SPACE [C 7
staticfield com/landawn/abacus/query/AbstractQueryBuilder _UNION_ALL [C 9
staticfield com/landawn/abacus/query/AbstractQueryBuilder _SPACE_UNION_ALL_SPACE [C 11
staticfield com/landawn/abacus/query/AbstractQueryBuilder _INTERSECT [C 9
staticfield com/landawn/abacus/query/AbstractQueryBuilder _SPACE_INTERSECT_SPACE [C 11
staticfield com/landawn/abacus/query/AbstractQueryBuilder _EXCEPT [C 6
staticfield com/landawn/abacus/query/AbstractQueryBuilder _SPACE_EXCEPT_SPACE [C 8
staticfield com/landawn/abacus/query/AbstractQueryBuilder _EXCEPT_MINUS [C 5
staticfield com/landawn/abacus/query/AbstractQueryBuilder _SPACE_EXCEPT_MINUS_SPACE [C 7
staticfield com/landawn/abacus/query/AbstractQueryBuilder _AS [C 2
staticfield com/landawn/abacus/query/AbstractQueryBuilder _SPACE_AS_SPACE [C 4
staticfield com/landawn/abacus/query/AbstractQueryBuilder _SPACE_EQUAL_SPACE [C 3
staticfield com/landawn/abacus/query/AbstractQueryBuilder _SPACE_FOR_UPDATE [C 11
staticfield com/landawn/abacus/query/AbstractQueryBuilder _COMMA_SPACE [C 2
staticfield com/landawn/abacus/query/AbstractQueryBuilder sqlKeyWords Ljava/util/Set; java/util/HashSet
staticfield com/landawn/abacus/query/AbstractQueryBuilder subEntityPropNamesPool Ljava/util/Map; com/landawn/abacus/util/ConcurrentCacheMap
staticfield com/landawn/abacus/query/AbstractQueryBuilder defaultPropNamesPool Ljava/util/Map; com/landawn/abacus/util/ConcurrentCacheMap
staticfield com/landawn/abacus/query/AbstractQueryBuilder fullSelectPartsPool Ljava/util/Map; java/util/HashMap
staticfield com/landawn/abacus/query/AbstractQueryBuilder fullSelectPartsPoolForBacktick Ljava/util/Map; java/util/HashMap
staticfield com/landawn/abacus/query/AbstractQueryBuilder classTableNameMap Ljava/util/Map; java/util/concurrent/ConcurrentHashMap
staticfield com/landawn/abacus/query/AbstractQueryBuilder classTableAliasMap Ljava/util/Map; java/util/concurrent/ConcurrentHashMap
staticfield com/landawn/abacus/query/AbstractQueryBuilder activeStringBuilderCounter Ljava/util/concurrent/atomic/AtomicInteger; java/util/concurrent/atomic/AtomicInteger
staticfield com/landawn/abacus/query/AbstractQueryBuilder CLAUSE_ORDER [Ljava/lang/String; 9 [Ljava/lang/String;
ciMethod com/landawn/abacus/util/CommonUtil isEmpty (Ljava/util/Map;)Z 336 0 234381 0 128
ciMethod  @bci com/landawn/abacus/parser/ParserUtil$XmlNameTag <init> (Ljava/lang/String;Ljava/lang/String;Z)V 31 <appendix> form vmentry <vmtarget> ; invoke (Ljava/lang/Object;Ljava/lang/Object;)Ljava/lang/Object; 512 0 156345 0 -1
ciMethodData  @bci com/landawn/abacus/parser/ParserUtil$XmlNameTag <init> (Ljava/lang/String;Ljava/lang/String;Z)V 31 <appendix> form vmentry <vmtarget> ; invoke (Ljava/lang/Object;Ljava/lang/Object;)Ljava/lang/Object; 2 156089 orig 80 0 0 0 0 0 0 0 0 0 0 0 0 0 0 0 0 0 0 0 0 0 0 0 0 0 0 0 0 0 0 0 0 0 0 0 0 0 0 0 0 0 0 0 0 0 0 0 0 0 0 0 0 0 0 0 0 0 0 0 0 0 0 0 0 0 0 0 0 0 0 0 0 0 0 0 0 0 0 0 0 data 40 0x10004 0x0 0x2362ec6d2e0 0x252c 0x0 0x0 0x100004 0x0 0x23628943930 0x252c 0x0 0x0 0x15000b 0x23c90 0x23628943930 0x2529 0x0 0x0 0x5 0x1 0x2 0x2 0x3 0x3 0x0 0x0 0x0 0x0 0x0 0x0 0x9 0x2 0x0 0x0 0xc 0x4 0x0 0x2362ec6d2e0 0x1 0x3 oops 4 2 java/lang/invoke/BoundMethodHandle$Species_LL 8 java/lang/invoke/DirectMethodHandle 14 java/lang/invoke/DirectMethodHandle 37 java/lang/invoke/BoundMethodHandle$Species_LL methods 0
ciMethod  @bci com/landawn/abacus/query/condition/AbstractCondition validateNonQuantifiedValueOperands (Ljava/util/Collection;Ljava/lang/String;)V 33 <appendix> argL0 member <vmtarget> ; length (ILjava/lang/String;I)I 544 0 274142 0 -1
ciMethod  @bci com/landawn/abacus/query/condition/AbstractCondition validateNonQuantifiedValueOperands (Ljava/util/Collection;Ljava/lang/String;)V 33 <appendix> argL0 member <vmtarget> ; prepend (IB[B[Ljava/lang/String;Ljava/lang/String;I)I 544 0 274144 0 -1
ciMethod  @bci com/landawn/abacus/query/condition/AbstractCondition validateNonQuantifiedValueOperands (Ljava/util/Collection;Ljava/lang/String;)V 33 <appendix> argL0 member <vmtarget> ; concat (Ljava/lang/Object;I)Ljava/lang/String; 512 0 274140 0 -1
ciMethod  @bci com/landawn/abacus/query/condition/AbstractCondition validateNonQuantifiedValueOperands (Ljava/util/Collection;Ljava/lang/String;)V 33 <appendix> argL0 member <vmtarget> ; coder (ILjava/lang/String;)I 512 0 274142 0 -1
ciMethodData  @bci com/landawn/abacus/query/condition/AbstractCondition validateNonQuantifiedValueOperands (Ljava/util/Collection;Ljava/lang/String;)V 33 <appendix> argL0 member <vmtarget> ; concat (Ljava/lang/Object;I)Ljava/lang/String; 2 273889 orig 80 0 0 0 0 0 0 0 0 0 0 0 0 0 0 0 0 0 0 0 0 0 0 0 0 0 0 0 0 0 0 0 0 0 0 0 0 0 0 0 0 0 0 0 0 0 0 0 0 0 0 0 0 0 0 0 0 0 0 0 0 0 0 0 0 0 0 0 0 0 0 0 0 0 0 0 0 0 0 0 0 data 29 0x10002 0x42de1 0xc0002 0x42de1 0x180002 0x42de1 0x270005 0x21 0x23628941a48 0x42dc0 0x0 0x0 0x310002 0x42de1 0x400002 0x42de1 0x4b0002 0x42de1 0x0 0x0 0x0 0x0 0x0 0x0 0x9 0x3 0x0 0x0 0x0 oops 1 8 java/lang/String methods 0
ciMethod  @bci com/landawn/abacus/query/condition/AbstractCondition validateNonQuantifiedValueOperands (Ljava/util/Collection;Ljava/lang/String;)V 33 <appendix> form vmentry <vmtarget> ; invoke (Ljava/lang/Object;Ljava/lang/Object;I)Ljava/lang/Object; 512 0 274133 0 -1
ciMethodData  @bci com/landawn/abacus/query/condition/AbstractCondition validateNonQuantifiedValueOperands (Ljava/util/Collection;Ljava/lang/String;)V 33 <appendix> form vmentry <vmtarget> ; invoke (Ljava/lang/Object;Ljava/lang/Object;I)Ljava/lang/Object; 2 273877 orig 80 0 0 0 0 0 0 0 0 0 0 0 0 0 0 0 0 0 0 0 0 0 0 0 0 0 0 0 0 0 0 0 0 0 0 0 0 0 0 0 0 0 0 0 0 0 0 0 0 0 0 0 0 0 0 0 0 0 0 0 0 0 0 0 0 0 0 0 0 0 0 0 0 0 0 0 0 0 0 0 0 data 41 0x10004 0x0 0x2362ec6d2e0 0x1b40 0x0 0x0 0x120004 0x0 0x23628943930 0x1b40 0x0 0x0 0x18000b 0x41295 0x23628943930 0x1b40 0x0 0x0 0x5 0x1 0x2362d6c9398 0x2 0x23628941a48 0x23628941a48 0x0 0x0 0x0 0x0 0x0 0x0 0x9 0x3 0x0 0x0 0x0 0xc 0x4 0x0 0x2362ec6d2e0 0x1 0x23628941a48 oops 8 2 java/lang/invoke/BoundMethodHandle$Species_LL 8 java/lang/invoke/DirectMethodHandle 14 java/lang/invoke/DirectMethodHandle 20  @bci com/landawn/abacus/query/condition/AbstractCondition validateNonQuantifiedValueOperands (Ljava/util/Collection;Ljava/lang/String;)V 33 <appendix> argL0 member <vmtarget> ; 22 java/lang/String 23 java/lang/String 38 java/lang/invoke/BoundMethodHandle$Species_LL 40 java/lang/String methods 0
ciMethodData  @bci com/landawn/abacus/query/condition/AbstractCondition validateNonQuantifiedValueOperands (Ljava/util/Collection;Ljava/lang/String;)V 33 <appendix> argL0 member <vmtarget> ; coder (ILjava/lang/String;)I 2 273896 orig 80 0 0 0 0 0 0 0 0 0 0 0 0 0 0 0 0 0 0 0 0 0 0 0 0 0 0 0 0 0 0 0 0 0 0 0 0 0 0 0 0 0 0 0 0 0 0 0 0 0 0 0 0 0 0 0 0 0 0 0 0 0 0 0 0 0 0 0 0 0 0 0 0 0 0 0 0 0 0 0 0 data 16 0x20005 0x10 0x23628941a48 0x42dd8 0x0 0x0 0x0 0x0 0x0 0x0 0x0 0x0 0x9 0x2 0x0 0x0 oops 1 2 java/lang/String methods 0
ciMethodData  @bci com/landawn/abacus/query/condition/AbstractCondition validateNonQuantifiedValueOperands (Ljava/util/Collection;Ljava/lang/String;)V 33 <appendix> argL0 member <vmtarget> ; length (ILjava/lang/String;I)I 2 273886 orig 80 0 0 0 0 0 0 0 0 0 0 0 0 0 0 0 0 0 0 0 0 0 0 0 0 0 0 0 0 0 0 0 0 0 0 0 0 0 0 0 0 0 0 0 0 0 0 0 0 0 0 0 0 0 0 0 0 0 0 0 0 0 0 0 0 0 0 0 0 0 0 0 0 0 0 0 0 0 0 0 0 data 15 0x20002 0x42dde 0x60002 0x42dde 0x0 0x0 0x0 0x0 0x0 0x0 0x9 0x3 0x0 0x0 0x0 oops 0 methods 0
ciMethodData  @bci com/landawn/abacus/query/condition/AbstractCondition validateNonQuantifiedValueOperands (Ljava/util/Collection;Ljava/lang/String;)V 33 <appendix> argL0 member <vmtarget> ; prepend (IB[B[Ljava/lang/String;Ljava/lang/String;I)I 2 273955 orig 80 0 0 0 0 0 0 0 0 0 0 0 0 0 0 0 0 0 0 0 0 0 0 0 0 0 0 0 0 0 0 0 0 0 0 0 0 0 0 0 0 0 0 0 0 0 0 0 0 0 0 0 0 0 0 0 0 0 0 0 0 0 0 0 0 0 0 0 0 0 0 0 0 0 0 0 0 0 0 0 0 data 18 0x80002 0x42e23 0x120002 0x42e23 0x0 0x0 0x0 0x0 0x0 0x0 0x9 0x6 0x0 0x0 0x0 0x0 0x0 0x0 oops 0 methods 0
ciMethod com/landawn/abacus/query/ParsedSql subscriptOpeningOffsets (Ljava/lang/String;Lcom/landawn/abacus/query/SqlParser$Tokenizer;)[I 408 32 5408 0 -1
ciMethod com/landawn/abacus/query/SqlDialect lambda$static$0 (Ljava/lang/StringBuilder;Ljava/lang/String;)V 872 0 586019 0 0
ciMethod  @bci com/landawn/abacus/query/SqlDialect <clinit> ()V 0 <appendix> argL0 ; accept (Ljava/lang/Object;Ljava/lang/Object;)V 872 0 586019 0 2142
ciMethodData  @bci com/landawn/abacus/query/SqlDialect <clinit> ()V 0 <appendix> argL0 ; accept (Ljava/lang/Object;Ljava/lang/Object;)V 2 585583 orig 80 0 0 0 0 0 0 0 0 0 0 0 0 0 0 0 0 0 0 0 0 0 0 0 0 0 0 0 0 0 0 0 0 0 0 0 0 0 0 0 0 0 0 0 0 0 0 0 0 0 0 0 0 0 0 0 0 0 0 0 0 0 0 0 0 0 0 0 0 0 0 0 0 0 0 0 0 0 0 0 0 data 25 0x10004 0x0 0x23628944478 0x8ef6f 0x0 0x0 0x50004 0x0 0x23628941a48 0x8ef6f 0x0 0x0 0x80002 0x8ef6f 0x0 0x0 0x0 0x0 0x0 0x0 0x9 0x3 0x0 0x0 0x0 oops 2 2 java/lang/StringBuilder 8 java/lang/String methods 0
ciMethodData com/landawn/abacus/query/SqlDialect lambda$static$0 (Ljava/lang/StringBuilder;Ljava/lang/String;)V 2 585583 orig 80 0 0 0 0 0 0 0 0 0 0 0 0 0 0 0 0 0 0 0 0 0 0 0 0 0 0 0 0 0 0 0 0 0 0 0 0 0 0 0 0 0 0 0 0 0 0 0 0 0 0 0 0 0 0 0 0 0 0 0 0 0 0 0 0 0 0 0 0 0 0 0 0 0 0 0 0 0 0 0 0 data 22 0x30005 0x0 0x23628944478 0x8ef6f 0x0 0x0 0x70005 0x0 0x23628944478 0x8ef6f 0x0 0x0 0x0 0x0 0x0 0x0 0x0 0x0 0x9 0x2 0x0 0x0 oops 2 2 java/lang/StringBuilder 8 java/lang/StringBuilder methods 0
ciMethodData com/landawn/abacus/query/AbstractQueryBuilder indexedNamedParameterName (Ljava/lang/String;I)Ljava/lang/String; 2 148387 orig 80 0 0 0 0 0 0 0 0 0 0 0 0 0 0 0 0 0 0 0 0 0 0 0 0 0 0 0 0 0 0 0 0 0 0 0 0 0 0 0 0 0 0 0 0 0 0 0 0 0 0 0 0 0 0 0 0 0 0 0 0 0 0 0 0 0 0 0 0 0 0 0 0 0 0 0 0 0 0 0 0 data 20 0x20007 0xa5fb 0x38 0x19da8 0x60003 0x19da8 0x48 0xb000a 0xa3d9 0x3 0x0 0x23628941a48 0x23628941a48 0x0 0x0 0x0 0x9 0x2 0x0 0x0 oops 2 11 java/lang/String 12 java/lang/String methods 0
ciMethodData com/landawn/abacus/util/CommonUtil isEmpty (Ljava/util/Map;)Z 2 234248 orig 80 1 0 0 0 0 0 0 0 0 0 0 0 0 0 0 0 0 0 0 0 6 0 0 4 0 0 0 0 0 0 0 0 0 0 0 0 0 0 0 0 0 0 0 0 0 0 0 0 0 0 0 0 0 0 0 0 0 0 0 0 0 0 0 0 0 0 0 0 0 0 0 0 0 0 0 0 0 0 0 0 data 26 0x10007 0x566b 0x70 0x33c9d 0xffffffff00050005 0x268a6 0x2362ef9c1b0 0x3dd0 0x2362ef9c258 0x9631 0xa0007 0x1e1e8 0x38 0x15abf 0xe0003 0x1b12a 0x18 0x0 0x0 0x0 0x0 0x0 0x0 0x9 0x1 0xffffffffffffffff oops 2 6 com/landawn/abacus/util/ImmutableMap 8 java/util/LinkedHashMap methods 0
ciMethodData com/landawn/abacus/query/AbstractQueryBuilder uniquifyChildNamedParameters (Ljava/lang/String;Ljava/util/Map;Ljava/util/Map;Ljava/util/Set;Ljava/util/Map;Lcom/landawn/abacus/query/SqlDialect$SqlPolicy;)Ljava/lang/String; 2 79885 orig 80 3 0 0 0 0 0 0 0 0 0 0 0 0 0 0 0 0 0 0 0 0 0 0 0 0 0 0 0 0 0 0 0 0 0 1 0 0 0 0 2 0 0 0 0 0 0 0 0 0 0 0 0 0 0 0 0 0 0 0 0 0 0 0 0 0 0 0 0 0 0 0 0 0 0 0 0 0 0 0 0 data 308 0x10002 0x1380b 0x8000000600040007 0x1240b 0x20 0x1401 0xf0007 0x1240b 0x90 0x0 0x1a0002 0x0 0x1f0002 0x0 0x22000a 0x0 0x5 0x0 0x0 0x1 0x0 0x23628941a48 0x270002 0x0 0x8000000600320007 0x10e3d 0x40 0x15cf 0x3c0007 0x15cf 0x20 0x0 0x480007 0x1240c 0x38 0x0 0x4c0003 0x0 0x18 0x560005 0x0 0x2362dc72a38 0x1240c 0x0 0x0 0x5b0005 0x0 0x2362dc72ae0 0x1240c 0x0 0x0 0x640005 0x0 0x2362dc72b88 0x24818 0x0 0x0 0x690007 0x1240c 0x748 0x1240d 0x6e0005 0x0 0x2362dc72b88 0x1240d 0x0 0x0 0x730004 0x0 0x2362dc72c30 0x1240d 0x0 0x0 0x7a0005 0x0 0x2362dc72c30 0x1240d 0x0 0x0 0x7f0004 0x0 0x23628941a48 0x1240d 0x0 0x0 0x880002 0x1240d 0x8b0005 0x0 0x2362dc72a38 0xa58e 0x2362dc72cd8 0x7e7f 0x900004 0x0 0x23628945728 0x1240d 0x0 0x0 0x930005 0x7a40 0x23628945728 0xa9cd 0x0 0x0 0x9a0005 0x0 0x2362dc72c30 0x1240d 0x0 0x0 0x9f0004 0x0 0x23628945728 0x1240d 0x0 0x0 0xa20005 0x7a40 0x23628945728 0xa9cd 0x0 0x0 0xa90007 0x1240c 0x520 0x1240d 0xb00002 0x1240d 0xb90005 0x0 0x2362dc72d80 0x1240d 0x0 0x0 0xbe0007 0x1240d 0x38 0x0 0xc10003 0x0 0x488 0xc60007 0xa58e 0x70 0x7e7f 0xcf0005 0x0 0x2362dc72d80 0x7e7f 0x0 0x0 0xd40007 0x7e7f 0x38 0x0 0xd80003 0xa58e 0x18 0xe40007 0x7e7f 0xf8 0xa58e 0xf20002 0xa58e 0xfd0005 0x0 0x2362dc72d80 0xa58e 0x0 0x0 0x1020007 0x0 0x70 0xa58e 0x1090005 0x0 0x2362dc72d80 0xa58e 0x0 0x0 0x10e0007 0xa58e 0x48 0x0 0x1180002 0x0 0x11d0003 0x0 0xffffffffffffff50 0x1270007 0x15cf 0x240 0x10e3e 0x130000a 0x10e3e 0x3 0x0 0x23628941a48 0x23628941a48 0x1350005 0x0 0x2362dc72a38 0x10e3e 0x0 0x0 0x13a0004 0x0 0x23628941a48 0x10e3e 0x0 0x0 0x1450002 0x10e3e 0x14e0005 0x78d0 0x23628941a48 0x956e 0x0 0x0 0x1510007 0x7e7f 0xd8 0x8fbf 0x158000a 0x8fbf 0x3 0x0 0x23628941a48 0x23628941a48 0x15d0005 0x11b 0x23628941a48 0x8ea4 0x0 0x0 0x1600007 0x0 0x48 0x8fbf 0x16f0002 0x8fbf 0x1740003 0x8fbf 0x28 0x1830002 0x0 0x18c0005 0x0 0x2362dc72a38 0x10e3e 0x0 0x0 0x1980005 0x0 0x2362dc72a38 0x10e3e 0x0 0x0 0x19e0003 0x10e3e 0x48 0x1a30007 0x0 0x30 0x15cf 0x1b20002 0x15cf 0x1b90007 0x7e7f 0x80 0xa58e 0x1c00005 0x0 0x2362dc72d80 0xa58e 0x0 0x0 0x1ca0005 0x0 0x2362dc72d80 0xa58e 0x0 0x0 0x1d30003 0x1240d 0xfffffffffffffaf8 0x1d60003 0x1240d 0xfffffffffffff8a0 0x0 0x0 0x0 0x0 0x0 0x0 0x0 0x0 0x0 0x9 0x7 0x0 0x0 0x0 0x0 0x0 0x0 0x0 oops 31 21 java/lang/String 41 java/util/HashMap 47 java/util/HashMap$EntrySet 53 java/util/HashMap$EntryIterator 63 java/util/HashMap$EntryIterator 69 java/util/HashMap$Node 75 java/util/HashMap$Node 81 java/lang/String 89 java/util/HashMap 91 java/util/Collections$EmptyMap 95 java/lang/Integer 101 java/lang/Integer 107 java/util/HashMap$Node 113 java/lang/Integer 119 java/lang/Integer 131 java/util/HashSet 148 java/util/HashSet 167 java/util/HashSet 177 java/util/HashSet 198 java/lang/String 199 java/lang/String 202 java/util/HashMap 208 java/lang/String 216 java/lang/String 228 java/lang/String 229 java/lang/String 232 java/lang/String 249 java/util/HashMap 255 java/util/HashMap 274 java/util/HashSet 280 java/util/HashSet methods 0
ciMethodData com/landawn/abacus/query/AbstractQueryBuilder renderNamedParameterToken (Ljava/util/function/BiConsumer;Ljava/lang/String;)Ljava/lang/String; 2 6150 orig 80 0 0 0 0 0 0 0 0 0 0 0 0 0 0 0 0 0 0 0 0 0 0 0 0 0 0 0 0 0 0 0 0 0 0 0 0 0 0 0 0 0 0 0 0 0 0 0 0 0 0 0 0 0 0 0 0 0 0 0 0 0 0 0 0 0 0 0 0 0 0 0 0 0 0 0 0 0 0 0 0 data 48 0x50005 0x12a 0x23628941a48 0x16dc 0x0 0x0 0xb0002 0x1806 0x120005 0x0 0x2362d40f350 0x1806 0x0 0x0 0x180005 0x0 0x23628944478 0x1806 0x0 0x0 0x1b0007 0x1806 0x60 0x0 0x23000a 0x0 0x3 0x0 0x0 0x23628941a48 0x280002 0x0 0x2d0005 0x12a 0x23628944478 0x16dc 0x0 0x0 0x0 0x0 0x0 0x0 0x0 0x0 0x9 0x2 0x0 0x0 oops 5 2 java/lang/String 10  @bci com/landawn/abacus/query/SqlDialect <clinit> ()V 0 <appendix> argL0 ; 16 java/lang/StringBuilder 29 java/lang/String 34 java/lang/StringBuilder methods 0
ciMethodData com/landawn/abacus/query/AbstractQueryBuilder replaceDefaultNamedParameterToken (Ljava/lang/String;Ljava/lang/String;Ljava/lang/String;ZLcom/landawn/abacus/query/SqlParser$Tokenizer;)Ljava/lang/String; 2 5276 orig 80 0 0 0 0 0 0 0 0 0 0 0 0 0 0 0 0 0 0 0 0 0 0 0 0 0 0 0 0 0 0 0 0 0 0 0 0 0 0 0 0 0 0 0 0 0 0 0 0 0 0 0 0 0 0 0 0 0 0 0 0 0 0 0 0 0 0 0 0 0 0 0 0 0 0 0 0 0 0 0 0 data 190 0x90002 0x149c 0x120005 0xf6 0x23628941a48 0x13a6 0x0 0x0 0x1b0007 0x149c 0x480 0x2d154 0x240002 0x2d154 0x2d0007 0x2d154 0x38 0x0 0x360003 0x0 0x418 0x3c0005 0x21a2 0x23628941a48 0x2afb2 0x0 0x0 0x410007 0x2bcb8 0x3d0 0x149c 0x4a0007 0x0 0x3b0 0x149c 0x520005 0xf6 0x23628941a48 0x13a6 0x0 0x0 0x550002 0x149c 0x580007 0x0 0x350 0x149c 0x5d0007 0x0 0xe8 0x149c 0x650005 0xf6 0x23628941a48 0x13a6 0x0 0x0 0x6a0007 0x0 0x2e0 0x149c 0x720005 0xf6 0x23628941a48 0x13a6 0x0 0x0 0x750002 0x149c 0x780007 0x149c 0x38 0x0 0x7b0003 0x0 0x260 0x880007 0x149c 0x98 0x149c 0x8e0005 0xf6 0x23628941a48 0x13a6 0x0 0x0 0x910002 0x149c 0x940007 0x0 0x38 0x149c 0x9a0003 0x149c 0xffffffffffffff80 0xa40005 0xf6 0x23628941a48 0x13a6 0x0 0x0 0xa80005 0xf6 0x23628941a48 0x13a6 0x0 0x0 0xab0007 0x0 0x150 0x149c 0xb00007 0x0 0xd0 0x149c 0xb80005 0xf6 0x23628941a48 0x13a6 0x0 0x0 0xbd0005 0xf6 0x23628941a48 0x13a6 0x0 0x0 0xc10005 0xf6 0x23628941a48 0x13a6 0x0 0x0 0xc70002 0x149c 0xcb0002 0x149c 0xd70005 0xf6 0x23628944478 0x13a6 0x0 0x0 0xdb0005 0xf6 0x23628944478 0x13a6 0x0 0x0 0xec0003 0x2d154 0xfffffffffffffb98 0xf10007 0x149c 0x38 0x0 0xf50003 0x0 0xa8 0xfe0005 0xf6 0x23628941a48 0x13a6 0x0 0x0 0x1010005 0xf6 0x23628944478 0x13a6 0x0 0x0 0x1040005 0xf6 0x23628944478 0x13a6 0x0 0x0 0x0 0x0 0x0 0x0 0x0 0x0 0x9 0x5 0x0 0x0 0x0 0x0 0x0 oops 16 4 java/lang/String 23 java/lang/String 37 java/lang/String 53 java/lang/String 63 java/lang/String 82 java/lang/String 97 java/lang/String 103 java/lang/String 117 java/lang/String 123 java/lang/String 129 java/lang/String 139 java/lang/StringBuilder 145 java/lang/StringBuilder 161 java/lang/String 167 java/lang/StringBuilder 173 java/lang/StringBuilder methods 0
ciMethodData com/landawn/abacus/query/AbstractQueryBuilder replaceIbatisParameterName (Ljava/lang/String;Ljava/lang/String;Ljava/lang/String;ZLcom/landawn/abacus/query/SqlParser$Tokenizer;)Ljava/lang/String; 2 5118 orig 80 0 0 0 0 0 0 0 0 0 0 0 0 0 0 0 0 0 0 0 0 0 0 0 0 0 0 0 0 0 0 0 0 0 0 0 0 0 0 0 0 0 0 0 0 0 0 0 0 0 0 0 0 0 0 0 0 0 0 0 0 0 0 0 0 0 0 0 0 0 0 0 0 0 0 0 0 0 0 0 0 data 156 0x90002 0x13fe 0x120005 0x170 0x23628941a48 0x128e 0x0 0x0 0x1b0007 0x13fe 0x370 0x2bbba 0x240002 0x2bbba 0x2d0007 0x2bbba 0x38 0x0 0x360003 0x0 0x308 0x3c0005 0x3250 0x23628941a48 0x2896a 0x0 0x0 0x410007 0x2a7bc 0x2c0 0x13fe 0x4a0007 0x0 0x2a0 0x13fe 0x520005 0x170 0x23628941a48 0x128e 0x0 0x0 0x570007 0x13fe 0x38 0x0 0x5a0003 0x0 0x230 0x640005 0x170 0x23628941a48 0x128e 0x0 0x0 0x6b0007 0x13fe 0x38 0x0 0x6e0003 0x0 0x1e0 0x780005 0x170 0x23628941a48 0x128e 0x0 0x0 0x7c0005 0x170 0x23628941a48 0x128e 0x0 0x0 0x7f0007 0x0 0x150 0x13fe 0x840007 0x0 0xd0 0x13fe 0x8c0005 0x170 0x23628941a48 0x128e 0x0 0x0 0x910005 0x170 0x23628941a48 0x128e 0x0 0x0 0x950005 0x170 0x23628941a48 0x128e 0x0 0x0 0x990002 0x13fe 0x9d0002 0x13fe 0xab0005 0x170 0x23628944478 0x128e 0x0 0x0 0xaf0005 0x170 0x23628944478 0x128e 0x0 0x0 0xbe0003 0x2bbba 0xfffffffffffffca8 0xc30007 0x13fe 0x38 0x0 0xc70003 0x0 0xa8 0xd00005 0x170 0x23628941a48 0x128e 0x0 0x0 0xd30005 0x170 0x23628944478 0x128e 0x0 0x0 0xd60005 0x170 0x23628944478 0x128e 0x0 0x0 0x0 0x0 0x0 0x0 0x0 0x0 0x9 0x5 0x0 0x0 0x0 0x0 0x0 oops 14 4 java/lang/String 23 java/lang/String 37 java/lang/String 50 java/lang/String 63 java/lang/String 69 java/lang/String 83 java/lang/String 89 java/lang/String 95 java/lang/String 105 java/lang/StringBuilder 111 java/lang/StringBuilder 127 java/lang/String 133 java/lang/StringBuilder 139 java/lang/StringBuilder methods 0
compile com/landawn/abacus/query/AbstractQueryBuilder uniquifyChildNamedParameters (Ljava/lang/String;Ljava/util/Map;Ljava/util/Map;Ljava/util/Set;Ljava/util/Map;Lcom/landawn/abacus/query/SqlDialect$SqlPolicy;)Ljava/lang/String; -1 4 inline 309 0 -1 0 com/landawn/abacus/query/AbstractQueryBuilder uniquifyChildNamedParameters (Ljava/lang/String;Ljava/util/Map;Ljava/util/Map;Ljava/util/Set;Ljava/util/Map;Lcom/landawn/abacus/query/SqlDialect$SqlPolicy;)Ljava/lang/String; 1 1 0 com/landawn/abacus/util/CommonUtil isEmpty (Ljava/util/Map;)Z 1 86 0 java/util/HashMap entrySet ()Ljava/util/Set; 2 15 0 java/util/HashMap$EntrySet <init> (Ljava/util/HashMap;)V 3 3 0 java/util/Objects requireNonNull (Ljava/lang/Object;)Ljava/lang/Object; 3 11 0 java/util/AbstractSet <init> ()V 4 1 0 java/util/AbstractCollection <init> ()V 5 1 0 java/lang/Object <init> ()V 1 91 0 java/util/HashMap$EntrySet iterator ()Ljava/util/Iterator; 2 8 0 java/util/HashMap$EntryIterator <init> (Ljava/util/HashMap;)V 3 2 0 java/util/Objects requireNonNull (Ljava/lang/Object;)Ljava/lang/Object; 3 9 0 java/util/HashMap$HashIterator <init> (Ljava/util/HashMap;)V 4 3 0 java/util/Objects requireNonNull (Ljava/lang/Object;)Ljava/lang/Object; 4 11 0 java/lang/Object <init> ()V 1 100 0 java/util/HashMap$HashIterator hasNext ()Z 1 110 0 java/util/HashMap$EntryIterator next ()Ljava/lang/Object; 2 1 0 java/util/HashMap$EntryIterator next ()Ljava/util/Map$Entry; 3 1 0 java/util/HashMap$HashIterator nextNode ()Ljava/util/HashMap$Node; 1 122 0 java/util/HashMap$Node getKey ()Ljava/lang/Object; 1 136 0 java/lang/Integer valueOf (I)Ljava/lang/Integer; 1 139 0 java/util/HashMap getOrDefault (Ljava/lang/Object;Ljava/lang/Object;)Ljava/lang/Object; 2 2 0 java/util/HashMap getNode (Ljava/lang/Object;)Ljava/util/HashMap$Node; 3 23 0 java/util/HashMap hash (Ljava/lang/Object;)I 4 9 0 java/lang/String hashCode ()I 5 17 0 java/lang/String isLatin1 ()Z 5 27 0 java/lang/StringLatin1 hashCode ([B)I 6 5 0 jdk/internal/util/ArraysSupport hashCodeOfUnsigned ([BIII)I 7 39 0 java/lang/Byte toUnsignedInt (B)I 5 37 0 java/lang/StringUTF16 hashCode ([B)I 1 139 0 java/util/Collections$EmptyMap getOrDefault (Ljava/lang/Object;Ljava/lang/Object;)Ljava/lang/Object; 1 147 0 java/lang/Integer intValue ()I 1 154 0 java/util/HashMap$Node getValue ()Ljava/lang/Object; 1 162 0 java/lang/Integer intValue ()I 1 176 0 com/landawn/abacus/query/AbstractQueryBuilder indexedNamedParameterName (Ljava/lang/String;I)Ljava/lang/String; 2 11 0 java/lang/invoke/Invokers$Holder linkToTargetMethod (Ljava/lang/Object;ILjava/lang/Object;)Ljava/lang/Object; 3 6 0  @bci com/landawn/abacus/query/condition/AbstractCondition validateNonQuantifiedValueOperands (Ljava/util/Collection;Ljava/lang/String;)V 33 <appendix> form vmentry <vmtarget> ; invoke (Ljava/lang/Object;Ljava/lang/Object;I)Ljava/lang/Object; 4 24 0 java/lang/invoke/DirectMethodHandle$Holder invokeSpecial (Ljava/lang/Object;Ljava/lang/Object;Ljava/lang/Object;I)Ljava/lang/Object; 5 1 0 java/lang/invoke/DirectMethodHandle internalMemberName (Ljava/lang/Object;)Ljava/lang/Object; 5 14 0  @bci com/landawn/abacus/query/condition/AbstractCondition validateNonQuantifiedValueOperands (Ljava/util/Collection;Ljava/lang/String;)V 33 <appendix> argL0 member <vmtarget> ; concat (Ljava/lang/Object;I)Ljava/lang/String; 6 1 0 java/lang/StringConcatHelper stringOf (Ljava/lang/Object;)Ljava/lang/String; 7 5 0 java/lang/String toString ()Ljava/lang/String; 6 12 0  @bci com/landawn/abacus/query/condition/AbstractCondition validateNonQuantifiedValueOperands (Ljava/util/Collection;Ljava/lang/String;)V 33 <appendix> argL0 member <vmtarget> ; coder (ILjava/lang/String;)I 7 2 0 java/lang/String coder ()B 6 24 0  @bci com/landawn/abacus/query/condition/AbstractCondition validateNonQuantifiedValueOperands (Ljava/util/Collection;Ljava/lang/String;)V 33 <appendix> argL0 member <vmtarget> ; length (ILjava/lang/String;I)I 7 2 0 java/lang/StringConcatHelper stringSize (ILjava/lang/String;)I 8 2 0 java/lang/String length ()I 9 6 0 java/lang/String coder ()B 8 6 0 java/lang/StringConcatHelper checkOverflow (I)I 7 6 0 java/lang/StringConcatHelper stringSize (II)I 8 2 0 jdk/internal/util/DecimalDigits stringSize (I)I 8 6 0 java/lang/StringConcatHelper checkOverflow (I)I 6 39 0 java/lang/String length ()I 7 6 0 java/lang/String coder ()B 6 49 0 java/lang/StringConcatHelper newArrayWithSuffix (Ljava/lang/String;IB)[B 7 2 0 java/lang/String length ()I 8 6 0 java/lang/String coder ()B 7 8 0 java/lang/StringConcatHelper newArray (I)[B 8 21 0 jdk/internal/misc/Unsafe allocateUninitializedArray (Ljava/lang/Class;I)Ljava/lang/Object; 9 16 0 java/lang/Class isPrimitive ()Z 7 20 0 java/lang/String getBytes ([BIB)V 8 1 0 java/lang/String coder ()B 6 64 0  @bci com/landawn/abacus/query/condition/AbstractCondition validateNonQuantifiedValueOperands (Ljava/util/Collection;Ljava/lang/String;)V 33 <appendix> argL0 member <vmtarget> ; prepend (IB[B[Ljava/lang/String;Ljava/lang/String;I)I 7 8 0 java/lang/StringConcatHelper prepend (IB[BILjava/lang/String;)I 8 7 0 jdk/internal/util/DecimalDigits uncheckedGetCharsLatin1 (II[B)I 9 45 0 jdk/internal/util/DecimalDigits uncheckedPutPairLatin1 ([BII)V 10 16 0 jdk/internal/util/DecimalDigits uncheckedPutCharLatin1 ([BII)V 10 27 0 jdk/internal/util/DecimalDigits uncheckedPutCharLatin1 ([BII)V 9 67 0 jdk/internal/util/DecimalDigits uncheckedPutPairLatin1 ([BII)V 10 16 0 jdk/internal/util/DecimalDigits uncheckedPutCharLatin1 ([BII)V 10 27 0 jdk/internal/util/DecimalDigits uncheckedPutCharLatin1 ([BII)V 8 14 0 java/lang/String length ()I 9 6 0 java/lang/String coder ()B 8 24 0 java/lang/String getBytes ([BIB)V 9 1 0 java/lang/String coder ()B 7 18 0 java/lang/StringConcatHelper prepend (IB[BLjava/lang/String;Ljava/lang/String;)I 8 2 0 java/lang/String length ()I 9 6 0 java/lang/String coder ()B 8 15 0 java/lang/String getBytes ([BIB)V 9 1 0 java/lang/String coder ()B 8 21 0 java/lang/String length ()I 9 6 0 java/lang/String coder ()B 8 31 0 java/lang/String getBytes ([BIB)V 9 1 0 java/lang/String coder ()B 6 75 0 java/lang/String <init> ([BB)V 7 1 0 java/lang/Object <init> ()V 1 185 0 java/util/HashSet contains (Ljava/lang/Object;)Z 2 5 0 java/util/HashMap containsKey (Ljava/lang/Object;)Z 3 2 0 java/util/HashMap getNode (Ljava/lang/Object;)Ljava/util/HashMap$Node; 4 23 0 java/util/HashMap hash (Ljava/lang/Object;)I 5 9 0 java/lang/String hashCode ()I 6 17 0 java/lang/String isLatin1 ()Z 6 27 0 java/lang/StringLatin1 hashCode ([B)I 7 5 0 jdk/internal/util/ArraysSupport hashCodeOfUnsigned ([BIII)I 8 39 0 java/lang/Byte toUnsignedInt (B)I 6 37 0 java/lang/StringUTF16 hashCode ([B)I 1 207 0 java/util/HashSet contains (Ljava/lang/Object;)Z 2 5 0 java/util/HashMap containsKey (Ljava/lang/Object;)Z 3 2 0 java/util/HashMap getNode (Ljava/lang/Object;)Ljava/util/HashMap$Node; 4 23 0 java/util/HashMap hash (Ljava/lang/Object;)I 5 9 0 java/lang/String hashCode ()I 6 17 0 java/lang/String isLatin1 ()Z 6 27 0 java/lang/StringLatin1 hashCode ([B)I 7 5 0 jdk/internal/util/ArraysSupport hashCodeOfUnsigned ([BIII)I 8 39 0 java/lang/Byte toUnsignedInt (B)I 6 37 0 java/lang/StringUTF16 hashCode ([B)I 1 242 0 com/landawn/abacus/query/AbstractQueryBuilder indexedNamedParameterName (Ljava/lang/String;I)Ljava/lang/String; 2 11 0 java/lang/invoke/Invokers$Holder linkToTargetMethod (Ljava/lang/Object;ILjava/lang/Object;)Ljava/lang/Object; 3 6 0  @bci com/landawn/abacus/query/condition/AbstractCondition validateNonQuantifiedValueOperands (Ljava/util/Collection;Ljava/lang/String;)V 33 <appendix> form vmentry <vmtarget> ; invoke (Ljava/lang/Object;Ljava/lang/Object;I)Ljava/lang/Object; 4 24 0 java/lang/invoke/DirectMethodHandle$Holder invokeSpecial (Ljava/lang/Object;Ljava/lang/Object;Ljava/lang/Object;I)Ljava/lang/Object; 5 1 0 java/lang/invoke/DirectMethodHandle internalMemberName (Ljava/lang/Object;)Ljava/lang/Object; 5 14 0  @bci com/landawn/abacus/query/condition/AbstractCondition validateNonQuantifiedValueOperands (Ljava/util/Collection;Ljava/lang/String;)V 33 <appendix> argL0 member <vmtarget> ; concat (Ljava/lang/Object;I)Ljava/lang/String; 6 1 0 java/lang/StringConcatHelper stringOf (Ljava/lang/Object;)Ljava/lang/String; 7 5 0 java/lang/String toString ()Ljava/lang/String; 6 12 0  @bci com/landawn/abacus/query/condition/AbstractCondition validateNonQuantifiedValueOperands (Ljava/util/Collection;Ljava/lang/String;)V 33 <appendix> argL0 member <vmtarget> ; coder (ILjava/lang/String;)I 7 2 0 java/lang/String coder ()B 6 24 0  @bci com/landawn/abacus/query/condition/AbstractCondition validateNonQuantifiedValueOperands (Ljava/util/Collection;Ljava/lang/String;)V 33 <appendix> argL0 member <vmtarget> ; length (ILjava/lang/String;I)I 7 2 0 java/lang/StringConcatHelper stringSize (ILjava/lang/String;)I 8 2 0 java/lang/String length ()I 9 6 0 java/lang/String coder ()B 8 6 0 java/lang/StringConcatHelper checkOverflow (I)I 7 6 0 java/lang/StringConcatHelper stringSize (II)I 8 2 0 jdk/internal/util/DecimalDigits stringSize (I)I 8 6 0 java/lang/StringConcatHelper checkOverflow (I)I 6 39 0 java/lang/String length ()I 7 6 0 java/lang/String coder ()B 6 49 0 java/lang/StringConcatHelper newArrayWithSuffix (Ljava/lang/String;IB)[B 7 2 0 java/lang/String length ()I 8 6 0 java/lang/String coder ()B 7 8 0 java/lang/StringConcatHelper newArray (I)[B 8 21 0 jdk/internal/misc/Unsafe allocateUninitializedArray (Ljava/lang/Class;I)Ljava/lang/Object; 9 16 0 java/lang/Class isPrimitive ()Z 7 20 0 java/lang/String getBytes ([BIB)V 8 1 0 java/lang/String coder ()B 6 64 0  @bci com/landawn/abacus/query/condition/AbstractCondition validateNonQuantifiedValueOperands (Ljava/util/Collection;Ljava/lang/String;)V 33 <appendix> argL0 member <vmtarget> ; prepend (IB[B[Ljava/lang/String;Ljava/lang/String;I)I 7 8 0 java/lang/StringConcatHelper prepend (IB[BILjava/lang/String;)I 8 7 0 jdk/internal/util/DecimalDigits uncheckedGetCharsLatin1 (II[B)I 9 45 0 jdk/internal/util/DecimalDigits uncheckedPutPairLatin1 ([BII)V 10 16 0 jdk/internal/util/DecimalDigits uncheckedPutCharLatin1 ([BII)V 10 27 0 jdk/internal/util/DecimalDigits uncheckedPutCharLatin1 ([BII)V 9 67 0 jdk/internal/util/DecimalDigits uncheckedPutPairLatin1 ([BII)V 10 16 0 jdk/internal/util/DecimalDigits uncheckedPutCharLatin1 ([BII)V 10 27 0 jdk/internal/util/DecimalDigits uncheckedPutCharLatin1 ([BII)V 8 14 0 java/lang/String length ()I 9 6 0 java/lang/String coder ()B 8 24 0 java/lang/String getBytes ([BIB)V 9 1 0 java/lang/String coder ()B 7 18 0 java/lang/StringConcatHelper prepend (IB[BLjava/lang/String;Ljava/lang/String;)I 8 2 0 java/lang/String length ()I 9 6 0 java/lang/String coder ()B 8 15 0 java/lang/String getBytes ([BIB)V 9 1 0 java/lang/String coder ()B 8 21 0 java/lang/String length ()I 9 6 0 java/lang/String coder ()B 8 31 0 java/lang/String getBytes ([BIB)V 9 1 0 java/lang/String coder ()B 6 75 0 java/lang/String <init> ([BB)V 7 1 0 java/lang/Object <init> ()V 1 253 0 java/util/HashSet contains (Ljava/lang/Object;)Z 2 5 0 java/util/HashMap containsKey (Ljava/lang/Object;)Z 3 2 0 java/util/HashMap getNode (Ljava/lang/Object;)Ljava/util/HashMap$Node; 4 23 0 java/util/HashMap hash (Ljava/lang/Object;)I 5 9 0 java/lang/String hashCode ()I 6 17 0 java/lang/String isLatin1 ()Z 6 27 0 java/lang/StringLatin1 hashCode ([B)I 7 5 0 jdk/internal/util/ArraysSupport hashCodeOfUnsigned ([BIII)I 8 39 0 java/lang/Byte toUnsignedInt (B)I 6 37 0 java/lang/StringUTF16 hashCode ([B)I 1 265 0 java/util/HashSet contains (Ljava/lang/Object;)Z 2 5 0 java/util/HashMap containsKey (Ljava/lang/Object;)Z 3 2 0 java/util/HashMap getNode (Ljava/lang/Object;)Ljava/util/HashMap$Node; 4 23 0 java/util/HashMap hash (Ljava/lang/Object;)I 5 9 0 java/lang/String hashCode ()I 6 17 0 java/lang/String isLatin1 ()Z 6 27 0 java/lang/StringLatin1 hashCode ([B)I 7 5 0 jdk/internal/util/ArraysSupport hashCodeOfUnsigned ([BIII)I 8 39 0 java/lang/Byte toUnsignedInt (B)I 6 37 0 java/lang/StringUTF16 hashCode ([B)I 1 304 0 java/lang/invoke/Invokers$Holder linkToTargetMethod (Ljava/lang/Object;Ljava/lang/Object;)Ljava/lang/Object; 2 5 0  @bci com/landawn/abacus/parser/ParserUtil$XmlNameTag <init> (Ljava/lang/String;Ljava/lang/String;Z)V 31 <appendix> form vmentry <vmtarget> ; invoke (Ljava/lang/Object;Ljava/lang/Object;)Ljava/lang/Object; 3 21 0 java/lang/invoke/DirectMethodHandle$Holder invokeStatic (Ljava/lang/Object;Ljava/lang/Object;Ljava/lang/Object;)Ljava/lang/Object; 4 1 0 java/lang/invoke/DirectMethodHandle internalMemberName (Ljava/lang/Object;)Ljava/lang/Object; 4 11 0 java/lang/StringConcatHelper simpleConcat (Ljava/lang/Object;Ljava/lang/Object;)Ljava/lang/String; 5 1 0 java/lang/StringConcatHelper stringOf (Ljava/lang/Object;)Ljava/lang/String; 6 5 0 java/lang/String toString ()Ljava/lang/String; 5 6 0 java/lang/StringConcatHelper stringOf (Ljava/lang/Object;)Ljava/lang/String; 6 5 0 java/lang/String toString ()Ljava/lang/String; 5 11 0 java/lang/String isEmpty ()Z 5 27 0 java/lang/String isEmpty ()Z 5 44 0 java/lang/StringConcatHelper doConcat (Ljava/lang/String;Ljava/lang/String;)Ljava/lang/String; 6 1 0 java/lang/String coder ()B 6 5 0 java/lang/String coder ()B 6 12 0 java/lang/String length ()I 7 6 0 java/lang/String coder ()B 6 16 0 java/lang/String length ()I 7 6 0 java/lang/String coder ()B 6 20 0 java/lang/StringConcatHelper checkOverflow (I)I 6 27 0 java/lang/StringConcatHelper newArray (I)[B 7 21 0 jdk/internal/misc/Unsafe allocateUninitializedArray (Ljava/lang/Class;I)Ljava/lang/Object; 8 16 0 java/lang/Class isPrimitive ()Z 6 37 0 java/lang/String getBytes ([BIB)V 7 1 0 java/lang/String coder ()B 6 44 0 java/lang/String length ()I 7 6 0 java/lang/String coder ()B 6 48 0 java/lang/String getBytes ([BIB)V 7 1 0 java/lang/String coder ()B 6 58 0 java/lang/String <init> ([BB)V 7 1 0 java/lang/Object <init> ()V 1 309 0 java/util/HashMap getOrDefault (Ljava/lang/Object;Ljava/lang/Object;)Ljava/lang/Object; 2 2 0 java/util/HashMap getNode (Ljava/lang/Object;)Ljava/util/HashMap$Node; 3 23 0 java/util/HashMap hash (Ljava/lang/Object;)I 4 9 0 java/lang/String hashCode ()I 5 17 0 java/lang/String isLatin1 ()Z 5 27 0 java/lang/StringLatin1 hashCode ([B)I 6 5 0 jdk/internal/util/ArraysSupport hashCodeOfUnsigned ([BIII)I 7 39 0 java/lang/Byte toUnsignedInt (B)I 5 37 0 java/lang/StringUTF16 hashCode ([B)I 1 325 0 com/landawn/abacus/query/AbstractQueryBuilder renderNamedParameterToken (Ljava/util/function/BiConsumer;Ljava/lang/String;)Ljava/lang/String; 2 5 0 java/lang/String length ()I 3 6 0 java/lang/String coder ()B 2 11 0 java/lang/StringBuilder <init> (I)V 3 2 0 java/lang/AbstractStringBuilder <init> (I)V 4 1 0 java/lang/Object <init> ()V 2 18 0  @bci com/landawn/abacus/query/SqlDialect <clinit> ()V 0 <appendix> argL0 ; accept (Ljava/lang/Object;Ljava/lang/Object;)V 3 8 0 com/landawn/abacus/query/SqlDialect lambda$static$0 (Ljava/lang/StringBuilder;Ljava/lang/String;)V 4 3 0 java/lang/StringBuilder append (C)Ljava/lang/StringBuilder; 5 2 0 java/lang/AbstractStringBuilder append (C)Ljava/lang/AbstractStringBuilder; 6 18 0 java/lang/StringLatin1 coderFromChar (C)B 6 33 0 java/lang/AbstractStringBuilder needsNewBuffer ([BBIB)Z 6 67 0 java/lang/AbstractStringBuilder isLatin1 (B)Z 4 7 0 java/lang/StringBuilder append (Ljava/lang/String;)Ljava/lang/StringBuilder; 5 2 0 java/lang/AbstractStringBuilder append (Ljava/lang/String;)Ljava/lang/AbstractStringBuilder; 6 26 0 java/lang/String length ()I 7 6 0 java/lang/String coder ()B 6 33 0 java/lang/String coder ()B 6 49 0 java/lang/AbstractStringBuilder needsNewBuffer ([BBIB)Z 6 66 0 java/lang/AbstractStringBuilder ensureCapacityNewCoder ([BBIIB)[B 7 54 0 java/lang/AbstractStringBuilder newCapacity ([BBI)I 8 22 0 jdk/internal/util/ArraysSupport newLength (III)I 7 100 0 java/util/Arrays copyOf ([BI)[B 6 87 0 java/lang/String getBytes ([BIB)V 7 1 0 java/lang/String coder ()B 2 24 0 java/lang/CharSequence isEmpty ()Z 3 1 0 java/lang/StringBuilder length ()I 4 1 0 java/lang/AbstractStringBuilder length ()I 2 45 0 java/lang/StringBuilder toString ()Ljava/lang/String; 3 1 0 java/lang/StringBuilder length ()I 4 1 0 java/lang/AbstractStringBuilder length ()I 3 16 0 java/lang/String <init> (Ljava/lang/AbstractStringBuilder;Ljava/lang/Void;)V 4 1 0 java/lang/Object <init> ()V 4 5 0 java/lang/AbstractStringBuilder getValue ()[B 4 10 0 java/lang/StringBuilder length ()I 5 1 0 java/lang/AbstractStringBuilder length ()I 4 16 0 java/lang/AbstractStringBuilder isLatin1 ()Z 5 4 0 java/lang/AbstractStringBuilder isLatin1 (B)Z 4 32 0 java/util/Arrays copyOfRange ([BII)[B 1 334 0 java/lang/String equals (Ljava/lang/Object;)Z 1 344 0 java/lang/invoke/Invokers$Holder linkToTargetMethod (Ljava/lang/Object;Ljava/lang/Object;)Ljava/lang/Object; 2 5 0  @bci com/landawn/abacus/parser/ParserUtil$XmlNameTag <init> (Ljava/lang/String;Ljava/lang/String;Z)V 31 <appendix> form vmentry <vmtarget> ; invoke (Ljava/lang/Object;Ljava/lang/Object;)Ljava/lang/Object; 3 21 0 java/lang/invoke/DirectMethodHandle$Holder invokeStatic (Ljava/lang/Object;Ljava/lang/Object;Ljava/lang/Object;)Ljava/lang/Object; 4 1 0 java/lang/invoke/DirectMethodHandle internalMemberName (Ljava/lang/Object;)Ljava/lang/Object; 4 11 0 java/lang/StringConcatHelper simpleConcat (Ljava/lang/Object;Ljava/lang/Object;)Ljava/lang/String; 5 1 0 java/lang/StringConcatHelper stringOf (Ljava/lang/Object;)Ljava/lang/String; 6 5 0 java/lang/String toString ()Ljava/lang/String; 5 6 0 java/lang/StringConcatHelper stringOf (Ljava/lang/Object;)Ljava/lang/String; 6 5 0 java/lang/String toString ()Ljava/lang/String; 5 11 0 java/lang/String isEmpty ()Z 5 27 0 java/lang/String isEmpty ()Z 5 44 0 java/lang/StringConcatHelper doConcat (Ljava/lang/String;Ljava/lang/String;)Ljava/lang/String; 6 1 0 java/lang/String coder ()B 6 5 0 java/lang/String coder ()B 6 12 0 java/lang/String length ()I 7 6 0 java/lang/String coder ()B 6 16 0 java/lang/String length ()I 7 6 0 java/lang/String coder ()B 6 20 0 java/lang/StringConcatHelper checkOverflow (I)I 6 27 0 java/lang/StringConcatHelper newArray (I)[B 7 21 0 jdk/internal/misc/Unsafe allocateUninitializedArray (Ljava/lang/Class;I)Ljava/lang/Object; 8 16 0 java/lang/Class isPrimitive ()Z 6 37 0 java/lang/String getBytes ([BIB)V 7 1 0 java/lang/String coder ()B 6 44 0 java/lang/String length ()I 7 6 0 java/lang/String coder ()B 6 48 0 java/lang/String getBytes ([BIB)V 7 1 0 java/lang/String coder ()B 6 58 0 java/lang/String <init> ([BB)V 7 1 0 java/lang/Object <init> ()V 1 349 0 java/lang/String equals (Ljava/lang/Object;)Z 1 396 0 java/util/HashMap remove (Ljava/lang/Object;)Ljava/lang/Object; 2 2 0 java/util/HashMap hash (Ljava/lang/Object;)I 3 9 0 java/lang/String hashCode ()I 4 17 0 java/lang/String isLatin1 ()Z 4 27 0 java/lang/StringLatin1 hashCode ([B)I 5 5 0 jdk/internal/util/ArraysSupport hashCodeOfUnsigned ([BIII)I 6 39 0 java/lang/Byte toUnsignedInt (B)I 4 37 0 java/lang/StringUTF16 hashCode ([B)I 2 9 0 java/util/HashMap removeNode (ILjava/lang/Object;Ljava/lang/Object;ZZ)Ljava/util/HashMap$Node; 3 283 0 java/util/HashMap afterNodeRemoval (Ljava/util/HashMap$Node;)V 1 448 0 java/util/HashSet remove (Ljava/lang/Object;)Z 2 5 0 java/util/HashMap remove (Ljava/lang/Object;)Ljava/lang/Object; 3 2 0 java/util/HashMap hash (Ljava/lang/Object;)I 4 9 0 java/lang/String hashCode ()I 5 17 0 java/lang/String isLatin1 ()Z 5 27 0 java/lang/StringLatin1 hashCode ([B)I 6 5 0 jdk/internal/util/ArraysSupport hashCodeOfUnsigned ([BIII)I 7 39 0 java/lang/Byte toUnsignedInt (B)I 5 37 0 java/lang/StringUTF16 hashCode ([B)I 3 9 0 java/util/HashMap removeNode (ILjava/lang/Object;Ljava/lang/Object;ZZ)Ljava/util/HashMap$Node; 4 283 0 java/util/HashMap afterNodeRemoval (Ljava/util/HashMap$Node;)V 1 458 0 java/util/HashSet add (Ljava/lang/Object;)Z
