version,fork,case,round,operations,ns_per_op,bytes_per_op,equivalent
baseline,3,named_subquery_structured,1,8848,2907.629,5488.000,true
baseline,3,mybatis_in_1024,1,142,137756.338,281472.000,true
baseline,3,positional_retry_rollback,1,4691,5927.350,5872.000,true
baseline,3,mybatis_between,1,8172,2111.809,3592.000,true
baseline,3,named_batch_4,1,6182,3482.837,9840.000,true
baseline,3,named_batch_beans,1,2180,8653.670,26136.000,true
baseline,3,positional_join_using,1,20545,1035.473,3056.000,true
baseline,3,mybatis_repeated_names,1,730,30535.890,55944.000,true
baseline,3,positional_select_star,1,81822,308.445,1424.000,true
baseline,3,raw_select_entity,1,7673,584.309,2000.000,true
baseline,3,mybatis_naming_CAMEL_CASE,1,4193,6448.891,8408.000,true
baseline,3,raw_in_1024,1,155,88800.000,220248.000,true
baseline,3,named_derived,1,709,11290.409,17800.000,true
baseline,3,raw_where_16,1,2556,5924.296,8840.000,true
baseline,3,positional_join_on,1,12024,1695.118,3832.000,true
baseline,3,positional_naming_CAMEL_CASE,1,6289,3760.677,4928.000,true
baseline,3,mybatis_subquery_raw,1,28862,622.892,2272.000,true
baseline,3,mybatis_in_16,1,3930,2463.410,6512.000,true
baseline,3,named_in_1024,1,133,129380.451,353216.000,true
baseline,3,named_in_expression,1,710,29032.676,90680.000,true
baseline,3,positional_condition_only,1,5173,4199.343,4872.000,true
baseline,3,mybatis_retry_rollback,1,2598,4739.992,7592.000,true
baseline,3,positional_naming_SCREAMING_SNAKE_CASE,1,4385,4536.351,5904.000,true
baseline,3,named_dialect_DB2,1,14517,1549.370,4320.000,true
baseline,3,positional_insert_entity,1,38076,639.600,1816.000,true
baseline,3,mybatis_batch_4,1,6707,3238.944,8888.000,true
baseline,3,named_insert_placeholders,1,9080,1083.689,2888.000,true
baseline,3,mybatis_naming_UPPER_CAMEL_CASE,1,3289,6804.561,9368.000,true
baseline,3,raw_batch_4,1,7063,2846.906,7688.000,false
baseline,3,mybatis_insert_entity,1,22418,964.167,2456.000,true
baseline,3,positional_in_expression,1,3915,4080.971,9760.000,true
baseline,3,raw_derived,1,1766,10253.001,15848.000,true
baseline,3,mybatis_join_using,1,18899,1033.182,3376.000,true
baseline,3,named_mixed_literals,1,11330,1723.327,3768.000,true
baseline,3,mybatis_derived,1,1611,11922.036,17192.000,true
baseline,3,positional_mixed_literals,1,16354,1369.530,2800.000,true
baseline,3,named_select_star,1,63196,304.861,1424.000,true
baseline,3,mybatis_insert_values,1,15815,1252.798,2744.000,true
baseline,3,positional_late_modifier,1,26944,694.477,2360.000,true
baseline,3,positional_union_builder,1,3781,6009.072,9768.000,true
baseline,3,raw_where_eq,1,9519,1021.189,2784.000,true
baseline,3,named_late_modifier,1,21457,857.962,2816.000,true
baseline,3,mybatis_join_on,1,10800,1791.769,4152.000,true
baseline,3,named_insert_values,1,11202,1633.557,3048.000,true
baseline,3,named_batch_64,1,549,40958.834,136456.000,true
baseline,3,raw_in_16,1,6133,1660.183,5600.000,true
baseline,3,raw_batch_64,1,693,31049.062,98888.000,false
baseline,3,raw_delete,1,51157,437.598,1624.000,true
baseline,3,named_select_entity,1,31480,609.924,2000.000,true
baseline,3,positional_derived,1,2198,9108.007,15296.000,true
baseline,3,mybatis_update_map,1,11837,1896.976,4224.000,true
baseline,3,raw_update_map,1,13569,1507.016,3592.000,false
baseline,3,raw_where_128,1,222,39957.207,56496.000,true
baseline,3,named_repeated_names,1,773,32059.379,64920.000,true
baseline,3,positional_naming_KEBAB_CASE,1,4480,4576.897,5888.000,true
baseline,3,mybatis_naming_SCREAMING_SNAKE_CASE,1,3139,6480.057,9384.000,true
baseline,3,named_where_eq,1,18845,1116.959,3120.000,true
baseline,3,named_dialect_Microsoft_SQL_Server,1,13372,1728.702,4320.000,true
baseline,3,positional_naming_NO_CHANGE,1,6056,3324.950,4928.000,true
baseline,3,mybatis_group_order,1,3932,3934.563,7288.000,true
baseline,3,named_nested,1,13164,1600.471,3648.000,true
baseline,3,positional_update_chain_16,1,3006,6726.547,22360.000,true
baseline,3,raw_naming_SCREAMING_SNAKE_CASE,1,3260,5269.571,8856.000,true
baseline,3,mybatis_condition_only,1,2358,6034.606,8344.000,true
baseline,3,positional_in_17,1,23595,825.781,2672.000,true
baseline,3,positional_raw_expression,1,12739,1578.735,2624.000,true
baseline,3,raw_in_256,1,560,19467.500,56640.000,true
baseline,3,positional_where_16,1,4415,4898.686,5888.000,true
baseline,3,positional_batch_64,1,1097,18766.363,73720.000,true
baseline,3,positional_subquery_raw,1,29404,665.467,2272.000,true
baseline,3,mybatis_where_16,1,1703,6726.248,9368.000,true
baseline,3,named_raw_expression,1,10903,1640.209,2624.000,true
baseline,3,mybatis_select_star,1,67961,282.334,1424.000,true
baseline,3,mybatis_row_in,1,6934,1653.504,3704.000,true
baseline,3,mybatis_in_expression,1,771,24807.004,72776.000,true
baseline,3,positional_select_expressions,1,9592,2361.989,2728.000,true
baseline,3,positional_dialect_DB2,1,14637,1165.334,3544.000,true
baseline,3,mybatis_select_entity,1,30140,617.833,2000.000,true
baseline,3,named_in_256,1,764,29524.346,90712.000,true
baseline,3,raw_naming_KEBAB_CASE,1,3612,5706.063,8840.000,true
baseline,3,raw_select_star,1,26508,329.795,1424.000,true
baseline,3,mybatis_late_modifier,1,10458,858.348,2680.000,true
baseline,3,named_dialect_Oracle,1,12317,1509.272,4272.000,true
baseline,3,named_row_in,1,14222,1382.541,4016.000,true
baseline,3,raw_select_columns,1,8785,1061.958,1952.000,true
baseline,3,raw_condition_only,1,1975,5310.127,7816.000,true
baseline,3,positional_where_eq,1,21698,1089.446,2664.000,true
baseline,3,raw_nested,1,9965,1515.444,3280.000,true
baseline,3,positional_insert_placeholders,1,29998,762.844,1944.000,true
baseline,3,positional_insert_values,1,25114,868.078,2104.000,true
baseline,3,positional_dialect_Oracle,1,18253,1137.988,3496.000,true
baseline,3,raw_select_expressions,1,9368,2237.884,2728.000,true
baseline,3,named_dialect_PostgreSQL,1,13980,1467.046,4144.000,true
baseline,3,mybatis_union_builder,1,1546,11547.413,16696.000,true
baseline,3,positional_naming_UPPER_CAMEL_CASE,1,4538,4799.714,5888.000,true
baseline,3,named_union_builder,1,982,14490.122,17272.000,true
baseline,3,raw_batch_beans,1,1967,7209.405,16968.000,false
baseline,3,named_select_expressions,1,6457,2238.919,2728.000,true
baseline,3,raw_mixed_literals,1,8117,2126.537,3192.000,true
baseline,3,raw_naming_NO_CHANGE,1,4671,5762.171,7880.000,true
baseline,3,positional_in_16,1,24336,1285.359,2656.000,true
baseline,3,raw_pagination,1,17536,1295.392,3400.000,true
baseline,3,raw_subquery_raw,1,25171,671.193,2272.000,true
baseline,3,positional_batch_beans,1,2401,4436.818,10536.000,true
baseline,3,raw_in_expression,1,694,20000.865,56616.000,true
baseline,3,named_subquery_raw,1,17116,570.437,2272.000,true
baseline,3,mybatis_nested,1,12284,1553.036,3464.000,true
baseline,3,mybatis_select_columns,1,25023,851.205,1952.000,true
baseline,3,positional_in_256,1,4023,3822.744,9576.000,true
baseline,3,named_select_columns,1,25133,877.424,1952.000,true
baseline,3,named_in_16,1,8106,2115.421,7600.000,true
baseline,3,positional_union_raw,1,5779,3474.373,5200.000,true
baseline,3,mybatis_pagination,1,9714,1255.713,3832.000,true
baseline,3,mybatis_naming_KEBAB_CASE,1,2663,6706.346,9368.000,true
baseline,3,raw_union_builder,1,3609,5843.198,10160.000,true
baseline,3,named_retry_rollback,1,4019,4732.769,8264.000,true
baseline,3,named_join_using,1,14007,1127.622,3512.000,true
baseline,3,custom_handler_union,1,1420,10863.803,16536.000,true
baseline,3,mybatis_raw_expression,1,6530,1851.103,2624.000,true
baseline,3,positional_between,1,16269,1119.620,3056.000,true
baseline,3,named_dialect_MySQL,1,12862,1506.850,4144.000,true
baseline,3,raw_insert_entity,1,25094,1079.095,2176.000,false
baseline,3,mybatis_in_256,1,562,25263.345,72760.000,true
baseline,3,positional_select_entity,1,37200,616.914,2000.000,true
baseline,3,mybatis_insert_placeholders,1,20012,1091.835,2584.000,true
baseline,3,positional_dialect_MySQL,1,16079,1218.863,3360.000,true
baseline,3,positional_update_map,1,19870,1256.095,3024.000,true
baseline,3,raw_naming_CAMEL_CASE,1,4971,4675.639,7880.000,true
baseline,3,named_naming_UPPER_CAMEL_CASE,1,3286,6978.424,10584.000,true
baseline,3,named_between,1,12960,1542.454,3800.000,true
baseline,3,mybatis_naming_NO_CHANGE,1,3430,5467.872,8408.000,true
baseline,3,named_naming_NO_CHANGE,1,4008,5874.401,9624.000,true
baseline,3,mybatis_where_128,1,378,52602.910,61280.000,true
baseline,3,positional_select_columns,1,26019,929.432,1952.000,true
baseline,3,named_update_chain_16,1,503,22133.996,47000.000,true
baseline,3,raw_insert_placeholders,1,29106,834.230,1944.000,true
baseline,3,raw_raw_expression,1,11207,1558.954,2624.000,true
baseline,3,named_join_on,1,5979,2101.589,4288.000,true
baseline,3,raw_naming_UPPER_CAMEL_CASE,1,3459,7154.698,8840.000,true
baseline,3,named_union_raw,1,3258,3380.080,5200.000,true
baseline,3,raw_join_using,1,17986,1051.623,3176.000,true
baseline,3,named_group_order,1,3184,3616.583,7688.000,true
baseline,3,named_delete,1,38991,491.716,1960.000,true
baseline,3,named_in_17,1,8765,2292.915,7888.000,true
baseline,3,raw_in_17,1,5683,1941.932,5816.000,true
baseline,3,raw_group_order,1,5851,4222.919,6432.000,true
baseline,3,raw_subquery_structured,1,12612,1634.594,4616.000,true
baseline,3,raw_repeated_names,1,353,27008.782,53896.000,true
baseline,3,named_naming_KEBAB_CASE,1,3018,6739.198,10584.000,true
baseline,3,custom_handler_where,1,3291,6968.216,10616.000,true
baseline,3,positional_delete,1,61103,388.775,1504.000,true
baseline,3,mybatis_update_chain_16,1,1418,15538.223,39960.000,true
baseline,3,positional_row_in,1,14191,1213.812,2624.000,true
baseline,3,raw_union_raw,1,6063,3548.425,5200.000,true
baseline,3,named_update_map,1,9787,1928.752,4752.000,true
baseline,3,raw_between,1,8650,1268.509,3384.000,true
baseline,3,raw_late_modifier,1,26345,824.714,2480.000,true
baseline,3,mybatis_subquery_structured,1,10418,1868.842,5256.000,true
baseline,3,positional_dialect_PostgreSQL,1,16074,1150.118,3360.000,true
baseline,3,positional_subquery_structured,1,12561,1630.746,4704.000,true
baseline,3,positional_nested,1,14479,1362.249,2952.000,true
baseline,3,mybatis_batch_64,1,572,35606.818,120440.000,true
baseline,3,named_where_16,1,3085,7531.378,10584.000,true
baseline,3,positional_in_1024,1,1393,15680.187,28504.000,true
baseline,3,named_where_128,1,418,50693.301,71280.000,true
baseline,3,positional_where_128,1,592,34354.899,32808.000,true
baseline,3,mybatis_in_17,1,5512,2364.822,6752.000,true
baseline,3,named_condition_only,1,3449,5625.544,9560.000,true
baseline,3,positional_dialect_Microsoft_SQL_Server,1,14663,1462.197,3544.000,true
baseline,3,positional_pagination,1,18401,1081.126,3288.000,true
baseline,3,mybatis_delete,1,44928,465.941,1832.000,true
baseline,3,positional_batch_4,1,10528,1897.872,6072.000,true
baseline,3,mybatis_batch_beans,1,2632,7533.891,22152.000,true
baseline,3,named_naming_SCREAMING_SNAKE_CASE,1,3313,7162.874,10600.000,true
baseline,3,raw_retry_rollback,1,4301,4149.198,6376.000,true
baseline,3,raw_row_in,1,7699,1192.324,3136.000,true
baseline,3,raw_insert_values,1,7744,1045.390,2464.000,false
baseline,3,positional_repeated_names,1,1279,17531.900,30360.000,true
baseline,3,mybatis_mixed_literals,1,11908,1643.181,3504.000,true
baseline,3,mybatis_select_expressions,1,3618,2310.254,2728.000,true
baseline,3,named_pagination,1,14061,1369.760,4072.000,true
baseline,3,mybatis_where_eq,1,8884,1233.679,2984.000,true
baseline,3,named_naming_CAMEL_CASE,1,4017,6626.214,9624.000,true
baseline,3,positional_group_order,1,4744,4729.342,6336.000,true
baseline,3,mybatis_union_raw,1,6124,4020.036,5200.000,true
baseline,3,named_insert_entity,1,20067,1101.096,2760.000,true
baseline,3,raw_join_on,1,10469,2261.926,3952.000,true
baseline,3,raw_update_chain_16,1,2415,11347.164,25448.000,true
baseline,3,positional_late_modifier,2,26944,1064.634,2360.000,true
baseline,3,named_raw_expression,2,10903,1709.438,2624.000,true
baseline,3,named_retry_rollback,2,4019,5090.097,8264.000,true
baseline,3,mybatis_in_16,2,3930,2227.964,6512.000,true
baseline,3,named_union_raw,2,3258,3735.175,5200.000,true
baseline,3,named_mixed_literals,2,11330,1748.120,3768.000,true
baseline,3,positional_in_17,2,23595,862.471,2672.000,true
baseline,3,mybatis_join_on,2,10800,1854.963,4152.000,true
baseline,3,mybatis_union_builder,2,1546,11320.116,16696.000,true
baseline,3,mybatis_batch_64,2,572,35673.427,120440.000,true
baseline,3,raw_select_entity,2,7673,563.261,2000.000,true
baseline,3,named_repeated_names,2,773,28583.312,64920.000,true
baseline,3,positional_derived,2,2198,9698.408,15296.000,true
baseline,3,named_dialect_MySQL,2,12862,1386.425,4144.000,true
baseline,3,named_insert_placeholders,2,9080,1100.562,2888.000,true
baseline,3,named_select_columns,2,25133,823.292,1952.000,true
baseline,3,raw_union_builder,2,3609,5883.458,10160.000,true
baseline,3,raw_retry_rollback,2,4301,3404.418,6376.000,true
baseline,3,named_in_16,2,8106,2581.508,7600.000,true
baseline,3,raw_insert_entity,2,25094,831.071,2176.000,false
baseline,3,named_subquery_raw,2,17116,644.292,2272.000,true
baseline,3,positional_select_star,2,81822,282.930,1424.000,true
baseline,3,mybatis_subquery_structured,2,10418,1839.605,5256.000,true
baseline,3,positional_join_on,2,12024,1734.647,3832.000,true
baseline,3,named_between,2,12960,1393.989,3800.000,true
baseline,3,named_dialect_PostgreSQL,2,13980,1535.093,4144.000,true
baseline,3,positional_union_raw,2,5779,3245.752,5200.000,true
baseline,3,raw_naming_KEBAB_CASE,2,3612,5501.744,8840.000,true
baseline,3,raw_mixed_literals,2,8117,1824.110,3192.000,true
baseline,3,positional_where_eq,2,21698,1013.591,2664.000,true
baseline,3,raw_naming_CAMEL_CASE,2,4971,4374.733,7880.000,true
baseline,3,named_where_16,2,3085,6760.746,10584.000,true
baseline,3,raw_in_expression,2,694,17565.706,56616.000,true
baseline,3,positional_select_expressions,2,9592,2212.667,2728.000,true
baseline,3,raw_select_expressions,2,9368,2059.362,2728.000,true
baseline,3,named_in_17,2,8765,2248.294,7888.000,true
baseline,3,positional_dialect_DB2,2,14637,1335.970,3544.000,true
baseline,3,mybatis_retry_rollback,2,2598,4486.259,7592.000,true
baseline,3,positional_raw_expression,2,12739,1638.849,2624.000,true
baseline,3,positional_batch_4,2,10528,2017.601,6072.000,true
baseline,3,raw_in_16,2,6133,1631.404,5600.000,true
baseline,3,positional_repeated_names,2,1279,16786.865,30360.000,true
baseline,3,positional_subquery_raw,2,29404,630.945,2272.000,true
baseline,3,mybatis_derived,2,1611,11198.572,17192.000,true
baseline,3,raw_select_star,2,26508,344.703,1424.000,true
baseline,3,raw_late_modifier,2,26345,838.337,2480.000,true
baseline,3,positional_join_using,2,20545,1079.221,3056.000,true
baseline,3,mybatis_naming_SCREAMING_SNAKE_CASE,2,3139,7515.801,9384.000,true
baseline,3,positional_batch_beans,2,2401,4286.256,10536.000,true
baseline,3,raw_repeated_names,2,353,27468.272,53896.000,true
baseline,3,raw_row_in,2,7699,1781.024,3136.000,true
baseline,3,mybatis_raw_expression,2,6530,2586.907,2624.000,true
baseline,3,mybatis_insert_values,2,15815,1175.081,2744.000,true
baseline,3,mybatis_batch_beans,2,2632,7999.392,22152.000,true
baseline,3,named_pagination,2,14061,1474.710,4072.000,true
baseline,3,mybatis_naming_KEBAB_CASE,2,2663,6870.184,9368.000,true
baseline,3,mybatis_mixed_literals,2,11908,1855.551,3504.000,true
baseline,3,named_dialect_Microsoft_SQL_Server,2,13372,1866.093,4320.000,true
baseline,3,named_batch_4,2,6182,3573.180,9840.000,true
baseline,3,mybatis_select_columns,2,25023,993.266,1952.000,true
baseline,3,raw_subquery_structured,2,12612,1617.103,4616.000,true
baseline,3,named_batch_beans,2,2180,9062.706,26136.000,true
baseline,3,positional_dialect_Oracle,2,18253,1182.907,3496.000,true
baseline,3,mybatis_subquery_raw,2,28862,628.428,2272.000,true
baseline,3,mybatis_naming_NO_CHANGE,2,3430,5011.953,8408.000,true
baseline,3,positional_dialect_Microsoft_SQL_Server,2,14663,1343.027,3544.000,true
baseline,3,raw_pagination,2,17536,1097.377,3400.000,true
baseline,3,positional_naming_NO_CHANGE,2,6056,3177.824,4928.000,true
baseline,3,positional_between,2,16269,1179.734,3056.000,true
baseline,3,positional_group_order,2,4744,3144.962,6336.000,true
baseline,3,named_join_using,2,14007,1137.524,3512.000,true
baseline,3,raw_join_on,2,10469,1719.314,3952.000,true
baseline,3,raw_update_chain_16,2,2415,8489.275,25448.000,true
baseline,3,mybatis_where_16,2,1703,5921.961,9368.000,true
baseline,3,positional_select_columns,2,26019,857.427,1952.000,true
baseline,3,mybatis_group_order,2,3932,3478.840,7288.000,true
baseline,3,raw_select_columns,2,8785,766.363,1952.000,true
baseline,3,named_subquery_structured,2,8848,1930.561,5488.000,true
baseline,3,raw_insert_placeholders,2,29106,717.247,1944.000,true
baseline,3,raw_derived,2,1766,10217.441,15848.000,true
baseline,3,named_in_expression,2,710,28693.521,90680.000,true
baseline,3,named_in_1024,2,133,130085.714,353216.000,true
baseline,3,positional_insert_entity,2,38076,661.451,1816.000,true
baseline,3,mybatis_delete,2,44928,605.529,1832.000,true
baseline,3,mybatis_select_expressions,2,3618,3123.991,2728.000,true
baseline,3,raw_batch_beans,2,1967,7304.220,16968.000,false
baseline,3,raw_join_using,2,17986,1163.900,3176.000,true
baseline,3,mybatis_union_raw,2,6124,3444.677,5200.000,true
baseline,3,named_naming_CAMEL_CASE,2,4017,5245.332,9624.000,true
baseline,3,named_select_star,2,63196,299.970,1424.000,true
baseline,3,named_delete,2,38991,461.427,1960.000,true
baseline,3,mybatis_in_1024,2,142,110025.352,281472.000,true
baseline,3,named_naming_KEBAB_CASE,2,3018,6487.575,10584.000,true
baseline,3,named_select_entity,2,31480,547.652,2000.000,true
baseline,3,raw_where_128,2,222,40852.252,56496.000,true
baseline,3,raw_insert_values,2,7744,1032.515,2464.000,false
baseline,3,mybatis_repeated_names,2,730,25557.671,55944.000,true
baseline,3,raw_where_16,2,2556,5680.908,8840.000,true
baseline,3,mybatis_naming_CAMEL_CASE,2,4193,4984.045,8408.000,true
baseline,3,positional_update_map,2,19870,1153.392,3024.000,true
baseline,3,positional_naming_CAMEL_CASE,2,6289,3228.685,4928.000,true
baseline,3,named_union_builder,2,982,10525.764,17272.000,true
baseline,3,raw_naming_SCREAMING_SNAKE_CASE,2,3260,5577.393,8856.000,true
baseline,3,mybatis_late_modifier,2,10458,828.983,2680.000,true
baseline,3,mybatis_in_17,2,5512,2441.001,6752.000,true
baseline,3,named_update_chain_16,2,503,17870.378,47000.000,true
baseline,3,raw_where_eq,2,9519,1012.501,2784.000,true
baseline,3,raw_naming_NO_CHANGE,2,4671,4679.383,7880.000,true
baseline,3,named_nested,2,13164,1529.634,3648.000,true
baseline,3,positional_select_entity,2,37200,600.535,2000.000,true
baseline,3,mybatis_pagination,2,9714,1477.867,3832.000,true
baseline,3,named_naming_SCREAMING_SNAKE_CASE,2,3313,6537.368,10600.000,true
baseline,3,mybatis_between,2,8172,1506.118,3592.000,true
baseline,3,mybatis_update_map,2,11837,1656.619,4224.000,true
baseline,3,positional_nested,2,14479,1337.634,2952.000,true
baseline,3,mybatis_join_using,2,18899,1031.092,3376.000,true
baseline,3,mybatis_naming_UPPER_CAMEL_CASE,2,3289,6260.383,9368.000,true
baseline,3,raw_nested,2,9965,1514.862,3280.000,true
baseline,3,raw_in_1024,2,155,79969.032,220248.000,true
baseline,3,mybatis_where_eq,2,8884,1051.981,2984.000,true
baseline,3,positional_row_in,2,14191,960.017,2624.000,true
baseline,3,positional_pagination,2,18401,976.056,3288.000,true
baseline,3,named_join_on,2,5979,2014.601,4288.000,true
baseline,3,mybatis_row_in,2,6934,1292.457,3704.000,true
baseline,3,positional_where_16,2,4415,4293.069,5888.000,true
baseline,3,mybatis_insert_placeholders,2,20012,1024.195,2584.000,true
baseline,3,positional_naming_SCREAMING_SNAKE_CASE,2,4385,5080.433,5904.000,true
baseline,3,raw_in_17,2,5683,1924.177,5816.000,true
baseline,3,raw_raw_expression,2,11207,1500.883,2624.000,true
baseline,3,positional_batch_64,2,1097,19673.200,73720.000,true
baseline,3,positional_in_1024,2,1393,15211.055,28504.000,true
baseline,3,named_dialect_Oracle,2,12317,1437.704,4272.000,true
baseline,3,mybatis_update_chain_16,2,1418,14784.626,39960.000,true
baseline,3,named_where_eq,2,18845,1195.399,3120.000,true
baseline,3,raw_union_raw,2,6063,3203.794,5200.000,true
baseline,3,positional_dialect_PostgreSQL,2,16074,1168.863,3360.000,true
baseline,3,raw_delete,2,51157,616.526,1624.000,true
baseline,3,mybatis_select_star,2,67961,348.250,1424.000,true
baseline,3,positional_in_16,2,24336,1126.146,2656.000,true
baseline,3,positional_in_expression,2,3915,4703.014,9760.000,true
baseline,3,positional_update_chain_16,2,3006,6591.284,22360.000,true
baseline,3,raw_group_order,2,5851,4089.472,6432.000,true
baseline,3,positional_mixed_literals,2,16354,1574.667,2800.000,true
baseline,3,named_select_expressions,2,6457,2143.162,2728.000,true
baseline,3,positional_in_256,2,4023,4175.466,9576.000,true
baseline,3,named_naming_UPPER_CAMEL_CASE,2,3286,6748.448,10584.000,true
baseline,3,positional_condition_only,2,5173,3797.236,4872.000,true
baseline,3,positional_naming_KEBAB_CASE,2,4480,4363.996,5888.000,true
baseline,3,named_where_128,2,418,51622.727,71280.000,true
baseline,3,mybatis_select_entity,2,30140,573.942,2000.000,true
baseline,3,raw_batch_4,2,7063,2688.093,7688.000,false
baseline,3,raw_subquery_raw,2,25171,609.900,2272.000,true
baseline,3,raw_between,2,8650,1167.260,3384.000,true
baseline,3,positional_subquery_structured,2,12561,1552.544,4704.000,true
baseline,3,mybatis_where_128,2,378,48067.460,61280.000,true
baseline,3,mybatis_batch_4,2,6707,2983.480,8888.000,true
baseline,3,positional_retry_rollback,2,4691,2848.689,5872.000,true
baseline,3,named_update_map,2,9787,1956.115,4752.000,true
baseline,3,mybatis_condition_only,2,2358,5568.278,8344.000,true
baseline,3,named_in_256,2,764,32327.880,90712.000,true
baseline,3,custom_handler_union,2,1420,12203.662,16536.000,true
baseline,3,positional_insert_values,2,25114,921.183,2104.000,true
baseline,3,named_derived,2,709,11299.859,17800.000,true
baseline,3,positional_naming_UPPER_CAMEL_CASE,2,4538,5217.276,5888.000,true
baseline,3,mybatis_in_expression,2,771,25162.387,72776.000,true
baseline,3,positional_where_128,2,592,36967.399,32808.000,true
baseline,3,mybatis_in_256,2,562,28515.480,72760.000,true
baseline,3,positional_insert_placeholders,2,29998,1052.493,1944.000,true
baseline,3,mybatis_insert_entity,2,22418,1093.889,2456.000,true
baseline,3,named_late_modifier,2,21457,862.134,2816.000,true
baseline,3,raw_update_map,2,13569,1452.539,3592.000,false
baseline,3,positional_union_builder,2,3781,5283.338,9768.000,true
baseline,3,raw_in_256,2,560,18587.679,56640.000,true
baseline,3,named_insert_entity,2,20067,1045.941,2760.000,true
baseline,3,named_condition_only,2,3449,5492.346,9560.000,true
baseline,3,positional_delete,2,61103,340.083,1504.000,true
baseline,3,raw_naming_UPPER_CAMEL_CASE,2,3459,6949.581,8840.000,true
baseline,3,named_naming_NO_CHANGE,2,4008,5028.268,9624.000,true
baseline,3,named_insert_values,2,11202,1129.870,3048.000,true
baseline,3,raw_batch_64,2,693,29085.137,98888.000,false
baseline,3,raw_condition_only,2,1975,5051.190,7816.000,true
baseline,3,named_group_order,2,3184,3899.246,7688.000,true
baseline,3,named_row_in,2,14222,1393.032,4016.000,true
baseline,3,named_dialect_DB2,2,14517,1366.680,4320.000,true
baseline,3,named_batch_64,2,549,38232.969,136456.000,true
baseline,3,custom_handler_where,2,3291,6289.790,10616.000,true
baseline,3,positional_dialect_MySQL,2,16079,1072.393,3360.000,true
baseline,3,mybatis_nested,2,12284,1590.679,3464.000,true
baseline,3,named_between,3,12960,1498.850,3800.000,true
baseline,3,raw_pagination,3,17536,1060.584,3400.000,true
baseline,3,positional_dialect_DB2,3,14637,1186.111,3544.000,true
baseline,3,named_naming_UPPER_CAMEL_CASE,3,3286,6269.659,10584.000,true
baseline,3,raw_batch_64,3,693,40590.909,98888.000,false
baseline,3,raw_union_builder,3,3609,6687.697,10160.000,true
baseline,3,positional_select_expressions,3,9592,2169.308,2728.000,true
baseline,3,positional_repeated_names,3,1279,16640.735,30360.000,true
baseline,3,raw_naming_KEBAB_CASE,3,3612,5130.482,8840.000,true
baseline,3,mybatis_delete,3,44928,478.844,1832.000,true
baseline,3,positional_insert_values,3,25114,848.778,2104.000,true
baseline,3,raw_union_raw,3,6063,3604.437,5200.000,true
baseline,3,raw_in_256,3,560,20941.250,56640.000,true
baseline,3,custom_handler_union,3,1420,10617.887,16536.000,true
baseline,3,mybatis_join_on,3,10800,1775.843,4152.000,true
baseline,3,mybatis_select_entity,3,30140,586.875,2000.000,true
baseline,3,positional_where_16,3,4415,4769.943,5888.000,true
baseline,3,mybatis_between,3,8172,1319.701,3592.000,true
baseline,3,mybatis_nested,3,12284,1529.135,3464.000,true
baseline,3,mybatis_in_expression,3,771,26200.259,72776.000,true
baseline,3,raw_where_128,3,222,41778.378,56496.000,true
baseline,3,positional_join_using,3,20545,945.403,3056.000,true
baseline,3,positional_raw_expression,3,12739,1623.157,2624.000,true
baseline,3,named_in_16,3,8106,2299.914,7600.000,true
baseline,3,raw_join_on,3,10469,1962.508,3952.000,true
baseline,3,named_in_expression,3,710,29777.183,90680.000,true
baseline,3,positional_subquery_structured,3,12561,1522.243,4704.000,true
baseline,3,mybatis_naming_KEBAB_CASE,3,2663,6572.324,9368.000,true
baseline,3,named_insert_values,3,11202,1104.267,3048.000,true
baseline,3,positional_in_expression,3,3915,4444.189,9760.000,true
baseline,3,mybatis_select_columns,3,25023,855.869,1952.000,true
baseline,3,raw_insert_values,3,7744,1332.515,2464.000,false
baseline,3,mybatis_naming_UPPER_CAMEL_CASE,3,3289,6799.818,9368.000,true
baseline,3,custom_handler_where,3,3291,6136.676,10616.000,true
baseline,3,raw_between,3,8650,1327.422,3384.000,true
baseline,3,raw_delete,3,51157,431.208,1624.000,true
baseline,3,raw_in_expression,3,694,17928.386,56616.000,true
baseline,3,raw_where_16,3,2556,5421.596,8840.000,true
baseline,3,raw_update_chain_16,3,2415,8726.087,25448.000,true
baseline,3,named_in_256,3,764,27730.236,90712.000,true
baseline,3,positional_batch_beans,3,2401,4424.573,10536.000,true
baseline,3,named_retry_rollback,3,4019,4545.360,8264.000,true
baseline,3,positional_in_16,3,24336,889.752,2656.000,true
baseline,3,positional_update_map,3,19870,1227.116,3024.000,true
baseline,3,positional_in_17,3,23595,1055.982,2672.000,true
baseline,3,positional_dialect_Microsoft_SQL_Server,3,14663,1872.564,3544.000,true
baseline,3,mybatis_insert_entity,3,22418,1012.022,2456.000,true
baseline,3,mybatis_in_1024,3,142,112825.352,281472.000,true
baseline,3,positional_insert_placeholders,3,29998,773.515,1944.000,true
baseline,3,named_select_entity,3,31480,598.780,2000.000,true
baseline,3,positional_select_star,3,81822,293.109,1424.000,true
baseline,3,named_naming_NO_CHANGE,3,4008,5273.154,9624.000,true
baseline,3,positional_join_on,3,12024,2028.776,3832.000,true
baseline,3,named_raw_expression,3,10903,1810.639,2624.000,true
baseline,3,positional_select_entity,3,37200,731.145,2000.000,true
baseline,3,named_naming_SCREAMING_SNAKE_CASE,3,3313,8689.737,10600.000,true
baseline,3,named_select_expressions,3,6457,2450.225,2728.000,true
baseline,3,named_subquery_structured,3,8848,2061.438,5488.000,true
baseline,3,positional_between,3,16269,1210.308,3056.000,true
baseline,3,raw_select_star,3,26508,273.857,1424.000,true
baseline,3,raw_select_expressions,3,9368,2192.047,2728.000,true
baseline,3,raw_update_map,3,13569,1603.840,3592.000,false
baseline,3,raw_select_columns,3,8785,839.590,1952.000,true
baseline,3,named_batch_4,3,6182,3293.691,9840.000,true
baseline,3,named_batch_beans,3,2180,8913.211,26136.000,true
baseline,3,named_group_order,3,3184,4746.043,7688.000,true
baseline,3,mybatis_where_eq,3,8884,1386.594,2984.000,true
baseline,3,mybatis_where_16,3,1703,7419.201,9368.000,true
baseline,3,raw_naming_CAMEL_CASE,3,4971,4361.316,7880.000,true
baseline,3,named_dialect_MySQL,3,12862,1466.716,4144.000,true
baseline,3,positional_update_chain_16,3,3006,6689.687,22360.000,true
baseline,3,mybatis_in_256,3,562,26500.712,72760.000,true
baseline,3,positional_mixed_literals,3,16354,1731.955,2800.000,true
baseline,3,positional_delete,3,61103,369.371,1504.000,true
baseline,3,raw_late_modifier,3,26345,916.026,2480.000,true
baseline,3,mybatis_where_128,3,378,50076.190,61280.000,true
baseline,3,raw_nested,3,9965,1538.796,3280.000,true
baseline,3,raw_in_1024,3,155,93235.484,220248.000,true
baseline,3,mybatis_in_16,3,3930,2883.282,6512.000,true
baseline,3,mybatis_derived,3,1611,14197.641,17192.000,true
baseline,3,positional_batch_4,3,10528,2043.104,6072.000,true
baseline,3,named_join_using,3,14007,1132.341,3512.000,true
baseline,3,mybatis_join_using,3,18899,1099.979,3376.000,true
baseline,3,named_mixed_literals,3,11330,1624.643,3768.000,true
baseline,3,mybatis_group_order,3,3932,4182.197,7288.000,true
baseline,3,named_union_builder,3,982,10906.823,17272.000,true
baseline,3,raw_in_16,3,6133,1877.010,5600.000,true
baseline,3,mybatis_union_builder,3,1546,12600.129,16696.000,true
baseline,3,mybatis_condition_only,3,2358,6022.010,8344.000,true
baseline,3,positional_subquery_raw,3,29404,677.020,2272.000,true
baseline,3,positional_derived,3,2198,9995.177,15296.000,true
baseline,3,mybatis_insert_placeholders,3,20012,1040.751,2584.000,true
baseline,3,named_dialect_PostgreSQL,3,13980,1537.940,4144.000,true
baseline,3,positional_dialect_Oracle,3,18253,1121.465,3496.000,true
baseline,3,mybatis_in_17,3,5512,2473.331,6752.000,true
baseline,3,raw_join_using,3,17986,1121.978,3176.000,true
baseline,3,mybatis_naming_SCREAMING_SNAKE_CASE,3,3139,6876.649,9384.000,true
baseline,3,raw_where_eq,3,9519,1099.674,2784.000,true
baseline,3,raw_repeated_names,3,353,27913.031,53896.000,true
baseline,3,raw_insert_entity,3,25094,872.420,2176.000,false
baseline,3,mybatis_insert_values,3,15815,1165.545,2744.000,true
baseline,3,positional_union_raw,3,5779,3735.646,5200.000,true
baseline,3,positional_naming_UPPER_CAMEL_CASE,3,4538,5097.774,5888.000,true
baseline,3,mybatis_subquery_structured,3,10418,1878.240,5256.000,true
baseline,3,named_derived,3,709,12223.413,17800.000,true
baseline,3,named_subquery_raw,3,17116,633.565,2272.000,true
baseline,3,named_dialect_DB2,3,14517,1426.906,4320.000,true
baseline,3,mybatis_select_star,3,67961,286.711,1424.000,true
baseline,3,positional_condition_only,3,5173,3798.859,4872.000,true
baseline,3,named_condition_only,3,3449,5897.275,9560.000,true
baseline,3,mybatis_union_raw,3,6124,3432.136,5200.000,true
baseline,3,positional_naming_NO_CHANGE,3,6056,3458.454,4928.000,true
baseline,3,named_dialect_Microsoft_SQL_Server,3,13372,1717.544,4320.000,true
baseline,3,named_where_128,3,418,51009.091,71280.000,true
baseline,3,named_insert_entity,3,20067,966.009,2760.000,true
baseline,3,mybatis_update_map,3,11837,1796.883,4224.000,true
baseline,3,raw_batch_beans,3,1967,7928.368,16968.000,false
baseline,3,mybatis_retry_rollback,3,2598,5112.471,7592.000,true
baseline,3,named_select_columns,3,25133,847.209,1952.000,true
baseline,3,raw_batch_4,3,7063,2854.424,7688.000,false
baseline,3,positional_union_builder,3,3781,6518.090,9768.000,true
baseline,3,raw_retry_rollback,3,4301,4518.717,6376.000,true
baseline,3,named_pagination,3,14061,1796.074,4072.000,true
baseline,3,named_repeated_names,3,773,37950.323,64920.000,true
baseline,3,positional_naming_KEBAB_CASE,3,4480,5177.589,5888.000,true
baseline,3,positional_naming_CAMEL_CASE,3,6289,3666.895,4928.000,true
baseline,3,positional_row_in,3,14191,1008.632,2624.000,true
baseline,3,mybatis_pagination,3,9714,2050.216,3832.000,true
baseline,3,named_in_17,3,8765,2875.482,7888.000,true
baseline,3,mybatis_batch_64,3,572,39107.168,120440.000,true
baseline,3,mybatis_row_in,3,6934,1594.188,3704.000,true
baseline,3,positional_pagination,3,18401,1201.109,3288.000,true
baseline,3,raw_raw_expression,3,11207,1712.528,2624.000,true
baseline,3,mybatis_select_expressions,3,3618,2522.830,2728.000,true
baseline,3,named_where_16,3,3085,7237.407,10584.000,true
baseline,3,named_batch_64,3,549,40687.067,136456.000,true
baseline,3,positional_dialect_MySQL,3,16079,1292.786,3360.000,true
baseline,3,positional_retry_rollback,3,4691,3904.605,5872.000,true
baseline,3,named_join_on,3,5979,1933.183,4288.000,true
baseline,3,raw_naming_SCREAMING_SNAKE_CASE,3,3260,5608.098,8856.000,true
baseline,3,raw_mixed_literals,3,8117,1976.703,3192.000,true
baseline,3,mybatis_naming_NO_CHANGE,3,3430,5836.181,8408.000,true
baseline,3,raw_condition_only,3,1975,4999.544,7816.000,true
baseline,3,named_naming_CAMEL_CASE,3,4017,5640.851,9624.000,true
baseline,3,mybatis_batch_4,3,6707,2856.583,8888.000,true
baseline,3,mybatis_late_modifier,3,10458,883.658,2680.000,true
baseline,3,raw_derived,3,1766,9389.638,15848.000,true
baseline,3,positional_select_columns,3,26019,845.494,1952.000,true
baseline,3,raw_subquery_raw,3,25171,603.194,2272.000,true
baseline,3,named_dialect_Oracle,3,12317,1506.414,4272.000,true
baseline,3,raw_select_entity,3,7673,544.872,2000.000,true
baseline,3,raw_group_order,3,5851,3555.905,6432.000,true
baseline,3,mybatis_batch_beans,3,2632,8135.600,22152.000,true
baseline,3,positional_nested,3,14479,1492.161,2952.000,true
baseline,3,raw_naming_UPPER_CAMEL_CASE,3,3459,6067.303,8840.000,true
baseline,3,named_naming_KEBAB_CASE,3,3018,6797.813,10584.000,true
baseline,3,named_select_star,3,63196,286.036,1424.000,true
baseline,3,positional_where_eq,3,21698,971.841,2664.000,true
baseline,3,named_update_map,3,9787,1915.398,4752.000,true
baseline,3,mybatis_update_chain_16,3,1418,15227.151,39960.000,true
baseline,3,positional_batch_64,3,1097,18227.894,73720.000,true
baseline,3,mybatis_naming_CAMEL_CASE,3,4193,5399.809,8408.000,true
baseline,3,raw_naming_NO_CHANGE,3,4671,4192.036,7880.000,true
baseline,3,positional_in_256,3,4023,4670.047,9576.000,true
baseline,3,positional_dialect_PostgreSQL,3,16074,1194.550,3360.000,true
baseline,3,positional_in_1024,3,1393,16413.855,28504.000,true
baseline,3,mybatis_mixed_literals,3,11908,1683.977,3504.000,true
baseline,3,mybatis_subquery_raw,3,28862,623.474,2272.000,true
baseline,3,raw_row_in,3,7699,1167.450,3136.000,true
baseline,3,named_in_1024,3,133,133825.564,353216.000,true
baseline,3,positional_naming_SCREAMING_SNAKE_CASE,3,4385,4547.047,5904.000,true
baseline,3,named_nested,3,13164,1620.647,3648.000,true
baseline,3,mybatis_repeated_names,3,730,25440.548,55944.000,true
baseline,3,named_insert_placeholders,3,9080,1152.048,2888.000,true
baseline,3,named_row_in,3,14222,1390.332,4016.000,true
baseline,3,named_update_chain_16,3,503,15970.179,47000.000,true
baseline,3,named_late_modifier,3,21457,863.164,2816.000,true
baseline,3,named_where_eq,3,18845,1098.631,3120.000,true
baseline,3,mybatis_raw_expression,3,6530,1629.556,2624.000,true
baseline,3,named_union_raw,3,3258,3381.492,5200.000,true
baseline,3,named_delete,3,38991,477.972,1960.000,true
baseline,3,raw_subquery_structured,3,12612,1460.791,4616.000,true
baseline,3,positional_group_order,3,4744,3518.234,6336.000,true
baseline,3,raw_insert_placeholders,3,29106,764.495,1944.000,true
baseline,3,raw_in_17,3,5683,1838.518,5816.000,true
baseline,3,positional_late_modifier,3,26944,796.077,2360.000,true
baseline,3,positional_insert_entity,3,38076,630.216,1816.000,true
baseline,3,positional_where_128,3,592,34119.932,32808.000,true
baseline,3,named_select_entity,4,31480,584.590,2000.000,true
baseline,3,named_group_order,4,3184,3881.124,7688.000,true
baseline,3,raw_repeated_names,4,353,23279.320,53896.000,true
baseline,3,raw_join_using,4,17986,1084.121,3176.000,true
baseline,3,named_update_map,4,9787,1905.385,4752.000,true
baseline,3,positional_update_chain_16,4,3006,6275.749,22360.000,true
baseline,3,named_row_in,4,14222,1367.649,4016.000,true
baseline,3,raw_in_256,4,560,18419.821,56640.000,true
baseline,3,raw_join_on,4,10469,1758.754,3952.000,true
baseline,3,positional_condition_only,4,5173,3640.035,4872.000,true
baseline,3,named_select_columns,4,25133,781.486,1952.000,true
baseline,3,raw_insert_placeholders,4,29106,725.277,1944.000,true
baseline,3,raw_retry_rollback,4,4301,3852.104,6376.000,true
baseline,3,positional_batch_4,4,10528,1909.850,6072.000,true
baseline,3,named_in_256,4,764,28638.743,90712.000,true
baseline,3,positional_repeated_names,4,1279,16051.603,30360.000,true
baseline,3,mybatis_where_16,4,1703,6550.675,9368.000,true
baseline,3,mybatis_raw_expression,4,6530,1485.207,2624.000,true
baseline,3,mybatis_mixed_literals,4,11908,1616.552,3504.000,true
baseline,3,mybatis_select_columns,4,25023,807.085,1952.000,true
baseline,3,raw_insert_values,4,7744,986.519,2464.000,false
baseline,3,positional_subquery_structured,4,12561,1543.627,4704.000,true
baseline,3,positional_dialect_DB2,4,14637,1161.775,3544.000,true
baseline,3,raw_nested,4,9965,1329.433,3280.000,true
baseline,3,mybatis_select_star,4,67961,303.880,1424.000,true
baseline,3,mybatis_retry_rollback,4,2598,4316.898,7592.000,true
baseline,3,raw_batch_4,4,7063,2625.910,7688.000,false
baseline,3,raw_delete,4,51157,410.249,1624.000,true
baseline,3,positional_join_using,4,20545,900.404,3056.000,true
baseline,3,mybatis_batch_4,4,6707,2921.515,8888.000,true
baseline,3,named_batch_beans,4,2180,7966.193,26136.000,true
baseline,3,positional_nested,4,14479,1304.993,2952.000,true
baseline,3,raw_update_map,4,13569,1485.165,3592.000,false
baseline,3,named_late_modifier,4,21457,834.059,2816.000,true
baseline,3,raw_in_16,4,6133,1725.192,5600.000,true
baseline,3,positional_join_on,4,12024,1568.771,3832.000,true
baseline,3,named_dialect_Microsoft_SQL_Server,4,13372,1531.573,4320.000,true
baseline,3,positional_delete,4,61103,384.827,1504.000,true
baseline,3,mybatis_in_1024,4,142,103295.775,281472.000,true
baseline,3,mybatis_naming_CAMEL_CASE,4,4193,4995.993,8408.000,true
baseline,3,named_retry_rollback,4,4019,5179.149,8264.000,true
baseline,3,raw_late_modifier,4,26345,767.975,2480.000,true
baseline,3,positional_where_16,4,4415,4159.909,5888.000,true
baseline,3,named_condition_only,4,3449,5287.823,9560.000,true
baseline,3,mybatis_in_17,4,5512,2226.869,6752.000,true
baseline,3,mybatis_union_raw,4,6124,3134.046,5200.000,true
baseline,3,raw_naming_CAMEL_CASE,4,4971,4286.743,7880.000,true
baseline,3,mybatis_insert_placeholders,4,20012,949.610,2584.000,true
baseline,3,positional_insert_entity,4,38076,574.750,1816.000,true
baseline,3,named_subquery_structured,4,8848,1966.410,5488.000,true
baseline,3,mybatis_insert_entity,4,22418,890.650,2456.000,true
baseline,3,positional_union_raw,4,5779,3121.942,5200.000,true
baseline,3,positional_select_expressions,4,9592,2075.990,2728.000,true
baseline,3,named_batch_64,4,549,37790.528,136456.000,true
baseline,3,named_select_star,4,63196,338.570,1424.000,true
baseline,3,named_insert_placeholders,4,9080,1096.090,2888.000,true
baseline,3,positional_union_builder,4,3781,5562.338,9768.000,true
baseline,3,positional_select_star,4,81822,304.435,1424.000,true
baseline,3,mybatis_where_eq,4,8884,1065.702,2984.000,true
baseline,3,named_naming_NO_CHANGE,4,4008,4875.898,9624.000,true
baseline,3,raw_condition_only,4,1975,5208.759,7816.000,true
baseline,3,positional_group_order,4,4744,3177.951,6336.000,true
baseline,3,named_join_using,4,14007,1069.015,3512.000,true
baseline,3,raw_batch_beans,4,1967,6179.664,16968.000,false
baseline,3,mybatis_repeated_names,4,730,26672.466,55944.000,true
baseline,3,positional_insert_values,4,25114,768.301,2104.000,true
baseline,3,raw_where_128,4,222,42148.198,56496.000,true
baseline,3,named_between,4,12960,1323.171,3800.000,true
baseline,3,mybatis_update_map,4,11837,1668.480,4224.000,true
baseline,3,raw_between,4,8650,1137.642,3384.000,true
baseline,3,mybatis_where_128,4,378,44471.693,61280.000,true
baseline,3,raw_insert_entity,4,25094,853.451,2176.000,false
baseline,3,raw_naming_UPPER_CAMEL_CASE,4,3459,5503.816,8840.000,true
baseline,3,positional_in_256,4,4023,4268.606,9576.000,true
baseline,3,mybatis_between,4,8172,1337.506,3592.000,true
baseline,3,named_naming_KEBAB_CASE,4,3018,6180.186,10584.000,true
baseline,3,raw_derived,4,1766,9498.754,15848.000,true
baseline,3,mybatis_late_modifier,4,10458,1069.994,2680.000,true
baseline,3,mybatis_naming_KEBAB_CASE,4,2663,6890.612,9368.000,true
baseline,3,positional_where_eq,4,21698,1003.595,2664.000,true
baseline,3,named_in_expression,4,710,27878.169,90680.000,true
baseline,3,raw_union_raw,4,6063,4248.227,5200.000,true
baseline,3,raw_naming_NO_CHANGE,4,4671,4489.296,7880.000,true
baseline,3,positional_pagination,4,18401,1032.123,3288.000,true
baseline,3,positional_naming_SCREAMING_SNAKE_CASE,4,4385,4308.940,5904.000,true
baseline,3,positional_dialect_Microsoft_SQL_Server,4,14663,1354.252,3544.000,true
baseline,3,named_insert_values,4,11202,1050.661,3048.000,true
baseline,3,raw_where_16,4,2556,5588.772,8840.000,true
baseline,3,positional_raw_expression,4,12739,1471.222,2624.000,true
baseline,3,positional_in_17,4,23595,858.029,2672.000,true
baseline,3,positional_dialect_PostgreSQL,4,16074,1166.984,3360.000,true
baseline,3,raw_update_chain_16,4,2415,7774.451,25448.000,true
baseline,3,positional_batch_64,4,1097,18439.836,73720.000,true
baseline,3,mybatis_select_expressions,4,3618,2218.325,2728.000,true
baseline,3,positional_mixed_literals,4,16354,1350.856,2800.000,true
baseline,3,raw_pagination,4,17536,1048.472,3400.000,true
baseline,3,positional_in_expression,4,3915,4347.101,9760.000,true
baseline,3,mybatis_condition_only,4,2358,5692.663,8344.000,true
baseline,3,named_where_128,4,418,45157.895,71280.000,true
baseline,3,positional_late_modifier,4,26944,674.477,2360.000,true
baseline,3,named_batch_4,4,6182,3102.944,9840.000,true
baseline,3,named_dialect_Oracle,4,12317,1317.829,4272.000,true
baseline,3,named_repeated_names,4,773,27696.119,64920.000,true
baseline,3,raw_in_17,4,5683,1644.677,5816.000,true
baseline,3,named_naming_SCREAMING_SNAKE_CASE,4,3313,6432.720,10600.000,true
baseline,3,positional_dialect_MySQL,4,16079,1041.688,3360.000,true
baseline,3,named_union_raw,4,3258,3703.714,5200.000,true
baseline,3,raw_select_star,4,26508,264.166,1424.000,true
baseline,3,named_where_16,4,3085,6279.449,10584.000,true
baseline,3,mybatis_update_chain_16,4,1418,14006.841,39960.000,true
baseline,3,raw_row_in,4,7699,1338.161,3136.000,true
baseline,3,mybatis_pagination,4,9714,1234.569,3832.000,true
baseline,3,custom_handler_where,4,3291,6805.591,10616.000,true
baseline,3,raw_select_entity,4,7673,632.634,2000.000,true
baseline,3,named_in_17,4,8765,2231.763,7888.000,true
baseline,3,named_pagination,4,14061,1254.854,4072.000,true
baseline,3,named_select_expressions,4,6457,2242.589,2728.000,true
baseline,3,raw_raw_expression,4,11207,1574.007,2624.000,true
baseline,3,positional_subquery_raw,4,29404,614.192,2272.000,true
baseline,3,mybatis_derived,4,1611,10760.025,17192.000,true
baseline,3,mybatis_nested,4,12284,1465.874,3464.000,true
baseline,3,positional_derived,4,2198,8757.780,15296.000,true
baseline,3,named_join_on,4,5979,1659.625,4288.000,true
baseline,3,mybatis_subquery_structured,4,10418,1826.704,5256.000,true
baseline,3,positional_between,4,16269,1119.085,3056.000,true
baseline,3,mybatis_join_on,4,10800,1633.093,4152.000,true
baseline,3,raw_union_builder,4,3609,5769.216,10160.000,true
baseline,3,mybatis_in_16,4,3930,1959.364,6512.000,true
baseline,3,positional_insert_placeholders,4,29998,771.258,1944.000,true
baseline,3,mybatis_subquery_raw,4,28862,617.667,2272.000,true
baseline,3,mybatis_delete,4,44928,443.198,1832.000,true
baseline,3,positional_dialect_Oracle,4,18253,1092.407,3496.000,true
baseline,3,named_delete,4,38991,490.618,1960.000,true
baseline,3,mybatis_batch_beans,4,2632,7190.388,22152.000,true
baseline,3,named_raw_expression,4,10903,1576.704,2624.000,true
baseline,3,raw_select_columns,4,8785,748.219,1952.000,true
baseline,3,positional_select_columns,4,26019,809.309,1952.000,true
baseline,3,named_naming_CAMEL_CASE,4,4017,5167.886,9624.000,true
baseline,3,raw_batch_64,4,693,29327.561,98888.000,false
baseline,3,raw_in_expression,4,694,17806.052,56616.000,true
baseline,3,raw_subquery_raw,4,25171,603.651,2272.000,true
baseline,3,custom_handler_union,4,1420,10473.944,16536.000,true
baseline,3,named_dialect_MySQL,4,12862,1437.413,4144.000,true
baseline,3,raw_group_order,4,5851,3285.661,6432.000,true
baseline,3,raw_in_1024,4,155,68789.032,220248.000,true
baseline,3,raw_subquery_structured,4,12612,1577.426,4616.000,true
baseline,3,positional_update_map,4,19870,1024.278,3024.000,true
baseline,3,positional_naming_KEBAB_CASE,4,4480,4512.455,5888.000,true
baseline,3,positional_in_16,4,24336,901.262,2656.000,true
baseline,3,mybatis_naming_NO_CHANGE,4,3430,4835.044,8408.000,true
baseline,3,mybatis_batch_64,4,572,34770.629,120440.000,true
baseline,3,mybatis_join_using,4,18899,1069.792,3376.000,true
baseline,3,mybatis_insert_values,4,15815,1144.110,2744.000,true
baseline,3,positional_retry_rollback,4,4691,3532.317,5872.000,true
baseline,3,mybatis_naming_SCREAMING_SNAKE_CASE,4,3139,6238.930,9384.000,true
baseline,3,mybatis_select_entity,4,30140,598.331,2000.000,true
baseline,3,named_in_1024,4,133,124905.263,353216.000,true
baseline,3,positional_where_128,4,592,34480.743,32808.000,true
baseline,3,named_nested,4,13164,1543.026,3648.000,true
baseline,3,named_derived,4,709,10473.907,17800.000,true
baseline,3,positional_naming_NO_CHANGE,4,6056,3370.657,4928.000,true
baseline,3,mybatis_naming_UPPER_CAMEL_CASE,4,3289,6664.974,9368.000,true
baseline,3,raw_naming_KEBAB_CASE,4,3612,5621.069,8840.000,true
baseline,3,named_update_chain_16,4,503,17176.938,47000.000,true
baseline,3,named_subquery_raw,4,17116,589.431,2272.000,true
baseline,3,positional_batch_beans,4,2401,4966.889,10536.000,true
baseline,3,named_where_eq,4,18845,1208.358,3120.000,true
baseline,3,named_insert_entity,4,20067,990.562,2760.000,true
baseline,3,named_naming_UPPER_CAMEL_CASE,4,3286,7272.033,10584.000,true
baseline,3,positional_select_entity,4,37200,616.091,2000.000,true
baseline,3,positional_row_in,4,14191,951.652,2624.000,true
baseline,3,positional_naming_UPPER_CAMEL_CASE,4,4538,4847.973,5888.000,true
baseline,3,named_in_16,4,8106,2533.777,7600.000,true
baseline,3,mybatis_in_expression,4,771,32037.095,72776.000,true
baseline,3,raw_mixed_literals,4,8117,1879.155,3192.000,true
baseline,3,positional_in_1024,4,1393,18965.039,28504.000,true
baseline,3,mybatis_in_256,4,562,42985.943,72760.000,true
baseline,3,mybatis_row_in,4,6934,1697.765,3704.000,true
baseline,3,raw_where_eq,4,9519,1149.732,2784.000,true
baseline,3,raw_select_expressions,4,9368,2180.241,2728.000,true
baseline,3,raw_naming_SCREAMING_SNAKE_CASE,4,3260,5890.368,8856.000,true
baseline,3,named_dialect_DB2,4,14517,1506.468,4320.000,true
baseline,3,named_union_builder,4,982,11472.709,17272.000,true
baseline,3,positional_naming_CAMEL_CASE,4,6289,3562.808,4928.000,true
baseline,3,named_mixed_literals,4,11330,1676.487,3768.000,true
baseline,3,mybatis_group_order,4,3932,4118.057,7288.000,true
baseline,3,mybatis_union_builder,4,1546,11243.079,16696.000,true
baseline,3,named_dialect_PostgreSQL,4,13980,1470.451,4144.000,true
baseline,3,mybatis_naming_KEBAB_CASE,5,2663,6461.134,9368.000,true
baseline,3,named_late_modifier,5,21457,869.679,2816.000,true
baseline,3,raw_retry_rollback,5,4301,4022.181,6376.000,true
baseline,3,positional_group_order,5,4744,3399.115,6336.000,true
baseline,3,mybatis_update_chain_16,5,1418,14516.925,39960.000,true
baseline,3,raw_in_expression,5,694,20471.758,56616.000,true
baseline,3,raw_naming_CAMEL_CASE,5,4971,4504.124,7880.000,true
baseline,3,named_dialect_PostgreSQL,5,13980,1573.183,4144.000,true
baseline,3,named_derived,5,709,10433.427,17800.000,true
baseline,3,raw_insert_values,5,7744,1244.473,2464.000,false
baseline,3,mybatis_group_order,5,3932,3878.128,7288.000,true
baseline,3,raw_subquery_raw,5,25171,638.401,2272.000,true
baseline,3,raw_condition_only,5,1975,4737.722,7816.000,true
baseline,3,positional_between,5,16269,1177.030,3056.000,true
baseline,3,positional_join_using,5,20545,975.322,3056.000,true
baseline,3,mybatis_between,5,8172,1494.848,3592.000,true
baseline,3,raw_group_order,5,5851,3373.133,6432.000,true
baseline,3,positional_subquery_structured,5,12561,1597.723,4704.000,true
baseline,3,mybatis_batch_64,5,572,34252.797,120440.000,true
baseline,3,positional_select_entity,5,37200,600.578,2000.000,true
baseline,3,mybatis_select_entity,5,30140,607.425,2000.000,true
baseline,3,positional_naming_CAMEL_CASE,5,6289,3320.655,4928.000,true
baseline,3,mybatis_where_eq,5,8884,1070.126,2984.000,true
baseline,3,named_nested,5,13164,1632.923,3648.000,true
baseline,3,positional_late_modifier,5,26944,756.584,2360.000,true
baseline,3,positional_batch_4,5,10528,2181.544,6072.000,true
baseline,3,mybatis_select_expressions,5,3618,2511.526,2728.000,true
baseline,3,raw_select_expressions,5,9368,2112.959,2728.000,true
baseline,3,named_where_16,5,3085,6398.250,10584.000,true
baseline,3,mybatis_select_star,5,67961,305.390,1424.000,true
baseline,3,named_select_star,5,63196,302.723,1424.000,true
baseline,3,mybatis_naming_SCREAMING_SNAKE_CASE,5,3139,6424.753,9384.000,true
baseline,3,positional_pagination,5,18401,1093.696,3288.000,true
baseline,3,mybatis_where_16,5,1703,5926.130,9368.000,true
baseline,3,raw_naming_SCREAMING_SNAKE_CASE,5,3260,5922.423,8856.000,true
baseline,3,named_join_on,5,5979,2034.571,4288.000,true
baseline,3,mybatis_select_columns,5,25023,804.844,1952.000,true
baseline,3,positional_select_expressions,5,9592,2260.259,2728.000,true
baseline,3,mybatis_derived,5,1611,10664.370,17192.000,true
baseline,3,positional_join_on,5,12024,1649.626,3832.000,true
baseline,3,positional_insert_placeholders,5,29998,660.277,1944.000,true
baseline,3,positional_dialect_MySQL,5,16079,1116.618,3360.000,true
baseline,3,named_in_expression,5,710,27868.028,90680.000,true
baseline,3,named_insert_placeholders,5,9080,1017.643,2888.000,true
baseline,3,raw_select_entity,5,7673,510.439,2000.000,true
baseline,3,mybatis_join_using,5,18899,1032.684,3376.000,true
baseline,3,positional_where_16,5,4415,4584.009,5888.000,true
baseline,3,named_retry_rollback,5,4019,3737.372,8264.000,true
baseline,3,named_batch_64,5,549,36510.929,136456.000,true
baseline,3,raw_batch_64,5,693,30208.947,98888.000,false
baseline,3,custom_handler_union,5,1420,10028.873,16536.000,true
baseline,3,named_pagination,5,14061,1458.296,4072.000,true
baseline,3,positional_naming_NO_CHANGE,5,6056,3119.650,4928.000,true
baseline,3,mybatis_subquery_raw,5,28862,612.570,2272.000,true
baseline,3,raw_nested,5,9965,1371.520,3280.000,true
baseline,3,mybatis_in_1024,5,142,112449.296,281472.000,true
baseline,3,mybatis_naming_CAMEL_CASE,5,4193,4883.019,8408.000,true
baseline,3,mybatis_union_builder,5,1546,11814.360,16696.000,true
baseline,3,mybatis_repeated_names,5,730,25440.959,55944.000,true
baseline,3,positional_union_builder,5,3781,5512.245,9768.000,true
baseline,3,named_between,5,12960,1372.315,3800.000,true
baseline,3,raw_where_eq,5,9519,1143.471,2784.000,true
baseline,3,positional_dialect_DB2,5,14637,1104.311,3544.000,true
baseline,3,positional_naming_KEBAB_CASE,5,4480,4496.094,5888.000,true
baseline,3,raw_naming_KEBAB_CASE,5,3612,5283.223,8840.000,true
baseline,3,positional_update_map,5,19870,1074.338,3024.000,true
baseline,3,positional_in_1024,5,1393,13913.999,28504.000,true
baseline,3,raw_select_columns,5,8785,933.056,1952.000,true
baseline,3,positional_in_17,5,23595,807.565,2672.000,true
baseline,3,named_dialect_MySQL,5,12862,1405.248,4144.000,true
baseline,3,named_update_map,5,9787,1896.587,4752.000,true
baseline,3,positional_dialect_Microsoft_SQL_Server,5,14663,1295.949,3544.000,true
baseline,3,raw_in_17,5,5683,1891.061,5816.000,true
baseline,3,mybatis_insert_entity,5,22418,821.144,2456.000,true
baseline,3,named_insert_values,5,11202,1168.470,3048.000,true
baseline,3,positional_insert_values,5,25114,877.897,2104.000,true
baseline,3,positional_update_chain_16,5,3006,6368.097,22360.000,true
baseline,3,raw_batch_4,5,7063,2707.306,7688.000,false
baseline,3,mybatis_union_raw,5,6124,3299.135,5200.000,true
baseline,3,named_subquery_structured,5,8848,1708.759,5488.000,true
baseline,3,positional_delete,5,61103,342.675,1504.000,true
baseline,3,raw_naming_UPPER_CAMEL_CASE,5,3459,5718.705,8840.000,true
baseline,3,positional_derived,5,2198,8996.679,15296.000,true
baseline,3,positional_in_256,5,4023,3907.233,9576.000,true
baseline,3,positional_batch_64,5,1097,19882.224,73720.000,true
baseline,3,raw_in_16,5,6133,1656.286,5600.000,true
baseline,3,positional_union_raw,5,5779,3174.355,5200.000,true
baseline,3,raw_mixed_literals,5,8117,1837.428,3192.000,true
baseline,3,raw_in_1024,5,155,68752.258,220248.000,true
baseline,3,mybatis_raw_expression,5,6530,1794.916,2624.000,true
baseline,3,positional_nested,5,14479,1297.679,2952.000,true
baseline,3,raw_delete,5,51157,420.097,1624.000,true
baseline,3,raw_join_on,5,10469,1884.726,3952.000,true
baseline,3,named_in_17,5,8765,2354.387,7888.000,true
baseline,3,raw_raw_expression,5,11207,1572.455,2624.000,true
baseline,3,mybatis_pagination,5,9714,1144.987,3832.000,true
baseline,3,mybatis_batch_beans,5,2632,7896.239,22152.000,true
baseline,3,raw_repeated_names,5,353,24355.807,53896.000,true
baseline,3,raw_between,5,8650,1335.815,3384.000,true
baseline,3,raw_naming_NO_CHANGE,5,4671,4251.167,7880.000,true
baseline,3,raw_where_16,5,2556,5266.510,8840.000,true
baseline,3,raw_select_star,5,26508,337.581,1424.000,true
baseline,3,positional_subquery_raw,5,29404,596.534,2272.000,true
baseline,3,positional_naming_UPPER_CAMEL_CASE,5,4538,4626.686,5888.000,true
baseline,3,named_naming_UPPER_CAMEL_CASE,5,3286,6590.049,10584.000,true
baseline,3,raw_derived,5,1766,8993.715,15848.000,true
baseline,3,positional_in_16,5,24336,841.280,2656.000,true
baseline,3,named_naming_NO_CHANGE,5,4008,4797.231,9624.000,true
baseline,3,positional_mixed_literals,5,16354,1345.983,2800.000,true
baseline,3,positional_retry_rollback,5,4691,2965.913,5872.000,true
baseline,3,named_join_using,5,14007,1126.173,3512.000,true
baseline,3,mybatis_batch_4,5,6707,2827.315,8888.000,true
baseline,3,named_update_chain_16,5,503,18833.201,47000.000,true
baseline,3,raw_insert_placeholders,5,29106,692.277,1944.000,true
baseline,3,mybatis_insert_values,5,15815,1057.155,2744.000,true
baseline,3,positional_raw_expression,5,12739,1566.002,2624.000,true
baseline,3,named_batch_4,5,6182,3007.797,9840.000,true
baseline,3,positional_where_eq,5,21698,924.942,2664.000,true
baseline,3,named_row_in,5,14222,1341.471,4016.000,true
baseline,3,positional_insert_entity,5,38076,595.217,1816.000,true
baseline,3,mybatis_retry_rollback,5,2598,3490.416,7592.000,true
baseline,3,named_subquery_raw,5,17116,702.097,2272.000,true
baseline,3,named_naming_SCREAMING_SNAKE_CASE,5,3313,6232.176,10600.000,true
baseline,3,mybatis_in_256,5,562,24911.922,72760.000,true
baseline,3,custom_handler_where,5,3291,6568.186,10616.000,true
baseline,3,named_union_raw,5,3258,3183.456,5200.000,true
baseline,3,positional_select_star,5,81822,285.885,1424.000,true
baseline,3,named_select_columns,5,25133,795.249,1952.000,true
baseline,3,named_where_eq,5,18845,1034.975,3120.000,true
baseline,3,mybatis_late_modifier,5,10458,868.627,2680.000,true
baseline,3,named_repeated_names,5,773,27367.012,64920.000,true
baseline,3,named_select_expressions,5,6457,2109.927,2728.000,true
baseline,3,mybatis_join_on,5,10800,1862.194,4152.000,true
baseline,3,positional_batch_beans,5,2401,4052.936,10536.000,true
baseline,3,named_mixed_literals,5,11330,1663.628,3768.000,true
baseline,3,named_dialect_Oracle,5,12317,1325.802,4272.000,true
baseline,3,positional_dialect_PostgreSQL,5,16074,1153.776,3360.000,true
baseline,3,raw_update_chain_16,5,2415,8278.344,25448.000,true
baseline,3,named_dialect_Microsoft_SQL_Server,5,13372,1526.541,4320.000,true
baseline,3,positional_row_in,5,14191,960.200,2624.000,true
baseline,3,named_select_entity,5,31480,600.235,2000.000,true
baseline,3,named_union_builder,5,982,10263.136,17272.000,true
baseline,3,positional_where_128,5,592,31064.020,32808.000,true
baseline,3,mybatis_nested,5,12284,1498.665,3464.000,true
baseline,3,named_raw_expression,5,10903,1435.376,2624.000,true
baseline,3,raw_in_256,5,560,18189.821,56640.000,true
baseline,3,raw_insert_entity,5,25094,847.872,2176.000,false
baseline,3,positional_in_expression,5,3915,4058.110,9760.000,true
baseline,3,positional_naming_SCREAMING_SNAKE_CASE,5,4385,4208.917,5904.000,true
baseline,3,named_condition_only,5,3449,6081.560,9560.000,true
baseline,3,raw_union_builder,5,3609,5981.158,10160.000,true
baseline,3,mybatis_row_in,5,6934,1438.564,3704.000,true
baseline,3,positional_repeated_names,5,1279,17039.484,30360.000,true
baseline,3,mybatis_where_128,5,378,45614.021,61280.000,true
baseline,3,mybatis_condition_only,5,2358,5368.830,8344.000,true
baseline,3,mybatis_delete,5,44928,459.164,1832.000,true
baseline,3,named_insert_entity,5,20067,886.500,2760.000,true
baseline,3,mybatis_naming_UPPER_CAMEL_CASE,5,3289,6297.507,9368.000,true
baseline,3,named_naming_KEBAB_CASE,5,3018,6438.535,10584.000,true
baseline,3,raw_pagination,5,17536,1110.721,3400.000,true
baseline,3,raw_where_128,5,222,38345.495,56496.000,true
baseline,3,mybatis_naming_NO_CHANGE,5,3430,4818.397,8408.000,true
baseline,3,mybatis_in_expression,5,771,25935.538,72776.000,true
baseline,3,named_dialect_DB2,5,14517,1502.115,4320.000,true
baseline,3,raw_late_modifier,5,26345,790.795,2480.000,true
baseline,3,raw_batch_beans,5,1967,8068.988,16968.000,false
baseline,3,mybatis_subquery_structured,5,10418,1850.989,5256.000,true
baseline,3,raw_union_raw,5,6063,3182.550,5200.000,true
baseline,3,raw_subquery_structured,5,12612,1538.352,4616.000,true
baseline,3,mybatis_in_16,5,3930,1969.109,6512.000,true
baseline,3,named_in_16,5,8106,2200.259,7600.000,true
baseline,3,named_in_1024,5,133,120242.105,353216.000,true
baseline,3,positional_dialect_Oracle,5,18253,1137.402,3496.000,true
baseline,3,raw_update_map,5,13569,1489.675,3592.000,false
baseline,3,mybatis_update_map,5,11837,1708.634,4224.000,true
baseline,3,mybatis_insert_placeholders,5,20012,982.690,2584.000,true
baseline,3,positional_select_columns,5,26019,811.411,1952.000,true
baseline,3,raw_row_in,5,7699,1124.172,3136.000,true
baseline,3,named_batch_beans,5,2180,9033.211,26136.000,true
baseline,3,named_group_order,5,3184,4166.583,7688.000,true
baseline,3,mybatis_in_17,5,5512,2222.787,6752.000,true
baseline,3,positional_condition_only,5,5173,3673.458,4872.000,true
baseline,3,raw_join_using,5,17986,1032.531,3176.000,true
baseline,3,mybatis_mixed_literals,5,11908,1529.199,3504.000,true
baseline,3,named_where_128,5,418,50464.115,71280.000,true
baseline,3,named_in_256,5,764,26653.403,90712.000,true
baseline,3,named_delete,5,38991,440.963,1960.000,true
baseline,3,named_naming_CAMEL_CASE,5,4017,5731.118,9624.000,true
baseline,3,named_join_on,6,5979,1811.892,4288.000,true
baseline,3,raw_mixed_literals,6,8117,1990.994,3192.000,true
baseline,3,mybatis_batch_64,6,572,37527.098,120440.000,true
baseline,3,positional_dialect_PostgreSQL,6,16074,1260.589,3360.000,true
baseline,3,raw_nested,6,9965,1460.331,3280.000,true
baseline,3,named_insert_values,6,11202,1092.555,3048.000,true
baseline,3,named_derived,6,709,10394.922,17800.000,true
baseline,3,raw_condition_only,6,1975,4529.367,7816.000,true
baseline,3,raw_insert_entity,6,25094,903.662,2176.000,false
baseline,3,named_in_expression,6,710,27970.986,90680.000,true
baseline,3,mybatis_derived,6,1611,10577.529,17192.000,true
baseline,3,named_select_columns,6,25133,824.028,1952.000,true
baseline,3,raw_in_17,6,5683,1728.066,5816.000,true
baseline,3,mybatis_raw_expression,6,6530,1453.461,2624.000,true
baseline,3,raw_subquery_structured,6,12612,1525.936,4616.000,true
baseline,3,mybatis_insert_values,6,15815,1191.432,2744.000,true
baseline,3,raw_where_128,6,222,42495.045,56496.000,true
baseline,3,named_delete,6,38991,497.492,1960.000,true
baseline,3,positional_delete,6,61103,370.774,1504.000,true
baseline,3,positional_derived,6,2198,10053.458,15296.000,true
baseline,3,mybatis_select_star,6,67961,347.102,1424.000,true
baseline,3,named_dialect_PostgreSQL,6,13980,1609.285,4144.000,true
baseline,3,mybatis_join_using,6,18899,1206.656,3376.000,true
baseline,3,named_dialect_Oracle,6,12317,1547.430,4272.000,true
baseline,3,mybatis_pagination,6,9714,1247.375,3832.000,true
baseline,3,custom_handler_where,6,3291,7299.696,10616.000,true
baseline,3,positional_naming_CAMEL_CASE,6,6289,3678.916,4928.000,true
baseline,3,mybatis_in_1024,6,142,118242.958,281472.000,true
baseline,3,raw_naming_UPPER_CAMEL_CASE,6,3459,6237.525,8840.000,true
baseline,3,positional_batch_beans,6,2401,3828.155,10536.000,true
baseline,3,raw_select_columns,6,8785,973.865,1952.000,true
baseline,3,positional_batch_4,6,10528,1986.797,6072.000,true
baseline,3,mybatis_subquery_structured,6,10418,1870.349,5256.000,true
baseline,3,positional_union_raw,6,5779,3705.624,5200.000,true
baseline,3,named_naming_KEBAB_CASE,6,3018,6779.457,10584.000,true
baseline,3,raw_subquery_raw,6,25171,667.824,2272.000,true
baseline,3,positional_late_modifier,6,26944,791.074,2360.000,true
baseline,3,positional_dialect_MySQL,6,16079,1198.352,3360.000,true
baseline,3,named_raw_expression,6,10903,1645.455,2624.000,true
baseline,3,positional_join_on,6,12024,1738.797,3832.000,true
baseline,3,positional_retry_rollback,6,4691,3774.739,5872.000,true
baseline,3,positional_naming_SCREAMING_SNAKE_CASE,6,4385,5658.062,5904.000,true
baseline,3,mybatis_repeated_names,6,730,32517.808,55944.000,true
baseline,3,mybatis_insert_placeholders,6,20012,1422.097,2584.000,true
baseline,3,mybatis_in_256,6,562,35348.754,72760.000,true
baseline,3,named_in_16,6,8106,2646.361,7600.000,true
baseline,3,positional_where_16,6,4415,5628.290,5888.000,true
baseline,3,positional_join_using,6,20545,1205.666,3056.000,true
baseline,3,named_between,6,12960,1943.202,3800.000,true
baseline,3,positional_condition_only,6,5173,4919.080,4872.000,true
baseline,3,named_select_entity,6,31480,999.635,2000.000,true
baseline,3,named_retry_rollback,6,4019,6132.122,8264.000,true
baseline,3,raw_where_16,6,2556,6009.116,8840.000,true
baseline,3,raw_late_modifier,6,26345,922.779,2480.000,true
baseline,3,raw_select_star,6,26508,291.802,1424.000,true
baseline,3,named_naming_UPPER_CAMEL_CASE,6,3286,9390.657,10584.000,true
baseline,3,named_late_modifier,6,21457,874.815,2816.000,true
baseline,3,positional_between,6,16269,1252.683,3056.000,true
baseline,3,mybatis_in_16,6,3930,2252.087,6512.000,true
baseline,3,raw_update_chain_16,6,2415,11329.441,25448.000,true
baseline,3,mybatis_row_in,6,6934,1685.910,3704.000,true
baseline,3,positional_subquery_structured,6,12561,1795.757,4704.000,true
baseline,3,raw_union_builder,6,3609,6571.377,10160.000,true
baseline,3,positional_pagination,6,18401,1135.052,3288.000,true
baseline,3,raw_insert_placeholders,6,29106,820.724,1944.000,true
baseline,3,mybatis_select_entity,6,30140,673.185,2000.000,true
baseline,3,raw_raw_expression,6,11207,1686.580,2624.000,true
baseline,3,positional_select_star,6,81822,339.543,1424.000,true
baseline,3,mybatis_update_chain_16,6,1418,21041.467,39960.000,true
baseline,3,named_in_17,6,8765,2510.656,7888.000,true
baseline,3,positional_insert_values,6,25114,1127.005,2104.000,true
baseline,3,positional_select_expressions,6,9592,2426.783,2728.000,true
baseline,3,raw_update_map,6,13569,1718.749,3592.000,false
baseline,3,raw_group_order,6,5851,3680.157,6432.000,true
baseline,3,named_pagination,6,14061,1325.866,4072.000,true
baseline,3,raw_select_entity,6,7673,585.977,2000.000,true
baseline,3,positional_in_256,6,4023,4518.966,9576.000,true
baseline,3,named_where_16,6,3085,6415.397,10584.000,true
baseline,3,mybatis_mixed_literals,6,11908,1815.779,3504.000,true
baseline,3,custom_handler_union,6,1420,10765.000,16536.000,true
baseline,3,named_repeated_names,6,773,27870.763,64920.000,true
baseline,3,mybatis_naming_SCREAMING_SNAKE_CASE,6,3139,6328.735,9384.000,true
baseline,3,named_where_eq,6,18845,1076.599,3120.000,true
baseline,3,mybatis_where_128,6,378,56405.026,61280.000,true
baseline,3,positional_where_128,6,592,36163.007,32808.000,true
baseline,3,raw_select_expressions,6,9368,2195.655,2728.000,true
baseline,3,positional_repeated_names,6,1279,17204.769,30360.000,true
baseline,3,mybatis_in_17,6,5512,2469.956,6752.000,true
baseline,3,raw_repeated_names,6,353,24966.572,53896.000,true
baseline,3,named_subquery_raw,6,17116,742.154,2272.000,true
baseline,3,mybatis_between,6,8172,1556.975,3592.000,true
baseline,3,raw_retry_rollback,6,4301,4152.453,6376.000,true
baseline,3,positional_group_order,6,4744,3685.519,6336.000,true
baseline,3,named_nested,6,13164,1712.359,3648.000,true
baseline,3,positional_select_entity,6,37200,590.879,2000.000,true
baseline,3,named_update_chain_16,6,503,19578.131,47000.000,true
baseline,3,raw_in_1024,6,155,76823.871,220248.000,true
baseline,3,positional_subquery_raw,6,29404,719.480,2272.000,true
baseline,3,positional_naming_KEBAB_CASE,6,4480,4492.879,5888.000,true
baseline,3,positional_raw_expression,6,12739,1640.074,2624.000,true
baseline,3,named_dialect_Microsoft_SQL_Server,6,13372,1554.480,4320.000,true
baseline,3,mybatis_insert_entity,6,22418,923.784,2456.000,true
baseline,3,mybatis_naming_NO_CHANGE,6,3430,5233.411,8408.000,true
baseline,3,mybatis_condition_only,6,2358,5875.318,8344.000,true
baseline,3,positional_in_expression,6,3915,4399.361,9760.000,true
baseline,3,mybatis_join_on,6,10800,1896.889,4152.000,true
baseline,3,positional_insert_entity,6,38076,605.815,1816.000,true
baseline,3,named_row_in,6,14222,1354.570,4016.000,true
baseline,3,named_subquery_structured,6,8848,1885.398,5488.000,true
baseline,3,positional_dialect_Oracle,6,18253,1197.600,3496.000,true
baseline,3,named_naming_CAMEL_CASE,6,4017,5238.586,9624.000,true
baseline,3,positional_row_in,6,14191,974.195,2624.000,true
baseline,3,raw_insert_values,6,7744,1067.807,2464.000,false
baseline,3,raw_row_in,6,7699,1236.914,3136.000,true
baseline,3,mybatis_union_builder,6,1546,11708.926,16696.000,true
baseline,3,mybatis_delete,6,44928,468.730,1832.000,true
baseline,3,mybatis_naming_CAMEL_CASE,6,4193,5312.616,8408.000,true
baseline,3,positional_naming_NO_CHANGE,6,6056,3247.457,4928.000,true
baseline,3,raw_batch_4,6,7063,2797.919,7688.000,false
baseline,3,raw_join_using,6,17986,1041.782,3176.000,true
baseline,3,mybatis_naming_KEBAB_CASE,6,2663,6391.964,9368.000,true
baseline,3,raw_naming_SCREAMING_SNAKE_CASE,6,3260,6260.706,8856.000,true
baseline,3,positional_select_columns,6,26019,810.054,1952.000,true
baseline,3,positional_where_eq,6,21698,982.717,2664.000,true
baseline,3,mybatis_where_eq,6,8884,1057.969,2984.000,true
baseline,3,raw_derived,6,1766,10589.977,15848.000,true
baseline,3,raw_naming_KEBAB_CASE,6,3612,5231.728,8840.000,true
baseline,3,raw_batch_64,6,693,28573.882,98888.000,false
baseline,3,named_dialect_DB2,6,14517,1561.535,4320.000,true
baseline,3,named_naming_SCREAMING_SNAKE_CASE,6,3313,6197.374,10600.000,true
baseline,3,positional_batch_64,6,1097,20134.822,73720.000,true
baseline,3,mybatis_in_expression,6,771,27277.432,72776.000,true
baseline,3,mybatis_retry_rollback,6,2598,5096.035,7592.000,true
baseline,3,named_batch_beans,6,2180,8457.156,26136.000,true
baseline,3,positional_update_map,6,19870,1118.445,3024.000,true
baseline,3,positional_dialect_Microsoft_SQL_Server,6,14663,1246.689,3544.000,true
baseline,3,positional_nested,6,14479,1370.744,2952.000,true
baseline,3,positional_naming_UPPER_CAMEL_CASE,6,4538,4429.617,5888.000,true
baseline,3,positional_insert_placeholders,6,29998,710.481,1944.000,true
baseline,3,raw_where_eq,6,9519,947.137,2784.000,true
baseline,3,positional_in_1024,6,1393,15529.935,28504.000,true
baseline,3,named_select_expressions,6,6457,1948.738,2728.000,true
baseline,3,positional_in_17,6,23595,862.318,2672.000,true
baseline,3,mybatis_naming_UPPER_CAMEL_CASE,6,3289,6306.050,9368.000,true
baseline,3,named_naming_NO_CHANGE,6,4008,5025.100,9624.000,true
baseline,3,raw_in_256,6,560,16708.929,56640.000,true
baseline,3,raw_delete,6,51157,451.078,1624.000,true
baseline,3,mybatis_select_expressions,6,3618,1943.449,2728.000,true
baseline,3,mybatis_select_columns,6,25023,823.299,1952.000,true
baseline,3,raw_batch_beans,6,1967,6199.695,16968.000,false
baseline,3,named_union_raw,6,3258,3956.845,5200.000,true
baseline,3,named_in_256,6,764,25330.759,90712.000,true
baseline,3,mybatis_batch_4,6,6707,2927.240,8888.000,true
baseline,3,named_union_builder,6,982,10025.967,17272.000,true
baseline,3,positional_update_chain_16,6,3006,6353.892,22360.000,true
baseline,3,mybatis_update_map,6,11837,1799.763,4224.000,true
baseline,3,raw_in_expression,6,694,17903.170,56616.000,true
baseline,3,positional_mixed_literals,6,16354,1261.685,2800.000,true
baseline,3,raw_pagination,6,17536,1046.430,3400.000,true
baseline,3,mybatis_union_raw,6,6124,3117.391,5200.000,true
baseline,3,raw_naming_CAMEL_CASE,6,4971,4147.234,7880.000,true
baseline,3,named_mixed_literals,6,11330,1606.796,3768.000,true
baseline,3,mybatis_where_16,6,1703,5846.682,9368.000,true
baseline,3,named_dialect_MySQL,6,12862,1400.140,4144.000,true
baseline,3,named_where_128,6,418,46806.220,71280.000,true
baseline,3,named_insert_entity,6,20067,917.013,2760.000,true
baseline,3,mybatis_group_order,6,3932,3318.642,7288.000,true
baseline,3,positional_union_builder,6,3781,5605.501,9768.000,true
baseline,3,named_select_star,6,63196,291.580,1424.000,true
baseline,3,raw_naming_NO_CHANGE,6,4671,4067.866,7880.000,true
baseline,3,mybatis_nested,6,12284,1400.887,3464.000,true
baseline,3,raw_between,6,8650,1167.295,3384.000,true
baseline,3,named_batch_4,6,6182,2984.827,9840.000,true
baseline,3,raw_join_on,6,10469,1821.683,3952.000,true
baseline,3,named_update_map,6,9787,1746.500,4752.000,true
baseline,3,named_in_1024,6,133,133642.105,353216.000,true
baseline,3,raw_in_16,6,6133,1593.429,5600.000,true
baseline,3,named_insert_placeholders,6,9080,1124.857,2888.000,true
baseline,3,positional_dialect_DB2,6,14637,1072.733,3544.000,true
baseline,3,mybatis_late_modifier,6,10458,999.120,2680.000,true
baseline,3,positional_in_16,6,24336,870.640,2656.000,true
baseline,3,named_group_order,6,3184,4313.128,7688.000,true
baseline,3,named_join_using,6,14007,1108.531,3512.000,true
baseline,3,named_condition_only,6,3449,5458.858,9560.000,true
baseline,3,named_batch_64,6,549,38250.091,136456.000,true
baseline,3,raw_union_raw,6,6063,3228.550,5200.000,true
baseline,3,mybatis_batch_beans,6,2632,7656.421,22152.000,true
baseline,3,mybatis_subquery_raw,6,28862,625.771,2272.000,true
baseline,3,raw_raw_expression,7,11207,1473.633,2624.000,true
baseline,3,named_in_256,7,764,28916.230,90712.000,true
baseline,3,raw_union_raw,7,6063,3358.403,5200.000,true
baseline,3,raw_select_columns,7,8785,748.697,1952.000,true
baseline,3,raw_insert_entity,7,25094,839.089,2176.000,false
baseline,3,positional_in_1024,7,1393,14517.803,28504.000,true
baseline,3,named_in_expression,7,710,27468.873,90680.000,true
baseline,3,named_dialect_DB2,7,14517,1428.691,4320.000,true
baseline,3,positional_derived,7,2198,9083.712,15296.000,true
baseline,3,positional_where_128,7,592,30598.986,32808.000,true
baseline,3,named_delete,7,38991,490.023,1960.000,true
baseline,3,raw_select_entity,7,7673,748.456,2000.000,true
baseline,3,named_subquery_structured,7,8848,1893.942,5488.000,true
baseline,3,named_where_16,7,3085,5965.835,10584.000,true
baseline,3,named_raw_expression,7,10903,1585.307,2624.000,true
baseline,3,mybatis_naming_UPPER_CAMEL_CASE,7,3289,6370.690,9368.000,true
baseline,3,named_derived,7,709,10735.261,17800.000,true
baseline,3,named_batch_64,7,549,40373.042,136456.000,true
baseline,3,named_batch_beans,7,2180,8168.807,26136.000,true
baseline,3,raw_row_in,7,7699,1145.006,3136.000,true
baseline,3,positional_dialect_DB2,7,14637,1184.573,3544.000,true
baseline,3,raw_update_chain_16,7,2415,8567.660,25448.000,true
baseline,3,raw_naming_NO_CHANGE,7,4671,3912.438,7880.000,true
baseline,3,positional_naming_SCREAMING_SNAKE_CASE,7,4385,4498.039,5904.000,true
baseline,3,raw_select_star,7,26508,266.188,1424.000,true
baseline,3,named_insert_placeholders,7,9080,926.663,2888.000,true
baseline,3,positional_subquery_raw,7,29404,635.393,2272.000,true
baseline,3,positional_in_expression,7,3915,4820.690,9760.000,true
baseline,3,named_naming_UPPER_CAMEL_CASE,7,3286,6184.084,10584.000,true
baseline,3,mybatis_naming_NO_CHANGE,7,3430,5815.335,8408.000,true
baseline,3,mybatis_batch_beans,7,2632,6837.956,22152.000,true
baseline,3,mybatis_group_order,7,3932,3983.189,7288.000,true
baseline,3,positional_dialect_Oracle,7,18253,1071.506,3496.000,true
baseline,3,positional_in_256,7,4023,4675.491,9576.000,true
baseline,3,named_mixed_literals,7,11330,1657.988,3768.000,true
baseline,3,mybatis_union_builder,7,1546,10466.559,16696.000,true
baseline,3,named_select_expressions,7,6457,1961.561,2728.000,true
baseline,3,raw_group_order,7,5851,3675.902,6432.000,true
baseline,3,raw_condition_only,7,1975,4485.519,7816.000,true
baseline,3,mybatis_join_on,7,10800,1679.306,4152.000,true
baseline,3,raw_late_modifier,7,26345,794.041,2480.000,true
baseline,3,positional_dialect_PostgreSQL,7,16074,1211.292,3360.000,true
baseline,3,positional_in_16,7,24336,838.125,2656.000,true
baseline,3,named_dialect_Microsoft_SQL_Server,7,13372,1507.217,4320.000,true
baseline,3,positional_batch_4,7,10528,1985.933,6072.000,true
baseline,3,mybatis_in_1024,7,142,106888.028,281472.000,true
baseline,3,raw_batch_64,7,693,30378.211,98888.000,false
baseline,3,mybatis_where_16,7,1703,6313.858,9368.000,true
baseline,3,raw_insert_placeholders,7,29106,738.367,1944.000,true
baseline,3,mybatis_insert_values,7,15815,1159.210,2744.000,true
baseline,3,mybatis_condition_only,7,2358,5389.567,8344.000,true
baseline,3,raw_naming_CAMEL_CASE,7,4971,4326.816,7880.000,true
baseline,3,named_select_star,7,63196,293.617,1424.000,true
baseline,3,mybatis_retry_rollback,7,2598,3918.360,7592.000,true
baseline,3,named_group_order,7,3184,4037.280,7688.000,true
baseline,3,positional_delete,7,61103,319.757,1504.000,true
baseline,3,mybatis_where_128,7,378,47745.503,61280.000,true
baseline,3,raw_nested,7,9965,1353.206,3280.000,true
baseline,3,mybatis_naming_KEBAB_CASE,7,2663,6237.401,9368.000,true
baseline,3,positional_update_map,7,19870,1067.076,3024.000,true
baseline,3,mybatis_join_using,7,18899,1037.616,3376.000,true
baseline,3,raw_in_1024,7,155,73683.226,220248.000,true
baseline,3,named_join_using,7,14007,1162.412,3512.000,true
baseline,3,raw_insert_values,7,7744,1507.748,2464.000,false
baseline,3,mybatis_raw_expression,7,6530,1551.041,2624.000,true
baseline,3,mybatis_in_17,7,5512,2114.296,6752.000,true
baseline,3,positional_naming_UPPER_CAMEL_CASE,7,4538,4840.987,5888.000,true
baseline,3,named_naming_KEBAB_CASE,7,3018,5870.510,10584.000,true
baseline,3,raw_where_128,7,222,38032.432,56496.000,true
baseline,3,mybatis_naming_SCREAMING_SNAKE_CASE,7,3139,6473.272,9384.000,true
baseline,3,named_naming_SCREAMING_SNAKE_CASE,7,3313,6255.086,10600.000,true
baseline,3,named_where_eq,7,18845,1082.664,3120.000,true
baseline,3,raw_retry_rollback,7,4301,4273.564,6376.000,true
baseline,3,positional_condition_only,7,5173,3644.674,4872.000,true
baseline,3,positional_raw_expression,7,12739,1528.629,2624.000,true
baseline,3,raw_naming_UPPER_CAMEL_CASE,7,3459,5374.877,8840.000,true
baseline,3,named_condition_only,7,3449,5745.231,9560.000,true
baseline,3,positional_batch_64,7,1097,20740.201,73720.000,true
baseline,3,raw_where_eq,7,9519,1110.096,2784.000,true
baseline,3,mybatis_between,7,8172,1507.024,3592.000,true
baseline,3,custom_handler_union,7,1420,14474.930,16536.000,true
baseline,3,named_dialect_PostgreSQL,7,13980,1616.044,4144.000,true
baseline,3,mybatis_repeated_names,7,730,27068.082,55944.000,true
baseline,3,named_select_columns,7,25133,829.085,1952.000,true
baseline,3,positional_naming_CAMEL_CASE,7,6289,3436.635,4928.000,true
baseline,3,mybatis_subquery_structured,7,10418,2066.222,5256.000,true
baseline,3,named_join_on,7,5979,2205.268,4288.000,true
baseline,3,named_insert_values,7,11202,1478.522,3048.000,true
baseline,3,mybatis_derived,7,1611,15957.976,17192.000,true
baseline,3,mybatis_in_256,7,562,29378.826,72760.000,true
baseline,3,named_update_map,7,9787,2362.062,4752.000,true
baseline,3,mybatis_select_expressions,7,3618,2227.557,2728.000,true
baseline,3,named_union_raw,7,3258,3527.133,5200.000,true
baseline,3,raw_in_expression,7,694,19616.715,56616.000,true
baseline,3,named_nested,7,13164,1624.286,3648.000,true
baseline,3,positional_select_columns,7,26019,852.354,1952.000,true
baseline,3,named_pagination,7,14061,1384.809,4072.000,true
baseline,3,named_where_128,7,418,51396.411,71280.000,true
baseline,3,positional_insert_placeholders,7,29998,762.457,1944.000,true
baseline,3,mybatis_select_star,7,67961,298.567,1424.000,true
baseline,3,positional_subquery_structured,7,12561,1627.944,4704.000,true
baseline,3,mybatis_delete,7,44928,451.814,1832.000,true
baseline,3,named_late_modifier,7,21457,1022.906,2816.000,true
baseline,3,named_in_17,7,8765,3228.351,7888.000,true
baseline,3,named_subquery_raw,7,17116,1200.327,2272.000,true
baseline,3,named_retry_rollback,7,4019,6533.541,8264.000,true
baseline,3,positional_join_using,7,20545,1137.557,3056.000,true
baseline,3,positional_insert_values,7,25114,938.739,2104.000,true
baseline,3,named_in_1024,7,133,143753.383,353216.000,true
baseline,3,named_in_16,7,8106,2439.280,7600.000,true
baseline,3,raw_join_using,7,17986,1092.950,3176.000,true
baseline,3,named_update_chain_16,7,503,17975.746,47000.000,true
baseline,3,raw_batch_beans,7,1967,7730.808,16968.000,false
baseline,3,raw_delete,7,51157,448.228,1624.000,true
baseline,3,positional_union_builder,7,3781,5879.133,9768.000,true
baseline,3,raw_pagination,7,17536,1198.825,3400.000,true
baseline,3,mybatis_late_modifier,7,10458,821.601,2680.000,true
baseline,3,named_batch_4,7,6182,3331.511,9840.000,true
baseline,3,positional_retry_rollback,7,4691,3814.773,5872.000,true
baseline,3,mybatis_in_16,7,3930,2200.025,6512.000,true
baseline,3,raw_join_on,7,10469,1831.617,3952.000,true
baseline,3,raw_between,7,8650,1455.249,3384.000,true
baseline,3,mybatis_where_eq,7,8884,1288.744,2984.000,true
baseline,3,positional_select_expressions,7,9592,2568.880,2728.000,true
baseline,3,raw_in_256,7,560,23172.143,56640.000,true
baseline,3,positional_select_star,7,81822,314.759,1424.000,true
baseline,3,positional_where_16,7,4415,5047.724,5888.000,true
baseline,3,raw_batch_4,7,7063,2851.012,7688.000,false
baseline,3,mybatis_nested,7,12284,1648.502,3464.000,true
baseline,3,positional_between,7,16269,1236.505,3056.000,true
baseline,3,raw_where_16,7,2556,5808.764,8840.000,true
baseline,3,positional_dialect_Microsoft_SQL_Server,7,14663,1360.540,3544.000,true
baseline,3,mybatis_subquery_raw,7,28862,626.152,2272.000,true
baseline,3,positional_naming_NO_CHANGE,7,6056,3444.766,4928.000,true
baseline,3,named_repeated_names,7,773,27619.793,64920.000,true
baseline,3,named_dialect_Oracle,7,12317,1551.279,4272.000,true
baseline,3,mybatis_update_chain_16,7,1418,18191.608,39960.000,true
baseline,3,named_naming_CAMEL_CASE,7,4017,7126.238,9624.000,true
baseline,3,positional_union_raw,7,5779,4328.050,5200.000,true
baseline,3,positional_pagination,7,18401,1197.397,3288.000,true
baseline,3,raw_subquery_raw,7,25171,1140.729,2272.000,true
baseline,3,raw_subquery_structured,7,12612,2714.066,4616.000,true
baseline,3,raw_union_builder,7,3609,10990.718,10160.000,true
baseline,3,positional_join_on,7,12024,2988.548,3832.000,true
baseline,3,positional_select_entity,7,37200,1038.497,2000.000,true
baseline,3,mybatis_mixed_literals,7,11908,3334.951,3504.000,true
baseline,3,positional_repeated_names,7,1279,30497.420,30360.000,true
baseline,3,raw_mixed_literals,7,8117,3552.298,3192.000,true
baseline,3,mybatis_pagination,7,9714,2355.374,3832.000,true
baseline,3,named_union_builder,7,982,20749.084,17272.000,true
baseline,3,positional_update_chain_16,7,3006,11562.309,22360.000,true
baseline,3,raw_derived,7,1766,12985.844,15848.000,true
baseline,3,mybatis_in_expression,7,771,32183.139,72776.000,true
baseline,3,raw_in_17,7,5683,1918.934,5816.000,true
baseline,3,mybatis_select_columns,7,25023,911.929,1952.000,true
baseline,3,mybatis_union_raw,7,6124,4278.315,5200.000,true
baseline,3,positional_where_eq,7,21698,1015.946,2664.000,true
baseline,3,mybatis_batch_64,7,572,36618.182,120440.000,true
baseline,3,raw_in_16,7,6133,1673.488,5600.000,true
baseline,3,named_between,7,12960,1778.395,3800.000,true
baseline,3,named_dialect_MySQL,7,12862,1524.436,4144.000,true
baseline,3,positional_dialect_MySQL,7,16079,1107.444,3360.000,true
baseline,3,raw_naming_SCREAMING_SNAKE_CASE,7,3260,5534.325,8856.000,true
baseline,3,raw_repeated_names,7,353,24522.380,53896.000,true
baseline,3,mybatis_row_in,7,6934,1426.925,3704.000,true
baseline,3,mybatis_insert_placeholders,7,20012,1333.280,2584.000,true
baseline,3,mybatis_select_entity,7,30140,680.893,2000.000,true
baseline,3,mybatis_naming_CAMEL_CASE,7,4193,5192.798,8408.000,true
baseline,3,positional_batch_beans,7,2401,4305.123,10536.000,true
baseline,3,raw_update_map,7,13569,1534.682,3592.000,false
baseline,3,positional_late_modifier,7,26944,776.885,2360.000,true
baseline,3,positional_in_17,7,23595,898.067,2672.000,true
baseline,3,named_row_in,7,14222,1344.516,4016.000,true
baseline,3,raw_naming_KEBAB_CASE,7,3612,6416.722,8840.000,true
baseline,3,named_select_entity,7,31480,729.921,2000.000,true
baseline,3,named_insert_entity,7,20067,1516.340,2760.000,true
baseline,3,positional_nested,7,14479,1842.337,2952.000,true
baseline,3,mybatis_batch_4,7,6707,3071.015,8888.000,true
baseline,3,positional_insert_entity,7,38076,620.309,1816.000,true
baseline,3,positional_naming_KEBAB_CASE,7,4480,4797.121,5888.000,true
baseline,3,raw_select_expressions,7,9368,2178.597,2728.000,true
baseline,3,positional_group_order,7,4744,3414.777,6336.000,true
baseline,3,positional_mixed_literals,7,16354,1250.281,2800.000,true
baseline,3,named_naming_NO_CHANGE,7,4008,5363.847,9624.000,true
baseline,3,custom_handler_where,7,3291,6353.084,10616.000,true
baseline,3,mybatis_update_map,7,11837,1834.933,4224.000,true
baseline,3,mybatis_insert_entity,7,22418,877.821,2456.000,true
baseline,3,positional_row_in,7,14191,1049.996,2624.000,true
baseline,3,raw_subquery_structured,8,12612,1620.409,4616.000,true
baseline,3,mybatis_condition_only,8,2358,6050.042,8344.000,true
baseline,3,named_join_on,8,5979,2005.971,4288.000,true
baseline,3,mybatis_row_in,8,6934,1412.806,3704.000,true
baseline,3,named_pagination,8,14061,1413.313,4072.000,true
baseline,3,named_mixed_literals,8,11330,1774.466,3768.000,true
baseline,3,named_dialect_PostgreSQL,8,13980,1554.442,4144.000,true
baseline,3,named_raw_expression,8,10903,1580.510,2624.000,true
baseline,3,named_dialect_MySQL,8,12862,1528.837,4144.000,true
baseline,3,raw_where_eq,8,9519,1038.124,2784.000,true
baseline,3,positional_where_16,8,4415,4782.446,5888.000,true
baseline,3,named_batch_beans,8,2180,8712.385,26136.000,true
baseline,3,positional_in_16,8,24336,904.943,2656.000,true
baseline,3,raw_retry_rollback,8,4301,3970.751,6376.000,true
baseline,3,mybatis_in_1024,8,142,123730.282,281472.000,true
baseline,3,positional_in_256,8,4023,4632.687,9576.000,true
baseline,3,positional_in_1024,8,1393,16605.958,28504.000,true
baseline,3,named_subquery_structured,8,8848,2314.580,5488.000,true
baseline,3,raw_where_128,8,222,48877.928,56496.000,true
baseline,3,mybatis_update_chain_16,8,1418,19378.561,39960.000,true
baseline,3,mybatis_union_raw,8,6124,4232.234,5200.000,true
baseline,3,positional_dialect_PostgreSQL,8,16074,1233.868,3360.000,true
baseline,3,named_in_16,8,8106,2283.691,7600.000,true
baseline,3,named_between,8,12960,1715.664,3800.000,true
baseline,3,mybatis_in_256,8,562,26465.658,72760.000,true
baseline,3,mybatis_nested,8,12284,1727.475,3464.000,true
baseline,3,positional_where_eq,8,21698,994.064,2664.000,true
baseline,3,raw_naming_SCREAMING_SNAKE_CASE,8,3260,5914.540,8856.000,true
baseline,3,raw_mixed_literals,8,8117,1665.295,3192.000,true
baseline,3,named_in_expression,8,710,28828.028,90680.000,true
baseline,3,mybatis_naming_SCREAMING_SNAKE_CASE,8,3139,6534.055,9384.000,true
baseline,3,mybatis_join_on,8,10800,2024.657,4152.000,true
baseline,3,positional_dialect_Microsoft_SQL_Server,8,14663,1476.676,3544.000,true
baseline,3,mybatis_select_columns,8,25023,844.695,1952.000,true
baseline,3,raw_update_chain_16,8,2415,8990.021,25448.000,true
baseline,3,positional_dialect_MySQL,8,16079,1387.804,3360.000,true
baseline,3,raw_insert_entity,8,25094,936.925,2176.000,false
baseline,3,positional_insert_placeholders,8,29998,848.857,1944.000,true
baseline,3,positional_union_builder,8,3781,7021.264,9768.000,true
baseline,3,positional_naming_KEBAB_CASE,8,4480,6521.674,5888.000,true
baseline,3,named_in_17,8,8765,3566.412,7888.000,true
baseline,3,raw_batch_64,8,693,34278.644,98888.000,false
baseline,3,named_in_1024,8,133,128948.120,353216.000,true
baseline,3,mybatis_insert_placeholders,8,20012,1090.451,2584.000,true
baseline,3,named_dialect_Oracle,8,12317,1556.467,4272.000,true
baseline,3,positional_dialect_Oracle,8,18253,1190.758,3496.000,true
baseline,3,raw_batch_beans,8,1967,7662.278,16968.000,false
baseline,3,named_repeated_names,8,773,34244.243,64920.000,true
baseline,3,named_where_128,8,418,54418.900,71280.000,true
baseline,3,positional_select_expressions,8,9592,2232.506,2728.000,true
baseline,3,raw_in_17,8,5683,2029.808,5816.000,true
baseline,3,mybatis_in_expression,8,771,26647.082,72776.000,true
baseline,3,custom_handler_union,8,1420,11791.620,16536.000,true
baseline,3,mybatis_group_order,8,3932,4031.485,7288.000,true
baseline,3,raw_nested,8,9965,1420.903,3280.000,true
baseline,3,mybatis_in_17,8,5512,2486.393,6752.000,true
baseline,3,positional_repeated_names,8,1279,16661.454,30360.000,true
baseline,3,named_dialect_Microsoft_SQL_Server,8,13372,1934.213,4320.000,true
baseline,3,mybatis_naming_NO_CHANGE,8,3430,5786.531,8408.000,true
baseline,3,mybatis_naming_CAMEL_CASE,8,4193,5749.559,8408.000,true
baseline,3,raw_update_map,8,13569,1621.232,3592.000,false
baseline,3,raw_delete,8,51157,436.849,1624.000,true
baseline,3,mybatis_select_star,8,67961,299.035,1424.000,true
baseline,3,named_row_in,8,14222,1508.424,4016.000,true
baseline,3,positional_update_map,8,19870,1200.528,3024.000,true
baseline,3,positional_update_chain_16,8,3006,7528.510,22360.000,true
baseline,3,raw_in_16,8,6133,1877.205,5600.000,true
baseline,3,positional_pagination,8,18401,993.984,3288.000,true
baseline,3,mybatis_retry_rollback,8,2598,4908.776,7592.000,true
baseline,3,positional_batch_beans,8,2401,4053.103,10536.000,true
baseline,3,named_select_expressions,8,6457,2186.867,2728.000,true
baseline,3,raw_naming_KEBAB_CASE,8,3612,5724.142,8840.000,true
baseline,3,positional_join_using,8,20545,924.921,3056.000,true
baseline,3,raw_select_star,8,26508,320.375,1424.000,true
baseline,3,positional_where_128,8,592,34017.905,32808.000,true
baseline,3,raw_in_256,8,560,18532.321,56640.000,true
baseline,3,mybatis_where_128,8,378,52603.175,61280.000,true
baseline,3,named_join_using,8,14007,1231.648,3512.000,true
baseline,3,raw_in_1024,8,155,85074.194,220248.000,true
baseline,3,positional_late_modifier,8,26944,834.857,2360.000,true
baseline,3,raw_raw_expression,8,11207,1523.003,2624.000,true
baseline,3,raw_naming_CAMEL_CASE,8,4971,4698.008,7880.000,true
baseline,3,named_where_eq,8,18845,1070.098,3120.000,true
baseline,3,raw_pagination,8,17536,1117.370,3400.000,true
baseline,3,positional_join_on,8,12024,1748.777,3832.000,true
baseline,3,named_naming_CAMEL_CASE,8,4017,5457.530,9624.000,true
baseline,3,positional_retry_rollback,8,4691,3235.941,5872.000,true
baseline,3,named_dialect_DB2,8,14517,1556.651,4320.000,true
baseline,3,named_nested,8,13164,1657.870,3648.000,true
baseline,3,positional_naming_UPPER_CAMEL_CASE,8,4538,4851.609,5888.000,true
baseline,3,mybatis_select_entity,8,30140,642.614,2000.000,true
baseline,3,mybatis_subquery_structured,8,10418,2592.974,5256.000,true
baseline,3,mybatis_insert_entity,8,22418,1049.808,2456.000,true
baseline,3,raw_late_modifier,8,26345,855.787,2480.000,true
baseline,3,positional_naming_NO_CHANGE,8,6056,3636.427,4928.000,true
baseline,3,raw_insert_placeholders,8,29106,759.672,1944.000,true
baseline,3,raw_naming_UPPER_CAMEL_CASE,8,3459,7047.037,8840.000,true
baseline,3,positional_naming_CAMEL_CASE,8,6289,3812.355,4928.000,true
baseline,3,named_where_16,8,3085,8199.968,10584.000,true
baseline,3,mybatis_batch_beans,8,2632,9254.407,22152.000,true
baseline,3,mybatis_join_using,8,18899,1432.769,3376.000,true
baseline,3,mybatis_repeated_names,8,730,36467.945,55944.000,true
baseline,3,mybatis_batch_64,8,572,61065.385,120440.000,true
baseline,3,raw_select_expressions,8,9368,2888.493,2728.000,true
baseline,3,positional_group_order,8,4744,3891.463,6336.000,true
baseline,3,named_union_builder,8,982,15889.409,17272.000,true
baseline,3,positional_between,8,16269,1700.510,3056.000,true
baseline,3,mybatis_delete,8,44928,525.612,1832.000,true
baseline,3,named_delete,8,38991,755.320,1960.000,true
baseline,3,mybatis_raw_expression,8,6530,2247.933,2624.000,true
baseline,3,named_select_entity,8,31480,858.497,2000.000,true
baseline,3,named_late_modifier,8,21457,1111.288,2816.000,true
baseline,3,positional_dialect_DB2,8,14637,1376.491,3544.000,true
baseline,3,positional_nested,8,14479,1663.223,2952.000,true
baseline,3,raw_between,8,8650,1409.723,3384.000,true
baseline,3,named_select_star,8,63196,335.450,1424.000,true
baseline,3,positional_in_17,8,23595,1003.611,2672.000,true
baseline,3,named_group_order,8,3184,4589.887,7688.000,true
baseline,3,named_naming_UPPER_CAMEL_CASE,8,3286,6864.242,10584.000,true
baseline,3,positional_batch_64,8,1097,21445.214,73720.000,true
baseline,3,raw_condition_only,8,1975,5408.304,7816.000,true
baseline,3,positional_select_entity,8,37200,636.788,2000.000,true
baseline,3,positional_select_star,8,81822,390.715,1424.000,true
baseline,3,positional_subquery_raw,8,29404,845.123,2272.000,true
baseline,3,named_subquery_raw,8,17116,673.685,2272.000,true
baseline,3,mybatis_update_map,8,11837,2204.232,4224.000,true
baseline,3,positional_insert_values,8,25114,1392.255,2104.000,true
baseline,3,mybatis_in_16,8,3930,4159.822,6512.000,true
baseline,3,positional_subquery_structured,8,12561,2783.815,4704.000,true
baseline,3,positional_batch_4,8,10528,3057.086,6072.000,true
baseline,3,named_insert_placeholders,8,9080,1592.985,2888.000,true
baseline,3,named_insert_entity,8,20067,1312.683,2760.000,true
baseline,3,positional_union_raw,8,5779,6347.949,5200.000,true
baseline,3,named_derived,8,709,16130.324,17800.000,true
baseline,3,raw_select_columns,8,8785,1831.827,1952.000,true
baseline,3,named_union_raw,8,3258,6466.298,5200.000,true
baseline,3,mybatis_naming_KEBAB_CASE,8,2663,12086.932,9368.000,true
baseline,3,mybatis_subquery_raw,8,28862,1122.989,2272.000,true
baseline,3,named_retry_rollback,8,4019,6523.613,8264.000,true
baseline,3,named_select_columns,8,25133,1663.506,1952.000,true
baseline,3,named_batch_64,8,549,73326.230,136456.000,true
baseline,3,raw_derived,8,1766,13889.354,15848.000,true
baseline,3,raw_group_order,8,5851,4232.114,6432.000,true
baseline,3,raw_union_raw,8,6063,5253.093,5200.000,true
baseline,3,named_in_256,8,764,45485.733,90712.000,true
baseline,3,named_update_map,8,9787,3414.019,4752.000,true
baseline,3,raw_subquery_raw,8,25171,1206.921,2272.000,true
baseline,3,raw_where_16,8,2556,8543.192,8840.000,true
baseline,3,named_update_chain_16,8,503,28559.046,47000.000,true
baseline,3,custom_handler_where,8,3291,11799.818,10616.000,true
baseline,3,mybatis_insert_values,8,15815,2043.699,2744.000,true
baseline,3,positional_select_columns,8,26019,1347.554,1952.000,true
baseline,3,raw_union_builder,8,3609,9934.830,10160.000,true
baseline,3,raw_join_using,8,17986,1918.698,3176.000,true
baseline,3,mybatis_naming_UPPER_CAMEL_CASE,8,3289,10018.638,9368.000,true
baseline,3,positional_in_expression,8,3915,7345.390,9760.000,true
baseline,3,raw_row_in,8,7699,2173.191,3136.000,true
baseline,3,positional_condition_only,8,5173,6146.240,4872.000,true
baseline,3,positional_mixed_literals,8,16354,2065.238,2800.000,true
baseline,3,mybatis_batch_4,8,6707,3401.595,8888.000,true
baseline,3,raw_batch_4,8,7063,4538.808,7688.000,false
baseline,3,named_naming_SCREAMING_SNAKE_CASE,8,3313,15669.454,10600.000,true
baseline,3,named_naming_NO_CHANGE,8,4008,13545.210,9624.000,true
baseline,3,positional_row_in,8,14191,1824.917,2624.000,true
baseline,3,positional_delete,8,61103,637.434,1504.000,true
baseline,3,mybatis_pagination,8,9714,2534.208,3832.000,true
baseline,3,mybatis_select_expressions,8,3618,4636.761,2728.000,true
baseline,3,mybatis_between,8,8172,2586.050,3592.000,true
baseline,3,raw_select_entity,8,7673,1278.496,2000.000,true
baseline,3,positional_raw_expression,8,12739,2886.922,2624.000,true
baseline,3,mybatis_derived,8,1611,26414.277,17192.000,true
baseline,3,raw_naming_NO_CHANGE,8,4671,10326.611,7880.000,true
baseline,3,raw_in_expression,8,694,34152.450,56616.000,true
baseline,3,positional_derived,8,2198,15248.863,15296.000,true
baseline,3,mybatis_mixed_literals,8,11908,2611.471,3504.000,true
baseline,3,mybatis_where_16,8,1703,9460.129,9368.000,true
baseline,3,raw_insert_values,8,7744,1793.401,2464.000,false
baseline,3,named_insert_values,8,11202,1928.057,3048.000,true
baseline,3,mybatis_late_modifier,8,10458,1404.944,2680.000,true
baseline,3,named_naming_KEBAB_CASE,8,3018,11349.901,10584.000,true
baseline,3,raw_repeated_names,8,353,56641.076,53896.000,true
baseline,3,named_batch_4,8,6182,5852.346,9840.000,true
baseline,3,positional_insert_entity,8,38076,1181.067,1816.000,true
baseline,3,mybatis_where_eq,8,8884,2287.674,2984.000,true
baseline,3,named_condition_only,8,3449,12721.455,9560.000,true
baseline,3,positional_naming_SCREAMING_SNAKE_CASE,8,4385,9322.851,5904.000,true
baseline,3,raw_join_on,8,10469,4016.487,3952.000,true
baseline,3,mybatis_union_builder,8,1546,18518.823,16696.000,true
baseline,3,raw_naming_CAMEL_CASE,9,4971,9685.677,7880.000,true
baseline,3,mybatis_in_1024,9,142,213934.507,281472.000,true
baseline,3,named_delete,9,38991,1086.228,1960.000,true
baseline,3,positional_group_order,9,4744,6773.714,6336.000,true
baseline,3,named_select_star,9,63196,594.039,1424.000,true
baseline,3,mybatis_union_raw,9,6124,6273.269,5200.000,true
baseline,3,named_in_256,9,764,58525.262,90712.000,true
baseline,3,mybatis_retry_rollback,9,2598,9572.094,7592.000,true
baseline,3,named_nested,9,13164,3203.077,3648.000,true
baseline,3,positional_naming_UPPER_CAMEL_CASE,9,4538,8980.564,5888.000,true
baseline,3,mybatis_batch_beans,9,2632,14820.479,22152.000,true
baseline,3,raw_retry_rollback,9,4301,7430.923,6376.000,true
baseline,3,raw_nested,9,9965,3168.781,3280.000,true
baseline,3,mybatis_mixed_literals,9,11908,3521.666,3504.000,true
baseline,3,raw_where_eq,9,9519,1839.584,2784.000,true
baseline,3,mybatis_union_builder,9,1546,22079.043,16696.000,true
baseline,3,raw_in_1024,9,155,145828.387,220248.000,true
baseline,3,custom_handler_where,9,3291,12845.275,10616.000,true
baseline,3,positional_batch_64,9,1097,37127.985,73720.000,true
baseline,3,mybatis_nested,9,12284,3731.920,3464.000,true
baseline,3,raw_insert_values,9,7744,2730.630,2464.000,false
baseline,3,mybatis_between,9,8172,2947.283,3592.000,true
baseline,3,mybatis_insert_values,9,15815,2147.626,2744.000,true
baseline,3,positional_join_on,9,12024,3243.114,3832.000,true
baseline,3,mybatis_naming_CAMEL_CASE,9,4193,10258.359,8408.000,true
baseline,3,named_pagination,9,14061,2777.320,4072.000,true
baseline,3,positional_in_17,9,23595,1655.724,2672.000,true
baseline,3,raw_update_chain_16,9,2415,19882.981,25448.000,true
baseline,3,positional_derived,9,2198,15834.850,15296.000,true
baseline,3,positional_naming_NO_CHANGE,9,6056,6711.311,4928.000,true
baseline,3,mybatis_naming_SCREAMING_SNAKE_CASE,9,3139,14290.284,9384.000,true
baseline,3,named_derived,9,709,18839.774,17800.000,true
baseline,3,positional_subquery_raw,9,29404,1307.805,2272.000,true
baseline,3,positional_select_star,9,81822,567.190,1424.000,true
baseline,3,raw_where_128,9,222,77966.667,56496.000,true
baseline,3,raw_update_map,9,13569,3537.195,3592.000,false
baseline,3,mybatis_select_star,9,67961,1249.943,1424.000,true
baseline,3,mybatis_select_entity,9,30140,1230.534,2000.000,true
baseline,3,named_between,9,12960,2916.875,3800.000,true
baseline,3,named_where_16,9,3085,12669.951,10584.000,true
baseline,3,positional_naming_KEBAB_CASE,9,4480,10231.496,5888.000,true
baseline,3,raw_batch_beans,9,1967,14373.106,16968.000,false
baseline,3,positional_select_entity,9,37200,1317.134,2000.000,true
baseline,3,raw_between,9,8650,2592.844,3384.000,true
baseline,3,raw_insert_entity,9,25094,2102.128,2176.000,false
baseline,3,named_naming_CAMEL_CASE,9,4017,11167.687,9624.000,true
baseline,3,positional_in_1024,9,1393,27125.556,28504.000,true
baseline,3,raw_batch_4,9,7063,4449.596,7688.000,false
baseline,3,named_row_in,9,14222,2215.975,4016.000,true
baseline,3,named_update_chain_16,9,503,33479.324,47000.000,true
baseline,3,mybatis_insert_placeholders,9,20012,1919.173,2584.000,true
baseline,3,named_subquery_structured,9,8848,2989.625,5488.000,true
baseline,3,mybatis_batch_4,9,6707,4112.972,8888.000,true
baseline,3,positional_naming_CAMEL_CASE,9,6289,4420.401,4928.000,true
baseline,3,mybatis_naming_KEBAB_CASE,9,2663,10106.722,9368.000,true
baseline,3,raw_group_order,9,5851,5867.048,6432.000,true
baseline,3,named_select_entity,9,31480,895.330,2000.000,true
baseline,3,mybatis_update_map,9,11837,3372.451,4224.000,true
baseline,3,positional_where_eq,9,21698,1447.567,2664.000,true
baseline,3,positional_repeated_names,9,1279,28629.476,30360.000,true
baseline,3,named_repeated_names,9,773,60865.977,64920.000,true
baseline,3,positional_late_modifier,9,26944,1487.752,2360.000,true
baseline,3,positional_batch_4,9,10528,3890.207,6072.000,true
baseline,3,raw_naming_NO_CHANGE,9,4671,9455.877,7880.000,true
baseline,3,raw_condition_only,9,1975,12498.278,7816.000,true
baseline,3,raw_where_16,9,2556,11442.919,8840.000,true
baseline,3,raw_naming_SCREAMING_SNAKE_CASE,9,3260,10954.571,8856.000,true
baseline,3,raw_raw_expression,9,11207,2774.480,2624.000,true
baseline,3,named_union_raw,9,3258,4278.760,5200.000,true
baseline,3,named_select_expressions,9,6457,2699.458,2728.000,true
baseline,3,positional_row_in,9,14191,1335.981,2624.000,true
baseline,3,raw_in_17,9,5683,2336.882,5816.000,true
baseline,3,positional_delete,9,61103,458.405,1504.000,true
baseline,3,mybatis_in_256,9,562,26776.868,72760.000,true
baseline,3,positional_insert_placeholders,9,29998,775.338,1944.000,true
baseline,3,named_dialect_Oracle,9,12317,1754.632,4272.000,true
baseline,3,positional_insert_values,9,25114,994.051,2104.000,true
baseline,3,positional_dialect_Oracle,9,18253,1570.257,3496.000,true
baseline,3,named_naming_UPPER_CAMEL_CASE,9,3286,8169.842,10584.000,true
baseline,3,named_insert_values,9,11202,1297.536,3048.000,true
baseline,3,named_dialect_PostgreSQL,9,13980,1634.828,4144.000,true
baseline,3,raw_union_raw,9,6063,3624.427,5200.000,true
baseline,3,named_batch_4,9,6182,3301.812,9840.000,true
baseline,3,raw_join_using,9,17986,1247.459,3176.000,true
baseline,3,raw_subquery_raw,9,25171,635.382,2272.000,true
baseline,3,positional_nested,9,14479,1324.339,2952.000,true
baseline,3,named_dialect_DB2,9,14517,1690.012,4320.000,true
baseline,3,mybatis_update_chain_16,9,1418,15656.206,39960.000,true
baseline,3,positional_insert_entity,9,38076,622.980,1816.000,true
baseline,3,positional_where_16,9,4415,5691.710,5888.000,true
baseline,3,named_raw_expression,9,10903,1700.055,2624.000,true
baseline,3,raw_repeated_names,9,353,25208.215,53896.000,true
baseline,3,raw_in_256,9,560,23544.643,56640.000,true
baseline,3,named_batch_64,9,549,44559.563,136456.000,true
baseline,3,mybatis_subquery_structured,9,10418,2145.805,5256.000,true
baseline,3,raw_mixed_literals,9,8117,2081.631,3192.000,true
baseline,3,positional_raw_expression,9,12739,1941.322,2624.000,true
baseline,3,mybatis_row_in,9,6934,1693.539,3704.000,true
baseline,3,named_group_order,9,3184,4489.887,7688.000,true
baseline,3,named_naming_SCREAMING_SNAKE_CASE,9,3313,7044.974,10600.000,true
baseline,3,mybatis_join_using,9,18899,1159.876,3376.000,true
baseline,3,named_dialect_MySQL,9,12862,1443.858,4144.000,true
baseline,3,positional_subquery_structured,9,12561,1642.911,4704.000,true
baseline,3,raw_join_on,9,10469,1880.648,3952.000,true
baseline,3,positional_condition_only,9,5173,4022.231,4872.000,true
baseline,3,mybatis_group_order,9,3932,4536.343,7288.000,true
baseline,3,raw_derived,9,1766,9824.972,15848.000,true
baseline,3,positional_select_columns,9,26019,850.148,1952.000,true
baseline,3,mybatis_where_eq,9,8884,1043.145,2984.000,true
baseline,3,mybatis_naming_NO_CHANGE,9,3430,5060.146,8408.000,true
baseline,3,mybatis_delete,9,44928,484.862,1832.000,true
baseline,3,named_select_columns,9,25133,838.308,1952.000,true
baseline,3,named_in_16,9,8106,2430.792,7600.000,true
baseline,3,named_retry_rollback,9,4019,6807.440,8264.000,true
baseline,3,raw_row_in,9,7699,1313.404,3136.000,true
baseline,3,custom_handler_union,9,1420,10807.958,16536.000,true
baseline,3,named_update_map,9,9787,2099.755,4752.000,true
baseline,3,positional_dialect_PostgreSQL,9,16074,1211.590,3360.000,true
baseline,3,mybatis_where_16,9,1703,6180.916,9368.000,true
baseline,3,positional_naming_SCREAMING_SNAKE_CASE,9,4385,5199.863,5904.000,true
baseline,3,named_insert_placeholders,9,9080,993.888,2888.000,true
baseline,3,named_where_eq,9,18845,1125.126,3120.000,true
baseline,3,named_in_17,9,8765,2456.167,7888.000,true
baseline,3,named_in_expression,9,710,32680.986,90680.000,true
baseline,3,mybatis_subquery_raw,9,28862,605.305,2272.000,true
baseline,3,mybatis_insert_entity,9,22418,922.754,2456.000,true
baseline,3,positional_dialect_MySQL,9,16079,1247.167,3360.000,true
baseline,3,named_join_on,9,5979,1896.488,4288.000,true
baseline,3,mybatis_select_expressions,9,3618,2183.029,2728.000,true
baseline,3,named_mixed_literals,9,11330,1945.093,3768.000,true
baseline,3,mybatis_pagination,9,9714,1361.653,3832.000,true
baseline,3,mybatis_repeated_names,9,730,40231.096,55944.000,true
baseline,3,mybatis_raw_expression,9,6530,2178.714,2624.000,true
baseline,3,named_in_1024,9,133,196089.474,353216.000,true
baseline,3,positional_dialect_Microsoft_SQL_Server,9,14663,1617.411,3544.000,true
baseline,3,named_condition_only,9,3449,6514.845,9560.000,true
baseline,3,positional_union_raw,9,5779,3728.898,5200.000,true
baseline,3,raw_union_builder,9,3609,6416.487,10160.000,true
baseline,3,mybatis_where_128,9,378,51424.868,61280.000,true
baseline,3,named_insert_entity,9,20067,1000.952,2760.000,true
baseline,3,positional_in_16,9,24336,894.564,2656.000,true
baseline,3,named_late_modifier,9,21457,974.442,2816.000,true
baseline,3,positional_update_chain_16,9,3006,6923.952,22360.000,true
baseline,3,raw_subquery_structured,9,12612,1647.494,4616.000,true
baseline,3,raw_delete,9,51157,447.262,1624.000,true
baseline,3,mybatis_condition_only,9,2358,6981.679,8344.000,true
baseline,3,named_dialect_Microsoft_SQL_Server,9,13372,2889.014,4320.000,true
baseline,3,mybatis_join_on,9,10800,2473.157,4152.000,true
baseline,3,mybatis_select_columns,9,25023,1133.701,1952.000,true
baseline,3,positional_pagination,9,18401,1216.771,3288.000,true
baseline,3,mybatis_in_expression,9,771,32735.409,72776.000,true
baseline,3,mybatis_naming_UPPER_CAMEL_CASE,9,3289,7976.406,9368.000,true
baseline,3,positional_between,9,16269,1742.891,3056.000,true
baseline,3,positional_in_256,9,4023,6073.279,9576.000,true
baseline,3,raw_select_star,9,26508,423.370,1424.000,true
baseline,3,positional_where_128,9,592,41141.892,32808.000,true
baseline,3,mybatis_batch_64,9,572,41971.503,120440.000,true
baseline,3,positional_retry_rollback,9,4691,4862.268,5872.000,true
baseline,3,positional_in_expression,9,3915,5059.157,9760.000,true
baseline,3,raw_select_entity,9,7673,743.725,2000.000,true
baseline,3,raw_pagination,9,17536,1218.579,3400.000,true
baseline,3,raw_select_expressions,9,9368,3408.497,2728.000,true
baseline,3,mybatis_late_modifier,9,10458,1045.353,2680.000,true
baseline,3,named_subquery_raw,9,17116,841.371,2272.000,true
baseline,3,mybatis_in_17,9,5512,3220.936,6752.000,true
baseline,3,positional_dialect_DB2,9,14637,1936.107,3544.000,true
baseline,3,positional_select_expressions,9,9592,3335.415,2728.000,true
baseline,3,named_naming_NO_CHANGE,9,4008,7491.517,9624.000,true
baseline,3,named_join_using,9,14007,1388.927,3512.000,true
baseline,3,raw_insert_placeholders,9,29106,984.185,1944.000,true
baseline,3,positional_update_map,9,19870,1309.758,3024.000,true
baseline,3,raw_in_16,9,6133,1819.827,5600.000,true
baseline,3,positional_batch_beans,9,2401,4094.752,10536.000,true
baseline,3,raw_select_columns,9,8785,950.871,1952.000,true
baseline,3,named_where_128,9,418,52671.053,71280.000,true
baseline,3,positional_union_builder,9,3781,6097.567,9768.000,true
baseline,3,raw_naming_UPPER_CAMEL_CASE,9,3459,6233.912,8840.000,true
baseline,3,raw_batch_64,9,693,32895.094,98888.000,false
baseline,3,named_naming_KEBAB_CASE,9,3018,6849.901,10584.000,true
baseline,3,raw_late_modifier,9,26345,883.029,2480.000,true
baseline,3,raw_naming_KEBAB_CASE,9,3612,5985.437,8840.000,true
baseline,3,mybatis_derived,9,1611,12762.135,17192.000,true
baseline,3,mybatis_in_16,9,3930,2232.443,6512.000,true
baseline,3,named_batch_beans,9,2180,8943.349,26136.000,true
baseline,3,named_union_builder,9,982,11241.752,17272.000,true
baseline,3,raw_in_expression,9,694,18691.354,56616.000,true
baseline,3,positional_join_using,9,20545,1034.587,3056.000,true
baseline,3,positional_mixed_literals,9,16354,1402.709,2800.000,true
