version,fork,case,round,operations,ns_per_op,bytes_per_op,equivalent
baseline,5,raw_join_using,1,11446,1143.360,3176.000,true
baseline,5,raw_batch_64,1,642,31289.252,97344.000,false
baseline,5,positional_repeated_names,1,1402,17267.261,30360.000,true
baseline,5,raw_naming_KEBAB_CASE,1,3545,7261.834,8840.000,true
baseline,5,raw_in_1024,1,240,81577.500,220248.000,true
baseline,5,mybatis_naming_KEBAB_CASE,1,3607,8057.333,8984.000,true
baseline,5,named_dialect_Oracle,1,14711,2357.569,4272.000,true
baseline,5,raw_in_16,1,7506,2052.611,5600.000,true
baseline,5,mybatis_insert_placeholders,1,18025,1740.677,2584.000,true
baseline,5,raw_update_map,1,15191,2190.758,3592.000,false
baseline,5,mybatis_naming_NO_CHANGE,1,4025,8985.615,8024.000,true
baseline,5,mybatis_batch_4,1,5805,4131.921,8784.000,true
baseline,5,mybatis_select_entity,1,32641,767.703,2000.000,true
baseline,5,positional_in_1024,1,1557,18413.295,28504.000,true
baseline,5,named_between,1,9118,1780.752,3800.000,true
baseline,5,positional_naming_KEBAB_CASE,1,4678,5624.583,5888.000,true
baseline,5,positional_raw_expression,1,13595,1778.735,2624.000,true
baseline,5,raw_late_modifier,1,15145,986.590,2480.000,true
baseline,5,mybatis_in_17,1,8774,2548.974,6344.000,true
baseline,5,named_update_chain_16,1,1057,26674.929,47000.000,true
baseline,5,positional_dialect_Microsoft_SQL_Server,1,16950,2250.755,3544.000,true
baseline,5,raw_retry_rollback,1,3425,4925.372,6376.000,true
baseline,5,named_dialect_PostgreSQL,1,14489,2510.111,4144.000,true
baseline,5,named_insert_values,1,9122,2177.856,3048.000,true
baseline,5,positional_in_16,1,24845,1669.559,2656.000,true
baseline,5,mybatis_naming_CAMEL_CASE,1,4566,8087.341,8024.000,true
baseline,5,raw_raw_expression,1,6665,2935.379,2624.000,true
baseline,5,positional_mixed_literals,1,16772,2058.848,2800.000,true
baseline,5,raw_subquery_raw,1,32497,1115.168,2272.000,true
baseline,5,raw_mixed_literals,1,6981,3383.412,3192.000,true
baseline,5,custom_handler_where,1,3492,9756.157,10616.000,true
baseline,5,positional_dialect_Oracle,1,18975,1788.364,3496.000,true
baseline,5,positional_subquery_structured,1,14428,2370.876,4704.000,true
baseline,5,positional_where_16,1,4829,7572.085,5888.000,true
baseline,5,positional_in_expression,1,4833,6385.082,9760.000,true
baseline,5,mybatis_subquery_structured,1,7047,2655.882,5232.000,true
baseline,5,positional_insert_entity,1,36035,1014.056,1816.000,true
baseline,5,named_naming_NO_CHANGE,1,3553,9873.065,9624.000,true
baseline,5,mybatis_join_on,1,10041,2579.942,4128.000,true
baseline,5,mybatis_select_star,1,35401,471.433,1424.000,true
baseline,5,raw_select_entity,1,19323,1173.224,2000.000,true
baseline,5,mybatis_where_eq,1,17816,1548.339,2960.000,true
baseline,5,positional_naming_CAMEL_CASE,1,5990,5504.858,4928.000,true
baseline,5,raw_naming_SCREAMING_SNAKE_CASE,1,3456,9075.463,8856.000,true
baseline,5,mybatis_union_builder,1,1566,17978.416,16648.000,true
baseline,5,named_in_17,1,7942,3118.572,7888.000,true
baseline,5,raw_repeated_names,1,438,37039.498,53896.000,true
baseline,5,mybatis_batch_beans,1,1705,10642.053,22080.000,true
baseline,5,positional_retry_rollback,1,6460,5703.189,5872.000,true
baseline,5,raw_naming_NO_CHANGE,1,4397,7388.856,7880.000,true
baseline,5,raw_where_128,1,402,67714.677,56496.000,true
baseline,5,named_late_modifier,1,22488,1148.955,2816.000,true
baseline,5,raw_select_expressions,1,7820,2625.192,2728.000,true
baseline,5,named_insert_entity,1,15352,1111.953,2760.000,true
baseline,5,raw_naming_CAMEL_CASE,1,4943,5213.393,7880.000,true
baseline,5,raw_nested,1,8678,1672.413,3280.000,true
baseline,5,named_raw_expression,1,12783,2051.381,2624.000,true
baseline,5,named_in_256,1,433,37511.547,90712.000,true
baseline,5,raw_batch_beans,1,2419,13721.042,16896.000,false
baseline,5,mybatis_naming_UPPER_CAMEL_CASE,1,2628,11737.671,8984.000,true
baseline,5,named_subquery_raw,1,29984,1099.917,2272.000,true
baseline,5,mybatis_subquery_raw,1,25288,991.506,2272.000,true
baseline,5,mybatis_in_1024,1,168,117051.786,256896.000,true
baseline,5,mybatis_mixed_literals,1,9492,2772.914,3432.000,true
baseline,5,mybatis_union_raw,1,5509,5705.573,5200.000,true
baseline,5,positional_update_map,1,17658,1912.119,3024.000,true
baseline,5,named_in_16,1,6981,4299.756,7600.000,true
baseline,5,named_dialect_DB2,1,14067,2203.505,4320.000,true
baseline,5,mybatis_row_in,1,8045,1989.310,3608.000,true
baseline,5,positional_dialect_DB2,1,17802,1621.234,3544.000,true
baseline,5,raw_update_chain_16,1,2444,14775.696,25448.000,true
baseline,5,named_batch_4,1,3423,4373.327,9736.000,true
baseline,5,named_join_using,1,10817,2010.021,3512.000,true
baseline,5,positional_dialect_PostgreSQL,1,18744,2020.220,3360.000,true
baseline,5,named_dialect_MySQL,1,14569,2405.120,4144.000,true
baseline,5,positional_join_on,1,11901,3234.048,3832.000,true
baseline,5,named_batch_64,1,346,63678.324,134912.000,true
baseline,5,positional_naming_SCREAMING_SNAKE_CASE,1,4764,5929.408,5904.000,true
baseline,5,named_where_eq,1,14494,1257.803,3120.000,true
baseline,5,raw_row_in,1,14214,1613.128,3136.000,true
baseline,5,mybatis_pagination,1,15454,1894.429,3808.000,true
baseline,5,named_select_columns,1,21475,1393.863,1952.000,true
baseline,5,positional_join_using,1,20440,1698.816,3056.000,true
baseline,5,named_dialect_Microsoft_SQL_Server,1,12838,2113.585,4320.000,true
baseline,5,positional_in_17,1,24831,1104.627,2672.000,true
baseline,5,named_naming_SCREAMING_SNAKE_CASE,1,3207,6668.444,10600.000,true
baseline,5,named_condition_only,1,1737,6797.870,9560.000,true
baseline,5,named_union_builder,1,806,12795.285,17272.000,true
baseline,5,raw_pagination,1,8636,1598.645,3400.000,true
baseline,5,positional_insert_placeholders,1,19282,1462.488,1944.000,true
baseline,5,mybatis_naming_SCREAMING_SNAKE_CASE,1,3473,7750.561,9000.000,true
baseline,5,mybatis_nested,1,6427,1748.156,3416.000,true
baseline,5,positional_where_eq,1,22467,1362.977,2664.000,true
baseline,5,raw_between,1,14034,1792.447,3384.000,true
baseline,5,positional_batch_64,1,136,22974.265,72176.000,true
baseline,5,named_join_on,1,11444,2778.032,4288.000,true
baseline,5,positional_select_expressions,1,8912,2942.404,2728.000,true
baseline,5,raw_where_16,1,2317,7982.607,8840.000,true
baseline,5,named_pagination,1,10072,1362.748,4072.000,true
baseline,5,raw_union_builder,1,2245,6003.207,10160.000,true
baseline,5,positional_union_builder,1,3829,6104.570,9768.000,true
baseline,5,raw_join_on,1,6476,1927.548,3952.000,true
baseline,5,named_repeated_names,1,568,29367.254,64920.000,true
baseline,5,mybatis_update_chain_16,1,1301,14182.859,39936.000,true
baseline,5,raw_batch_4,1,6957,2712.649,7584.000,false
baseline,5,positional_row_in,1,19018,1095.914,2624.000,true
baseline,5,mybatis_in_expression,1,700,22926.714,66656.000,true
baseline,5,mybatis_select_expressions,1,5315,2193.114,2728.000,true
baseline,5,raw_insert_placeholders,1,17032,765.036,1944.000,true
baseline,5,raw_union_raw,1,5048,3460.737,5200.000,true
baseline,5,raw_subquery_structured,1,14239,1567.301,4616.000,true
baseline,5,raw_select_columns,1,10696,929.478,1952.000,true
baseline,5,named_group_order,1,2553,4119.428,7688.000,true
baseline,5,mybatis_where_16,1,3415,6570.747,8984.000,true
baseline,5,raw_derived,1,1158,10002.073,15848.000,true
baseline,5,mybatis_late_modifier,1,15409,961.341,2656.000,true
baseline,5,positional_select_columns,1,18938,1000.465,1952.000,true
baseline,5,raw_insert_values,1,8262,1212.660,2464.000,false
baseline,5,mybatis_raw_expression,1,9958,1662.764,2624.000,true
baseline,5,mybatis_delete,1,40724,455.378,1808.000,true
baseline,5,mybatis_insert_entity,1,11341,853.461,2456.000,true
baseline,5,named_mixed_literals,1,6468,1475.928,3768.000,true
baseline,5,positional_union_raw,1,6157,3304.986,5200.000,true
baseline,5,mybatis_select_columns,1,22764,811.703,1952.000,true
baseline,5,mybatis_batch_64,1,631,36108.082,118896.000,true
baseline,5,named_batch_beans,1,1286,8744.479,26064.000,true
baseline,5,raw_in_expression,1,926,17933.693,56616.000,true
baseline,5,raw_in_17,1,10215,1781.909,5816.000,true
baseline,5,positional_naming_UPPER_CAMEL_CASE,1,2246,4501.781,5888.000,true
baseline,5,named_where_16,1,2219,6518.342,10584.000,true
baseline,5,named_update_map,1,6160,1954.854,4752.000,true
baseline,5,custom_handler_union,1,1751,11338.492,16536.000,true
baseline,5,named_select_star,1,78329,308.005,1424.000,true
baseline,5,mybatis_between,1,13958,1496.869,3544.000,true
baseline,5,mybatis_insert_values,1,17383,1214.687,2744.000,true
baseline,5,raw_where_eq,1,13720,1002.471,2784.000,true
baseline,5,mybatis_join_using,1,16720,1062.189,3352.000,true
baseline,5,raw_select_star,1,49967,306.322,1424.000,true
baseline,5,positional_group_order,1,5093,3167.426,6336.000,true
baseline,5,raw_group_order,1,4811,3363.937,6432.000,true
baseline,5,positional_delete,1,42988,445.752,1504.000,true
baseline,5,named_union_raw,1,3060,3320.621,5200.000,true
baseline,5,mybatis_in_256,1,794,25158.942,66616.000,true
baseline,5,named_naming_CAMEL_CASE,1,3909,5308.084,9624.000,true
baseline,5,positional_select_star,1,80925,309.907,1424.000,true
baseline,5,positional_subquery_raw,1,31453,818.284,2272.000,true
baseline,5,positional_naming_NO_CHANGE,1,6517,4024.827,4928.000,true
baseline,5,positional_insert_values,1,25356,939.087,2104.000,true
baseline,5,positional_dialect_MySQL,1,19357,1105.161,3360.000,true
baseline,5,named_derived,1,1884,13198.567,17800.000,true
baseline,5,named_subquery_structured,1,6846,1948.671,5488.000,true
baseline,5,positional_late_modifier,1,29114,698.719,2360.000,true
baseline,5,mybatis_repeated_names,1,542,24474.354,52872.000,true
baseline,5,mybatis_update_map,1,9010,1724.129,4200.000,true
baseline,5,positional_derived,1,2196,9316.621,15296.000,true
baseline,5,positional_in_256,1,4749,4869.741,9576.000,true
baseline,5,raw_insert_entity,1,13128,807.671,2176.000,false
baseline,5,named_delete,1,41314,530.539,1960.000,true
baseline,5,named_select_expressions,1,8263,2265.533,2728.000,true
baseline,5,positional_nested,1,17490,1469.503,2952.000,true
baseline,5,positional_select_entity,1,38227,683.174,2000.000,true
baseline,5,mybatis_where_128,1,449,49698.664,58208.000,true
baseline,5,positional_update_chain_16,1,3303,7461.066,22360.000,true
baseline,5,named_naming_KEBAB_CASE,1,3507,6876.447,10584.000,true
baseline,5,mybatis_derived,1,967,11692.865,17144.000,true
baseline,5,named_in_expression,1,389,29703.342,90680.000,true
baseline,5,mybatis_condition_only,1,2859,5409.059,7960.000,true
baseline,5,named_nested,1,7588,1510.648,3648.000,true
baseline,5,raw_in_256,1,1103,20077.153,56640.000,true
baseline,5,named_insert_placeholders,1,16156,1154.531,2920.000,true
baseline,5,positional_where_128,1,655,35165.038,32808.000,true
baseline,5,named_where_128,1,198,51527.273,71280.000,true
baseline,5,positional_batch_beans,1,5397,4864.628,10464.000,true
baseline,5,mybatis_in_16,1,9719,2674.596,6128.000,true
baseline,5,mybatis_group_order,1,5361,4522.085,7264.000,true
baseline,5,named_retry_rollback,1,3508,5138.540,8264.000,true
baseline,5,raw_naming_UPPER_CAMEL_CASE,1,2310,6655.758,8840.000,true
baseline,5,positional_batch_4,1,1833,3376.214,5968.000,true
baseline,5,positional_condition_only,1,5720,4636.923,4872.000,true
baseline,5,raw_delete,1,38560,499.393,1624.000,true
baseline,5,named_select_entity,1,34111,618.141,2000.000,true
baseline,5,positional_pagination,1,19188,1125.167,3288.000,true
baseline,5,named_in_1024,1,92,150559.783,353216.000,true
baseline,5,raw_condition_only,1,2056,5036.770,7816.000,true
baseline,5,mybatis_retry_rollback,1,3888,4793.647,7568.000,true
baseline,5,positional_between,1,18663,1109.913,3056.000,true
baseline,5,named_naming_UPPER_CAMEL_CASE,1,2635,6619.507,10584.000,true
baseline,5,named_row_in,1,7330,1389.127,4016.000,true
baseline,5,mybatis_row_in,2,8045,1461.243,3608.000,true
baseline,5,mybatis_join_using,2,16720,1040.622,3352.000,true
baseline,5,named_derived,2,1884,11437.686,17800.000,true
baseline,5,mybatis_pagination,2,15454,1193.393,3808.000,true
baseline,5,named_insert_entity,2,15352,983.624,2760.000,true
baseline,5,positional_naming_UPPER_CAMEL_CASE,2,2246,4772.084,5888.000,true
baseline,5,raw_in_1024,2,240,76644.167,220248.000,true
baseline,5,named_union_builder,2,806,10993.052,17272.000,true
baseline,5,mybatis_batch_beans,2,1705,7987.449,22080.000,true
baseline,5,raw_naming_UPPER_CAMEL_CASE,2,2310,6388.701,8840.000,true
baseline,5,named_batch_4,2,3423,3959.188,9736.000,true
baseline,5,mybatis_insert_placeholders,2,18025,1266.519,2584.000,true
baseline,5,raw_late_modifier,2,15145,834.843,2480.000,true
baseline,5,raw_delete,2,38560,581.183,1624.000,true
baseline,5,raw_pagination,2,8636,1626.969,3400.000,true
baseline,5,named_insert_placeholders,2,16156,1801.510,2920.000,true
baseline,5,named_in_1024,2,92,149375.000,353216.000,true
baseline,5,positional_insert_entity,2,36035,625.492,1816.000,true
baseline,5,named_in_17,2,7942,2688.290,7888.000,true
baseline,5,named_pagination,2,10072,1501.231,4072.000,true
baseline,5,mybatis_batch_4,2,5805,3621.757,8784.000,true
baseline,5,named_between,2,9118,1591.204,3800.000,true
baseline,5,positional_naming_KEBAB_CASE,2,4678,4683.241,5888.000,true
baseline,5,positional_join_using,2,20440,947.211,3056.000,true
baseline,5,mybatis_select_columns,2,22764,836.610,1952.000,true
baseline,5,mybatis_select_star,2,35401,334.567,1424.000,true
baseline,5,positional_subquery_structured,2,14428,1576.497,4704.000,true
baseline,5,custom_handler_where,2,3492,6085.882,10616.000,true
baseline,5,positional_mixed_literals,2,16772,1271.572,2800.000,true
baseline,5,raw_derived,2,1158,11806.995,15848.000,true
baseline,5,raw_in_17,2,10215,1875.957,5816.000,true
baseline,5,named_in_256,2,433,26887.067,90712.000,true
baseline,5,positional_batch_64,2,136,31579.412,72176.000,true
baseline,5,mybatis_derived,2,967,12201.551,17144.000,true
baseline,5,raw_subquery_structured,2,14239,1696.376,4616.000,true
baseline,5,raw_where_16,2,2317,5682.736,8840.000,true
baseline,5,mybatis_nested,2,6427,1384.658,3416.000,true
baseline,5,positional_where_16,2,4829,4918.430,5888.000,true
baseline,5,mybatis_naming_UPPER_CAMEL_CASE,2,2628,6330.479,8984.000,true
baseline,5,positional_dialect_MySQL,2,19357,1173.937,3360.000,true
baseline,5,raw_join_using,2,11446,919.692,3176.000,true
baseline,5,positional_union_raw,2,6157,3517.768,5200.000,true
baseline,5,named_mixed_literals,2,6468,1823.207,3768.000,true
baseline,5,named_condition_only,2,1737,6090.846,9560.000,true
baseline,5,mybatis_select_expressions,2,5315,2257.140,2728.000,true
baseline,5,raw_between,2,14034,1367.458,3384.000,true
baseline,5,named_update_map,2,6160,2263.734,4752.000,true
baseline,5,positional_in_16,2,24845,976.667,2656.000,true
baseline,5,mybatis_late_modifier,2,15409,1009.962,2656.000,true
baseline,5,mybatis_update_chain_16,2,1301,16424.750,39936.000,true
baseline,5,raw_where_eq,2,13720,1226.232,2784.000,true
baseline,5,mybatis_mixed_literals,2,9492,1628.909,3432.000,true
baseline,5,positional_repeated_names,2,1402,17660.770,30360.000,true
baseline,5,raw_select_entity,2,19323,849.382,2000.000,true
baseline,5,raw_subquery_raw,2,32497,821.485,2272.000,true
baseline,5,mybatis_insert_entity,2,11341,1501.640,2456.000,true
baseline,5,raw_mixed_literals,2,6981,2176.107,3192.000,true
baseline,5,positional_batch_4,2,1833,2297.436,5968.000,true
baseline,5,positional_derived,2,2196,12366.485,15296.000,true
baseline,5,positional_naming_CAMEL_CASE,2,5990,4967.212,4928.000,true
baseline,5,raw_batch_4,2,6957,3585.885,7584.000,false
baseline,5,named_update_chain_16,2,1057,26157.048,47000.000,true
baseline,5,named_subquery_raw,2,29984,804.289,2272.000,true
baseline,5,positional_select_star,2,80925,373.492,1424.000,true
baseline,5,raw_update_chain_16,2,2444,10534.165,25448.000,true
baseline,5,raw_in_256,2,1103,23647.416,56640.000,true
baseline,5,mybatis_naming_NO_CHANGE,2,4025,4912.894,8024.000,true
baseline,5,raw_nested,2,8678,1587.716,3280.000,true
baseline,5,mybatis_union_builder,2,1566,12835.632,16648.000,true
baseline,5,positional_naming_NO_CHANGE,2,6517,4586.205,4928.000,true
baseline,5,positional_naming_SCREAMING_SNAKE_CASE,2,4764,5848.950,5904.000,true
baseline,5,positional_union_builder,2,3829,7125.672,9768.000,true
baseline,5,positional_dialect_Microsoft_SQL_Server,2,16950,1624.779,3544.000,true
baseline,5,positional_join_on,2,11901,3285.934,3832.000,true
baseline,5,named_dialect_Microsoft_SQL_Server,2,12838,2856.465,4320.000,true
baseline,5,named_in_16,2,6981,2961.295,7600.000,true
baseline,5,positional_delete,2,42988,441.621,1504.000,true
baseline,5,raw_select_columns,2,10696,1055.236,1952.000,true
baseline,5,named_dialect_MySQL,2,14569,2370.959,4144.000,true
baseline,5,mybatis_update_map,2,9010,3057.747,4200.000,true
baseline,5,mybatis_naming_CAMEL_CASE,2,4566,9277.354,8024.000,true
baseline,5,positional_batch_beans,2,5397,10009.376,10464.000,true
baseline,5,positional_raw_expression,2,13595,3222.905,2624.000,true
baseline,5,positional_where_128,2,655,57214.656,32808.000,true
baseline,5,positional_dialect_PostgreSQL,2,18744,1731.354,3360.000,true
baseline,5,named_insert_values,2,9122,2318.877,3048.000,true
baseline,5,positional_select_columns,2,18938,1666.079,1952.000,true
baseline,5,raw_naming_KEBAB_CASE,2,3545,10495.035,8840.000,true
baseline,5,named_nested,2,7588,3027.082,3648.000,true
baseline,5,mybatis_between,2,13958,1765.726,3544.000,true
baseline,5,positional_group_order,2,5093,4499.627,6336.000,true
baseline,5,mybatis_join_on,2,10041,2150.214,4128.000,true
baseline,5,raw_row_in,2,14214,1965.541,3136.000,true
baseline,5,mybatis_in_expression,2,700,32842.143,66656.000,true
baseline,5,raw_union_builder,2,2245,9356.214,10160.000,true
baseline,5,named_group_order,2,2553,4704.269,7688.000,true
baseline,5,mybatis_group_order,2,5361,6432.177,7264.000,true
baseline,5,positional_between,2,18663,1688.812,3056.000,true
baseline,5,mybatis_select_entity,2,32641,720.241,2000.000,true
baseline,5,named_dialect_DB2,2,14067,1875.723,4320.000,true
baseline,5,positional_in_1024,2,1557,16677.007,28504.000,true
baseline,5,named_batch_beans,2,1286,11951.477,26064.000,true
baseline,5,named_late_modifier,2,22488,944.077,2816.000,true
baseline,5,mybatis_delete,2,40724,580.559,1808.000,true
baseline,5,positional_update_map,2,17658,1381.448,3024.000,true
baseline,5,positional_retry_rollback,2,6460,4081.130,5872.000,true
baseline,5,positional_in_expression,2,4833,5540.223,9760.000,true
baseline,5,named_where_eq,2,14494,1659.770,3120.000,true
baseline,5,named_in_expression,2,389,43311.825,90680.000,true
baseline,5,positional_dialect_Oracle,2,18975,1596.011,3496.000,true
baseline,5,named_select_expressions,2,8263,3552.112,2728.000,true
baseline,5,mybatis_subquery_structured,2,7047,2358.578,5232.000,true
baseline,5,positional_row_in,2,19018,1079.062,2624.000,true
baseline,5,named_naming_CAMEL_CASE,2,3909,5617.575,9624.000,true
baseline,5,raw_insert_placeholders,2,17032,850.992,1944.000,true
baseline,5,mybatis_raw_expression,2,9958,2127.536,2624.000,true
baseline,5,named_select_columns,2,21475,1419.134,1952.000,true
baseline,5,raw_naming_NO_CHANGE,2,4397,6981.237,7880.000,true
baseline,5,raw_raw_expression,2,6665,2302.296,2624.000,true
baseline,5,mybatis_in_16,2,9719,3074.143,6128.000,true
baseline,5,mybatis_where_128,2,449,58355.679,58208.000,true
baseline,5,mybatis_where_16,2,3415,8354.114,8984.000,true
baseline,5,raw_join_on,2,6476,2390.318,3952.000,true
baseline,5,named_join_on,2,11444,2077.132,4288.000,true
baseline,5,mybatis_batch_64,2,631,42144.532,118896.000,true
baseline,5,mybatis_union_raw,2,5509,4816.246,5200.000,true
baseline,5,mybatis_in_17,2,8774,2914.041,6344.000,true
baseline,5,positional_select_expressions,2,8912,3496.039,2728.000,true
baseline,5,raw_update_map,2,15191,1939.346,3592.000,false
baseline,5,mybatis_in_256,2,794,26403.778,66616.000,true
baseline,5,raw_batch_64,2,642,35009.657,97344.000,false
baseline,5,positional_where_eq,2,22467,1182.899,2664.000,true
baseline,5,positional_in_256,2,4749,5431.480,9576.000,true
baseline,5,named_delete,2,41314,691.194,1960.000,true
baseline,5,positional_late_modifier,2,29114,754.476,2360.000,true
baseline,5,named_row_in,2,7330,1519.604,4016.000,true
baseline,5,named_dialect_Oracle,2,14711,1524.057,4272.000,true
baseline,5,named_batch_64,2,346,40595.376,134912.000,true
baseline,5,named_select_star,2,78329,328.765,1424.000,true
baseline,5,positional_update_chain_16,2,3303,9287.072,22360.000,true
baseline,5,positional_in_17,2,24831,1294.442,2672.000,true
baseline,5,positional_condition_only,2,5720,6465.210,4872.000,true
baseline,5,named_naming_NO_CHANGE,2,3553,7659.696,9624.000,true
baseline,5,named_repeated_names,2,568,34781.338,64920.000,true
baseline,5,positional_select_entity,2,38227,799.657,2000.000,true
baseline,5,raw_batch_beans,2,2419,9883.919,16896.000,false
baseline,5,named_naming_UPPER_CAMEL_CASE,2,2635,7969.488,10584.000,true
baseline,5,raw_insert_values,2,8262,1259.223,2464.000,false
baseline,5,mybatis_where_eq,2,17816,1380.007,2960.000,true
baseline,5,positional_nested,2,17490,1637.627,2952.000,true
baseline,5,mybatis_condition_only,2,2859,7022.071,7960.000,true
baseline,5,raw_group_order,2,4811,4949.532,6432.000,true
baseline,5,named_join_using,2,10817,1197.079,3512.000,true
baseline,5,raw_in_expression,2,926,25206.803,56616.000,true
baseline,5,named_union_raw,2,3060,4280.621,5200.000,true
baseline,5,named_naming_KEBAB_CASE,2,3507,14905.304,10584.000,true
baseline,5,raw_repeated_names,2,438,35805.023,53896.000,true
baseline,5,raw_naming_SCREAMING_SNAKE_CASE,2,3456,7506.076,8856.000,true
baseline,5,raw_select_star,2,49967,403.654,1424.000,true
baseline,5,mybatis_naming_KEBAB_CASE,2,3607,10547.713,8984.000,true
baseline,5,named_dialect_PostgreSQL,2,14489,2501.843,4144.000,true
baseline,5,named_raw_expression,2,12783,2822.796,2624.000,true
baseline,5,named_subquery_structured,2,6846,2415.600,5488.000,true
baseline,5,positional_pagination,2,19188,1243.543,3288.000,true
baseline,5,positional_subquery_raw,2,31453,683.293,2272.000,true
baseline,5,mybatis_subquery_raw,2,25288,683.553,2272.000,true
baseline,5,mybatis_naming_SCREAMING_SNAKE_CASE,2,3473,7220.299,9000.000,true
baseline,5,named_retry_rollback,2,3508,5990.821,8264.000,true
baseline,5,raw_select_expressions,2,7820,2491.010,2728.000,true
baseline,5,raw_insert_entity,2,13128,1079.928,2176.000,false
baseline,5,positional_insert_values,2,25356,1003.376,2104.000,true
baseline,5,named_where_16,2,2219,7113.339,10584.000,true
baseline,5,raw_union_raw,2,5048,3932.330,5200.000,true
baseline,5,mybatis_in_1024,2,168,105055.357,256896.000,true
baseline,5,raw_naming_CAMEL_CASE,2,4943,4610.540,7880.000,true
baseline,5,raw_in_16,2,7506,2273.848,5600.000,true
baseline,5,positional_dialect_DB2,2,17802,1245.163,3544.000,true
baseline,5,raw_retry_rollback,2,3425,4213.985,6376.000,true
baseline,5,named_where_128,2,198,53507.071,71280.000,true
baseline,5,raw_condition_only,2,2056,5358.755,7816.000,true
baseline,5,mybatis_repeated_names,2,542,31312.731,52872.000,true
baseline,5,named_select_entity,2,34111,707.024,2000.000,true
baseline,5,mybatis_retry_rollback,2,3888,4953.781,7568.000,true
baseline,5,named_naming_SCREAMING_SNAKE_CASE,2,3207,7799.906,10600.000,true
baseline,5,mybatis_insert_values,2,17383,1414.238,2744.000,true
baseline,5,raw_where_128,2,402,62073.881,56496.000,true
baseline,5,positional_insert_placeholders,2,19282,1144.026,1944.000,true
baseline,5,custom_handler_union,2,1751,11883.438,16536.000,true
baseline,5,raw_update_map,3,15191,2059.443,3592.000,false
baseline,5,mybatis_naming_CAMEL_CASE,3,4566,6213.491,8024.000,true
baseline,5,mybatis_naming_NO_CHANGE,3,4025,6824.671,8024.000,true
baseline,5,raw_in_expression,3,926,29939.309,56616.000,true
baseline,5,positional_select_columns,3,18938,1221.496,1952.000,true
baseline,5,positional_derived,3,2196,12796.995,15296.000,true
baseline,5,mybatis_in_expression,3,700,36341.429,66656.000,true
baseline,5,mybatis_join_on,3,10041,2695.230,4128.000,true
baseline,5,positional_batch_4,3,1833,2437.752,5968.000,true
baseline,5,named_naming_KEBAB_CASE,3,3507,8182.321,10584.000,true
baseline,5,named_dialect_MySQL,3,14569,1700.625,4144.000,true
baseline,5,positional_insert_entity,3,36035,701.973,1816.000,true
baseline,5,raw_late_modifier,3,15145,1317.986,2480.000,true
baseline,5,named_condition_only,3,1737,7269.948,9560.000,true
baseline,5,raw_naming_NO_CHANGE,3,4397,6719.149,7880.000,true
baseline,5,named_batch_beans,3,1286,13014.308,26064.000,true
baseline,5,raw_derived,3,1158,14124.007,15848.000,true
baseline,5,positional_group_order,3,5093,4831.455,6336.000,true
baseline,5,raw_naming_KEBAB_CASE,3,3545,6308.547,8840.000,true
baseline,5,positional_batch_beans,3,5397,4287.586,10464.000,true
baseline,5,mybatis_union_builder,3,1566,12597.637,16648.000,true
baseline,5,positional_select_expressions,3,8912,2477.121,2728.000,true
baseline,5,raw_in_256,3,1103,26388.123,56640.000,true
baseline,5,named_dialect_PostgreSQL,3,14489,1712.030,4144.000,true
baseline,5,positional_condition_only,3,5720,4749.283,4872.000,true
baseline,5,positional_late_modifier,3,29114,880.013,2360.000,true
baseline,5,named_where_16,3,2219,7650.248,10584.000,true
baseline,5,positional_update_chain_16,3,3303,8722.888,22360.000,true
baseline,5,mybatis_union_raw,3,5509,5264.567,5200.000,true
baseline,5,mybatis_in_16,3,9719,3838.389,6128.000,true
baseline,5,mybatis_row_in,3,8045,1587.122,3608.000,true
baseline,5,mybatis_pagination,3,15454,1580.393,3808.000,true
baseline,5,positional_where_16,3,4829,5439.470,5888.000,true
baseline,5,raw_naming_SCREAMING_SNAKE_CASE,3,3456,6676.186,8856.000,true
baseline,5,positional_batch_64,3,136,26269.853,72176.000,true
baseline,5,positional_subquery_raw,3,31453,871.077,2272.000,true
baseline,5,mybatis_derived,3,967,14479.731,17144.000,true
baseline,5,positional_join_using,3,20440,1049.320,3056.000,true
baseline,5,raw_between,3,14034,1460.802,3384.000,true
baseline,5,raw_in_17,3,10215,2054.743,5816.000,true
baseline,5,mybatis_repeated_names,3,542,35778.782,52872.000,true
baseline,5,named_dialect_DB2,3,14067,1940.108,4320.000,true
baseline,5,raw_select_expressions,3,7820,2278.977,2728.000,true
baseline,5,mybatis_insert_entity,3,11341,1051.786,2456.000,true
baseline,5,mybatis_join_using,3,16720,1064.934,3352.000,true
baseline,5,raw_insert_placeholders,3,17032,810.116,1944.000,true
baseline,5,mybatis_update_map,3,9010,1930.977,4200.000,true
baseline,5,raw_insert_entity,3,13128,1477.125,2176.000,false
baseline,5,positional_row_in,3,19018,1081.812,2624.000,true
baseline,5,raw_batch_64,3,642,33995.016,97344.000,false
baseline,5,mybatis_late_modifier,3,15409,845.104,2656.000,true
baseline,5,named_update_chain_16,3,1057,18593.472,47000.000,true
baseline,5,raw_where_16,3,2317,6076.867,8840.000,true
baseline,5,named_in_expression,3,389,34871.465,90680.000,true
baseline,5,named_naming_CAMEL_CASE,3,3909,5683.653,9624.000,true
baseline,5,named_select_expressions,3,8263,2545.274,2728.000,true
baseline,5,raw_union_builder,3,2245,5857.149,10160.000,true
baseline,5,positional_where_128,3,655,37459.847,32808.000,true
baseline,5,raw_group_order,3,4811,4396.259,6432.000,true
baseline,5,positional_in_expression,3,4833,6959.011,9760.000,true
baseline,5,named_raw_expression,3,12783,2236.963,2624.000,true
baseline,5,mybatis_mixed_literals,3,9492,2078.614,3432.000,true
baseline,5,mybatis_where_eq,3,17816,1313.673,2960.000,true
baseline,5,named_insert_values,3,9122,1319.930,3048.000,true
baseline,5,positional_mixed_literals,3,16772,1378.971,2800.000,true
baseline,5,raw_batch_beans,3,2419,8135.924,16896.000,false
baseline,5,raw_in_16,3,7506,2498.774,5600.000,true
baseline,5,raw_where_128,3,402,52294.527,56496.000,true
baseline,5,named_repeated_names,3,568,34898.944,64920.000,true
baseline,5,positional_dialect_Oracle,3,18975,1551.552,3496.000,true
baseline,5,raw_row_in,3,14214,1419.952,3136.000,true
baseline,5,named_subquery_raw,3,29984,799.366,2272.000,true
baseline,5,named_retry_rollback,3,3508,5754.818,8264.000,true
baseline,5,named_nested,3,7588,1864.892,3648.000,true
baseline,5,mybatis_select_star,3,35401,466.089,1424.000,true
baseline,5,mybatis_retry_rollback,3,3888,5514.532,7568.000,true
baseline,5,positional_repeated_names,3,1402,19805.350,30360.000,true
baseline,5,positional_subquery_structured,3,14428,2175.589,4704.000,true
baseline,5,positional_dialect_DB2,3,17802,1480.502,3544.000,true
baseline,5,raw_select_star,3,49967,345.616,1424.000,true
baseline,5,raw_nested,3,8678,1880.433,3280.000,true
baseline,5,raw_naming_CAMEL_CASE,3,4943,4902.185,7880.000,true
baseline,5,positional_in_17,3,24831,1002.432,2672.000,true
baseline,5,positional_naming_KEBAB_CASE,3,4678,5459.470,5888.000,true
baseline,5,named_row_in,3,7330,1820.095,4016.000,true
baseline,5,named_union_raw,3,3060,4024.444,5200.000,true
baseline,5,raw_batch_4,3,6957,3604.672,7584.000,false
baseline,5,positional_retry_rollback,3,6460,4831.053,5872.000,true
baseline,5,positional_dialect_MySQL,3,19357,2744.403,3360.000,true
baseline,5,positional_select_entity,3,38227,1049.274,2000.000,true
baseline,5,raw_where_eq,3,13720,1834.723,2784.000,true
baseline,5,named_derived,3,1884,18111.093,17800.000,true
baseline,5,named_in_17,3,7942,3478.343,7888.000,true
baseline,5,positional_where_eq,3,22467,1695.567,2664.000,true
baseline,5,mybatis_select_entity,3,32641,938.102,2000.000,true
baseline,5,positional_union_builder,3,3829,7969.627,9768.000,true
baseline,5,positional_pagination,3,19188,1237.742,3288.000,true
baseline,5,mybatis_batch_beans,3,1705,8408.211,22080.000,true
baseline,5,positional_join_on,3,11901,2470.053,3832.000,true
baseline,5,named_select_columns,3,21475,1417.378,1952.000,true
baseline,5,positional_naming_CAMEL_CASE,3,5990,5420.301,4928.000,true
baseline,5,positional_insert_values,3,25356,1123.773,2104.000,true
baseline,5,mybatis_subquery_structured,3,7047,1993.288,5232.000,true
baseline,5,raw_raw_expression,3,6665,1735.229,2624.000,true
baseline,5,raw_in_1024,3,240,77280.833,220248.000,true
baseline,5,raw_delete,3,38560,472.324,1624.000,true
baseline,5,raw_pagination,3,8636,969.268,3400.000,true
baseline,5,named_dialect_Microsoft_SQL_Server,3,12838,1617.596,4320.000,true
baseline,5,raw_subquery_structured,3,14239,1483.882,4616.000,true
baseline,5,mybatis_delete,3,40724,489.898,1808.000,true
baseline,5,named_group_order,3,2553,4435.292,7688.000,true
baseline,5,raw_condition_only,3,2056,5710.652,7816.000,true
baseline,5,named_join_using,3,10817,1166.368,3512.000,true
baseline,5,mybatis_naming_SCREAMING_SNAKE_CASE,3,3473,7135.790,9000.000,true
baseline,5,named_update_map,3,6160,2187.045,4752.000,true
baseline,5,mybatis_insert_placeholders,3,18025,1189.282,2584.000,true
baseline,5,positional_in_256,3,4749,5440.430,9576.000,true
baseline,5,mybatis_insert_values,3,17383,1493.568,2744.000,true
baseline,5,named_naming_NO_CHANGE,3,3553,6999.662,9624.000,true
baseline,5,named_where_eq,3,14494,1600.580,3120.000,true
baseline,5,named_where_128,3,198,77677.273,71280.000,true
baseline,5,named_late_modifier,3,22488,1245.522,2816.000,true
baseline,5,mybatis_in_1024,3,168,147367.857,256896.000,true
baseline,5,named_subquery_structured,3,6846,2672.597,5488.000,true
baseline,5,raw_subquery_raw,3,32497,1008.915,2272.000,true
baseline,5,mybatis_select_expressions,3,5315,4070.837,2728.000,true
baseline,5,mybatis_update_chain_16,3,1301,20249.039,39936.000,true
baseline,5,positional_dialect_Microsoft_SQL_Server,3,16950,1932.437,3544.000,true
baseline,5,named_insert_placeholders,3,16156,1869.689,2920.000,true
baseline,5,mybatis_in_256,3,794,37382.368,66616.000,true
baseline,5,mybatis_between,3,13958,2405.731,3544.000,true
baseline,5,positional_naming_UPPER_CAMEL_CASE,3,2246,7498.486,5888.000,true
baseline,5,positional_union_raw,3,6157,5454.637,5200.000,true
baseline,5,named_in_1024,3,92,161411.957,353216.000,true
baseline,5,positional_in_16,3,24845,1377.979,2656.000,true
baseline,5,raw_select_columns,3,10696,1289.211,1952.000,true
baseline,5,custom_handler_union,3,1751,16218.732,16536.000,true
baseline,5,named_delete,3,41314,748.494,1960.000,true
baseline,5,positional_naming_NO_CHANGE,3,6517,5969.725,4928.000,true
baseline,5,positional_select_star,3,80925,409.173,1424.000,true
baseline,5,mybatis_group_order,3,5361,4021.097,7264.000,true
baseline,5,positional_delete,3,42988,412.590,1504.000,true
baseline,5,named_in_256,3,433,31070.439,90712.000,true
baseline,5,raw_retry_rollback,3,3425,4046.102,6376.000,true
baseline,5,custom_handler_where,3,3492,6743.356,10616.000,true
baseline,5,positional_dialect_PostgreSQL,3,18744,1238.391,3360.000,true
baseline,5,positional_insert_placeholders,3,19282,954.517,1944.000,true
baseline,5,named_between,3,9118,1836.280,3800.000,true
baseline,5,positional_in_1024,3,1557,16838.664,28504.000,true
baseline,5,named_join_on,3,11444,2057.489,4288.000,true
baseline,5,mybatis_where_128,3,449,57012.249,58208.000,true
baseline,5,raw_repeated_names,3,438,23882.420,53896.000,true
baseline,5,mybatis_select_columns,3,22764,978.158,1952.000,true
baseline,5,named_pagination,3,10072,1457.119,4072.000,true
baseline,5,mybatis_naming_UPPER_CAMEL_CASE,3,2628,6929.985,8984.000,true
baseline,5,named_dialect_Oracle,3,14711,1797.111,4272.000,true
baseline,5,raw_union_raw,3,5048,3669.156,5200.000,true
baseline,5,mybatis_in_17,3,8774,2964.281,6344.000,true
baseline,5,positional_raw_expression,3,13595,1927.996,2624.000,true
baseline,5,named_mixed_literals,3,6468,2854.128,3768.000,true
baseline,5,raw_join_on,3,6476,2194.225,3952.000,true
baseline,5,named_select_entity,3,34111,729.392,2000.000,true
baseline,5,mybatis_subquery_raw,3,25288,867.514,2272.000,true
baseline,5,raw_update_chain_16,3,2444,9612.029,25448.000,true
baseline,5,mybatis_batch_64,3,631,56319.017,118896.000,true
baseline,5,mybatis_raw_expression,3,9958,2064.571,2624.000,true
baseline,5,named_select_star,3,78329,321.355,1424.000,true
baseline,5,named_naming_SCREAMING_SNAKE_CASE,3,3207,8264.422,10600.000,true
baseline,5,positional_between,3,18663,1286.010,3056.000,true
baseline,5,named_batch_64,3,346,47688.439,134912.000,true
baseline,5,raw_mixed_literals,3,6981,1812.018,3192.000,true
baseline,5,named_union_builder,3,806,10961.911,17272.000,true
baseline,5,named_insert_entity,3,15352,1008.676,2760.000,true
baseline,5,positional_naming_SCREAMING_SNAKE_CASE,3,4764,4868.115,5904.000,true
baseline,5,raw_naming_UPPER_CAMEL_CASE,3,2310,6136.364,8840.000,true
baseline,5,positional_update_map,3,17658,1098.239,3024.000,true
baseline,5,raw_insert_values,3,8262,1307.214,2464.000,false
baseline,5,mybatis_condition_only,3,2859,5797.726,7960.000,true
baseline,5,raw_select_entity,3,19323,642.468,2000.000,true
baseline,5,mybatis_batch_4,3,5805,3970.043,8784.000,true
baseline,5,named_naming_UPPER_CAMEL_CASE,3,2635,8589.943,10584.000,true
baseline,5,raw_join_using,3,11446,1303.250,3176.000,true
baseline,5,mybatis_naming_KEBAB_CASE,3,3607,6635.542,8984.000,true
baseline,5,mybatis_nested,3,6427,1721.970,3416.000,true
baseline,5,positional_nested,3,17490,1461.984,2952.000,true
baseline,5,mybatis_where_16,3,3415,7771.801,8984.000,true
baseline,5,named_in_16,3,6981,3166.538,7600.000,true
baseline,5,named_batch_4,3,3423,11099.737,9736.000,true
baseline,5,mybatis_in_expression,4,700,27985.000,66656.000,true
baseline,5,named_select_star,4,78329,368.802,1424.000,true
baseline,5,named_select_entity,4,34111,687.286,2000.000,true
baseline,5,positional_dialect_PostgreSQL,4,18744,1787.441,3360.000,true
baseline,5,raw_update_map,4,15191,2176.934,3592.000,false
baseline,5,named_insert_placeholders,4,16156,1620.129,2920.000,true
baseline,5,positional_dialect_MySQL,4,19357,1295.717,3360.000,true
baseline,5,raw_update_chain_16,4,2444,11067.390,25448.000,true
baseline,5,raw_join_using,4,11446,1402.647,3176.000,true
baseline,5,mybatis_naming_NO_CHANGE,4,4025,5287.901,8024.000,true
baseline,5,raw_in_17,4,10215,2878.610,5816.000,true
baseline,5,raw_subquery_raw,4,32497,807.505,2272.000,true
baseline,5,raw_batch_beans,4,2419,6983.712,16896.000,false
baseline,5,positional_nested,4,17490,1482.544,2952.000,true
baseline,5,mybatis_retry_rollback,4,3888,4864.866,7568.000,true
baseline,5,raw_batch_64,4,642,31338.162,97344.000,false
baseline,5,positional_join_on,4,11901,1883.329,3832.000,true
baseline,5,named_between,4,9118,1515.486,3800.000,true
baseline,5,positional_subquery_structured,4,14428,1677.093,4704.000,true
baseline,5,positional_repeated_names,4,1402,21987.803,30360.000,true
baseline,5,positional_dialect_DB2,4,17802,1163.302,3544.000,true
baseline,5,mybatis_in_1024,4,168,101938.095,256896.000,true
baseline,5,mybatis_insert_entity,4,11341,958.954,2456.000,true
baseline,5,named_in_256,4,433,31579.215,90712.000,true
baseline,5,named_condition_only,4,1737,5864.709,9560.000,true
baseline,5,mybatis_late_modifier,4,15409,855.974,2656.000,true
baseline,5,raw_naming_NO_CHANGE,4,4397,4360.700,7880.000,true
baseline,5,positional_row_in,4,19018,1051.646,2624.000,true
baseline,5,mybatis_update_chain_16,4,1301,14001.614,39936.000,true
baseline,5,positional_select_columns,4,18938,910.999,1952.000,true
baseline,5,positional_where_16,4,4829,5142.369,5888.000,true
baseline,5,positional_where_128,4,655,37119.847,32808.000,true
baseline,5,named_naming_KEBAB_CASE,4,3507,8238.979,10584.000,true
baseline,5,raw_naming_KEBAB_CASE,4,3545,6436.756,8840.000,true
baseline,5,mybatis_between,4,13958,1575.190,3544.000,true
baseline,5,raw_delete,4,38560,578.068,1624.000,true
baseline,5,positional_dialect_Oracle,4,18975,1640.332,3496.000,true
baseline,5,positional_in_17,4,24831,1384.241,2672.000,true
baseline,5,named_derived,4,1884,13624.469,17800.000,true
baseline,5,positional_batch_beans,4,5397,5531.907,10464.000,true
baseline,5,named_in_17,4,7942,3105.427,7888.000,true
baseline,5,mybatis_subquery_raw,4,25288,745.318,2272.000,true
baseline,5,mybatis_batch_4,4,5805,3951.783,8784.000,true
baseline,5,named_retry_rollback,4,3508,5268.757,8264.000,true
baseline,5,raw_mixed_literals,4,6981,1915.055,3192.000,true
baseline,5,custom_handler_where,4,3492,7530.355,10616.000,true
baseline,5,positional_in_1024,4,1557,16565.061,28504.000,true
baseline,5,named_dialect_PostgreSQL,4,14489,1602.609,4144.000,true
baseline,5,positional_select_star,4,80925,307.869,1424.000,true
baseline,5,raw_select_entity,4,19323,569.632,2000.000,true
baseline,5,positional_update_chain_16,4,3303,6661.792,22360.000,true
baseline,5,positional_condition_only,4,5720,4012.168,4872.000,true
baseline,5,raw_where_128,4,402,48266.169,56496.000,true
baseline,5,positional_dialect_Microsoft_SQL_Server,4,16950,1405.351,3544.000,true
baseline,5,named_insert_values,4,9122,1676.102,3048.000,true
baseline,5,positional_batch_4,4,1833,2206.819,5968.000,true
baseline,5,named_where_16,4,2219,6394.998,10584.000,true
baseline,5,named_pagination,4,10072,1415.479,4072.000,true
baseline,5,mybatis_select_columns,4,22764,1164.993,1952.000,true
baseline,5,raw_in_1024,4,240,91535.417,220248.000,true
baseline,5,mybatis_derived,4,967,12505.171,17144.000,true
baseline,5,mybatis_where_eq,4,17816,1334.301,2960.000,true
baseline,5,named_union_builder,4,806,13110.174,17272.000,true
baseline,5,positional_naming_KEBAB_CASE,4,4678,5675.053,5888.000,true
baseline,5,named_dialect_DB2,4,14067,1560.091,4320.000,true
baseline,5,named_where_eq,4,14494,1164.496,3120.000,true
baseline,5,mybatis_condition_only,4,2859,5595.663,7960.000,true
baseline,5,mybatis_delete,4,40724,511.814,1808.000,true
baseline,5,mybatis_in_17,4,8774,2678.334,6344.000,true
baseline,5,positional_mixed_literals,4,16772,1514.691,2800.000,true
baseline,5,named_subquery_raw,4,29984,759.735,2272.000,true
baseline,5,mybatis_raw_expression,4,9958,2031.121,2624.000,true
baseline,5,positional_naming_CAMEL_CASE,4,5990,4558.097,4928.000,true
baseline,5,positional_batch_64,4,136,24599.265,72176.000,true
baseline,5,mybatis_union_builder,4,1566,16524.010,16648.000,true
baseline,5,mybatis_group_order,4,5361,4583.884,7264.000,true
baseline,5,named_dialect_Oracle,4,14711,1828.394,4272.000,true
baseline,5,positional_join_using,4,20440,1221.614,3056.000,true
baseline,5,raw_where_eq,4,13720,1225.816,2784.000,true
baseline,5,positional_insert_entity,4,36035,924.041,1816.000,true
baseline,5,raw_subquery_structured,4,14239,2012.445,4616.000,true
baseline,5,raw_raw_expression,4,6665,2746.977,2624.000,true
baseline,5,named_naming_CAMEL_CASE,4,3909,7197.007,9624.000,true
baseline,5,named_group_order,4,2553,4950.137,7688.000,true
baseline,5,named_insert_entity,4,15352,1389.734,2760.000,true
baseline,5,named_raw_expression,4,12783,2001.635,2624.000,true
baseline,5,mybatis_row_in,4,8045,1588.440,3608.000,true
baseline,5,raw_nested,4,8678,1573.473,3280.000,true
baseline,5,raw_row_in,4,14214,1443.661,3136.000,true
baseline,5,positional_insert_values,4,25356,978.739,2104.000,true
baseline,5,positional_raw_expression,4,13595,1679.022,2624.000,true
baseline,5,named_row_in,4,7330,1744.666,4016.000,true
baseline,5,positional_update_map,4,17658,1254.768,3024.000,true
baseline,5,positional_insert_placeholders,4,19282,781.677,1944.000,true
baseline,5,positional_in_16,4,24845,1032.493,2656.000,true
baseline,5,mybatis_where_128,4,449,51482.628,58208.000,true
baseline,5,raw_union_raw,4,5048,7197.326,5200.000,true
baseline,5,mybatis_mixed_literals,4,9492,3152.328,3432.000,true
baseline,5,named_dialect_Microsoft_SQL_Server,4,12838,2409.511,4320.000,true
baseline,5,mybatis_in_256,4,794,39369.899,66616.000,true
baseline,5,mybatis_select_entity,4,32641,909.231,2000.000,true
baseline,5,positional_where_eq,4,22467,1481.279,2664.000,true
baseline,5,mybatis_batch_64,4,631,47354.200,118896.000,true
baseline,5,named_join_on,4,11444,3382.026,4288.000,true
baseline,5,positional_naming_SCREAMING_SNAKE_CASE,4,4764,8028.652,5904.000,true
baseline,5,named_select_expressions,4,8263,2817.996,2728.000,true
baseline,5,named_nested,4,7588,1670.836,3648.000,true
baseline,5,positional_union_builder,4,3829,5735.283,9768.000,true
baseline,5,mybatis_in_16,4,9719,2260.840,6128.000,true
baseline,5,positional_select_entity,4,38227,692.105,2000.000,true
baseline,5,raw_group_order,4,4811,3936.728,6432.000,true
baseline,5,raw_select_columns,4,10696,886.995,1952.000,true
baseline,5,mybatis_naming_UPPER_CAMEL_CASE,4,2628,5862.291,8984.000,true
baseline,5,raw_between,4,14034,1322.531,3384.000,true
baseline,5,positional_between,4,18663,1088.110,3056.000,true
baseline,5,named_where_128,4,198,48592.929,71280.000,true
baseline,5,raw_insert_placeholders,4,17032,710.110,1944.000,true
baseline,5,named_update_chain_16,4,1057,17538.127,47000.000,true
baseline,5,mybatis_repeated_names,4,542,26233.948,52872.000,true
baseline,5,mybatis_naming_KEBAB_CASE,4,3607,6164.014,8984.000,true
baseline,5,mybatis_insert_placeholders,4,18025,1235.168,2584.000,true
baseline,5,raw_in_16,4,7506,2008.540,5600.000,true
baseline,5,mybatis_join_on,4,10041,1917.887,4128.000,true
baseline,5,named_mixed_literals,4,6468,2471.475,3768.000,true
baseline,5,mybatis_batch_beans,4,1705,10776.891,22080.000,true
baseline,5,raw_batch_4,4,6957,3411.643,7584.000,false
baseline,5,raw_select_expressions,4,7820,2815.166,2728.000,true
baseline,5,named_join_using,4,10817,1115.808,3512.000,true
baseline,5,named_batch_beans,4,1286,9331.415,26064.000,true
baseline,5,named_delete,4,41314,589.502,1960.000,true
baseline,5,mybatis_naming_SCREAMING_SNAKE_CASE,4,3473,6935.387,9000.000,true
baseline,5,positional_delete,4,42988,583.493,1504.000,true
baseline,5,named_naming_SCREAMING_SNAKE_CASE,4,3207,8640.848,10600.000,true
baseline,5,named_repeated_names,4,568,33976.232,64920.000,true
baseline,5,named_late_modifier,4,22488,948.595,2816.000,true
baseline,5,raw_naming_SCREAMING_SNAKE_CASE,4,3456,6003.906,8856.000,true
baseline,5,positional_late_modifier,4,29114,735.639,2360.000,true
baseline,5,mybatis_nested,4,6427,1479.788,3416.000,true
baseline,5,raw_condition_only,4,2056,5151.994,7816.000,true
baseline,5,raw_select_star,4,49967,356.349,1424.000,true
baseline,5,raw_repeated_names,4,438,33231.507,53896.000,true
baseline,5,raw_join_on,4,6476,2362.631,3952.000,true
baseline,5,positional_in_expression,4,4833,6666.853,9760.000,true
baseline,5,named_in_expression,4,389,35998.201,90680.000,true
baseline,5,raw_union_builder,4,2245,6574.922,10160.000,true
baseline,5,raw_in_256,4,1103,28210.245,56640.000,true
baseline,5,positional_retry_rollback,4,6460,5413.854,5872.000,true
baseline,5,raw_where_16,4,2317,7447.432,8840.000,true
baseline,5,mybatis_pagination,4,15454,1532.373,3808.000,true
baseline,5,custom_handler_union,4,1751,13543.461,16536.000,true
baseline,5,named_in_1024,4,92,138151.087,353216.000,true
baseline,5,mybatis_update_map,4,9010,2638.857,4200.000,true
baseline,5,positional_union_raw,4,6157,3502.566,5200.000,true
baseline,5,raw_naming_UPPER_CAMEL_CASE,4,2310,6013.766,8840.000,true
baseline,5,positional_naming_NO_CHANGE,4,6517,3715.774,4928.000,true
baseline,5,named_batch_4,4,3423,3128.133,9736.000,true
baseline,5,named_naming_NO_CHANGE,4,3553,5455.840,9624.000,true
baseline,5,mybatis_subquery_structured,4,7047,1770.385,5232.000,true
baseline,5,mybatis_select_expressions,4,5315,2757.328,2728.000,true
baseline,5,positional_naming_UPPER_CAMEL_CASE,4,2246,5152.271,5888.000,true
baseline,5,named_batch_64,4,346,37900.289,134912.000,true
baseline,5,named_dialect_MySQL,4,14569,1649.674,4144.000,true
baseline,5,positional_in_256,4,4749,5319.036,9576.000,true
baseline,5,positional_subquery_raw,4,31453,747.525,2272.000,true
baseline,5,raw_pagination,4,8636,1187.274,3400.000,true
baseline,5,positional_pagination,4,19188,1091.985,3288.000,true
baseline,5,mybatis_where_16,4,3415,6497.599,8984.000,true
baseline,5,mybatis_join_using,4,16720,1212.524,3352.000,true
baseline,5,named_select_columns,4,21475,976.303,1952.000,true
baseline,5,raw_late_modifier,4,15145,1194.196,2480.000,true
baseline,5,mybatis_naming_CAMEL_CASE,4,4566,6394.766,8024.000,true
baseline,5,raw_naming_CAMEL_CASE,4,4943,6718.288,7880.000,true
baseline,5,mybatis_union_raw,4,5509,3665.801,5200.000,true
baseline,5,mybatis_insert_values,4,17383,1267.491,2744.000,true
baseline,5,named_subquery_structured,4,6846,1838.709,5488.000,true
baseline,5,raw_in_expression,4,926,20252.268,56616.000,true
baseline,5,named_update_map,4,6160,1950.032,4752.000,true
baseline,5,raw_insert_entity,4,13128,983.242,2176.000,false
baseline,5,named_union_raw,4,3060,3670.294,5200.000,true
baseline,5,raw_derived,4,1158,10153.972,15848.000,true
baseline,5,positional_derived,4,2196,9418.852,15296.000,true
baseline,5,raw_retry_rollback,4,3425,3652.438,6376.000,true
baseline,5,positional_group_order,4,5093,3291.125,6336.000,true
baseline,5,positional_select_expressions,4,8912,2300.684,2728.000,true
baseline,5,named_naming_UPPER_CAMEL_CASE,4,2635,7259.469,10584.000,true
baseline,5,mybatis_select_star,4,35401,307.757,1424.000,true
baseline,5,named_in_16,4,6981,2300.573,7600.000,true
baseline,5,raw_insert_values,4,8262,1076.471,2464.000,false
baseline,5,named_delete,5,41314,639.413,1960.000,true
baseline,5,mybatis_batch_4,5,5805,3369.733,8784.000,true
baseline,5,raw_repeated_names,5,438,23413.699,53896.000,true
baseline,5,mybatis_retry_rollback,5,3888,4717.258,7568.000,true
baseline,5,named_naming_UPPER_CAMEL_CASE,5,2635,5996.736,10584.000,true
baseline,5,raw_retry_rollback,5,3425,3098.774,6376.000,true
baseline,5,raw_where_eq,5,13720,1056.195,2784.000,true
baseline,5,positional_subquery_raw,5,31453,669.173,2272.000,true
baseline,5,named_row_in,5,7330,1510.150,4016.000,true
baseline,5,custom_handler_union,5,1751,11936.436,16536.000,true
baseline,5,raw_where_128,5,402,42005.473,56496.000,true
baseline,5,named_in_17,5,7942,2805.868,7888.000,true
baseline,5,mybatis_in_256,5,794,31506.423,66616.000,true
baseline,5,raw_union_raw,5,5048,3856.517,5200.000,true
baseline,5,named_nested,5,7588,1654.125,3648.000,true
baseline,5,named_batch_4,5,3423,11686.006,9736.000,true
baseline,5,raw_update_chain_16,5,2444,9717.390,25448.000,true
baseline,5,raw_delete,5,38560,600.252,1624.000,true
baseline,5,positional_update_chain_16,5,3303,9256.464,22360.000,true
baseline,5,positional_naming_CAMEL_CASE,5,5990,3882.104,4928.000,true
baseline,5,named_group_order,5,2553,4475.480,7688.000,true
baseline,5,mybatis_union_raw,5,5509,3484.716,5200.000,true
baseline,5,positional_naming_UPPER_CAMEL_CASE,5,2246,4974.043,5888.000,true
baseline,5,named_dialect_MySQL,5,14569,1639.433,4144.000,true
baseline,5,raw_nested,5,8678,1641.611,3280.000,true
baseline,5,raw_batch_4,5,6957,4167.428,7584.000,false
baseline,5,named_subquery_structured,5,6846,1870.538,5488.000,true
baseline,5,mybatis_in_1024,5,168,103754.762,256896.000,true
baseline,5,raw_mixed_literals,5,6981,1743.633,3192.000,true
baseline,5,named_select_entity,5,34111,640.163,2000.000,true
baseline,5,mybatis_insert_entity,5,11341,1112.997,2456.000,true
baseline,5,mybatis_row_in,5,8045,1778.036,3608.000,true
baseline,5,mybatis_where_16,5,3415,6615.110,8984.000,true
baseline,5,raw_where_16,5,2317,6209.538,8840.000,true
baseline,5,mybatis_pagination,5,15454,1417.471,3808.000,true
baseline,5,positional_in_1024,5,1557,15498.266,28504.000,true
baseline,5,raw_naming_CAMEL_CASE,5,4943,5486.385,7880.000,true
baseline,5,named_where_eq,5,14494,1481.427,3120.000,true
baseline,5,mybatis_naming_SCREAMING_SNAKE_CASE,5,3473,8228.880,9000.000,true
baseline,5,named_select_star,5,78329,333.796,1424.000,true
baseline,5,positional_union_builder,5,3829,5941.525,9768.000,true
baseline,5,raw_select_expressions,5,7820,2346.304,2728.000,true
baseline,5,raw_insert_placeholders,5,17032,797.886,1944.000,true
baseline,5,positional_group_order,5,5093,3336.874,6336.000,true
baseline,5,raw_select_columns,5,10696,1058.891,1952.000,true
baseline,5,raw_subquery_structured,5,14239,1450.643,4616.000,true
baseline,5,positional_dialect_MySQL,5,19357,1166.694,3360.000,true
baseline,5,mybatis_derived,5,967,13508.893,17144.000,true
baseline,5,positional_insert_entity,5,36035,632.230,1816.000,true
baseline,5,raw_naming_KEBAB_CASE,5,3545,6225.726,8840.000,true
baseline,5,positional_dialect_Microsoft_SQL_Server,5,16950,1311.086,3544.000,true
baseline,5,named_batch_64,5,346,40732.081,134912.000,true
baseline,5,positional_join_using,5,20440,1217.779,3056.000,true
baseline,5,mybatis_select_entity,5,32641,676.125,2000.000,true
baseline,5,raw_join_using,5,11446,1070.575,3176.000,true
baseline,5,positional_select_star,5,80925,369.325,1424.000,true
baseline,5,named_in_1024,5,92,145883.696,353216.000,true
baseline,5,raw_update_map,5,15191,2098.999,3592.000,false
baseline,5,named_insert_values,5,9122,1264.723,3048.000,true
baseline,5,raw_condition_only,5,2056,5723.054,7816.000,true
baseline,5,positional_select_expressions,5,8912,3544.378,2728.000,true
baseline,5,positional_derived,5,2196,10779.098,15296.000,true
baseline,5,named_between,5,9118,1641.862,3800.000,true
baseline,5,positional_naming_KEBAB_CASE,5,4678,5182.493,5888.000,true
baseline,5,raw_insert_entity,5,13128,1039.191,2176.000,false
baseline,5,raw_in_17,5,10215,2092.707,5816.000,true
baseline,5,named_subquery_raw,5,29984,843.050,2272.000,true
baseline,5,named_select_columns,5,21475,975.343,1952.000,true
baseline,5,named_repeated_names,5,568,31687.676,64920.000,true
baseline,5,positional_repeated_names,5,1402,16624.608,30360.000,true
baseline,5,raw_naming_SCREAMING_SNAKE_CASE,5,3456,5697.888,8856.000,true
baseline,5,positional_in_16,5,24845,851.616,2656.000,true
baseline,5,mybatis_raw_expression,5,9958,1576.059,2624.000,true
baseline,5,positional_select_entity,5,38227,653.637,2000.000,true
baseline,5,mybatis_update_chain_16,5,1301,15783.935,39936.000,true
baseline,5,named_pagination,5,10072,2073.411,4072.000,true
baseline,5,named_derived,5,1884,12381.582,17800.000,true
baseline,5,mybatis_subquery_structured,5,7047,1902.200,5232.000,true
baseline,5,mybatis_where_128,5,449,49093.318,58208.000,true
baseline,5,positional_batch_4,5,1833,1995.908,5968.000,true
baseline,5,named_condition_only,5,1737,6642.429,9560.000,true
baseline,5,raw_row_in,5,14214,1814.676,3136.000,true
baseline,5,positional_where_128,5,655,54453.435,32808.000,true
baseline,5,mybatis_join_using,5,16720,1391.352,3352.000,true
baseline,5,named_insert_placeholders,5,16156,1315.103,2920.000,true
baseline,5,raw_union_builder,5,2245,6644.143,10160.000,true
baseline,5,raw_insert_values,5,8262,1462.285,2464.000,false
baseline,5,raw_raw_expression,5,6665,2104.546,2624.000,true
baseline,5,raw_in_expression,5,926,28902.808,56616.000,true
baseline,5,positional_dialect_DB2,5,17802,1906.325,3544.000,true
baseline,5,named_naming_SCREAMING_SNAKE_CASE,5,3207,11196.601,10600.000,true
baseline,5,named_insert_entity,5,15352,1774.055,2760.000,true
baseline,5,mybatis_delete,5,40724,560.097,1808.000,true
baseline,5,raw_subquery_raw,5,32497,989.750,2272.000,true
baseline,5,raw_batch_64,5,642,46755.296,97344.000,false
baseline,5,mybatis_condition_only,5,2859,6148.898,7960.000,true
baseline,5,mybatis_insert_values,5,17383,1277.150,2744.000,true
baseline,5,named_union_builder,5,806,11102.978,17272.000,true
baseline,5,named_naming_KEBAB_CASE,5,3507,6387.254,10584.000,true
baseline,5,raw_join_on,5,6476,2008.663,3952.000,true
baseline,5,positional_dialect_PostgreSQL,5,18744,1566.485,3360.000,true
baseline,5,positional_join_on,5,11901,2016.116,3832.000,true
baseline,5,mybatis_between,5,13958,1457.444,3544.000,true
baseline,5,mybatis_in_16,5,9719,2207.953,6128.000,true
baseline,5,raw_between,5,14034,1553.855,3384.000,true
baseline,5,mybatis_late_modifier,5,15409,847.823,2656.000,true
baseline,5,raw_group_order,5,4811,3711.203,6432.000,true
baseline,5,positional_naming_SCREAMING_SNAKE_CASE,5,4764,4908.312,5904.000,true
baseline,5,named_raw_expression,5,12783,1725.862,2624.000,true
baseline,5,mybatis_where_eq,5,17816,1108.717,2960.000,true
baseline,5,positional_batch_64,5,136,21325.000,72176.000,true
baseline,5,mybatis_select_expressions,5,5315,2919.097,2728.000,true
baseline,5,mybatis_nested,5,6427,1502.832,3416.000,true
baseline,5,custom_handler_where,5,3492,7159.679,10616.000,true
baseline,5,named_naming_CAMEL_CASE,5,3909,5566.385,9624.000,true
baseline,5,raw_select_star,5,49967,313.651,1424.000,true
baseline,5,named_in_256,5,433,30588.684,90712.000,true
baseline,5,named_where_16,5,2219,6902.028,10584.000,true
baseline,5,mybatis_select_columns,5,22764,1080.140,1952.000,true
baseline,5,named_join_on,5,11444,2243.307,4288.000,true
baseline,5,positional_in_expression,5,4833,5073.309,9760.000,true
baseline,5,raw_in_1024,5,240,105867.500,220248.000,true
baseline,5,positional_union_raw,5,6157,4808.429,5200.000,true
baseline,5,named_union_raw,5,3060,5418.072,5200.000,true
baseline,5,named_retry_rollback,5,3508,5213.084,8264.000,true
baseline,5,raw_naming_NO_CHANGE,5,4397,4850.944,7880.000,true
baseline,5,mybatis_naming_CAMEL_CASE,5,4566,5638.743,8024.000,true
baseline,5,positional_dialect_Oracle,5,18975,1263.816,3496.000,true
baseline,5,named_dialect_PostgreSQL,5,14489,1713.666,4144.000,true
baseline,5,named_in_expression,5,389,29707.198,90680.000,true
baseline,5,raw_pagination,5,8636,1182.168,3400.000,true
baseline,5,positional_update_map,5,17658,1284.375,3024.000,true
baseline,5,positional_between,5,18663,1426.009,3056.000,true
baseline,5,named_dialect_Microsoft_SQL_Server,5,12838,1901.963,4320.000,true
baseline,5,positional_batch_beans,5,5397,4457.643,10464.000,true
baseline,5,named_join_using,5,10817,1116.890,3512.000,true
baseline,5,named_update_chain_16,5,1057,17094.702,47000.000,true
baseline,5,mybatis_repeated_names,5,542,31888.192,52872.000,true
baseline,5,positional_delete,5,42988,614.809,1504.000,true
baseline,5,positional_insert_placeholders,5,19282,1095.758,1944.000,true
baseline,5,named_mixed_literals,5,6468,1969.852,3768.000,true
baseline,5,positional_in_17,5,24831,1235.923,2672.000,true
baseline,5,raw_in_256,5,1103,23030.372,56640.000,true
baseline,5,positional_naming_NO_CHANGE,5,6517,4664.385,4928.000,true
baseline,5,positional_retry_rollback,5,6460,4283.854,5872.000,true
baseline,5,positional_mixed_literals,5,16772,1551.556,2800.000,true
baseline,5,raw_late_modifier,5,15145,1027.857,2480.000,true
baseline,5,mybatis_in_expression,5,700,30790.714,66656.000,true
baseline,5,mybatis_update_map,5,9010,2022.775,4200.000,true
baseline,5,mybatis_join_on,5,10041,2579.643,4128.000,true
baseline,5,positional_condition_only,5,5720,5731.801,4872.000,true
baseline,5,mybatis_naming_KEBAB_CASE,5,3607,11164.125,8984.000,true
baseline,5,mybatis_group_order,5,5361,5755.475,7264.000,true
baseline,5,mybatis_naming_NO_CHANGE,5,4025,7692.745,8024.000,true
baseline,5,named_select_expressions,5,8263,3921.384,2728.000,true
baseline,5,named_dialect_DB2,5,14067,2530.149,4320.000,true
baseline,5,raw_batch_beans,5,2419,8269.409,16896.000,false
baseline,5,mybatis_in_17,5,8774,2776.852,6344.000,true
baseline,5,positional_select_columns,5,18938,1152.846,1952.000,true
baseline,5,positional_where_16,5,4829,6105.281,5888.000,true
baseline,5,raw_select_entity,5,19323,700.750,2000.000,true
baseline,5,named_dialect_Oracle,5,14711,1608.137,4272.000,true
baseline,5,mybatis_mixed_literals,5,9492,1912.410,3432.000,true
baseline,5,positional_insert_values,5,25356,1039.766,2104.000,true
baseline,5,raw_in_16,5,7506,2075.540,5600.000,true
baseline,5,mybatis_select_star,5,35401,334.440,1424.000,true
baseline,5,named_update_map,5,6160,2073.312,4752.000,true
baseline,5,named_batch_beans,5,1286,9209.176,26064.000,true
baseline,5,raw_naming_UPPER_CAMEL_CASE,5,2310,6266.190,8840.000,true
baseline,5,named_where_128,5,198,57850.505,71280.000,true
baseline,5,positional_raw_expression,5,13595,2145.053,2624.000,true
baseline,5,positional_subquery_structured,5,14428,2173.988,4704.000,true
baseline,5,mybatis_batch_beans,5,1705,8227.801,22080.000,true
baseline,5,raw_derived,5,1158,10536.874,15848.000,true
baseline,5,positional_late_modifier,5,29114,823.497,2360.000,true
baseline,5,mybatis_insert_placeholders,5,18025,1300.255,2584.000,true
baseline,5,positional_where_eq,5,22467,1059.817,2664.000,true
baseline,5,mybatis_union_builder,5,1566,13624.777,16648.000,true
baseline,5,positional_pagination,5,19188,1309.652,3288.000,true
baseline,5,mybatis_batch_64,5,631,48248.336,118896.000,true
baseline,5,positional_in_256,5,4749,6554.812,9576.000,true
baseline,5,positional_nested,5,17490,2060.892,2952.000,true
baseline,5,named_in_16,5,6981,3222.619,7600.000,true
baseline,5,named_naming_NO_CHANGE,5,3553,7592.091,9624.000,true
baseline,5,mybatis_naming_UPPER_CAMEL_CASE,5,2628,7563.356,8984.000,true
baseline,5,positional_row_in,5,19018,1188.989,2624.000,true
baseline,5,named_late_modifier,5,22488,855.038,2816.000,true
baseline,5,mybatis_subquery_raw,5,25288,695.053,2272.000,true
baseline,5,named_dialect_PostgreSQL,6,14489,1644.903,4144.000,true
baseline,5,named_pagination,6,10072,1420.155,4072.000,true
baseline,5,mybatis_insert_placeholders,6,18025,1433.659,2584.000,true
baseline,5,mybatis_row_in,6,8045,1459.229,3608.000,true
baseline,5,positional_join_using,6,20440,1126.849,3056.000,true
baseline,5,raw_select_entity,6,19323,689.722,2000.000,true
baseline,5,named_naming_CAMEL_CASE,6,3909,5568.432,9624.000,true
baseline,5,positional_retry_rollback,6,6460,4819.737,5872.000,true
baseline,5,custom_handler_union,6,1751,15573.044,16536.000,true
baseline,5,named_between,6,9118,1959.728,3800.000,true
baseline,5,mybatis_repeated_names,6,542,40786.347,52872.000,true
baseline,5,mybatis_where_eq,6,17816,1887.713,2960.000,true
baseline,5,raw_union_builder,6,2245,10924.677,10160.000,true
baseline,5,positional_naming_KEBAB_CASE,6,4678,9177.747,5888.000,true
baseline,5,positional_in_expression,6,4833,6313.242,9760.000,true
baseline,5,raw_union_raw,6,5048,6264.501,5200.000,true
baseline,5,named_subquery_raw,6,29984,1023.222,2272.000,true
baseline,5,named_insert_entity,6,15352,1297.811,2760.000,true
baseline,5,positional_subquery_structured,6,14428,3095.973,4704.000,true
baseline,5,mybatis_update_chain_16,6,1301,27832.206,39936.000,true
baseline,5,positional_select_expressions,6,8912,3790.810,2728.000,true
baseline,5,mybatis_in_expression,6,700,30139.429,66656.000,true
baseline,5,named_group_order,6,2553,6792.910,7688.000,true
baseline,5,mybatis_batch_beans,6,1705,11489.150,22080.000,true
baseline,5,mybatis_naming_NO_CHANGE,6,4025,8554.236,8024.000,true
baseline,5,raw_naming_SCREAMING_SNAKE_CASE,6,3456,8698.119,8856.000,true
baseline,5,mybatis_subquery_raw,6,25288,1049.462,2272.000,true
baseline,5,named_repeated_names,6,568,48363.028,64920.000,true
baseline,5,named_naming_SCREAMING_SNAKE_CASE,6,3207,9687.995,10600.000,true
baseline,5,raw_select_star,6,49967,549.675,1424.000,true
baseline,5,raw_batch_beans,6,2419,13894.833,16896.000,false
baseline,5,mybatis_batch_4,6,5805,6252.265,8784.000,true
baseline,5,named_subquery_structured,6,6846,3997.298,5488.000,true
baseline,5,named_insert_values,6,9122,2176.157,3048.000,true
baseline,5,named_update_map,6,6160,2778.198,4752.000,true
baseline,5,mybatis_update_map,6,9010,3366.415,4200.000,true
baseline,5,mybatis_insert_values,6,17383,2079.463,2744.000,true
baseline,5,mybatis_select_entity,6,32641,1241.635,2000.000,true
baseline,5,raw_naming_KEBAB_CASE,6,3545,10929.619,8840.000,true
baseline,5,raw_in_expression,6,926,34898.812,56616.000,true
baseline,5,mybatis_between,6,13958,2775.075,3544.000,true
baseline,5,positional_batch_64,6,136,32147.059,72176.000,true
baseline,5,named_in_1024,6,92,230984.783,353216.000,true
baseline,5,raw_subquery_raw,6,32497,1507.459,2272.000,true
baseline,5,positional_row_in,6,19018,2016.668,2624.000,true
baseline,5,positional_update_chain_16,6,3303,12338.329,22360.000,true
baseline,5,raw_where_16,6,2317,7661.070,8840.000,true
baseline,5,raw_insert_entity,6,13128,1265.814,2176.000,false
baseline,5,named_where_eq,6,14494,1466.614,3120.000,true
baseline,5,positional_union_raw,6,6157,5376.482,5200.000,true
baseline,5,raw_in_1024,6,240,99580.000,220248.000,true
baseline,5,raw_batch_64,6,642,56545.639,97344.000,false
baseline,5,mybatis_join_using,6,16720,1722.356,3352.000,true
baseline,5,named_naming_KEBAB_CASE,6,3507,9708.355,10584.000,true
baseline,5,mybatis_pagination,6,15454,2372.726,3808.000,true
baseline,5,named_select_entity,6,34111,966.017,2000.000,true
baseline,5,named_select_expressions,6,8263,3515.987,2728.000,true
baseline,5,positional_late_modifier,6,29114,1064.560,2360.000,true
baseline,5,raw_join_using,6,11446,1883.348,3176.000,true
baseline,5,raw_repeated_names,6,438,47874.429,53896.000,true
baseline,5,mybatis_join_on,6,10041,3068.888,4128.000,true
baseline,5,raw_in_17,6,10215,2681.723,5816.000,true
baseline,5,named_mixed_literals,6,6468,1966.790,3768.000,true
baseline,5,positional_repeated_names,6,1402,20478.103,30360.000,true
baseline,5,positional_select_entity,6,38227,826.139,2000.000,true
baseline,5,positional_naming_NO_CHANGE,6,6517,5269.940,4928.000,true
baseline,5,mybatis_insert_entity,6,11341,1399.048,2456.000,true
baseline,5,raw_update_chain_16,6,2444,9800.614,25448.000,true
baseline,5,positional_dialect_MySQL,6,19357,1402.738,3360.000,true
baseline,5,positional_where_eq,6,22467,1139.066,2664.000,true
baseline,5,named_select_star,6,78329,324.673,1424.000,true
baseline,5,mybatis_in_256,6,794,29846.599,66616.000,true
baseline,5,positional_between,6,18663,1362.830,3056.000,true
baseline,5,raw_condition_only,6,2056,5370.039,7816.000,true
baseline,5,raw_where_128,6,402,45975.373,56496.000,true
baseline,5,positional_insert_entity,6,36035,866.674,1816.000,true
baseline,5,raw_where_eq,6,13720,1293.914,2784.000,true
baseline,5,raw_derived,6,1158,10675.216,15848.000,true
baseline,5,raw_pagination,6,8636,1294.268,3400.000,true
baseline,5,positional_insert_values,6,25356,906.062,2104.000,true
baseline,5,named_in_expression,6,389,37302.571,90680.000,true
baseline,5,mybatis_condition_only,6,2859,7715.810,7960.000,true
baseline,5,positional_union_builder,6,3829,6445.678,9768.000,true
baseline,5,named_row_in,6,7330,1744.720,4016.000,true
baseline,5,positional_select_columns,6,18938,1147.228,1952.000,true
baseline,5,raw_naming_UPPER_CAMEL_CASE,6,2310,8701.039,8840.000,true
baseline,5,raw_insert_values,6,8262,1546.950,2464.000,false
baseline,5,positional_select_star,6,80925,321.804,1424.000,true
baseline,5,raw_naming_NO_CHANGE,6,4397,4980.123,7880.000,true
baseline,5,mybatis_where_128,6,449,75505.122,58208.000,true
baseline,5,named_raw_expression,6,12783,2289.650,2624.000,true
baseline,5,positional_nested,6,17490,2397.307,2952.000,true
baseline,5,raw_select_expressions,6,7820,3285.243,2728.000,true
baseline,5,positional_condition_only,6,5720,8286.801,4872.000,true
baseline,5,raw_batch_4,6,6957,4056.935,7584.000,false
baseline,5,mybatis_batch_64,6,631,38366.086,118896.000,true
baseline,5,positional_pagination,6,19188,1141.463,3288.000,true
baseline,5,named_retry_rollback,6,3508,4529.789,8264.000,true
baseline,5,positional_batch_4,6,1833,1967.703,5968.000,true
baseline,5,mybatis_union_builder,6,1566,11835.377,16648.000,true
baseline,5,mybatis_nested,6,6427,1495.706,3416.000,true
baseline,5,named_where_128,6,198,49921.212,71280.000,true
baseline,5,positional_dialect_PostgreSQL,6,18744,1316.341,3360.000,true
baseline,5,positional_in_256,6,4749,6597.873,9576.000,true
baseline,5,positional_where_16,6,4829,7970.263,5888.000,true
baseline,5,positional_update_map,6,17658,1557.300,3024.000,true
baseline,5,named_nested,6,7588,2375.053,3648.000,true
baseline,5,raw_naming_CAMEL_CASE,6,4943,9718.167,7880.000,true
baseline,5,mybatis_select_columns,6,22764,1287.256,1952.000,true
baseline,5,named_condition_only,6,1737,6488.601,9560.000,true
baseline,5,positional_group_order,6,5093,3658.885,6336.000,true
baseline,5,positional_mixed_literals,6,16772,1348.831,2800.000,true
baseline,5,named_join_on,6,11444,2344.670,4288.000,true
baseline,5,positional_raw_expression,6,13595,2542.795,2624.000,true
baseline,5,raw_late_modifier,6,15145,1470.730,2480.000,true
baseline,5,named_dialect_DB2,6,14067,2272.126,4320.000,true
baseline,5,named_dialect_MySQL,6,14569,2303.171,4144.000,true
baseline,5,named_insert_placeholders,6,16156,2213.382,2920.000,true
baseline,5,named_naming_UPPER_CAMEL_CASE,6,2635,12999.924,10584.000,true
baseline,5,named_union_raw,6,3060,7512.353,5200.000,true
baseline,5,named_dialect_Microsoft_SQL_Server,6,12838,3660.664,4320.000,true
baseline,5,positional_in_17,6,24831,1863.123,2672.000,true
baseline,5,raw_retry_rollback,6,3425,6813.810,6376.000,true
baseline,5,named_late_modifier,6,22488,1476.094,2816.000,true
baseline,5,mybatis_select_expressions,6,5315,2843.217,2728.000,true
baseline,5,positional_naming_CAMEL_CASE,6,5990,5276.678,4928.000,true
baseline,5,positional_naming_UPPER_CAMEL_CASE,6,2246,7919.947,5888.000,true
baseline,5,named_update_chain_16,6,1057,26405.866,47000.000,true
baseline,5,positional_where_128,6,655,37804.580,32808.000,true
baseline,5,named_in_16,6,6981,3108.208,7600.000,true
baseline,5,named_batch_64,6,346,40293.353,134912.000,true
baseline,5,raw_in_16,6,7506,2097.082,5600.000,true
baseline,5,named_batch_beans,6,1286,9248.989,26064.000,true
baseline,5,raw_subquery_structured,6,14239,1666.311,4616.000,true
baseline,5,mybatis_mixed_literals,6,9492,1931.374,3432.000,true
baseline,5,mybatis_union_raw,6,5509,3809.366,5200.000,true
baseline,5,positional_join_on,6,11901,1769.608,3832.000,true
baseline,5,named_where_16,6,2219,7112.573,10584.000,true
baseline,5,positional_in_16,6,24845,1036.635,2656.000,true
baseline,5,named_in_256,6,433,30397.229,90712.000,true
baseline,5,mybatis_select_star,6,35401,338.934,1424.000,true
baseline,5,mybatis_raw_expression,6,9958,1627.736,2624.000,true
baseline,5,raw_row_in,6,14214,1325.953,3136.000,true
baseline,5,mybatis_retry_rollback,6,3888,5254.012,7568.000,true
baseline,5,mybatis_in_1024,6,168,103823.810,256896.000,true
baseline,5,positional_dialect_Oracle,6,18975,1580.569,3496.000,true
baseline,5,raw_in_256,6,1103,32597.643,56640.000,true
baseline,5,named_dialect_Oracle,6,14711,1622.507,4272.000,true
baseline,5,raw_mixed_literals,6,6981,1669.460,3192.000,true
baseline,5,named_union_builder,6,806,11907.320,17272.000,true
baseline,5,named_join_using,6,10817,1894.897,3512.000,true
baseline,5,mybatis_delete,6,40724,752.252,1808.000,true
baseline,5,raw_update_map,6,15191,1874.116,3592.000,false
baseline,5,raw_select_columns,6,10696,1071.344,1952.000,true
baseline,5,raw_insert_placeholders,6,17032,790.858,1944.000,true
baseline,5,mybatis_naming_SCREAMING_SNAKE_CASE,6,3473,7105.816,9000.000,true
baseline,5,mybatis_late_modifier,6,15409,827.341,2656.000,true
baseline,5,positional_naming_SCREAMING_SNAKE_CASE,6,4764,5483.249,5904.000,true
baseline,5,mybatis_naming_KEBAB_CASE,6,3607,10780.288,8984.000,true
baseline,5,mybatis_in_16,6,9719,3308.242,6128.000,true
baseline,5,positional_dialect_DB2,6,17802,2261.044,3544.000,true
baseline,5,positional_subquery_raw,6,31453,1270.384,2272.000,true
baseline,5,mybatis_in_17,6,8774,4636.164,6344.000,true
baseline,5,positional_batch_beans,6,5397,7487.122,10464.000,true
baseline,5,raw_raw_expression,6,6665,3947.847,2624.000,true
baseline,5,raw_delete,6,38560,1055.241,1624.000,true
baseline,5,named_in_17,6,7942,5490.456,7888.000,true
baseline,5,positional_derived,6,2196,14191.120,15296.000,true
baseline,5,positional_insert_placeholders,6,19282,1371.549,1944.000,true
baseline,5,positional_dialect_Microsoft_SQL_Server,6,16950,2204.838,3544.000,true
baseline,5,named_naming_NO_CHANGE,6,3553,9497.101,9624.000,true
baseline,5,positional_in_1024,6,1557,19401.991,28504.000,true
baseline,5,custom_handler_where,6,3492,10647.738,10616.000,true
baseline,5,mybatis_where_16,6,3415,9839.327,8984.000,true
baseline,5,mybatis_derived,6,967,23130.817,17144.000,true
baseline,5,raw_between,6,14034,3077.519,3384.000,true
baseline,5,named_derived,6,1884,22274.522,17800.000,true
baseline,5,mybatis_subquery_structured,6,7047,3446.701,5232.000,true
baseline,5,mybatis_group_order,6,5361,5419.176,7264.000,true
baseline,5,raw_join_on,6,6476,3608.786,3952.000,true
baseline,5,raw_group_order,6,4811,6622.303,6432.000,true
baseline,5,named_delete,6,41314,926.417,1960.000,true
baseline,5,mybatis_naming_UPPER_CAMEL_CASE,6,2628,17324.011,8984.000,true
baseline,5,mybatis_naming_CAMEL_CASE,6,4566,8828.428,8024.000,true
baseline,5,named_batch_4,6,3423,3833.275,9736.000,true
baseline,5,positional_delete,6,42988,633.363,1504.000,true
baseline,5,raw_nested,6,8678,2001.809,3280.000,true
baseline,5,named_select_columns,6,21475,1386.594,1952.000,true
baseline,5,named_in_1024,7,92,195052.174,353216.000,true
baseline,5,positional_naming_UPPER_CAMEL_CASE,7,2246,7113.001,5888.000,true
baseline,5,positional_select_star,7,80925,456.206,1424.000,true
baseline,5,named_delete,7,41314,954.800,1960.000,true
baseline,5,mybatis_naming_SCREAMING_SNAKE_CASE,7,3473,10495.019,9000.000,true
baseline,5,positional_select_columns,7,18938,2106.569,1952.000,true
baseline,5,positional_pagination,7,19188,1891.458,3288.000,true
baseline,5,raw_insert_placeholders,7,17032,1179.216,1944.000,true
baseline,5,named_select_star,7,78329,592.994,1424.000,true
baseline,5,positional_dialect_PostgreSQL,7,18744,1529.647,3360.000,true
baseline,5,mybatis_insert_placeholders,7,18025,1348.971,2584.000,true
baseline,5,raw_select_entity,7,19323,808.156,2000.000,true
baseline,5,positional_between,7,18663,1962.894,3056.000,true
baseline,5,positional_delete,7,42988,739.032,1504.000,true
baseline,5,mybatis_update_map,7,9010,2897.292,4200.000,true
baseline,5,named_repeated_names,7,568,34950.176,64920.000,true
baseline,5,raw_where_16,7,2317,7272.982,8840.000,true
baseline,5,named_nested,7,7588,2018.542,3648.000,true
baseline,5,positional_naming_CAMEL_CASE,7,5990,5758.280,4928.000,true
baseline,5,raw_insert_entity,7,13128,1109.209,2176.000,false
baseline,5,raw_raw_expression,7,6665,1934.734,2624.000,true
baseline,5,positional_insert_placeholders,7,19282,1095.255,1944.000,true
baseline,5,named_join_on,7,11444,3187.199,4288.000,true
baseline,5,named_derived,7,1884,14211.040,17800.000,true
baseline,5,named_naming_SCREAMING_SNAKE_CASE,7,3207,7342.438,10600.000,true
baseline,5,named_row_in,7,7330,2173.834,4016.000,true
baseline,5,named_in_16,7,6981,6618.364,7600.000,true
baseline,5,raw_union_raw,7,5048,6715.174,5200.000,true
baseline,5,named_dialect_PostgreSQL,7,14489,2809.062,4144.000,true
baseline,5,named_union_raw,7,3060,5456.340,5200.000,true
baseline,5,positional_dialect_MySQL,7,19357,1792.814,3360.000,true
baseline,5,positional_join_using,7,20440,1752.549,3056.000,true
baseline,5,positional_subquery_raw,7,31453,1080.059,2272.000,true
baseline,5,mybatis_where_128,7,449,71031.403,58208.000,true
baseline,5,raw_retry_rollback,7,3425,6407.387,6376.000,true
baseline,5,named_between,7,9118,2300.461,3800.000,true
baseline,5,mybatis_naming_CAMEL_CASE,7,4566,10618.747,8024.000,true
baseline,5,mybatis_batch_4,7,5805,6464.617,8784.000,true
baseline,5,named_dialect_Microsoft_SQL_Server,7,12838,3252.158,4320.000,true
baseline,5,mybatis_where_eq,7,17816,2336.215,2960.000,true
baseline,5,named_naming_UPPER_CAMEL_CASE,7,2635,14272.676,10584.000,true
baseline,5,named_pagination,7,10072,1838.513,4072.000,true
baseline,5,positional_batch_beans,7,5397,4945.877,10464.000,true
baseline,5,raw_batch_beans,7,2419,10144.399,16896.000,false
baseline,5,positional_union_raw,7,6157,4136.024,5200.000,true
baseline,5,mybatis_union_raw,7,5509,4084.226,5200.000,true
baseline,5,positional_in_1024,7,1557,22678.035,28504.000,true
baseline,5,named_in_expression,7,389,41566.581,90680.000,true
baseline,5,raw_select_columns,7,10696,1383.377,1952.000,true
baseline,5,positional_in_16,7,24845,1463.824,2656.000,true
baseline,5,raw_subquery_raw,7,32497,1248.635,2272.000,true
baseline,5,positional_raw_expression,7,13595,3432.527,2624.000,true
baseline,5,named_subquery_raw,7,29984,1072.602,2272.000,true
baseline,5,mybatis_join_using,7,16720,1871.292,3352.000,true
baseline,5,positional_batch_4,7,1833,3431.315,5968.000,true
baseline,5,positional_naming_NO_CHANGE,7,6517,6309.422,4928.000,true
baseline,5,named_batch_64,7,346,68581.214,134912.000,true
baseline,5,mybatis_in_1024,7,168,129248.214,256896.000,true
baseline,5,named_select_columns,7,21475,969.895,1952.000,true
baseline,5,positional_where_16,7,4829,5468.876,5888.000,true
baseline,5,mybatis_naming_NO_CHANGE,7,4025,5746.161,8024.000,true
baseline,5,custom_handler_union,7,1751,13369.103,16536.000,true
baseline,5,positional_condition_only,7,5720,5313.759,4872.000,true
baseline,5,raw_select_expressions,7,7820,3012.084,2728.000,true
baseline,5,named_batch_beans,7,1286,11154.743,26064.000,true
baseline,5,named_insert_placeholders,7,16156,1393.940,2920.000,true
baseline,5,mybatis_select_entity,7,32641,669.915,2000.000,true
baseline,5,named_update_map,7,6160,2495.860,4752.000,true
baseline,5,mybatis_union_builder,7,1566,16845.275,16648.000,true
baseline,5,mybatis_row_in,7,8045,1695.687,3608.000,true
baseline,5,positional_naming_KEBAB_CASE,7,4678,5486.853,5888.000,true
baseline,5,named_late_modifier,7,22488,1131.208,2816.000,true
baseline,5,positional_dialect_DB2,7,17802,1300.697,3544.000,true
baseline,5,named_insert_values,7,9122,1355.547,3048.000,true
baseline,5,mybatis_raw_expression,7,9958,1813.336,2624.000,true
baseline,5,named_insert_entity,7,15352,1291.473,2760.000,true
baseline,5,mybatis_group_order,7,5361,5863.552,7264.000,true
baseline,5,positional_update_chain_16,7,3303,10046.412,22360.000,true
baseline,5,raw_late_modifier,7,15145,1353.404,2480.000,true
baseline,5,raw_select_star,7,49967,327.770,1424.000,true
baseline,5,raw_naming_KEBAB_CASE,7,3545,8150.748,8840.000,true
baseline,5,named_select_entity,7,34111,838.501,2000.000,true
baseline,5,raw_where_eq,7,13720,1482.048,2784.000,true
baseline,5,raw_mixed_literals,7,6981,2605.429,3192.000,true
baseline,5,mybatis_subquery_raw,7,25288,782.284,2272.000,true
baseline,5,positional_retry_rollback,7,6460,3950.062,5872.000,true
baseline,5,positional_union_builder,7,3829,7298.433,9768.000,true
baseline,5,positional_batch_64,7,136,29567.647,72176.000,true
baseline,5,positional_group_order,7,5093,4980.738,6336.000,true
baseline,5,raw_naming_NO_CHANGE,7,4397,11087.355,7880.000,true
baseline,5,mybatis_subquery_structured,7,7047,4453.413,5232.000,true
baseline,5,raw_in_expression,7,926,56674.730,56616.000,true
baseline,5,positional_row_in,7,19018,2271.601,2624.000,true
baseline,5,mybatis_batch_64,7,631,78986.054,118896.000,true
baseline,5,mybatis_between,7,13958,2834.554,3544.000,true
baseline,5,mybatis_naming_UPPER_CAMEL_CASE,7,2628,29935.654,8984.000,true
baseline,5,named_select_expressions,7,8263,8255.670,2728.000,true
baseline,5,named_dialect_MySQL,7,14569,3106.795,4144.000,true
baseline,5,named_naming_KEBAB_CASE,7,3507,15822.184,10584.000,true
baseline,5,positional_subquery_structured,7,14428,3085.999,4704.000,true
baseline,5,named_where_16,7,2219,12882.875,10584.000,true
baseline,5,mybatis_select_columns,7,22764,1362.880,1952.000,true
baseline,5,mybatis_nested,7,6427,8305.352,3416.000,true
baseline,5,positional_derived,7,2196,13488.069,15296.000,true
baseline,5,raw_subquery_structured,7,14239,2515.907,4616.000,true
baseline,5,raw_naming_SCREAMING_SNAKE_CASE,7,3456,9426.273,8856.000,true
baseline,5,mybatis_delete,7,40724,969.890,1808.000,true
baseline,5,named_group_order,7,2553,7422.718,7688.000,true
baseline,5,named_raw_expression,7,12783,2926.019,2624.000,true
baseline,5,mybatis_insert_entity,7,11341,1850.419,2456.000,true
baseline,5,mybatis_update_chain_16,7,1301,28504.689,39936.000,true
baseline,5,mybatis_mixed_literals,7,9492,3393.710,3432.000,true
baseline,5,raw_insert_values,7,8262,2060.796,2464.000,false
baseline,5,raw_where_128,7,402,77781.343,56496.000,true
baseline,5,mybatis_in_256,7,794,43038.791,66616.000,true
baseline,5,mybatis_naming_KEBAB_CASE,7,3607,10626.670,8984.000,true
baseline,5,named_subquery_structured,7,6846,2472.904,5488.000,true
baseline,5,positional_nested,7,17490,2208.662,2952.000,true
baseline,5,mybatis_in_17,7,8774,2930.796,6344.000,true
baseline,5,positional_join_on,7,11901,2341.921,3832.000,true
baseline,5,raw_delete,7,38560,707.158,1624.000,true
baseline,5,raw_row_in,7,14214,1783.045,3136.000,true
baseline,5,named_union_builder,7,806,12321.588,17272.000,true
baseline,5,named_batch_4,7,3423,3424.628,9736.000,true
baseline,5,positional_repeated_names,7,1402,18626.819,30360.000,true
baseline,5,raw_join_using,7,11446,1003.905,3176.000,true
baseline,5,mybatis_late_modifier,7,15409,860.030,2656.000,true
baseline,5,named_condition_only,7,1737,6026.885,9560.000,true
baseline,5,mybatis_repeated_names,7,542,26970.664,52872.000,true
baseline,5,raw_between,7,14034,1278.958,3384.000,true
baseline,5,positional_in_256,7,4749,5431.480,9576.000,true
baseline,5,positional_dialect_Oracle,7,18975,1468.095,3496.000,true
baseline,5,named_where_128,7,198,49333.333,71280.000,true
baseline,5,mybatis_retry_rollback,7,3888,5731.276,7568.000,true
baseline,5,positional_mixed_literals,7,16772,1625.101,2800.000,true
baseline,5,raw_naming_UPPER_CAMEL_CASE,7,2310,7050.823,8840.000,true
baseline,5,positional_select_entity,7,38227,776.404,2000.000,true
baseline,5,positional_select_expressions,7,8912,2660.402,2728.000,true
baseline,5,raw_naming_CAMEL_CASE,7,4943,5160.490,7880.000,true
baseline,5,positional_update_map,7,17658,1374.437,3024.000,true
baseline,5,mybatis_select_expressions,7,5315,2967.676,2728.000,true
baseline,5,positional_in_expression,7,4833,9706.683,9760.000,true
baseline,5,mybatis_join_on,7,10041,2110.806,4128.000,true
baseline,5,positional_naming_SCREAMING_SNAKE_CASE,7,4764,6008.606,5904.000,true
baseline,5,positional_dialect_Microsoft_SQL_Server,7,16950,1594.891,3544.000,true
baseline,5,named_join_using,7,10817,1166.035,3512.000,true
baseline,5,raw_in_17,7,10215,2164.190,5816.000,true
baseline,5,positional_insert_values,7,25356,1200.805,2104.000,true
baseline,5,raw_nested,7,8678,1971.503,3280.000,true
baseline,5,mybatis_in_expression,7,700,29037.857,66656.000,true
baseline,5,mybatis_condition_only,7,2859,7320.182,7960.000,true
baseline,5,named_dialect_Oracle,7,14711,2034.382,4272.000,true
baseline,5,positional_where_eq,7,22467,1210.540,2664.000,true
baseline,5,named_retry_rollback,7,3508,7221.608,8264.000,true
baseline,5,mybatis_batch_beans,7,1705,9354.604,22080.000,true
baseline,5,mybatis_in_16,7,9719,2377.302,6128.000,true
baseline,5,raw_update_chain_16,7,2444,9891.939,25448.000,true
baseline,5,positional_late_modifier,7,29114,904.905,2360.000,true
baseline,5,positional_where_128,7,655,40694.656,32808.000,true
baseline,5,mybatis_insert_values,7,17383,1357.303,2744.000,true
baseline,5,named_in_256,7,433,32607.159,90712.000,true
baseline,5,mybatis_where_16,7,3415,7088.258,8984.000,true
baseline,5,mybatis_select_star,7,35401,354.716,1424.000,true
baseline,5,positional_insert_entity,7,36035,657.888,1816.000,true
baseline,5,raw_union_builder,7,2245,5591.938,10160.000,true
baseline,5,mybatis_pagination,7,15454,1326.990,3808.000,true
baseline,5,raw_update_map,7,15191,1593.371,3592.000,false
baseline,5,raw_condition_only,7,2056,6612.160,7816.000,true
baseline,5,named_update_chain_16,7,1057,22901.041,47000.000,true
baseline,5,named_dialect_DB2,7,14067,1594.697,4320.000,true
baseline,5,raw_repeated_names,7,438,26462.557,53896.000,true
baseline,5,positional_in_17,7,24831,1205.638,2672.000,true
baseline,5,raw_pagination,7,8636,1084.507,3400.000,true
baseline,5,raw_batch_64,7,642,36776.947,97344.000,false
baseline,5,named_naming_NO_CHANGE,7,3553,5985.927,9624.000,true
baseline,5,named_in_17,7,7942,3012.528,7888.000,true
baseline,5,raw_in_256,7,1103,24282.321,56640.000,true
baseline,5,raw_batch_4,7,6957,5700.172,7584.000,false
baseline,5,raw_group_order,7,4811,3931.449,6432.000,true
baseline,5,raw_derived,7,1158,10920.812,15848.000,true
baseline,5,named_where_eq,7,14494,1682.255,3120.000,true
baseline,5,mybatis_derived,7,967,14348.294,17144.000,true
baseline,5,named_naming_CAMEL_CASE,7,3909,6281.581,9624.000,true
baseline,5,raw_in_16,7,7506,2081.721,5600.000,true
baseline,5,raw_in_1024,7,240,85581.667,220248.000,true
baseline,5,custom_handler_where,7,3492,6422.337,10616.000,true
baseline,5,raw_join_on,7,6476,1764.654,3952.000,true
baseline,5,named_mixed_literals,7,6468,2240.167,3768.000,true
baseline,5,named_mixed_literals,8,6468,1610.111,3768.000,true
baseline,5,positional_row_in,8,19018,1012.709,2624.000,true
baseline,5,raw_raw_expression,8,6665,1553.443,2624.000,true
baseline,5,mybatis_union_raw,8,5509,3472.445,5200.000,true
baseline,5,named_select_columns,8,21475,978.123,1952.000,true
baseline,5,raw_subquery_structured,8,14239,1818.941,4616.000,true
baseline,5,mybatis_condition_only,8,2859,5319.342,7960.000,true
baseline,5,mybatis_select_expressions,8,5315,2184.911,2728.000,true
baseline,5,named_dialect_Microsoft_SQL_Server,8,12838,1754.759,4320.000,true
baseline,5,named_where_128,8,198,51284.848,71280.000,true
baseline,5,mybatis_where_eq,8,17816,1588.718,2960.000,true
baseline,5,mybatis_subquery_raw,8,25288,704.370,2272.000,true
baseline,5,positional_where_16,8,4829,6104.825,5888.000,true
baseline,5,raw_naming_NO_CHANGE,8,4397,4735.888,7880.000,true
baseline,5,positional_pagination,8,19188,1106.911,3288.000,true
baseline,5,positional_delete,8,42988,508.298,1504.000,true
baseline,5,mybatis_retry_rollback,8,3888,5478.498,7568.000,true
baseline,5,named_update_map,8,6160,2507.549,4752.000,true
baseline,5,mybatis_select_columns,8,22764,904.823,1952.000,true
baseline,5,mybatis_select_star,8,35401,366.114,1424.000,true
baseline,5,raw_union_raw,8,5048,3529.319,5200.000,true
baseline,5,mybatis_naming_UPPER_CAMEL_CASE,8,2628,7989.574,8984.000,true
baseline,5,mybatis_in_17,8,8774,2453.396,6344.000,true
baseline,5,positional_condition_only,8,5720,4136.888,4872.000,true
baseline,5,named_where_16,8,2219,6926.904,10584.000,true
baseline,5,mybatis_pagination,8,15454,1319.930,3808.000,true
baseline,5,mybatis_batch_64,8,631,45729.794,118896.000,true
baseline,5,positional_where_eq,8,22467,1085.396,2664.000,true
baseline,5,positional_update_chain_16,8,3303,6848.653,22360.000,true
baseline,5,mybatis_late_modifier,8,15409,1513.323,2656.000,true
baseline,5,raw_select_expressions,8,7820,3106.611,2728.000,true
baseline,5,positional_derived,8,2196,11413.069,15296.000,true
baseline,5,raw_select_star,8,49967,426.405,1424.000,true
baseline,5,positional_subquery_raw,8,31453,913.471,2272.000,true
baseline,5,raw_insert_placeholders,8,17032,854.321,1944.000,true
baseline,5,raw_naming_UPPER_CAMEL_CASE,8,2310,5989.004,8840.000,true
baseline,5,raw_naming_SCREAMING_SNAKE_CASE,8,3456,6433.565,8856.000,true
baseline,5,mybatis_between,8,13958,1482.691,3544.000,true
baseline,5,positional_between,8,18663,1224.358,3056.000,true
baseline,5,raw_select_columns,8,10696,887.294,1952.000,true
baseline,5,positional_raw_expression,8,13595,1568.959,2624.000,true
baseline,5,raw_update_map,8,15191,1455.408,3592.000,false
baseline,5,named_select_expressions,8,8263,2160.656,2728.000,true
baseline,5,named_dialect_MySQL,8,14569,1468.502,4144.000,true
baseline,5,positional_batch_4,8,1833,2052.428,5968.000,true
baseline,5,mybatis_repeated_names,8,542,27833.210,52872.000,true
baseline,5,raw_where_128,8,402,40801.741,56496.000,true
baseline,5,mybatis_where_16,8,3415,6314.436,8984.000,true
baseline,5,positional_nested,8,17490,1599.022,2952.000,true
baseline,5,positional_batch_64,8,136,21367.647,72176.000,true
baseline,5,positional_late_modifier,8,29114,808.130,2360.000,true
baseline,5,named_insert_entity,8,15352,1211.184,2760.000,true
baseline,5,raw_delete,8,38560,602.824,1624.000,true
baseline,5,raw_join_using,8,11446,1202.036,3176.000,true
baseline,5,named_naming_NO_CHANGE,8,3553,5630.706,9624.000,true
baseline,5,positional_in_256,8,4749,5401.369,9576.000,true
baseline,5,named_in_1024,8,92,134120.652,353216.000,true
baseline,5,raw_row_in,8,14214,1369.924,3136.000,true
baseline,5,positional_select_columns,8,18938,885.067,1952.000,true
baseline,5,raw_update_chain_16,8,2444,10188.216,25448.000,true
baseline,5,mybatis_join_on,8,10041,2209.621,4128.000,true
baseline,5,named_select_star,8,78329,355.733,1424.000,true
baseline,5,named_delete,8,41314,569.407,1960.000,true
baseline,5,raw_nested,8,8678,1485.619,3280.000,true
baseline,5,raw_condition_only,8,2056,5865.710,7816.000,true
baseline,5,named_in_expression,8,389,36554.499,90680.000,true
baseline,5,mybatis_batch_4,8,5805,3799.087,8784.000,true
baseline,5,named_naming_UPPER_CAMEL_CASE,8,2635,9474.345,10584.000,true
baseline,5,raw_retry_rollback,8,3425,4480.818,6376.000,true
baseline,5,positional_update_map,8,17658,1317.986,3024.000,true
baseline,5,raw_in_1024,8,240,80252.083,220248.000,true
baseline,5,positional_join_on,8,11901,1924.653,3832.000,true
baseline,5,mybatis_in_1024,8,168,159511.310,256896.000,true
baseline,5,named_union_raw,8,3060,4446.078,5200.000,true
baseline,5,mybatis_group_order,8,5361,5347.193,7264.000,true
baseline,5,raw_subquery_raw,8,32497,742.099,2272.000,true
baseline,5,named_batch_64,8,346,51423.988,134912.000,true
baseline,5,named_in_16,8,6981,2395.703,7600.000,true
baseline,5,named_repeated_names,8,568,30111.972,64920.000,true
baseline,5,positional_select_entity,8,38227,663.819,2000.000,true
baseline,5,positional_union_builder,8,3829,5877.905,9768.000,true
baseline,5,positional_in_16,8,24845,881.175,2656.000,true
baseline,5,positional_naming_KEBAB_CASE,8,4678,5332.941,5888.000,true
baseline,5,named_batch_4,8,3423,3732.311,9736.000,true
baseline,5,positional_naming_CAMEL_CASE,8,5990,4162.604,4928.000,true
baseline,5,named_insert_values,8,9122,1213.002,3048.000,true
baseline,5,mybatis_subquery_structured,8,7047,1758.947,5232.000,true
baseline,5,named_pagination,8,10072,1690.131,4072.000,true
baseline,5,positional_select_expressions,8,8912,2625.415,2728.000,true
baseline,5,positional_dialect_DB2,8,17802,1582.429,3544.000,true
baseline,5,positional_union_raw,8,6157,4082.443,5200.000,true
baseline,5,positional_dialect_Oracle,8,18975,1406.988,3496.000,true
baseline,5,custom_handler_union,8,1751,14667.961,16536.000,true
baseline,5,positional_in_17,8,24831,1064.190,2672.000,true
baseline,5,raw_repeated_names,8,438,38802.283,53896.000,true
baseline,5,named_where_eq,8,14494,1326.811,3120.000,true
baseline,5,mybatis_mixed_literals,8,9492,1730.299,3432.000,true
baseline,5,raw_in_256,8,1103,21095.104,56640.000,true
baseline,5,mybatis_update_map,8,9010,1673.529,4200.000,true
baseline,5,raw_batch_64,8,642,28718.692,97344.000,false
baseline,5,positional_dialect_PostgreSQL,8,18744,1444.606,3360.000,true
baseline,5,raw_in_expression,8,926,21408.207,56616.000,true
baseline,5,mybatis_insert_placeholders,8,18025,1287.151,2584.000,true
baseline,5,named_batch_beans,8,1286,8692.224,26064.000,true
baseline,5,raw_batch_beans,8,2419,7373.749,16896.000,false
baseline,5,named_in_17,8,7942,3113.599,7888.000,true
baseline,5,positional_naming_SCREAMING_SNAKE_CASE,8,4764,5169.039,5904.000,true
baseline,5,raw_naming_CAMEL_CASE,8,4943,5132.066,7880.000,true
baseline,5,positional_group_order,8,5093,3710.622,6336.000,true
baseline,5,mybatis_naming_CAMEL_CASE,8,4566,5356.921,8024.000,true
baseline,5,positional_in_expression,8,4833,4760.790,9760.000,true
baseline,5,named_subquery_structured,8,6846,1826.629,5488.000,true
baseline,5,named_row_in,8,7330,1568.226,4016.000,true
baseline,5,raw_late_modifier,8,15145,734.374,2480.000,true
baseline,5,named_join_using,8,10817,1150.532,3512.000,true
baseline,5,mybatis_where_128,8,449,44976.392,58208.000,true
baseline,5,named_update_chain_16,8,1057,20204.541,47000.000,true
baseline,5,named_subquery_raw,8,29984,695.684,2272.000,true
baseline,5,named_derived,8,1884,12685.669,17800.000,true
baseline,5,mybatis_insert_values,8,17383,1188.535,2744.000,true
baseline,5,positional_dialect_Microsoft_SQL_Server,8,16950,1495.292,3544.000,true
baseline,5,positional_repeated_names,8,1402,18273.609,30360.000,true
baseline,5,named_group_order,8,2553,4041.520,7688.000,true
baseline,5,positional_dialect_MySQL,8,19357,1429.132,3360.000,true
baseline,5,raw_pagination,8,8636,1197.151,3400.000,true
baseline,5,mybatis_nested,8,6427,1753.104,3416.000,true
baseline,5,raw_between,8,14034,1403.285,3384.000,true
baseline,5,named_retry_rollback,8,3508,5044.470,8264.000,true
baseline,5,raw_insert_entity,8,13128,853.169,2176.000,false
baseline,5,positional_select_star,8,80925,349.615,1424.000,true
baseline,5,raw_where_eq,8,13720,1158.797,2784.000,true
baseline,5,raw_in_16,8,7506,1996.003,5600.000,true
baseline,5,named_condition_only,8,1737,7496.776,9560.000,true
baseline,5,mybatis_row_in,8,8045,1511.249,3608.000,true
baseline,5,named_union_builder,8,806,12867.246,17272.000,true
baseline,5,positional_insert_placeholders,8,19282,1224.360,1944.000,true
baseline,5,named_in_256,8,433,32327.714,90712.000,true
baseline,5,named_naming_KEBAB_CASE,8,3507,6961.990,10584.000,true
baseline,5,positional_join_using,8,20440,946.301,3056.000,true
baseline,5,mybatis_naming_KEBAB_CASE,8,3607,6731.051,8984.000,true
baseline,5,custom_handler_where,8,3492,6236.283,10616.000,true
baseline,5,mybatis_update_chain_16,8,1301,14138.739,39936.000,true
baseline,5,positional_in_1024,8,1557,16245.601,28504.000,true
baseline,5,mybatis_in_256,8,794,23442.569,66616.000,true
baseline,5,mybatis_in_16,8,9719,2079.144,6128.000,true
baseline,5,raw_mixed_literals,8,6981,1451.454,3192.000,true
baseline,5,named_dialect_PostgreSQL,8,14489,1384.505,4144.000,true
baseline,5,raw_derived,8,1158,9699.050,15848.000,true
baseline,5,named_dialect_Oracle,8,14711,1437.176,4272.000,true
baseline,5,raw_insert_values,8,8262,1063.653,2464.000,false
baseline,5,raw_in_17,8,10215,1854.763,5816.000,true
baseline,5,mybatis_batch_beans,8,1705,7805.220,22080.000,true
baseline,5,positional_retry_rollback,8,6460,2942.539,5872.000,true
baseline,5,named_dialect_DB2,8,14067,1441.992,4320.000,true
baseline,5,mybatis_delete,8,40724,470.408,1808.000,true
baseline,5,positional_where_128,8,655,32497.863,32808.000,true
baseline,5,mybatis_derived,8,967,11525.440,17144.000,true
baseline,5,mybatis_naming_NO_CHANGE,8,4025,5316.795,8024.000,true
baseline,5,raw_group_order,8,4811,3396.487,6432.000,true
baseline,5,positional_insert_entity,8,36035,731.084,1816.000,true
baseline,5,named_nested,8,7588,1629.006,3648.000,true
baseline,5,named_join_on,8,11444,1930.252,4288.000,true
baseline,5,positional_naming_NO_CHANGE,8,6517,3349.425,4928.000,true
baseline,5,named_naming_SCREAMING_SNAKE_CASE,8,3207,6737.948,10600.000,true
baseline,5,raw_select_entity,8,19323,553.408,2000.000,true
baseline,5,mybatis_in_expression,8,700,22771.143,66656.000,true
baseline,5,mybatis_naming_SCREAMING_SNAKE_CASE,8,3473,5932.479,9000.000,true
baseline,5,positional_batch_beans,8,5397,4532.815,10464.000,true
baseline,5,named_raw_expression,8,12783,1600.110,2624.000,true
baseline,5,positional_insert_values,8,25356,849.535,2104.000,true
baseline,5,mybatis_insert_entity,8,11341,834.018,2456.000,true
baseline,5,raw_batch_4,8,6957,2603.277,7584.000,false
baseline,5,named_insert_placeholders,8,16156,1019.745,2920.000,true
baseline,5,mybatis_join_using,8,16720,974.569,3352.000,true
baseline,5,named_between,8,9118,1450.066,3800.000,true
baseline,5,raw_naming_KEBAB_CASE,8,3545,5200.451,8840.000,true
baseline,5,raw_join_on,8,6476,1695.028,3952.000,true
baseline,5,raw_where_16,8,2317,5193.699,8840.000,true
baseline,5,named_late_modifier,8,22488,808.920,2816.000,true
baseline,5,raw_union_builder,8,2245,5317.684,10160.000,true
baseline,5,mybatis_union_builder,8,1566,10589.400,16648.000,true
baseline,5,positional_subquery_structured,8,14428,1449.764,4704.000,true
baseline,5,mybatis_select_entity,8,32641,593.946,2000.000,true
baseline,5,mybatis_raw_expression,8,9958,1462.533,2624.000,true
baseline,5,named_select_entity,8,34111,552.781,2000.000,true
baseline,5,positional_mixed_literals,8,16772,1187.008,2800.000,true
baseline,5,positional_naming_UPPER_CAMEL_CASE,8,2246,4277.694,5888.000,true
baseline,5,named_naming_CAMEL_CASE,8,3909,4743.541,9624.000,true
baseline,5,mybatis_where_16,9,3415,5746.384,8984.000,true
baseline,5,positional_select_star,9,80925,284.633,1424.000,true
baseline,5,positional_union_raw,9,6157,3453.955,5200.000,true
baseline,5,mybatis_pagination,9,15454,1235.848,3808.000,true
baseline,5,mybatis_select_columns,9,22764,912.744,1952.000,true
baseline,5,named_dialect_Microsoft_SQL_Server,9,12838,1618.110,4320.000,true
baseline,5,named_nested,9,7588,1366.829,3648.000,true
baseline,5,raw_select_entity,9,19323,582.953,2000.000,true
baseline,5,named_insert_values,9,9122,1089.893,3048.000,true
baseline,5,raw_delete,9,38560,443.268,1624.000,true
baseline,5,raw_batch_4,9,6957,2480.408,7584.000,false
baseline,5,raw_mixed_literals,9,6981,1587.137,3192.000,true
baseline,5,positional_subquery_structured,9,14428,1581.342,4704.000,true
baseline,5,named_subquery_raw,9,29984,580.543,2272.000,true
baseline,5,positional_in_1024,9,1557,15068.593,28504.000,true
baseline,5,named_in_17,9,7942,2325.598,7888.000,true
baseline,5,raw_raw_expression,9,6665,1519.760,2624.000,true
baseline,5,raw_select_expressions,9,7820,2037.839,2728.000,true
baseline,5,raw_in_256,9,1103,17767.996,56640.000,true
baseline,5,named_update_map,9,6160,1702.679,4752.000,true
baseline,5,mybatis_where_eq,9,17816,1098.569,2960.000,true
baseline,5,raw_in_expression,9,926,20848.056,56616.000,true
baseline,5,mybatis_select_star,9,35401,304.675,1424.000,true
baseline,5,positional_dialect_DB2,9,17802,1874.924,3544.000,true
baseline,5,positional_where_eq,9,22467,1419.170,2664.000,true
baseline,5,raw_late_modifier,9,15145,975.999,2480.000,true
baseline,5,positional_nested,9,17490,2432.693,2952.000,true
baseline,5,named_naming_KEBAB_CASE,9,3507,10876.590,10584.000,true
baseline,5,custom_handler_union,9,1751,21279.612,16536.000,true
baseline,5,raw_where_16,9,2317,9087.095,8840.000,true
baseline,5,raw_derived,9,1158,16632.902,15848.000,true
baseline,5,raw_naming_CAMEL_CASE,9,4943,6613.352,7880.000,true
baseline,5,named_naming_CAMEL_CASE,9,3909,8077.565,9624.000,true
baseline,5,named_naming_SCREAMING_SNAKE_CASE,9,3207,10778.266,10600.000,true
baseline,5,positional_raw_expression,9,13595,2842.530,2624.000,true
baseline,5,mybatis_naming_CAMEL_CASE,9,4566,7029.523,8024.000,true
baseline,5,named_repeated_names,9,568,44785.211,64920.000,true
baseline,5,raw_naming_NO_CHANGE,9,4397,7998.886,7880.000,true
baseline,5,raw_join_on,9,6476,2453.799,3952.000,true
baseline,5,raw_batch_beans,9,2419,9515.833,16896.000,false
baseline,5,mybatis_union_raw,9,5509,5498.493,5200.000,true
baseline,5,raw_insert_entity,9,13128,1054.083,2176.000,false
baseline,5,raw_in_17,9,10215,2002.956,5816.000,true
baseline,5,positional_update_chain_16,9,3303,6779.443,22360.000,true
baseline,5,positional_insert_placeholders,9,19282,737.294,1944.000,true
baseline,5,named_insert_placeholders,9,16156,1167.294,2920.000,true
baseline,5,named_union_builder,9,806,10279.156,17272.000,true
baseline,5,named_select_entity,9,34111,617.722,2000.000,true
baseline,5,named_union_raw,9,3060,3570.654,5200.000,true
baseline,5,positional_naming_NO_CHANGE,9,6517,4046.509,4928.000,true
baseline,5,positional_in_16,9,24845,1095.138,2656.000,true
baseline,5,named_dialect_MySQL,9,14569,1396.630,4144.000,true
baseline,5,raw_insert_values,9,8262,1157.553,2464.000,false
baseline,5,mybatis_update_map,9,9010,1576.915,4200.000,true
baseline,5,positional_select_columns,9,18938,845.227,1952.000,true
baseline,5,positional_union_builder,9,3829,5359.389,9768.000,true
baseline,5,named_dialect_Oracle,9,14711,1380.708,4272.000,true
baseline,5,named_late_modifier,9,22488,793.090,2816.000,true
baseline,5,named_in_1024,9,92,124775.000,353216.000,true
baseline,5,raw_union_raw,9,5048,3054.715,5200.000,true
baseline,5,named_retry_rollback,9,3508,4632.098,8264.000,true
baseline,5,mybatis_where_128,9,449,42964.365,58208.000,true
baseline,5,positional_row_in,9,19018,975.486,2624.000,true
baseline,5,named_between,9,9118,1343.167,3800.000,true
baseline,5,named_in_256,9,433,26231.178,90712.000,true
baseline,5,mybatis_in_16,9,9719,1945.231,6128.000,true
baseline,5,mybatis_between,9,13958,1410.009,3544.000,true
baseline,5,named_dialect_DB2,9,14067,1379.576,4320.000,true
baseline,5,positional_in_256,9,4749,4493.746,9576.000,true
baseline,5,positional_join_using,9,20440,866.512,3056.000,true
baseline,5,mybatis_mixed_literals,9,9492,1583.165,3432.000,true
baseline,5,named_where_128,9,198,43833.838,71280.000,true
baseline,5,named_join_using,9,10817,927.475,3512.000,true
baseline,5,positional_batch_beans,9,5397,4038.633,10464.000,true
baseline,5,named_select_expressions,9,8263,2077.466,2728.000,true
baseline,5,raw_update_chain_16,9,2444,8106.588,25448.000,true
baseline,5,positional_pagination,9,19188,951.574,3288.000,true
baseline,5,mybatis_group_order,9,5361,3617.590,7264.000,true
baseline,5,positional_dialect_MySQL,9,19357,1242.935,3360.000,true
baseline,5,raw_union_builder,9,2245,5341.024,10160.000,true
baseline,5,raw_subquery_raw,9,32497,677.318,2272.000,true
baseline,5,named_insert_entity,9,15352,931.481,2760.000,true
baseline,5,raw_naming_KEBAB_CASE,9,3545,5233.625,8840.000,true
baseline,5,positional_batch_64,9,136,16501.471,72176.000,true
baseline,5,named_join_on,9,11444,1794.390,4288.000,true
baseline,5,positional_insert_values,9,25356,874.440,2104.000,true
baseline,5,mybatis_late_modifier,9,15409,772.075,2656.000,true
baseline,5,mybatis_naming_NO_CHANGE,9,4025,4753.342,8024.000,true
baseline,5,positional_subquery_raw,9,31453,632.455,2272.000,true
baseline,5,positional_dialect_PostgreSQL,9,18744,1087.548,3360.000,true
baseline,5,raw_condition_only,9,2056,4968.872,7816.000,true
baseline,5,positional_late_modifier,9,29114,622.244,2360.000,true
baseline,5,named_select_star,9,78329,286.536,1424.000,true
baseline,5,positional_group_order,9,5093,3063.165,6336.000,true
baseline,5,mybatis_insert_entity,9,11341,935.782,2456.000,true
baseline,5,mybatis_join_on,9,10041,1743.302,4128.000,true
baseline,5,positional_derived,9,2196,9410.610,15296.000,true
baseline,5,mybatis_batch_64,9,631,43833.122,118896.000,true
baseline,5,raw_select_columns,9,10696,892.427,1952.000,true
baseline,5,mybatis_naming_KEBAB_CASE,9,3607,5963.321,8984.000,true
baseline,5,raw_naming_UPPER_CAMEL_CASE,9,2310,5584.416,8840.000,true
baseline,5,raw_insert_placeholders,9,17032,801.444,1944.000,true
baseline,5,raw_repeated_names,9,438,22573.059,53896.000,true
baseline,5,positional_delete,9,42988,371.778,1504.000,true
baseline,5,positional_naming_CAMEL_CASE,9,5990,3084.658,4928.000,true
baseline,5,named_where_eq,9,14494,1022.057,3120.000,true
baseline,5,mybatis_retry_rollback,9,3888,4609.825,7568.000,true
baseline,5,positional_condition_only,9,5720,4919.003,4872.000,true
baseline,5,named_naming_NO_CHANGE,9,3553,6429.637,9624.000,true
baseline,5,named_derived,9,1884,11554.936,17800.000,true
baseline,5,positional_repeated_names,9,1402,17747.290,30360.000,true
baseline,5,raw_subquery_structured,9,14239,1527.685,4616.000,true
baseline,5,named_raw_expression,9,12783,1494.618,2624.000,true
baseline,5,named_batch_64,9,346,39482.659,134912.000,true
baseline,5,raw_between,9,14034,1268.804,3384.000,true
baseline,5,named_naming_UPPER_CAMEL_CASE,9,2635,6089.336,10584.000,true
baseline,5,named_row_in,9,7330,1368.731,4016.000,true
baseline,5,mybatis_subquery_raw,9,25288,664.252,2272.000,true
baseline,5,named_in_expression,9,389,25963.239,90680.000,true
baseline,5,positional_naming_UPPER_CAMEL_CASE,9,2246,4673.330,5888.000,true
baseline,5,raw_join_using,9,11446,943.194,3176.000,true
baseline,5,positional_between,9,18663,1140.963,3056.000,true
baseline,5,raw_select_star,9,49967,301.155,1424.000,true
baseline,5,mybatis_row_in,9,8045,1290.603,3608.000,true
baseline,5,named_in_16,9,6981,2342.472,7600.000,true
baseline,5,mybatis_raw_expression,9,9958,1486.724,2624.000,true
baseline,5,mybatis_join_using,9,16720,1018.618,3352.000,true
baseline,5,mybatis_update_chain_16,9,1301,13458.955,39936.000,true
baseline,5,positional_retry_rollback,9,6460,3336.796,5872.000,true
baseline,5,positional_select_expressions,9,8912,2019.782,2728.000,true
baseline,5,raw_pagination,9,8636,1174.433,3400.000,true
baseline,5,named_condition_only,9,1737,5147.668,9560.000,true
baseline,5,raw_in_16,9,7506,1634.079,5600.000,true
baseline,5,raw_batch_64,9,642,28347.352,97344.000,false
baseline,5,raw_nested,9,8678,1477.875,3280.000,true
baseline,5,mybatis_naming_UPPER_CAMEL_CASE,9,2628,5960.502,8984.000,true
baseline,5,mybatis_derived,9,967,10779.524,17144.000,true
baseline,5,positional_batch_4,9,1833,1868.358,5968.000,true
baseline,5,positional_join_on,9,11901,1728.762,3832.000,true
baseline,5,mybatis_in_expression,9,700,22596.857,66656.000,true
baseline,5,named_select_columns,9,21475,934.035,1952.000,true
baseline,5,mybatis_naming_SCREAMING_SNAKE_CASE,9,3473,6065.275,9000.000,true
baseline,5,positional_insert_entity,9,36035,639.775,1816.000,true
baseline,5,mybatis_insert_values,9,17383,1160.283,2744.000,true
baseline,5,named_where_16,9,2219,6076.566,10584.000,true
baseline,5,positional_dialect_Microsoft_SQL_Server,9,16950,1357.186,3544.000,true
baseline,5,positional_naming_KEBAB_CASE,9,4678,4307.054,5888.000,true
baseline,5,raw_row_in,9,14214,1286.436,3136.000,true
baseline,5,mybatis_batch_4,9,5805,2703.290,8784.000,true
baseline,5,raw_where_128,9,402,38595.771,56496.000,true
baseline,5,positional_update_map,9,17658,1044.897,3024.000,true
baseline,5,mybatis_repeated_names,9,542,25252.030,52872.000,true
baseline,5,raw_naming_SCREAMING_SNAKE_CASE,9,3456,5142.679,8856.000,true
baseline,5,named_subquery_structured,9,6846,1891.762,5488.000,true
baseline,5,named_mixed_literals,9,6468,1435.173,3768.000,true
baseline,5,mybatis_in_17,9,8774,1947.926,6344.000,true
baseline,5,named_group_order,9,2553,3835.644,7688.000,true
baseline,5,named_update_chain_16,9,1057,16751.939,47000.000,true
baseline,5,mybatis_condition_only,9,2859,4989.192,7960.000,true
baseline,5,named_dialect_PostgreSQL,9,14489,1475.830,4144.000,true
baseline,5,mybatis_delete,9,40724,451.746,1808.000,true
baseline,5,positional_select_entity,9,38227,596.468,2000.000,true
baseline,5,mybatis_select_expressions,9,5315,2234.995,2728.000,true
baseline,5,raw_update_map,9,15191,1444.125,3592.000,false
baseline,5,mybatis_select_entity,9,32641,593.551,2000.000,true
baseline,5,positional_mixed_literals,9,16772,1216.122,2800.000,true
baseline,5,positional_in_expression,9,4833,4903.104,9760.000,true
baseline,5,raw_in_1024,9,240,106630.833,220248.000,true
baseline,5,named_batch_beans,9,1286,8735.614,26064.000,true
baseline,5,named_pagination,9,10072,1334.025,4072.000,true
baseline,5,positional_in_17,9,24831,913.858,2672.000,true
baseline,5,positional_where_16,9,4829,4427.480,5888.000,true
baseline,5,named_batch_4,9,3423,3310.167,9736.000,true
baseline,5,custom_handler_where,9,3492,6394.244,10616.000,true
baseline,5,positional_where_128,9,655,33671.145,32808.000,true
baseline,5,mybatis_insert_placeholders,9,18025,1086.857,2584.000,true
baseline,5,mybatis_batch_beans,9,1705,7588.915,22080.000,true
baseline,5,mybatis_in_256,9,794,21455.416,66616.000,true
baseline,5,positional_naming_SCREAMING_SNAKE_CASE,9,4764,4386.125,5904.000,true
baseline,5,raw_group_order,9,4811,3293.660,6432.000,true
baseline,5,mybatis_nested,9,6427,1329.174,3416.000,true
baseline,5,raw_where_eq,9,13720,1052.281,2784.000,true
baseline,5,named_delete,9,41314,499.777,1960.000,true
baseline,5,mybatis_in_1024,9,168,92862.500,256896.000,true
baseline,5,mybatis_subquery_structured,9,7047,1734.965,5232.000,true
baseline,5,positional_dialect_Oracle,9,18975,1111.146,3496.000,true
baseline,5,raw_retry_rollback,9,3425,3016.263,6376.000,true
baseline,5,mybatis_union_builder,9,1566,10228.991,16648.000,true
