version,fork,case,round,operations,ns_per_op,bytes_per_op,equivalent
baseline,2,named_in_1024,1,168,138116.667,353216.000,true
baseline,2,positional_select_columns,1,26494,930.969,1952.000,true
baseline,2,mybatis_naming_UPPER_CAMEL_CASE,1,3191,6302.100,9368.000,true
baseline,2,positional_batch_beans,1,1820,3790.330,11264.000,true
baseline,2,named_derived,1,1988,11974.899,17800.000,true
baseline,2,named_delete,1,46033,466.600,1960.000,true
baseline,2,mybatis_naming_CAMEL_CASE,1,3869,5013.078,8408.000,true
baseline,2,mybatis_between,1,15559,1443.743,3592.000,true
baseline,2,raw_mixed_literals,1,14310,1626.730,3192.000,true
baseline,2,positional_select_entity,1,32608,704.382,2000.000,true
baseline,2,named_nested,1,15367,1589.530,3648.000,true
baseline,2,mybatis_select_columns,1,26504,870.016,1952.000,true
baseline,2,named_dialect_DB2,1,8165,1437.587,4320.000,true
baseline,2,positional_late_modifier,1,31845,705.929,2360.000,true
baseline,2,positional_naming_SCREAMING_SNAKE_CASE,1,3626,4561.859,5904.000,true
baseline,2,raw_union_builder,1,3834,5839.045,10160.000,true
baseline,2,named_join_using,1,19281,1285.001,3512.000,true
baseline,2,mybatis_in_16,1,8073,2130.670,6512.000,true
baseline,2,mybatis_row_in,1,15448,1769.193,3704.000,true
baseline,2,mybatis_union_builder,1,1870,18396.952,16696.000,true
baseline,2,mybatis_where_eq,1,19237,1629.610,2984.000,true
baseline,2,positional_pagination,1,18474,1054.780,3288.000,true
baseline,2,mybatis_select_star,1,72105,302.424,1424.000,true
baseline,2,positional_nested,1,14689,1269.399,2952.000,true
baseline,2,mybatis_where_16,1,3459,6444.059,9368.000,true
baseline,2,named_naming_CAMEL_CASE,1,2961,5495.407,9624.000,true
baseline,2,named_naming_KEBAB_CASE,1,2779,6147.571,10584.000,true
baseline,2,positional_dialect_Oracle,1,18841,1117.637,3496.000,true
baseline,2,mybatis_in_256,1,865,27068.092,72760.000,true
baseline,2,named_subquery_structured,1,9611,1819.655,5488.000,true
baseline,2,positional_where_16,1,4351,5114.089,5888.000,true
baseline,2,mybatis_pagination,1,17759,1274.131,3832.000,true
baseline,2,positional_dialect_MySQL,1,16497,1060.987,3360.000,true
baseline,2,raw_update_map,1,15963,1426.311,3592.000,false
baseline,2,named_dialect_PostgreSQL,1,7727,1457.293,4144.000,true
baseline,2,mybatis_subquery_raw,1,33555,711.235,2272.000,true
baseline,2,positional_in_16,1,23191,924.561,2656.000,true
baseline,2,raw_batch_4,1,8357,2727.163,7488.000,false
baseline,2,positional_in_17,1,15961,902.725,2672.000,true
baseline,2,raw_batch_64,1,709,28623.131,95328.000,false
baseline,2,named_naming_SCREAMING_SNAKE_CASE,1,2910,6518.522,10600.000,true
baseline,2,mybatis_union_raw,1,6327,3188.383,5200.000,true
baseline,2,mybatis_update_map,1,13036,1632.924,4224.000,true
baseline,2,positional_insert_values,1,10437,759.730,2104.000,true
baseline,2,raw_between,1,17557,1282.833,3384.000,true
baseline,2,named_between,1,15584,1508.759,3800.000,true
baseline,2,named_union_builder,1,1990,10175.628,17272.000,true
baseline,2,custom_handler_where,1,3243,6082.393,10616.000,true
baseline,2,positional_row_in,1,15252,1009.022,2624.000,true
baseline,2,raw_row_in,1,15466,1247.543,3136.000,true
baseline,2,positional_naming_KEBAB_CASE,1,4052,4265.671,5888.000,true
baseline,2,named_dialect_Oracle,1,13971,1330.069,4272.000,true
baseline,2,positional_update_chain_16,1,1466,5595.907,22360.000,true
baseline,2,raw_subquery_structured,1,14690,1405.425,4616.000,true
baseline,2,positional_dialect_DB2,1,10847,997.382,3544.000,true
baseline,2,mybatis_raw_expression,1,12368,1596.410,2624.000,true
baseline,2,positional_mixed_literals,1,17487,1114.794,2800.000,true
baseline,2,positional_batch_64,1,208,20905.769,70160.000,true
baseline,2,mybatis_insert_placeholders,1,21762,910.725,2584.000,true
baseline,2,named_in_16,1,9728,2212.109,7600.000,true
baseline,2,positional_insert_entity,1,29909,601.979,1816.000,true
baseline,2,raw_where_128,1,552,36615.217,56496.000,true
baseline,2,mybatis_in_1024,1,204,105744.118,281472.000,true
baseline,2,raw_in_16,1,12282,1714.419,5600.000,true
baseline,2,named_union_raw,1,6113,3229.969,5200.000,true
baseline,2,mybatis_nested,1,15068,1485.001,3464.000,true
baseline,2,mybatis_in_17,1,9761,2117.027,6752.000,true
baseline,2,mybatis_insert_entity,1,23314,922.180,2456.000,true
baseline,2,positional_union_raw,1,4708,3158.560,5200.000,true
baseline,2,mybatis_join_on,1,11062,1728.096,4152.000,true
baseline,2,named_in_256,1,690,25376.957,90712.000,true
baseline,2,named_in_17,1,8839,2220.692,7888.000,true
baseline,2,raw_select_star,1,80340,302.999,1424.000,true
baseline,2,mybatis_derived,1,1936,17581.147,17192.000,true
baseline,2,raw_naming_SCREAMING_SNAKE_CASE,1,1956,9170.297,8856.000,true
baseline,2,named_dialect_MySQL,1,13373,2292.612,4144.000,true
baseline,2,raw_delete,1,49812,479.479,1624.000,true
baseline,2,raw_retry_rollback,1,4552,3290.136,6376.000,true
baseline,2,mybatis_repeated_names,1,812,29514.532,55944.000,true
baseline,2,raw_derived,1,2216,14984.612,15848.000,true
baseline,2,mybatis_naming_SCREAMING_SNAKE_CASE,1,2031,8630.428,9384.000,true
baseline,2,mybatis_delete,1,45975,504.489,1832.000,true
baseline,2,named_group_order,1,5071,3896.411,7688.000,true
baseline,2,mybatis_condition_only,1,3865,6472.160,8344.000,true
baseline,2,positional_derived,1,2202,10708.901,15296.000,true
baseline,2,named_insert_values,1,17134,1140.738,3048.000,true
baseline,2,positional_subquery_structured,1,15010,1570.973,4704.000,true
baseline,2,mybatis_update_chain_16,1,1503,13321.557,39960.000,true
baseline,2,positional_where_128,1,511,32715.851,32808.000,true
baseline,2,named_naming_NO_CHANGE,1,1916,4962.944,9624.000,true
baseline,2,named_subquery_raw,1,30472,616.087,2272.000,true
baseline,2,raw_naming_KEBAB_CASE,1,2242,4889.697,8840.000,true
baseline,2,raw_select_columns,1,26171,854.958,1952.000,true
baseline,2,mybatis_join_using,1,21733,951.792,3376.000,true
baseline,2,raw_join_using,1,22092,881.631,3176.000,true
baseline,2,named_naming_UPPER_CAMEL_CASE,1,2673,6159.708,10584.000,true
baseline,2,positional_select_expressions,1,10162,2076.530,2728.000,true
baseline,2,raw_insert_entity,1,25698,880.971,2176.000,false
baseline,2,positional_raw_expression,1,13566,1522.328,2624.000,true
baseline,2,raw_union_raw,1,6292,3617.038,5200.000,true
baseline,2,mybatis_group_order,1,5491,3320.342,7288.000,true
baseline,2,raw_repeated_names,1,979,22967.109,53896.000,true
baseline,2,raw_batch_beans,1,2731,6777.298,17696.000,false
baseline,2,mybatis_select_expressions,1,10128,2116.677,2728.000,true
baseline,2,positional_in_expression,1,4714,4142.554,9760.000,true
baseline,2,raw_naming_NO_CHANGE,1,3395,3962.445,7880.000,true
baseline,2,positional_insert_placeholders,1,27049,725.173,1944.000,true
baseline,2,mybatis_where_128,1,452,44674.558,61280.000,true
baseline,2,custom_handler_union,1,1835,11441.853,16536.000,true
baseline,2,named_update_chain_16,1,1335,19574.682,47000.000,true
baseline,2,positional_repeated_names,1,1254,15817.145,30360.000,true
baseline,2,raw_where_eq,1,21837,918.070,2784.000,true
baseline,2,positional_join_on,1,11929,1593.780,3832.000,true
baseline,2,mybatis_batch_beans,1,2719,7673.961,22880.000,true
baseline,2,raw_join_on,1,12665,1690.351,3952.000,true
baseline,2,named_where_eq,1,19191,988.239,3120.000,true
baseline,2,positional_group_order,1,5878,3497.244,6336.000,true
baseline,2,positional_batch_4,1,3036,1979.776,5872.000,true
baseline,2,named_batch_beans,1,2565,8291.891,26864.000,true
baseline,2,positional_naming_CAMEL_CASE,1,5519,3719.134,4928.000,true
baseline,2,positional_select_star,1,78554,275.386,1424.000,true
baseline,2,positional_dialect_PostgreSQL,1,8705,1197.484,3360.000,true
baseline,2,mybatis_batch_4,1,6953,2847.246,8688.000,true
baseline,2,named_select_columns,1,26613,809.285,1952.000,true
baseline,2,positional_delete,1,62905,385.496,1504.000,true
baseline,2,positional_in_1024,1,870,13988.276,28504.000,true
baseline,2,raw_naming_UPPER_CAMEL_CASE,1,3735,5449.665,8840.000,true
baseline,2,mybatis_select_entity,1,33721,694.007,2000.000,true
baseline,2,named_repeated_names,1,745,41215.973,64920.000,true
baseline,2,named_where_128,1,442,51668.552,71280.000,true
baseline,2,positional_dialect_Microsoft_SQL_Server,1,14269,1355.393,3544.000,true
baseline,2,raw_in_1024,1,300,68419.000,220248.000,true
baseline,2,raw_in_expression,1,1192,16894.463,56616.000,true
baseline,2,raw_update_chain_16,1,2304,7944.358,25448.000,true
baseline,2,named_batch_64,1,563,36684.547,132896.000,true
baseline,2,named_pagination,1,16967,1255.867,4072.000,true
baseline,2,named_batch_4,1,7065,2924.204,9640.000,true
baseline,2,mybatis_mixed_literals,1,14067,1548.056,3504.000,true
baseline,2,raw_nested,1,15351,1298.671,3280.000,true
baseline,2,raw_where_16,1,4041,5155.729,8840.000,true
baseline,2,named_select_star,1,76982,301.444,1424.000,true
baseline,2,positional_condition_only,1,4629,3630.179,4872.000,true
baseline,2,named_select_expressions,1,10159,2203.307,2728.000,true
baseline,2,raw_select_entity,1,36035,618.507,2000.000,true
baseline,2,raw_insert_values,1,20617,1001.814,2464.000,false
baseline,2,mybatis_in_expression,1,674,25954.451,72776.000,true
baseline,2,named_insert_placeholders,1,9748,926.375,2888.000,true
baseline,2,named_raw_expression,1,13576,1542.671,2624.000,true
baseline,2,positional_update_map,1,19518,978.046,3024.000,true
baseline,2,positional_between,1,10434,1242.563,3056.000,true
baseline,2,named_in_expression,1,780,28410.256,90680.000,true
baseline,2,raw_group_order,1,6143,2965.961,6432.000,true
baseline,2,named_join_on,1,11244,1775.160,4288.000,true
baseline,2,raw_in_17,1,11094,1672.021,5816.000,true
baseline,2,mybatis_naming_NO_CHANGE,1,2431,4585.356,8408.000,true
baseline,2,named_mixed_literals,1,12942,1511.528,3768.000,true
baseline,2,named_dialect_Microsoft_SQL_Server,1,12797,1434.774,4320.000,true
baseline,2,raw_naming_CAMEL_CASE,1,4559,4041.018,7880.000,true
baseline,2,mybatis_naming_KEBAB_CASE,1,1821,5910.708,9368.000,true
baseline,2,positional_naming_UPPER_CAMEL_CASE,1,4118,4324.624,5888.000,true
baseline,2,positional_in_256,1,5020,4465.498,9576.000,true
baseline,2,mybatis_batch_64,1,620,33915.484,116880.000,true
baseline,2,mybatis_late_modifier,1,27292,737.703,2680.000,true
baseline,2,named_late_modifier,1,25863,815.980,2816.000,true
baseline,2,positional_naming_NO_CHANGE,1,5235,3216.676,4928.000,true
baseline,2,raw_subquery_raw,1,32876,628.023,2272.000,true
baseline,2,raw_condition_only,1,4559,4662.338,7816.000,true
baseline,2,named_condition_only,1,3815,5576.016,9560.000,true
baseline,2,positional_join_using,1,22750,861.569,3056.000,true
baseline,2,named_where_16,1,3456,6097.541,10584.000,true
baseline,2,named_update_map,1,12675,1686.225,4752.000,true
baseline,2,positional_subquery_raw,1,32548,647.693,2272.000,true
baseline,2,named_retry_rollback,1,2755,4609.982,8264.000,true
baseline,2,positional_retry_rollback,1,8374,2778.577,5872.000,true
baseline,2,positional_union_builder,1,3695,5257.862,9768.000,true
baseline,2,raw_insert_placeholders,1,30322,665.946,1944.000,true
baseline,2,named_insert_entity,1,23700,951.582,2760.000,true
baseline,2,mybatis_retry_rollback,1,4697,4532.510,7592.000,true
baseline,2,named_row_in,1,15316,1306.914,4016.000,true
baseline,2,raw_late_modifier,1,26064,807.792,2480.000,true
baseline,2,mybatis_insert_values,1,19374,1233.824,2744.000,true
baseline,2,raw_pagination,1,20051,1217.695,3400.000,true
baseline,2,named_select_entity,1,35315,695.934,2000.000,true
baseline,2,raw_select_expressions,1,8533,2138.709,2728.000,true
baseline,2,mybatis_subquery_structured,1,12576,1554.811,5256.000,true
baseline,2,raw_in_256,1,1224,17057.026,56640.000,true
baseline,2,raw_raw_expression,1,13282,1537.012,2624.000,true
baseline,2,positional_where_eq,1,19388,850.562,2664.000,true
baseline,2,raw_retry_rollback,2,4552,4075.417,6376.000,true
baseline,2,raw_in_256,2,1224,18317.320,56640.000,true
baseline,2,mybatis_select_expressions,2,10128,2072.275,2728.000,true
baseline,2,named_where_16,2,3456,6275.637,10584.000,true
baseline,2,named_in_expression,2,780,25364.231,90680.000,true
baseline,2,raw_union_raw,2,6292,3469.008,5200.000,true
baseline,2,positional_in_256,2,5020,4348.904,9576.000,true
baseline,2,mybatis_insert_entity,2,23314,882.380,2456.000,true
baseline,2,raw_derived,2,2216,9993.412,15848.000,true
baseline,2,positional_nested,2,14689,1101.831,2952.000,true
baseline,2,positional_dialect_DB2,2,10847,1183.230,3544.000,true
baseline,2,mybatis_naming_NO_CHANGE,2,2431,6188.112,8408.000,true
baseline,2,positional_in_16,2,23191,975.387,2656.000,true
baseline,2,named_select_entity,2,35315,587.376,2000.000,true
baseline,2,raw_batch_64,2,709,28635.402,95328.000,false
baseline,2,positional_union_builder,2,3695,5462.733,9768.000,true
baseline,2,raw_pagination,2,20051,970.869,3400.000,true
baseline,2,named_naming_SCREAMING_SNAKE_CASE,2,2910,5800.584,10600.000,true
baseline,2,raw_subquery_structured,2,14690,1448.781,4616.000,true
baseline,2,raw_naming_NO_CHANGE,2,3395,4199.116,7880.000,true
baseline,2,named_in_17,2,8839,2275.348,7888.000,true
baseline,2,positional_between,2,10434,1111.022,3056.000,true
baseline,2,raw_naming_CAMEL_CASE,2,4559,3853.542,7880.000,true
baseline,2,raw_repeated_names,2,979,22363.636,53896.000,true
baseline,2,named_naming_KEBAB_CASE,2,2779,6109.968,10584.000,true
baseline,2,raw_insert_values,2,20617,1061.459,2464.000,false
baseline,2,mybatis_update_map,2,13036,1630.968,4224.000,true
baseline,2,positional_batch_64,2,208,17490.865,70160.000,true
baseline,2,mybatis_union_builder,2,1870,10367.487,16696.000,true
baseline,2,raw_batch_4,2,8357,2606.510,7488.000,false
baseline,2,raw_in_17,2,11094,1731.161,5816.000,true
baseline,2,named_join_using,2,19281,1047.534,3512.000,true
baseline,2,named_in_1024,2,168,108008.333,353216.000,true
baseline,2,named_dialect_PostgreSQL,2,7727,1407.830,4144.000,true
baseline,2,mybatis_raw_expression,2,12368,1487.589,2624.000,true
baseline,2,positional_in_expression,2,4714,4220.980,9760.000,true
baseline,2,raw_select_expressions,2,8533,2042.646,2728.000,true
baseline,2,named_union_builder,2,1990,10816.281,17272.000,true
baseline,2,named_naming_CAMEL_CASE,2,2961,4761.398,9624.000,true
baseline,2,positional_dialect_PostgreSQL,2,8705,1128.512,3360.000,true
baseline,2,raw_naming_UPPER_CAMEL_CASE,2,3735,5310.817,8840.000,true
baseline,2,mybatis_batch_64,2,620,36803.710,116880.000,true
baseline,2,positional_group_order,2,5878,2894.284,6336.000,true
baseline,2,named_between,2,15584,1397.562,3800.000,true
baseline,2,raw_update_map,2,15963,1343.726,3592.000,false
baseline,2,named_raw_expression,2,13576,1422.724,2624.000,true
baseline,2,positional_select_star,2,78554,281.727,1424.000,true
baseline,2,named_nested,2,15367,1430.435,3648.000,true
baseline,2,positional_join_using,2,22750,1232.075,3056.000,true
baseline,2,mybatis_repeated_names,2,812,29775.493,55944.000,true
baseline,2,named_naming_UPPER_CAMEL_CASE,2,2673,5922.858,10584.000,true
baseline,2,named_delete,2,46033,437.117,1960.000,true
baseline,2,positional_select_entity,2,32608,599.782,2000.000,true
baseline,2,positional_condition_only,2,4629,3668.049,4872.000,true
baseline,2,named_naming_NO_CHANGE,2,1916,4762.891,9624.000,true
baseline,2,raw_insert_placeholders,2,30322,679.058,1944.000,true
baseline,2,named_select_columns,2,26613,843.099,1952.000,true
baseline,2,raw_select_entity,2,36035,587.307,2000.000,true
baseline,2,mybatis_condition_only,2,3865,5276.145,8344.000,true
baseline,2,mybatis_naming_UPPER_CAMEL_CASE,2,3191,6496.333,9368.000,true
baseline,2,mybatis_naming_CAMEL_CASE,2,3869,4860.636,8408.000,true
baseline,2,named_union_raw,2,6113,3162.179,5200.000,true
baseline,2,raw_union_builder,2,3834,5848.852,10160.000,true
baseline,2,named_dialect_Oracle,2,13971,1329.239,4272.000,true
baseline,2,named_dialect_DB2,2,8165,1401.053,4320.000,true
baseline,2,mybatis_join_using,2,21733,955.611,3376.000,true
baseline,2,mybatis_select_entity,2,33721,630.118,2000.000,true
baseline,2,mybatis_select_star,2,72105,282.218,1424.000,true
baseline,2,positional_naming_NO_CHANGE,2,5235,3197.822,4928.000,true
baseline,2,mybatis_naming_SCREAMING_SNAKE_CASE,2,2031,5935.746,9384.000,true
baseline,2,custom_handler_where,2,3243,5800.216,10616.000,true
baseline,2,named_derived,2,1988,10411.066,17800.000,true
baseline,2,positional_where_16,2,4351,4052.563,5888.000,true
baseline,2,positional_select_expressions,2,10162,2061.297,2728.000,true
baseline,2,raw_group_order,2,6143,3765.636,6432.000,true
baseline,2,positional_where_eq,2,19388,893.609,2664.000,true
baseline,2,positional_naming_CAMEL_CASE,2,5519,3267.548,4928.000,true
baseline,2,raw_where_eq,2,21837,1033.613,2784.000,true
baseline,2,positional_union_raw,2,4708,3241.631,5200.000,true
baseline,2,raw_insert_entity,2,25698,848.541,2176.000,false
baseline,2,mybatis_in_1024,2,204,105846.569,281472.000,true
baseline,2,named_batch_64,2,563,37464.476,132896.000,true
baseline,2,raw_where_128,2,552,39421.558,56496.000,true
baseline,2,positional_naming_KEBAB_CASE,2,4052,4050.938,5888.000,true
baseline,2,raw_join_using,2,22092,964.842,3176.000,true
baseline,2,mybatis_naming_KEBAB_CASE,2,1821,5737.836,9368.000,true
baseline,2,positional_dialect_Oracle,2,18841,1126.326,3496.000,true
baseline,2,positional_where_128,2,511,30188.063,32808.000,true
baseline,2,named_mixed_literals,2,12942,1578.481,3768.000,true
baseline,2,raw_naming_KEBAB_CASE,2,2242,4904.550,8840.000,true
baseline,2,raw_mixed_literals,2,14310,1456.848,3192.000,true
baseline,2,positional_retry_rollback,2,8374,2760.939,5872.000,true
baseline,2,mybatis_batch_beans,2,2719,7405.627,22880.000,true
baseline,2,mybatis_between,2,15559,1428.691,3592.000,true
baseline,2,mybatis_batch_4,2,6953,2838.314,8688.000,true
baseline,2,positional_dialect_Microsoft_SQL_Server,2,14269,1163.298,3544.000,true
baseline,2,mybatis_pagination,2,17759,1189.853,3832.000,true
baseline,2,mybatis_delete,2,45975,482.545,1832.000,true
baseline,2,named_in_16,2,9728,2234.786,7600.000,true
baseline,2,positional_pagination,2,18474,979.209,3288.000,true
baseline,2,raw_raw_expression,2,13282,1426.043,2624.000,true
baseline,2,named_where_eq,2,19191,981.913,3120.000,true
baseline,2,raw_update_chain_16,2,2304,10417.535,25448.000,true
baseline,2,positional_subquery_raw,2,32548,855.269,2272.000,true
baseline,2,positional_join_on,2,11929,2274.222,3832.000,true
baseline,2,mybatis_subquery_structured,2,12576,1743.480,5256.000,true
baseline,2,named_subquery_raw,2,30472,669.556,2272.000,true
baseline,2,positional_insert_values,2,10437,798.553,2104.000,true
baseline,2,positional_insert_entity,2,29909,595.814,1816.000,true
baseline,2,named_select_star,2,76982,304.717,1424.000,true
baseline,2,mybatis_join_on,2,11062,1700.181,4152.000,true
baseline,2,positional_mixed_literals,2,17487,1230.079,2800.000,true
baseline,2,positional_repeated_names,2,1254,15158.612,30360.000,true
baseline,2,mybatis_retry_rollback,2,4697,5994.571,7592.000,true
baseline,2,positional_insert_placeholders,2,27049,679.145,1944.000,true
baseline,2,named_pagination,2,16967,1260.347,4072.000,true
baseline,2,named_late_modifier,2,25863,747.728,2816.000,true
baseline,2,mybatis_in_17,2,9761,2175.402,6752.000,true
baseline,2,named_group_order,2,5071,3670.105,7688.000,true
baseline,2,mybatis_insert_values,2,19374,1080.097,2744.000,true
baseline,2,positional_subquery_structured,2,15010,1407.102,4704.000,true
baseline,2,named_insert_entity,2,23700,962.063,2760.000,true
baseline,2,custom_handler_union,2,1835,9935.150,16536.000,true
baseline,2,raw_join_on,2,12665,1627.809,3952.000,true
baseline,2,raw_between,2,17557,1187.145,3384.000,true
baseline,2,positional_dialect_MySQL,2,16497,982.318,3360.000,true
baseline,2,raw_in_expression,2,1192,17524.664,56616.000,true
baseline,2,positional_in_17,2,15961,893.146,2672.000,true
baseline,2,mybatis_in_256,2,865,24328.671,72760.000,true
baseline,2,positional_update_map,2,19518,1053.919,3024.000,true
baseline,2,named_select_expressions,2,10159,2195.354,2728.000,true
baseline,2,mybatis_update_chain_16,2,1503,12966.334,39960.000,true
baseline,2,mybatis_in_expression,2,674,26565.579,72776.000,true
baseline,2,positional_batch_4,2,3036,1855.599,5872.000,true
baseline,2,mybatis_nested,2,15068,1357.446,3464.000,true
baseline,2,named_subquery_structured,2,9611,1736.167,5488.000,true
baseline,2,named_row_in,2,15316,1318.445,4016.000,true
baseline,2,raw_naming_SCREAMING_SNAKE_CASE,2,1956,5681.595,8856.000,true
baseline,2,raw_select_columns,2,26171,818.670,1952.000,true
baseline,2,positional_delete,2,62905,312.889,1504.000,true
baseline,2,mybatis_derived,2,1936,13720.868,17192.000,true
baseline,2,named_repeated_names,2,745,25544.430,64920.000,true
baseline,2,positional_row_in,2,15252,963.238,2624.000,true
baseline,2,mybatis_where_128,2,452,44340.265,61280.000,true
baseline,2,mybatis_late_modifier,2,27292,761.762,2680.000,true
baseline,2,mybatis_where_eq,2,19237,1012.450,2984.000,true
baseline,2,positional_batch_beans,2,1820,3706.538,11264.000,true
baseline,2,named_insert_values,2,17134,1090.423,3048.000,true
baseline,2,positional_update_chain_16,2,1466,5773.056,22360.000,true
baseline,2,positional_naming_UPPER_CAMEL_CASE,2,4118,4806.994,5888.000,true
baseline,2,named_batch_4,2,7065,2819.745,9640.000,true
baseline,2,named_where_128,2,442,47500.226,71280.000,true
baseline,2,positional_in_1024,2,870,15055.977,28504.000,true
baseline,2,raw_subquery_raw,2,32876,659.721,2272.000,true
baseline,2,named_dialect_MySQL,2,13373,1309.549,4144.000,true
baseline,2,mybatis_select_columns,2,26504,800.445,1952.000,true
baseline,2,mybatis_where_16,2,3459,6094.305,9368.000,true
baseline,2,positional_raw_expression,2,13566,1421.930,2624.000,true
baseline,2,mybatis_insert_placeholders,2,21762,972.098,2584.000,true
baseline,2,mybatis_union_raw,2,6327,3187.988,5200.000,true
baseline,2,raw_row_in,2,15466,1353.000,3136.000,true
baseline,2,raw_select_star,2,80340,324.839,1424.000,true
baseline,2,mybatis_mixed_literals,2,14067,1659.174,3504.000,true
baseline,2,named_retry_rollback,2,2755,3944.973,8264.000,true
baseline,2,named_update_chain_16,2,1335,16530.337,47000.000,true
baseline,2,raw_late_modifier,2,26064,715.351,2480.000,true
baseline,2,named_insert_placeholders,2,9748,942.460,2888.000,true
baseline,2,raw_in_1024,2,300,69064.667,220248.000,true
baseline,2,raw_where_16,2,4041,5283.964,8840.000,true
baseline,2,named_update_map,2,12675,1769.412,4752.000,true
baseline,2,positional_late_modifier,2,31845,618.628,2360.000,true
baseline,2,positional_derived,2,2202,9679.246,15296.000,true
baseline,2,positional_select_columns,2,26494,830.528,1952.000,true
baseline,2,raw_batch_beans,2,2731,6132.516,17696.000,false
baseline,2,mybatis_subquery_raw,2,33555,627.525,2272.000,true
baseline,2,named_condition_only,2,3815,5494.784,9560.000,true
baseline,2,mybatis_in_16,2,8073,1913.911,6512.000,true
baseline,2,raw_delete,2,49812,448.093,1624.000,true
baseline,2,mybatis_row_in,2,15448,1331.914,3704.000,true
baseline,2,named_dialect_Microsoft_SQL_Server,2,12797,1503.743,4320.000,true
baseline,2,named_batch_beans,2,2565,7971.072,26864.000,true
baseline,2,named_in_256,2,690,26713.333,90712.000,true
baseline,2,raw_nested,2,15351,1277.624,3280.000,true
baseline,2,raw_condition_only,2,4559,4754.200,7816.000,true
baseline,2,raw_in_16,2,12282,1610.186,5600.000,true
baseline,2,mybatis_group_order,2,5491,3496.977,7288.000,true
baseline,2,positional_naming_SCREAMING_SNAKE_CASE,2,3626,4222.863,5904.000,true
baseline,2,named_join_on,2,11244,1746.425,4288.000,true
baseline,2,mybatis_in_1024,3,204,109202.941,281472.000,true
baseline,2,named_where_eq,3,19191,950.357,3120.000,true
baseline,2,mybatis_join_on,3,11062,1680.275,4152.000,true
baseline,2,named_in_17,3,8839,2277.271,7888.000,true
baseline,2,mybatis_group_order,3,5491,3799.454,7288.000,true
baseline,2,positional_late_modifier,3,31845,748.519,2360.000,true
baseline,2,mybatis_insert_entity,3,23314,944.596,2456.000,true
baseline,2,mybatis_union_raw,3,6327,3504.710,5200.000,true
baseline,2,named_select_star,3,76982,292.479,1424.000,true
baseline,2,positional_dialect_Oracle,3,18841,1070.978,3496.000,true
baseline,2,raw_insert_entity,3,25698,789.416,2176.000,false
baseline,2,positional_subquery_structured,3,15010,1438.601,4704.000,true
baseline,2,positional_group_order,3,5878,3399.473,6336.000,true
baseline,2,positional_naming_KEBAB_CASE,3,4052,4098.396,5888.000,true
baseline,2,raw_insert_placeholders,3,30322,666.796,1944.000,true
baseline,2,named_union_builder,3,1990,9965.578,17272.000,true
baseline,2,named_update_chain_16,3,1335,17065.693,47000.000,true
baseline,2,mybatis_where_eq,3,19237,1051.105,2984.000,true
baseline,2,positional_pagination,3,18474,880.919,3288.000,true
baseline,2,named_dialect_Microsoft_SQL_Server,3,12797,1723.201,4320.000,true
baseline,2,named_dialect_Oracle,3,13971,1296.199,4272.000,true
baseline,2,raw_where_16,3,4041,4914.204,8840.000,true
baseline,2,raw_subquery_structured,3,14690,1483.009,4616.000,true
baseline,2,raw_batch_64,3,709,28251.904,95328.000,false
baseline,2,raw_where_128,3,552,38293.297,56496.000,true
baseline,2,raw_condition_only,3,4559,4539.526,7816.000,true
baseline,2,raw_group_order,3,6143,3285.007,6432.000,true
baseline,2,positional_select_entity,3,32608,750.616,2000.000,true
baseline,2,named_insert_entity,3,23700,1183.241,2760.000,true
baseline,2,raw_naming_KEBAB_CASE,3,2242,5645.629,8840.000,true
baseline,2,mybatis_retry_rollback,3,4697,4748.861,7592.000,true
baseline,2,named_retry_rollback,3,2755,4050.635,8264.000,true
baseline,2,mybatis_naming_CAMEL_CASE,3,3869,5099.070,8408.000,true
baseline,2,positional_dialect_DB2,3,10847,995.206,3544.000,true
baseline,2,raw_naming_UPPER_CAMEL_CASE,3,3735,5155.047,8840.000,true
baseline,2,raw_batch_beans,3,2731,6103.588,17696.000,false
baseline,2,positional_raw_expression,3,13566,1568.775,2624.000,true
baseline,2,mybatis_update_chain_16,3,1503,13362.741,39960.000,true
baseline,2,positional_in_256,3,5020,4860.478,9576.000,true
baseline,2,mybatis_in_17,3,9761,2218.410,6752.000,true
baseline,2,raw_late_modifier,3,26064,703.503,2480.000,true
baseline,2,positional_in_1024,3,870,13246.437,28504.000,true
baseline,2,named_in_16,3,9728,2070.549,7600.000,true
baseline,2,named_subquery_structured,3,9611,1698.627,5488.000,true
baseline,2,raw_in_17,3,11094,1740.238,5816.000,true
baseline,2,raw_mixed_literals,3,14310,1428.756,3192.000,true
baseline,2,positional_in_16,3,23191,873.783,2656.000,true
baseline,2,positional_delete,3,62905,331.727,1504.000,true
baseline,2,mybatis_delete,3,45975,421.855,1832.000,true
baseline,2,mybatis_naming_KEBAB_CASE,3,1821,5691.763,9368.000,true
baseline,2,positional_join_using,3,22750,836.040,3056.000,true
baseline,2,custom_handler_union,3,1835,9995.368,16536.000,true
baseline,2,raw_batch_4,3,8357,2596.159,7488.000,false
baseline,2,named_mixed_literals,3,12942,1557.866,3768.000,true
baseline,2,named_union_raw,3,6113,3248.209,5200.000,true
baseline,2,positional_nested,3,14689,1181.823,2952.000,true
baseline,2,mybatis_subquery_raw,3,33555,601.594,2272.000,true
baseline,2,mybatis_naming_SCREAMING_SNAKE_CASE,3,2031,5774.397,9384.000,true
baseline,2,raw_update_map,3,15963,1283.969,3592.000,false
baseline,2,raw_insert_values,3,20617,1008.658,2464.000,false
baseline,2,raw_derived,3,2216,10466.742,15848.000,true
baseline,2,raw_in_1024,3,300,71974.667,220248.000,true
baseline,2,mybatis_repeated_names,3,812,25751.847,55944.000,true
baseline,2,positional_where_16,3,4351,4734.980,5888.000,true
baseline,2,raw_join_using,3,22092,954.015,3176.000,true
baseline,2,named_between,3,15584,1323.646,3800.000,true
baseline,2,named_select_expressions,3,10159,2167.871,2728.000,true
baseline,2,mybatis_condition_only,3,3865,5361.113,8344.000,true
baseline,2,positional_mixed_literals,3,17487,1215.606,2800.000,true
baseline,2,raw_nested,3,15351,1320.950,3280.000,true
baseline,2,positional_join_on,3,11929,1639.006,3832.000,true
baseline,2,positional_union_builder,3,3695,5154.127,9768.000,true
baseline,2,raw_pagination,3,20051,993.686,3400.000,true
baseline,2,raw_update_chain_16,3,2304,8572.700,25448.000,true
baseline,2,named_update_map,3,12675,1687.258,4752.000,true
baseline,2,named_select_columns,3,26613,805.843,1952.000,true
baseline,2,named_raw_expression,3,13576,1628.248,2624.000,true
baseline,2,positional_repeated_names,3,1254,15024.721,30360.000,true
baseline,2,named_dialect_DB2,3,8165,1439.351,4320.000,true
baseline,2,named_naming_NO_CHANGE,3,1916,4688.674,9624.000,true
baseline,2,positional_condition_only,3,4629,3763.081,4872.000,true
baseline,2,mybatis_in_256,3,865,25625.549,72760.000,true
baseline,2,raw_repeated_names,3,979,21420.838,53896.000,true
baseline,2,mybatis_derived,3,1936,10734.762,17192.000,true
baseline,2,positional_row_in,3,15252,1043.155,2624.000,true
baseline,2,mybatis_where_128,3,452,45444.912,61280.000,true
baseline,2,named_naming_UPPER_CAMEL_CASE,3,2673,9785.410,10584.000,true
baseline,2,mybatis_select_star,3,72105,331.313,1424.000,true
baseline,2,mybatis_insert_values,3,19374,1396.650,2744.000,true
baseline,2,positional_in_expression,3,4714,4291.536,9760.000,true
baseline,2,raw_join_on,3,12665,1617.197,3952.000,true
baseline,2,positional_insert_entity,3,29909,574.249,1816.000,true
baseline,2,named_late_modifier,3,25863,760.364,2816.000,true
baseline,2,mybatis_raw_expression,3,12368,1570.448,2624.000,true
baseline,2,positional_insert_values,3,10437,758.408,2104.000,true
baseline,2,raw_naming_SCREAMING_SNAKE_CASE,3,1956,5317.382,8856.000,true
baseline,2,named_subquery_raw,3,30472,637.687,2272.000,true
baseline,2,mybatis_batch_beans,3,2719,7759.801,22880.000,true
baseline,2,mybatis_naming_NO_CHANGE,3,2431,4653.270,8408.000,true
baseline,2,positional_update_chain_16,3,1466,6315.348,22360.000,true
baseline,2,raw_naming_CAMEL_CASE,3,4559,3932.770,7880.000,true
baseline,2,named_batch_beans,3,2565,9124.288,26864.000,true
baseline,2,mybatis_select_entity,3,33721,569.310,2000.000,true
baseline,2,positional_batch_64,3,208,23503.846,70160.000,true
baseline,2,named_dialect_MySQL,3,13373,1400.187,4144.000,true
baseline,2,named_dialect_PostgreSQL,3,7727,1251.663,4144.000,true
baseline,2,mybatis_select_columns,3,26504,864.300,1952.000,true
baseline,2,named_where_128,3,442,48434.163,71280.000,true
baseline,2,positional_subquery_raw,3,32548,604.974,2272.000,true
baseline,2,named_batch_4,3,7065,2998.995,9640.000,true
baseline,2,raw_select_expressions,3,8533,2122.583,2728.000,true
baseline,2,positional_in_17,3,15961,955.811,2672.000,true
baseline,2,mybatis_between,3,15559,1332.695,3592.000,true
baseline,2,mybatis_select_expressions,3,10128,2129.947,2728.000,true
baseline,2,mybatis_pagination,3,17759,1214.505,3832.000,true
baseline,2,named_in_expression,3,780,27427.821,90680.000,true
baseline,2,positional_naming_NO_CHANGE,3,5235,3008.844,4928.000,true
baseline,2,raw_in_expression,3,1192,18288.423,56616.000,true
baseline,2,positional_naming_SCREAMING_SNAKE_CASE,3,3626,4188.638,5904.000,true
baseline,2,named_group_order,3,5071,4169.119,7688.000,true
baseline,2,mybatis_mixed_literals,3,14067,1524.810,3504.000,true
baseline,2,named_insert_values,3,17134,1119.861,3048.000,true
baseline,2,raw_in_256,3,1224,18034.641,56640.000,true
baseline,2,named_join_using,3,19281,940.719,3512.000,true
baseline,2,positional_naming_CAMEL_CASE,3,5519,3197.355,4928.000,true
baseline,2,named_derived,3,1988,10288.883,17800.000,true
baseline,2,named_naming_SCREAMING_SNAKE_CASE,3,2910,6258.694,10600.000,true
baseline,2,positional_retry_rollback,3,8374,3196.991,5872.000,true
baseline,2,mybatis_batch_4,3,6953,2915.216,8688.000,true
baseline,2,raw_delete,3,49812,407.777,1624.000,true
baseline,2,mybatis_batch_64,3,620,35234.355,116880.000,true
baseline,2,positional_dialect_Microsoft_SQL_Server,3,14269,1231.761,3544.000,true
baseline,2,raw_between,3,17557,1159.965,3384.000,true
baseline,2,positional_where_eq,3,19388,1007.288,2664.000,true
baseline,2,mybatis_insert_placeholders,3,21762,975.214,2584.000,true
baseline,2,named_naming_CAMEL_CASE,3,2961,4819.622,9624.000,true
baseline,2,raw_in_16,3,12282,1651.400,5600.000,true
baseline,2,raw_union_builder,3,3834,5683.594,10160.000,true
baseline,2,mybatis_update_map,3,13036,1577.179,4224.000,true
baseline,2,raw_naming_NO_CHANGE,3,3395,4082.857,7880.000,true
baseline,2,positional_batch_4,3,3036,1843.577,5872.000,true
baseline,2,custom_handler_where,3,3243,5986.772,10616.000,true
baseline,2,mybatis_in_expression,3,674,25676.558,72776.000,true
baseline,2,named_in_1024,3,168,160912.500,353216.000,true
baseline,2,positional_select_columns,3,26494,909.021,1952.000,true
baseline,2,positional_between,3,10434,1382.432,3056.000,true
baseline,2,raw_select_star,3,80340,280.284,1424.000,true
baseline,2,raw_retry_rollback,3,4552,3891.366,6376.000,true
baseline,2,named_pagination,3,16967,1171.120,4072.000,true
baseline,2,named_where_16,3,3456,6100.550,10584.000,true
baseline,2,named_condition_only,3,3815,5313.761,9560.000,true
baseline,2,named_batch_64,3,563,36539.787,132896.000,true
baseline,2,named_delete,3,46033,494.447,1960.000,true
baseline,2,positional_derived,3,2202,9257.584,15296.000,true
baseline,2,mybatis_naming_UPPER_CAMEL_CASE,3,3191,6085.334,9368.000,true
baseline,2,raw_raw_expression,3,13282,1507.356,2624.000,true
baseline,2,positional_dialect_MySQL,3,16497,967.067,3360.000,true
baseline,2,mybatis_subquery_structured,3,12576,1733.047,5256.000,true
baseline,2,mybatis_in_16,3,8073,2165.453,6512.000,true
baseline,2,positional_where_128,3,511,31992.564,32808.000,true
baseline,2,mybatis_join_using,3,21733,1024.359,3376.000,true
baseline,2,raw_where_eq,3,21837,989.637,2784.000,true
baseline,2,raw_union_raw,3,6292,3412.158,5200.000,true
baseline,2,positional_batch_beans,3,1820,4442.692,11264.000,true
baseline,2,named_nested,3,15367,1304.106,3648.000,true
baseline,2,positional_dialect_PostgreSQL,3,8705,1175.302,3360.000,true
baseline,2,raw_select_entity,3,36035,583.952,2000.000,true
baseline,2,mybatis_nested,3,15068,1304.898,3464.000,true
baseline,2,positional_select_expressions,3,10162,2128.656,2728.000,true
baseline,2,named_naming_KEBAB_CASE,3,2779,5720.331,10584.000,true
baseline,2,named_select_entity,3,35315,600.173,2000.000,true
baseline,2,mybatis_late_modifier,3,27292,790.199,2680.000,true
baseline,2,named_row_in,3,15316,1348.786,4016.000,true
baseline,2,positional_update_map,3,19518,988.016,3024.000,true
baseline,2,raw_select_columns,3,26171,835.757,1952.000,true
baseline,2,raw_row_in,3,15466,1295.118,3136.000,true
baseline,2,mybatis_where_16,3,3459,5866.985,9368.000,true
baseline,2,mybatis_row_in,3,15448,1388.678,3704.000,true
baseline,2,named_in_256,3,690,25448.116,90712.000,true
baseline,2,named_insert_placeholders,3,9748,1040.131,2888.000,true
baseline,2,named_join_on,3,11244,1622.705,4288.000,true
baseline,2,named_repeated_names,3,745,25627.248,64920.000,true
baseline,2,positional_insert_placeholders,3,27049,686.351,1944.000,true
baseline,2,positional_naming_UPPER_CAMEL_CASE,3,4118,4193.031,5888.000,true
baseline,2,positional_select_star,3,78554,281.560,1424.000,true
baseline,2,raw_subquery_raw,3,32876,601.895,2272.000,true
baseline,2,positional_union_raw,3,4708,3433.369,5200.000,true
baseline,2,mybatis_union_builder,3,1870,10655.187,16696.000,true
baseline,2,positional_in_16,4,23191,823.949,2656.000,true
baseline,2,named_dialect_MySQL,4,13373,1415.636,4144.000,true
baseline,2,named_join_using,4,19281,913.983,3512.000,true
baseline,2,named_in_expression,4,780,28005.897,90680.000,true
baseline,2,raw_repeated_names,4,979,22266.190,53896.000,true
baseline,2,positional_raw_expression,4,13566,1522.055,2624.000,true
baseline,2,named_select_star,4,76982,318.776,1424.000,true
baseline,2,mybatis_subquery_structured,4,12576,1655.391,5256.000,true
baseline,2,positional_insert_values,4,10437,753.924,2104.000,true
baseline,2,mybatis_batch_64,4,620,35905.000,116880.000,true
baseline,2,mybatis_insert_values,4,19374,1619.640,2744.000,true
baseline,2,named_insert_entity,4,23700,1313.781,2760.000,true
baseline,2,raw_where_16,4,4041,4991.339,8840.000,true
baseline,2,positional_join_using,4,22750,846.633,3056.000,true
baseline,2,positional_batch_64,4,208,16440.385,70160.000,true
baseline,2,positional_insert_placeholders,4,27049,677.781,1944.000,true
baseline,2,mybatis_retry_rollback,4,4697,3369.661,7592.000,true
baseline,2,named_in_17,4,8839,2180.552,7888.000,true
baseline,2,named_batch_beans,4,2565,8490.760,26864.000,true
baseline,2,positional_repeated_names,4,1254,14750.718,30360.000,true
baseline,2,named_union_raw,4,6113,3407.803,5200.000,true
baseline,2,positional_select_columns,4,26494,791.753,1952.000,true
baseline,2,positional_select_expressions,4,10162,2182.602,2728.000,true
baseline,2,mybatis_in_17,4,9761,2187.655,6752.000,true
baseline,2,named_batch_64,4,563,38471.403,132896.000,true
baseline,2,mybatis_join_using,4,21733,949.450,3376.000,true
baseline,2,raw_insert_values,4,20617,986.889,2464.000,false
baseline,2,named_join_on,4,11244,1680.345,4288.000,true
baseline,2,named_repeated_names,4,745,24857.450,64920.000,true
baseline,2,named_update_chain_16,4,1335,16451.536,47000.000,true
baseline,2,mybatis_update_chain_16,4,1503,14431.603,39960.000,true
baseline,2,raw_group_order,4,6143,3103.093,6432.000,true
baseline,2,mybatis_repeated_names,4,812,26963.547,55944.000,true
baseline,2,named_raw_expression,4,13576,1456.084,2624.000,true
baseline,2,mybatis_condition_only,4,3865,5499.612,8344.000,true
baseline,2,mybatis_union_raw,4,6327,3265.544,5200.000,true
baseline,2,mybatis_group_order,4,5491,3696.048,7288.000,true
baseline,2,raw_naming_CAMEL_CASE,4,4559,3975.038,7880.000,true
baseline,2,positional_dialect_DB2,4,10847,1141.412,3544.000,true
baseline,2,raw_naming_KEBAB_CASE,4,2242,5062.979,8840.000,true
baseline,2,mybatis_where_128,4,452,44083.186,61280.000,true
baseline,2,named_naming_SCREAMING_SNAKE_CASE,4,2910,6642.440,10600.000,true
baseline,2,mybatis_update_map,4,13036,1521.372,4224.000,true
baseline,2,positional_batch_beans,4,1820,4920.385,11264.000,true
baseline,2,named_insert_placeholders,4,9748,943.763,2888.000,true
baseline,2,positional_row_in,4,15252,932.140,2624.000,true
baseline,2,positional_in_1024,4,870,14826.667,28504.000,true
baseline,2,named_union_builder,4,1990,10136.332,17272.000,true
baseline,2,raw_where_128,4,552,38041.123,56496.000,true
baseline,2,named_delete,4,46033,442.437,1960.000,true
baseline,2,raw_pagination,4,20051,1030.388,3400.000,true
baseline,2,raw_in_256,4,1224,17805.556,56640.000,true
baseline,2,named_dialect_DB2,4,8165,1250.643,4320.000,true
baseline,2,raw_in_16,4,12282,1677.088,5600.000,true
baseline,2,mybatis_naming_KEBAB_CASE,4,1821,5841.351,9368.000,true
baseline,2,named_in_256,4,690,25585.797,90712.000,true
baseline,2,raw_select_columns,4,26171,822.204,1952.000,true
baseline,2,positional_update_chain_16,4,1466,5800.955,22360.000,true
baseline,2,mybatis_naming_CAMEL_CASE,4,3869,4742.802,8408.000,true
baseline,2,mybatis_pagination,4,17759,1197.185,3832.000,true
baseline,2,mybatis_late_modifier,4,27292,820.915,2680.000,true
baseline,2,raw_batch_beans,4,2731,6369.535,17696.000,false
baseline,2,raw_union_builder,4,3834,5597.548,10160.000,true
baseline,2,positional_naming_NO_CHANGE,4,5235,3182.197,4928.000,true
baseline,2,mybatis_in_expression,4,674,25027.596,72776.000,true
baseline,2,mybatis_batch_4,4,6953,2839.609,8688.000,true
baseline,2,mybatis_raw_expression,4,12368,1609.023,2624.000,true
baseline,2,raw_row_in,4,15466,1772.488,3136.000,true
baseline,2,raw_naming_UPPER_CAMEL_CASE,4,3735,6876.707,8840.000,true
baseline,2,raw_retry_rollback,4,4552,2897.627,6376.000,true
baseline,2,named_where_16,4,3456,5905.122,10584.000,true
baseline,2,positional_retry_rollback,4,8374,2970.528,5872.000,true
baseline,2,positional_subquery_structured,4,15010,1449.147,4704.000,true
baseline,2,raw_union_raw,4,6292,3243.627,5200.000,true
baseline,2,mybatis_subquery_raw,4,33555,611.602,2272.000,true
baseline,2,positional_in_17,4,15961,930.036,2672.000,true
baseline,2,positional_join_on,4,11929,1527.437,3832.000,true
baseline,2,positional_dialect_Oracle,4,18841,1045.566,3496.000,true
baseline,2,named_derived,4,1988,10755.986,17800.000,true
baseline,2,raw_mixed_literals,4,14310,1398.686,3192.000,true
baseline,2,raw_join_on,4,12665,1719.203,3952.000,true
baseline,2,raw_derived,4,2216,8906.814,15848.000,true
baseline,2,named_naming_UPPER_CAMEL_CASE,4,2673,6611.149,10584.000,true
baseline,2,mybatis_where_16,4,3459,5769.847,9368.000,true
baseline,2,mybatis_where_eq,4,19237,1092.379,2984.000,true
baseline,2,raw_insert_entity,4,25698,905.483,2176.000,false
baseline,2,positional_naming_UPPER_CAMEL_CASE,4,4118,4284.580,5888.000,true
baseline,2,positional_naming_CAMEL_CASE,4,5519,3086.447,4928.000,true
baseline,2,named_dialect_PostgreSQL,4,7727,1391.653,4144.000,true
baseline,2,positional_delete,4,62905,354.392,1504.000,true
baseline,2,mybatis_select_entity,4,33721,566.264,2000.000,true
baseline,2,positional_batch_4,4,3036,1940.053,5872.000,true
baseline,2,mybatis_select_star,4,72105,278.852,1424.000,true
baseline,2,named_select_columns,4,26613,826.205,1952.000,true
baseline,2,positional_union_raw,4,4708,3185.450,5200.000,true
baseline,2,mybatis_insert_placeholders,4,21762,994.578,2584.000,true
baseline,2,mybatis_derived,4,1936,10591.012,17192.000,true
baseline,2,raw_condition_only,4,4559,4513.621,7816.000,true
baseline,2,raw_subquery_structured,4,14690,1444.112,4616.000,true
baseline,2,positional_derived,4,2202,9213.306,15296.000,true
baseline,2,named_insert_values,4,17134,1169.633,3048.000,true
baseline,2,named_in_1024,4,168,126815.476,353216.000,true
baseline,2,positional_select_entity,4,32608,536.414,2000.000,true
baseline,2,mybatis_naming_UPPER_CAMEL_CASE,4,3191,6334.691,9368.000,true
baseline,2,raw_where_eq,4,21837,982.850,2784.000,true
baseline,2,named_nested,4,15367,1307.425,3648.000,true
baseline,2,custom_handler_where,4,3243,6436.448,10616.000,true
baseline,2,named_naming_KEBAB_CASE,4,2779,5804.714,10584.000,true
baseline,2,named_subquery_raw,4,30472,694.497,2272.000,true
baseline,2,mybatis_batch_beans,4,2719,7736.043,22880.000,true
baseline,2,named_row_in,4,15316,1279.264,4016.000,true
baseline,2,mybatis_in_1024,4,204,109744.608,281472.000,true
baseline,2,positional_dialect_PostgreSQL,4,8705,1215.325,3360.000,true
baseline,2,positional_subquery_raw,4,32548,619.746,2272.000,true
baseline,2,raw_select_star,4,80340,272.735,1424.000,true
baseline,2,mybatis_select_expressions,4,10128,2058.511,2728.000,true
baseline,2,named_batch_4,4,7065,3059.873,9640.000,true
baseline,2,named_subquery_structured,4,9611,1749.235,5488.000,true
baseline,2,raw_nested,4,15351,1367.175,3280.000,true
baseline,2,mybatis_delete,4,45975,443.093,1832.000,true
baseline,2,named_select_expressions,4,10159,2049.326,2728.000,true
baseline,2,mybatis_nested,4,15068,1401.633,3464.000,true
baseline,2,mybatis_insert_entity,4,23314,826.439,2456.000,true
baseline,2,mybatis_mixed_literals,4,14067,1886.721,3504.000,true
baseline,2,mybatis_row_in,4,15448,1415.445,3704.000,true
baseline,2,mybatis_between,4,15559,1607.153,3592.000,true
baseline,2,named_dialect_Oracle,4,13971,1301.009,4272.000,true
baseline,2,named_retry_rollback,4,2755,4170.454,8264.000,true
baseline,2,named_late_modifier,4,25863,767.641,2816.000,true
baseline,2,mybatis_join_on,4,11062,1703.589,4152.000,true
baseline,2,raw_naming_NO_CHANGE,4,3395,3745.125,7880.000,true
baseline,2,named_mixed_literals,4,12942,1535.620,3768.000,true
baseline,2,named_where_128,4,442,44516.290,71280.000,true
baseline,2,named_in_16,4,9728,2238.549,7600.000,true
baseline,2,named_dialect_Microsoft_SQL_Server,4,12797,1513.878,4320.000,true
baseline,2,raw_in_17,4,11094,1714.612,5816.000,true
baseline,2,mybatis_union_builder,4,1870,10718.717,16696.000,true
baseline,2,custom_handler_union,4,1835,10751.172,16536.000,true
baseline,2,positional_group_order,4,5878,3054.729,6336.000,true
baseline,2,raw_update_map,4,15963,1295.765,3592.000,false
baseline,2,mybatis_in_256,4,865,26227.514,72760.000,true
baseline,2,positional_select_star,4,78554,322.876,1424.000,true
baseline,2,raw_raw_expression,4,13282,1404.359,2624.000,true
baseline,2,positional_dialect_Microsoft_SQL_Server,4,14269,1196.335,3544.000,true
baseline,2,named_naming_CAMEL_CASE,4,2961,4691.320,9624.000,true
baseline,2,raw_select_entity,4,36035,572.330,2000.000,true
baseline,2,named_between,4,15584,1453.420,3800.000,true
baseline,2,raw_insert_placeholders,4,30322,664.923,1944.000,true
baseline,2,mybatis_select_columns,4,26504,845.103,1952.000,true
baseline,2,positional_where_16,4,4351,4303.953,5888.000,true
baseline,2,positional_nested,4,14689,1118.538,2952.000,true
baseline,2,positional_dialect_MySQL,4,16497,1023.465,3360.000,true
baseline,2,raw_late_modifier,4,26064,733.115,2480.000,true
baseline,2,raw_delete,4,49812,402.234,1624.000,true
baseline,2,positional_where_eq,4,19388,855.251,2664.000,true
baseline,2,named_select_entity,4,35315,544.273,2000.000,true
baseline,2,named_pagination,4,16967,1212.129,4072.000,true
baseline,2,positional_pagination,4,18474,1009.045,3288.000,true
baseline,2,positional_union_builder,4,3695,5562.327,9768.000,true
baseline,2,raw_in_expression,4,1192,17656.292,56616.000,true
baseline,2,raw_in_1024,4,300,68251.667,220248.000,true
baseline,2,raw_select_expressions,4,8533,2242.775,2728.000,true
baseline,2,named_group_order,4,5071,3942.043,7688.000,true
baseline,2,positional_where_128,4,511,30512.329,32808.000,true
baseline,2,mybatis_naming_SCREAMING_SNAKE_CASE,4,2031,6407.287,9384.000,true
baseline,2,raw_subquery_raw,4,32876,675.149,2272.000,true
baseline,2,positional_between,4,10434,1020.644,3056.000,true
baseline,2,named_naming_NO_CHANGE,4,1916,4858.716,9624.000,true
baseline,2,named_condition_only,4,3815,5641.730,9560.000,true
baseline,2,positional_naming_SCREAMING_SNAKE_CASE,4,3626,4346.773,5904.000,true
baseline,2,raw_join_using,4,22092,913.285,3176.000,true
baseline,2,positional_late_modifier,4,31845,665.323,2360.000,true
baseline,2,named_where_eq,4,19191,951.701,3120.000,true
baseline,2,positional_mixed_literals,4,17487,1111.895,2800.000,true
baseline,2,raw_between,4,17557,1233.890,3384.000,true
baseline,2,raw_batch_4,4,8357,2627.558,7488.000,false
baseline,2,raw_naming_SCREAMING_SNAKE_CASE,4,1956,5250.358,8856.000,true
baseline,2,positional_in_expression,4,4714,4380.547,9760.000,true
baseline,2,positional_insert_entity,4,29909,583.717,1816.000,true
baseline,2,positional_in_256,4,5020,3893.805,9576.000,true
baseline,2,raw_batch_64,4,709,28316.784,95328.000,false
baseline,2,mybatis_naming_NO_CHANGE,4,2431,4867.503,8408.000,true
baseline,2,positional_condition_only,4,4629,4294.859,4872.000,true
baseline,2,raw_update_chain_16,4,2304,11078.385,25448.000,true
baseline,2,positional_naming_KEBAB_CASE,4,4052,5219.472,5888.000,true
baseline,2,positional_update_map,4,19518,1164.669,3024.000,true
baseline,2,mybatis_in_16,4,8073,2100.111,6512.000,true
baseline,2,named_update_map,4,12675,1578.043,4752.000,true
baseline,2,positional_update_chain_16,5,1466,6620.668,22360.000,true
baseline,2,named_update_chain_16,5,1335,16611.236,47000.000,true
baseline,2,positional_subquery_structured,5,15010,1410.913,4704.000,true
baseline,2,named_pagination,5,16967,1164.254,4072.000,true
baseline,2,positional_mixed_literals,5,17487,1142.369,2800.000,true
baseline,2,raw_repeated_names,5,979,21856.180,53896.000,true
baseline,2,raw_union_builder,5,3834,5164.528,10160.000,true
baseline,2,raw_raw_expression,5,13282,1550.941,2624.000,true
baseline,2,positional_select_columns,5,26494,783.604,1952.000,true
baseline,2,mybatis_join_using,5,21733,1055.841,3376.000,true
baseline,2,mybatis_repeated_names,5,812,29588.177,55944.000,true
baseline,2,named_subquery_raw,5,30472,806.655,2272.000,true
baseline,2,positional_nested,5,14689,1110.532,2952.000,true
baseline,2,mybatis_between,5,15559,1403.220,3592.000,true
baseline,2,raw_where_eq,5,21837,956.835,2784.000,true
baseline,2,named_in_1024,5,168,142786.905,353216.000,true
baseline,2,positional_derived,5,2202,8912.534,15296.000,true
baseline,2,raw_in_1024,5,300,73201.000,220248.000,true
baseline,2,named_between,5,15584,1401.200,3800.000,true
baseline,2,raw_naming_NO_CHANGE,5,3395,3926.716,7880.000,true
baseline,2,positional_subquery_raw,5,32548,631.621,2272.000,true
baseline,2,raw_between,5,17557,1230.848,3384.000,true
baseline,2,positional_select_star,5,78554,276.363,1424.000,true
baseline,2,mybatis_in_256,5,865,25277.457,72760.000,true
baseline,2,named_dialect_DB2,5,8165,1359.816,4320.000,true
baseline,2,named_mixed_literals,5,12942,1523.976,3768.000,true
baseline,2,positional_in_16,5,23191,851.943,2656.000,true
baseline,2,named_insert_entity,5,23700,896.127,2760.000,true
baseline,2,mybatis_insert_values,5,19374,984.954,2744.000,true
baseline,2,positional_naming_CAMEL_CASE,5,5519,3189.382,4928.000,true
baseline,2,raw_insert_placeholders,5,30322,654.983,1944.000,true
baseline,2,positional_in_17,5,15961,973.360,2672.000,true
baseline,2,raw_nested,5,15351,1245.202,3280.000,true
baseline,2,positional_update_map,5,19518,1038.098,3024.000,true
baseline,2,named_naming_CAMEL_CASE,5,2961,5281.425,9624.000,true
baseline,2,named_insert_placeholders,5,9748,950.503,2888.000,true
baseline,2,raw_union_raw,5,6292,3213.255,5200.000,true
baseline,2,positional_dialect_MySQL,5,16497,1124.010,3360.000,true
baseline,2,raw_batch_64,5,709,28067.137,95328.000,false
baseline,2,named_in_16,5,9728,2196.227,7600.000,true
baseline,2,mybatis_naming_SCREAMING_SNAKE_CASE,5,2031,5812.555,9384.000,true
baseline,2,raw_where_128,5,552,38926.449,56496.000,true
baseline,2,mybatis_batch_64,5,620,32074.677,116880.000,true
baseline,2,mybatis_insert_placeholders,5,21762,959.052,2584.000,true
baseline,2,named_batch_64,5,563,34847.957,132896.000,true
baseline,2,named_retry_rollback,5,2755,4323.339,8264.000,true
baseline,2,positional_union_raw,5,4708,3323.110,5200.000,true
baseline,2,raw_in_17,5,11094,1756.688,5816.000,true
baseline,2,raw_naming_KEBAB_CASE,5,2242,4887.422,8840.000,true
baseline,2,raw_mixed_literals,5,14310,1433.906,3192.000,true
baseline,2,raw_in_expression,5,1192,17388.003,56616.000,true
baseline,2,named_batch_4,5,7065,2959.391,9640.000,true
baseline,2,mybatis_naming_CAMEL_CASE,5,3869,5255.958,8408.000,true
baseline,2,positional_batch_64,5,208,16651.442,70160.000,true
baseline,2,mybatis_select_star,5,72105,291.096,1424.000,true
baseline,2,named_dialect_Oracle,5,13971,1428.631,4272.000,true
baseline,2,named_insert_values,5,17134,1478.341,3048.000,true
baseline,2,positional_naming_NO_CHANGE,5,5235,4991.557,4928.000,true
baseline,2,positional_join_using,5,22750,962.079,3056.000,true
baseline,2,raw_join_using,5,22092,904.717,3176.000,true
baseline,2,named_select_star,5,76982,306.537,1424.000,true
baseline,2,named_in_256,5,690,27164.203,90712.000,true
baseline,2,positional_in_expression,5,4714,4394.803,9760.000,true
baseline,2,raw_group_order,5,6143,3404.330,6432.000,true
baseline,2,named_select_expressions,5,10159,2028.359,2728.000,true
baseline,2,raw_condition_only,5,4559,4680.347,7816.000,true
baseline,2,raw_retry_rollback,5,4552,3994.793,6376.000,true
baseline,2,mybatis_condition_only,5,3865,5205.459,8344.000,true
baseline,2,mybatis_pagination,5,17759,1227.772,3832.000,true
baseline,2,positional_where_eq,5,19388,916.562,2664.000,true
baseline,2,positional_raw_expression,5,13566,1460.401,2624.000,true
baseline,2,named_raw_expression,5,13576,1510.194,2624.000,true
baseline,2,mybatis_derived,5,1936,10661.519,17192.000,true
baseline,2,named_update_map,5,12675,1796.016,4752.000,true
baseline,2,named_join_using,5,19281,952.098,3512.000,true
baseline,2,positional_join_on,5,11929,1564.020,3832.000,true
baseline,2,named_naming_UPPER_CAMEL_CASE,5,2673,6268.911,10584.000,true
baseline,2,mybatis_nested,5,15068,1324.980,3464.000,true
baseline,2,positional_batch_beans,5,1820,6047.912,11264.000,true
baseline,2,mybatis_select_expressions,5,10128,2046.189,2728.000,true
baseline,2,positional_retry_rollback,5,8374,2618.080,5872.000,true
baseline,2,positional_between,5,10434,1016.676,3056.000,true
baseline,2,positional_dialect_Oracle,5,18841,1046.839,3496.000,true
baseline,2,named_batch_beans,5,2565,8484.055,26864.000,true
baseline,2,named_delete,5,46033,478.744,1960.000,true
baseline,2,mybatis_in_16,5,8073,2220.699,6512.000,true
baseline,2,mybatis_union_builder,5,1870,10290.428,16696.000,true
baseline,2,mybatis_subquery_raw,5,33555,645.776,2272.000,true
baseline,2,raw_join_on,5,12665,1610.304,3952.000,true
baseline,2,raw_naming_CAMEL_CASE,5,4559,3960.562,7880.000,true
baseline,2,positional_pagination,5,18474,988.238,3288.000,true
baseline,2,positional_naming_SCREAMING_SNAKE_CASE,5,3626,4428.599,5904.000,true
baseline,2,mybatis_where_eq,5,19237,1052.477,2984.000,true
baseline,2,named_union_builder,5,1990,10102.965,17272.000,true
baseline,2,named_dialect_Microsoft_SQL_Server,5,12797,1585.887,4320.000,true
baseline,2,mybatis_retry_rollback,5,4697,5223.079,7592.000,true
baseline,2,named_group_order,5,5071,3304.555,7688.000,true
baseline,2,mybatis_naming_KEBAB_CASE,5,1821,5758.924,9368.000,true
baseline,2,custom_handler_union,5,1835,11615.967,16536.000,true
baseline,2,mybatis_late_modifier,5,27292,778.496,2680.000,true
baseline,2,raw_late_modifier,5,26064,654.159,2480.000,true
baseline,2,positional_union_builder,5,3695,5209.093,9768.000,true
baseline,2,named_union_raw,5,6113,3177.049,5200.000,true
baseline,2,positional_repeated_names,5,1254,15417.305,30360.000,true
baseline,2,mybatis_mixed_literals,5,14067,1473.825,3504.000,true
baseline,2,raw_in_256,5,1224,17304.984,56640.000,true
baseline,2,positional_condition_only,5,4629,3828.062,4872.000,true
baseline,2,mybatis_join_on,5,11062,1597.134,4152.000,true
baseline,2,mybatis_union_raw,5,6327,3399.763,5200.000,true
baseline,2,raw_update_chain_16,5,2304,7638.672,25448.000,true
baseline,2,mybatis_insert_entity,5,23314,1282.019,2456.000,true
baseline,2,raw_subquery_raw,5,32876,746.247,2272.000,true
baseline,2,positional_naming_UPPER_CAMEL_CASE,5,4118,4960.685,5888.000,true
baseline,2,named_select_columns,5,26613,835.701,1952.000,true
baseline,2,raw_update_map,5,15963,1323.805,3592.000,false
baseline,2,positional_batch_4,5,3036,1769.928,5872.000,true
baseline,2,positional_insert_values,5,10437,840.021,2104.000,true
baseline,2,positional_insert_entity,5,29909,610.565,1816.000,true
baseline,2,named_join_on,5,11244,1611.375,4288.000,true
baseline,2,mybatis_row_in,5,15448,1351.858,3704.000,true
baseline,2,mybatis_select_columns,5,26504,846.816,1952.000,true
baseline,2,named_select_entity,5,35315,558.734,2000.000,true
baseline,2,raw_naming_UPPER_CAMEL_CASE,5,3735,5204.418,8840.000,true
baseline,2,raw_insert_values,5,20617,1051.686,2464.000,false
baseline,2,positional_insert_placeholders,5,27049,721.602,1944.000,true
baseline,2,named_in_expression,5,780,26858.846,90680.000,true
baseline,2,named_derived,5,1988,10890.845,17800.000,true
baseline,2,raw_select_expressions,5,8533,1989.605,2728.000,true
baseline,2,named_in_17,5,8839,2215.737,7888.000,true
baseline,2,mybatis_select_entity,5,33721,606.070,2000.000,true
baseline,2,raw_pagination,5,20051,980.729,3400.000,true
baseline,2,named_where_16,5,3456,5826.649,10584.000,true
baseline,2,raw_in_16,5,12282,1718.816,5600.000,true
baseline,2,mybatis_naming_NO_CHANGE,5,2431,4792.555,8408.000,true
baseline,2,positional_late_modifier,5,31845,631.324,2360.000,true
baseline,2,mybatis_update_map,5,13036,1610.901,4224.000,true
baseline,2,positional_dialect_PostgreSQL,5,8705,1085.181,3360.000,true
baseline,2,named_nested,5,15367,1419.997,3648.000,true
baseline,2,mybatis_where_16,5,3459,5974.848,9368.000,true
baseline,2,custom_handler_where,5,3243,6190.410,10616.000,true
baseline,2,named_where_128,5,442,47162.670,71280.000,true
baseline,2,named_naming_NO_CHANGE,5,1916,5215.866,9624.000,true
baseline,2,raw_select_columns,5,26171,818.085,1952.000,true
baseline,2,raw_delete,5,49812,411.814,1624.000,true
baseline,2,named_where_eq,5,19191,973.211,3120.000,true
baseline,2,mybatis_delete,5,45975,472.418,1832.000,true
baseline,2,raw_select_entity,5,36035,556.204,2000.000,true
baseline,2,positional_select_expressions,5,10162,2067.497,2728.000,true
baseline,2,named_naming_KEBAB_CASE,5,2779,6524.289,10584.000,true
baseline,2,mybatis_subquery_structured,5,12576,1613.629,5256.000,true
baseline,2,named_dialect_PostgreSQL,5,7727,1410.910,4144.000,true
baseline,2,positional_in_1024,5,870,17892.529,28504.000,true
baseline,2,positional_row_in,5,15252,964.031,2624.000,true
baseline,2,named_naming_SCREAMING_SNAKE_CASE,5,2910,6001.546,10600.000,true
baseline,2,named_subquery_structured,5,9611,1706.035,5488.000,true
baseline,2,mybatis_in_1024,5,204,107904.902,281472.000,true
baseline,2,mybatis_batch_beans,5,2719,7289.040,22880.000,true
baseline,2,raw_naming_SCREAMING_SNAKE_CASE,5,1956,5445.808,8856.000,true
baseline,2,positional_where_128,5,511,30544.031,32808.000,true
baseline,2,positional_dialect_Microsoft_SQL_Server,5,14269,1358.589,3544.000,true
baseline,2,positional_group_order,5,5878,3390.864,6336.000,true
baseline,2,mybatis_in_17,5,9761,2122.826,6752.000,true
baseline,2,mybatis_in_expression,5,674,23805.935,72776.000,true
baseline,2,positional_delete,5,62905,340.099,1504.000,true
baseline,2,raw_derived,5,2216,8938.989,15848.000,true
baseline,2,raw_insert_entity,5,25698,840.762,2176.000,false
baseline,2,raw_batch_4,5,8357,2650.209,7488.000,false
baseline,2,mybatis_where_128,5,452,44448.009,61280.000,true
baseline,2,mybatis_batch_4,5,6953,3124.076,8688.000,true
baseline,2,mybatis_group_order,5,5491,4268.476,7288.000,true
baseline,2,named_row_in,5,15316,1492.087,4016.000,true
baseline,2,named_dialect_MySQL,5,13373,1579.234,4144.000,true
baseline,2,named_late_modifier,5,25863,748.908,2816.000,true
baseline,2,raw_row_in,5,15466,1196.812,3136.000,true
baseline,2,positional_select_entity,5,32608,573.602,2000.000,true
baseline,2,named_repeated_names,5,745,26651.409,64920.000,true
baseline,2,mybatis_update_chain_16,5,1503,13200.865,39960.000,true
baseline,2,mybatis_naming_UPPER_CAMEL_CASE,5,3191,6221.999,9368.000,true
baseline,2,mybatis_raw_expression,5,12368,1455.450,2624.000,true
baseline,2,named_condition_only,5,3815,5638.139,9560.000,true
baseline,2,positional_naming_KEBAB_CASE,5,4052,4230.602,5888.000,true
baseline,2,positional_dialect_DB2,5,10847,1023.453,3544.000,true
baseline,2,raw_subquery_structured,5,14690,1385.882,4616.000,true
baseline,2,positional_in_256,5,5020,4279.183,9576.000,true
baseline,2,raw_where_16,5,4041,4755.407,8840.000,true
baseline,2,raw_select_star,5,80340,309.876,1424.000,true
baseline,2,raw_batch_beans,5,2731,7025.851,17696.000,false
baseline,2,positional_where_16,5,4351,4307.998,5888.000,true
baseline,2,raw_in_expression,6,1192,18037.752,56616.000,true
baseline,2,raw_insert_values,6,20617,964.326,2464.000,false
baseline,2,positional_delete,6,62905,357.065,1504.000,true
baseline,2,mybatis_in_256,6,865,23828.671,72760.000,true
baseline,2,named_mixed_literals,6,12942,1531.417,3768.000,true
baseline,2,positional_dialect_MySQL,6,16497,1066.042,3360.000,true
baseline,2,mybatis_union_builder,6,1870,10712.620,16696.000,true
baseline,2,positional_in_1024,6,870,14298.851,28504.000,true
baseline,2,named_batch_64,6,563,37136.412,132896.000,true
baseline,2,named_delete,6,46033,480.462,1960.000,true
baseline,2,positional_batch_beans,6,1820,5512.253,11264.000,true
baseline,2,positional_dialect_DB2,6,10847,1070.849,3544.000,true
baseline,2,positional_subquery_raw,6,32548,601.960,2272.000,true
baseline,2,raw_delete,6,49812,398.069,1624.000,true
baseline,2,mybatis_row_in,6,15448,1341.028,3704.000,true
baseline,2,mybatis_naming_SCREAMING_SNAKE_CASE,6,2031,6013.195,9384.000,true
baseline,2,named_naming_UPPER_CAMEL_CASE,6,2673,7541.227,10584.000,true
baseline,2,raw_naming_KEBAB_CASE,6,2242,4841.927,8840.000,true
baseline,2,named_select_columns,6,26613,807.774,1952.000,true
baseline,2,positional_in_17,6,15961,855.072,2672.000,true
baseline,2,raw_in_17,6,11094,1711.547,5816.000,true
baseline,2,named_in_expression,6,780,26231.154,90680.000,true
baseline,2,mybatis_insert_entity,6,23314,841.130,2456.000,true
baseline,2,named_dialect_PostgreSQL,6,7727,1408.218,4144.000,true
baseline,2,named_where_16,6,3456,5941.377,10584.000,true
baseline,2,raw_union_builder,6,3834,5437.376,10160.000,true
baseline,2,mybatis_insert_placeholders,6,21762,960.100,2584.000,true
baseline,2,positional_in_16,6,23191,837.601,2656.000,true
baseline,2,positional_select_entity,6,32608,558.958,2000.000,true
baseline,2,named_between,6,15584,1337.269,3800.000,true
baseline,2,positional_mixed_literals,6,17487,1157.208,2800.000,true
baseline,2,positional_between,6,10434,1087.224,3056.000,true
baseline,2,positional_select_expressions,6,10162,2026.973,2728.000,true
baseline,2,raw_naming_SCREAMING_SNAKE_CASE,6,1956,5339.213,8856.000,true
baseline,2,positional_late_modifier,6,31845,750.595,2360.000,true
baseline,2,mybatis_join_on,6,11062,2068.143,4152.000,true
baseline,2,mybatis_delete,6,45975,440.407,1832.000,true
baseline,2,named_in_16,6,9728,2210.639,7600.000,true
baseline,2,raw_join_using,6,22092,1217.260,3176.000,true
baseline,2,mybatis_join_using,6,21733,1567.207,3376.000,true
baseline,2,named_naming_CAMEL_CASE,6,2961,6273.658,9624.000,true
baseline,2,positional_naming_CAMEL_CASE,6,5519,3572.549,4928.000,true
baseline,2,positional_join_on,6,11929,1662.528,3832.000,true
baseline,2,raw_repeated_names,6,979,24291.318,53896.000,true
baseline,2,named_where_128,6,442,49224.887,71280.000,true
baseline,2,raw_condition_only,6,4559,4752.643,7816.000,true
baseline,2,raw_subquery_raw,6,32876,630.287,2272.000,true
baseline,2,raw_where_16,6,4041,4975.650,8840.000,true
baseline,2,raw_batch_64,6,709,28832.581,95328.000,false
baseline,2,positional_insert_placeholders,6,27049,720.123,1944.000,true
baseline,2,raw_union_raw,6,6292,3323.077,5200.000,true
baseline,2,mybatis_where_128,6,452,45012.389,61280.000,true
baseline,2,named_insert_placeholders,6,9748,1071.307,2888.000,true
baseline,2,raw_late_modifier,6,26064,777.590,2480.000,true
baseline,2,positional_dialect_Oracle,6,18841,992.999,3496.000,true
baseline,2,mybatis_select_expressions,6,10128,2153.278,2728.000,true
baseline,2,mybatis_select_columns,6,26504,824.679,1952.000,true
baseline,2,named_dialect_Oracle,6,13971,1362.021,4272.000,true
baseline,2,mybatis_in_16,6,8073,2175.486,6512.000,true
baseline,2,named_repeated_names,6,745,24513.960,64920.000,true
baseline,2,raw_retry_rollback,6,4552,4037.346,6376.000,true
baseline,2,mybatis_union_raw,6,6327,3202.608,5200.000,true
baseline,2,raw_where_128,6,552,39561.051,56496.000,true
baseline,2,named_batch_4,6,7065,2964.048,9640.000,true
baseline,2,mybatis_naming_CAMEL_CASE,6,3869,4654.795,8408.000,true
baseline,2,mybatis_batch_4,6,6953,2883.964,8688.000,true
baseline,2,named_dialect_DB2,6,8165,1270.753,4320.000,true
baseline,2,mybatis_repeated_names,6,812,29544.704,55944.000,true
baseline,2,raw_select_expressions,6,8533,2094.844,2728.000,true
baseline,2,mybatis_batch_beans,6,2719,7468.665,22880.000,true
baseline,2,named_row_in,6,15316,1405.720,4016.000,true
baseline,2,mybatis_nested,6,15068,1342.341,3464.000,true
baseline,2,raw_batch_4,6,8357,2723.717,7488.000,false
baseline,2,mybatis_late_modifier,6,27292,772.868,2680.000,true
baseline,2,raw_insert_placeholders,6,30322,721.651,1944.000,true
baseline,2,positional_union_raw,6,4708,3145.667,5200.000,true
baseline,2,positional_batch_4,6,3036,1827.536,5872.000,true
baseline,2,named_union_builder,6,1990,10590.653,17272.000,true
baseline,2,positional_dialect_Microsoft_SQL_Server,6,14269,1155.414,3544.000,true
baseline,2,named_insert_entity,6,23700,896.295,2760.000,true
baseline,2,named_update_chain_16,6,1335,16915.206,47000.000,true
baseline,2,raw_update_chain_16,6,2304,8069.141,25448.000,true
baseline,2,mybatis_naming_NO_CHANGE,6,2431,4895.146,8408.000,true
baseline,2,positional_where_16,6,4351,4097.748,5888.000,true
baseline,2,positional_update_map,6,19518,1009.622,3024.000,true
baseline,2,mybatis_update_chain_16,6,1503,13668.862,39960.000,true
baseline,2,named_naming_KEBAB_CASE,6,2779,6301.223,10584.000,true
baseline,2,mybatis_select_star,6,72105,356.737,1424.000,true
baseline,2,mybatis_subquery_raw,6,33555,584.807,2272.000,true
baseline,2,mybatis_naming_UPPER_CAMEL_CASE,6,3191,6107.302,9368.000,true
baseline,2,mybatis_insert_values,6,19374,1055.110,2744.000,true
baseline,2,named_union_raw,6,6113,3572.272,5200.000,true
baseline,2,mybatis_in_17,6,9761,2921.586,6752.000,true
baseline,2,positional_where_eq,6,19388,1094.285,2664.000,true
baseline,2,mybatis_pagination,6,17759,1139.822,3832.000,true
baseline,2,named_late_modifier,6,25863,761.528,2816.000,true
baseline,2,positional_insert_values,6,10437,931.513,2104.000,true
baseline,2,positional_naming_NO_CHANGE,6,5235,3152.760,4928.000,true
baseline,2,positional_where_128,6,511,31055.773,32808.000,true
baseline,2,raw_mixed_literals,6,14310,1438.330,3192.000,true
baseline,2,named_dialect_MySQL,6,13373,1247.701,4144.000,true
baseline,2,raw_select_columns,6,26171,823.148,1952.000,true
baseline,2,positional_naming_UPPER_CAMEL_CASE,6,4118,4232.273,5888.000,true
baseline,2,raw_in_256,6,1224,17391.830,56640.000,true
baseline,2,named_naming_NO_CHANGE,6,1916,5820.929,9624.000,true
baseline,2,mybatis_naming_KEBAB_CASE,6,1821,6240.472,9368.000,true
baseline,2,raw_where_eq,6,21837,1001.214,2784.000,true
baseline,2,raw_pagination,6,20051,1045.110,3400.000,true
baseline,2,named_group_order,6,5071,4770.538,7688.000,true
baseline,2,mybatis_in_expression,6,674,24316.172,72776.000,true
baseline,2,positional_repeated_names,6,1254,15639.314,30360.000,true
baseline,2,named_update_map,6,12675,1832.828,4752.000,true
baseline,2,named_subquery_structured,6,9611,1587.847,5488.000,true
baseline,2,raw_naming_CAMEL_CASE,6,4559,4049.441,7880.000,true
baseline,2,positional_nested,6,14689,1133.079,2952.000,true
baseline,2,positional_join_using,6,22750,875.600,3056.000,true
baseline,2,custom_handler_union,6,1835,11813.842,16536.000,true
baseline,2,positional_raw_expression,6,13566,1495.408,2624.000,true
baseline,2,raw_naming_UPPER_CAMEL_CASE,6,3735,5085.382,8840.000,true
baseline,2,named_raw_expression,6,13576,1545.735,2624.000,true
baseline,2,positional_select_star,6,78554,301.912,1424.000,true
baseline,2,raw_update_map,6,15963,1351.995,3592.000,false
baseline,2,named_retry_rollback,6,2755,5077.241,8264.000,true
baseline,2,positional_row_in,6,15252,1013.251,2624.000,true
baseline,2,positional_derived,6,2202,8779.519,15296.000,true
baseline,2,positional_in_expression,6,4714,4433.050,9760.000,true
baseline,2,positional_condition_only,6,4629,3580.601,4872.000,true
baseline,2,named_in_17,6,8839,2253.886,7888.000,true
baseline,2,named_subquery_raw,6,30472,643.732,2272.000,true
baseline,2,raw_insert_entity,6,25698,839.178,2176.000,false
baseline,2,positional_subquery_structured,6,15010,1370.466,4704.000,true
baseline,2,mybatis_where_eq,6,19237,950.112,2984.000,true
baseline,2,positional_in_256,6,5020,4942.530,9576.000,true
baseline,2,positional_batch_64,6,208,16497.115,70160.000,true
baseline,2,raw_derived,6,2216,9825.812,15848.000,true
baseline,2,mybatis_batch_64,6,620,32656.935,116880.000,true
baseline,2,mybatis_mixed_literals,6,14067,1553.665,3504.000,true
baseline,2,raw_between,6,17557,1236.886,3384.000,true
baseline,2,named_insert_values,6,17134,1147.771,3048.000,true
baseline,2,named_condition_only,6,3815,5257.248,9560.000,true
baseline,2,raw_raw_expression,6,13282,1486.561,2624.000,true
baseline,2,named_select_entity,6,35315,550.840,2000.000,true
baseline,2,named_join_using,6,19281,975.048,3512.000,true
baseline,2,positional_dialect_PostgreSQL,6,8705,1061.206,3360.000,true
baseline,2,named_where_eq,6,19191,954.797,3120.000,true
baseline,2,raw_subquery_structured,6,14690,1358.530,4616.000,true
baseline,2,custom_handler_where,6,3243,6187.296,10616.000,true
baseline,2,positional_naming_KEBAB_CASE,6,4052,4147.705,5888.000,true
baseline,2,positional_union_builder,6,3695,6788.444,9768.000,true
baseline,2,named_derived,6,1988,11627.918,17800.000,true
baseline,2,mybatis_select_entity,6,33721,605.451,2000.000,true
baseline,2,named_batch_beans,6,2565,7854.113,26864.000,true
baseline,2,positional_select_columns,6,26494,805.952,1952.000,true
baseline,2,named_in_1024,6,168,136087.500,353216.000,true
baseline,2,named_nested,6,15367,1379.183,3648.000,true
baseline,2,raw_in_16,6,12282,1717.326,5600.000,true
baseline,2,raw_row_in,6,15466,1125.294,3136.000,true
baseline,2,positional_retry_rollback,6,8374,3268.868,5872.000,true
baseline,2,mybatis_derived,6,1936,10491.684,17192.000,true
baseline,2,positional_pagination,6,18474,1001.175,3288.000,true
baseline,2,mybatis_condition_only,6,3865,5363.079,8344.000,true
baseline,2,positional_group_order,6,5878,3312.964,6336.000,true
baseline,2,mybatis_between,6,15559,1357.626,3592.000,true
baseline,2,named_in_256,6,690,25592.899,90712.000,true
baseline,2,raw_naming_NO_CHANGE,6,3395,4072.548,7880.000,true
baseline,2,named_pagination,6,16967,1219.078,4072.000,true
baseline,2,named_dialect_Microsoft_SQL_Server,6,12797,1429.530,4320.000,true
baseline,2,raw_select_star,6,80340,334.547,1424.000,true
baseline,2,mybatis_in_1024,6,204,106479.902,281472.000,true
baseline,2,mybatis_retry_rollback,6,4697,4085.757,7592.000,true
baseline,2,mybatis_update_map,6,13036,1681.574,4224.000,true
baseline,2,raw_batch_beans,6,2731,6125.632,17696.000,false
baseline,2,positional_naming_SCREAMING_SNAKE_CASE,6,3626,4527.965,5904.000,true
baseline,2,mybatis_subquery_structured,6,12576,1594.442,5256.000,true
baseline,2,raw_select_entity,6,36035,565.794,2000.000,true
baseline,2,mybatis_raw_expression,6,12368,1552.911,2624.000,true
baseline,2,mybatis_group_order,6,5491,3901.421,7288.000,true
baseline,2,mybatis_where_16,6,3459,6162.272,9368.000,true
baseline,2,raw_in_1024,6,300,71779.667,220248.000,true
baseline,2,raw_join_on,6,12665,1560.861,3952.000,true
baseline,2,named_select_expressions,6,10159,2135.840,2728.000,true
baseline,2,positional_insert_entity,6,29909,581.143,1816.000,true
baseline,2,raw_group_order,6,6143,3188.475,6432.000,true
baseline,2,named_join_on,6,11244,1750.596,4288.000,true
baseline,2,raw_nested,6,15351,1280.236,3280.000,true
baseline,2,named_select_star,6,76982,294.946,1424.000,true
baseline,2,named_naming_SCREAMING_SNAKE_CASE,6,2910,6307.491,10600.000,true
baseline,2,positional_update_chain_16,6,1466,5760.505,22360.000,true
baseline,2,mybatis_where_eq,7,19237,1016.713,2984.000,true
baseline,2,raw_in_256,7,1224,17528.676,56640.000,true
baseline,2,mybatis_nested,7,15068,1443.835,3464.000,true
baseline,2,mybatis_union_builder,7,1870,13190.642,16696.000,true
baseline,2,mybatis_batch_4,7,6953,2939.465,8688.000,true
baseline,2,raw_naming_SCREAMING_SNAKE_CASE,7,1956,4907.106,8856.000,true
baseline,2,positional_naming_NO_CHANGE,7,5235,3011.480,4928.000,true
baseline,2,named_in_17,7,8839,2414.289,7888.000,true
baseline,2,raw_select_expressions,7,8533,2055.737,2728.000,true
baseline,2,named_in_expression,7,780,27629.487,90680.000,true
baseline,2,positional_delete,7,62905,350.808,1504.000,true
baseline,2,positional_raw_expression,7,13566,1502.565,2624.000,true
baseline,2,raw_join_on,7,12665,1695.823,3952.000,true
baseline,2,named_in_16,7,9728,2107.720,7600.000,true
baseline,2,mybatis_subquery_raw,7,33555,726.580,2272.000,true
baseline,2,raw_delete,7,49812,536.830,1624.000,true
baseline,2,named_in_1024,7,168,127661.310,353216.000,true
baseline,2,raw_between,7,17557,1219.639,3384.000,true
baseline,2,mybatis_retry_rollback,7,4697,4053.736,7592.000,true
baseline,2,positional_insert_values,7,10437,888.196,2104.000,true
baseline,2,positional_derived,7,2202,9020.436,15296.000,true
baseline,2,mybatis_row_in,7,15448,1408.279,3704.000,true
baseline,2,named_mixed_literals,7,12942,1521.411,3768.000,true
baseline,2,named_dialect_Oracle,7,13971,1432.925,4272.000,true
baseline,2,mybatis_group_order,7,5491,3892.151,7288.000,true
baseline,2,raw_repeated_names,7,979,21292.441,53896.000,true
baseline,2,mybatis_naming_CAMEL_CASE,7,3869,5371.155,8408.000,true
baseline,2,named_union_builder,7,1990,10081.558,17272.000,true
baseline,2,positional_where_16,7,4351,4368.444,5888.000,true
baseline,2,mybatis_select_columns,7,26504,787.292,1952.000,true
baseline,2,named_naming_KEBAB_CASE,7,2779,6223.714,10584.000,true
baseline,2,positional_dialect_PostgreSQL,7,8705,1039.839,3360.000,true
baseline,2,positional_condition_only,7,4629,3927.933,4872.000,true
baseline,2,raw_subquery_raw,7,32876,639.892,2272.000,true
baseline,2,named_row_in,7,15316,1382.476,4016.000,true
baseline,2,positional_insert_entity,7,29909,667.675,1816.000,true
baseline,2,positional_row_in,7,15252,868.076,2624.000,true
baseline,2,mybatis_where_16,7,3459,6183.174,9368.000,true
baseline,2,raw_naming_CAMEL_CASE,7,4559,3961.943,7880.000,true
baseline,2,positional_in_1024,7,870,14040.690,28504.000,true
baseline,2,named_select_columns,7,26613,842.055,1952.000,true
baseline,2,raw_in_1024,7,300,70023.333,220248.000,true
baseline,2,raw_union_builder,7,3834,5297.261,10160.000,true
baseline,2,mybatis_in_256,7,865,26558.613,72760.000,true
baseline,2,positional_select_columns,7,26494,846.475,1952.000,true
baseline,2,raw_in_17,7,11094,1816.577,5816.000,true
baseline,2,named_naming_SCREAMING_SNAKE_CASE,7,2910,6140.000,10600.000,true
baseline,2,raw_batch_4,7,8357,2690.595,7488.000,false
baseline,2,named_insert_placeholders,7,9748,909.643,2888.000,true
baseline,2,positional_where_128,7,511,31912.133,32808.000,true
baseline,2,positional_select_expressions,7,10162,2122.584,2728.000,true
baseline,2,named_select_star,7,76982,290.333,1424.000,true
baseline,2,named_update_chain_16,7,1335,16924.494,47000.000,true
baseline,2,named_naming_CAMEL_CASE,7,2961,4868.592,9624.000,true
baseline,2,mybatis_select_entity,7,33721,591.551,2000.000,true
baseline,2,positional_naming_UPPER_CAMEL_CASE,7,4118,4444.488,5888.000,true
baseline,2,positional_naming_SCREAMING_SNAKE_CASE,7,3626,4301.269,5904.000,true
baseline,2,named_join_using,7,19281,945.184,3512.000,true
baseline,2,mybatis_insert_placeholders,7,21762,933.356,2584.000,true
baseline,2,mybatis_naming_NO_CHANGE,7,2431,5298.190,8408.000,true
baseline,2,mybatis_naming_KEBAB_CASE,7,1821,6172.707,9368.000,true
baseline,2,raw_mixed_literals,7,14310,1382.446,3192.000,true
baseline,2,raw_naming_NO_CHANGE,7,3395,4461.649,7880.000,true
baseline,2,named_dialect_MySQL,7,13373,1284.170,4144.000,true
baseline,2,raw_retry_rollback,7,4552,3757.118,6376.000,true
baseline,2,mybatis_in_expression,7,674,23577.300,72776.000,true
baseline,2,raw_select_entity,7,36035,605.181,2000.000,true
baseline,2,mybatis_insert_values,7,19374,1113.926,2744.000,true
baseline,2,raw_naming_KEBAB_CASE,7,2242,4830.865,8840.000,true
baseline,2,named_where_eq,7,19191,991.517,3120.000,true
baseline,2,mybatis_join_on,7,11062,1704.701,4152.000,true
baseline,2,positional_batch_beans,7,1820,3512.637,11264.000,true
baseline,2,named_subquery_structured,7,9611,1675.580,5488.000,true
baseline,2,mybatis_naming_SCREAMING_SNAKE_CASE,7,2031,7596.800,9384.000,true
baseline,2,positional_select_entity,7,32608,833.243,2000.000,true
baseline,2,raw_late_modifier,7,26064,823.722,2480.000,true
baseline,2,raw_group_order,7,6143,2914.097,6432.000,true
baseline,2,named_insert_entity,7,23700,895.722,2760.000,true
baseline,2,mybatis_derived,7,1936,10244.370,17192.000,true
baseline,2,raw_insert_entity,7,25698,842.490,2176.000,false
baseline,2,named_union_raw,7,6113,3259.300,5200.000,true
baseline,2,raw_join_using,7,22092,927.146,3176.000,true
baseline,2,raw_select_star,7,80340,330.452,1424.000,true
baseline,2,named_where_16,7,3456,5828.183,10584.000,true
baseline,2,mybatis_raw_expression,7,12368,1476.164,2624.000,true
baseline,2,named_naming_UPPER_CAMEL_CASE,7,2673,6438.047,10584.000,true
baseline,2,positional_naming_CAMEL_CASE,7,5519,3153.669,4928.000,true
baseline,2,positional_dialect_DB2,7,10847,1151.009,3544.000,true
baseline,2,raw_batch_64,7,709,30392.243,95328.000,false
baseline,2,raw_where_16,7,4041,4789.037,8840.000,true
baseline,2,raw_pagination,7,20051,1037.584,3400.000,true
baseline,2,positional_join_using,7,22750,825.389,3056.000,true
baseline,2,raw_update_chain_16,7,2304,7696.007,25448.000,true
baseline,2,mybatis_update_chain_16,7,1503,13361.344,39960.000,true
baseline,2,positional_in_17,7,15961,913.596,2672.000,true
baseline,2,named_select_entity,7,35315,578.293,2000.000,true
baseline,2,raw_batch_beans,7,2731,6747.345,17696.000,false
baseline,2,named_naming_NO_CHANGE,7,1916,5434.969,9624.000,true
baseline,2,positional_group_order,7,5878,2992.055,6336.000,true
baseline,2,named_join_on,7,11244,1634.089,4288.000,true
baseline,2,mybatis_between,7,15559,1304.126,3592.000,true
baseline,2,named_dialect_DB2,7,8165,1350.521,4320.000,true
baseline,2,positional_dialect_Microsoft_SQL_Server,7,14269,1342.736,3544.000,true
baseline,2,named_repeated_names,7,745,24243.893,64920.000,true
baseline,2,mybatis_late_modifier,7,27292,745.105,2680.000,true
baseline,2,positional_union_raw,7,4708,3267.948,5200.000,true
baseline,2,named_between,7,15584,1319.231,3800.000,true
baseline,2,raw_update_map,7,15963,1346.695,3592.000,false
baseline,2,positional_repeated_names,7,1254,14584.928,30360.000,true
baseline,2,mybatis_select_expressions,7,10128,2124.131,2728.000,true
baseline,2,positional_union_builder,7,3695,5188.714,9768.000,true
baseline,2,raw_nested,7,15351,1321.992,3280.000,true
baseline,2,named_in_256,7,690,26047.826,90712.000,true
baseline,2,positional_between,7,10434,1030.161,3056.000,true
baseline,2,positional_in_16,7,23191,872.895,2656.000,true
baseline,2,raw_select_columns,7,26171,801.330,1952.000,true
baseline,2,named_raw_expression,7,13576,1435.423,2624.000,true
baseline,2,raw_in_16,7,12282,1626.535,5600.000,true
baseline,2,custom_handler_union,7,1835,10068.556,16536.000,true
baseline,2,raw_insert_values,7,20617,1054.625,2464.000,false
baseline,2,positional_dialect_MySQL,7,16497,1024.217,3360.000,true
baseline,2,custom_handler_where,7,3243,6153.901,10616.000,true
baseline,2,positional_insert_placeholders,7,27049,723.350,1944.000,true
baseline,2,mybatis_in_1024,7,204,100363.235,281472.000,true
baseline,2,named_nested,7,15367,1400.104,3648.000,true
baseline,2,raw_in_expression,7,1192,18006.208,56616.000,true
baseline,2,mybatis_union_raw,7,6327,3138.897,5200.000,true
baseline,2,positional_naming_KEBAB_CASE,7,4052,4643.904,5888.000,true
baseline,2,positional_update_chain_16,7,1466,5661.323,22360.000,true
baseline,2,named_batch_4,7,7065,3766.369,9640.000,true
baseline,2,positional_subquery_raw,7,32548,701.843,2272.000,true
baseline,2,named_condition_only,7,3815,8482.962,9560.000,true
baseline,2,mybatis_repeated_names,7,812,28113.916,55944.000,true
baseline,2,raw_where_128,7,552,38140.036,56496.000,true
baseline,2,positional_batch_4,7,3036,2211.133,5872.000,true
baseline,2,named_derived,7,1988,10620.423,17800.000,true
baseline,2,mybatis_in_16,7,8073,2287.663,6512.000,true
baseline,2,raw_derived,7,2216,9578.520,15848.000,true
baseline,2,raw_condition_only,7,4559,5182.343,7816.000,true
baseline,2,positional_update_map,7,19518,1010.831,3024.000,true
baseline,2,named_delete,7,46033,494.904,1960.000,true
baseline,2,positional_retry_rollback,7,8374,2464.808,5872.000,true
baseline,2,positional_batch_64,7,208,16110.577,70160.000,true
baseline,2,positional_select_star,7,78554,329.525,1424.000,true
baseline,2,named_dialect_Microsoft_SQL_Server,7,12797,1404.657,4320.000,true
baseline,2,raw_subquery_structured,7,14690,1424.786,4616.000,true
baseline,2,mybatis_update_map,7,13036,1606.620,4224.000,true
baseline,2,mybatis_condition_only,7,3865,5275.058,8344.000,true
baseline,2,positional_subquery_structured,7,15010,1423.085,4704.000,true
baseline,2,raw_naming_UPPER_CAMEL_CASE,7,3735,5278.983,8840.000,true
baseline,2,mybatis_join_using,7,21733,971.835,3376.000,true
baseline,2,named_subquery_raw,7,30472,622.647,2272.000,true
baseline,2,named_dialect_PostgreSQL,7,7727,1294.500,4144.000,true
baseline,2,positional_dialect_Oracle,7,18841,1095.149,3496.000,true
baseline,2,named_batch_64,7,563,37439.254,132896.000,true
baseline,2,positional_pagination,7,18474,966.012,3288.000,true
baseline,2,named_late_modifier,7,25863,702.057,2816.000,true
baseline,2,mybatis_mixed_literals,7,14067,1528.698,3504.000,true
baseline,2,positional_in_256,7,5020,4205.657,9576.000,true
baseline,2,positional_join_on,7,11929,1540.967,3832.000,true
baseline,2,positional_nested,7,14689,1250.868,2952.000,true
baseline,2,named_where_128,7,442,44955.656,71280.000,true
baseline,2,raw_insert_placeholders,7,30322,718.548,1944.000,true
baseline,2,named_retry_rollback,7,2755,4326.425,8264.000,true
baseline,2,mybatis_delete,7,45975,476.748,1832.000,true
baseline,2,mybatis_subquery_structured,7,12576,1658.397,5256.000,true
baseline,2,named_select_expressions,7,10159,2129.048,2728.000,true
baseline,2,mybatis_pagination,7,17759,1196.869,3832.000,true
baseline,2,mybatis_in_17,7,9761,2196.691,6752.000,true
baseline,2,positional_where_eq,7,19388,918.150,2664.000,true
baseline,2,positional_in_expression,7,4714,4041.048,9760.000,true
baseline,2,raw_union_raw,7,6292,3472.537,5200.000,true
baseline,2,positional_mixed_literals,7,17487,1154.114,2800.000,true
baseline,2,mybatis_naming_UPPER_CAMEL_CASE,7,3191,6231.056,9368.000,true
baseline,2,mybatis_insert_entity,7,23314,863.447,2456.000,true
baseline,2,named_pagination,7,16967,1254.246,4072.000,true
baseline,2,mybatis_where_128,7,452,44018.805,61280.000,true
baseline,2,positional_late_modifier,7,31845,639.535,2360.000,true
baseline,2,mybatis_batch_64,7,620,34335.968,116880.000,true
baseline,2,named_batch_beans,7,2565,8413.684,26864.000,true
baseline,2,named_group_order,7,5071,3943.976,7688.000,true
baseline,2,raw_where_eq,7,21837,958.048,2784.000,true
baseline,2,named_update_map,7,12675,1779.266,4752.000,true
baseline,2,named_insert_values,7,17134,1045.961,3048.000,true
baseline,2,raw_row_in,7,15466,1207.578,3136.000,true
baseline,2,mybatis_batch_beans,7,2719,9898.014,22880.000,true
baseline,2,raw_raw_expression,7,13282,2134.618,2624.000,true
baseline,2,mybatis_select_star,7,72105,365.879,1424.000,true
baseline,2,named_derived,8,1988,10635.161,17800.000,true
baseline,2,raw_union_builder,8,3834,5330.803,10160.000,true
baseline,2,named_union_builder,8,1990,10725.025,17272.000,true
baseline,2,raw_in_17,8,11094,1752.073,5816.000,true
baseline,2,named_insert_placeholders,8,9748,913.870,2888.000,true
baseline,2,positional_in_1024,8,870,13188.161,28504.000,true
baseline,2,mybatis_insert_values,8,19374,1092.500,2744.000,true
baseline,2,raw_in_expression,8,1192,17434.983,56616.000,true
baseline,2,positional_subquery_structured,8,15010,1412.465,4704.000,true
baseline,2,raw_naming_CAMEL_CASE,8,4559,3793.113,7880.000,true
baseline,2,mybatis_subquery_raw,8,33555,672.031,2272.000,true
baseline,2,positional_retry_rollback,8,8374,3683.377,5872.000,true
baseline,2,raw_subquery_structured,8,14690,1381.096,4616.000,true
baseline,2,raw_group_order,8,6143,3163.015,6432.000,true
baseline,2,positional_dialect_DB2,8,10847,1110.519,3544.000,true
baseline,2,raw_late_modifier,8,26064,723.550,2480.000,true
baseline,2,mybatis_nested,8,15068,1384.610,3464.000,true
baseline,2,named_update_chain_16,8,1335,15482.097,47000.000,true
baseline,2,positional_select_star,8,78554,288.060,1424.000,true
baseline,2,positional_row_in,8,15252,921.827,2624.000,true
baseline,2,raw_raw_expression,8,13282,1453.516,2624.000,true
baseline,2,raw_update_map,8,15963,1339.880,3592.000,false
baseline,2,raw_join_using,8,22092,923.289,3176.000,true
baseline,2,mybatis_join_on,8,11062,1699.006,4152.000,true
baseline,2,positional_batch_64,8,208,16170.673,70160.000,true
baseline,2,mybatis_in_16,8,8073,1973.021,6512.000,true
baseline,2,named_dialect_Oracle,8,13971,1398.991,4272.000,true
baseline,2,positional_nested,8,14689,1203.880,2952.000,true
baseline,2,named_row_in,8,15316,1781.066,4016.000,true
baseline,2,mybatis_batch_4,8,6953,2752.093,8688.000,true
baseline,2,raw_where_eq,8,21837,1014.086,2784.000,true
baseline,2,named_in_17,8,8839,2171.332,7888.000,true
baseline,2,positional_delete,8,62905,330.695,1504.000,true
baseline,2,mybatis_naming_UPPER_CAMEL_CASE,8,3191,6349.452,9368.000,true
baseline,2,positional_insert_entity,8,29909,608.609,1816.000,true
baseline,2,mybatis_condition_only,8,3865,5684.554,8344.000,true
baseline,2,mybatis_repeated_names,8,812,24129.310,55944.000,true
baseline,2,raw_update_chain_16,8,2304,7912.240,25448.000,true
baseline,2,custom_handler_union,8,1835,10365.668,16536.000,true
baseline,2,positional_dialect_MySQL,8,16497,1072.110,3360.000,true
baseline,2,raw_mixed_literals,8,14310,1471.593,3192.000,true
baseline,2,named_naming_UPPER_CAMEL_CASE,8,2673,5797.531,10584.000,true
baseline,2,mybatis_join_using,8,21733,1066.926,3376.000,true
baseline,2,named_in_16,8,9728,2109.159,7600.000,true
baseline,2,named_select_columns,8,26613,829.204,1952.000,true
baseline,2,named_naming_NO_CHANGE,8,1916,4677.349,9624.000,true
baseline,2,named_union_raw,8,6113,3305.971,5200.000,true
baseline,2,positional_derived,8,2202,9558.856,15296.000,true
baseline,2,raw_nested,8,15351,1207.224,3280.000,true
baseline,2,positional_in_16,8,23191,915.394,2656.000,true
baseline,2,mybatis_subquery_structured,8,12576,1655.328,5256.000,true
baseline,2,mybatis_mixed_literals,8,14067,1551.013,3504.000,true
baseline,2,positional_join_on,8,11929,1471.163,3832.000,true
baseline,2,positional_dialect_Microsoft_SQL_Server,8,14269,1207.702,3544.000,true
baseline,2,raw_batch_beans,8,2731,6728.891,17696.000,false
baseline,2,named_join_using,8,19281,1261.413,3512.000,true
baseline,2,raw_select_expressions,8,8533,2898.617,2728.000,true
baseline,2,positional_pagination,8,18474,910.036,3288.000,true
baseline,2,named_where_128,8,442,49321.267,71280.000,true
baseline,2,positional_dialect_PostgreSQL,8,8705,1019.173,3360.000,true
baseline,2,positional_update_chain_16,8,1466,5759.686,22360.000,true
baseline,2,raw_where_16,8,4041,5492.873,8840.000,true
baseline,2,mybatis_between,8,15559,1387.962,3592.000,true
baseline,2,mybatis_union_builder,8,1870,10814.813,16696.000,true
baseline,2,raw_between,8,17557,1260.568,3384.000,true
baseline,2,raw_insert_values,8,20617,954.959,2464.000,false
baseline,2,positional_repeated_names,8,1254,15712.041,30360.000,true
baseline,2,named_repeated_names,8,745,25972.886,64920.000,true
baseline,2,positional_in_expression,8,4714,3987.930,9760.000,true
baseline,2,named_mixed_literals,8,12942,1558.847,3768.000,true
baseline,2,raw_derived,8,2216,8894.088,15848.000,true
baseline,2,positional_join_using,8,22750,901.024,3056.000,true
baseline,2,mybatis_in_17,8,9761,2139.678,6752.000,true
baseline,2,mybatis_raw_expression,8,12368,1587.346,2624.000,true
baseline,2,named_select_entity,8,35315,602.195,2000.000,true
baseline,2,positional_naming_NO_CHANGE,8,5235,3268.520,4928.000,true
baseline,2,named_in_1024,8,168,143122.024,353216.000,true
baseline,2,positional_late_modifier,8,31845,620.801,2360.000,true
baseline,2,positional_raw_expression,8,13566,1468.664,2624.000,true
baseline,2,raw_select_star,8,80340,284.345,1424.000,true
baseline,2,named_naming_KEBAB_CASE,8,2779,6144.584,10584.000,true
baseline,2,named_in_expression,8,780,25743.462,90680.000,true
baseline,2,named_subquery_structured,8,9611,1734.169,5488.000,true
baseline,2,raw_insert_placeholders,8,30322,680.971,1944.000,true
baseline,2,raw_in_16,8,12282,1681.339,5600.000,true
baseline,2,named_subquery_raw,8,30472,616.445,2272.000,true
baseline,2,named_where_16,8,3456,5956.279,10584.000,true
baseline,2,positional_in_256,8,5020,4294.661,9576.000,true
baseline,2,mybatis_naming_CAMEL_CASE,8,3869,4652.520,8408.000,true
baseline,2,mybatis_group_order,8,5491,3398.270,7288.000,true
baseline,2,mybatis_in_expression,8,674,24224.777,72776.000,true
baseline,2,named_condition_only,8,3815,5777.300,9560.000,true
baseline,2,named_select_star,8,76982,312.574,1424.000,true
baseline,2,positional_where_16,8,4351,4445.691,5888.000,true
baseline,2,raw_repeated_names,8,979,21267.007,53896.000,true
baseline,2,mybatis_union_raw,8,6327,3520.800,5200.000,true
baseline,2,named_retry_rollback,8,2755,4538.766,8264.000,true
baseline,2,named_where_eq,8,19191,1238.581,3120.000,true
baseline,2,raw_row_in,8,15466,1593.450,3136.000,true
baseline,2,raw_in_1024,8,300,108420.667,220248.000,true
baseline,2,raw_condition_only,8,4559,8937.420,7816.000,true
baseline,2,positional_naming_CAMEL_CASE,8,5519,5667.041,4928.000,true
baseline,2,custom_handler_where,8,3243,13128.122,10616.000,true
baseline,2,positional_select_expressions,8,10162,9316.975,2728.000,true
baseline,2,named_dialect_DB2,8,8165,3222.866,4320.000,true
baseline,2,mybatis_derived,8,1936,22602.066,17192.000,true
baseline,2,raw_retry_rollback,8,4552,5266.564,6376.000,true
baseline,2,raw_select_entity,8,36035,1009.721,2000.000,true
baseline,2,mybatis_late_modifier,8,27292,1369.233,2680.000,true
baseline,2,positional_batch_beans,8,1820,7907.253,11264.000,true
baseline,2,raw_union_raw,8,6292,4857.724,5200.000,true
baseline,2,positional_union_raw,8,4708,5274.490,5200.000,true
baseline,2,mybatis_retry_rollback,8,4697,6754.567,7592.000,true
baseline,2,mybatis_insert_entity,8,23314,1022.986,2456.000,true
baseline,2,mybatis_delete,8,45975,501.001,1832.000,true
baseline,2,raw_where_128,8,552,52061.051,56496.000,true
baseline,2,positional_naming_KEBAB_CASE,8,4052,4731.861,5888.000,true
baseline,2,named_naming_CAMEL_CASE,8,2961,5031.847,9624.000,true
baseline,2,mybatis_row_in,8,15448,1571.835,3704.000,true
baseline,2,positional_union_builder,8,3695,6436.319,9768.000,true
baseline,2,named_join_on,8,11244,4651.503,4288.000,true
baseline,2,positional_update_map,8,19518,1644.226,3024.000,true
baseline,2,positional_batch_4,8,3036,2129.941,5872.000,true
baseline,2,raw_pagination,8,20051,1122.158,3400.000,true
baseline,2,mybatis_naming_SCREAMING_SNAKE_CASE,8,2031,5998.326,9384.000,true
baseline,2,mybatis_where_eq,8,19237,1062.900,2984.000,true
baseline,2,mybatis_insert_placeholders,8,21762,1076.124,2584.000,true
baseline,2,raw_in_256,8,1224,19157.271,56640.000,true
baseline,2,named_late_modifier,8,25863,822.437,2816.000,true
baseline,2,raw_batch_64,8,709,30161.918,95328.000,false
baseline,2,mybatis_select_entity,8,33721,693.769,2000.000,true
baseline,2,mybatis_naming_KEBAB_CASE,8,1821,6969.577,9368.000,true
baseline,2,named_batch_beans,8,2565,8792.515,26864.000,true
baseline,2,mybatis_in_256,8,865,26320.578,72760.000,true
baseline,2,positional_select_columns,8,26494,818.495,1952.000,true
baseline,2,named_nested,8,15367,1447.023,3648.000,true
baseline,2,named_update_map,8,12675,1782.540,4752.000,true
baseline,2,raw_select_columns,8,26171,854.606,1952.000,true
baseline,2,raw_naming_KEBAB_CASE,8,2242,4811.597,8840.000,true
baseline,2,mybatis_update_chain_16,8,1503,13788.556,39960.000,true
baseline,2,raw_naming_SCREAMING_SNAKE_CASE,8,1956,6812.781,8856.000,true
baseline,2,mybatis_in_1024,8,204,112374.020,281472.000,true
baseline,2,mybatis_select_columns,8,26504,778.901,1952.000,true
baseline,2,positional_subquery_raw,8,32548,609.285,2272.000,true
baseline,2,mybatis_select_star,8,72105,287.876,1424.000,true
baseline,2,positional_in_17,8,15961,860.516,2672.000,true
baseline,2,mybatis_batch_64,8,620,34586.774,116880.000,true
baseline,2,mybatis_pagination,8,17759,1200.130,3832.000,true
baseline,2,positional_between,8,10434,1342.189,3056.000,true
baseline,2,positional_insert_values,8,10437,1145.779,2104.000,true
baseline,2,named_insert_values,8,17134,1469.377,3048.000,true
baseline,2,mybatis_where_128,8,452,63554.204,61280.000,true
baseline,2,mybatis_where_16,8,3459,5668.112,9368.000,true
baseline,2,named_batch_4,8,7065,3113.843,9640.000,true
baseline,2,named_insert_entity,8,23700,937.371,2760.000,true
baseline,2,positional_where_128,8,511,30560.274,32808.000,true
baseline,2,mybatis_naming_NO_CHANGE,8,2431,4834.142,8408.000,true
baseline,2,mybatis_update_map,8,13036,1621.134,4224.000,true
baseline,2,positional_naming_SCREAMING_SNAKE_CASE,8,3626,4410.342,5904.000,true
baseline,2,positional_naming_UPPER_CAMEL_CASE,8,4118,4258.378,5888.000,true
baseline,2,positional_dialect_Oracle,8,18841,1052.083,3496.000,true
baseline,2,positional_where_eq,8,19388,933.737,2664.000,true
baseline,2,named_pagination,8,16967,1270.761,4072.000,true
baseline,2,named_in_256,8,690,26878.986,90712.000,true
baseline,2,raw_subquery_raw,8,32876,646.265,2272.000,true
baseline,2,raw_naming_UPPER_CAMEL_CASE,8,3735,5177.697,8840.000,true
baseline,2,raw_batch_4,8,8357,2579.658,7488.000,false
baseline,2,named_dialect_Microsoft_SQL_Server,8,12797,1449.402,4320.000,true
baseline,2,named_group_order,8,5071,4168.073,7688.000,true
baseline,2,named_naming_SCREAMING_SNAKE_CASE,8,2910,5716.942,10600.000,true
baseline,2,named_between,8,15584,1370.572,3800.000,true
baseline,2,raw_delete,8,49812,432.534,1624.000,true
baseline,2,named_select_expressions,8,10159,2127.857,2728.000,true
baseline,2,positional_insert_placeholders,8,27049,720.045,1944.000,true
baseline,2,raw_insert_entity,8,25698,844.486,2176.000,false
baseline,2,named_dialect_MySQL,8,13373,1277.200,4144.000,true
baseline,2,positional_condition_only,8,4629,3555.930,4872.000,true
baseline,2,named_delete,8,46033,441.466,1960.000,true
baseline,2,raw_naming_NO_CHANGE,8,3395,4216.848,7880.000,true
baseline,2,named_raw_expression,8,13576,1505.215,2624.000,true
baseline,2,positional_select_entity,8,32608,642.158,2000.000,true
baseline,2,mybatis_batch_beans,8,2719,7008.716,22880.000,true
baseline,2,named_dialect_PostgreSQL,8,7727,1418.998,4144.000,true
baseline,2,positional_group_order,8,5878,2983.175,6336.000,true
baseline,2,raw_join_on,8,12665,1710.059,3952.000,true
baseline,2,positional_mixed_literals,8,17487,1155.590,2800.000,true
baseline,2,named_batch_64,8,563,36683.126,132896.000,true
baseline,2,mybatis_select_expressions,8,10128,2155.904,2728.000,true
baseline,2,named_late_modifier,9,25863,753.292,2816.000,true
baseline,2,named_insert_entity,9,23700,915.392,2760.000,true
baseline,2,named_in_expression,9,780,26396.923,90680.000,true
baseline,2,named_naming_CAMEL_CASE,9,2961,5281.864,9624.000,true
baseline,2,raw_select_star,9,80340,307.761,1424.000,true
baseline,2,named_batch_64,9,563,36116.874,132896.000,true
baseline,2,mybatis_nested,9,15068,1400.624,3464.000,true
baseline,2,mybatis_mixed_literals,9,14067,1535.025,3504.000,true
baseline,2,named_derived,9,1988,9891.247,17800.000,true
baseline,2,named_dialect_Oracle,9,13971,1418.159,4272.000,true
baseline,2,raw_batch_64,9,709,29728.773,95328.000,false
baseline,2,mybatis_batch_64,9,620,33958.710,116880.000,true
baseline,2,custom_handler_where,9,3243,6079.895,10616.000,true
baseline,2,named_mixed_literals,9,12942,1569.309,3768.000,true
baseline,2,positional_naming_UPPER_CAMEL_CASE,9,4118,4542.788,5888.000,true
baseline,2,positional_update_map,9,19518,1061.538,3024.000,true
baseline,2,mybatis_between,9,15559,1276.753,3592.000,true
baseline,2,positional_retry_rollback,9,8374,3872.713,5872.000,true
baseline,2,raw_late_modifier,9,26064,773.235,2480.000,true
baseline,2,positional_where_eq,9,19388,970.838,2664.000,true
baseline,2,mybatis_insert_placeholders,9,21762,944.913,2584.000,true
baseline,2,positional_condition_only,9,4629,3728.127,4872.000,true
baseline,2,raw_where_eq,9,21837,974.232,2784.000,true
baseline,2,raw_naming_NO_CHANGE,9,3395,4218.144,7880.000,true
baseline,2,raw_in_1024,9,300,67544.000,220248.000,true
baseline,2,mybatis_select_star,9,72105,325.610,1424.000,true
baseline,2,positional_insert_values,9,10437,757.306,2104.000,true
baseline,2,positional_in_17,9,15961,875.346,2672.000,true
baseline,2,named_dialect_PostgreSQL,9,7727,1272.188,4144.000,true
baseline,2,mybatis_where_16,9,3459,5676.062,9368.000,true
baseline,2,raw_in_expression,9,1192,17753.523,56616.000,true
baseline,2,positional_naming_SCREAMING_SNAKE_CASE,9,3626,4775.621,5904.000,true
baseline,2,mybatis_subquery_structured,9,12576,1569.792,5256.000,true
baseline,2,mybatis_naming_CAMEL_CASE,9,3869,5035.358,8408.000,true
baseline,2,positional_where_128,9,511,30400.587,32808.000,true
baseline,2,named_update_map,9,12675,1749.775,4752.000,true
baseline,2,positional_join_on,9,11929,1501.811,3832.000,true
baseline,2,raw_select_entity,9,36035,567.027,2000.000,true
baseline,2,raw_nested,9,15351,1371.533,3280.000,true
baseline,2,raw_naming_CAMEL_CASE,9,4559,3829.041,7880.000,true
baseline,2,raw_union_builder,9,3834,5552.034,10160.000,true
baseline,2,raw_in_16,9,12282,1680.036,5600.000,true
baseline,2,raw_update_chain_16,9,2304,7367.969,25448.000,true
baseline,2,named_in_17,9,8839,2233.001,7888.000,true
baseline,2,positional_select_entity,9,32608,552.328,2000.000,true
baseline,2,mybatis_row_in,9,15448,1412.506,3704.000,true
baseline,2,named_group_order,9,5071,4047.052,7688.000,true
baseline,2,raw_batch_4,9,8357,3016.752,7488.000,false
baseline,2,mybatis_batch_4,9,6953,3276.988,8688.000,true
baseline,2,named_naming_NO_CHANGE,9,1916,4695.407,9624.000,true
baseline,2,positional_pagination,9,18474,1003.908,3288.000,true
baseline,2,named_dialect_DB2,9,8165,1269.920,4320.000,true
baseline,2,mybatis_condition_only,9,3865,5632.135,8344.000,true
baseline,2,raw_group_order,9,6143,3139.753,6432.000,true
baseline,2,mybatis_delete,9,45975,522.266,1832.000,true
baseline,2,named_update_chain_16,9,1335,16519.401,47000.000,true
baseline,2,mybatis_subquery_raw,9,33555,620.235,2272.000,true
baseline,2,raw_derived,9,2216,9552.121,15848.000,true
baseline,2,positional_batch_4,9,3036,1811.891,5872.000,true
baseline,2,mybatis_in_256,9,865,25801.734,72760.000,true
baseline,2,positional_raw_expression,9,13566,1412.318,2624.000,true
baseline,2,raw_repeated_names,9,979,22336.670,53896.000,true
baseline,2,named_dialect_Microsoft_SQL_Server,9,12797,1533.672,4320.000,true
baseline,2,named_select_expressions,9,10159,2050.566,2728.000,true
baseline,2,mybatis_in_1024,9,204,111290.196,281472.000,true
baseline,2,mybatis_insert_entity,9,23314,877.962,2456.000,true
baseline,2,named_batch_beans,9,2565,7920.741,26864.000,true
baseline,2,named_select_entity,9,35315,584.624,2000.000,true
baseline,2,raw_batch_beans,9,2731,6472.574,17696.000,false
baseline,2,custom_handler_union,9,1835,11230.736,16536.000,true
baseline,2,named_join_using,9,19281,1001.763,3512.000,true
baseline,2,positional_repeated_names,9,1254,14697.608,30360.000,true
baseline,2,positional_late_modifier,9,31845,670.375,2360.000,true
baseline,2,named_between,9,15584,1361.865,3800.000,true
baseline,2,positional_dialect_MySQL,9,16497,1102.219,3360.000,true
baseline,2,positional_update_chain_16,9,1466,5716.712,22360.000,true
baseline,2,named_where_16,9,3456,6186.719,10584.000,true
baseline,2,raw_update_map,9,15963,1305.406,3592.000,false
baseline,2,positional_join_using,9,22750,915.209,3056.000,true
baseline,2,mybatis_join_on,9,11062,1656.617,4152.000,true
baseline,2,mybatis_update_chain_16,9,1503,14045.642,39960.000,true
baseline,2,mybatis_in_16,9,8073,2071.745,6512.000,true
baseline,2,raw_retry_rollback,9,4552,3919.662,6376.000,true
baseline,2,raw_subquery_structured,9,14690,1386.671,4616.000,true
baseline,2,mybatis_group_order,9,5491,3942.961,7288.000,true
baseline,2,mybatis_join_using,9,21733,951.102,3376.000,true
baseline,2,mybatis_late_modifier,9,27292,952.972,2680.000,true
baseline,2,mybatis_derived,9,1936,16181.715,17192.000,true
baseline,2,named_row_in,9,15316,1679.597,4016.000,true
baseline,2,positional_in_256,9,5020,4394.841,9576.000,true
baseline,2,positional_subquery_structured,9,15010,1374.104,4704.000,true
baseline,2,raw_mixed_literals,9,14310,1396.981,3192.000,true
baseline,2,named_join_on,9,11244,1699.369,4288.000,true
baseline,2,raw_row_in,9,15466,1176.445,3136.000,true
baseline,2,raw_join_on,9,12665,1590.004,3952.000,true
baseline,2,mybatis_pagination,9,17759,1165.263,3832.000,true
baseline,2,mybatis_naming_NO_CHANGE,9,2431,4991.650,8408.000,true
baseline,2,raw_insert_entity,9,25698,851.136,2176.000,false
baseline,2,named_naming_KEBAB_CASE,9,2779,5995.286,10584.000,true
baseline,2,raw_in_256,9,1224,18099.428,56640.000,true
baseline,2,positional_union_builder,9,3695,5251.475,9768.000,true
baseline,2,mybatis_in_17,9,9761,2229.618,6752.000,true
baseline,2,raw_raw_expression,9,13282,1486.463,2624.000,true
baseline,2,positional_batch_beans,9,1820,4222.473,11264.000,true
baseline,2,named_subquery_raw,9,30472,594.129,2272.000,true
baseline,2,positional_in_1024,9,870,13391.954,28504.000,true
baseline,2,mybatis_where_128,9,452,47375.442,61280.000,true
baseline,2,raw_naming_UPPER_CAMEL_CASE,9,3735,5061.526,8840.000,true
baseline,2,positional_batch_64,9,208,18972.596,70160.000,true
baseline,2,named_retry_rollback,9,2755,5092.414,8264.000,true
baseline,2,mybatis_raw_expression,9,12368,1414.287,2624.000,true
baseline,2,positional_naming_CAMEL_CASE,9,5519,3099.076,4928.000,true
baseline,2,mybatis_batch_beans,9,2719,8382.567,22880.000,true
baseline,2,positional_nested,9,14689,1223.909,2952.000,true
baseline,2,mybatis_select_entity,9,33721,558.699,2000.000,true
baseline,2,mybatis_insert_values,9,19374,1031.511,2744.000,true
baseline,2,named_delete,9,46033,446.334,1960.000,true
baseline,2,positional_insert_placeholders,9,27049,671.038,1944.000,true
baseline,2,positional_union_raw,9,4708,3146.708,5200.000,true
baseline,2,positional_in_expression,9,4714,4832.605,9760.000,true
baseline,2,raw_join_using,9,22092,929.594,3176.000,true
baseline,2,named_raw_expression,9,13576,1417.914,2624.000,true
baseline,2,named_where_eq,9,19191,1031.411,3120.000,true
baseline,2,raw_between,9,17557,1293.142,3384.000,true
baseline,2,positional_select_expressions,9,10162,2014.672,2728.000,true
baseline,2,positional_row_in,9,15252,1007.337,2624.000,true
baseline,2,raw_insert_placeholders,9,30322,675.328,1944.000,true
baseline,2,raw_select_expressions,9,8533,2094.222,2728.000,true
baseline,2,named_in_16,9,9728,2187.736,7600.000,true
baseline,2,positional_select_columns,9,26494,814.090,1952.000,true
baseline,2,positional_dialect_Microsoft_SQL_Server,9,14269,1371.750,3544.000,true
baseline,2,named_in_256,9,690,26392.174,90712.000,true
baseline,2,positional_where_16,9,4351,4159.595,5888.000,true
baseline,2,raw_naming_KEBAB_CASE,9,2242,4966.503,8840.000,true
baseline,2,positional_derived,9,2202,9545.777,15296.000,true
baseline,2,named_pagination,9,16967,1264.136,4072.000,true
baseline,2,positional_subquery_raw,9,32548,681.618,2272.000,true
baseline,2,positional_naming_NO_CHANGE,9,5235,3254.174,4928.000,true
baseline,2,named_insert_placeholders,9,9748,941.219,2888.000,true
baseline,2,named_naming_UPPER_CAMEL_CASE,9,2673,6314.777,10584.000,true
baseline,2,raw_where_128,9,552,38318.478,56496.000,true
baseline,2,raw_union_raw,9,6292,3864.399,5200.000,true
baseline,2,named_union_builder,9,1990,10056.935,17272.000,true
baseline,2,named_repeated_names,9,745,26139.597,64920.000,true
baseline,2,named_union_raw,9,6113,3248.274,5200.000,true
baseline,2,raw_delete,9,49812,598.308,1624.000,true
baseline,2,positional_dialect_Oracle,9,18841,1372.693,3496.000,true
baseline,2,named_select_star,9,76982,280.868,1424.000,true
baseline,2,mybatis_naming_SCREAMING_SNAKE_CASE,9,2031,6340.965,9384.000,true
baseline,2,positional_mixed_literals,9,17487,1132.584,2800.000,true
baseline,2,mybatis_select_expressions,9,10128,2147.759,2728.000,true
baseline,2,positional_dialect_PostgreSQL,9,8705,1022.929,3360.000,true
baseline,2,positional_between,9,10434,1044.652,3056.000,true
baseline,2,mybatis_union_builder,9,1870,11475.561,16696.000,true
baseline,2,mybatis_repeated_names,9,812,24478.079,55944.000,true
baseline,2,positional_insert_entity,9,29909,603.012,1816.000,true
baseline,2,mybatis_retry_rollback,9,4697,4116.159,7592.000,true
baseline,2,named_batch_4,9,7065,2929.483,9640.000,true
baseline,2,named_select_columns,9,26613,840.240,1952.000,true
baseline,2,positional_delete,9,62905,332.857,1504.000,true
baseline,2,positional_select_star,9,78554,312.412,1424.000,true
baseline,2,named_naming_SCREAMING_SNAKE_CASE,9,2910,6171.375,10600.000,true
baseline,2,mybatis_update_map,9,13036,1690.933,4224.000,true
baseline,2,named_subquery_structured,9,9611,1614.702,5488.000,true
baseline,2,named_where_128,9,442,48488.009,71280.000,true
baseline,2,mybatis_select_columns,9,26504,774.045,1952.000,true
baseline,2,raw_pagination,9,20051,989.317,3400.000,true
baseline,2,positional_naming_KEBAB_CASE,9,4052,4563.253,5888.000,true
baseline,2,mybatis_in_expression,9,674,24656.677,72776.000,true
baseline,2,named_condition_only,9,3815,5882.936,9560.000,true
baseline,2,raw_subquery_raw,9,32876,643.290,2272.000,true
baseline,2,mybatis_where_eq,9,19237,953.376,2984.000,true
baseline,2,named_in_1024,9,168,135240.476,353216.000,true
baseline,2,raw_select_columns,9,26171,829.601,1952.000,true
baseline,2,named_dialect_MySQL,9,13373,1287.041,4144.000,true
baseline,2,positional_dialect_DB2,9,10847,1034.894,3544.000,true
baseline,2,mybatis_naming_UPPER_CAMEL_CASE,9,3191,6268.348,9368.000,true
baseline,2,raw_in_17,9,11094,1737.606,5816.000,true
baseline,2,raw_condition_only,9,4559,4830.116,7816.000,true
baseline,2,positional_group_order,9,5878,3045.509,6336.000,true
baseline,2,raw_naming_SCREAMING_SNAKE_CASE,9,1956,4869.172,8856.000,true
baseline,2,named_insert_values,9,17134,1099.650,3048.000,true
baseline,2,raw_insert_values,9,20617,1046.476,2464.000,false
baseline,2,raw_where_16,9,4041,4884.484,8840.000,true
baseline,2,mybatis_union_raw,9,6327,3425.336,5200.000,true
baseline,2,mybatis_naming_KEBAB_CASE,9,1821,6354.640,9368.000,true
baseline,2,positional_in_16,9,23191,831.978,2656.000,true
baseline,2,named_nested,9,15367,1405.831,3648.000,true
