version,fork,case,round,operations,ns_per_op,bytes_per_op,equivalent
baseline,1,mybatis_where_128,1,419,46152.506,58208.000,true
baseline,1,mybatis_raw_expression,1,6600,1464.182,2624.000,true
baseline,1,mybatis_between,1,12270,1272.763,3544.000,true
baseline,1,named_dialect_MySQL,1,16633,1305.255,4144.000,true
baseline,1,named_pagination,1,15988,1221.222,4072.000,true
baseline,1,positional_union_builder,1,3946,5184.820,9768.000,true
baseline,1,raw_between,1,15794,1170.286,3384.000,true
baseline,1,named_naming_KEBAB_CASE,1,3552,5926.492,10584.000,true
baseline,1,named_update_chain_16,1,916,16259.389,47000.000,true
baseline,1,raw_subquery_structured,1,15938,1404.367,4616.000,true
baseline,1,mybatis_subquery_raw,1,15124,662.318,2272.000,true
baseline,1,positional_in_1024,1,1472,14406.182,28504.000,true
baseline,1,named_retry_rollback,1,4609,4388.002,8264.000,true
baseline,1,named_dialect_Oracle,1,14658,1419.245,4272.000,true
baseline,1,named_mixed_literals,1,9989,1524.167,3768.000,true
baseline,1,raw_raw_expression,1,13739,1536.254,2624.000,true
baseline,1,named_dialect_DB2,1,15286,1362.031,4320.000,true
baseline,1,mybatis_join_on,1,6101,1873.693,4128.000,true
baseline,1,positional_naming_CAMEL_CASE,1,6392,3201.690,4928.000,true
baseline,1,raw_condition_only,1,4533,4833.113,7816.000,true
baseline,1,raw_insert_placeholders,1,31831,666.784,1944.000,true
baseline,1,raw_repeated_names,1,658,22475.532,53896.000,true
baseline,1,positional_dialect_PostgreSQL,1,20176,1100.253,3360.000,true
baseline,1,raw_insert_values,1,21331,1055.422,2464.000,false
baseline,1,raw_late_modifier,1,27351,714.497,2480.000,true
baseline,1,raw_update_map,1,15811,1452.318,3592.000,false
baseline,1,mybatis_update_map,1,8852,1618.967,4200.000,true
baseline,1,named_subquery_structured,1,11438,1694.300,5488.000,true
baseline,1,named_insert_values,1,9996,1174.330,3048.000,true
baseline,1,mybatis_select_star,1,70406,268.780,1424.000,true
baseline,1,mybatis_repeated_names,1,773,23659.638,52872.000,true
baseline,1,mybatis_insert_placeholders,1,20006,977.862,2584.000,true
baseline,1,positional_mixed_literals,1,17761,1272.203,2800.000,true
baseline,1,positional_update_chain_16,1,2886,6222.003,22360.000,true
baseline,1,raw_batch_4,1,8769,2684.103,7584.000,false
baseline,1,positional_dialect_MySQL,1,20822,1100.442,3360.000,true
baseline,1,mybatis_retry_rollback,1,2808,5157.016,7568.000,true
baseline,1,positional_where_eq,1,22721,943.194,2664.000,true
baseline,1,positional_batch_64,1,1228,20149.674,72176.000,true
baseline,1,positional_between,1,19074,1144.731,3056.000,true
baseline,1,named_join_using,1,17767,1043.367,3512.000,true
baseline,1,named_between,1,14416,1339.172,3800.000,true
baseline,1,raw_in_16,1,11689,1611.566,5600.000,true
baseline,1,positional_naming_KEBAB_CASE,1,4808,4330.824,5888.000,true
baseline,1,named_naming_UPPER_CAMEL_CASE,1,3467,5740.785,10584.000,true
baseline,1,mybatis_in_17,1,9252,1943.904,6344.000,true
baseline,1,named_dialect_PostgreSQL,1,15770,1355.904,4144.000,true
baseline,1,mybatis_pagination,1,7835,1174.793,3808.000,true
baseline,1,mybatis_naming_SCREAMING_SNAKE_CASE,1,3636,5858.003,9000.000,true
baseline,1,positional_dialect_DB2,1,18231,1023.394,3544.000,true
baseline,1,mybatis_in_1024,1,199,110812.060,256896.000,true
baseline,1,named_in_17,1,8826,2203.467,7888.000,true
baseline,1,raw_pagination,1,20534,1004.295,3400.000,true
baseline,1,custom_handler_union,1,1887,9857.499,16536.000,true
baseline,1,mybatis_select_expressions,1,5721,2121.989,2728.000,true
baseline,1,raw_select_entity,1,34074,604.825,2000.000,true
baseline,1,positional_naming_SCREAMING_SNAKE_CASE,1,4649,4763.046,5904.000,true
baseline,1,positional_group_order,1,6581,3074.563,6336.000,true
baseline,1,positional_batch_beans,1,4926,5020.706,10464.000,true
baseline,1,named_in_16,1,9736,2167.430,7600.000,true
baseline,1,named_select_expressions,1,8893,2132.115,2728.000,true
baseline,1,positional_raw_expression,1,12948,1479.001,2624.000,true
baseline,1,named_row_in,1,6652,1360.673,4016.000,true
baseline,1,custom_handler_where,1,3193,6319.324,10616.000,true
baseline,1,mybatis_nested,1,14237,1424.752,3416.000,true
baseline,1,raw_in_expression,1,1108,19580.686,56616.000,true
baseline,1,raw_where_16,1,3559,5443.383,8840.000,true
baseline,1,raw_select_expressions,1,10004,2092.533,2728.000,true
baseline,1,mybatis_insert_entity,1,21558,888.765,2456.000,true
baseline,1,mybatis_union_builder,1,828,10296.256,16648.000,true
baseline,1,raw_union_builder,1,3299,5911.973,10160.000,true
baseline,1,positional_naming_NO_CHANGE,1,6572,3243.822,4928.000,true
baseline,1,mybatis_naming_CAMEL_CASE,1,4490,4888.708,8024.000,true
baseline,1,positional_insert_placeholders,1,30072,639.133,1944.000,true
baseline,1,positional_select_columns,1,25446,819.980,1952.000,true
baseline,1,positional_update_map,1,21553,1026.971,3024.000,true
baseline,1,positional_naming_UPPER_CAMEL_CASE,1,4426,4541.279,5888.000,true
baseline,1,raw_join_on,1,12885,1790.462,3952.000,true
baseline,1,positional_union_raw,1,6449,3045.790,5200.000,true
baseline,1,named_insert_placeholders,1,7687,1066.437,2920.000,true
baseline,1,raw_batch_64,1,779,28036.329,97344.000,false
baseline,1,named_in_256,1,708,26090.819,90712.000,true
baseline,1,positional_delete,1,60017,336.565,1504.000,true
baseline,1,positional_insert_values,1,27188,854.256,2104.000,true
baseline,1,positional_late_modifier,1,31178,702.184,2360.000,true
baseline,1,positional_in_16,1,25254,922.955,2656.000,true
baseline,1,named_union_raw,1,6374,3233.762,5200.000,true
baseline,1,named_condition_only,1,1899,6091.522,9560.000,true
baseline,1,named_union_builder,1,2062,10364.597,17272.000,true
baseline,1,named_naming_CAMEL_CASE,1,4311,5069.682,9624.000,true
baseline,1,positional_dialect_Oracle,1,20473,1040.429,3496.000,true
baseline,1,positional_join_using,1,24987,765.650,3056.000,true
baseline,1,named_late_modifier,1,22668,863.645,2816.000,true
baseline,1,mybatis_insert_values,1,18373,1126.485,2744.000,true
baseline,1,positional_subquery_raw,1,33778,626.982,2272.000,true
baseline,1,named_nested,1,4880,1325.656,3648.000,true
baseline,1,named_update_map,1,10093,1808.352,4752.000,true
baseline,1,raw_derived,1,2273,8817.158,15848.000,true
baseline,1,mybatis_naming_KEBAB_CASE,1,3722,6015.690,8984.000,true
baseline,1,positional_select_expressions,1,9910,2065.257,2728.000,true
baseline,1,raw_in_256,1,1053,19258.784,56640.000,true
baseline,1,named_select_entity,1,38004,616.964,2000.000,true
baseline,1,raw_subquery_raw,1,32966,619.068,2272.000,true
baseline,1,mybatis_condition_only,1,3469,5041.020,7960.000,true
baseline,1,raw_nested,1,16207,1318.949,3280.000,true
baseline,1,named_select_star,1,76018,285.660,1424.000,true
baseline,1,raw_naming_NO_CHANGE,1,5193,4096.842,7880.000,true
baseline,1,named_batch_beans,1,2536,7891.759,26064.000,true
baseline,1,named_where_128,1,408,47462.255,71280.000,true
baseline,1,positional_condition_only,1,5056,3833.841,4872.000,true
baseline,1,raw_update_chain_16,1,2706,8287.103,25448.000,true
baseline,1,raw_mixed_literals,1,13867,1926.199,3192.000,true
baseline,1,raw_naming_KEBAB_CASE,1,3976,5321.932,8840.000,true
baseline,1,raw_insert_entity,1,25334,869.871,2176.000,false
baseline,1,raw_group_order,1,6582,3003.023,6432.000,true
baseline,1,named_naming_NO_CHANGE,1,4422,5288.716,9624.000,true
baseline,1,mybatis_join_using,1,16100,976.379,3352.000,true
baseline,1,named_where_16,1,3142,6429.854,10584.000,true
baseline,1,positional_select_entity,1,32751,703.307,2000.000,true
baseline,1,named_delete,1,33747,445.539,1960.000,true
baseline,1,positional_where_128,1,436,32194.725,32808.000,true
baseline,1,positional_join_on,1,12495,1637.039,3832.000,true
baseline,1,raw_where_eq,1,18963,1020.983,2784.000,true
baseline,1,raw_union_raw,1,6564,3283.333,5200.000,true
baseline,1,mybatis_where_16,1,2789,6082.539,8984.000,true
baseline,1,mybatis_update_chain_16,1,783,13395.658,39936.000,true
baseline,1,mybatis_select_entity,1,18926,631.058,2000.000,true
baseline,1,named_repeated_names,1,645,25424.651,64920.000,true
baseline,1,named_join_on,1,10580,1821.267,4288.000,true
baseline,1,positional_retry_rollback,1,5641,3462.294,5872.000,true
baseline,1,named_subquery_raw,1,32433,595.067,2272.000,true
baseline,1,mybatis_in_16,1,10211,2053.746,6128.000,true
baseline,1,named_insert_entity,1,8767,1135.177,2760.000,true
baseline,1,mybatis_late_modifier,1,10311,883.396,2656.000,true
baseline,1,raw_in_17,1,11837,1766.943,5816.000,true
baseline,1,named_naming_SCREAMING_SNAKE_CASE,1,3504,6503.196,10600.000,true
baseline,1,raw_batch_beans,1,3420,7229.181,16896.000,false
baseline,1,named_where_eq,1,19700,1007.685,3120.000,true
baseline,1,positional_row_in,1,22189,982.059,2624.000,true
baseline,1,mybatis_batch_64,1,543,37062.247,118896.000,true
baseline,1,mybatis_union_raw,1,2845,3698.805,5200.000,true
baseline,1,positional_dialect_Microsoft_SQL_Server,1,17121,1406.109,3544.000,true
baseline,1,mybatis_derived,1,908,10511.123,17144.000,true
baseline,1,mybatis_subquery_structured,1,5291,1824.135,5232.000,true
baseline,1,named_select_columns,1,25565,748.128,1952.000,true
baseline,1,raw_row_in,1,18376,1149.342,3136.000,true
baseline,1,mybatis_in_expression,1,839,22561.502,66656.000,true
baseline,1,named_dialect_Microsoft_SQL_Server,1,11878,1424.221,4320.000,true
baseline,1,raw_join_using,1,16339,980.311,3176.000,true
baseline,1,raw_in_1024,1,283,70530.389,220248.000,true
baseline,1,positional_insert_entity,1,31197,571.148,1816.000,true
baseline,1,named_batch_64,1,524,36319.656,134912.000,true
baseline,1,mybatis_in_256,1,836,23609.809,66616.000,true
baseline,1,mybatis_naming_NO_CHANGE,1,4630,4851.598,8024.000,true
baseline,1,positional_where_16,1,4542,4314.421,5888.000,true
baseline,1,mybatis_batch_beans,1,2475,8357.051,22080.000,true
baseline,1,mybatis_delete,1,40351,429.908,1808.000,true
baseline,1,positional_batch_4,1,6441,1829.638,5968.000,true
baseline,1,positional_pagination,1,21271,1022.923,3288.000,true
baseline,1,mybatis_group_order,1,2455,3298.819,7264.000,true
baseline,1,positional_repeated_names,1,1310,16201.603,30360.000,true
baseline,1,named_in_1024,1,159,147647.799,353216.000,true
baseline,1,named_in_expression,1,717,26819.526,90680.000,true
baseline,1,raw_naming_CAMEL_CASE,1,3064,4126.273,7880.000,true
baseline,1,positional_in_17,1,22297,856.335,2672.000,true
baseline,1,named_batch_4,1,4689,3261.442,9736.000,true
baseline,1,positional_derived,1,2275,9216.044,15296.000,true
baseline,1,positional_in_expression,1,5023,4541.390,9760.000,true
baseline,1,mybatis_batch_4,1,6423,2994.707,8784.000,true
baseline,1,raw_select_star,1,42123,284.548,1424.000,true
baseline,1,raw_select_columns,1,22901,840.121,1952.000,true
baseline,1,mybatis_mixed_literals,1,12606,1480.604,3432.000,true
baseline,1,mybatis_select_columns,1,21097,845.044,1952.000,true
baseline,1,mybatis_row_in,1,14843,1384.888,3608.000,true
baseline,1,positional_in_256,1,5178,4430.321,9576.000,true
baseline,1,raw_delete,1,51847,450.890,1624.000,true
baseline,1,positional_subquery_structured,1,14074,1462.342,4704.000,true
baseline,1,positional_nested,1,17754,1219.494,2952.000,true
baseline,1,raw_naming_UPPER_CAMEL_CASE,1,4005,5126.742,8840.000,true
baseline,1,named_derived,1,1939,10571.996,17800.000,true
baseline,1,raw_naming_SCREAMING_SNAKE_CASE,1,3938,5058.989,8856.000,true
baseline,1,mybatis_naming_UPPER_CAMEL_CASE,1,3615,6085.284,8984.000,true
baseline,1,named_raw_expression,1,10237,1436.388,2624.000,true
baseline,1,raw_where_128,1,471,39358.811,56496.000,true
baseline,1,positional_select_star,1,81107,318.589,1424.000,true
baseline,1,mybatis_where_eq,1,17685,913.972,2960.000,true
baseline,1,raw_retry_rollback,1,5896,3538.094,6376.000,true
baseline,1,named_group_order,1,4671,3721.666,7688.000,true
baseline,1,positional_in_1024,2,1472,14564.946,28504.000,true
baseline,1,named_condition_only,2,1899,5561.348,9560.000,true
baseline,1,positional_select_entity,2,32751,605.194,2000.000,true
baseline,1,mybatis_retry_rollback,2,2808,3950.997,7568.000,true
baseline,1,mybatis_where_eq,2,17685,1063.070,2960.000,true
baseline,1,mybatis_repeated_names,2,773,24956.533,52872.000,true
baseline,1,named_union_builder,2,2062,10448.206,17272.000,true
baseline,1,raw_where_16,2,3559,5297.499,8840.000,true
baseline,1,named_where_128,2,408,48865.931,71280.000,true
baseline,1,named_derived,2,1939,10724.136,17800.000,true
baseline,1,named_update_map,2,10093,1838.898,4752.000,true
baseline,1,raw_subquery_raw,2,32966,659.261,2272.000,true
baseline,1,raw_naming_CAMEL_CASE,2,3064,4044.093,7880.000,true
baseline,1,named_repeated_names,2,645,27865.736,64920.000,true
baseline,1,named_select_star,2,76018,280.331,1424.000,true
baseline,1,mybatis_naming_SCREAMING_SNAKE_CASE,2,3636,5786.634,9000.000,true
baseline,1,mybatis_naming_CAMEL_CASE,2,4490,4750.690,8024.000,true
baseline,1,mybatis_delete,2,40351,461.153,1808.000,true
baseline,1,mybatis_insert_placeholders,2,20006,916.340,2584.000,true
baseline,1,raw_late_modifier,2,27351,727.458,2480.000,true
baseline,1,positional_naming_UPPER_CAMEL_CASE,2,4426,4622.526,5888.000,true
baseline,1,positional_batch_beans,2,4926,3904.162,10464.000,true
baseline,1,mybatis_subquery_raw,2,15124,629.390,2272.000,true
baseline,1,named_dialect_MySQL,2,16633,1299.200,4144.000,true
baseline,1,mybatis_naming_NO_CHANGE,2,4630,4627.883,8024.000,true
baseline,1,positional_union_raw,2,6449,2990.355,5200.000,true
baseline,1,positional_where_128,2,436,36232.569,32808.000,true
baseline,1,positional_nested,2,17754,1072.299,2952.000,true
baseline,1,mybatis_batch_64,2,543,36244.567,118896.000,true
baseline,1,positional_subquery_raw,2,33778,635.052,2272.000,true
baseline,1,positional_insert_placeholders,2,30072,695.258,1944.000,true
baseline,1,positional_select_expressions,2,9910,2095.419,2728.000,true
baseline,1,named_in_17,2,8826,2285.633,7888.000,true
baseline,1,named_batch_4,2,4689,3305.225,9736.000,true
baseline,1,named_insert_placeholders,2,7687,971.120,2920.000,true
baseline,1,mybatis_select_star,2,70406,282.655,1424.000,true
baseline,1,positional_batch_64,2,1228,18249.023,72176.000,true
baseline,1,positional_insert_entity,2,31197,712.274,1816.000,true
baseline,1,raw_naming_NO_CHANGE,2,5193,4251.531,7880.000,true
baseline,1,mybatis_row_in,2,14843,1246.318,3608.000,true
baseline,1,named_raw_expression,2,10237,1593.484,2624.000,true
baseline,1,positional_in_17,2,22297,809.149,2672.000,true
baseline,1,named_pagination,2,15988,1258.106,4072.000,true
baseline,1,raw_naming_KEBAB_CASE,2,3976,5558.602,8840.000,true
baseline,1,mybatis_select_expressions,2,5721,2069.970,2728.000,true
baseline,1,raw_condition_only,2,4533,4662.056,7816.000,true
baseline,1,mybatis_select_entity,2,18926,607.508,2000.000,true
baseline,1,named_union_raw,2,6374,3145.670,5200.000,true
baseline,1,positional_select_star,2,81107,294.553,1424.000,true
baseline,1,mybatis_mixed_literals,2,12606,1419.570,3432.000,true
baseline,1,raw_insert_values,2,21331,1072.964,2464.000,false
baseline,1,named_nested,2,4880,1310.902,3648.000,true
baseline,1,positional_union_builder,2,3946,5338.013,9768.000,true
baseline,1,positional_derived,2,2275,9014.549,15296.000,true
baseline,1,positional_batch_4,2,6441,1974.321,5968.000,true
baseline,1,raw_update_map,2,15811,1397.603,3592.000,false
baseline,1,mybatis_join_using,2,16100,981.168,3352.000,true
baseline,1,mybatis_late_modifier,2,10311,675.046,2656.000,true
baseline,1,named_naming_UPPER_CAMEL_CASE,2,3467,6206.519,10584.000,true
baseline,1,named_dialect_Oracle,2,14658,1373.393,4272.000,true
baseline,1,named_naming_CAMEL_CASE,2,4311,4934.447,9624.000,true
baseline,1,positional_insert_values,2,27188,797.907,2104.000,true
baseline,1,mybatis_condition_only,2,3469,5187.028,7960.000,true
baseline,1,named_dialect_Microsoft_SQL_Server,2,11878,1536.243,4320.000,true
baseline,1,mybatis_where_128,2,419,43161.098,58208.000,true
baseline,1,mybatis_batch_4,2,6423,2949.837,8784.000,true
baseline,1,named_in_expression,2,717,28300.000,90680.000,true
baseline,1,named_between,2,14416,1332.839,3800.000,true
baseline,1,named_naming_KEBAB_CASE,2,3552,5896.059,10584.000,true
baseline,1,raw_derived,2,2273,8895.293,15848.000,true
baseline,1,raw_mixed_literals,2,13867,1563.287,3192.000,true
baseline,1,mybatis_nested,2,14237,1330.189,3416.000,true
baseline,1,mybatis_select_columns,2,21097,839.162,1952.000,true
baseline,1,raw_raw_expression,2,13739,1458.702,2624.000,true
baseline,1,positional_dialect_MySQL,2,20822,1054.452,3360.000,true
baseline,1,raw_where_128,2,471,40399.151,56496.000,true
baseline,1,mybatis_batch_beans,2,2475,7888.323,22080.000,true
baseline,1,mybatis_in_1024,2,199,99525.628,256896.000,true
baseline,1,positional_join_using,2,24987,893.020,3056.000,true
baseline,1,mybatis_derived,2,908,11108.370,17144.000,true
baseline,1,positional_dialect_PostgreSQL,2,20176,1101.854,3360.000,true
baseline,1,mybatis_in_256,2,836,21669.617,66616.000,true
baseline,1,named_delete,2,33747,493.404,1960.000,true
baseline,1,mybatis_in_17,2,9252,2395.374,6344.000,true
baseline,1,positional_naming_KEBAB_CASE,2,4808,4891.410,5888.000,true
baseline,1,raw_in_expression,2,1108,20033.394,56616.000,true
baseline,1,raw_retry_rollback,2,5896,4046.489,6376.000,true
baseline,1,positional_row_in,2,22189,1070.332,2624.000,true
baseline,1,raw_batch_4,2,8769,2817.664,7584.000,false
baseline,1,raw_insert_entity,2,25334,848.693,2176.000,false
baseline,1,positional_group_order,2,6581,3573.104,6336.000,true
baseline,1,mybatis_update_chain_16,2,783,14574.202,39936.000,true
baseline,1,positional_pagination,2,21271,1229.886,3288.000,true
baseline,1,raw_row_in,2,18376,1297.671,3136.000,true
baseline,1,mybatis_insert_values,2,18373,1190.301,2744.000,true
baseline,1,raw_group_order,2,6582,3465.421,6432.000,true
baseline,1,positional_dialect_DB2,2,18231,1150.738,3544.000,true
baseline,1,mybatis_update_map,2,8852,1916.776,4200.000,true
baseline,1,raw_in_17,2,11837,2502.315,5816.000,true
baseline,1,positional_in_256,2,5178,4951.236,9576.000,true
baseline,1,mybatis_naming_UPPER_CAMEL_CASE,2,3615,7103.762,8984.000,true
baseline,1,named_select_columns,2,25565,1034.047,1952.000,true
baseline,1,raw_subquery_structured,2,15938,1743.029,4616.000,true
baseline,1,mybatis_in_16,2,10211,2502.811,6128.000,true
baseline,1,raw_pagination,2,20534,1341.526,3400.000,true
baseline,1,raw_naming_SCREAMING_SNAKE_CASE,2,3938,8767.902,8856.000,true
baseline,1,named_group_order,2,4671,4013.273,7688.000,true
baseline,1,positional_where_eq,2,22721,970.472,2664.000,true
baseline,1,named_subquery_structured,2,11438,1873.256,5488.000,true
baseline,1,positional_late_modifier,2,31178,647.716,2360.000,true
baseline,1,raw_update_chain_16,2,2706,8651.774,25448.000,true
baseline,1,named_join_on,2,10580,1719.386,4288.000,true
baseline,1,named_in_256,2,708,31178.249,90712.000,true
baseline,1,named_where_16,2,3142,6876.066,10584.000,true
baseline,1,positional_naming_CAMEL_CASE,2,6392,3839.549,4928.000,true
baseline,1,raw_union_raw,2,6564,3661.715,5200.000,true
baseline,1,positional_delete,2,60017,354.228,1504.000,true
baseline,1,positional_dialect_Microsoft_SQL_Server,2,17121,1287.542,3544.000,true
baseline,1,raw_select_expressions,2,10004,2278.349,2728.000,true
baseline,1,named_select_entity,2,38004,636.580,2000.000,true
baseline,1,named_insert_values,2,9996,1118.197,3048.000,true
baseline,1,named_dialect_DB2,2,15286,1524.316,4320.000,true
baseline,1,raw_batch_64,2,779,31286.008,97344.000,false
baseline,1,raw_select_columns,2,22901,980.975,1952.000,true
baseline,1,named_insert_entity,2,8767,1079.514,2760.000,true
baseline,1,raw_delete,2,51847,497.280,1624.000,true
baseline,1,positional_in_expression,2,5023,4997.412,9760.000,true
baseline,1,named_subquery_raw,2,32433,728.101,2272.000,true
baseline,1,named_row_in,2,6652,1650.481,4016.000,true
baseline,1,raw_in_1024,2,283,96971.378,220248.000,true
baseline,1,raw_union_builder,2,3299,6938.557,10160.000,true
baseline,1,mybatis_pagination,2,7835,1304.008,3808.000,true
baseline,1,positional_dialect_Oracle,2,20473,1233.014,3496.000,true
baseline,1,mybatis_insert_entity,2,21558,1165.702,2456.000,true
baseline,1,mybatis_join_on,2,6101,1868.202,4128.000,true
baseline,1,raw_where_eq,2,18963,1154.211,2784.000,true
baseline,1,raw_in_16,2,11689,1912.781,5600.000,true
baseline,1,positional_in_16,2,25254,940.132,2656.000,true
baseline,1,named_update_chain_16,2,916,18215.830,47000.000,true
baseline,1,named_in_16,2,9736,2273.634,7600.000,true
baseline,1,positional_naming_SCREAMING_SNAKE_CASE,2,4649,4652.570,5904.000,true
baseline,1,named_late_modifier,2,22668,772.697,2816.000,true
baseline,1,named_join_using,2,17767,1019.761,3512.000,true
baseline,1,mybatis_subquery_structured,2,5291,1610.074,5232.000,true
baseline,1,mybatis_between,2,12270,1401.165,3544.000,true
baseline,1,positional_mixed_literals,2,17761,1245.206,2800.000,true
baseline,1,named_where_eq,2,19700,1011.761,3120.000,true
baseline,1,mybatis_in_expression,2,839,22234.207,66656.000,true
baseline,1,mybatis_group_order,2,2455,3579.226,7264.000,true
baseline,1,positional_subquery_structured,2,14074,1635.242,4704.000,true
baseline,1,custom_handler_where,2,3193,7173.755,10616.000,true
baseline,1,raw_join_on,2,12885,1726.046,3952.000,true
baseline,1,mybatis_union_raw,2,2845,3305.062,5200.000,true
baseline,1,mybatis_union_builder,2,828,12438.647,16648.000,true
baseline,1,raw_between,2,15794,1248.556,3384.000,true
baseline,1,named_batch_64,2,524,38709.160,134912.000,true
baseline,1,named_in_1024,2,159,123666.038,353216.000,true
baseline,1,raw_batch_beans,2,3420,6201.988,16896.000,false
baseline,1,raw_naming_UPPER_CAMEL_CASE,2,4005,5783.496,8840.000,true
baseline,1,named_naming_NO_CHANGE,2,4422,5235.934,9624.000,true
baseline,1,positional_update_chain_16,2,2886,6484.615,22360.000,true
baseline,1,named_naming_SCREAMING_SNAKE_CASE,2,3504,6732.877,10600.000,true
baseline,1,mybatis_naming_KEBAB_CASE,2,3722,6236.943,8984.000,true
baseline,1,raw_nested,2,16207,1357.518,3280.000,true
baseline,1,positional_join_on,2,12495,1617.415,3832.000,true
baseline,1,raw_insert_placeholders,2,31831,672.514,1944.000,true
baseline,1,named_batch_beans,2,2536,8568.178,26064.000,true
baseline,1,named_retry_rollback,2,4609,5009.091,8264.000,true
baseline,1,raw_in_256,2,1053,20872.934,56640.000,true
baseline,1,named_dialect_PostgreSQL,2,15770,1351.839,4144.000,true
baseline,1,named_mixed_literals,2,9989,1575.934,3768.000,true
baseline,1,positional_retry_rollback,2,5641,3039.532,5872.000,true
baseline,1,raw_join_using,2,16339,931.948,3176.000,true
baseline,1,raw_select_entity,2,34074,569.901,2000.000,true
baseline,1,positional_where_16,2,4542,4463.342,5888.000,true
baseline,1,positional_naming_NO_CHANGE,2,6572,3218.198,4928.000,true
baseline,1,positional_condition_only,2,5056,3771.123,4872.000,true
baseline,1,mybatis_raw_expression,2,6600,1447.545,2624.000,true
baseline,1,mybatis_where_16,2,2789,6570.886,8984.000,true
baseline,1,named_select_expressions,2,8893,2165.141,2728.000,true
baseline,1,raw_repeated_names,2,658,22122.340,53896.000,true
baseline,1,positional_select_columns,2,25446,857.502,1952.000,true
baseline,1,custom_handler_union,2,1887,10403.816,16536.000,true
baseline,1,raw_select_star,2,42123,307.224,1424.000,true
baseline,1,positional_update_map,2,21553,1093.421,3024.000,true
baseline,1,positional_between,2,19074,1170.379,3056.000,true
baseline,1,positional_repeated_names,2,1310,17393.893,30360.000,true
baseline,1,positional_raw_expression,2,12948,1466.891,2624.000,true
baseline,1,raw_update_chain_16,3,2706,8112.712,25448.000,true
baseline,1,named_where_128,3,408,46697.304,71280.000,true
baseline,1,raw_row_in,3,18376,1157.581,3136.000,true
baseline,1,raw_insert_entity,3,25334,863.890,2176.000,false
baseline,1,named_naming_KEBAB_CASE,3,3552,6411.233,10584.000,true
baseline,1,named_in_17,3,8826,2186.302,7888.000,true
baseline,1,mybatis_late_modifier,3,10311,836.156,2656.000,true
baseline,1,raw_naming_UPPER_CAMEL_CASE,3,4005,5291.635,8840.000,true
baseline,1,named_mixed_literals,3,9989,1585.014,3768.000,true
baseline,1,positional_union_builder,3,3946,4899.924,9768.000,true
baseline,1,mybatis_mixed_literals,3,12606,1590.743,3432.000,true
baseline,1,positional_row_in,3,22189,971.869,2624.000,true
baseline,1,positional_mixed_literals,3,17761,1206.728,2800.000,true
baseline,1,named_nested,3,4880,1391.680,3648.000,true
baseline,1,raw_where_eq,3,18963,1000.865,2784.000,true
baseline,1,named_union_raw,3,6374,3190.979,5200.000,true
baseline,1,positional_dialect_MySQL,3,20822,1085.650,3360.000,true
baseline,1,positional_insert_placeholders,3,30072,684.647,1944.000,true
baseline,1,positional_dialect_Oracle,3,20473,1223.509,3496.000,true
baseline,1,raw_subquery_raw,3,32966,624.079,2272.000,true
baseline,1,positional_naming_KEBAB_CASE,3,4808,4336.023,5888.000,true
baseline,1,named_group_order,3,4671,3817.405,7688.000,true
baseline,1,named_select_star,3,76018,261.647,1424.000,true
baseline,1,positional_in_256,3,5178,4262.283,9576.000,true
baseline,1,positional_batch_beans,3,4926,3748.173,10464.000,true
baseline,1,named_late_modifier,3,22668,792.421,2816.000,true
baseline,1,positional_naming_NO_CHANGE,3,6572,3319.690,4928.000,true
baseline,1,mybatis_batch_4,3,6423,2643.609,8784.000,true
baseline,1,named_select_entity,3,38004,551.866,2000.000,true
baseline,1,named_subquery_raw,3,32433,585.361,2272.000,true
baseline,1,raw_join_on,3,12885,1600.116,3952.000,true
baseline,1,named_insert_entity,3,8767,812.376,2760.000,true
baseline,1,mybatis_condition_only,3,3469,5428.971,7960.000,true
baseline,1,mybatis_union_raw,3,2845,3036.239,5200.000,true
baseline,1,named_repeated_names,3,645,24788.682,64920.000,true
baseline,1,mybatis_select_entity,3,18926,569.397,2000.000,true
baseline,1,named_between,3,14416,1368.327,3800.000,true
baseline,1,raw_delete,3,51847,389.033,1624.000,true
baseline,1,mybatis_group_order,3,2455,3192.749,7264.000,true
baseline,1,raw_union_builder,3,3299,5105.487,10160.000,true
baseline,1,positional_join_on,3,12495,1646.002,3832.000,true
baseline,1,named_pagination,3,15988,1194.189,4072.000,true
baseline,1,raw_in_expression,3,1108,18566.968,56616.000,true
baseline,1,raw_pagination,3,20534,975.475,3400.000,true
baseline,1,positional_group_order,3,6581,3125.057,6336.000,true
baseline,1,mybatis_union_builder,3,828,10342.874,16648.000,true
baseline,1,raw_in_16,3,11689,1694.978,5600.000,true
baseline,1,raw_insert_values,3,21331,1039.965,2464.000,false
baseline,1,named_batch_beans,3,2536,8269.953,26064.000,true
baseline,1,mybatis_naming_UPPER_CAMEL_CASE,3,3615,6430.456,8984.000,true
baseline,1,named_condition_only,3,1899,5686.414,9560.000,true
baseline,1,named_update_chain_16,3,916,17378.712,47000.000,true
baseline,1,named_join_on,3,10580,1697.514,4288.000,true
baseline,1,mybatis_update_map,3,8852,1726.039,4200.000,true
baseline,1,positional_union_raw,3,6449,3066.320,5200.000,true
baseline,1,positional_select_entity,3,32751,622.665,2000.000,true
baseline,1,mybatis_join_on,3,6101,1603.360,4128.000,true
baseline,1,named_naming_NO_CHANGE,3,4422,4928.042,9624.000,true
baseline,1,raw_join_using,3,16339,885.489,3176.000,true
baseline,1,raw_batch_4,3,8769,2530.756,7584.000,false
baseline,1,named_in_1024,3,159,121551.572,353216.000,true
baseline,1,named_update_map,3,10093,1650.530,4752.000,true
baseline,1,positional_in_17,3,22297,798.695,2672.000,true
baseline,1,named_delete,3,33747,434.851,1960.000,true
baseline,1,mybatis_insert_entity,3,21558,975.373,2456.000,true
baseline,1,raw_in_256,3,1053,18827.066,56640.000,true
baseline,1,named_dialect_Microsoft_SQL_Server,3,11878,1489.375,4320.000,true
baseline,1,raw_union_raw,3,6564,3520.140,5200.000,true
baseline,1,positional_in_1024,3,1472,14530.095,28504.000,true
baseline,1,positional_raw_expression,3,12948,1561.284,2624.000,true
baseline,1,named_row_in,3,6652,1528.548,4016.000,true
baseline,1,positional_pagination,3,21271,948.033,3288.000,true
baseline,1,raw_derived,3,2273,9008.799,15848.000,true
baseline,1,positional_batch_4,3,6441,2057.056,5968.000,true
baseline,1,positional_select_expressions,3,9910,2062.402,2728.000,true
baseline,1,mybatis_where_128,3,419,52104.535,58208.000,true
baseline,1,raw_repeated_names,3,658,24013.222,53896.000,true
baseline,1,mybatis_in_1024,3,199,90161.809,256896.000,true
baseline,1,mybatis_where_eq,3,17685,978.581,2960.000,true
baseline,1,raw_raw_expression,3,13739,1555.776,2624.000,true
baseline,1,mybatis_pagination,3,7835,1057.626,3808.000,true
baseline,1,positional_between,3,19074,1104.095,3056.000,true
baseline,1,named_select_columns,3,25565,849.497,1952.000,true
baseline,1,mybatis_naming_CAMEL_CASE,3,4490,4821.960,8024.000,true
baseline,1,named_retry_rollback,3,4609,4403.992,8264.000,true
baseline,1,mybatis_select_expressions,3,5721,2129.243,2728.000,true
baseline,1,mybatis_naming_SCREAMING_SNAKE_CASE,3,3636,5658.856,9000.000,true
baseline,1,named_dialect_MySQL,3,16633,1337.883,4144.000,true
baseline,1,raw_naming_CAMEL_CASE,3,3064,4033.584,7880.000,true
baseline,1,named_insert_values,3,9996,1188.095,3048.000,true
baseline,1,mybatis_select_star,3,70406,275.177,1424.000,true
baseline,1,raw_between,3,15794,1251.406,3384.000,true
baseline,1,positional_dialect_DB2,3,18231,1055.570,3544.000,true
baseline,1,positional_retry_rollback,3,5641,2906.754,5872.000,true
baseline,1,named_where_16,3,3142,6112.826,10584.000,true
baseline,1,named_batch_64,3,524,37440.267,134912.000,true
baseline,1,mybatis_retry_rollback,3,2808,5082.016,7568.000,true
baseline,1,mybatis_in_16,3,10211,1887.856,6128.000,true
baseline,1,mybatis_batch_64,3,543,36464.457,118896.000,true
baseline,1,mybatis_between,3,12270,1397.963,3544.000,true
baseline,1,raw_insert_placeholders,3,31831,677.952,1944.000,true
baseline,1,named_in_expression,3,717,28206.834,90680.000,true
baseline,1,mybatis_in_17,3,9252,2224.816,6344.000,true
baseline,1,raw_where_128,3,471,39734.183,56496.000,true
baseline,1,positional_nested,3,17754,1199.775,2952.000,true
baseline,1,positional_where_eq,3,22721,945.178,2664.000,true
baseline,1,positional_delete,3,60017,350.546,1504.000,true
baseline,1,raw_naming_KEBAB_CASE,3,3976,5147.057,8840.000,true
baseline,1,positional_naming_CAMEL_CASE,3,6392,3404.693,4928.000,true
baseline,1,raw_retry_rollback,3,5896,4329.613,6376.000,true
baseline,1,positional_subquery_structured,3,14074,1441.268,4704.000,true
baseline,1,mybatis_row_in,3,14843,1371.630,3608.000,true
baseline,1,raw_nested,3,16207,1257.432,3280.000,true
baseline,1,raw_select_star,3,42123,276.554,1424.000,true
baseline,1,raw_in_1024,3,283,72754.417,220248.000,true
baseline,1,positional_subquery_raw,3,33778,612.011,2272.000,true
baseline,1,raw_mixed_literals,3,13867,1523.120,3192.000,true
baseline,1,named_insert_placeholders,3,7687,950.306,2920.000,true
baseline,1,raw_update_map,3,15811,1315.293,3592.000,false
baseline,1,raw_condition_only,3,4533,4469.865,7816.000,true
baseline,1,named_in_16,3,9736,2397.576,7600.000,true
baseline,1,mybatis_raw_expression,3,6600,1471.879,2624.000,true
baseline,1,positional_insert_values,3,27188,854.454,2104.000,true
baseline,1,mybatis_batch_beans,3,2475,7729.091,22080.000,true
baseline,1,positional_dialect_Microsoft_SQL_Server,3,17121,1209.888,3544.000,true
baseline,1,raw_batch_beans,3,3420,6711.199,16896.000,false
baseline,1,custom_handler_union,3,1887,10760.466,16536.000,true
baseline,1,raw_batch_64,3,779,26883.954,97344.000,false
baseline,1,named_in_256,3,708,26685.734,90712.000,true
baseline,1,positional_update_chain_16,3,2886,6383.021,22360.000,true
baseline,1,named_where_eq,3,19700,1079.746,3120.000,true
baseline,1,raw_naming_SCREAMING_SNAKE_CASE,3,3938,5139.157,8856.000,true
baseline,1,mybatis_naming_KEBAB_CASE,3,3722,5764.213,8984.000,true
baseline,1,raw_in_17,3,11837,1794.222,5816.000,true
baseline,1,raw_select_entity,3,34074,571.750,2000.000,true
baseline,1,positional_in_16,3,25254,802.075,2656.000,true
baseline,1,raw_late_modifier,3,27351,683.785,2480.000,true
baseline,1,raw_select_columns,3,22901,824.318,1952.000,true
baseline,1,positional_condition_only,3,5056,3879.213,4872.000,true
baseline,1,positional_in_expression,3,5023,4437.010,9760.000,true
baseline,1,mybatis_update_chain_16,3,783,13422.350,39936.000,true
baseline,1,named_dialect_Oracle,3,14658,1391.145,4272.000,true
baseline,1,positional_dialect_PostgreSQL,3,20176,1086.023,3360.000,true
baseline,1,raw_where_16,3,3559,5299.916,8840.000,true
baseline,1,named_dialect_PostgreSQL,3,15770,1380.704,4144.000,true
baseline,1,positional_select_star,3,81107,262.378,1424.000,true
baseline,1,mybatis_subquery_raw,3,15124,656.255,2272.000,true
baseline,1,named_derived,3,1939,10383.239,17800.000,true
baseline,1,mybatis_in_expression,3,839,21767.461,66656.000,true
baseline,1,named_naming_CAMEL_CASE,3,4311,5142.937,9624.000,true
baseline,1,positional_insert_entity,3,31197,627.891,1816.000,true
baseline,1,mybatis_delete,3,40351,427.910,1808.000,true
baseline,1,mybatis_insert_values,3,18373,1203.342,2744.000,true
baseline,1,positional_naming_SCREAMING_SNAKE_CASE,3,4649,4740.955,5904.000,true
baseline,1,mybatis_where_16,3,2789,6277.483,8984.000,true
baseline,1,named_raw_expression,3,10237,1442.229,2624.000,true
baseline,1,named_naming_SCREAMING_SNAKE_CASE,3,3504,6517.608,10600.000,true
baseline,1,named_naming_UPPER_CAMEL_CASE,3,3467,6195.702,10584.000,true
baseline,1,mybatis_derived,3,908,10119.824,17144.000,true
baseline,1,positional_repeated_names,3,1310,16276.412,30360.000,true
baseline,1,positional_select_columns,3,25446,860.033,1952.000,true
baseline,1,raw_select_expressions,3,10004,2664.224,2728.000,true
baseline,1,mybatis_in_256,3,836,21807.177,66616.000,true
baseline,1,mybatis_select_columns,3,21097,798.829,1952.000,true
baseline,1,mybatis_repeated_names,3,773,24815.783,52872.000,true
baseline,1,named_union_builder,3,2062,10970.126,17272.000,true
baseline,1,mybatis_join_using,3,16100,873.590,3352.000,true
baseline,1,custom_handler_where,3,3193,6444.660,10616.000,true
baseline,1,mybatis_naming_NO_CHANGE,3,4630,4458.035,8024.000,true
baseline,1,positional_batch_64,3,1228,17698.127,72176.000,true
baseline,1,named_dialect_DB2,3,15286,1380.113,4320.000,true
baseline,1,positional_update_map,3,21553,1086.095,3024.000,true
baseline,1,mybatis_nested,3,14237,1435.970,3416.000,true
baseline,1,mybatis_insert_placeholders,3,20006,946.136,2584.000,true
baseline,1,named_subquery_structured,3,11438,1720.441,5488.000,true
baseline,1,raw_naming_NO_CHANGE,3,5193,4248.912,7880.000,true
baseline,1,raw_subquery_structured,3,15938,1390.664,4616.000,true
baseline,1,positional_where_128,3,436,33024.083,32808.000,true
baseline,1,positional_where_16,3,4542,4528.908,5888.000,true
baseline,1,positional_derived,3,2275,9870.769,15296.000,true
baseline,1,positional_join_using,3,24987,907.436,3056.000,true
baseline,1,positional_late_modifier,3,31178,636.391,2360.000,true
baseline,1,named_batch_4,3,4689,2719.428,9736.000,true
baseline,1,raw_group_order,3,6582,3155.864,6432.000,true
baseline,1,named_join_using,3,17767,958.395,3512.000,true
baseline,1,named_select_expressions,3,8893,2236.051,2728.000,true
baseline,1,positional_naming_UPPER_CAMEL_CASE,3,4426,4340.375,5888.000,true
baseline,1,mybatis_subquery_structured,3,5291,1584.011,5232.000,true
baseline,1,raw_batch_beans,4,3420,6503.947,16896.000,false
baseline,1,mybatis_subquery_structured,4,5291,1970.195,5232.000,true
baseline,1,named_insert_placeholders,4,7687,972.408,2920.000,true
baseline,1,positional_pagination,4,21271,969.696,3288.000,true
baseline,1,mybatis_batch_beans,4,2475,7253.616,22080.000,true
baseline,1,named_nested,4,4880,1569.570,3648.000,true
baseline,1,raw_update_chain_16,4,2706,8306.171,25448.000,true
baseline,1,mybatis_union_builder,4,828,11103.261,16648.000,true
baseline,1,raw_in_256,4,1053,18642.545,56640.000,true
baseline,1,positional_select_expressions,4,9910,2223.269,2728.000,true
baseline,1,custom_handler_where,4,3193,6041.497,10616.000,true
baseline,1,positional_dialect_MySQL,4,20822,1016.007,3360.000,true
baseline,1,named_delete,4,33747,454.375,1960.000,true
baseline,1,mybatis_subquery_raw,4,15124,552.169,2272.000,true
baseline,1,positional_subquery_raw,4,33778,612.778,2272.000,true
baseline,1,mybatis_raw_expression,4,6600,1648.758,2624.000,true
baseline,1,positional_dialect_Oracle,4,20473,1109.627,3496.000,true
baseline,1,named_where_eq,4,19700,1036.665,3120.000,true
baseline,1,raw_in_17,4,11837,1795.463,5816.000,true
baseline,1,mybatis_select_star,4,70406,281.624,1424.000,true
baseline,1,raw_raw_expression,4,13739,1592.569,2624.000,true
baseline,1,raw_insert_placeholders,4,31831,677.582,1944.000,true
baseline,1,raw_naming_UPPER_CAMEL_CASE,4,4005,5363.670,8840.000,true
baseline,1,mybatis_insert_placeholders,4,20006,1039.058,2584.000,true
baseline,1,mybatis_where_16,4,2789,5677.519,8984.000,true
baseline,1,named_select_star,4,76018,272.312,1424.000,true
baseline,1,mybatis_in_16,4,10211,1907.179,6128.000,true
baseline,1,raw_derived,4,2273,9262.516,15848.000,true
baseline,1,named_in_1024,4,159,120931.447,353216.000,true
baseline,1,raw_naming_KEBAB_CASE,4,3976,5417.203,8840.000,true
baseline,1,positional_row_in,4,22189,978.652,2624.000,true
baseline,1,positional_delete,4,60017,330.938,1504.000,true
baseline,1,positional_in_17,4,22297,889.653,2672.000,true
baseline,1,raw_insert_values,4,21331,1011.865,2464.000,false
baseline,1,named_naming_SCREAMING_SNAKE_CASE,4,3504,6098.202,10600.000,true
baseline,1,mybatis_batch_64,4,543,35373.481,118896.000,true
baseline,1,named_batch_4,4,4689,2931.627,9736.000,true
baseline,1,named_mixed_literals,4,9989,1608.910,3768.000,true
baseline,1,positional_where_128,4,436,35707.569,32808.000,true
baseline,1,named_where_128,4,408,50739.216,71280.000,true
baseline,1,raw_select_entity,4,34074,604.716,2000.000,true
baseline,1,named_join_using,4,17767,1019.486,3512.000,true
baseline,1,raw_select_columns,4,22901,828.505,1952.000,true
baseline,1,positional_union_builder,4,3946,5343.183,9768.000,true
baseline,1,raw_join_on,4,12885,1720.225,3952.000,true
baseline,1,raw_naming_CAMEL_CASE,4,3064,4010.542,7880.000,true
baseline,1,raw_subquery_raw,4,32966,606.877,2272.000,true
baseline,1,raw_union_raw,4,6564,3133.120,5200.000,true
baseline,1,mybatis_delete,4,40351,454.018,1808.000,true
baseline,1,mybatis_in_expression,4,839,23059.952,66656.000,true
baseline,1,raw_union_builder,4,3299,5191.209,10160.000,true
baseline,1,positional_insert_placeholders,4,30072,685.784,1944.000,true
baseline,1,positional_in_256,4,5178,4563.017,9576.000,true
baseline,1,mybatis_repeated_names,4,773,22919.017,52872.000,true
baseline,1,mybatis_where_eq,4,17685,978.123,2960.000,true
baseline,1,raw_update_map,4,15811,1359.332,3592.000,false
baseline,1,raw_row_in,4,18376,1178.412,3136.000,true
baseline,1,mybatis_select_expressions,4,5721,2094.040,2728.000,true
baseline,1,mybatis_nested,4,14237,1370.738,3416.000,true
baseline,1,positional_naming_CAMEL_CASE,4,6392,3340.707,4928.000,true
baseline,1,positional_naming_SCREAMING_SNAKE_CASE,4,4649,4253.797,5904.000,true
baseline,1,positional_group_order,4,6581,3040.055,6336.000,true
baseline,1,positional_between,4,19074,1150.168,3056.000,true
baseline,1,mybatis_naming_KEBAB_CASE,4,3722,5856.609,8984.000,true
baseline,1,positional_mixed_literals,4,17761,1156.112,2800.000,true
baseline,1,positional_condition_only,4,5056,4002.275,4872.000,true
baseline,1,named_in_16,4,9736,2061.247,7600.000,true
baseline,1,mybatis_in_17,4,9252,2031.863,6344.000,true
baseline,1,mybatis_select_columns,4,21097,834.493,1952.000,true
baseline,1,mybatis_derived,4,908,11524.559,17144.000,true
baseline,1,positional_late_modifier,4,31178,644.480,2360.000,true
baseline,1,positional_derived,4,2275,9101.011,15296.000,true
baseline,1,raw_subquery_structured,4,15938,1397.622,4616.000,true
baseline,1,positional_where_eq,4,22721,923.863,2664.000,true
baseline,1,named_select_entity,4,38004,589.475,2000.000,true
baseline,1,named_batch_beans,4,2536,8023.304,26064.000,true
baseline,1,named_in_256,4,708,26592.655,90712.000,true
baseline,1,raw_nested,4,16207,1227.908,3280.000,true
baseline,1,named_between,4,14416,1428.829,3800.000,true
baseline,1,raw_condition_only,4,4533,5031.679,7816.000,true
baseline,1,named_update_chain_16,4,916,17954.585,47000.000,true
baseline,1,raw_in_1024,4,283,77872.438,220248.000,true
baseline,1,positional_nested,4,17754,1194.351,2952.000,true
baseline,1,raw_select_star,4,42123,302.944,1424.000,true
baseline,1,named_insert_entity,4,8767,1037.596,2760.000,true
baseline,1,raw_insert_entity,4,25334,815.355,2176.000,false
baseline,1,mybatis_insert_values,4,18373,1138.197,2744.000,true
baseline,1,positional_naming_UPPER_CAMEL_CASE,4,4426,4717.420,5888.000,true
baseline,1,positional_select_star,4,81107,303.188,1424.000,true
baseline,1,named_row_in,4,6652,1349.113,4016.000,true
baseline,1,raw_group_order,4,6582,3418.809,6432.000,true
baseline,1,raw_pagination,4,20534,929.493,3400.000,true
baseline,1,raw_delete,4,51847,431.726,1624.000,true
baseline,1,mybatis_row_in,4,14843,1313.932,3608.000,true
baseline,1,positional_batch_64,4,1228,17154.153,72176.000,true
baseline,1,mybatis_mixed_literals,4,12606,1576.289,3432.000,true
baseline,1,mybatis_batch_4,4,6423,2974.311,8784.000,true
baseline,1,named_where_16,4,3142,5838.924,10584.000,true
baseline,1,positional_select_columns,4,25446,847.571,1952.000,true
baseline,1,mybatis_join_using,4,16100,879.988,3352.000,true
baseline,1,named_select_expressions,4,8893,2125.413,2728.000,true
baseline,1,mybatis_naming_UPPER_CAMEL_CASE,4,3615,5732.310,8984.000,true
baseline,1,named_batch_64,4,524,38395.802,134912.000,true
baseline,1,named_union_builder,4,2062,10306.790,17272.000,true
baseline,1,named_subquery_structured,4,11438,1703.777,5488.000,true
baseline,1,mybatis_naming_NO_CHANGE,4,4630,4591.685,8024.000,true
baseline,1,mybatis_between,4,12270,1217.628,3544.000,true
baseline,1,named_derived,4,1939,10478.649,17800.000,true
baseline,1,named_naming_CAMEL_CASE,4,4311,4750.313,9624.000,true
baseline,1,positional_where_16,4,4542,4659.577,5888.000,true
baseline,1,positional_repeated_names,4,1310,15461.221,30360.000,true
baseline,1,positional_update_map,4,21553,1089.092,3024.000,true
baseline,1,named_pagination,4,15988,1231.536,4072.000,true
baseline,1,named_condition_only,4,1899,5542.338,9560.000,true
baseline,1,raw_select_expressions,4,10004,2084.586,2728.000,true
baseline,1,raw_where_16,4,3559,5278.870,8840.000,true
baseline,1,named_repeated_names,4,645,25122.636,64920.000,true
baseline,1,positional_join_using,4,24987,919.630,3056.000,true
baseline,1,positional_raw_expression,4,12948,1614.180,2624.000,true
baseline,1,named_group_order,4,4671,3689.296,7688.000,true
baseline,1,mybatis_select_entity,4,18926,563.658,2000.000,true
baseline,1,positional_in_expression,4,5023,4423.392,9760.000,true
baseline,1,named_dialect_PostgreSQL,4,15770,1532.822,4144.000,true
baseline,1,mybatis_naming_CAMEL_CASE,4,4490,4609.310,8024.000,true
baseline,1,raw_naming_NO_CHANGE,4,5193,4239.380,7880.000,true
baseline,1,mybatis_update_chain_16,4,783,13882.759,39936.000,true
baseline,1,named_in_expression,4,717,27162.343,90680.000,true
baseline,1,named_join_on,4,10580,1910.699,4288.000,true
baseline,1,mybatis_pagination,4,7835,1111.717,3808.000,true
baseline,1,positional_retry_rollback,4,5641,3191.668,5872.000,true
baseline,1,mybatis_where_128,4,419,44290.692,58208.000,true
baseline,1,raw_in_16,4,11689,1595.876,5600.000,true
baseline,1,named_update_map,4,10093,1597.582,4752.000,true
baseline,1,mybatis_in_256,4,836,22067.464,66616.000,true
baseline,1,positional_insert_values,4,27188,801.648,2104.000,true
baseline,1,raw_where_128,4,471,37770.913,56496.000,true
baseline,1,named_naming_UPPER_CAMEL_CASE,4,3467,6236.516,10584.000,true
baseline,1,raw_repeated_names,4,658,23478.875,53896.000,true
baseline,1,raw_late_modifier,4,27351,746.349,2480.000,true
baseline,1,positional_batch_beans,4,4926,4558.932,10464.000,true
baseline,1,custom_handler_union,4,1887,11247.218,16536.000,true
baseline,1,raw_between,4,15794,1272.452,3384.000,true
baseline,1,named_union_raw,4,6374,3124.035,5200.000,true
baseline,1,positional_dialect_Microsoft_SQL_Server,4,17121,1272.052,3544.000,true
baseline,1,raw_where_eq,4,18963,988.536,2784.000,true
baseline,1,mybatis_union_raw,4,2845,3122.109,5200.000,true
baseline,1,raw_mixed_literals,4,13867,1450.249,3192.000,true
baseline,1,raw_retry_rollback,4,5896,3963.874,6376.000,true
baseline,1,positional_naming_KEBAB_CASE,4,4808,4363.935,5888.000,true
baseline,1,positional_batch_4,4,6441,2011.893,5968.000,true
baseline,1,named_dialect_Oracle,4,14658,1277.296,4272.000,true
baseline,1,mybatis_late_modifier,4,10311,775.114,2656.000,true
baseline,1,raw_in_expression,4,1108,18020.578,56616.000,true
baseline,1,positional_dialect_DB2,4,18231,1003.319,3544.000,true
baseline,1,named_dialect_Microsoft_SQL_Server,4,11878,1541.884,4320.000,true
baseline,1,named_subquery_raw,4,32433,656.008,2272.000,true
baseline,1,named_naming_NO_CHANGE,4,4422,4970.873,9624.000,true
baseline,1,positional_in_1024,4,1472,13449.592,28504.000,true
baseline,1,mybatis_naming_SCREAMING_SNAKE_CASE,4,3636,5616.722,9000.000,true
baseline,1,raw_join_using,4,16339,925.295,3176.000,true
baseline,1,positional_in_16,4,25254,824.056,2656.000,true
baseline,1,raw_batch_64,4,779,28357.125,97344.000,false
baseline,1,named_in_17,4,8826,2248.334,7888.000,true
baseline,1,positional_naming_NO_CHANGE,4,6572,3132.167,4928.000,true
baseline,1,named_dialect_DB2,4,15286,1394.433,4320.000,true
baseline,1,positional_update_chain_16,4,2886,6222.730,22360.000,true
baseline,1,raw_naming_SCREAMING_SNAKE_CASE,4,3938,4975.140,8856.000,true
baseline,1,mybatis_condition_only,4,3469,5407.207,7960.000,true
baseline,1,positional_insert_entity,4,31197,582.588,1816.000,true
baseline,1,mybatis_join_on,4,6101,1796.542,4128.000,true
baseline,1,mybatis_in_1024,4,199,91366.834,256896.000,true
baseline,1,positional_join_on,4,12495,1657.375,3832.000,true
baseline,1,mybatis_group_order,4,2455,3312.098,7264.000,true
baseline,1,named_raw_expression,4,10237,1543.626,2624.000,true
baseline,1,named_insert_values,4,9996,1055.152,3048.000,true
baseline,1,mybatis_retry_rollback,4,2808,4947.080,7568.000,true
baseline,1,named_late_modifier,4,22668,775.737,2816.000,true
baseline,1,named_select_columns,4,25565,802.237,1952.000,true
baseline,1,raw_batch_4,4,8769,2623.241,7584.000,false
baseline,1,positional_select_entity,4,32751,529.111,2000.000,true
baseline,1,named_retry_rollback,4,4609,4295.444,8264.000,true
baseline,1,positional_subquery_structured,4,14074,1479.530,4704.000,true
baseline,1,mybatis_insert_entity,4,21558,819.951,2456.000,true
baseline,1,positional_dialect_PostgreSQL,4,20176,1116.782,3360.000,true
baseline,1,named_naming_KEBAB_CASE,4,3552,6157.601,10584.000,true
baseline,1,positional_union_raw,4,6449,3145.061,5200.000,true
baseline,1,mybatis_update_map,4,8852,1819.724,4200.000,true
baseline,1,named_dialect_MySQL,4,16633,1252.390,4144.000,true
baseline,1,positional_dialect_Microsoft_SQL_Server,5,17121,1316.173,3544.000,true
baseline,1,named_update_chain_16,5,916,18600.328,47000.000,true
baseline,1,named_subquery_raw,5,32433,722.190,2272.000,true
baseline,1,positional_retry_rollback,5,5641,3218.383,5872.000,true
baseline,1,positional_nested,5,17754,1245.922,2952.000,true
baseline,1,mybatis_union_raw,5,2845,3259.543,5200.000,true
baseline,1,mybatis_in_17,5,9252,2023.519,6344.000,true
baseline,1,raw_naming_UPPER_CAMEL_CASE,5,4005,5683.820,8840.000,true
baseline,1,raw_subquery_structured,5,15938,1453.846,4616.000,true
baseline,1,raw_union_raw,5,6564,3608.958,5200.000,true
baseline,1,raw_update_chain_16,5,2706,7941.574,25448.000,true
baseline,1,named_select_expressions,5,8893,2241.392,2728.000,true
baseline,1,named_batch_64,5,524,36221.756,134912.000,true
baseline,1,mybatis_pagination,5,7835,1106.203,3808.000,true
baseline,1,named_insert_values,5,9996,1135.274,3048.000,true
baseline,1,named_condition_only,5,1899,6132.912,9560.000,true
baseline,1,raw_subquery_raw,5,32966,619.378,2272.000,true
baseline,1,named_retry_rollback,5,4609,4588.414,8264.000,true
baseline,1,raw_row_in,5,18376,1354.212,3136.000,true
baseline,1,named_where_eq,5,19700,1027.538,3120.000,true
baseline,1,positional_in_1024,5,1472,13946.807,28504.000,true
baseline,1,positional_dialect_PostgreSQL,5,20176,1160.557,3360.000,true
baseline,1,raw_in_256,5,1053,18500.950,56640.000,true
baseline,1,mybatis_select_columns,5,21097,808.598,1952.000,true
baseline,1,named_update_map,5,10093,2018.924,4752.000,true
baseline,1,named_insert_placeholders,5,7687,979.277,2920.000,true
baseline,1,named_repeated_names,5,645,27233.643,64920.000,true
baseline,1,mybatis_naming_CAMEL_CASE,5,4490,4857.929,8024.000,true
baseline,1,mybatis_derived,5,908,11095.264,17144.000,true
baseline,1,positional_insert_entity,5,31197,607.385,1816.000,true
baseline,1,mybatis_condition_only,5,3469,5275.786,7960.000,true
baseline,1,named_select_star,5,76018,280.007,1424.000,true
baseline,1,raw_mixed_literals,5,13867,1514.387,3192.000,true
baseline,1,raw_join_using,5,16339,959.184,3176.000,true
baseline,1,positional_repeated_names,5,1310,17694.046,30360.000,true
baseline,1,positional_naming_KEBAB_CASE,5,4808,4422.171,5888.000,true
baseline,1,named_dialect_MySQL,5,16633,1294.168,4144.000,true
baseline,1,mybatis_mixed_literals,5,12606,1471.910,3432.000,true
baseline,1,positional_mixed_literals,5,17761,1315.720,2800.000,true
baseline,1,mybatis_subquery_raw,5,15124,579.496,2272.000,true
baseline,1,positional_between,5,19074,1249.250,3056.000,true
baseline,1,mybatis_subquery_structured,5,5291,1988.925,5232.000,true
baseline,1,mybatis_between,5,12270,1402.698,3544.000,true
baseline,1,positional_batch_64,5,1228,18058.062,72176.000,true
baseline,1,positional_condition_only,5,5056,4111.373,4872.000,true
baseline,1,mybatis_insert_placeholders,5,20006,980.876,2584.000,true
baseline,1,mybatis_in_expression,5,839,23304.529,66656.000,true
baseline,1,mybatis_update_map,5,8852,1624.797,4200.000,true
baseline,1,named_union_builder,5,2062,11724.685,17272.000,true
baseline,1,raw_union_builder,5,3299,5357.745,10160.000,true
baseline,1,named_select_entity,5,38004,588.680,2000.000,true
baseline,1,named_between,5,14416,1503.579,3800.000,true
baseline,1,raw_insert_values,5,21331,1058.150,2464.000,false
baseline,1,positional_select_columns,5,25446,849.344,1952.000,true
baseline,1,raw_in_expression,5,1108,18565.343,56616.000,true
baseline,1,positional_dialect_MySQL,5,20822,1114.240,3360.000,true
baseline,1,mybatis_naming_UPPER_CAMEL_CASE,5,3615,7524.011,8984.000,true
baseline,1,positional_subquery_structured,5,14074,1642.348,4704.000,true
baseline,1,named_join_on,5,10580,1850.180,4288.000,true
baseline,1,named_pagination,5,15988,1298.117,4072.000,true
baseline,1,positional_dialect_DB2,5,18231,1145.631,3544.000,true
baseline,1,positional_insert_values,5,27188,965.146,2104.000,true
baseline,1,custom_handler_where,5,3193,7021.641,10616.000,true
baseline,1,raw_late_modifier,5,27351,677.789,2480.000,true
baseline,1,mybatis_where_16,5,2789,6296.845,8984.000,true
baseline,1,mybatis_naming_NO_CHANGE,5,4630,4865.896,8024.000,true
baseline,1,raw_naming_NO_CHANGE,5,5193,4193.838,7880.000,true
baseline,1,mybatis_join_using,5,16100,945.770,3352.000,true
baseline,1,positional_in_256,5,5178,3992.101,9576.000,true
baseline,1,positional_select_star,5,81107,264.951,1424.000,true
baseline,1,named_in_expression,5,717,25840.725,90680.000,true
baseline,1,named_dialect_PostgreSQL,5,15770,1385.111,4144.000,true
baseline,1,raw_nested,5,16207,1380.866,3280.000,true
baseline,1,raw_in_1024,5,283,80007.774,220248.000,true
baseline,1,named_in_256,5,708,25830.932,90712.000,true
baseline,1,positional_select_expressions,5,9910,2203.098,2728.000,true
baseline,1,raw_derived,5,2273,9394.193,15848.000,true
baseline,1,named_dialect_Microsoft_SQL_Server,5,11878,1641.531,4320.000,true
baseline,1,positional_join_on,5,12495,1662.601,3832.000,true
baseline,1,raw_insert_placeholders,5,31831,709.362,1944.000,true
baseline,1,positional_in_expression,5,5023,4410.273,9760.000,true
baseline,1,mybatis_naming_KEBAB_CASE,5,3722,5602.123,8984.000,true
baseline,1,mybatis_raw_expression,5,6600,1654.288,2624.000,true
baseline,1,raw_condition_only,5,4533,4804.544,7816.000,true
baseline,1,raw_select_entity,5,34074,560.090,2000.000,true
baseline,1,positional_where_16,5,4542,4512.880,5888.000,true
baseline,1,positional_batch_beans,5,4926,4466.565,10464.000,true
baseline,1,mybatis_nested,5,14237,1546.604,3416.000,true
baseline,1,positional_late_modifier,5,31178,745.266,2360.000,true
baseline,1,named_where_128,5,408,53674.020,71280.000,true
baseline,1,positional_where_128,5,436,34395.872,32808.000,true
baseline,1,positional_update_map,5,21553,1090.159,3024.000,true
baseline,1,raw_group_order,5,6582,3143.194,6432.000,true
baseline,1,raw_naming_CAMEL_CASE,5,3064,4462.761,7880.000,true
baseline,1,mybatis_in_1024,5,199,91803.015,256896.000,true
baseline,1,custom_handler_union,5,1887,11678.802,16536.000,true
baseline,1,named_batch_beans,5,2536,8534.543,26064.000,true
baseline,1,named_insert_entity,5,8767,903.901,2760.000,true
baseline,1,mybatis_select_expressions,5,5721,2166.300,2728.000,true
baseline,1,positional_union_builder,5,3946,5520.527,9768.000,true
baseline,1,named_select_columns,5,25565,768.375,1952.000,true
baseline,1,raw_naming_SCREAMING_SNAKE_CASE,5,3938,5814.246,8856.000,true
baseline,1,positional_join_using,5,24987,855.365,3056.000,true
baseline,1,named_group_order,5,4671,3818.090,7688.000,true
baseline,1,named_mixed_literals,5,9989,1697.788,3768.000,true
baseline,1,named_in_1024,5,159,127310.692,353216.000,true
baseline,1,raw_in_16,5,11689,1851.022,5600.000,true
baseline,1,positional_derived,5,2275,9917.802,15296.000,true
baseline,1,raw_retry_rollback,5,5896,4167.334,6376.000,true
baseline,1,raw_where_16,5,3559,5883.816,8840.000,true
baseline,1,mybatis_late_modifier,5,10311,870.304,2656.000,true
baseline,1,named_in_17,5,8826,2618.310,7888.000,true
baseline,1,raw_join_on,5,12885,1718.331,3952.000,true
baseline,1,named_where_16,5,3142,6598.090,10584.000,true
baseline,1,raw_select_star,5,42123,275.045,1424.000,true
baseline,1,positional_naming_UPPER_CAMEL_CASE,5,4426,4531.880,5888.000,true
baseline,1,raw_select_expressions,5,10004,2156.727,2728.000,true
baseline,1,mybatis_join_on,5,6101,1839.239,4128.000,true
baseline,1,raw_select_columns,5,22901,864.953,1952.000,true
baseline,1,mybatis_row_in,5,14843,1387.604,3608.000,true
baseline,1,positional_naming_NO_CHANGE,5,6572,3242.848,4928.000,true
baseline,1,mybatis_retry_rollback,5,2808,4720.513,7568.000,true
baseline,1,raw_in_17,5,11837,1824.871,5816.000,true
baseline,1,mybatis_select_star,5,70406,316.619,1424.000,true
baseline,1,positional_batch_4,5,6441,1779.568,5968.000,true
baseline,1,mybatis_select_entity,5,18926,595.181,2000.000,true
baseline,1,raw_naming_KEBAB_CASE,5,3976,5408.249,8840.000,true
baseline,1,mybatis_insert_entity,5,21558,844.253,2456.000,true
baseline,1,positional_dialect_Oracle,5,20473,1018.708,3496.000,true
baseline,1,mybatis_where_128,5,419,45281.146,58208.000,true
baseline,1,positional_row_in,5,22189,944.454,2624.000,true
baseline,1,named_naming_CAMEL_CASE,5,4311,4930.944,9624.000,true
baseline,1,raw_delete,5,51847,407.771,1624.000,true
baseline,1,raw_batch_beans,5,3420,5793.246,16896.000,false
baseline,1,mybatis_where_eq,5,17685,1016.862,2960.000,true
baseline,1,mybatis_batch_64,5,543,32630.018,118896.000,true
baseline,1,raw_repeated_names,5,658,23030.699,53896.000,true
baseline,1,positional_update_chain_16,5,2886,6788.635,22360.000,true
baseline,1,mybatis_in_256,5,836,20897.727,66616.000,true
baseline,1,mybatis_batch_beans,5,2475,7498.586,22080.000,true
baseline,1,named_delete,5,33747,446.114,1960.000,true
baseline,1,mybatis_in_16,5,10211,1947.557,6128.000,true
baseline,1,mybatis_batch_4,5,6423,3378.717,8784.000,true
baseline,1,positional_naming_SCREAMING_SNAKE_CASE,5,4649,4606.453,5904.000,true
baseline,1,mybatis_naming_SCREAMING_SNAKE_CASE,5,3636,5871.782,9000.000,true
baseline,1,named_dialect_DB2,5,15286,1340.187,4320.000,true
baseline,1,raw_batch_4,5,8769,2493.352,7584.000,false
baseline,1,positional_union_raw,5,6449,3145.077,5200.000,true
baseline,1,raw_raw_expression,5,13739,1509.382,2624.000,true
baseline,1,mybatis_group_order,5,2455,3266.395,7264.000,true
baseline,1,positional_in_16,5,25254,873.842,2656.000,true
baseline,1,named_subquery_structured,5,11438,1819.628,5488.000,true
baseline,1,named_in_16,5,9736,2148.541,7600.000,true
baseline,1,named_join_using,5,17767,969.860,3512.000,true
baseline,1,mybatis_repeated_names,5,773,23967.658,52872.000,true
baseline,1,named_raw_expression,5,10237,1535.079,2624.000,true
baseline,1,named_late_modifier,5,22668,755.969,2816.000,true
baseline,1,positional_raw_expression,5,12948,1561.044,2624.000,true
baseline,1,raw_insert_entity,5,25334,833.954,2176.000,false
baseline,1,positional_naming_CAMEL_CASE,5,6392,3342.193,4928.000,true
baseline,1,raw_update_map,5,15811,1381.488,3592.000,false
baseline,1,named_derived,5,1939,11204.281,17800.000,true
baseline,1,positional_subquery_raw,5,33778,623.462,2272.000,true
baseline,1,named_nested,5,4880,1514.283,3648.000,true
baseline,1,mybatis_delete,5,40351,418.696,1808.000,true
baseline,1,named_naming_SCREAMING_SNAKE_CASE,5,3504,5772.346,10600.000,true
baseline,1,named_naming_UPPER_CAMEL_CASE,5,3467,6077.560,10584.000,true
baseline,1,raw_where_128,5,471,38050.106,56496.000,true
baseline,1,raw_between,5,15794,1253.888,3384.000,true
baseline,1,named_naming_KEBAB_CASE,5,3552,5613.908,10584.000,true
baseline,1,raw_batch_64,5,779,28494.608,97344.000,false
baseline,1,mybatis_insert_values,5,18373,1113.874,2744.000,true
baseline,1,positional_in_17,5,22297,844.768,2672.000,true
baseline,1,positional_group_order,5,6581,2976.098,6336.000,true
baseline,1,positional_where_eq,5,22721,921.878,2664.000,true
baseline,1,raw_pagination,5,20534,977.725,3400.000,true
baseline,1,positional_delete,5,60017,339.444,1504.000,true
baseline,1,positional_pagination,5,21271,977.876,3288.000,true
baseline,1,named_union_raw,5,6374,3131.848,5200.000,true
baseline,1,mybatis_update_chain_16,5,783,14722.350,39936.000,true
baseline,1,named_batch_4,5,4689,2852.506,9736.000,true
baseline,1,named_dialect_Oracle,5,14658,1319.116,4272.000,true
baseline,1,named_row_in,5,6652,1528.097,4016.000,true
baseline,1,raw_where_eq,5,18963,910.890,2784.000,true
baseline,1,mybatis_union_builder,5,828,10474.879,16648.000,true
baseline,1,positional_insert_placeholders,5,30072,683.842,1944.000,true
baseline,1,positional_select_entity,5,32751,602.198,2000.000,true
baseline,1,named_naming_NO_CHANGE,5,4422,4756.716,9624.000,true
baseline,1,raw_in_256,6,1053,17139.031,56640.000,true
baseline,1,mybatis_naming_CAMEL_CASE,6,4490,4734.410,8024.000,true
baseline,1,named_condition_only,6,1899,5513.428,9560.000,true
baseline,1,named_in_1024,6,159,126633.962,353216.000,true
baseline,1,mybatis_union_builder,6,828,10981.280,16648.000,true
baseline,1,positional_row_in,6,22189,944.982,2624.000,true
baseline,1,positional_where_128,6,436,33105.505,32808.000,true
baseline,1,mybatis_nested,6,14237,1496.825,3416.000,true
baseline,1,mybatis_retry_rollback,6,2808,4965.491,7568.000,true
baseline,1,positional_dialect_MySQL,6,20822,1045.538,3360.000,true
baseline,1,positional_select_entity,6,32751,575.604,2000.000,true
baseline,1,raw_batch_4,6,8769,2531.018,7584.000,false
baseline,1,mybatis_naming_UPPER_CAMEL_CASE,6,3615,6056.044,8984.000,true
baseline,1,positional_insert_placeholders,6,30072,666.969,1944.000,true
baseline,1,positional_in_expression,6,5023,4504.280,9760.000,true
baseline,1,mybatis_pagination,6,7835,1060.191,3808.000,true
baseline,1,named_in_16,6,9736,2156.409,7600.000,true
baseline,1,raw_pagination,6,20534,973.011,3400.000,true
baseline,1,raw_batch_64,6,779,27281.258,97344.000,false
baseline,1,positional_where_eq,6,22721,924.774,2664.000,true
baseline,1,positional_naming_UPPER_CAMEL_CASE,6,4426,4425.531,5888.000,true
baseline,1,raw_derived,6,2273,10027.321,15848.000,true
baseline,1,named_row_in,6,6652,1262.041,4016.000,true
baseline,1,positional_subquery_raw,6,33778,618.083,2272.000,true
baseline,1,positional_delete,6,60017,322.064,1504.000,true
baseline,1,raw_subquery_structured,6,15938,1446.637,4616.000,true
baseline,1,positional_dialect_Oracle,6,20473,1126.870,3496.000,true
baseline,1,positional_in_256,6,5178,4949.788,9576.000,true
baseline,1,mybatis_delete,6,40351,429.744,1808.000,true
baseline,1,positional_select_expressions,6,9910,2020.848,2728.000,true
baseline,1,named_between,6,14416,1365.150,3800.000,true
baseline,1,named_join_on,6,10580,1651.276,4288.000,true
baseline,1,named_dialect_PostgreSQL,6,15770,1324.921,4144.000,true
baseline,1,mybatis_group_order,6,2455,3315.356,7264.000,true
baseline,1,positional_dialect_DB2,6,18231,1044.468,3544.000,true
baseline,1,positional_mixed_literals,6,17761,1176.032,2800.000,true
baseline,1,mybatis_insert_entity,6,21558,808.299,2456.000,true
baseline,1,raw_join_on,6,12885,1757.718,3952.000,true
baseline,1,mybatis_update_map,6,8852,1650.056,4200.000,true
baseline,1,raw_naming_SCREAMING_SNAKE_CASE,6,3938,5017.395,8856.000,true
baseline,1,mybatis_condition_only,6,3469,5159.902,7960.000,true
baseline,1,named_union_builder,6,2062,10683.608,17272.000,true
baseline,1,mybatis_update_chain_16,6,783,14283.908,39936.000,true
baseline,1,positional_naming_CAMEL_CASE,6,6392,3320.150,4928.000,true
baseline,1,raw_where_16,6,3559,5035.712,8840.000,true
baseline,1,mybatis_naming_SCREAMING_SNAKE_CASE,6,3636,5884.901,9000.000,true
baseline,1,raw_naming_UPPER_CAMEL_CASE,6,4005,5400.599,8840.000,true
baseline,1,raw_repeated_names,6,658,22031.459,53896.000,true
baseline,1,positional_update_map,6,21553,1095.578,3024.000,true
baseline,1,positional_naming_NO_CHANGE,6,6572,3385.743,4928.000,true
baseline,1,named_where_16,6,3142,5874.125,10584.000,true
baseline,1,mybatis_union_raw,6,2845,3276.134,5200.000,true
baseline,1,positional_derived,6,2275,9371.648,15296.000,true
baseline,1,named_naming_NO_CHANGE,6,4422,4697.490,9624.000,true
baseline,1,named_join_using,6,17767,980.813,3512.000,true
baseline,1,named_naming_SCREAMING_SNAKE_CASE,6,3504,5728.853,10600.000,true
baseline,1,positional_batch_64,6,1228,18075.651,72176.000,true
baseline,1,positional_join_on,6,12495,1476.943,3832.000,true
baseline,1,raw_select_star,6,42123,279.351,1424.000,true
baseline,1,named_delete,6,33747,440.475,1960.000,true
baseline,1,positional_repeated_names,6,1310,15907.710,30360.000,true
baseline,1,positional_late_modifier,6,31178,639.894,2360.000,true
baseline,1,raw_union_builder,6,3299,5524.250,10160.000,true
baseline,1,named_retry_rollback,6,4609,4322.673,8264.000,true
baseline,1,named_dialect_DB2,6,15286,1335.477,4320.000,true
baseline,1,raw_mixed_literals,6,13867,1486.219,3192.000,true
baseline,1,positional_naming_KEBAB_CASE,6,4808,4125.062,5888.000,true
baseline,1,mybatis_subquery_raw,6,15124,586.617,2272.000,true
baseline,1,positional_in_1024,6,1472,14026.563,28504.000,true
baseline,1,raw_naming_NO_CHANGE,6,5193,3943.174,7880.000,true
baseline,1,named_in_expression,6,717,28978.243,90680.000,true
baseline,1,named_select_entity,6,38004,587.020,2000.000,true
baseline,1,mybatis_in_expression,6,839,22621.216,66656.000,true
baseline,1,mybatis_batch_beans,6,2475,7676.727,22080.000,true
baseline,1,positional_in_16,6,25254,805.061,2656.000,true
baseline,1,mybatis_in_256,6,836,22387.201,66616.000,true
baseline,1,mybatis_in_16,6,10211,1887.944,6128.000,true
baseline,1,mybatis_join_using,6,16100,935.814,3352.000,true
baseline,1,positional_between,6,19074,1054.032,3056.000,true
baseline,1,named_late_modifier,6,22668,811.849,2816.000,true
baseline,1,raw_insert_entity,6,25334,883.982,2176.000,false
baseline,1,mybatis_select_expressions,6,5721,2199.633,2728.000,true
baseline,1,mybatis_batch_64,6,543,34955.064,118896.000,true
baseline,1,named_in_17,6,8826,2312.441,7888.000,true
baseline,1,raw_in_1024,6,283,73879.505,220248.000,true
baseline,1,named_subquery_structured,6,11438,1718.386,5488.000,true
baseline,1,mybatis_subquery_structured,6,5291,1911.945,5232.000,true
baseline,1,named_batch_64,6,524,40106.298,134912.000,true
baseline,1,named_union_raw,6,6374,3087.747,5200.000,true
baseline,1,positional_update_chain_16,6,2886,6586.660,22360.000,true
baseline,1,raw_where_128,6,471,40648.195,56496.000,true
baseline,1,named_dialect_MySQL,6,16633,1304.966,4144.000,true
baseline,1,named_batch_4,6,4689,3053.679,9736.000,true
baseline,1,positional_where_16,6,4542,4355.702,5888.000,true
baseline,1,named_select_star,6,76018,279.993,1424.000,true
baseline,1,mybatis_late_modifier,6,10311,725.507,2656.000,true
baseline,1,mybatis_row_in,6,14843,1233.477,3608.000,true
baseline,1,named_naming_CAMEL_CASE,6,4311,5022.292,9624.000,true
baseline,1,raw_update_chain_16,6,2706,8052.402,25448.000,true
baseline,1,raw_in_16,6,11689,1714.270,5600.000,true
baseline,1,mybatis_join_on,6,6101,1681.101,4128.000,true
baseline,1,named_subquery_raw,6,32433,609.213,2272.000,true
baseline,1,mybatis_insert_placeholders,6,20006,976.082,2584.000,true
baseline,1,raw_row_in,6,18376,1108.810,3136.000,true
baseline,1,named_repeated_names,6,645,28564.031,64920.000,true
baseline,1,mybatis_raw_expression,6,6600,1460.485,2624.000,true
baseline,1,mybatis_between,6,12270,1400.147,3544.000,true
baseline,1,raw_select_expressions,6,10004,1997.941,2728.000,true
baseline,1,raw_in_expression,6,1108,18468.321,56616.000,true
baseline,1,named_derived,6,1939,10087.829,17800.000,true
baseline,1,positional_dialect_PostgreSQL,6,20176,1106.676,3360.000,true
baseline,1,mybatis_select_star,6,70406,293.499,1424.000,true
baseline,1,positional_condition_only,6,5056,3923.655,4872.000,true
baseline,1,mybatis_repeated_names,6,773,26273.997,52872.000,true
baseline,1,raw_subquery_raw,6,32966,630.410,2272.000,true
baseline,1,raw_where_eq,6,18963,1014.033,2784.000,true
baseline,1,raw_batch_beans,6,3420,6197.515,16896.000,false
baseline,1,named_insert_placeholders,6,7687,944.048,2920.000,true
baseline,1,named_insert_entity,6,8767,863.579,2760.000,true
baseline,1,mybatis_select_entity,6,18926,605.622,2000.000,true
baseline,1,raw_update_map,6,15811,1279.615,3592.000,false
baseline,1,positional_insert_entity,6,31197,622.460,1816.000,true
baseline,1,named_where_128,6,408,47793.873,71280.000,true
baseline,1,positional_batch_4,6,6441,1937.929,5968.000,true
baseline,1,positional_batch_beans,6,4926,4105.887,10464.000,true
baseline,1,named_naming_KEBAB_CASE,6,3552,5869.482,10584.000,true
baseline,1,named_in_256,6,708,26595.056,90712.000,true
baseline,1,named_dialect_Microsoft_SQL_Server,6,11878,1608.402,4320.000,true
baseline,1,mybatis_where_eq,6,17685,973.096,2960.000,true
baseline,1,raw_late_modifier,6,27351,737.289,2480.000,true
baseline,1,raw_select_columns,6,22901,813.593,1952.000,true
baseline,1,raw_naming_KEBAB_CASE,6,3976,5070.749,8840.000,true
baseline,1,mybatis_where_128,6,419,43189.737,58208.000,true
baseline,1,custom_handler_where,6,3193,6531.882,10616.000,true
baseline,1,raw_naming_CAMEL_CASE,6,3064,4159.726,7880.000,true
baseline,1,positional_naming_SCREAMING_SNAKE_CASE,6,4649,4504.431,5904.000,true
baseline,1,raw_in_17,6,11837,1715.764,5816.000,true
baseline,1,named_mixed_literals,6,9989,1644.149,3768.000,true
baseline,1,raw_select_entity,6,34074,571.761,2000.000,true
baseline,1,raw_nested,6,16207,1271.790,3280.000,true
baseline,1,mybatis_batch_4,6,6423,2890.550,8784.000,true
baseline,1,named_batch_beans,6,2536,8097.555,26064.000,true
baseline,1,positional_in_17,6,22297,862.470,2672.000,true
baseline,1,mybatis_where_16,6,2789,5714.270,8984.000,true
baseline,1,raw_raw_expression,6,13739,1507.366,2624.000,true
baseline,1,raw_group_order,6,6582,3306.579,6432.000,true
baseline,1,mybatis_insert_values,6,18373,1070.326,2744.000,true
baseline,1,mybatis_naming_NO_CHANGE,6,4630,4412.311,8024.000,true
baseline,1,named_select_expressions,6,8893,2030.181,2728.000,true
baseline,1,raw_join_using,6,16339,909.309,3176.000,true
baseline,1,positional_nested,6,17754,1214.983,2952.000,true
baseline,1,named_dialect_Oracle,6,14658,1312.232,4272.000,true
baseline,1,positional_join_using,6,24987,866.334,3056.000,true
baseline,1,named_update_chain_16,6,916,15140.830,47000.000,true
baseline,1,positional_pagination,6,21271,958.742,3288.000,true
baseline,1,raw_delete,6,51847,430.617,1624.000,true
baseline,1,mybatis_select_columns,6,21097,852.458,1952.000,true
baseline,1,raw_insert_values,6,21331,1020.323,2464.000,false
baseline,1,positional_select_columns,6,25446,793.693,1952.000,true
baseline,1,positional_subquery_structured,6,14074,1442.689,4704.000,true
baseline,1,named_insert_values,6,9996,1027.201,3048.000,true
baseline,1,positional_insert_values,6,27188,805.973,2104.000,true
baseline,1,mybatis_derived,6,908,10096.916,17144.000,true
baseline,1,named_select_columns,6,25565,815.732,1952.000,true
baseline,1,positional_select_star,6,81107,275.901,1424.000,true
baseline,1,positional_raw_expression,6,12948,1498.355,2624.000,true
baseline,1,custom_handler_union,6,1887,10067.621,16536.000,true
baseline,1,positional_group_order,6,6581,3577.557,6336.000,true
baseline,1,named_where_eq,6,19700,1110.320,3120.000,true
baseline,1,named_nested,6,4880,1666.332,3648.000,true
baseline,1,mybatis_in_1024,6,199,96090.955,256896.000,true
baseline,1,positional_union_builder,6,3946,5545.033,9768.000,true
baseline,1,named_raw_expression,6,10237,1529.139,2624.000,true
baseline,1,named_group_order,6,4671,3996.468,7688.000,true
baseline,1,positional_dialect_Microsoft_SQL_Server,6,17121,1318.270,3544.000,true
baseline,1,raw_condition_only,6,4533,5284.778,7816.000,true
baseline,1,named_pagination,6,15988,1331.486,4072.000,true
baseline,1,named_naming_UPPER_CAMEL_CASE,6,3467,6332.362,10584.000,true
baseline,1,mybatis_mixed_literals,6,12606,1605.339,3432.000,true
baseline,1,raw_between,6,15794,1305.540,3384.000,true
baseline,1,named_update_map,6,10093,1846.438,4752.000,true
baseline,1,mybatis_in_17,6,9252,2105.891,6344.000,true
baseline,1,raw_union_raw,6,6564,3359.842,5200.000,true
baseline,1,mybatis_naming_KEBAB_CASE,6,3722,5848.039,8984.000,true
baseline,1,positional_retry_rollback,6,5641,3970.608,5872.000,true
baseline,1,raw_insert_placeholders,6,31831,728.774,1944.000,true
baseline,1,raw_retry_rollback,6,5896,3797.829,6376.000,true
baseline,1,positional_union_raw,6,6449,3502.202,5200.000,true
baseline,1,raw_update_map,7,15811,1405.041,3592.000,false
baseline,1,mybatis_naming_CAMEL_CASE,7,4490,5124.298,8024.000,true
baseline,1,positional_update_map,7,21553,1136.547,3024.000,true
baseline,1,positional_dialect_MySQL,7,20822,1090.433,3360.000,true
baseline,1,mybatis_union_builder,7,828,12530.797,16648.000,true
baseline,1,named_in_expression,7,717,25415.202,90680.000,true
baseline,1,named_join_using,7,17767,1032.014,3512.000,true
baseline,1,named_select_expressions,7,8893,2444.192,2728.000,true
baseline,1,mybatis_raw_expression,7,6600,1576.788,2624.000,true
baseline,1,positional_select_columns,7,25446,852.594,1952.000,true
baseline,1,positional_where_16,7,4542,5022.523,5888.000,true
baseline,1,positional_in_256,7,5178,4969.332,9576.000,true
baseline,1,positional_delete,7,60017,389.028,1504.000,true
baseline,1,named_naming_NO_CHANGE,7,4422,5002.148,9624.000,true
baseline,1,raw_where_16,7,3559,5526.974,8840.000,true
baseline,1,mybatis_retry_rollback,7,2808,4465.420,7568.000,true
baseline,1,mybatis_where_128,7,419,45273.031,58208.000,true
baseline,1,positional_between,7,19074,1192.718,3056.000,true
baseline,1,raw_nested,7,16207,1336.497,3280.000,true
baseline,1,raw_row_in,7,18376,1267.909,3136.000,true
baseline,1,named_select_columns,7,25565,864.604,1952.000,true
baseline,1,positional_group_order,7,6581,3178.803,6336.000,true
baseline,1,raw_insert_entity,7,25334,992.488,2176.000,false
baseline,1,named_late_modifier,7,22668,979.976,2816.000,true
baseline,1,raw_in_1024,7,283,78002.120,220248.000,true
baseline,1,positional_late_modifier,7,31178,722.003,2360.000,true
baseline,1,mybatis_row_in,7,14843,1353.500,3608.000,true
baseline,1,raw_select_expressions,7,10004,2337.335,2728.000,true
baseline,1,raw_in_17,7,11837,1909.707,5816.000,true
baseline,1,mybatis_join_on,7,6101,1863.547,4128.000,true
baseline,1,named_row_in,7,6652,1393.250,4016.000,true
baseline,1,positional_pagination,7,21271,1030.079,3288.000,true
baseline,1,mybatis_mixed_literals,7,12606,1602.634,3432.000,true
baseline,1,positional_where_eq,7,22721,909.700,2664.000,true
baseline,1,raw_select_columns,7,22901,838.605,1952.000,true
baseline,1,mybatis_in_expression,7,839,23844.458,66656.000,true
baseline,1,mybatis_group_order,7,2455,3714.420,7264.000,true
baseline,1,named_insert_values,7,9996,1193.057,3048.000,true
baseline,1,positional_naming_CAMEL_CASE,7,6392,3564.424,4928.000,true
baseline,1,positional_insert_placeholders,7,30072,693.812,1944.000,true
baseline,1,positional_raw_expression,7,12948,1642.949,2624.000,true
baseline,1,mybatis_condition_only,7,3469,5511.012,7960.000,true
baseline,1,raw_subquery_raw,7,32966,655.193,2272.000,true
baseline,1,positional_batch_4,7,6441,2055.224,5968.000,true
baseline,1,positional_row_in,7,22189,1177.331,2624.000,true
baseline,1,raw_insert_values,7,21331,1069.584,2464.000,false
baseline,1,named_batch_beans,7,2536,9411.869,26064.000,true
baseline,1,named_nested,7,4880,1571.455,3648.000,true
baseline,1,positional_in_17,7,22297,958.443,2672.000,true
baseline,1,named_select_star,7,76018,319.198,1424.000,true
baseline,1,named_naming_SCREAMING_SNAKE_CASE,7,3504,6679.595,10600.000,true
baseline,1,mybatis_union_raw,7,2845,3439.824,5200.000,true
baseline,1,positional_retry_rollback,7,5641,3801.117,5872.000,true
baseline,1,mybatis_late_modifier,7,10311,829.386,2656.000,true
baseline,1,raw_update_chain_16,7,2706,8956.135,25448.000,true
baseline,1,mybatis_where_16,7,2789,6193.008,8984.000,true
baseline,1,positional_naming_UPPER_CAMEL_CASE,7,4426,4635.269,5888.000,true
baseline,1,raw_delete,7,51847,456.890,1624.000,true
baseline,1,named_insert_entity,7,8767,1038.063,2760.000,true
baseline,1,mybatis_naming_UPPER_CAMEL_CASE,7,3615,6190.318,8984.000,true
baseline,1,positional_select_expressions,7,9910,2307.649,2728.000,true
baseline,1,mybatis_select_star,7,70406,308.891,1424.000,true
baseline,1,raw_pagination,7,20534,1077.452,3400.000,true
baseline,1,positional_naming_SCREAMING_SNAKE_CASE,7,4649,4774.403,5904.000,true
baseline,1,named_between,7,14416,1383.470,3800.000,true
baseline,1,mybatis_select_expressions,7,5721,2146.845,2728.000,true
baseline,1,raw_batch_4,7,8769,2649.219,7584.000,false
baseline,1,mybatis_update_chain_16,7,783,14041.124,39936.000,true
baseline,1,named_where_16,7,3142,6537.492,10584.000,true
baseline,1,raw_late_modifier,7,27351,837.699,2480.000,true
baseline,1,mybatis_repeated_names,7,773,38524.450,52872.000,true
baseline,1,raw_naming_KEBAB_CASE,7,3976,6664.738,8840.000,true
baseline,1,mybatis_pagination,7,7835,1733.950,3808.000,true
baseline,1,raw_naming_UPPER_CAMEL_CASE,7,4005,7071.461,8840.000,true
baseline,1,positional_dialect_Oracle,7,20473,1274.806,3496.000,true
baseline,1,mybatis_update_map,7,8852,1842.036,4200.000,true
baseline,1,named_naming_UPPER_CAMEL_CASE,7,3467,6838.304,10584.000,true
baseline,1,positional_select_entity,7,32751,629.682,2000.000,true
baseline,1,named_subquery_raw,7,32433,739.614,2272.000,true
baseline,1,named_naming_KEBAB_CASE,7,3552,7120.861,10584.000,true
baseline,1,mybatis_select_entity,7,18926,635.861,2000.000,true
baseline,1,positional_dialect_PostgreSQL,7,20176,1215.880,3360.000,true
baseline,1,positional_repeated_names,7,1310,16842.595,30360.000,true
baseline,1,mybatis_naming_KEBAB_CASE,7,3722,6047.636,8984.000,true
baseline,1,raw_subquery_structured,7,15938,1590.250,4616.000,true
baseline,1,raw_group_order,7,6582,3742.100,6432.000,true
baseline,1,positional_in_16,7,25254,1017.981,2656.000,true
baseline,1,mybatis_where_eq,7,17685,1241.759,2960.000,true
baseline,1,named_dialect_Microsoft_SQL_Server,7,11878,1890.874,4320.000,true
baseline,1,positional_mixed_literals,7,17761,1475.823,2800.000,true
baseline,1,mybatis_between,7,12270,1570.432,3544.000,true
baseline,1,named_dialect_DB2,7,15286,1560.048,4320.000,true
baseline,1,named_in_17,7,8826,2544.086,7888.000,true
baseline,1,mybatis_in_1024,7,199,111575.879,256896.000,true
baseline,1,raw_between,7,15794,1473.990,3384.000,true
baseline,1,mybatis_subquery_structured,7,5291,2021.943,5232.000,true
baseline,1,named_repeated_names,7,645,29510.233,64920.000,true
baseline,1,raw_join_using,7,16339,1123.263,3176.000,true
baseline,1,named_group_order,7,4671,4370.328,7688.000,true
baseline,1,mybatis_derived,7,908,13407.709,17144.000,true
baseline,1,named_in_256,7,708,30046.045,90712.000,true
baseline,1,named_where_128,7,408,55544.853,71280.000,true
baseline,1,raw_in_256,7,1053,22292.593,56640.000,true
baseline,1,positional_insert_entity,7,31197,764.106,1816.000,true
baseline,1,positional_derived,7,2275,11397.495,15296.000,true
baseline,1,raw_naming_SCREAMING_SNAKE_CASE,7,3938,6538.547,8856.000,true
baseline,1,raw_naming_CAMEL_CASE,7,3064,5209.171,7880.000,true
baseline,1,raw_batch_64,7,779,31995.250,97344.000,false
baseline,1,mybatis_join_using,7,16100,1063.137,3352.000,true
baseline,1,raw_in_expression,7,1108,19917.058,56616.000,true
baseline,1,mybatis_naming_SCREAMING_SNAKE_CASE,7,3636,5965.209,9000.000,true
baseline,1,raw_repeated_names,7,658,24305.167,53896.000,true
baseline,1,positional_condition_only,7,5056,3956.032,4872.000,true
baseline,1,positional_naming_KEBAB_CASE,7,4808,4517.097,5888.000,true
baseline,1,positional_select_star,7,81107,296.116,1424.000,true
baseline,1,named_in_16,7,9736,2389.698,7600.000,true
baseline,1,raw_union_raw,7,6564,3245.201,5200.000,true
baseline,1,named_retry_rollback,7,4609,4248.340,8264.000,true
baseline,1,named_update_chain_16,7,916,16588.974,47000.000,true
baseline,1,mybatis_insert_values,7,18373,1152.566,2744.000,true
baseline,1,mybatis_insert_placeholders,7,20006,1011.467,2584.000,true
baseline,1,positional_join_on,7,12495,1506.082,3832.000,true
baseline,1,named_where_eq,7,19700,1047.919,3120.000,true
baseline,1,mybatis_nested,7,14237,1471.539,3416.000,true
baseline,1,named_dialect_PostgreSQL,7,15770,1510.368,4144.000,true
baseline,1,custom_handler_where,7,3193,6669.339,10616.000,true
baseline,1,positional_union_raw,7,6449,3326.097,5200.000,true
baseline,1,raw_where_128,7,471,42552.654,56496.000,true
baseline,1,named_batch_64,7,524,40086.832,134912.000,true
baseline,1,positional_update_chain_16,7,2886,6390.367,22360.000,true
baseline,1,named_pagination,7,15988,1256.323,4072.000,true
baseline,1,raw_retry_rollback,7,5896,3461.024,6376.000,true
baseline,1,mybatis_batch_64,7,543,34408.656,118896.000,true
baseline,1,mybatis_insert_entity,7,21558,932.007,2456.000,true
baseline,1,raw_join_on,7,12885,1766.201,3952.000,true
baseline,1,custom_handler_union,7,1887,11345.310,16536.000,true
baseline,1,named_dialect_Oracle,7,14658,1530.366,4272.000,true
baseline,1,raw_batch_beans,7,3420,6440.702,16896.000,false
baseline,1,mybatis_in_256,7,836,22034.928,66616.000,true
baseline,1,named_delete,7,33747,459.753,1960.000,true
baseline,1,raw_insert_placeholders,7,31831,693.560,1944.000,true
baseline,1,raw_where_eq,7,18963,1000.480,2784.000,true
baseline,1,raw_condition_only,7,4533,4979.440,7816.000,true
baseline,1,positional_insert_values,7,27188,889.319,2104.000,true
baseline,1,named_in_1024,7,159,132957.233,353216.000,true
baseline,1,positional_union_builder,7,3946,5343.386,9768.000,true
baseline,1,raw_naming_NO_CHANGE,7,5193,4448.257,7880.000,true
baseline,1,named_mixed_literals,7,9989,1576.534,3768.000,true
baseline,1,positional_dialect_Microsoft_SQL_Server,7,17121,1317.972,3544.000,true
baseline,1,raw_select_entity,7,34074,584.912,2000.000,true
baseline,1,named_naming_CAMEL_CASE,7,4311,4968.917,9624.000,true
baseline,1,positional_subquery_raw,7,33778,623.986,2272.000,true
baseline,1,mybatis_naming_NO_CHANGE,7,4630,4995.680,8024.000,true
baseline,1,named_insert_placeholders,7,7687,1005.126,2920.000,true
baseline,1,named_subquery_structured,7,11438,1882.095,5488.000,true
baseline,1,positional_subquery_structured,7,14074,1424.819,4704.000,true
baseline,1,raw_raw_expression,7,13739,1519.354,2624.000,true
baseline,1,raw_union_builder,7,3299,5678.145,10160.000,true
baseline,1,mybatis_delete,7,40351,426.929,1808.000,true
baseline,1,mybatis_batch_4,7,6423,2980.617,8784.000,true
baseline,1,named_union_builder,7,2062,10886.178,17272.000,true
baseline,1,named_derived,7,1939,11051.367,17800.000,true
baseline,1,mybatis_subquery_raw,7,15124,684.581,2272.000,true
baseline,1,positional_naming_NO_CHANGE,7,6572,3397.155,4928.000,true
baseline,1,positional_nested,7,17754,1239.056,2952.000,true
baseline,1,mybatis_in_16,7,10211,1932.573,6128.000,true
baseline,1,named_select_entity,7,38004,608.849,2000.000,true
baseline,1,mybatis_batch_beans,7,2475,7745.293,22080.000,true
baseline,1,positional_batch_beans,7,4926,4065.976,10464.000,true
baseline,1,named_join_on,7,10580,1764.197,4288.000,true
baseline,1,named_dialect_MySQL,7,16633,1371.779,4144.000,true
baseline,1,named_union_raw,7,6374,3437.245,5200.000,true
baseline,1,positional_in_1024,7,1472,15436.413,28504.000,true
baseline,1,named_batch_4,7,4689,3186.884,9736.000,true
baseline,1,positional_in_expression,7,5023,4595.441,9760.000,true
baseline,1,positional_batch_64,7,1228,20332.166,72176.000,true
baseline,1,named_raw_expression,7,10237,1601.114,2624.000,true
baseline,1,mybatis_in_17,7,9252,2177.583,6344.000,true
baseline,1,named_update_map,7,10093,1716.814,4752.000,true
baseline,1,positional_dialect_DB2,7,18231,1139.241,3544.000,true
baseline,1,raw_select_star,7,42123,293.203,1424.000,true
baseline,1,mybatis_select_columns,7,21097,767.621,1952.000,true
baseline,1,positional_where_128,7,436,34255.734,32808.000,true
baseline,1,named_condition_only,7,1899,5324.171,9560.000,true
baseline,1,raw_in_16,7,11689,1737.026,5600.000,true
baseline,1,raw_derived,7,2273,9424.285,15848.000,true
baseline,1,raw_mixed_literals,7,13867,1564.549,3192.000,true
baseline,1,positional_join_using,7,24987,820.323,3056.000,true
baseline,1,raw_insert_entity,8,25334,806.402,2176.000,false
baseline,1,named_update_chain_16,8,916,17135.480,47000.000,true
baseline,1,positional_condition_only,8,5056,3909.415,4872.000,true
baseline,1,raw_in_17,8,11837,1801.926,5816.000,true
baseline,1,raw_select_entity,8,34074,575.336,2000.000,true
baseline,1,named_select_star,8,76018,276.302,1424.000,true
baseline,1,raw_retry_rollback,8,5896,3441.011,6376.000,true
baseline,1,raw_repeated_names,8,658,23382.675,53896.000,true
baseline,1,raw_between,8,15794,1238.382,3384.000,true
baseline,1,positional_derived,8,2275,8954.374,15296.000,true
baseline,1,raw_delete,8,51847,416.740,1624.000,true
baseline,1,mybatis_pagination,8,7835,1223.931,3808.000,true
baseline,1,named_group_order,8,4671,3964.890,7688.000,true
baseline,1,raw_batch_beans,8,3420,6183.187,16896.000,false
baseline,1,positional_dialect_Oracle,8,20473,1040.307,3496.000,true
baseline,1,positional_where_128,8,436,31490.596,32808.000,true
baseline,1,mybatis_subquery_structured,8,5291,1568.248,5232.000,true
baseline,1,positional_naming_NO_CHANGE,8,6572,3248.828,4928.000,true
baseline,1,positional_dialect_Microsoft_SQL_Server,8,17121,1384.837,3544.000,true
baseline,1,named_dialect_MySQL,8,16633,1340.155,4144.000,true
baseline,1,positional_select_entity,8,32751,653.669,2000.000,true
baseline,1,raw_where_eq,8,18963,1074.155,2784.000,true
baseline,1,positional_delete,8,60017,374.464,1504.000,true
baseline,1,mybatis_naming_KEBAB_CASE,8,3722,6373.482,8984.000,true
baseline,1,raw_late_modifier,8,27351,729.447,2480.000,true
baseline,1,mybatis_in_17,8,9252,2135.365,6344.000,true
baseline,1,named_where_16,8,3142,6508.148,10584.000,true
baseline,1,mybatis_insert_placeholders,8,20006,907.028,2584.000,true
baseline,1,raw_update_map,8,15811,1371.710,3592.000,false
baseline,1,positional_insert_placeholders,8,30072,689.505,1944.000,true
baseline,1,mybatis_union_builder,8,828,10280.556,16648.000,true
baseline,1,raw_subquery_raw,8,32966,629.688,2272.000,true
baseline,1,mybatis_where_16,8,2789,5616.708,8984.000,true
baseline,1,positional_batch_64,8,1228,17655.293,72176.000,true
baseline,1,raw_where_16,8,3559,5627.452,8840.000,true
baseline,1,mybatis_naming_SCREAMING_SNAKE_CASE,8,3636,5575.413,9000.000,true
baseline,1,positional_batch_4,8,6441,1928.614,5968.000,true
baseline,1,named_dialect_PostgreSQL,8,15770,1286.271,4144.000,true
baseline,1,positional_group_order,8,6581,3206.002,6336.000,true
baseline,1,raw_in_1024,8,283,77428.975,220248.000,true
baseline,1,raw_where_128,8,471,40076.858,56496.000,true
baseline,1,positional_naming_SCREAMING_SNAKE_CASE,8,4649,4430.974,5904.000,true
baseline,1,mybatis_update_map,8,8852,1659.467,4200.000,true
baseline,1,named_raw_expression,8,10237,1404.484,2624.000,true
baseline,1,named_where_eq,8,19700,1063.335,3120.000,true
baseline,1,named_condition_only,8,1899,5248.868,9560.000,true
baseline,1,mybatis_late_modifier,8,10311,802.551,2656.000,true
baseline,1,raw_derived,8,2273,8690.497,15848.000,true
baseline,1,named_in_17,8,8826,2347.689,7888.000,true
baseline,1,named_subquery_raw,8,32433,601.548,2272.000,true
baseline,1,named_union_builder,8,2062,10114.694,17272.000,true
baseline,1,mybatis_insert_values,8,18373,1145.093,2744.000,true
baseline,1,named_select_columns,8,25565,789.102,1952.000,true
baseline,1,mybatis_derived,8,908,10178.304,17144.000,true
baseline,1,named_repeated_names,8,645,26863.101,64920.000,true
baseline,1,mybatis_batch_beans,8,2475,8120.283,22080.000,true
baseline,1,named_late_modifier,8,22668,787.899,2816.000,true
baseline,1,mybatis_select_star,8,70406,290.472,1424.000,true
baseline,1,named_between,8,14416,1449.334,3800.000,true
baseline,1,raw_group_order,8,6582,3084.047,6432.000,true
baseline,1,positional_naming_UPPER_CAMEL_CASE,8,4426,4766.335,5888.000,true
baseline,1,raw_in_256,8,1053,19218.519,56640.000,true
baseline,1,positional_in_256,8,5178,4386.732,9576.000,true
baseline,1,positional_where_16,8,4542,4266.491,5888.000,true
baseline,1,raw_subquery_structured,8,15938,1415.002,4616.000,true
baseline,1,mybatis_condition_only,8,3469,5584.232,7960.000,true
baseline,1,positional_update_map,8,21553,1069.689,3024.000,true
baseline,1,raw_select_columns,8,22901,758.006,1952.000,true
baseline,1,mybatis_row_in,8,14843,1319.201,3608.000,true
baseline,1,positional_dialect_DB2,8,18231,1214.020,3544.000,true
baseline,1,raw_union_builder,8,3299,4995.817,10160.000,true
baseline,1,positional_mixed_literals,8,17761,1228.332,2800.000,true
baseline,1,raw_select_expressions,8,10004,1988.345,2728.000,true
baseline,1,mybatis_in_256,8,836,22428.947,66616.000,true
baseline,1,mybatis_union_raw,8,2845,3071.564,5200.000,true
baseline,1,mybatis_where_eq,8,17685,1001.159,2960.000,true
baseline,1,named_insert_entity,8,8767,805.851,2760.000,true
baseline,1,mybatis_mixed_literals,8,12606,1452.467,3432.000,true
baseline,1,raw_update_chain_16,8,2706,7987.177,25448.000,true
baseline,1,raw_insert_placeholders,8,31831,676.693,1944.000,true
baseline,1,mybatis_in_1024,8,199,104022.613,256896.000,true
baseline,1,named_naming_SCREAMING_SNAKE_CASE,8,3504,5732.363,10600.000,true
baseline,1,raw_batch_4,8,8769,2528.510,7584.000,false
baseline,1,mybatis_select_expressions,8,5721,2059.587,2728.000,true
baseline,1,named_where_128,8,408,47806.373,71280.000,true
baseline,1,mybatis_join_using,8,16100,895.652,3352.000,true
baseline,1,named_dialect_Microsoft_SQL_Server,8,11878,1654.327,4320.000,true
baseline,1,positional_nested,8,17754,1159.316,2952.000,true
baseline,1,named_in_256,8,708,24574.576,90712.000,true
baseline,1,named_in_16,8,9736,2235.230,7600.000,true
baseline,1,raw_raw_expression,8,13739,1599.425,2624.000,true
baseline,1,mybatis_naming_CAMEL_CASE,8,4490,4733.519,8024.000,true
baseline,1,mybatis_retry_rollback,8,2808,4240.527,7568.000,true
baseline,1,named_insert_values,8,9996,1094.648,3048.000,true
baseline,1,mybatis_select_entity,8,18926,542.349,2000.000,true
baseline,1,mybatis_delete,8,40351,439.137,1808.000,true
baseline,1,positional_insert_entity,8,31197,585.736,1816.000,true
baseline,1,mybatis_subquery_raw,8,15124,611.974,2272.000,true
baseline,1,positional_naming_KEBAB_CASE,8,4808,4555.012,5888.000,true
baseline,1,positional_update_chain_16,8,2886,6577.096,22360.000,true
baseline,1,named_naming_UPPER_CAMEL_CASE,8,3467,5901.644,10584.000,true
baseline,1,mybatis_raw_expression,8,6600,1582.076,2624.000,true
baseline,1,named_in_expression,8,717,26264.993,90680.000,true
baseline,1,named_mixed_literals,8,9989,1514.956,3768.000,true
baseline,1,positional_select_star,8,81107,275.625,1424.000,true
baseline,1,raw_join_on,8,12885,1687.334,3952.000,true
baseline,1,named_delete,8,33747,445.980,1960.000,true
baseline,1,raw_naming_SCREAMING_SNAKE_CASE,8,3938,5398.273,8856.000,true
baseline,1,named_pagination,8,15988,1326.364,4072.000,true
baseline,1,mybatis_batch_4,8,6423,2851.767,8784.000,true
baseline,1,positional_in_expression,8,5023,4581.724,9760.000,true
baseline,1,named_join_using,8,17767,996.201,3512.000,true
baseline,1,named_select_entity,8,38004,645.850,2000.000,true
baseline,1,raw_batch_64,8,779,28401.797,97344.000,false
baseline,1,raw_row_in,8,18376,1234.447,3136.000,true
baseline,1,raw_in_expression,8,1108,18229.693,56616.000,true
baseline,1,raw_insert_values,8,21331,998.847,2464.000,false
baseline,1,positional_in_17,8,22297,886.622,2672.000,true
baseline,1,positional_subquery_structured,8,14074,1345.986,4704.000,true
baseline,1,positional_union_raw,8,6449,3118.732,5200.000,true
baseline,1,mybatis_where_128,8,419,50852.029,58208.000,true
baseline,1,raw_naming_UPPER_CAMEL_CASE,8,4005,5091.136,8840.000,true
baseline,1,named_row_in,8,6652,1317.664,4016.000,true
baseline,1,raw_join_using,8,16339,963.719,3176.000,true
baseline,1,named_dialect_DB2,8,15286,1364.510,4320.000,true
baseline,1,positional_batch_beans,8,4926,4766.078,10464.000,true
baseline,1,named_nested,8,4880,1279.180,3648.000,true
baseline,1,positional_retry_rollback,8,5641,3126.786,5872.000,true
baseline,1,raw_union_raw,8,6564,3237.569,5200.000,true
baseline,1,named_batch_beans,8,2536,8255.915,26064.000,true
baseline,1,raw_mixed_literals,8,13867,1557.475,3192.000,true
baseline,1,positional_join_using,8,24987,844.711,3056.000,true
baseline,1,named_retry_rollback,8,4609,4372.250,8264.000,true
baseline,1,positional_in_1024,8,1472,13950.951,28504.000,true
baseline,1,named_naming_NO_CHANGE,8,4422,4760.470,9624.000,true
baseline,1,named_select_expressions,8,8893,2018.441,2728.000,true
baseline,1,positional_union_builder,8,3946,5540.117,9768.000,true
baseline,1,mybatis_join_on,8,6101,1825.127,4128.000,true
baseline,1,mybatis_repeated_names,8,773,23561.190,52872.000,true
baseline,1,positional_between,8,19074,1146.702,3056.000,true
baseline,1,positional_repeated_names,8,1310,15301.985,30360.000,true
baseline,1,named_union_raw,8,6374,3160.762,5200.000,true
baseline,1,positional_raw_expression,8,12948,1479.209,2624.000,true
baseline,1,positional_where_eq,8,22721,898.354,2664.000,true
baseline,1,mybatis_update_chain_16,8,783,12536.909,39936.000,true
baseline,1,mybatis_group_order,8,2455,3799.878,7264.000,true
baseline,1,positional_subquery_raw,8,33778,631.861,2272.000,true
baseline,1,raw_nested,8,16207,1476.658,3280.000,true
baseline,1,raw_naming_CAMEL_CASE,8,3064,5243.832,7880.000,true
baseline,1,mybatis_batch_64,8,543,33614.365,118896.000,true
baseline,1,named_subquery_structured,8,11438,1901.521,5488.000,true
baseline,1,raw_in_16,8,11689,1785.448,5600.000,true
baseline,1,mybatis_nested,8,14237,1394.297,3416.000,true
baseline,1,mybatis_select_columns,8,21097,778.732,1952.000,true
baseline,1,positional_row_in,8,22189,986.822,2624.000,true
baseline,1,positional_dialect_MySQL,8,20822,1058.131,3360.000,true
baseline,1,raw_naming_KEBAB_CASE,8,3976,5163.883,8840.000,true
baseline,1,mybatis_in_expression,8,839,22287.962,66656.000,true
baseline,1,named_batch_64,8,524,36287.405,134912.000,true
baseline,1,named_update_map,8,10093,1778.837,4752.000,true
baseline,1,named_naming_KEBAB_CASE,8,3552,5566.582,10584.000,true
baseline,1,mybatis_between,8,12270,1396.862,3544.000,true
baseline,1,raw_naming_NO_CHANGE,8,5193,3984.710,7880.000,true
baseline,1,positional_dialect_PostgreSQL,8,20176,1158.064,3360.000,true
baseline,1,positional_in_16,8,25254,1045.407,2656.000,true
baseline,1,named_naming_CAMEL_CASE,8,4311,5166.504,9624.000,true
baseline,1,mybatis_in_16,8,10211,2127.382,6128.000,true
baseline,1,positional_select_columns,8,25446,858.469,1952.000,true
baseline,1,mybatis_insert_entity,8,21558,856.874,2456.000,true
baseline,1,positional_naming_CAMEL_CASE,8,6392,3490.785,4928.000,true
baseline,1,named_dialect_Oracle,8,14658,1310.295,4272.000,true
baseline,1,named_join_on,8,10580,1679.178,4288.000,true
baseline,1,custom_handler_union,8,1887,11120.456,16536.000,true
baseline,1,named_insert_placeholders,8,7687,980.773,2920.000,true
baseline,1,raw_condition_only,8,4533,4694.463,7816.000,true
baseline,1,named_in_1024,8,159,122935.220,353216.000,true
baseline,1,positional_select_expressions,8,9910,2082.008,2728.000,true
baseline,1,positional_pagination,8,21271,967.632,3288.000,true
baseline,1,named_derived,8,1939,13046.777,17800.000,true
baseline,1,custom_handler_where,8,3193,6282.274,10616.000,true
baseline,1,mybatis_naming_UPPER_CAMEL_CASE,8,3615,6092.752,8984.000,true
baseline,1,raw_pagination,8,20534,986.491,3400.000,true
baseline,1,positional_late_modifier,8,31178,697.797,2360.000,true
baseline,1,positional_join_on,8,12495,1604.794,3832.000,true
baseline,1,positional_insert_values,8,27188,833.029,2104.000,true
baseline,1,named_batch_4,8,4689,2924.931,9736.000,true
baseline,1,raw_select_star,8,42123,279.073,1424.000,true
baseline,1,mybatis_naming_NO_CHANGE,8,4630,4745.745,8024.000,true
baseline,1,positional_update_map,9,21553,1006.746,3024.000,true
baseline,1,positional_select_columns,9,25446,793.763,1952.000,true
baseline,1,positional_insert_values,9,27188,810.876,2104.000,true
baseline,1,positional_pagination,9,21271,904.250,3288.000,true
baseline,1,raw_insert_values,9,21331,1093.840,2464.000,false
baseline,1,named_select_expressions,9,8893,2155.324,2728.000,true
baseline,1,named_derived,9,1939,10044.095,17800.000,true
baseline,1,raw_in_17,9,11837,1716.009,5816.000,true
baseline,1,positional_dialect_Oracle,9,20473,1077.746,3496.000,true
baseline,1,mybatis_in_16,9,10211,1946.734,6128.000,true
baseline,1,named_row_in,9,6652,1303.157,4016.000,true
baseline,1,mybatis_select_columns,9,21097,862.938,1952.000,true
baseline,1,mybatis_naming_KEBAB_CASE,9,3722,5840.731,8984.000,true
baseline,1,positional_join_on,9,12495,1582.297,3832.000,true
baseline,1,positional_insert_entity,9,31197,588.345,1816.000,true
baseline,1,mybatis_join_on,9,6101,1789.887,4128.000,true
baseline,1,named_subquery_structured,9,11438,1813.761,5488.000,true
baseline,1,mybatis_naming_NO_CHANGE,9,4630,4738.769,8024.000,true
baseline,1,named_select_entity,9,38004,562.154,2000.000,true
baseline,1,mybatis_where_128,9,419,44637.232,58208.000,true
baseline,1,named_delete,9,33747,476.641,1960.000,true
baseline,1,positional_batch_4,9,6441,1813.957,5968.000,true
baseline,1,mybatis_subquery_raw,9,15124,639.851,2272.000,true
baseline,1,mybatis_naming_SCREAMING_SNAKE_CASE,9,3636,5682.618,9000.000,true
baseline,1,raw_batch_beans,9,3420,6650.029,16896.000,false
baseline,1,positional_where_16,9,4542,4228.886,5888.000,true
baseline,1,named_in_expression,9,717,26035.286,90680.000,true
baseline,1,mybatis_repeated_names,9,773,25856.404,52872.000,true
baseline,1,positional_condition_only,9,5056,3923.180,4872.000,true
baseline,1,raw_mixed_literals,9,13867,1543.405,3192.000,true
baseline,1,named_naming_KEBAB_CASE,9,3552,5822.297,10584.000,true
baseline,1,named_retry_rollback,9,4609,4221.024,8264.000,true
baseline,1,named_dialect_DB2,9,15286,1320.175,4320.000,true
baseline,1,raw_between,9,15794,1251.412,3384.000,true
baseline,1,named_update_map,9,10093,1723.402,4752.000,true
baseline,1,named_late_modifier,9,22668,813.265,2816.000,true
baseline,1,named_where_eq,9,19700,940.756,3120.000,true
baseline,1,named_insert_entity,9,8767,939.934,2760.000,true
baseline,1,named_where_16,9,3142,6039.433,10584.000,true
baseline,1,named_naming_SCREAMING_SNAKE_CASE,9,3504,6003.995,10600.000,true
baseline,1,raw_nested,9,16207,1251.688,3280.000,true
baseline,1,raw_naming_UPPER_CAMEL_CASE,9,4005,5410.836,8840.000,true
baseline,1,mybatis_in_17,9,9252,1908.776,6344.000,true
baseline,1,positional_group_order,9,6581,3066.981,6336.000,true
baseline,1,positional_in_16,9,25254,871.236,2656.000,true
baseline,1,named_batch_4,9,4689,2773.385,9736.000,true
baseline,1,raw_batch_4,9,8769,2616.581,7584.000,false
baseline,1,raw_naming_NO_CHANGE,9,5193,4270.614,7880.000,true
baseline,1,mybatis_insert_values,9,18373,1059.457,2744.000,true
baseline,1,named_where_128,9,408,47793.873,71280.000,true
baseline,1,mybatis_row_in,9,14843,1295.324,3608.000,true
baseline,1,raw_in_1024,9,283,76777.385,220248.000,true
baseline,1,mybatis_nested,9,14237,1417.700,3416.000,true
baseline,1,named_raw_expression,9,10237,1417.466,2624.000,true
baseline,1,named_in_17,9,8826,2463.211,7888.000,true
baseline,1,named_join_on,9,10580,1731.295,4288.000,true
baseline,1,positional_delete,9,60017,335.742,1504.000,true
baseline,1,named_join_using,9,17767,992.863,3512.000,true
baseline,1,named_in_16,9,9736,2171.107,7600.000,true
baseline,1,mybatis_select_entity,9,18926,574.987,2000.000,true
baseline,1,named_dialect_MySQL,9,16633,1315.758,4144.000,true
baseline,1,raw_union_builder,9,3299,5395.029,10160.000,true
baseline,1,raw_select_star,9,42123,275.693,1424.000,true
baseline,1,mybatis_pagination,9,7835,1116.528,3808.000,true
baseline,1,named_repeated_names,9,645,28754.884,64920.000,true
baseline,1,positional_row_in,9,22189,987.525,2624.000,true
baseline,1,raw_retry_rollback,9,5896,3418.945,6376.000,true
baseline,1,mybatis_delete,9,40351,438.891,1808.000,true
baseline,1,raw_batch_64,9,779,26667.522,97344.000,false
baseline,1,positional_union_builder,9,3946,5381.906,9768.000,true
baseline,1,mybatis_join_using,9,16100,909.143,3352.000,true
baseline,1,named_mixed_literals,9,9989,1570.277,3768.000,true
baseline,1,mybatis_between,9,12270,1258.093,3544.000,true
baseline,1,mybatis_in_1024,9,199,95231.156,256896.000,true
baseline,1,custom_handler_union,9,1887,10486.116,16536.000,true
baseline,1,raw_update_chain_16,9,2706,8008.758,25448.000,true
baseline,1,named_condition_only,9,1899,5667.299,9560.000,true
baseline,1,mybatis_derived,9,908,11407.269,17144.000,true
baseline,1,mybatis_in_256,9,836,21451.914,66616.000,true
baseline,1,positional_dialect_PostgreSQL,9,20176,1076.918,3360.000,true
baseline,1,named_dialect_PostgreSQL,9,15770,1522.511,4144.000,true
baseline,1,positional_naming_KEBAB_CASE,9,4808,4338.062,5888.000,true
baseline,1,raw_raw_expression,9,13739,1606.129,2624.000,true
baseline,1,raw_in_expression,9,1108,19982.942,56616.000,true
baseline,1,raw_insert_placeholders,9,31831,686.645,1944.000,true
baseline,1,positional_where_eq,9,22721,852.159,2664.000,true
baseline,1,named_between,9,14416,1367.966,3800.000,true
baseline,1,raw_subquery_raw,9,32966,605.090,2272.000,true
baseline,1,raw_pagination,9,20534,1004.982,3400.000,true
baseline,1,named_dialect_Microsoft_SQL_Server,9,11878,1497.559,4320.000,true
baseline,1,mybatis_retry_rollback,9,2808,4107.051,7568.000,true
baseline,1,mybatis_group_order,9,2455,3275.438,7264.000,true
baseline,1,positional_batch_64,9,1228,17999.919,72176.000,true
baseline,1,named_update_chain_16,9,916,16983.188,47000.000,true
baseline,1,raw_insert_entity,9,25334,820.419,2176.000,false
baseline,1,mybatis_raw_expression,9,6600,1619.955,2624.000,true
baseline,1,named_pagination,9,15988,1155.254,4072.000,true
baseline,1,mybatis_in_expression,9,839,21947.676,66656.000,true
baseline,1,positional_retry_rollback,9,5641,3163.978,5872.000,true
baseline,1,positional_naming_CAMEL_CASE,9,6392,3186.718,4928.000,true
baseline,1,raw_where_128,9,471,39165.817,56496.000,true
baseline,1,raw_in_256,9,1053,18206.173,56640.000,true
baseline,1,positional_update_chain_16,9,2886,6716.043,22360.000,true
baseline,1,positional_nested,9,17754,1220.970,2952.000,true
baseline,1,raw_where_16,9,3559,4941.276,8840.000,true
baseline,1,mybatis_where_16,9,2789,6140.875,8984.000,true
baseline,1,raw_condition_only,9,4533,4912.641,7816.000,true
baseline,1,raw_derived,9,2273,8927.981,15848.000,true
baseline,1,mybatis_union_builder,9,828,11120.652,16648.000,true
baseline,1,raw_delete,9,51847,418.097,1624.000,true
baseline,1,raw_subquery_structured,9,15938,1390.174,4616.000,true
baseline,1,positional_dialect_DB2,9,18231,1123.416,3544.000,true
baseline,1,positional_naming_SCREAMING_SNAKE_CASE,9,4649,4326.823,5904.000,true
baseline,1,positional_naming_UPPER_CAMEL_CASE,9,4426,4265.951,5888.000,true
baseline,1,raw_join_using,9,16339,925.809,3176.000,true
baseline,1,positional_select_star,9,81107,288.214,1424.000,true
baseline,1,positional_in_expression,9,5023,4676.448,9760.000,true
baseline,1,named_insert_placeholders,9,7687,994.692,2920.000,true
baseline,1,positional_in_17,9,22297,857.236,2672.000,true
baseline,1,mybatis_condition_only,9,3469,5633.670,7960.000,true
baseline,1,positional_between,9,19074,1122.743,3056.000,true
baseline,1,named_nested,9,4880,1434.201,3648.000,true
baseline,1,mybatis_insert_entity,9,21558,861.546,2456.000,true
baseline,1,positional_late_modifier,9,31178,670.595,2360.000,true
baseline,1,positional_select_entity,9,32751,571.454,2000.000,true
baseline,1,positional_insert_placeholders,9,30072,684.634,1944.000,true
baseline,1,positional_mixed_literals,9,17761,1220.376,2800.000,true
baseline,1,positional_subquery_raw,9,33778,618.015,2272.000,true
baseline,1,mybatis_batch_64,9,543,34067.956,118896.000,true
baseline,1,positional_join_using,9,24987,845.948,3056.000,true
baseline,1,positional_naming_NO_CHANGE,9,6572,3035.332,4928.000,true
baseline,1,raw_union_raw,9,6564,3160.329,5200.000,true
baseline,1,mybatis_update_map,9,8852,1743.651,4200.000,true
baseline,1,raw_naming_KEBAB_CASE,9,3976,5381.087,8840.000,true
baseline,1,positional_select_expressions,9,9910,2283.148,2728.000,true
baseline,1,named_select_star,9,76018,280.523,1424.000,true
baseline,1,mybatis_select_expressions,9,5721,2176.805,2728.000,true
baseline,1,positional_repeated_names,9,1310,16410.840,30360.000,true
baseline,1,positional_in_256,9,5178,4292.140,9576.000,true
baseline,1,raw_late_modifier,9,27351,702.292,2480.000,true
baseline,1,mybatis_select_star,9,70406,292.752,1424.000,true
baseline,1,mybatis_batch_4,9,6423,2706.882,8784.000,true
baseline,1,positional_subquery_structured,9,14074,1450.369,4704.000,true
baseline,1,mybatis_naming_UPPER_CAMEL_CASE,9,3615,5663.596,8984.000,true
baseline,1,raw_join_on,9,12885,1772.767,3952.000,true
baseline,1,named_in_1024,9,159,121422.013,353216.000,true
baseline,1,raw_select_expressions,9,10004,2105.168,2728.000,true
baseline,1,named_group_order,9,4671,4024.727,7688.000,true
baseline,1,named_union_raw,9,6374,3046.250,5200.000,true
baseline,1,raw_select_entity,9,34074,666.153,2000.000,true
baseline,1,raw_naming_SCREAMING_SNAKE_CASE,9,3938,5290.884,8856.000,true
baseline,1,positional_raw_expression,9,12948,1494.146,2624.000,true
baseline,1,mybatis_union_raw,9,2845,3335.009,5200.000,true
baseline,1,raw_naming_CAMEL_CASE,9,3064,3931.919,7880.000,true
baseline,1,positional_derived,9,2275,9208.220,15296.000,true
baseline,1,mybatis_where_eq,9,17685,993.339,2960.000,true
baseline,1,named_batch_beans,9,2536,8039.511,26064.000,true
baseline,1,positional_dialect_Microsoft_SQL_Server,9,17121,1283.354,3544.000,true
baseline,1,mybatis_insert_placeholders,9,20006,1037.839,2584.000,true
baseline,1,mybatis_naming_CAMEL_CASE,9,4490,5074.076,8024.000,true
baseline,1,named_dialect_Oracle,9,14658,1499.161,4272.000,true
baseline,1,mybatis_subquery_structured,9,5291,1717.672,5232.000,true
baseline,1,named_naming_UPPER_CAMEL_CASE,9,3467,6163.311,10584.000,true
baseline,1,positional_union_raw,9,6449,3122.763,5200.000,true
baseline,1,raw_repeated_names,9,658,23071.884,53896.000,true
baseline,1,named_subquery_raw,9,32433,623.791,2272.000,true
baseline,1,raw_in_16,9,11689,1666.516,5600.000,true
baseline,1,named_insert_values,9,9996,1125.310,3048.000,true
baseline,1,positional_where_128,9,436,31891.972,32808.000,true
baseline,1,raw_update_map,9,15811,1479.495,3592.000,false
baseline,1,named_naming_NO_CHANGE,9,4422,4839.077,9624.000,true
baseline,1,mybatis_mixed_literals,9,12606,1606.973,3432.000,true
baseline,1,custom_handler_where,9,3193,6111.557,10616.000,true
baseline,1,mybatis_update_chain_16,9,783,14399.617,39936.000,true
baseline,1,raw_where_eq,9,18963,970.569,2784.000,true
baseline,1,named_naming_CAMEL_CASE,9,4311,4989.585,9624.000,true
baseline,1,named_in_256,9,708,26674.435,90712.000,true
baseline,1,positional_batch_beans,9,4926,3939.423,10464.000,true
baseline,1,positional_in_1024,9,1472,13770.584,28504.000,true
baseline,1,named_batch_64,9,524,40005.916,134912.000,true
baseline,1,raw_select_columns,9,22901,798.205,1952.000,true
baseline,1,named_union_builder,9,2062,10994.180,17272.000,true
baseline,1,mybatis_batch_beans,9,2475,7358.182,22080.000,true
baseline,1,named_select_columns,9,25565,798.576,1952.000,true
baseline,1,mybatis_late_modifier,9,10311,826.835,2656.000,true
baseline,1,raw_row_in,9,18376,1169.101,3136.000,true
baseline,1,raw_group_order,9,6582,3327.849,6432.000,true
baseline,1,positional_dialect_MySQL,9,20822,1047.786,3360.000,true
