version,fork,case,round,operations,ns_per_op,bytes_per_op,equivalent
baseline,4,raw_late_modifier,1,23741,828.790,2480.000,true
baseline,4,mybatis_in_1024,1,198,94515.152,256896.000,true
baseline,4,raw_condition_only,1,4626,5277.021,7816.000,true
baseline,4,named_dialect_Microsoft_SQL_Server,1,6460,1553.963,4320.000,true
baseline,4,positional_select_expressions,1,4297,2206.470,2728.000,true
baseline,4,raw_insert_entity,1,26403,877.927,2176.000,false
baseline,4,positional_group_order,1,3564,3430.920,6336.000,true
baseline,4,mybatis_group_order,1,5506,3953.596,7264.000,true
baseline,4,raw_naming_KEBAB_CASE,1,3962,5523.523,8840.000,true
baseline,4,positional_dialect_DB2,1,18949,1285.999,3544.000,true
baseline,4,raw_select_star,1,80861,293.917,1424.000,true
baseline,4,named_delete,1,50900,487.811,1960.000,true
baseline,4,named_retry_rollback,1,4346,4407.984,8264.000,true
baseline,4,named_pagination,1,17476,1301.511,4072.000,true
baseline,4,mybatis_batch_beans,1,1583,7877.764,22080.000,true
baseline,4,positional_pagination,1,8599,1028.259,3288.000,true
baseline,4,positional_union_builder,1,1898,6140.306,9768.000,true
baseline,4,raw_insert_placeholders,1,31897,774.715,1944.000,true
baseline,4,raw_batch_beans,1,2944,7241.202,16896.000,false
baseline,4,named_dialect_DB2,1,14255,1465.963,4320.000,true
baseline,4,positional_in_expression,1,3980,4523.367,9760.000,true
baseline,4,mybatis_batch_64,1,564,38414.894,118896.000,true
baseline,4,mybatis_raw_expression,1,13647,1610.017,2624.000,true
baseline,4,raw_in_expression,1,1198,19697.579,56616.000,true
baseline,4,mybatis_select_expressions,1,10317,2573.956,2728.000,true
baseline,4,named_in_expression,1,536,28742.724,90680.000,true
baseline,4,named_insert_entity,1,22495,973.923,2760.000,true
baseline,4,positional_naming_CAMEL_CASE,1,4664,3209.177,4928.000,true
baseline,4,raw_update_chain_16,1,2735,8427.605,25448.000,true
baseline,4,named_insert_values,1,15513,1261.800,3048.000,true
baseline,4,mybatis_subquery_raw,1,33514,650.704,2272.000,true
baseline,4,mybatis_naming_SCREAMING_SNAKE_CASE,1,2304,5916.580,9000.000,true
baseline,4,named_select_columns,1,12097,801.959,1952.000,true
baseline,4,positional_join_on,1,6522,1589.144,3832.000,true
baseline,4,positional_between,1,16440,1122.950,3056.000,true
baseline,4,named_in_256,1,543,30061.694,90712.000,true
baseline,4,raw_in_256,1,1082,18112.847,56640.000,true
baseline,4,mybatis_repeated_names,1,852,25735.094,52872.000,true
baseline,4,raw_join_using,1,22564,944.066,3176.000,true
baseline,4,mybatis_update_chain_16,1,1555,13873.441,39936.000,true
baseline,4,raw_naming_UPPER_CAMEL_CASE,1,3668,5778.762,8840.000,true
baseline,4,positional_dialect_PostgreSQL,1,16836,1206.480,3360.000,true
baseline,4,named_dialect_PostgreSQL,1,8932,1544.346,4144.000,true
baseline,4,raw_where_128,1,415,47747.711,56496.000,true
baseline,4,positional_subquery_structured,1,7265,1446.043,4704.000,true
baseline,4,named_row_in,1,14961,1458.893,4016.000,true
baseline,4,mybatis_mixed_literals,1,11326,1591.815,3432.000,true
baseline,4,positional_dialect_Microsoft_SQL_Server,1,15082,1384.962,3544.000,true
baseline,4,named_naming_UPPER_CAMEL_CASE,1,3267,6381.757,10584.000,true
baseline,4,positional_dialect_Oracle,1,8871,1175.516,3496.000,true
baseline,4,positional_derived,1,1113,10151.572,15296.000,true
baseline,4,named_update_chain_16,1,1274,18210.832,47000.000,true
baseline,4,positional_naming_SCREAMING_SNAKE_CASE,1,1842,5623.453,5904.000,true
baseline,4,named_union_builder,1,2122,11550.330,17272.000,true
baseline,4,positional_in_16,1,13203,1019.352,2656.000,true
baseline,4,positional_insert_values,1,16255,896.383,2104.000,true
baseline,4,raw_where_16,1,4081,6221.931,8840.000,true
baseline,4,named_naming_NO_CHANGE,1,3744,5094.418,9624.000,true
baseline,4,raw_union_raw,1,6776,3467.532,5200.000,true
baseline,4,positional_dialect_MySQL,1,19765,1062.474,3360.000,true
baseline,4,mybatis_pagination,1,16148,1110.812,3808.000,true
baseline,4,named_batch_64,1,590,37333.220,134912.000,true
baseline,4,mybatis_in_17,1,10261,2008.664,6344.000,true
baseline,4,positional_insert_entity,1,33975,630.390,1816.000,true
baseline,4,mybatis_union_raw,1,6213,3135.812,5200.000,true
baseline,4,raw_naming_NO_CHANGE,1,2744,4475.292,7880.000,true
baseline,4,raw_between,1,16805,1277.453,3384.000,true
baseline,4,raw_derived,1,2428,9644.852,15848.000,true
baseline,4,mybatis_naming_UPPER_CAMEL_CASE,1,3556,6312.120,8984.000,true
baseline,4,mybatis_subquery_structured,1,11844,1849.375,5232.000,true
baseline,4,named_late_modifier,1,18766,800.890,2816.000,true
baseline,4,mybatis_naming_NO_CHANGE,1,4113,4696.329,8024.000,true
baseline,4,mybatis_in_expression,1,833,26539.016,66656.000,true
baseline,4,positional_union_raw,1,2771,3339.083,5200.000,true
baseline,4,positional_in_256,1,4572,4837.030,9576.000,true
baseline,4,positional_retry_rollback,1,2431,3028.178,5872.000,true
baseline,4,named_in_1024,1,121,122906.612,353216.000,true
baseline,4,positional_batch_64,1,486,21211.523,72176.000,true
baseline,4,raw_batch_4,1,8793,2809.633,7584.000,false
baseline,4,positional_update_chain_16,1,2743,7134.488,22360.000,true
baseline,4,named_join_on,1,11458,1984.500,4288.000,true
baseline,4,positional_batch_4,1,3154,2302.156,5968.000,true
baseline,4,mybatis_insert_values,1,17763,1248.911,2744.000,true
baseline,4,mybatis_select_star,1,80817,318.695,1424.000,true
baseline,4,positional_delete,1,36737,401.249,1504.000,true
baseline,4,raw_select_entity,1,35530,721.275,2000.000,true
baseline,4,raw_select_expressions,1,8918,2636.454,2728.000,true
baseline,4,raw_group_order,1,7028,3583.082,6432.000,true
baseline,4,positional_select_star,1,73846,337.355,1424.000,true
baseline,4,named_select_star,1,37541,309.464,1424.000,true
baseline,4,positional_naming_UPPER_CAMEL_CASE,1,4037,5750.756,5888.000,true
baseline,4,raw_pagination,1,20907,1267.714,3400.000,true
baseline,4,custom_handler_union,1,1748,13119.222,16536.000,true
baseline,4,raw_row_in,1,18395,2024.257,3136.000,true
baseline,4,named_naming_KEBAB_CASE,1,3382,10413.394,10584.000,true
baseline,4,raw_in_17,1,11347,2156.253,5816.000,true
baseline,4,named_join_using,1,18263,1047.024,3512.000,true
baseline,4,named_naming_CAMEL_CASE,1,2832,5624.612,9624.000,true
baseline,4,positional_select_columns,1,22691,834.877,1952.000,true
baseline,4,named_batch_4,1,7224,3170.556,9736.000,true
baseline,4,raw_in_1024,1,299,79600.334,220248.000,true
baseline,4,mybatis_union_builder,1,1936,11615.031,16648.000,true
baseline,4,positional_update_map,1,18345,1123.669,3024.000,true
baseline,4,named_group_order,1,5947,4057.676,7688.000,true
baseline,4,named_where_128,1,440,46263.409,71280.000,true
baseline,4,mybatis_derived,1,1901,10567.070,17144.000,true
baseline,4,named_mixed_literals,1,13835,1545.168,3768.000,true
baseline,4,named_raw_expression,1,13683,1552.174,2624.000,true
baseline,4,named_naming_SCREAMING_SNAKE_CASE,1,2520,5654.802,10600.000,true
baseline,4,positional_naming_KEBAB_CASE,1,2787,4277.790,5888.000,true
baseline,4,named_dialect_MySQL,1,15541,1302.960,4144.000,true
baseline,4,named_repeated_names,1,744,27242.876,64920.000,true
baseline,4,raw_delete,1,56812,402.001,1624.000,true
baseline,4,named_subquery_raw,1,35238,585.907,2272.000,true
baseline,4,mybatis_update_map,1,11890,1501.514,4200.000,true
baseline,4,raw_subquery_structured,1,12510,1304.452,4616.000,true
baseline,4,raw_raw_expression,1,11168,1543.813,2624.000,true
baseline,4,named_batch_beans,1,2676,8115.919,26064.000,true
baseline,4,named_update_map,1,9511,1790.138,4752.000,true
baseline,4,raw_mixed_literals,1,14218,1622.486,3192.000,true
baseline,4,mybatis_join_using,1,18178,969.760,3352.000,true
baseline,4,named_in_16,1,9334,2256.021,7600.000,true
baseline,4,named_where_eq,1,18538,1018.966,3120.000,true
baseline,4,named_insert_placeholders,1,10394,942.419,2888.000,true
baseline,4,positional_join_using,1,15414,1092.182,3056.000,true
baseline,4,mybatis_insert_placeholders,1,21368,997.988,2584.000,true
baseline,4,named_nested,1,14173,1408.333,3648.000,true
baseline,4,named_where_16,1,3460,5951.994,10584.000,true
baseline,4,mybatis_where_16,1,2760,5729.493,8984.000,true
baseline,4,named_select_entity,1,19386,625.534,2000.000,true
baseline,4,positional_raw_expression,1,6320,1612.057,2624.000,true
baseline,4,named_between,1,15082,1205.742,3800.000,true
baseline,4,positional_where_16,1,4205,5004.376,5888.000,true
baseline,4,positional_nested,1,14599,1134.564,2952.000,true
baseline,4,mybatis_nested,1,5464,1556.918,3416.000,true
baseline,4,positional_late_modifier,1,14839,621.390,2360.000,true
baseline,4,positional_mixed_literals,1,16158,1136.341,2800.000,true
baseline,4,positional_where_128,1,553,30635.624,32808.000,true
baseline,4,raw_union_builder,1,4089,5285.962,10160.000,true
baseline,4,mybatis_in_16,1,10518,1896.634,6128.000,true
baseline,4,mybatis_select_entity,1,32693,563.925,2000.000,true
baseline,4,positional_insert_placeholders,1,29520,648.083,1944.000,true
baseline,4,mybatis_batch_4,1,7004,2837.336,8784.000,true
baseline,4,positional_in_17,1,16204,749.932,2672.000,true
baseline,4,positional_in_1024,1,1375,13753.018,28504.000,true
baseline,4,raw_batch_64,1,742,28496.361,97344.000,false
baseline,4,custom_handler_where,1,3456,6005.035,10616.000,true
baseline,4,positional_row_in,1,19601,981.134,2624.000,true
baseline,4,positional_repeated_names,1,796,15528.769,30360.000,true
baseline,4,raw_insert_values,1,20761,1071.466,2464.000,false
baseline,4,mybatis_insert_entity,1,20829,837.102,2456.000,true
baseline,4,mybatis_where_eq,1,21216,1004.869,2960.000,true
baseline,4,raw_update_map,1,15888,1350.107,3592.000,false
baseline,4,mybatis_select_columns,1,22626,786.745,1952.000,true
baseline,4,positional_subquery_raw,1,17633,649.708,2272.000,true
baseline,4,mybatis_row_in,1,6208,1318.589,3608.000,true
baseline,4,raw_repeated_names,1,961,23531.946,53896.000,true
baseline,4,raw_naming_SCREAMING_SNAKE_CASE,1,3688,5418.709,8856.000,true
baseline,4,positional_select_entity,1,32934,610.281,2000.000,true
baseline,4,raw_subquery_raw,1,29391,619.846,2272.000,true
baseline,4,raw_retry_rollback,1,4014,3782.910,6376.000,true
baseline,4,mybatis_where_128,1,432,45215.046,58208.000,true
baseline,4,named_in_17,1,6109,2271.108,7888.000,true
baseline,4,raw_in_16,1,11789,1757.503,5600.000,true
baseline,4,named_dialect_Oracle,1,14756,1420.351,4272.000,true
baseline,4,mybatis_late_modifier,1,26554,791.512,2656.000,true
baseline,4,raw_join_on,1,11368,1742.101,3952.000,true
baseline,4,positional_batch_beans,1,2957,4014.440,10464.000,true
baseline,4,mybatis_between,1,14554,1252.625,3544.000,true
baseline,4,named_subquery_structured,1,12413,1919.415,5488.000,true
baseline,4,raw_select_columns,1,23908,869.487,1952.000,true
baseline,4,named_condition_only,1,3759,5506.890,9560.000,true
baseline,4,positional_naming_NO_CHANGE,1,6282,3355.731,4928.000,true
baseline,4,raw_nested,1,16352,1359.399,3280.000,true
baseline,4,mybatis_naming_CAMEL_CASE,1,2159,5225.521,8024.000,true
baseline,4,positional_condition_only,1,3298,3787.811,4872.000,true
baseline,4,mybatis_in_256,1,715,21771.329,66616.000,true
baseline,4,mybatis_delete,1,51244,445.383,1808.000,true
baseline,4,raw_naming_CAMEL_CASE,1,4188,4413.085,7880.000,true
baseline,4,positional_where_eq,1,18272,944.615,2664.000,true
baseline,4,named_union_raw,1,6636,3317.224,5200.000,true
baseline,4,mybatis_condition_only,1,3474,5637.047,7960.000,true
baseline,4,mybatis_retry_rollback,1,4117,5345.421,7568.000,true
baseline,4,named_select_expressions,1,8409,2512.451,2728.000,true
baseline,4,raw_where_eq,1,17367,1260.293,2784.000,true
baseline,4,named_derived,1,1856,10679.688,17800.000,true
baseline,4,mybatis_naming_KEBAB_CASE,1,2572,5784.448,8984.000,true
baseline,4,mybatis_join_on,1,10330,1849.158,4128.000,true
baseline,4,mybatis_retry_rollback,2,4117,4000.850,7568.000,true
baseline,4,named_mixed_literals,2,13835,1511.016,3768.000,true
baseline,4,positional_batch_beans,2,2957,3787.656,10464.000,true
baseline,4,raw_raw_expression,2,11168,1603.465,2624.000,true
baseline,4,raw_where_16,2,4081,5113.624,8840.000,true
baseline,4,mybatis_where_eq,2,21216,1007.834,2960.000,true
baseline,4,named_in_1024,2,121,127862.810,353216.000,true
baseline,4,raw_insert_entity,2,26403,798.462,2176.000,false
baseline,4,positional_union_builder,2,1898,4851.370,9768.000,true
baseline,4,raw_where_128,2,415,39208.193,56496.000,true
baseline,4,raw_derived,2,2428,8720.181,15848.000,true
baseline,4,raw_naming_NO_CHANGE,2,2744,4317.748,7880.000,true
baseline,4,named_insert_values,2,15513,1023.090,3048.000,true
baseline,4,mybatis_condition_only,2,3474,5213.443,7960.000,true
baseline,4,raw_select_columns,2,23908,738.460,1952.000,true
baseline,4,mybatis_insert_values,2,17763,1085.239,2744.000,true
baseline,4,named_dialect_Microsoft_SQL_Server,2,6460,1456.130,4320.000,true
baseline,4,raw_between,2,16805,1202.904,3384.000,true
baseline,4,mybatis_union_builder,2,1936,10208.161,16648.000,true
baseline,4,mybatis_derived,2,1901,10738.822,17144.000,true
baseline,4,positional_retry_rollback,2,2431,3161.415,5872.000,true
baseline,4,raw_update_chain_16,2,2735,8297.294,25448.000,true
baseline,4,raw_in_1024,2,299,75199.331,220248.000,true
baseline,4,named_batch_beans,2,2676,7909.604,26064.000,true
baseline,4,raw_pagination,2,20907,978.404,3400.000,true
baseline,4,raw_late_modifier,2,23741,741.161,2480.000,true
baseline,4,raw_in_256,2,1082,18087.338,56640.000,true
baseline,4,named_batch_64,2,590,37064.068,134912.000,true
baseline,4,positional_row_in,2,19601,926.386,2624.000,true
baseline,4,mybatis_update_chain_16,2,1555,12760.643,39936.000,true
baseline,4,raw_subquery_raw,2,29391,605.638,2272.000,true
baseline,4,positional_late_modifier,2,14839,734.517,2360.000,true
baseline,4,raw_repeated_names,2,961,21270.552,53896.000,true
baseline,4,positional_between,2,16440,1092.822,3056.000,true
baseline,4,named_dialect_PostgreSQL,2,8932,1278.695,4144.000,true
baseline,4,mybatis_batch_64,2,564,35255.319,118896.000,true
baseline,4,named_update_map,2,9511,1880.181,4752.000,true
baseline,4,custom_handler_union,2,1748,9969.565,16536.000,true
baseline,4,raw_batch_beans,2,2944,7276.121,16896.000,false
baseline,4,raw_union_builder,2,4089,5535.730,10160.000,true
baseline,4,positional_join_using,2,15414,949.020,3056.000,true
baseline,4,positional_dialect_PostgreSQL,2,16836,1033.618,3360.000,true
baseline,4,positional_update_map,2,18345,939.242,3024.000,true
baseline,4,named_naming_KEBAB_CASE,2,3382,6083.028,10584.000,true
baseline,4,raw_naming_KEBAB_CASE,2,3962,5065.270,8840.000,true
baseline,4,mybatis_update_map,2,11890,2618.091,4200.000,true
baseline,4,mybatis_between,2,14554,1323.760,3544.000,true
baseline,4,named_select_star,2,37541,245.526,1424.000,true
baseline,4,positional_insert_entity,2,33975,605.339,1816.000,true
baseline,4,raw_row_in,2,18395,1148.975,3136.000,true
baseline,4,raw_join_using,2,22564,970.236,3176.000,true
baseline,4,named_where_eq,2,18538,1007.865,3120.000,true
baseline,4,positional_subquery_raw,2,17633,643.838,2272.000,true
baseline,4,raw_naming_SCREAMING_SNAKE_CASE,2,3688,5290.510,8856.000,true
baseline,4,named_union_raw,2,6636,3212.523,5200.000,true
baseline,4,mybatis_in_256,2,715,22254.685,66616.000,true
baseline,4,positional_in_1024,2,1375,13652.073,28504.000,true
baseline,4,mybatis_group_order,2,5506,3224.900,7264.000,true
baseline,4,mybatis_late_modifier,2,26554,762.168,2656.000,true
baseline,4,mybatis_naming_NO_CHANGE,2,4113,4708.048,8024.000,true
baseline,4,mybatis_repeated_names,2,852,24009.272,52872.000,true
baseline,4,mybatis_batch_4,2,7004,2901.156,8784.000,true
baseline,4,raw_naming_UPPER_CAMEL_CASE,2,3668,5124.836,8840.000,true
baseline,4,named_naming_NO_CHANGE,2,3744,4819.097,9624.000,true
baseline,4,mybatis_pagination,2,16148,1162.881,3808.000,true
baseline,4,mybatis_naming_SCREAMING_SNAKE_CASE,2,2304,5964.019,9000.000,true
baseline,4,positional_dialect_Oracle,2,8871,944.042,3496.000,true
baseline,4,raw_where_eq,2,17367,944.481,2784.000,true
baseline,4,mybatis_in_expression,2,833,23462.665,66656.000,true
baseline,4,named_late_modifier,2,18766,700.469,2816.000,true
baseline,4,mybatis_select_expressions,2,10317,2101.929,2728.000,true
baseline,4,named_raw_expression,2,13683,1441.694,2624.000,true
baseline,4,mybatis_join_using,2,18178,958.147,3352.000,true
baseline,4,positional_group_order,2,3564,2901.740,6336.000,true
baseline,4,named_row_in,2,14961,1281.926,4016.000,true
baseline,4,mybatis_nested,2,5464,1415.355,3416.000,true
baseline,4,positional_dialect_DB2,2,18949,1119.890,3544.000,true
baseline,4,named_group_order,2,5947,4174.121,7688.000,true
baseline,4,named_derived,2,1856,9765.032,17800.000,true
baseline,4,positional_select_entity,2,32934,591.504,2000.000,true
baseline,4,named_union_builder,2,2122,9910.509,17272.000,true
baseline,4,positional_where_128,2,553,32781.013,32808.000,true
baseline,4,positional_in_16,2,13203,773.498,2656.000,true
baseline,4,raw_in_17,2,11347,1743.192,5816.000,true
baseline,4,raw_condition_only,2,4626,4387.095,7816.000,true
baseline,4,raw_naming_CAMEL_CASE,2,4188,4250.215,7880.000,true
baseline,4,positional_dialect_Microsoft_SQL_Server,2,15082,1218.764,3544.000,true
baseline,4,raw_union_raw,2,6776,3264.965,5200.000,true
baseline,4,named_where_16,2,3460,5728.671,10584.000,true
baseline,4,mybatis_naming_CAMEL_CASE,2,2159,4986.614,8024.000,true
baseline,4,mybatis_insert_entity,2,20829,877.334,2456.000,true
baseline,4,raw_retry_rollback,2,4014,4280.817,6376.000,true
baseline,4,positional_batch_4,2,3154,1722.606,5968.000,true
baseline,4,raw_group_order,2,7028,3032.911,6432.000,true
baseline,4,mybatis_select_columns,2,22626,782.569,1952.000,true
baseline,4,named_naming_UPPER_CAMEL_CASE,2,3267,5691.491,10584.000,true
baseline,4,positional_batch_64,2,486,19683.128,72176.000,true
baseline,4,positional_nested,2,14599,1075.211,2952.000,true
baseline,4,named_where_128,2,440,45463.636,71280.000,true
baseline,4,named_repeated_names,2,744,24926.344,64920.000,true
baseline,4,named_delete,2,50900,459.727,1960.000,true
baseline,4,positional_naming_KEBAB_CASE,2,2787,4215.393,5888.000,true
baseline,4,named_in_256,2,543,26380.295,90712.000,true
baseline,4,mybatis_union_raw,2,6213,3056.301,5200.000,true
baseline,4,mybatis_in_17,2,10261,2036.059,6344.000,true
baseline,4,positional_join_on,2,6522,1592.824,3832.000,true
baseline,4,positional_delete,2,36737,364.230,1504.000,true
baseline,4,named_subquery_structured,2,12413,1761.387,5488.000,true
baseline,4,mybatis_in_16,2,10518,1874.558,6128.000,true
baseline,4,positional_where_eq,2,18272,962.713,2664.000,true
baseline,4,mybatis_subquery_raw,2,33514,624.948,2272.000,true
baseline,4,positional_mixed_literals,2,16158,1156.771,2800.000,true
baseline,4,mybatis_insert_placeholders,2,21368,920.124,2584.000,true
baseline,4,mybatis_where_16,2,2760,5893.442,8984.000,true
baseline,4,named_dialect_MySQL,2,15541,1246.335,4144.000,true
baseline,4,mybatis_where_128,2,432,43788.657,58208.000,true
baseline,4,positional_insert_values,2,16255,758.493,2104.000,true
baseline,4,named_select_columns,2,12097,940.936,1952.000,true
baseline,4,positional_select_columns,2,22691,737.605,1952.000,true
baseline,4,mybatis_batch_beans,2,1583,8372.647,22080.000,true
baseline,4,custom_handler_where,2,3456,5628.762,10616.000,true
baseline,4,positional_insert_placeholders,2,29520,674.302,1944.000,true
baseline,4,mybatis_naming_KEBAB_CASE,2,2572,5331.221,8984.000,true
baseline,4,named_retry_rollback,2,4346,5584.491,8264.000,true
baseline,4,positional_update_chain_16,2,2743,6238.316,22360.000,true
baseline,4,named_batch_4,2,7224,3098.090,9736.000,true
baseline,4,raw_insert_placeholders,2,31897,660.084,1944.000,true
baseline,4,named_in_expression,2,536,27734.888,90680.000,true
baseline,4,raw_insert_values,2,20761,1011.507,2464.000,false
baseline,4,mybatis_select_entity,2,32693,598.550,2000.000,true
baseline,4,raw_select_expressions,2,8918,1986.791,2728.000,true
baseline,4,named_naming_CAMEL_CASE,2,2832,5069.386,9624.000,true
baseline,4,mybatis_subquery_structured,2,11844,1710.748,5232.000,true
baseline,4,positional_repeated_names,2,796,16139.824,30360.000,true
baseline,4,named_condition_only,2,3759,5558.367,9560.000,true
baseline,4,positional_select_star,2,73846,305.862,1424.000,true
baseline,4,named_subquery_raw,2,35238,590.743,2272.000,true
baseline,4,raw_batch_4,2,8793,2446.730,7584.000,false
baseline,4,named_insert_placeholders,2,10394,1000.722,2888.000,true
baseline,4,positional_naming_NO_CHANGE,2,6282,3140.544,4928.000,true
baseline,4,mybatis_raw_expression,2,13647,1666.879,2624.000,true
baseline,4,positional_naming_UPPER_CAMEL_CASE,2,4037,4266.807,5888.000,true
baseline,4,named_insert_entity,2,22495,987.086,2760.000,true
baseline,4,named_in_17,2,6109,2031.167,7888.000,true
baseline,4,named_update_chain_16,2,1274,16635.165,47000.000,true
baseline,4,named_join_on,2,11458,1763.571,4288.000,true
baseline,4,positional_naming_CAMEL_CASE,2,4664,3079.781,4928.000,true
baseline,4,positional_naming_SCREAMING_SNAKE_CASE,2,1842,4114.169,5904.000,true
baseline,4,positional_in_expression,2,3980,4469.849,9760.000,true
baseline,4,raw_mixed_literals,2,14218,1448.558,3192.000,true
baseline,4,mybatis_mixed_literals,2,11326,1454.485,3432.000,true
baseline,4,named_pagination,2,17476,1197.122,4072.000,true
baseline,4,named_dialect_DB2,2,14255,1334.079,4320.000,true
baseline,4,positional_in_256,2,4572,4435.674,9576.000,true
baseline,4,raw_select_entity,2,35530,559.367,2000.000,true
baseline,4,raw_select_star,2,80861,289.018,1424.000,true
baseline,4,mybatis_naming_UPPER_CAMEL_CASE,2,3556,6237.655,8984.000,true
baseline,4,raw_batch_64,2,742,27470.755,97344.000,false
baseline,4,named_between,2,15082,1247.056,3800.000,true
baseline,4,named_join_using,2,18263,1032.716,3512.000,true
baseline,4,mybatis_row_in,2,6208,1408.570,3608.000,true
baseline,4,positional_condition_only,2,3298,3799.727,4872.000,true
baseline,4,raw_delete,2,56812,446.302,1624.000,true
baseline,4,positional_dialect_MySQL,2,19765,1078.037,3360.000,true
baseline,4,raw_nested,2,16352,1368.395,3280.000,true
baseline,4,positional_where_16,2,4205,4443.234,5888.000,true
baseline,4,raw_subquery_structured,2,12510,1518.169,4616.000,true
baseline,4,positional_derived,2,1113,9360.288,15296.000,true
baseline,4,raw_in_16,2,11789,1770.591,5600.000,true
baseline,4,named_select_entity,2,19386,586.005,2000.000,true
baseline,4,named_nested,2,14173,1471.559,3648.000,true
baseline,4,mybatis_join_on,2,10330,1663.688,4128.000,true
baseline,4,positional_subquery_structured,2,7265,1543.372,4704.000,true
baseline,4,positional_pagination,2,8599,954.367,3288.000,true
baseline,4,positional_union_raw,2,2771,3319.018,5200.000,true
baseline,4,raw_in_expression,2,1198,19909.850,56616.000,true
baseline,4,named_in_16,2,9334,2380.962,7600.000,true
baseline,4,raw_join_on,2,11368,1869.564,3952.000,true
baseline,4,mybatis_select_star,2,80817,291.658,1424.000,true
baseline,4,positional_in_17,2,16204,872.260,2672.000,true
baseline,4,named_select_expressions,2,8409,2105.375,2728.000,true
baseline,4,named_naming_SCREAMING_SNAKE_CASE,2,2520,6031.151,10600.000,true
baseline,4,positional_raw_expression,2,6320,1698.117,2624.000,true
baseline,4,positional_select_expressions,2,4297,2472.888,2728.000,true
baseline,4,raw_update_map,2,15888,1593.970,3592.000,false
baseline,4,mybatis_in_1024,2,198,153256.566,256896.000,true
baseline,4,named_dialect_Oracle,2,14756,2021.591,4272.000,true
baseline,4,mybatis_delete,2,51244,584.831,1808.000,true
baseline,4,raw_union_builder,3,4089,8022.035,10160.000,true
baseline,4,positional_in_expression,3,3980,5251.030,9760.000,true
baseline,4,named_insert_entity,3,22495,1340.080,2760.000,true
baseline,4,raw_naming_UPPER_CAMEL_CASE,3,3668,6627.754,8840.000,true
baseline,4,raw_naming_CAMEL_CASE,3,4188,5814.422,7880.000,true
baseline,4,raw_repeated_names,3,961,27413.319,53896.000,true
baseline,4,positional_naming_UPPER_CAMEL_CASE,3,4037,5634.085,5888.000,true
baseline,4,raw_naming_SCREAMING_SNAKE_CASE,3,3688,6312.120,8856.000,true
baseline,4,mybatis_insert_values,3,17763,1570.270,2744.000,true
baseline,4,raw_nested,3,16352,1500.391,3280.000,true
baseline,4,positional_naming_CAMEL_CASE,3,4664,3803.045,4928.000,true
baseline,4,positional_select_star,3,73846,308.331,1424.000,true
baseline,4,named_union_builder,3,2122,11939.962,17272.000,true
baseline,4,positional_row_in,3,19601,1026.825,2624.000,true
baseline,4,named_dialect_Oracle,3,14756,1594.768,4272.000,true
baseline,4,positional_union_builder,3,1898,6316.438,9768.000,true
baseline,4,named_subquery_raw,3,35238,710.994,2272.000,true
baseline,4,raw_in_256,3,1082,21351.017,56640.000,true
baseline,4,mybatis_in_1024,3,198,117949.495,256896.000,true
baseline,4,raw_join_on,3,11368,1951.284,3952.000,true
baseline,4,positional_condition_only,3,3298,4022.074,4872.000,true
baseline,4,raw_batch_64,3,742,30407.951,97344.000,false
baseline,4,named_dialect_PostgreSQL,3,8932,1864.566,4144.000,true
baseline,4,mybatis_select_columns,3,22626,927.309,1952.000,true
baseline,4,raw_select_expressions,3,8918,2738.159,2728.000,true
baseline,4,raw_mixed_literals,3,14218,1646.976,3192.000,true
baseline,4,positional_in_1024,3,1375,15696.509,28504.000,true
baseline,4,positional_late_modifier,3,14839,666.918,2360.000,true
baseline,4,raw_insert_placeholders,3,31897,720.748,1944.000,true
baseline,4,raw_where_eq,3,17367,1411.919,2784.000,true
baseline,4,named_pagination,3,17476,1364.111,4072.000,true
baseline,4,mybatis_insert_entity,3,20829,1082.270,2456.000,true
baseline,4,mybatis_where_eq,3,21216,1156.853,2960.000,true
baseline,4,mybatis_in_256,3,715,22171.748,66616.000,true
baseline,4,named_dialect_MySQL,3,15541,1384.100,4144.000,true
baseline,4,named_mixed_literals,3,13835,1581.200,3768.000,true
baseline,4,named_select_columns,3,12097,788.592,1952.000,true
baseline,4,mybatis_subquery_raw,3,33514,632.640,2272.000,true
baseline,4,raw_derived,3,2428,11168.781,15848.000,true
baseline,4,raw_where_16,3,4081,5077.628,8840.000,true
baseline,4,mybatis_naming_KEBAB_CASE,3,2572,5557.893,8984.000,true
baseline,4,named_in_256,3,543,27928.913,90712.000,true
baseline,4,named_in_16,3,9334,2263.585,7600.000,true
baseline,4,positional_update_chain_16,3,2743,6925.775,22360.000,true
baseline,4,positional_insert_values,3,16255,845.826,2104.000,true
baseline,4,named_naming_NO_CHANGE,3,3744,5195.192,9624.000,true
baseline,4,raw_naming_KEBAB_CASE,3,3962,4956.613,8840.000,true
baseline,4,raw_select_star,3,80861,305.199,1424.000,true
baseline,4,raw_update_map,3,15888,1337.475,3592.000,false
baseline,4,positional_dialect_Microsoft_SQL_Server,3,15082,1272.298,3544.000,true
baseline,4,mybatis_select_expressions,3,10317,2074.198,2728.000,true
baseline,4,raw_union_raw,3,6776,3209.726,5200.000,true
baseline,4,positional_naming_SCREAMING_SNAKE_CASE,3,1842,4254.180,5904.000,true
baseline,4,named_batch_beans,3,2676,8190.508,26064.000,true
baseline,4,positional_naming_KEBAB_CASE,3,2787,4626.659,5888.000,true
baseline,4,named_derived,3,1856,9919.935,17800.000,true
baseline,4,raw_in_16,3,11789,1766.800,5600.000,true
baseline,4,mybatis_batch_beans,3,1583,7782.502,22080.000,true
baseline,4,mybatis_union_builder,3,1936,10764.669,16648.000,true
baseline,4,named_union_raw,3,6636,3175.045,5200.000,true
baseline,4,raw_select_columns,3,23908,767.710,1952.000,true
baseline,4,positional_in_16,3,13203,908.786,2656.000,true
baseline,4,mybatis_naming_SCREAMING_SNAKE_CASE,3,2304,5414.931,9000.000,true
baseline,4,named_insert_placeholders,3,10394,933.462,2888.000,true
baseline,4,positional_pagination,3,8599,958.007,3288.000,true
baseline,4,positional_subquery_structured,3,7265,1267.254,4704.000,true
baseline,4,custom_handler_union,3,1748,10534.783,16536.000,true
baseline,4,mybatis_in_17,3,10261,1896.014,6344.000,true
baseline,4,raw_join_using,3,22564,954.556,3176.000,true
baseline,4,named_where_eq,3,18538,1003.922,3120.000,true
baseline,4,positional_in_256,3,4572,4743.876,9576.000,true
baseline,4,mybatis_where_16,3,2760,6269.457,8984.000,true
baseline,4,positional_batch_64,3,486,18009.259,72176.000,true
baseline,4,named_retry_rollback,3,4346,5069.558,8264.000,true
baseline,4,named_batch_64,3,590,43681.017,134912.000,true
baseline,4,positional_join_on,3,6522,1628.243,3832.000,true
baseline,4,positional_batch_4,3,3154,2045.847,5968.000,true
baseline,4,mybatis_between,3,14554,1341.260,3544.000,true
baseline,4,raw_raw_expression,3,11168,1689.559,2624.000,true
baseline,4,raw_batch_4,3,8793,3507.290,7584.000,false
baseline,4,mybatis_retry_rollback,3,4117,7822.929,7568.000,true
baseline,4,positional_retry_rollback,3,2431,4615.508,5872.000,true
baseline,4,positional_where_16,3,4205,4922.568,5888.000,true
baseline,4,named_in_expression,3,536,32155.597,90680.000,true
baseline,4,positional_where_eq,3,18272,1367.382,2664.000,true
baseline,4,mybatis_batch_64,3,564,53951.773,118896.000,true
baseline,4,raw_group_order,3,7028,5131.545,6432.000,true
baseline,4,named_in_17,3,6109,2591.079,7888.000,true
baseline,4,positional_raw_expression,3,6320,2061.851,2624.000,true
baseline,4,mybatis_group_order,3,5506,5008.318,7264.000,true
baseline,4,positional_repeated_names,3,796,20325.879,30360.000,true
baseline,4,named_late_modifier,3,18766,908.787,2816.000,true
baseline,4,mybatis_select_entity,3,32693,676.542,2000.000,true
baseline,4,positional_naming_NO_CHANGE,3,6282,3375.661,4928.000,true
baseline,4,positional_derived,3,1113,9657.772,15296.000,true
baseline,4,named_naming_CAMEL_CASE,3,2832,5356.568,9624.000,true
baseline,4,positional_join_using,3,15414,850.960,3056.000,true
baseline,4,positional_dialect_DB2,3,18949,1113.151,3544.000,true
baseline,4,mybatis_subquery_structured,3,11844,1661.972,5232.000,true
baseline,4,positional_union_raw,3,2771,3282.281,5200.000,true
baseline,4,mybatis_update_chain_16,3,1555,14238.264,39936.000,true
baseline,4,named_select_expressions,3,8409,2210.608,2728.000,true
baseline,4,named_where_128,3,440,49097.273,71280.000,true
baseline,4,raw_subquery_structured,3,12510,1305.811,4616.000,true
baseline,4,named_naming_SCREAMING_SNAKE_CASE,3,2520,6218.373,10600.000,true
baseline,4,named_delete,3,50900,449.149,1960.000,true
baseline,4,mybatis_in_16,3,10518,1942.898,6128.000,true
baseline,4,positional_dialect_MySQL,3,19765,1020.835,3360.000,true
baseline,4,raw_insert_values,3,20761,1010.842,2464.000,false
baseline,4,named_repeated_names,3,744,26679.570,64920.000,true
baseline,4,mybatis_union_raw,3,6213,3059.086,5200.000,true
baseline,4,mybatis_update_map,3,11890,1583.844,4200.000,true
baseline,4,mybatis_batch_4,3,7004,2909.109,8784.000,true
baseline,4,raw_in_1024,3,299,70903.344,220248.000,true
baseline,4,raw_delete,3,56812,408.342,1624.000,true
baseline,4,raw_where_128,3,415,36493.012,56496.000,true
baseline,4,named_dialect_DB2,3,14255,1371.708,4320.000,true
baseline,4,positional_select_columns,3,22691,827.147,1952.000,true
baseline,4,named_naming_UPPER_CAMEL_CASE,3,3267,5726.232,10584.000,true
baseline,4,named_where_16,3,3460,5740.954,10584.000,true
baseline,4,named_raw_expression,3,13683,1518.651,2624.000,true
baseline,4,raw_in_17,3,11347,1689.513,5816.000,true
baseline,4,raw_select_entity,3,35530,607.236,2000.000,true
baseline,4,raw_naming_NO_CHANGE,3,2744,3742.602,7880.000,true
baseline,4,positional_between,3,16440,1089.884,3056.000,true
baseline,4,named_dialect_Microsoft_SQL_Server,3,6460,1491.610,4320.000,true
baseline,4,positional_group_order,3,3564,3038.777,6336.000,true
baseline,4,positional_subquery_raw,3,17633,621.250,2272.000,true
baseline,4,named_row_in,3,14961,1239.469,4016.000,true
baseline,4,mybatis_naming_NO_CHANGE,3,4113,4725.869,8024.000,true
baseline,4,raw_insert_entity,3,26403,823.861,2176.000,false
baseline,4,named_select_star,3,37541,319.810,1424.000,true
baseline,4,named_select_entity,3,19386,584.473,2000.000,true
baseline,4,raw_retry_rollback,3,4014,2850.623,6376.000,true
baseline,4,named_in_1024,3,121,115654.545,353216.000,true
baseline,4,named_batch_4,3,7224,2895.473,9736.000,true
baseline,4,positional_mixed_literals,3,16158,1104.753,2800.000,true
baseline,4,positional_select_expressions,3,4297,1973.865,2728.000,true
baseline,4,mybatis_insert_placeholders,3,21368,981.117,2584.000,true
baseline,4,custom_handler_where,3,3456,5673.900,10616.000,true
baseline,4,mybatis_delete,3,51244,428.766,1808.000,true
baseline,4,named_join_using,3,18263,1086.558,3512.000,true
baseline,4,positional_nested,3,14599,1176.245,2952.000,true
baseline,4,positional_insert_entity,3,33975,611.561,1816.000,true
baseline,4,mybatis_pagination,3,16148,1126.226,3808.000,true
baseline,4,positional_in_17,3,16204,740.021,2672.000,true
baseline,4,mybatis_join_using,3,18178,927.726,3352.000,true
baseline,4,positional_update_map,3,18345,1085.326,3024.000,true
baseline,4,mybatis_nested,3,5464,1219.656,3416.000,true
baseline,4,named_join_on,3,11458,1603.997,4288.000,true
baseline,4,raw_pagination,3,20907,1030.918,3400.000,true
baseline,4,positional_select_entity,3,32934,549.824,2000.000,true
baseline,4,mybatis_mixed_literals,3,11326,1439.581,3432.000,true
baseline,4,raw_row_in,3,18395,1127.399,3136.000,true
baseline,4,raw_between,3,16805,1211.996,3384.000,true
baseline,4,mybatis_select_star,3,80817,271.657,1424.000,true
baseline,4,positional_dialect_PostgreSQL,3,16836,999.697,3360.000,true
baseline,4,mybatis_join_on,3,10330,1682.004,4128.000,true
baseline,4,positional_where_128,3,553,31128.391,32808.000,true
baseline,4,mybatis_naming_UPPER_CAMEL_CASE,3,3556,5661.305,8984.000,true
baseline,4,mybatis_late_modifier,3,26554,672.460,2656.000,true
baseline,4,mybatis_derived,3,1901,10673.540,17144.000,true
baseline,4,mybatis_condition_only,3,3474,4807.369,7960.000,true
baseline,4,positional_dialect_Oracle,3,8871,1057.243,3496.000,true
baseline,4,named_update_map,3,9511,1659.878,4752.000,true
baseline,4,raw_late_modifier,3,23741,719.957,2480.000,true
baseline,4,mybatis_raw_expression,3,13647,1433.861,2624.000,true
baseline,4,named_subquery_structured,3,12413,1788.013,5488.000,true
baseline,4,positional_insert_placeholders,3,29520,644.167,1944.000,true
baseline,4,raw_batch_beans,3,2944,6734.477,16896.000,false
baseline,4,mybatis_where_128,3,432,40968.519,58208.000,true
baseline,4,named_naming_KEBAB_CASE,3,3382,5774.660,10584.000,true
baseline,4,named_nested,3,14173,1386.241,3648.000,true
baseline,4,named_insert_values,3,15513,1101.882,3048.000,true
baseline,4,named_group_order,3,5947,3825.643,7688.000,true
baseline,4,mybatis_row_in,3,6208,1199.178,3608.000,true
baseline,4,named_condition_only,3,3759,5469.859,9560.000,true
baseline,4,named_between,3,15082,1293.197,3800.000,true
baseline,4,named_update_chain_16,3,1274,15498.666,47000.000,true
baseline,4,positional_batch_beans,3,2957,3724.552,10464.000,true
baseline,4,raw_condition_only,3,4626,4535.084,7816.000,true
baseline,4,raw_in_expression,3,1198,19090.317,56616.000,true
baseline,4,raw_update_chain_16,3,2735,8099.452,25448.000,true
baseline,4,positional_delete,3,36737,346.909,1504.000,true
baseline,4,mybatis_in_expression,3,833,20357.983,66656.000,true
baseline,4,mybatis_naming_CAMEL_CASE,3,2159,4837.101,8024.000,true
baseline,4,raw_subquery_raw,3,29391,585.764,2272.000,true
baseline,4,mybatis_repeated_names,3,852,23571.479,52872.000,true
baseline,4,named_naming_NO_CHANGE,4,3744,4930.475,9624.000,true
baseline,4,raw_batch_64,4,742,25445.283,97344.000,false
baseline,4,named_select_entity,4,19386,609.801,2000.000,true
baseline,4,positional_in_16,4,13203,744.520,2656.000,true
baseline,4,raw_select_entity,4,35530,573.242,2000.000,true
baseline,4,named_naming_UPPER_CAMEL_CASE,4,3267,5997.521,10584.000,true
baseline,4,mybatis_join_using,4,18178,936.709,3352.000,true
baseline,4,named_select_star,4,37541,251.951,1424.000,true
baseline,4,named_insert_values,4,15513,1140.746,3048.000,true
baseline,4,mybatis_raw_expression,4,13647,1424.372,2624.000,true
baseline,4,named_dialect_Microsoft_SQL_Server,4,6460,1616.099,4320.000,true
baseline,4,raw_where_eq,4,17367,867.289,2784.000,true
baseline,4,raw_late_modifier,4,23741,702.856,2480.000,true
baseline,4,named_raw_expression,4,13683,1447.687,2624.000,true
baseline,4,raw_mixed_literals,4,14218,1443.994,3192.000,true
baseline,4,named_naming_SCREAMING_SNAKE_CASE,4,2520,5834.127,10600.000,true
baseline,4,named_insert_entity,4,22495,902.543,2760.000,true
baseline,4,positional_retry_rollback,4,2431,2814.315,5872.000,true
baseline,4,raw_naming_SCREAMING_SNAKE_CASE,4,3688,5130.830,8856.000,true
baseline,4,raw_join_using,4,22564,923.427,3176.000,true
baseline,4,positional_batch_64,4,486,16027.778,72176.000,true
baseline,4,custom_handler_where,4,3456,6054.456,10616.000,true
baseline,4,positional_late_modifier,4,14839,584.082,2360.000,true
baseline,4,named_update_chain_16,4,1274,15695.447,47000.000,true
baseline,4,raw_pagination,4,20907,973.105,3400.000,true
baseline,4,mybatis_naming_CAMEL_CASE,4,2159,4336.637,8024.000,true
baseline,4,mybatis_naming_KEBAB_CASE,4,2572,5651.827,8984.000,true
baseline,4,positional_naming_KEBAB_CASE,4,2787,4072.264,5888.000,true
baseline,4,named_mixed_literals,4,13835,1475.338,3768.000,true
baseline,4,raw_update_map,4,15888,1318.064,3592.000,false
baseline,4,named_condition_only,4,3759,5145.943,9560.000,true
baseline,4,positional_update_map,4,18345,1040.044,3024.000,true
baseline,4,positional_dialect_DB2,4,18949,1072.558,3544.000,true
baseline,4,raw_update_chain_16,4,2735,7982.450,25448.000,true
baseline,4,positional_select_entity,4,32934,667.605,2000.000,true
baseline,4,raw_in_1024,4,299,71710.702,220248.000,true
baseline,4,named_dialect_MySQL,4,15541,1296.287,4144.000,true
baseline,4,mybatis_select_columns,4,22626,796.203,1952.000,true
baseline,4,mybatis_batch_64,4,564,34434.397,118896.000,true
baseline,4,named_subquery_raw,4,35238,618.182,2272.000,true
baseline,4,positional_insert_placeholders,4,29520,617.246,1944.000,true
baseline,4,named_select_expressions,4,8409,2169.782,2728.000,true
baseline,4,positional_row_in,4,19601,835.646,2624.000,true
baseline,4,named_join_using,4,18263,1059.087,3512.000,true
baseline,4,raw_batch_4,4,8793,2433.276,7584.000,false
baseline,4,positional_subquery_raw,4,17633,556.995,2272.000,true
baseline,4,mybatis_in_expression,4,833,21533.493,66656.000,true
baseline,4,positional_dialect_Microsoft_SQL_Server,4,15082,1335.360,3544.000,true
baseline,4,raw_batch_beans,4,2944,6178.702,16896.000,false
baseline,4,named_late_modifier,4,18766,725.733,2816.000,true
baseline,4,positional_update_chain_16,4,2743,6551.659,22360.000,true
baseline,4,named_retry_rollback,4,4346,3765.416,8264.000,true
baseline,4,mybatis_late_modifier,4,26554,776.813,2656.000,true
baseline,4,named_batch_beans,4,2676,8237.668,26064.000,true
baseline,4,mybatis_delete,4,51244,404.533,1808.000,true
baseline,4,mybatis_select_expressions,4,10317,2031.443,2728.000,true
baseline,4,mybatis_group_order,4,5506,3852.633,7264.000,true
baseline,4,named_naming_CAMEL_CASE,4,2832,5065.113,9624.000,true
baseline,4,raw_in_17,4,11347,1743.545,5816.000,true
baseline,4,raw_select_star,4,80861,289.223,1424.000,true
baseline,4,mybatis_update_map,4,11890,1537.696,4200.000,true
baseline,4,raw_in_expression,4,1198,17523.706,56616.000,true
baseline,4,positional_select_columns,4,22691,806.342,1952.000,true
baseline,4,mybatis_in_16,4,10518,1909.897,6128.000,true
baseline,4,mybatis_insert_placeholders,4,21368,943.275,2584.000,true
baseline,4,raw_union_raw,4,6776,3165.304,5200.000,true
baseline,4,positional_mixed_literals,4,16158,1250.637,2800.000,true
baseline,4,raw_repeated_names,4,961,20844.953,53896.000,true
baseline,4,positional_where_128,4,553,31170.344,32808.000,true
baseline,4,positional_insert_values,4,16255,853.700,2104.000,true
baseline,4,raw_in_256,4,1082,18590.665,56640.000,true
baseline,4,custom_handler_union,4,1748,10154.005,16536.000,true
baseline,4,mybatis_condition_only,4,3474,5297.726,7960.000,true
baseline,4,named_in_256,4,543,28285.451,90712.000,true
baseline,4,named_subquery_structured,4,12413,1758.431,5488.000,true
baseline,4,mybatis_where_eq,4,21216,976.763,2960.000,true
baseline,4,mybatis_retry_rollback,4,4117,3827.812,7568.000,true
baseline,4,named_where_128,4,440,45216.818,71280.000,true
baseline,4,mybatis_mixed_literals,4,11326,1542.451,3432.000,true
baseline,4,mybatis_select_entity,4,32693,579.641,2000.000,true
baseline,4,raw_naming_KEBAB_CASE,4,3962,5023.624,8840.000,true
baseline,4,named_batch_64,4,590,35561.695,134912.000,true
baseline,4,positional_union_raw,4,2771,3336.774,5200.000,true
baseline,4,named_dialect_Oracle,4,14756,1276.125,4272.000,true
baseline,4,named_dialect_DB2,4,14255,1310.838,4320.000,true
baseline,4,raw_select_expressions,4,8918,1970.588,2728.000,true
baseline,4,positional_join_on,4,6522,1625.575,3832.000,true
baseline,4,named_where_16,4,3460,5521.879,10584.000,true
baseline,4,named_in_expression,4,536,28598.507,90680.000,true
baseline,4,mybatis_row_in,4,6208,1132.039,3608.000,true
baseline,4,mybatis_in_1024,4,198,88394.444,256896.000,true
baseline,4,raw_group_order,4,7028,3020.020,6432.000,true
baseline,4,positional_naming_CAMEL_CASE,4,4664,3305.553,4928.000,true
baseline,4,raw_naming_CAMEL_CASE,4,4188,3896.466,7880.000,true
baseline,4,positional_pagination,4,8599,837.923,3288.000,true
baseline,4,positional_dialect_MySQL,4,19765,1006.132,3360.000,true
baseline,4,named_naming_KEBAB_CASE,4,3382,6216.263,10584.000,true
baseline,4,named_in_16,4,9334,2010.939,7600.000,true
baseline,4,named_where_eq,4,18538,999.439,3120.000,true
baseline,4,mybatis_naming_NO_CHANGE,4,4113,4769.681,8024.000,true
baseline,4,mybatis_insert_values,4,17763,1045.167,2744.000,true
baseline,4,mybatis_insert_entity,4,20829,876.297,2456.000,true
baseline,4,mybatis_subquery_raw,4,33514,616.948,2272.000,true
baseline,4,mybatis_derived,4,1901,10071.068,17144.000,true
baseline,4,positional_delete,4,36737,332.665,1504.000,true
baseline,4,named_dialect_PostgreSQL,4,8932,1260.804,4144.000,true
baseline,4,positional_in_1024,4,1375,16540.145,28504.000,true
baseline,4,mybatis_nested,4,5464,1314.605,3416.000,true
baseline,4,positional_dialect_PostgreSQL,4,16836,1077.625,3360.000,true
baseline,4,positional_where_16,4,4205,4081.379,5888.000,true
baseline,4,positional_group_order,4,3564,3156.650,6336.000,true
baseline,4,mybatis_in_17,4,10261,1809.249,6344.000,true
baseline,4,mybatis_in_256,4,715,22373.846,66616.000,true
baseline,4,mybatis_subquery_structured,4,11844,1678.875,5232.000,true
baseline,4,positional_in_expression,4,3980,3974.925,9760.000,true
baseline,4,raw_insert_values,4,20761,1055.132,2464.000,false
baseline,4,mybatis_where_128,4,432,41134.722,58208.000,true
baseline,4,mybatis_naming_UPPER_CAMEL_CASE,4,3556,5931.552,8984.000,true
baseline,4,raw_join_on,4,11368,1660.952,3952.000,true
baseline,4,mybatis_pagination,4,16148,1144.718,3808.000,true
baseline,4,raw_retry_rollback,4,4014,3279.273,6376.000,true
baseline,4,raw_in_16,4,11789,1683.442,5600.000,true
baseline,4,raw_nested,4,16352,1290.478,3280.000,true
baseline,4,positional_naming_NO_CHANGE,4,6282,2971.538,4928.000,true
baseline,4,raw_naming_UPPER_CAMEL_CASE,4,3668,5273.119,8840.000,true
baseline,4,mybatis_union_builder,4,1936,10260.124,16648.000,true
baseline,4,named_update_map,4,9511,1729.787,4752.000,true
baseline,4,positional_subquery_structured,4,7265,1282.657,4704.000,true
baseline,4,raw_select_columns,4,23908,842.994,1952.000,true
baseline,4,raw_where_16,4,4081,4807.278,8840.000,true
baseline,4,raw_derived,4,2428,9580.148,15848.000,true
baseline,4,positional_insert_entity,4,33975,593.342,1816.000,true
baseline,4,raw_row_in,4,18395,1142.604,3136.000,true
baseline,4,positional_select_star,4,73846,270.265,1424.000,true
baseline,4,named_in_17,4,6109,2183.729,7888.000,true
baseline,4,positional_union_builder,4,1898,5294.099,9768.000,true
baseline,4,positional_join_using,4,15414,816.783,3056.000,true
baseline,4,named_row_in,4,14961,1356.240,4016.000,true
baseline,4,raw_condition_only,4,4626,4379.702,7816.000,true
baseline,4,mybatis_update_chain_16,4,1555,13917.106,39936.000,true
baseline,4,positional_where_eq,4,18272,839.547,2664.000,true
baseline,4,positional_naming_SCREAMING_SNAKE_CASE,4,1842,4299.511,5904.000,true
baseline,4,named_pagination,4,17476,1209.281,4072.000,true
baseline,4,raw_subquery_structured,4,12510,1257.730,4616.000,true
baseline,4,raw_delete,4,56812,418.505,1624.000,true
baseline,4,mybatis_naming_SCREAMING_SNAKE_CASE,4,2304,5769.531,9000.000,true
baseline,4,named_join_on,4,11458,1627.116,4288.000,true
baseline,4,positional_nested,4,14599,1153.223,2952.000,true
baseline,4,named_delete,4,50900,424.762,1960.000,true
baseline,4,named_between,4,15082,1368.671,3800.000,true
baseline,4,named_union_raw,4,6636,3140.642,5200.000,true
baseline,4,mybatis_batch_4,4,7004,2861.808,8784.000,true
baseline,4,mybatis_where_16,4,2760,5404.819,8984.000,true
baseline,4,positional_batch_beans,4,2957,5905.884,10464.000,true
baseline,4,positional_condition_only,4,3298,3642.450,4872.000,true
baseline,4,named_select_columns,4,12097,809.250,1952.000,true
baseline,4,named_nested,4,14173,1370.860,3648.000,true
baseline,4,raw_insert_placeholders,4,31897,651.535,1944.000,true
baseline,4,positional_derived,4,1113,9326.505,15296.000,true
baseline,4,positional_in_17,4,16204,831.869,2672.000,true
baseline,4,raw_naming_NO_CHANGE,4,2744,3739.759,7880.000,true
baseline,4,positional_raw_expression,4,6320,1518.560,2624.000,true
baseline,4,named_insert_placeholders,4,10394,912.748,2888.000,true
baseline,4,mybatis_select_star,4,80817,305.218,1424.000,true
baseline,4,mybatis_batch_beans,4,1583,8299.558,22080.000,true
baseline,4,positional_between,4,16440,1107.245,3056.000,true
baseline,4,mybatis_repeated_names,4,852,24336.502,52872.000,true
baseline,4,positional_select_expressions,4,4297,1954.061,2728.000,true
baseline,4,mybatis_between,4,14554,1244.435,3544.000,true
baseline,4,positional_batch_4,4,3154,2087.096,5968.000,true
baseline,4,named_repeated_names,4,744,24903.629,64920.000,true
baseline,4,mybatis_join_on,4,10330,1682.139,4128.000,true
baseline,4,named_derived,4,1856,9864.763,17800.000,true
baseline,4,raw_union_builder,4,4089,5434.850,10160.000,true
baseline,4,raw_where_128,4,415,36515.904,56496.000,true
baseline,4,raw_insert_entity,4,26403,830.046,2176.000,false
baseline,4,named_in_1024,4,121,115800.826,353216.000,true
baseline,4,positional_naming_UPPER_CAMEL_CASE,4,4037,4513.426,5888.000,true
baseline,4,raw_raw_expression,4,11168,1426.889,2624.000,true
baseline,4,named_group_order,4,5947,3584.850,7688.000,true
baseline,4,raw_subquery_raw,4,29391,544.204,2272.000,true
baseline,4,named_batch_4,4,7224,2870.321,9736.000,true
baseline,4,named_union_builder,4,2122,10177.286,17272.000,true
baseline,4,raw_between,4,16805,1278.405,3384.000,true
baseline,4,mybatis_union_raw,4,6213,3170.095,5200.000,true
baseline,4,positional_dialect_Oracle,4,8871,955.011,3496.000,true
baseline,4,positional_in_256,4,4572,4685.258,9576.000,true
baseline,4,positional_repeated_names,4,796,14715.704,30360.000,true
baseline,4,raw_insert_values,5,20761,1021.738,2464.000,false
baseline,4,raw_naming_UPPER_CAMEL_CASE,5,3668,5029.716,8840.000,true
baseline,4,mybatis_group_order,5,5506,3587.123,7264.000,true
baseline,4,mybatis_select_expressions,5,10317,1981.235,2728.000,true
baseline,4,mybatis_delete,5,51244,404.319,1808.000,true
baseline,4,mybatis_raw_expression,5,13647,1536.748,2624.000,true
baseline,4,positional_select_star,5,73846,279.209,1424.000,true
baseline,4,positional_update_chain_16,5,2743,6344.769,22360.000,true
baseline,4,named_select_expressions,5,8409,1994.993,2728.000,true
baseline,4,positional_subquery_structured,5,7265,1515.857,4704.000,true
baseline,4,named_in_16,5,9334,2121.706,7600.000,true
baseline,4,raw_pagination,5,20907,979.964,3400.000,true
baseline,4,raw_group_order,5,7028,3047.211,6432.000,true
baseline,4,positional_dialect_Microsoft_SQL_Server,5,15082,1205.563,3544.000,true
baseline,4,mybatis_mixed_literals,5,11326,1380.514,3432.000,true
baseline,4,positional_dialect_Oracle,5,8871,1083.294,3496.000,true
baseline,4,named_insert_values,5,15513,1074.596,3048.000,true
baseline,4,positional_condition_only,5,3298,3712.129,4872.000,true
baseline,4,positional_pagination,5,8599,1011.967,3288.000,true
baseline,4,named_select_columns,5,12097,745.524,1952.000,true
baseline,4,mybatis_insert_values,5,17763,1117.672,2744.000,true
baseline,4,custom_handler_union,5,1748,9808.467,16536.000,true
baseline,4,raw_batch_4,5,8793,2490.777,7584.000,false
baseline,4,named_naming_CAMEL_CASE,5,2832,4588.277,9624.000,true
baseline,4,mybatis_select_entity,5,32693,608.788,2000.000,true
baseline,4,raw_select_star,5,80861,303.083,1424.000,true
baseline,4,raw_late_modifier,5,23741,658.418,2480.000,true
baseline,4,raw_nested,5,16352,1300.599,3280.000,true
baseline,4,mybatis_late_modifier,5,26554,727.751,2656.000,true
baseline,4,raw_subquery_structured,5,12510,1465.731,4616.000,true
baseline,4,mybatis_in_256,5,715,20878.462,66616.000,true
baseline,4,raw_mixed_literals,5,14218,1516.922,3192.000,true
baseline,4,named_select_star,5,37541,275.408,1424.000,true
baseline,4,positional_dialect_PostgreSQL,5,16836,1042.308,3360.000,true
baseline,4,raw_in_expression,5,1198,18109.182,56616.000,true
baseline,4,named_dialect_DB2,5,14255,1355.573,4320.000,true
baseline,4,positional_mixed_literals,5,16158,1106.319,2800.000,true
baseline,4,positional_nested,5,14599,1189.431,2952.000,true
baseline,4,raw_in_16,5,11789,1737.908,5600.000,true
baseline,4,raw_select_entity,5,35530,573.451,2000.000,true
baseline,4,positional_dialect_MySQL,5,19765,985.125,3360.000,true
baseline,4,named_in_1024,5,121,110519.835,353216.000,true
baseline,4,positional_naming_UPPER_CAMEL_CASE,5,4037,4302.328,5888.000,true
baseline,4,raw_naming_SCREAMING_SNAKE_CASE,5,3688,5339.805,8856.000,true
baseline,4,raw_derived,5,2428,8797.405,15848.000,true
baseline,4,positional_in_17,5,16204,845.896,2672.000,true
baseline,4,mybatis_nested,5,5464,1349.341,3416.000,true
baseline,4,raw_union_raw,5,6776,3226.122,5200.000,true
baseline,4,named_where_eq,5,18538,919.339,3120.000,true
baseline,4,raw_update_chain_16,5,2735,7622.815,25448.000,true
baseline,4,named_nested,5,14173,1465.180,3648.000,true
baseline,4,mybatis_batch_64,5,564,32970.922,118896.000,true
baseline,4,named_condition_only,5,3759,5182.495,9560.000,true
baseline,4,positional_where_eq,5,18272,895.003,2664.000,true
baseline,4,named_pagination,5,17476,1191.812,4072.000,true
baseline,4,positional_repeated_names,5,796,14672.111,30360.000,true
baseline,4,raw_naming_NO_CHANGE,5,2744,3795.773,7880.000,true
baseline,4,positional_group_order,5,3564,2847.447,6336.000,true
baseline,4,positional_naming_SCREAMING_SNAKE_CASE,5,1842,4800.380,5904.000,true
baseline,4,mybatis_update_map,5,11890,1522.363,4200.000,true
baseline,4,positional_batch_64,5,486,19308.230,72176.000,true
baseline,4,mybatis_batch_beans,5,1583,7410.486,22080.000,true
baseline,4,named_dialect_Oracle,5,14756,1315.289,4272.000,true
baseline,4,positional_dialect_DB2,5,18949,1036.888,3544.000,true
baseline,4,named_mixed_literals,5,13835,1391.044,3768.000,true
baseline,4,positional_update_map,5,18345,1050.134,3024.000,true
baseline,4,mybatis_repeated_names,5,852,24207.042,52872.000,true
baseline,4,mybatis_union_builder,5,1936,10239.101,16648.000,true
baseline,4,positional_select_entity,5,32934,584.824,2000.000,true
baseline,4,named_row_in,5,14961,1291.912,4016.000,true
baseline,4,named_naming_KEBAB_CASE,5,3382,5586.546,10584.000,true
baseline,4,mybatis_pagination,5,16148,1099.678,3808.000,true
baseline,4,positional_in_1024,5,1375,15405.527,28504.000,true
baseline,4,raw_join_using,5,22564,838.291,3176.000,true
baseline,4,mybatis_select_star,5,80817,280.394,1424.000,true
baseline,4,raw_insert_entity,5,26403,844.896,2176.000,false
baseline,4,named_naming_SCREAMING_SNAKE_CASE,5,2520,5806.905,10600.000,true
baseline,4,named_batch_64,5,590,34945.085,134912.000,true
baseline,4,mybatis_insert_placeholders,5,21368,972.286,2584.000,true
baseline,4,positional_batch_4,5,3154,1928.250,5968.000,true
baseline,4,positional_in_expression,5,3980,4211.508,9760.000,true
baseline,4,mybatis_naming_CAMEL_CASE,5,2159,4732.422,8024.000,true
baseline,4,mybatis_subquery_raw,5,33514,593.877,2272.000,true
baseline,4,positional_batch_beans,5,2957,3400.676,10464.000,true
baseline,4,raw_insert_placeholders,5,31897,642.010,1944.000,true
baseline,4,mybatis_insert_entity,5,20829,821.096,2456.000,true
baseline,4,mybatis_where_eq,5,21216,958.842,2960.000,true
baseline,4,raw_delete,5,56812,419.292,1624.000,true
baseline,4,mybatis_in_1024,5,198,91605.051,256896.000,true
baseline,4,positional_join_using,5,15414,855.858,3056.000,true
baseline,4,named_insert_placeholders,5,10394,906.696,2888.000,true
baseline,4,raw_batch_64,5,742,26680.997,97344.000,false
baseline,4,mybatis_where_128,5,432,42117.593,58208.000,true
baseline,4,mybatis_naming_UPPER_CAMEL_CASE,5,3556,5875.900,8984.000,true
baseline,4,raw_update_map,5,15888,1231.250,3592.000,false
baseline,4,custom_handler_where,5,3456,5895.573,10616.000,true
baseline,4,mybatis_naming_SCREAMING_SNAKE_CASE,5,2304,5458.333,9000.000,true
baseline,4,named_union_raw,5,6636,3161.106,5200.000,true
baseline,4,named_raw_expression,5,13683,1453.819,2624.000,true
baseline,4,mybatis_in_16,5,10518,1920.222,6128.000,true
baseline,4,positional_in_256,5,4572,4193.263,9576.000,true
baseline,4,named_delete,5,50900,447.263,1960.000,true
baseline,4,positional_union_builder,5,1898,5094.046,9768.000,true
baseline,4,named_update_chain_16,5,1274,15899.608,47000.000,true
baseline,4,raw_raw_expression,5,11168,1591.252,2624.000,true
baseline,4,named_dialect_PostgreSQL,5,8932,1498.813,4144.000,true
baseline,4,positional_naming_NO_CHANGE,5,6282,3286.230,4928.000,true
baseline,4,raw_where_eq,5,17367,983.607,2784.000,true
baseline,4,mybatis_union_raw,5,6213,3036.890,5200.000,true
baseline,4,mybatis_naming_NO_CHANGE,5,4113,4338.099,8024.000,true
baseline,4,positional_naming_KEBAB_CASE,5,2787,4717.940,5888.000,true
baseline,4,named_join_on,5,11458,1618.738,4288.000,true
baseline,4,positional_late_modifier,5,14839,667.572,2360.000,true
baseline,4,mybatis_in_17,5,10261,1882.994,6344.000,true
baseline,4,raw_in_17,5,11347,1712.320,5816.000,true
baseline,4,raw_between,5,16805,1267.742,3384.000,true
baseline,4,positional_between,5,16440,1134.033,3056.000,true
baseline,4,positional_derived,5,1113,9471.249,15296.000,true
baseline,4,positional_select_expressions,5,4297,2160.880,2728.000,true
baseline,4,positional_raw_expression,5,6320,1544.288,2624.000,true
baseline,4,raw_retry_rollback,5,4014,4032.661,6376.000,true
baseline,4,named_naming_UPPER_CAMEL_CASE,5,3267,6326.905,10584.000,true
baseline,4,raw_condition_only,5,4626,4952.183,7816.000,true
baseline,4,named_where_16,5,3460,6835.578,10584.000,true
baseline,4,mybatis_condition_only,5,3474,4894.358,7960.000,true
baseline,4,named_retry_rollback,5,4346,4697.998,8264.000,true
baseline,4,mybatis_derived,5,1901,10546.449,17144.000,true
baseline,4,named_late_modifier,5,18766,796.312,2816.000,true
baseline,4,raw_in_256,5,1082,17974.399,56640.000,true
baseline,4,raw_join_on,5,11368,1582.891,3952.000,true
baseline,4,raw_where_128,5,415,39830.120,56496.000,true
baseline,4,named_union_builder,5,2122,9741.423,17272.000,true
baseline,4,positional_row_in,5,19601,899.087,2624.000,true
baseline,4,named_in_256,5,543,27110.313,90712.000,true
baseline,4,mybatis_retry_rollback,5,4117,4012.801,7568.000,true
baseline,4,named_between,5,15082,1237.197,3800.000,true
baseline,4,named_select_entity,5,19386,591.489,2000.000,true
baseline,4,raw_row_in,5,18395,1173.922,3136.000,true
baseline,4,mybatis_batch_4,5,7004,2886.451,8784.000,true
baseline,4,positional_where_128,5,553,32715.371,32808.000,true
baseline,4,mybatis_subquery_structured,5,11844,1496.091,5232.000,true
baseline,4,named_batch_4,5,7224,2965.767,9736.000,true
baseline,4,positional_union_raw,5,2771,3049.116,5200.000,true
baseline,4,named_dialect_Microsoft_SQL_Server,5,6460,1704.567,4320.000,true
baseline,4,positional_where_16,5,4205,4249.227,5888.000,true
baseline,4,named_dialect_MySQL,5,15541,1340.898,4144.000,true
baseline,4,raw_select_expressions,5,8918,2087.094,2728.000,true
baseline,4,named_subquery_structured,5,12413,1703.738,5488.000,true
baseline,4,raw_subquery_raw,5,29391,603.334,2272.000,true
baseline,4,mybatis_update_chain_16,5,1555,13992.540,39936.000,true
baseline,4,named_insert_entity,5,22495,929.709,2760.000,true
baseline,4,named_subquery_raw,5,35238,570.994,2272.000,true
baseline,4,positional_delete,5,36737,311.884,1504.000,true
baseline,4,named_in_17,5,6109,2286.364,7888.000,true
baseline,4,positional_naming_CAMEL_CASE,5,4664,3093.696,4928.000,true
baseline,4,positional_retry_rollback,5,2431,3103.661,5872.000,true
baseline,4,positional_insert_placeholders,5,29520,654.621,1944.000,true
baseline,4,positional_in_16,5,13203,830.092,2656.000,true
baseline,4,named_join_using,5,18263,916.509,3512.000,true
baseline,4,named_where_128,5,440,47820.000,71280.000,true
baseline,4,named_naming_NO_CHANGE,5,3744,4409.749,9624.000,true
baseline,4,raw_select_columns,5,23908,829.166,1952.000,true
baseline,4,raw_naming_KEBAB_CASE,5,3962,5030.666,8840.000,true
baseline,4,named_group_order,5,5947,3716.563,7688.000,true
baseline,4,raw_naming_CAMEL_CASE,5,4188,3842.908,7880.000,true
baseline,4,raw_batch_beans,5,2944,6453.193,16896.000,false
baseline,4,mybatis_join_using,5,18178,954.533,3352.000,true
baseline,4,named_in_expression,5,536,24858.955,90680.000,true
baseline,4,positional_subquery_raw,5,17633,633.471,2272.000,true
baseline,4,mybatis_where_16,5,2760,5285.326,8984.000,true
baseline,4,positional_insert_values,5,16255,838.444,2104.000,true
baseline,4,raw_in_1024,5,299,70068.227,220248.000,true
baseline,4,mybatis_between,5,14554,1236.121,3544.000,true
baseline,4,raw_where_16,5,4081,5229.870,8840.000,true
baseline,4,named_repeated_names,5,744,24884.812,64920.000,true
baseline,4,mybatis_select_columns,5,22626,805.012,1952.000,true
baseline,4,named_derived,5,1856,9982.112,17800.000,true
baseline,4,raw_repeated_names,5,961,22073.985,53896.000,true
baseline,4,positional_join_on,5,6522,1544.327,3832.000,true
baseline,4,mybatis_row_in,5,6208,1147.793,3608.000,true
baseline,4,positional_insert_entity,5,33975,617.695,1816.000,true
baseline,4,mybatis_join_on,5,10330,1662.643,4128.000,true
baseline,4,mybatis_in_expression,5,833,21769.748,66656.000,true
baseline,4,raw_union_builder,5,4089,5304.524,10160.000,true
baseline,4,mybatis_naming_KEBAB_CASE,5,2572,5695.684,8984.000,true
baseline,4,named_update_map,5,9511,1761.623,4752.000,true
baseline,4,positional_select_columns,5,22691,770.790,1952.000,true
baseline,4,named_batch_beans,5,2676,8618.722,26064.000,true
baseline,4,positional_in_1024,6,1375,14876.800,28504.000,true
baseline,4,mybatis_repeated_names,6,852,22729.343,52872.000,true
baseline,4,named_select_expressions,6,8409,2144.119,2728.000,true
baseline,4,raw_insert_placeholders,6,31897,622.438,1944.000,true
baseline,4,positional_in_16,6,13203,861.963,2656.000,true
baseline,4,positional_subquery_raw,6,17633,604.072,2272.000,true
baseline,4,positional_subquery_structured,6,7265,1422.891,4704.000,true
baseline,4,positional_join_using,6,15414,765.836,3056.000,true
baseline,4,positional_batch_beans,6,2957,4751.133,10464.000,true
baseline,4,named_where_eq,6,18538,987.027,3120.000,true
baseline,4,mybatis_insert_placeholders,6,21368,917.685,2584.000,true
baseline,4,mybatis_update_chain_16,6,1555,13569.582,39936.000,true
baseline,4,positional_raw_expression,6,6320,1519.826,2624.000,true
baseline,4,raw_naming_KEBAB_CASE,6,3962,5244.977,8840.000,true
baseline,4,raw_select_entity,6,35530,588.038,2000.000,true
baseline,4,raw_update_chain_16,6,2735,7606.764,25448.000,true
baseline,4,mybatis_select_entity,6,32693,531.787,2000.000,true
baseline,4,positional_between,6,16440,1153.108,3056.000,true
baseline,4,raw_in_expression,6,1198,18406.594,56616.000,true
baseline,4,positional_row_in,6,19601,848.676,2624.000,true
baseline,4,mybatis_raw_expression,6,13647,1560.973,2624.000,true
baseline,4,raw_raw_expression,6,11168,1597.994,2624.000,true
baseline,4,raw_join_using,6,22564,1026.595,3176.000,true
baseline,4,named_union_raw,6,6636,3327.260,5200.000,true
baseline,4,mybatis_naming_NO_CHANGE,6,4113,4645.636,8024.000,true
baseline,4,mybatis_where_16,6,2760,6052.645,8984.000,true
baseline,4,mybatis_between,6,14554,1254.748,3544.000,true
baseline,4,named_nested,6,14173,1465.547,3648.000,true
baseline,4,raw_batch_beans,6,2944,6188.349,16896.000,false
baseline,4,named_batch_64,6,590,37003.220,134912.000,true
baseline,4,positional_select_columns,6,22691,849.011,1952.000,true
baseline,4,raw_union_raw,6,6776,3040.717,5200.000,true
baseline,4,mybatis_join_using,6,18178,973.138,3352.000,true
baseline,4,named_naming_SCREAMING_SNAKE_CASE,6,2520,5921.111,10600.000,true
baseline,4,raw_in_17,6,11347,1632.387,5816.000,true
baseline,4,raw_batch_64,6,742,26371.698,97344.000,false
baseline,4,named_condition_only,6,3759,5403.485,9560.000,true
baseline,4,raw_where_eq,6,17367,906.253,2784.000,true
baseline,4,positional_dialect_PostgreSQL,6,16836,1058.624,3360.000,true
baseline,4,custom_handler_union,6,1748,10099.600,16536.000,true
baseline,4,named_in_17,6,6109,2288.443,7888.000,true
baseline,4,named_batch_beans,6,2676,7884.268,26064.000,true
baseline,4,named_retry_rollback,6,4346,4918.753,8264.000,true
baseline,4,named_dialect_Microsoft_SQL_Server,6,6460,1532.833,4320.000,true
baseline,4,mybatis_insert_entity,6,20829,810.581,2456.000,true
baseline,4,raw_in_16,6,11789,1729.740,5600.000,true
baseline,4,positional_where_128,6,553,30999.458,32808.000,true
baseline,4,mybatis_union_raw,6,6213,3187.124,5200.000,true
baseline,4,named_in_256,6,543,25644.751,90712.000,true
baseline,4,raw_derived,6,2428,9176.771,15848.000,true
baseline,4,named_join_using,6,18263,964.234,3512.000,true
baseline,4,raw_late_modifier,6,23741,677.739,2480.000,true
baseline,4,named_pagination,6,17476,1191.337,4072.000,true
baseline,4,mybatis_in_1024,6,198,101117.172,256896.000,true
baseline,4,mybatis_group_order,6,5506,3588.467,7264.000,true
baseline,4,mybatis_batch_beans,6,1583,7021.036,22080.000,true
baseline,4,raw_insert_entity,6,26403,862.652,2176.000,false
baseline,4,named_naming_UPPER_CAMEL_CASE,6,3267,5826.079,10584.000,true
baseline,4,raw_condition_only,6,4626,4604.540,7816.000,true
baseline,4,positional_naming_CAMEL_CASE,6,4664,3184.734,4928.000,true
baseline,4,positional_dialect_Oracle,6,8871,942.081,3496.000,true
baseline,4,positional_group_order,6,3564,3407.071,6336.000,true
baseline,4,named_insert_entity,6,22495,886.739,2760.000,true
baseline,4,positional_delete,6,36737,339.323,1504.000,true
baseline,4,raw_naming_UPPER_CAMEL_CASE,6,3668,5632.579,8840.000,true
baseline,4,positional_union_raw,6,2771,3005.882,5200.000,true
baseline,4,named_join_on,6,11458,1623.556,4288.000,true
baseline,4,named_batch_4,6,7224,2918.895,9736.000,true
baseline,4,named_derived,6,1856,10904.741,17800.000,true
baseline,4,named_in_16,6,9334,2125.852,7600.000,true
baseline,4,positional_select_star,6,73846,257.835,1424.000,true
baseline,4,raw_select_expressions,6,8918,2031.902,2728.000,true
baseline,4,positional_where_eq,6,18272,847.658,2664.000,true
baseline,4,named_naming_KEBAB_CASE,6,3382,5596.127,10584.000,true
baseline,4,named_group_order,6,5947,3893.476,7688.000,true
baseline,4,positional_naming_KEBAB_CASE,6,2787,4358.773,5888.000,true
baseline,4,raw_subquery_structured,6,12510,1322.478,4616.000,true
baseline,4,named_naming_CAMEL_CASE,6,2832,4792.444,9624.000,true
baseline,4,raw_update_map,6,15888,1308.774,3592.000,false
baseline,4,named_union_builder,6,2122,9750.801,17272.000,true
baseline,4,raw_join_on,6,11368,1706.941,3952.000,true
baseline,4,named_dialect_Oracle,6,14756,1306.506,4272.000,true
baseline,4,raw_select_star,6,80861,264.240,1424.000,true
baseline,4,named_update_chain_16,6,1274,16041.444,47000.000,true
baseline,4,positional_update_chain_16,6,2743,6449.836,22360.000,true
baseline,4,raw_repeated_names,6,961,20728.200,53896.000,true
baseline,4,positional_insert_values,6,16255,869.265,2104.000,true
baseline,4,named_select_star,6,37541,286.647,1424.000,true
baseline,4,named_repeated_names,6,744,26799.328,64920.000,true
baseline,4,raw_pagination,6,20907,995.676,3400.000,true
baseline,4,named_select_entity,6,19386,613.984,2000.000,true
baseline,4,named_select_columns,6,12097,733.140,1952.000,true
baseline,4,raw_group_order,6,7028,3359.363,6432.000,true
baseline,4,mybatis_join_on,6,10330,1675.944,4128.000,true
baseline,4,mybatis_select_star,6,80817,281.756,1424.000,true
baseline,4,mybatis_select_columns,6,22626,801.131,1952.000,true
baseline,4,named_in_1024,6,121,141161.157,353216.000,true
baseline,4,positional_naming_UPPER_CAMEL_CASE,6,4037,4394.526,5888.000,true
baseline,4,mybatis_where_eq,6,21216,959.630,2960.000,true
baseline,4,raw_naming_NO_CHANGE,6,2744,3760.168,7880.000,true
baseline,4,positional_in_256,6,4572,4194.663,9576.000,true
baseline,4,mybatis_naming_KEBAB_CASE,6,2572,5585.653,8984.000,true
baseline,4,positional_repeated_names,6,796,14877.764,30360.000,true
baseline,4,mybatis_update_map,6,11890,1582.599,4200.000,true
baseline,4,named_insert_placeholders,6,10394,901.222,2888.000,true
baseline,4,mybatis_delete,6,51244,418.687,1808.000,true
baseline,4,mybatis_subquery_raw,6,33514,583.989,2272.000,true
baseline,4,mybatis_in_17,6,10261,2031.030,6344.000,true
baseline,4,mybatis_insert_values,6,17763,1071.424,2744.000,true
baseline,4,positional_batch_4,6,3154,1968.580,5968.000,true
baseline,4,raw_subquery_raw,6,29391,595.522,2272.000,true
baseline,4,positional_pagination,6,8599,853.797,3288.000,true
baseline,4,raw_nested,6,16352,1364.218,3280.000,true
baseline,4,named_row_in,6,14961,1336.595,4016.000,true
baseline,4,positional_mixed_literals,6,16158,1083.500,2800.000,true
baseline,4,raw_in_256,6,1082,19180.129,56640.000,true
baseline,4,named_mixed_literals,6,13835,1494.904,3768.000,true
baseline,4,positional_join_on,6,6522,1492.073,3832.000,true
baseline,4,positional_insert_placeholders,6,29520,658.774,1944.000,true
baseline,4,mybatis_condition_only,6,3474,4945.682,7960.000,true
baseline,4,mybatis_union_builder,6,1936,10085.744,16648.000,true
baseline,4,named_update_map,6,9511,1692.135,4752.000,true
baseline,4,mybatis_batch_4,6,7004,2760.194,8784.000,true
baseline,4,positional_dialect_MySQL,6,19765,1000.643,3360.000,true
baseline,4,named_dialect_PostgreSQL,6,8932,1242.476,4144.000,true
baseline,4,raw_where_128,6,415,38606.988,56496.000,true
baseline,4,positional_insert_entity,6,33975,593.274,1816.000,true
baseline,4,positional_where_16,6,4205,4290.654,5888.000,true
baseline,4,raw_select_columns,6,23908,769.801,1952.000,true
baseline,4,mybatis_late_modifier,6,26554,726.324,2656.000,true
baseline,4,positional_retry_rollback,6,2431,3101.275,5872.000,true
baseline,4,positional_dialect_Microsoft_SQL_Server,6,15082,1211.676,3544.000,true
baseline,4,raw_naming_CAMEL_CASE,6,4188,3904.370,7880.000,true
baseline,4,positional_nested,6,14599,1178.026,2952.000,true
baseline,4,positional_batch_64,6,486,15966.461,72176.000,true
baseline,4,raw_insert_values,6,20761,1006.845,2464.000,false
baseline,4,raw_between,6,16805,1232.943,3384.000,true
baseline,4,named_dialect_DB2,6,14255,1272.290,4320.000,true
baseline,4,raw_delete,6,56812,420.027,1624.000,true
baseline,4,mybatis_select_expressions,6,10317,1966.192,2728.000,true
baseline,4,mybatis_in_16,6,10518,1935.444,6128.000,true
baseline,4,raw_batch_4,6,8793,2880.382,7584.000,false
baseline,4,positional_late_modifier,6,14839,580.450,2360.000,true
baseline,4,mybatis_mixed_literals,6,11326,1514.824,3432.000,true
baseline,4,positional_dialect_DB2,6,18949,988.749,3544.000,true
baseline,4,named_where_128,6,440,47081.364,71280.000,true
baseline,4,raw_naming_SCREAMING_SNAKE_CASE,6,3688,4953.471,8856.000,true
baseline,4,positional_in_17,6,16204,822.445,2672.000,true
baseline,4,mybatis_naming_UPPER_CAMEL_CASE,6,3556,5435.349,8984.000,true
baseline,4,positional_select_entity,6,32934,568.455,2000.000,true
baseline,4,mybatis_subquery_structured,6,11844,1574.164,5232.000,true
baseline,4,positional_derived,6,1113,9058.580,15296.000,true
baseline,4,positional_naming_NO_CHANGE,6,6282,2974.483,4928.000,true
baseline,4,mybatis_pagination,6,16148,1163.178,3808.000,true
baseline,4,positional_union_builder,6,1898,4914.752,9768.000,true
baseline,4,named_in_expression,6,536,28021.828,90680.000,true
baseline,4,mybatis_where_128,6,432,40987.731,58208.000,true
baseline,4,positional_in_expression,6,3980,4541.131,9760.000,true
baseline,4,named_dialect_MySQL,6,15541,1275.529,4144.000,true
baseline,4,named_subquery_structured,6,12413,1720.309,5488.000,true
baseline,4,mybatis_in_expression,6,833,21342.257,66656.000,true
baseline,4,positional_condition_only,6,3298,3771.437,4872.000,true
baseline,4,raw_row_in,6,18395,1078.538,3136.000,true
baseline,4,mybatis_derived,6,1901,10652.078,17144.000,true
baseline,4,mybatis_row_in,6,6208,1140.061,3608.000,true
baseline,4,mybatis_in_256,6,715,23822.797,66616.000,true
baseline,4,mybatis_naming_SCREAMING_SNAKE_CASE,6,2304,5374.002,9000.000,true
baseline,4,named_delete,6,50900,458.676,1960.000,true
baseline,4,raw_union_builder,6,4089,5360.895,10160.000,true
baseline,4,mybatis_nested,6,5464,1249.268,3416.000,true
baseline,4,positional_select_expressions,6,4297,1977.030,2728.000,true
baseline,4,raw_where_16,6,4081,5042.906,8840.000,true
baseline,4,named_between,6,15082,1273.876,3800.000,true
baseline,4,named_raw_expression,6,13683,1568.530,2624.000,true
baseline,4,named_where_16,6,3460,5634.393,10584.000,true
baseline,4,named_late_modifier,6,18766,731.914,2816.000,true
baseline,4,named_naming_NO_CHANGE,6,3744,4457.051,9624.000,true
baseline,4,named_insert_values,6,15513,1145.581,3048.000,true
baseline,4,raw_in_1024,6,299,72669.565,220248.000,true
baseline,4,positional_naming_SCREAMING_SNAKE_CASE,6,1842,4097.177,5904.000,true
baseline,4,positional_update_map,6,18345,1043.783,3024.000,true
baseline,4,raw_retry_rollback,6,4014,3395.042,6376.000,true
baseline,4,named_subquery_raw,6,35238,603.451,2272.000,true
baseline,4,custom_handler_where,6,3456,5672.251,10616.000,true
baseline,4,mybatis_batch_64,6,564,34387.589,118896.000,true
baseline,4,raw_mixed_literals,6,14218,1493.529,3192.000,true
baseline,4,mybatis_naming_CAMEL_CASE,6,2159,4737.749,8024.000,true
baseline,4,mybatis_retry_rollback,6,4117,3568.326,7568.000,true
baseline,4,raw_mixed_literals,7,14218,1522.858,3192.000,true
baseline,4,positional_insert_values,7,16255,751.873,2104.000,true
baseline,4,raw_update_map,7,15888,1347.564,3592.000,false
baseline,4,positional_raw_expression,7,6320,1419.209,2624.000,true
baseline,4,named_in_16,7,9334,2030.319,7600.000,true
baseline,4,positional_insert_entity,7,33975,612.677,1816.000,true
baseline,4,named_subquery_raw,7,35238,598.692,2272.000,true
baseline,4,positional_repeated_names,7,796,14698.492,30360.000,true
baseline,4,positional_naming_CAMEL_CASE,7,4664,3314.880,4928.000,true
baseline,4,raw_repeated_names,7,961,20814.256,53896.000,true
baseline,4,positional_pagination,7,8599,1154.809,3288.000,true
baseline,4,mybatis_join_on,7,10330,1556.050,4128.000,true
baseline,4,named_join_using,7,18263,930.324,3512.000,true
baseline,4,positional_naming_SCREAMING_SNAKE_CASE,7,1842,4151.086,5904.000,true
baseline,4,positional_join_on,7,6522,1486.937,3832.000,true
baseline,4,raw_late_modifier,7,23741,682.355,2480.000,true
baseline,4,raw_in_17,7,11347,1733.401,5816.000,true
baseline,4,positional_late_modifier,7,14839,695.882,2360.000,true
baseline,4,named_in_256,7,543,24630.387,90712.000,true
baseline,4,raw_naming_SCREAMING_SNAKE_CASE,7,3688,5552.088,8856.000,true
baseline,4,positional_update_map,7,18345,944.159,3024.000,true
baseline,4,named_row_in,7,14961,1401.644,4016.000,true
baseline,4,raw_in_256,7,1082,17977.542,56640.000,true
baseline,4,mybatis_in_1024,7,198,90339.394,256896.000,true
baseline,4,positional_union_raw,7,2771,3501.877,5200.000,true
baseline,4,mybatis_naming_KEBAB_CASE,7,2572,5362.986,8984.000,true
baseline,4,positional_batch_64,7,486,17198.765,72176.000,true
baseline,4,mybatis_derived,7,1901,11270.647,17144.000,true
baseline,4,positional_in_expression,7,3980,4318.241,9760.000,true
baseline,4,mybatis_mixed_literals,7,11326,1476.338,3432.000,true
baseline,4,raw_union_raw,7,6776,3024.602,5200.000,true
baseline,4,mybatis_in_expression,7,833,21643.938,66656.000,true
baseline,4,named_late_modifier,7,18766,762.352,2816.000,true
baseline,4,raw_where_16,7,4081,4945.969,8840.000,true
baseline,4,named_derived,7,1856,9624.246,17800.000,true
baseline,4,mybatis_naming_UPPER_CAMEL_CASE,7,3556,5902.756,8984.000,true
baseline,4,positional_subquery_raw,7,17633,542.466,2272.000,true
baseline,4,positional_select_star,7,73846,305.920,1424.000,true
baseline,4,raw_nested,7,16352,1259.051,3280.000,true
baseline,4,raw_group_order,7,7028,3472.396,6432.000,true
baseline,4,raw_batch_beans,7,2944,7726.596,16896.000,false
baseline,4,named_batch_4,7,7224,2992.539,9736.000,true
baseline,4,positional_between,7,16440,1000.675,3056.000,true
baseline,4,mybatis_nested,7,5464,1273.371,3416.000,true
baseline,4,raw_select_entity,7,35530,590.856,2000.000,true
baseline,4,raw_condition_only,7,4626,4705.772,7816.000,true
baseline,4,mybatis_naming_CAMEL_CASE,7,2159,4251.366,8024.000,true
baseline,4,named_join_on,7,11458,1684.011,4288.000,true
baseline,4,raw_naming_CAMEL_CASE,7,4188,3853.916,7880.000,true
baseline,4,raw_derived,7,2428,9669.234,15848.000,true
baseline,4,raw_insert_placeholders,7,31897,612.603,1944.000,true
baseline,4,mybatis_select_entity,7,32693,590.781,2000.000,true
baseline,4,named_where_eq,7,18538,1020.898,3120.000,true
baseline,4,named_delete,7,50900,473.644,1960.000,true
baseline,4,named_select_columns,7,12097,797.222,1952.000,true
baseline,4,named_update_chain_16,7,1274,16166.405,47000.000,true
baseline,4,mybatis_select_columns,7,22626,806.055,1952.000,true
baseline,4,positional_select_expressions,7,4297,1959.716,2728.000,true
baseline,4,raw_in_16,7,11789,1732.547,5600.000,true
baseline,4,named_nested,7,14173,1316.948,3648.000,true
baseline,4,mybatis_batch_beans,7,1583,8687.555,22080.000,true
baseline,4,raw_batch_64,7,742,26294.340,97344.000,false
baseline,4,raw_pagination,7,20907,950.514,3400.000,true
baseline,4,mybatis_subquery_raw,7,33514,566.199,2272.000,true
baseline,4,named_raw_expression,7,13683,1433.911,2624.000,true
baseline,4,raw_join_on,7,11368,1788.450,3952.000,true
baseline,4,named_between,7,15082,1226.323,3800.000,true
baseline,4,positional_where_eq,7,18272,913.956,2664.000,true
baseline,4,positional_update_chain_16,7,2743,6565.986,22360.000,true
baseline,4,named_in_1024,7,121,111892.562,353216.000,true
baseline,4,raw_row_in,7,18395,1125.507,3136.000,true
baseline,4,positional_where_16,7,4205,4135.054,5888.000,true
baseline,4,positional_in_1024,7,1375,13999.418,28504.000,true
baseline,4,mybatis_late_modifier,7,26554,772.449,2656.000,true
baseline,4,named_union_raw,7,6636,3114.271,5200.000,true
baseline,4,named_batch_beans,7,2676,7994.432,26064.000,true
baseline,4,named_condition_only,7,3759,5412.849,9560.000,true
baseline,4,raw_insert_entity,7,26403,809.525,2176.000,false
baseline,4,mybatis_raw_expression,7,13647,1518.861,2624.000,true
baseline,4,named_select_entity,7,19386,530.104,2000.000,true
baseline,4,raw_subquery_raw,7,29391,611.626,2272.000,true
baseline,4,named_group_order,7,5947,3830.553,7688.000,true
baseline,4,mybatis_batch_4,7,7004,2766.376,8784.000,true
baseline,4,mybatis_batch_64,7,564,34193.440,118896.000,true
baseline,4,mybatis_union_raw,7,6213,3293.594,5200.000,true
baseline,4,named_naming_CAMEL_CASE,7,2832,4543.821,9624.000,true
baseline,4,mybatis_retry_rollback,7,4117,3968.399,7568.000,true
baseline,4,positional_naming_UPPER_CAMEL_CASE,7,4037,4265.048,5888.000,true
baseline,4,named_union_builder,7,2122,10033.742,17272.000,true
baseline,4,named_in_17,7,6109,2299.689,7888.000,true
baseline,4,raw_naming_NO_CHANGE,7,2744,3889.687,7880.000,true
baseline,4,mybatis_union_builder,7,1936,11068.182,16648.000,true
baseline,4,positional_dialect_MySQL,7,19765,930.473,3360.000,true
baseline,4,raw_raw_expression,7,11168,1580.131,2624.000,true
baseline,4,positional_naming_NO_CHANGE,7,6282,3107.911,4928.000,true
baseline,4,mybatis_delete,7,51244,440.475,1808.000,true
baseline,4,mybatis_update_map,7,11890,1550.185,4200.000,true
baseline,4,positional_where_128,7,553,31562.749,32808.000,true
baseline,4,named_insert_entity,7,22495,913.754,2760.000,true
baseline,4,mybatis_row_in,7,6208,1162.017,3608.000,true
baseline,4,named_naming_SCREAMING_SNAKE_CASE,7,2520,6043.532,10600.000,true
baseline,4,named_repeated_names,7,744,25396.371,64920.000,true
baseline,4,positional_dialect_PostgreSQL,7,16836,1070.510,3360.000,true
baseline,4,positional_delete,7,36737,332.243,1504.000,true
baseline,4,raw_in_expression,7,1198,18920.284,56616.000,true
baseline,4,raw_select_star,7,80861,293.523,1424.000,true
baseline,4,raw_select_columns,7,23908,770.186,1952.000,true
baseline,4,named_dialect_DB2,7,14255,1325.626,4320.000,true
baseline,4,positional_dialect_Oracle,7,8871,1067.816,3496.000,true
baseline,4,raw_subquery_structured,7,12510,1394.964,4616.000,true
baseline,4,mybatis_where_16,7,2760,5312.428,8984.000,true
baseline,4,raw_update_chain_16,7,2735,8052.761,25448.000,true
baseline,4,named_where_128,7,440,43285.455,71280.000,true
baseline,4,positional_derived,7,1113,8714.915,15296.000,true
baseline,4,raw_in_1024,7,299,70528.763,220248.000,true
baseline,4,named_retry_rollback,7,4346,6000.069,8264.000,true
baseline,4,positional_nested,7,14599,1158.059,2952.000,true
baseline,4,mybatis_between,7,14554,1260.458,3544.000,true
baseline,4,custom_handler_where,7,3456,5735.185,10616.000,true
baseline,4,positional_batch_beans,7,2957,4213.696,10464.000,true
baseline,4,raw_naming_KEBAB_CASE,7,3962,4955.225,8840.000,true
baseline,4,named_where_16,7,3460,5685.636,10584.000,true
baseline,4,named_mixed_literals,7,13835,1432.223,3768.000,true
baseline,4,positional_join_using,7,15414,827.138,3056.000,true
baseline,4,positional_insert_placeholders,7,29520,636.941,1944.000,true
baseline,4,positional_mixed_literals,7,16158,1136.162,2800.000,true
baseline,4,named_dialect_Oracle,7,14756,1359.142,4272.000,true
baseline,4,named_insert_placeholders,7,10394,925.293,2888.000,true
baseline,4,positional_group_order,7,3564,3472.503,6336.000,true
baseline,4,raw_union_builder,7,4089,5061.433,10160.000,true
baseline,4,named_naming_NO_CHANGE,7,3744,4926.496,9624.000,true
baseline,4,mybatis_insert_placeholders,7,21368,940.406,2584.000,true
baseline,4,named_naming_UPPER_CAMEL_CASE,7,3267,6138.782,10584.000,true
baseline,4,named_pagination,7,17476,1207.433,4072.000,true
baseline,4,mybatis_in_17,7,10261,1922.922,6344.000,true
baseline,4,positional_in_17,7,16204,756.739,2672.000,true
baseline,4,mybatis_group_order,7,5506,3541.173,7264.000,true
baseline,4,mybatis_insert_entity,7,20829,825.124,2456.000,true
baseline,4,named_in_expression,7,536,27053.545,90680.000,true
baseline,4,named_dialect_MySQL,7,15541,1430.526,4144.000,true
baseline,4,mybatis_where_eq,7,21216,927.154,2960.000,true
baseline,4,raw_insert_values,7,20761,985.275,2464.000,false
baseline,4,positional_dialect_Microsoft_SQL_Server,7,15082,1260.019,3544.000,true
baseline,4,raw_delete,7,56812,394.433,1624.000,true
baseline,4,named_update_map,7,9511,1645.600,4752.000,true
baseline,4,named_select_expressions,7,8409,1982.031,2728.000,true
baseline,4,positional_in_256,7,4572,4339.742,9576.000,true
baseline,4,named_dialect_Microsoft_SQL_Server,7,6460,1626.207,4320.000,true
baseline,4,mybatis_naming_NO_CHANGE,7,4113,4332.045,8024.000,true
baseline,4,positional_naming_KEBAB_CASE,7,2787,4009.508,5888.000,true
baseline,4,named_dialect_PostgreSQL,7,8932,1356.897,4144.000,true
baseline,4,mybatis_subquery_structured,7,11844,1545.711,5232.000,true
baseline,4,mybatis_select_expressions,7,10317,1973.393,2728.000,true
baseline,4,raw_batch_4,7,8793,2537.632,7584.000,false
baseline,4,mybatis_where_128,7,432,42218.056,58208.000,true
baseline,4,named_subquery_structured,7,12413,1742.109,5488.000,true
baseline,4,custom_handler_union,7,1748,10105.606,16536.000,true
baseline,4,mybatis_join_using,7,18178,958.230,3352.000,true
baseline,4,raw_where_128,7,415,38414.217,56496.000,true
baseline,4,positional_select_columns,7,22691,739.575,1952.000,true
baseline,4,positional_in_16,7,13203,844.248,2656.000,true
baseline,4,named_naming_KEBAB_CASE,7,3382,5608.220,10584.000,true
baseline,4,mybatis_select_star,7,80817,285.936,1424.000,true
baseline,4,positional_batch_4,7,3154,1882.942,5968.000,true
baseline,4,mybatis_pagination,7,16148,1038.785,3808.000,true
baseline,4,positional_row_in,7,19601,897.592,2624.000,true
baseline,4,mybatis_insert_values,7,17763,1060.530,2744.000,true
baseline,4,mybatis_update_chain_16,7,1555,14988.875,39936.000,true
baseline,4,positional_condition_only,7,3298,3565.737,4872.000,true
baseline,4,raw_between,7,16805,1138.625,3384.000,true
baseline,4,positional_select_entity,7,32934,587.429,2000.000,true
baseline,4,named_batch_64,7,590,36649.153,134912.000,true
baseline,4,mybatis_repeated_names,7,852,25241.197,52872.000,true
baseline,4,raw_join_using,7,22564,883.088,3176.000,true
baseline,4,mybatis_condition_only,7,3474,4979.361,7960.000,true
baseline,4,mybatis_naming_SCREAMING_SNAKE_CASE,7,2304,5500.174,9000.000,true
baseline,4,raw_naming_UPPER_CAMEL_CASE,7,3668,5195.038,8840.000,true
baseline,4,positional_union_builder,7,1898,4902.107,9768.000,true
baseline,4,mybatis_in_16,7,10518,1927.144,6128.000,true
baseline,4,positional_retry_rollback,7,2431,2664.377,5872.000,true
baseline,4,raw_select_expressions,7,8918,1942.420,2728.000,true
baseline,4,positional_subquery_structured,7,7265,1391.507,4704.000,true
baseline,4,positional_dialect_DB2,7,18949,1094.401,3544.000,true
baseline,4,mybatis_in_256,7,715,20724.895,66616.000,true
baseline,4,raw_retry_rollback,7,4014,3445.765,6376.000,true
baseline,4,named_select_star,7,37541,288.565,1424.000,true
baseline,4,named_insert_values,7,15513,1115.245,3048.000,true
baseline,4,raw_where_eq,7,17367,925.842,2784.000,true
baseline,4,raw_in_1024,8,299,81465.886,220248.000,true
baseline,4,positional_naming_UPPER_CAMEL_CASE,8,4037,4931.236,5888.000,true
baseline,4,named_select_star,8,37541,274.705,1424.000,true
baseline,4,positional_insert_placeholders,8,29520,695.874,1944.000,true
baseline,4,mybatis_in_17,8,10261,1913.371,6344.000,true
baseline,4,raw_naming_KEBAB_CASE,8,3962,4942.428,8840.000,true
baseline,4,named_condition_only,8,3759,5460.149,9560.000,true
baseline,4,raw_join_on,8,11368,1538.063,3952.000,true
baseline,4,raw_select_star,8,80861,298.908,1424.000,true
baseline,4,named_where_eq,8,18538,1002.918,3120.000,true
baseline,4,raw_retry_rollback,8,4014,3073.866,6376.000,true
baseline,4,positional_union_raw,8,2771,3033.706,5200.000,true
baseline,4,raw_late_modifier,8,23741,729.936,2480.000,true
baseline,4,named_select_expressions,8,8409,1962.290,2728.000,true
baseline,4,mybatis_repeated_names,8,852,24382.629,52872.000,true
baseline,4,raw_between,8,16805,1127.212,3384.000,true
baseline,4,raw_in_256,8,1082,18704.898,56640.000,true
baseline,4,mybatis_select_star,8,80817,278.351,1424.000,true
baseline,4,raw_subquery_structured,8,12510,1242.406,4616.000,true
baseline,4,positional_in_expression,8,3980,4720.854,9760.000,true
baseline,4,positional_dialect_Microsoft_SQL_Server,8,15082,1227.476,3544.000,true
baseline,4,mybatis_where_eq,8,21216,930.123,2960.000,true
baseline,4,positional_row_in,8,19601,909.668,2624.000,true
baseline,4,mybatis_union_raw,8,6213,2991.840,5200.000,true
baseline,4,raw_delete,8,56812,406.884,1624.000,true
baseline,4,positional_dialect_DB2,8,18949,959.850,3544.000,true
baseline,4,positional_between,8,16440,1131.600,3056.000,true
baseline,4,positional_batch_4,8,3154,1713.919,5968.000,true
baseline,4,mybatis_batch_64,8,564,36972.695,118896.000,true
baseline,4,raw_select_columns,8,23908,784.311,1952.000,true
baseline,4,named_subquery_raw,8,35238,580.402,2272.000,true
baseline,4,positional_update_map,8,18345,934.593,3024.000,true
baseline,4,named_retry_rollback,8,4346,3770.640,8264.000,true
baseline,4,positional_subquery_raw,8,17633,546.475,2272.000,true
baseline,4,named_in_1024,8,121,125332.231,353216.000,true
baseline,4,named_between,8,15082,1286.096,3800.000,true
baseline,4,mybatis_batch_beans,8,1583,8192.419,22080.000,true
baseline,4,positional_dialect_MySQL,8,19765,943.324,3360.000,true
baseline,4,named_repeated_names,8,744,26093.011,64920.000,true
baseline,4,mybatis_delete,8,51244,397.163,1808.000,true
baseline,4,positional_repeated_names,8,796,15568.342,30360.000,true
baseline,4,custom_handler_where,8,3456,5871.817,10616.000,true
baseline,4,mybatis_insert_entity,8,20829,835.590,2456.000,true
baseline,4,mybatis_condition_only,8,3474,5080.512,7960.000,true
baseline,4,named_where_16,8,3460,5480.578,10584.000,true
baseline,4,raw_batch_64,8,742,28529.245,97344.000,false
baseline,4,named_update_chain_16,8,1274,16475.353,47000.000,true
baseline,4,positional_where_eq,8,18272,858.127,2664.000,true
baseline,4,raw_where_16,8,4081,5020.020,8840.000,true
baseline,4,mybatis_subquery_raw,8,33514,608.581,2272.000,true
baseline,4,raw_row_in,8,18395,1162.120,3136.000,true
baseline,4,named_union_raw,8,6636,2999.171,5200.000,true
baseline,4,named_insert_placeholders,8,10394,918.241,2888.000,true
baseline,4,raw_union_builder,8,4089,5528.736,10160.000,true
baseline,4,positional_pagination,8,8599,887.092,3288.000,true
baseline,4,positional_dialect_PostgreSQL,8,16836,1067.706,3360.000,true
baseline,4,named_naming_NO_CHANGE,8,3744,4518.056,9624.000,true
baseline,4,raw_pagination,8,20907,944.033,3400.000,true
baseline,4,named_batch_beans,8,2676,8244.170,26064.000,true
baseline,4,positional_naming_CAMEL_CASE,8,4664,3295.605,4928.000,true
baseline,4,positional_select_entity,8,32934,538.829,2000.000,true
baseline,4,named_select_columns,8,12097,809.878,1952.000,true
baseline,4,positional_in_17,8,16204,761.294,2672.000,true
baseline,4,positional_select_expressions,8,4297,1973.703,2728.000,true
baseline,4,raw_where_eq,8,17367,980.808,2784.000,true
baseline,4,mybatis_where_128,8,432,40469.907,58208.000,true
baseline,4,mybatis_group_order,8,5506,3519.215,7264.000,true
baseline,4,raw_group_order,8,7028,3216.434,6432.000,true
baseline,4,named_dialect_Microsoft_SQL_Server,8,6460,1679.071,4320.000,true
baseline,4,raw_select_entity,8,35530,567.625,2000.000,true
baseline,4,mybatis_select_columns,8,22626,778.785,1952.000,true
baseline,4,named_in_16,8,9334,2136.951,7600.000,true
baseline,4,positional_derived,8,1113,8491.734,15296.000,true
baseline,4,positional_batch_beans,8,2957,3754.109,10464.000,true
baseline,4,raw_union_raw,8,6776,3019.820,5200.000,true
baseline,4,mybatis_in_16,8,10518,1907.539,6128.000,true
baseline,4,mybatis_insert_placeholders,8,21368,954.975,2584.000,true
baseline,4,named_join_on,8,11458,1574.009,4288.000,true
baseline,4,raw_condition_only,8,4626,4666.796,7816.000,true
baseline,4,named_batch_4,8,7224,2905.454,9736.000,true
baseline,4,named_nested,8,14173,1300.141,3648.000,true
baseline,4,mybatis_pagination,8,16148,1162.206,3808.000,true
baseline,4,mybatis_union_builder,8,1936,10894.990,16648.000,true
baseline,4,raw_subquery_raw,8,29391,585.999,2272.000,true
baseline,4,positional_batch_64,8,486,18331.276,72176.000,true
baseline,4,mybatis_mixed_literals,8,11326,1335.732,3432.000,true
baseline,4,mybatis_row_in,8,6208,1527.400,3608.000,true
baseline,4,named_union_builder,8,2122,9617.059,17272.000,true
baseline,4,positional_condition_only,8,3298,3775.167,4872.000,true
baseline,4,positional_update_chain_16,8,2743,6064.163,22360.000,true
baseline,4,positional_mixed_literals,8,16158,1221.531,2800.000,true
baseline,4,raw_in_expression,8,1198,18112.521,56616.000,true
baseline,4,named_dialect_MySQL,8,15541,1280.297,4144.000,true
baseline,4,positional_in_1024,8,1375,14786.764,28504.000,true
baseline,4,positional_union_builder,8,1898,4894.046,9768.000,true
baseline,4,custom_handler_union,8,1748,9886.613,16536.000,true
baseline,4,mybatis_in_expression,8,833,21833.493,66656.000,true
baseline,4,raw_where_128,8,415,36987.711,56496.000,true
baseline,4,positional_join_on,8,6522,1753.251,3832.000,true
baseline,4,positional_in_256,8,4572,4008.552,9576.000,true
baseline,4,mybatis_between,8,14554,1326.707,3544.000,true
baseline,4,mybatis_naming_SCREAMING_SNAKE_CASE,8,2304,5449.349,9000.000,true
baseline,4,raw_derived,8,2428,9451.771,15848.000,true
baseline,4,named_select_entity,8,19386,529.454,2000.000,true
baseline,4,mybatis_insert_values,8,17763,1099.189,2744.000,true
baseline,4,mybatis_batch_4,8,7004,2798.073,8784.000,true
baseline,4,named_raw_expression,8,13683,1454.403,2624.000,true
baseline,4,positional_delete,8,36737,342.230,1504.000,true
baseline,4,named_in_17,8,6109,2026.584,7888.000,true
baseline,4,mybatis_subquery_structured,8,11844,1600.498,5232.000,true
baseline,4,positional_naming_NO_CHANGE,8,6282,3179.561,4928.000,true
baseline,4,mybatis_where_16,8,2760,5552.609,8984.000,true
baseline,4,positional_retry_rollback,8,2431,2648.005,5872.000,true
baseline,4,positional_join_using,8,15414,862.417,3056.000,true
baseline,4,positional_insert_values,8,16255,782.412,2104.000,true
baseline,4,mybatis_in_1024,8,198,94882.323,256896.000,true
baseline,4,mybatis_retry_rollback,8,4117,3706.024,7568.000,true
baseline,4,mybatis_select_entity,8,32693,560.998,2000.000,true
baseline,4,raw_in_17,8,11347,1785.767,5816.000,true
baseline,4,raw_in_16,8,11789,1687.217,5600.000,true
baseline,4,mybatis_join_on,8,10330,1637.609,4128.000,true
baseline,4,positional_select_star,8,73846,279.128,1424.000,true
baseline,4,named_naming_UPPER_CAMEL_CASE,8,3267,5662.534,10584.000,true
baseline,4,named_subquery_structured,8,12413,1688.883,5488.000,true
baseline,4,mybatis_naming_UPPER_CAMEL_CASE,8,3556,5531.130,8984.000,true
baseline,4,mybatis_raw_expression,8,13647,1527.215,2624.000,true
baseline,4,mybatis_late_modifier,8,26554,755.848,2656.000,true
baseline,4,named_row_in,8,14961,1200.555,4016.000,true
baseline,4,raw_naming_UPPER_CAMEL_CASE,8,3668,5555.862,8840.000,true
baseline,4,named_dialect_PostgreSQL,8,8932,1296.529,4144.000,true
baseline,4,raw_update_chain_16,8,2735,7606.947,25448.000,true
baseline,4,raw_naming_SCREAMING_SNAKE_CASE,8,3688,5385.954,8856.000,true
baseline,4,positional_insert_entity,8,33975,559.776,1816.000,true
baseline,4,named_join_using,8,18263,959.015,3512.000,true
baseline,4,mybatis_derived,8,1901,10785.692,17144.000,true
baseline,4,named_delete,8,50900,428.440,1960.000,true
baseline,4,positional_nested,8,14599,1067.943,2952.000,true
baseline,4,named_group_order,8,5947,4066.672,7688.000,true
baseline,4,mybatis_select_expressions,8,10317,1960.618,2728.000,true
baseline,4,named_dialect_Oracle,8,14756,1330.781,4272.000,true
baseline,4,mybatis_in_256,8,715,22092.448,66616.000,true
baseline,4,named_in_expression,8,536,26180.970,90680.000,true
baseline,4,raw_nested,8,16352,1282.828,3280.000,true
baseline,4,named_insert_entity,8,22495,933.772,2760.000,true
baseline,4,named_derived,8,1856,9949.300,17800.000,true
baseline,4,positional_where_16,8,4205,4277.051,5888.000,true
baseline,4,raw_insert_values,8,20761,963.017,2464.000,false
baseline,4,named_mixed_literals,8,13835,1497.181,3768.000,true
baseline,4,raw_join_using,8,22564,902.123,3176.000,true
baseline,4,positional_raw_expression,8,6320,1571.028,2624.000,true
baseline,4,mybatis_naming_CAMEL_CASE,8,2159,4390.597,8024.000,true
baseline,4,raw_select_expressions,8,8918,2140.334,2728.000,true
baseline,4,mybatis_join_using,8,18178,890.681,3352.000,true
baseline,4,named_batch_64,8,590,37915.424,134912.000,true
baseline,4,positional_naming_SCREAMING_SNAKE_CASE,8,1842,4131.650,5904.000,true
baseline,4,raw_raw_expression,8,11168,1534.581,2624.000,true
baseline,4,named_dialect_DB2,8,14255,1336.829,4320.000,true
baseline,4,named_pagination,8,17476,1235.918,4072.000,true
baseline,4,named_naming_CAMEL_CASE,8,2832,4713.100,9624.000,true
baseline,4,mybatis_naming_KEBAB_CASE,8,2572,5453.149,8984.000,true
baseline,4,mybatis_nested,8,5464,1250.787,3416.000,true
baseline,4,named_naming_KEBAB_CASE,8,3382,6098.906,10584.000,true
baseline,4,positional_select_columns,8,22691,776.854,1952.000,true
baseline,4,named_naming_SCREAMING_SNAKE_CASE,8,2520,6053.730,10600.000,true
baseline,4,positional_subquery_structured,8,7265,1333.971,4704.000,true
baseline,4,positional_naming_KEBAB_CASE,8,2787,4041.048,5888.000,true
baseline,4,positional_group_order,8,3564,3084.848,6336.000,true
baseline,4,positional_dialect_Oracle,8,8871,1021.204,3496.000,true
baseline,4,raw_update_map,8,15888,1310.612,3592.000,false
baseline,4,named_insert_values,8,15513,1070.818,3048.000,true
baseline,4,named_where_128,8,440,46351.591,71280.000,true
baseline,4,raw_repeated_names,8,961,20878.356,53896.000,true
baseline,4,raw_naming_NO_CHANGE,8,2744,4192.748,7880.000,true
baseline,4,mybatis_update_chain_16,8,1555,14271.768,39936.000,true
baseline,4,named_update_map,8,9511,1651.814,4752.000,true
baseline,4,mybatis_update_map,8,11890,1571.085,4200.000,true
baseline,4,mybatis_naming_NO_CHANGE,8,4113,4827.012,8024.000,true
baseline,4,raw_naming_CAMEL_CASE,8,4188,4526.791,7880.000,true
baseline,4,named_in_256,8,543,25832.781,90712.000,true
baseline,4,named_late_modifier,8,18766,745.183,2816.000,true
baseline,4,positional_in_16,8,13203,743.377,2656.000,true
baseline,4,raw_batch_4,8,8793,2545.741,7584.000,false
baseline,4,raw_batch_beans,8,2944,6492.052,16896.000,false
baseline,4,raw_insert_placeholders,8,31897,679.766,1944.000,true
baseline,4,positional_late_modifier,8,14839,859.330,2360.000,true
baseline,4,positional_where_128,8,553,33262.025,32808.000,true
baseline,4,raw_insert_entity,8,26403,907.848,2176.000,false
baseline,4,raw_mixed_literals,8,14218,1470.411,3192.000,true
baseline,4,positional_batch_64,9,486,17524.074,72176.000,true
baseline,4,positional_group_order,9,3564,3214.590,6336.000,true
baseline,4,raw_condition_only,9,4626,5455.145,7816.000,true
baseline,4,positional_raw_expression,9,6320,1902.627,2624.000,true
baseline,4,named_naming_KEBAB_CASE,9,3382,7558.811,10584.000,true
baseline,4,named_raw_expression,9,13683,1715.391,2624.000,true
baseline,4,named_join_using,9,18263,963.100,3512.000,true
baseline,4,positional_retry_rollback,9,2431,2783.299,5872.000,true
baseline,4,raw_select_expressions,9,8918,1998.912,2728.000,true
baseline,4,named_update_chain_16,9,1274,15641.287,47000.000,true
baseline,4,raw_naming_SCREAMING_SNAKE_CASE,9,3688,5039.018,8856.000,true
baseline,4,positional_late_modifier,9,14839,686.017,2360.000,true
baseline,4,positional_batch_4,9,3154,1722.448,5968.000,true
baseline,4,mybatis_union_builder,9,1936,10494.318,16648.000,true
baseline,4,mybatis_select_entity,9,32693,577.417,2000.000,true
baseline,4,mybatis_batch_4,9,7004,2839.492,8784.000,true
baseline,4,named_dialect_PostgreSQL,9,8932,1323.768,4144.000,true
baseline,4,raw_naming_KEBAB_CASE,9,3962,5067.012,8840.000,true
baseline,4,named_in_256,9,543,29207.551,90712.000,true
baseline,4,named_dialect_Oracle,9,14756,1377.501,4272.000,true
baseline,4,named_where_128,9,440,58645.455,71280.000,true
baseline,4,named_delete,9,50900,450.627,1960.000,true
baseline,4,positional_in_1024,9,1375,14899.345,28504.000,true
baseline,4,positional_batch_beans,9,2957,3855.867,10464.000,true
baseline,4,mybatis_join_on,9,10330,1964.840,4128.000,true
baseline,4,raw_batch_64,9,742,28862.938,97344.000,false
baseline,4,raw_between,9,16805,1381.202,3384.000,true
baseline,4,named_nested,9,14173,1425.443,3648.000,true
baseline,4,named_group_order,9,5947,3585.825,7688.000,true
baseline,4,named_naming_NO_CHANGE,9,3744,5004.888,9624.000,true
baseline,4,mybatis_derived,9,1901,11708.574,17144.000,true
baseline,4,raw_join_on,9,11368,1797.255,3952.000,true
baseline,4,mybatis_mixed_literals,9,11326,1401.889,3432.000,true
baseline,4,named_select_star,9,37541,285.019,1424.000,true
baseline,4,positional_select_expressions,9,4297,2118.478,2728.000,true
baseline,4,positional_naming_SCREAMING_SNAKE_CASE,9,1842,4743.214,5904.000,true
baseline,4,positional_select_columns,9,22691,797.387,1952.000,true
baseline,4,raw_join_using,9,22564,893.104,3176.000,true
baseline,4,mybatis_condition_only,9,3474,4872.712,7960.000,true
baseline,4,mybatis_subquery_structured,9,11844,1777.364,5232.000,true
baseline,4,positional_dialect_PostgreSQL,9,16836,1048.343,3360.000,true
baseline,4,mybatis_update_chain_16,9,1555,12713.183,39936.000,true
baseline,4,positional_dialect_Oracle,9,8871,1078.999,3496.000,true
baseline,4,raw_update_map,9,15888,1424.175,3592.000,false
baseline,4,named_late_modifier,9,18766,755.611,2816.000,true
baseline,4,mybatis_join_using,9,18178,1123.275,3352.000,true
baseline,4,mybatis_update_map,9,11890,2089.117,4200.000,true
baseline,4,mybatis_in_16,9,10518,1991.624,6128.000,true
baseline,4,positional_union_builder,9,1898,5375.237,9768.000,true
baseline,4,mybatis_in_1024,9,198,85159.091,256896.000,true
baseline,4,named_batch_beans,9,2676,7973.617,26064.000,true
baseline,4,positional_naming_KEBAB_CASE,9,2787,3988.662,5888.000,true
baseline,4,positional_insert_entity,9,33975,628.615,1816.000,true
baseline,4,mybatis_group_order,9,5506,3567.127,7264.000,true
baseline,4,named_where_eq,9,18538,1116.420,3120.000,true
baseline,4,raw_derived,9,2428,9126.153,15848.000,true
baseline,4,mybatis_union_raw,9,6213,3211.218,5200.000,true
baseline,4,mybatis_row_in,9,6208,1419.765,3608.000,true
baseline,4,positional_derived,9,1113,8479.695,15296.000,true
baseline,4,mybatis_batch_64,9,564,33570.745,118896.000,true
baseline,4,positional_subquery_raw,9,17633,536.182,2272.000,true
baseline,4,named_union_raw,9,6636,3134.358,5200.000,true
baseline,4,positional_in_17,9,16204,817.539,2672.000,true
baseline,4,raw_naming_NO_CHANGE,9,2744,4151.931,7880.000,true
baseline,4,mybatis_naming_NO_CHANGE,9,4113,4327.352,8024.000,true
baseline,4,positional_in_expression,9,3980,4095.276,9760.000,true
baseline,4,raw_select_entity,9,35530,568.987,2000.000,true
baseline,4,mybatis_select_columns,9,22626,780.359,1952.000,true
baseline,4,raw_pagination,9,20907,986.665,3400.000,true
baseline,4,positional_where_128,9,553,30182.098,32808.000,true
baseline,4,named_repeated_names,9,744,27557.124,64920.000,true
baseline,4,positional_repeated_names,9,796,14497.111,30360.000,true
baseline,4,named_update_map,9,9511,1758.785,4752.000,true
baseline,4,raw_naming_UPPER_CAMEL_CASE,9,3668,5149.646,8840.000,true
baseline,4,raw_insert_entity,9,26403,856.501,2176.000,false
baseline,4,positional_naming_CAMEL_CASE,9,4664,3031.947,4928.000,true
baseline,4,positional_naming_UPPER_CAMEL_CASE,9,4037,4382.586,5888.000,true
baseline,4,mybatis_subquery_raw,9,33514,621.290,2272.000,true
baseline,4,named_dialect_DB2,9,14255,1370.067,4320.000,true
baseline,4,mybatis_nested,9,5464,1411.182,3416.000,true
baseline,4,raw_select_columns,9,23908,804.718,1952.000,true
baseline,4,named_join_on,9,11458,1781.899,4288.000,true
baseline,4,named_insert_values,9,15513,1105.847,3048.000,true
baseline,4,positional_where_eq,9,18272,926.324,2664.000,true
baseline,4,positional_between,9,16440,1037.664,3056.000,true
baseline,4,named_in_17,9,6109,2365.936,7888.000,true
baseline,4,named_between,9,15082,1399.105,3800.000,true
baseline,4,raw_mixed_literals,9,14218,1455.064,3192.000,true
baseline,4,mybatis_naming_SCREAMING_SNAKE_CASE,9,2304,6068.533,9000.000,true
baseline,4,positional_in_256,9,4572,4121.282,9576.000,true
baseline,4,raw_update_chain_16,9,2735,8045.484,25448.000,true
baseline,4,custom_handler_union,9,1748,10573.970,16536.000,true
baseline,4,named_condition_only,9,3759,5487.763,9560.000,true
baseline,4,named_naming_CAMEL_CASE,9,2832,5026.766,9624.000,true
baseline,4,raw_in_expression,9,1198,19782.805,56616.000,true
baseline,4,mybatis_insert_values,9,17763,1142.369,2744.000,true
baseline,4,mybatis_in_expression,9,833,20712.605,66656.000,true
baseline,4,named_row_in,9,14961,1350.451,4016.000,true
baseline,4,raw_where_128,9,415,37793.253,56496.000,true
baseline,4,mybatis_raw_expression,9,13647,1624.701,2624.000,true
baseline,4,mybatis_naming_CAMEL_CASE,9,2159,4393.608,8024.000,true
baseline,4,positional_where_16,9,4205,4224.281,5888.000,true
baseline,4,raw_where_eq,9,17367,1030.345,2784.000,true
baseline,4,positional_nested,9,14599,1212.336,2952.000,true
baseline,4,positional_delete,9,36737,313.003,1504.000,true
baseline,4,named_batch_4,9,7224,2977.907,9736.000,true
baseline,4,mybatis_pagination,9,16148,1157.171,3808.000,true
baseline,4,positional_select_entity,9,32934,577.926,2000.000,true
baseline,4,raw_in_16,9,11789,1738.909,5600.000,true
baseline,4,mybatis_in_256,9,715,20715.804,66616.000,true
baseline,4,named_batch_64,9,590,38811.017,134912.000,true
baseline,4,named_mixed_literals,9,13835,1569.165,3768.000,true
baseline,4,positional_update_map,9,18345,1065.936,3024.000,true
baseline,4,positional_union_raw,9,2771,3133.129,5200.000,true
baseline,4,named_union_builder,9,2122,9863.478,17272.000,true
baseline,4,raw_nested,9,16352,1363.625,3280.000,true
baseline,4,positional_insert_values,9,16255,758.831,2104.000,true
baseline,4,named_select_columns,9,12097,855.782,1952.000,true
baseline,4,raw_subquery_structured,9,12510,1289.952,4616.000,true
baseline,4,raw_group_order,9,7028,3130.578,6432.000,true
baseline,4,named_insert_placeholders,9,10394,887.724,2888.000,true
baseline,4,raw_in_256,9,1082,18948.891,56640.000,true
baseline,4,positional_update_chain_16,9,2743,6386.912,22360.000,true
baseline,4,named_derived,9,1856,10608.513,17800.000,true
baseline,4,raw_union_raw,9,6776,3280.180,5200.000,true
baseline,4,mybatis_naming_UPPER_CAMEL_CASE,9,3556,5854.921,8984.000,true
baseline,4,raw_union_builder,9,4089,5368.843,10160.000,true
baseline,4,positional_dialect_MySQL,9,19765,1015.952,3360.000,true
baseline,4,named_subquery_raw,9,35238,599.503,2272.000,true
baseline,4,raw_batch_beans,9,2944,6028.023,16896.000,false
baseline,4,positional_subquery_structured,9,7265,1408.039,4704.000,true
baseline,4,raw_where_16,9,4081,5129.233,8840.000,true
baseline,4,mybatis_batch_beans,9,1583,8470.246,22080.000,true
baseline,4,named_in_expression,9,536,24260.075,90680.000,true
baseline,4,custom_handler_where,9,3456,6088.368,10616.000,true
baseline,4,raw_insert_placeholders,9,31897,677.418,1944.000,true
baseline,4,mybatis_delete,9,51244,488.949,1808.000,true
baseline,4,raw_late_modifier,9,23741,1024.148,2480.000,true
baseline,4,raw_raw_expression,9,11168,1758.068,2624.000,true
baseline,4,named_select_expressions,9,8409,2758.580,2728.000,true
baseline,4,named_in_1024,9,121,149525.620,353216.000,true
baseline,4,raw_batch_4,9,8793,2648.823,7584.000,false
baseline,4,positional_dialect_Microsoft_SQL_Server,9,15082,1229.545,3544.000,true
baseline,4,raw_insert_values,9,20761,1065.363,2464.000,false
baseline,4,raw_retry_rollback,9,4014,3185.501,6376.000,true
baseline,4,positional_join_on,9,6522,1783.103,3832.000,true
baseline,4,mybatis_insert_entity,9,20829,868.861,2456.000,true
baseline,4,mybatis_where_eq,9,21216,997.761,2960.000,true
baseline,4,raw_select_star,9,80861,278.004,1424.000,true
baseline,4,positional_in_16,9,13203,854.404,2656.000,true
baseline,4,positional_insert_placeholders,9,29520,699.702,1944.000,true
baseline,4,named_retry_rollback,9,4346,4011.068,8264.000,true
baseline,4,named_select_entity,9,19386,670.195,2000.000,true
baseline,4,mybatis_in_17,9,10261,2052.129,6344.000,true
baseline,4,raw_in_17,9,11347,1746.559,5816.000,true
baseline,4,mybatis_select_expressions,9,10317,2194.659,2728.000,true
baseline,4,mybatis_naming_KEBAB_CASE,9,2572,6007.854,8984.000,true
baseline,4,positional_dialect_DB2,9,18949,1106.233,3544.000,true
baseline,4,positional_pagination,9,8599,938.818,3288.000,true
baseline,4,mybatis_between,9,14554,1450.962,3544.000,true
baseline,4,positional_condition_only,9,3298,3741.692,4872.000,true
baseline,4,named_dialect_Microsoft_SQL_Server,9,6460,1523.715,4320.000,true
baseline,4,raw_repeated_names,9,961,23353.278,53896.000,true
baseline,4,named_naming_SCREAMING_SNAKE_CASE,9,2520,6652.579,10600.000,true
baseline,4,mybatis_where_128,9,432,53193.056,58208.000,true
baseline,4,positional_select_star,9,73846,269.805,1424.000,true
baseline,4,mybatis_select_star,9,80817,267.179,1424.000,true
baseline,4,raw_delete,9,56812,443.829,1624.000,true
baseline,4,mybatis_retry_rollback,9,4117,3774.739,7568.000,true
baseline,4,raw_naming_CAMEL_CASE,9,4188,4057.139,7880.000,true
baseline,4,positional_row_in,9,19601,909.561,2624.000,true
baseline,4,named_in_16,9,9334,2096.122,7600.000,true
baseline,4,positional_mixed_literals,9,16158,1075.554,2800.000,true
baseline,4,named_insert_entity,9,22495,882.596,2760.000,true
baseline,4,named_naming_UPPER_CAMEL_CASE,9,3267,6284.512,10584.000,true
baseline,4,mybatis_repeated_names,9,852,22581.573,52872.000,true
baseline,4,named_dialect_MySQL,9,15541,1301.229,4144.000,true
baseline,4,raw_subquery_raw,9,29391,628.907,2272.000,true
baseline,4,positional_join_using,9,15414,899.916,3056.000,true
baseline,4,mybatis_late_modifier,9,26554,697.556,2656.000,true
baseline,4,mybatis_where_16,9,2760,5639.167,8984.000,true
baseline,4,positional_naming_NO_CHANGE,9,6282,2958.628,4928.000,true
baseline,4,raw_in_1024,9,299,70852.843,220248.000,true
baseline,4,named_subquery_structured,9,12413,1683.348,5488.000,true
baseline,4,mybatis_insert_placeholders,9,21368,964.882,2584.000,true
baseline,4,raw_row_in,9,18395,1099.962,3136.000,true
baseline,4,named_where_16,9,3460,6195.896,10584.000,true
baseline,4,named_pagination,9,17476,1391.491,4072.000,true
