version,fork,case,round,operations,ns_per_op,bytes_per_op,equivalent
before,3,named_subquery_structured,1,12313,1778.332,5640.000,true
before,3,mybatis_in_1024,1,208,97123.558,256976.000,true
before,3,positional_retry_rollback,1,5958,3507.368,6040.000,true
before,3,mybatis_between,1,17410,1261.999,3592.000,true
before,3,named_batch_4,1,7125,2966.161,9800.000,true
before,3,named_batch_beans,1,2449,8489.220,26728.000,true
before,3,positional_join_using,1,24347,844.790,3224.000,true
before,3,mybatis_repeated_names,1,925,23368.757,58032.000,true
before,3,positional_select_star,1,77631,253.711,1240.000,true
before,3,raw_select_entity,1,35922,583.353,1992.000,true
before,3,mybatis_naming_CAMEL_CASE,1,3376,5635.841,9504.000,true
before,3,raw_in_1024,1,289,78866.782,220328.000,true
before,3,named_derived,1,4847,4651.372,9536.000,true
before,3,raw_where_16,1,4006,5008.662,9648.000,true
before,3,positional_join_on,1,15079,1339.379,3896.000,true
before,3,positional_naming_CAMEL_CASE,1,4567,4532.144,6408.000,true
before,3,mybatis_subquery_raw,1,32159,623.287,2352.000,true
before,3,mybatis_in_16,1,11919,1851.229,6208.000,true
before,3,named_in_1024,1,173,124535.260,353296.000,true
before,3,named_in_expression,1,782,25562.660,91824.000,true
before,3,positional_condition_only,1,5591,3609.032,5640.000,true
before,3,mybatis_retry_rollback,1,5327,5061.536,7736.000,true
before,3,positional_naming_SCREAMING_SNAKE_CASE,1,4743,4269.007,6712.000,true
before,3,named_dialect_DB2,1,16085,1338.949,4392.000,true
before,3,positional_insert_entity,1,35352,633.862,1816.000,true
before,3,mybatis_batch_4,1,7673,2793.836,8848.000,true
before,3,named_insert_placeholders,1,12262,996.200,3040.000,true
before,3,mybatis_naming_UPPER_CAMEL_CASE,1,3524,6111.322,9520.000,true
before,3,raw_batch_4,1,9102,2313.360,7456.000,true
before,3,mybatis_insert_entity,1,23343,892.302,2456.000,true
before,3,positional_in_expression,1,3836,4978.076,10904.000,true
before,3,raw_derived,1,5791,3609.256,7632.000,true
before,3,mybatis_join_using,1,20275,936.952,3520.000,true
before,3,named_mixed_literals,1,14521,1437.752,3944.000,true
before,3,mybatis_derived,1,4879,4388.010,9456.000,true
before,3,positional_mixed_literals,1,17690,1165.822,2976.000,true
before,3,named_select_star,1,91857,257.833,1240.000,true
before,3,mybatis_insert_values,1,20057,1042.245,2872.000,true
before,3,positional_late_modifier,1,33102,657.821,2440.000,true
before,3,positional_union_builder,1,8674,2306.675,5920.000,true
before,3,raw_where_eq,1,21453,974.050,2936.000,true
before,3,named_late_modifier,1,27563,730.243,2896.000,true
before,3,mybatis_join_on,1,15549,1391.581,4192.000,true
before,3,named_insert_values,1,19607,1050.492,3176.000,true
before,3,named_batch_64,1,606,37633.663,133056.000,true
before,3,raw_in_16,1,12417,1733.333,5680.000,true
before,3,raw_batch_64,1,871,23014.811,92416.000,true
before,3,raw_delete,1,50712,426.763,1664.000,true
before,3,named_select_entity,1,36636,572.350,1992.000,true
before,3,positional_derived,1,6059,3592.309,7464.000,true
before,3,mybatis_update_map,1,13456,1629.288,4368.000,true
before,3,raw_update_map,1,16565,1257.157,3712.000,true
before,3,raw_where_128,1,543,38011.234,62680.000,true
before,3,named_repeated_names,1,836,26605.263,70080.000,true
before,3,positional_naming_KEBAB_CASE,1,4724,4522.015,6696.000,true
before,3,mybatis_naming_SCREAMING_SNAKE_CASE,1,3748,5929.509,9808.000,true
before,3,named_where_eq,1,21366,944.093,3272.000,true
before,3,named_dialect_Microsoft_SQL_Server,1,14284,1673.348,4392.000,true
before,3,positional_naming_NO_CHANGE,1,6244,3758.456,4928.000,true
before,3,mybatis_group_order,1,8483,2403.984,7088.000,true
before,3,named_nested,1,15565,1345.917,3816.000,true
before,3,positional_update_chain_16,1,3574,6135.143,23168.000,true
before,3,raw_naming_SCREAMING_SNAKE_CASE,1,3929,5432.502,9664.000,true
before,3,mybatis_condition_only,1,4323,4955.540,8728.000,true
before,3,positional_in_17,1,24009,856.562,2752.000,true
before,3,positional_raw_expression,1,20469,1066.916,2616.000,true
before,3,raw_in_256,1,1159,18379.465,56720.000,true
before,3,positional_where_16,1,4812,4143.059,6696.000,true
before,3,positional_batch_64,1,1081,17320.167,70320.000,true
before,3,positional_subquery_raw,1,33475,643.181,2352.000,true
before,3,mybatis_where_16,1,3881,5486.086,9792.000,true
before,3,named_raw_expression,1,20277,1105.331,2616.000,true
before,3,mybatis_select_star,1,89894,247.985,1240.000,true
before,3,mybatis_row_in,1,17030,1237.745,3736.000,true
before,3,mybatis_in_expression,1,937,21765.315,67800.000,true
before,3,positional_select_expressions,1,13832,1564.091,2512.000,true
before,3,positional_dialect_DB2,1,19681,1050.114,3616.000,true
before,3,mybatis_select_entity,1,34687,606.299,1992.000,true
before,3,named_in_256,1,879,24825.597,90792.000,true
before,3,raw_naming_KEBAB_CASE,1,3896,5579.158,9648.000,true
before,3,raw_select_star,1,96641,245.548,1240.000,true
before,3,mybatis_late_modifier,1,28379,725.547,2736.000,true
before,3,named_dialect_Oracle,1,15473,1364.842,4392.000,true
before,3,named_row_in,1,16068,1317.501,4144.000,true
before,3,raw_select_columns,1,25907,806.535,2104.000,true
before,3,raw_condition_only,1,4672,4413.271,8584.000,true
before,3,positional_where_eq,1,23952,927.593,2816.000,true
before,3,raw_nested,1,16572,1255.666,3448.000,true
before,3,positional_insert_placeholders,1,32247,665.997,2096.000,true
before,3,positional_insert_values,1,27345,867.244,2232.000,true
before,3,positional_dialect_Oracle,1,20339,1031.727,3616.000,true
before,3,raw_select_expressions,1,13724,1585.121,2512.000,true
before,3,named_dialect_PostgreSQL,1,15445,1409.103,4216.000,true
before,3,mybatis_union_builder,1,4987,4036.635,8912.000,true
before,3,positional_naming_UPPER_CAMEL_CASE,1,3787,4882.229,6424.000,true
before,3,named_union_builder,1,4998,4053.741,8912.000,true
before,3,raw_batch_beans,1,3888,6991.641,16792.000,true
before,3,named_select_expressions,1,13647,1509.079,2512.000,true
before,3,raw_mixed_literals,1,14303,1512.557,3368.000,true
before,3,raw_naming_NO_CHANGE,1,4947,4187.710,7880.000,true
before,3,positional_in_16,1,25075,797.543,2736.000,true
before,3,raw_pagination,1,20408,1037.779,3520.000,true
before,3,raw_subquery_raw,1,33091,624.822,2352.000,true
before,3,positional_batch_beans,1,4254,4973.930,11128.000,true
before,3,raw_in_expression,1,1103,19718.314,57760.000,true
before,3,named_subquery_raw,1,32676,632.394,2352.000,true
before,3,mybatis_nested,1,16151,1292.514,3584.000,true
before,3,mybatis_select_columns,1,25654,807.044,2104.000,true
before,3,positional_in_256,1,4830,4609.627,9656.000,true
before,3,named_select_columns,1,24612,820.722,2104.000,true
before,3,named_in_16,1,10549,1976.273,7680.000,true
before,3,positional_union_raw,1,18903,1168.164,1968.000,true
before,3,mybatis_pagination,1,17782,1197.869,3928.000,true
before,3,mybatis_naming_KEBAB_CASE,1,3745,5353.752,9792.000,true
before,3,raw_union_builder,1,8329,2566.178,6120.000,true
before,3,named_retry_rollback,1,3819,4088.741,8432.000,true
before,3,named_join_using,1,21366,971.609,3680.000,true
before,3,custom_handler_union,1,4503,4913.613,9368.000,true
before,3,mybatis_raw_expression,1,19955,1019.278,2616.000,true
before,3,positional_between,1,20692,985.859,3104.000,true
before,3,named_dialect_MySQL,1,16073,1331.400,4216.000,true
before,3,raw_insert_entity,1,27596,754.562,2128.000,true
before,3,mybatis_in_256,1,1053,21278.538,66696.000,true
before,3,positional_select_entity,1,36221,597.137,1992.000,true
before,3,mybatis_insert_placeholders,1,21938,967.299,2736.000,true
before,3,positional_dialect_MySQL,1,20469,959.808,3432.000,true
before,3,positional_update_map,1,20958,1042.390,3192.000,true
before,3,raw_naming_CAMEL_CASE,1,3436,5614.901,9360.000,true
before,3,named_naming_UPPER_CAMEL_CASE,1,3255,6086.267,11120.000,true
before,3,named_between,1,16567,1231.044,3848.000,true
before,3,mybatis_naming_NO_CHANGE,1,4548,4570.558,8024.000,true
before,3,named_naming_NO_CHANGE,1,4346,5103.820,9624.000,true
before,3,mybatis_where_128,1,493,41361.663,64392.000,true
before,3,positional_select_columns,1,26880,863.486,2104.000,true
before,3,named_update_chain_16,1,1318,16270.182,47808.000,true
before,3,raw_insert_placeholders,1,32095,710.407,2096.000,true
before,3,raw_raw_expression,1,19997,1019.088,2616.000,true
before,3,named_join_on,1,15313,1486.247,4352.000,true
before,3,raw_naming_UPPER_CAMEL_CASE,1,3700,6058.000,9376.000,true
before,3,named_union_raw,1,18991,1126.734,1968.000,true
before,3,raw_join_using,1,21822,982.596,3344.000,true
before,3,named_group_order,1,7595,2623.371,7512.000,true
before,3,named_delete,1,46619,466.683,2000.000,true
before,3,named_in_17,1,9770,2214.125,7968.000,true
before,3,raw_in_17,1,11766,1753.340,5896.000,true
before,3,raw_group_order,1,9480,2238.724,6256.000,true
before,3,raw_subquery_structured,1,15291,1393.421,4720.000,true
before,3,raw_repeated_names,1,964,20821.784,59056.000,true
before,3,named_naming_KEBAB_CASE,1,3625,6103.697,11392.000,true
before,3,custom_handler_where,1,3544,5583.521,11424.000,true
before,3,positional_delete,1,62092,395.376,1544.000,true
before,3,mybatis_update_chain_16,1,1502,13353.196,40744.000,true
before,3,positional_row_in,1,23401,920.170,2752.000,true
before,3,raw_union_raw,1,19111,1144.817,1968.000,true
before,3,named_update_map,1,12489,1565.866,4920.000,true
before,3,raw_between,1,18367,1141.172,3432.000,true
before,3,raw_late_modifier,1,28929,717.560,2560.000,true
before,3,mybatis_subquery_structured,1,12773,1701.511,5384.000,true
before,3,positional_dialect_PostgreSQL,1,19065,1036.234,3432.000,true
before,3,positional_subquery_structured,1,14762,1505.643,4856.000,true
before,3,positional_nested,1,18375,1107.581,3120.000,true
before,3,mybatis_batch_64,1,593,33333.052,117040.000,true
before,3,named_where_16,1,3705,6002.429,11392.000,true
before,3,positional_in_1024,1,1578,14356.337,28584.000,true
before,3,named_where_128,1,478,46484.937,77464.000,true
before,3,positional_where_128,1,665,31472.180,38992.000,true
before,3,mybatis_in_17,1,11420,1890.569,6424.000,true
before,3,named_condition_only,1,4204,5401.665,10328.000,true
before,3,positional_dialect_Microsoft_SQL_Server,1,17069,1198.043,3616.000,true
before,3,positional_pagination,1,21422,918.962,3408.000,true
before,3,mybatis_delete,1,45712,451.418,1848.000,true
before,3,positional_batch_4,1,11241,1895.436,6032.000,true
before,3,mybatis_batch_beans,1,2934,7970.688,22744.000,true
before,3,named_naming_SCREAMING_SNAKE_CASE,1,3521,6134.564,11408.000,true
before,3,raw_retry_rollback,1,5456,3587.152,6400.000,true
before,3,raw_row_in,1,18629,1152.343,3168.000,true
before,3,raw_insert_values,1,22356,960.583,2544.000,true
before,3,positional_repeated_names,1,1365,15107.985,35520.000,true
before,3,mybatis_mixed_literals,1,14959,1443.465,3608.000,true
before,3,mybatis_select_expressions,1,13690,1530.000,2512.000,true
before,3,named_pagination,1,16225,1264.216,4192.000,true
before,3,mybatis_where_eq,1,21796,977.225,3112.000,true
before,3,named_naming_CAMEL_CASE,1,3397,6521.254,11104.000,true
before,3,positional_group_order,1,9954,2075.758,6160.000,true
before,3,mybatis_union_raw,1,18692,1147.379,1968.000,true
before,3,named_insert_entity,1,17771,926.059,2760.000,true
before,3,raw_join_on,1,15750,1308.375,4016.000,true
before,3,raw_update_chain_16,1,2638,8384.344,26256.000,true
before,3,positional_late_modifier,2,33102,670.014,2440.000,true
before,3,named_raw_expression,2,20277,1040.775,2616.000,true
before,3,named_retry_rollback,2,3819,4416.811,8432.000,true
before,3,mybatis_in_16,2,11919,1883.732,6208.000,true
before,3,named_union_raw,2,18991,1168.975,1968.000,true
before,3,named_mixed_literals,2,14521,1354.790,3944.000,true
before,3,positional_in_17,2,24009,833.446,2752.000,true
before,3,mybatis_join_on,2,15549,1398.418,4192.000,true
before,3,mybatis_union_builder,2,4987,4235.111,8912.000,true
before,3,mybatis_batch_64,2,593,32487.690,117040.000,true
before,3,raw_select_entity,2,35922,593.157,1992.000,true
before,3,named_repeated_names,2,836,24842.344,70080.000,true
before,3,positional_derived,2,6059,3629.031,7464.000,true
before,3,named_dialect_MySQL,2,16073,1342.015,4216.000,true
before,3,named_insert_placeholders,2,12262,920.290,3040.000,true
before,3,named_select_columns,2,24612,846.112,2104.000,true
before,3,raw_union_builder,2,8329,2383.299,6120.000,true
before,3,raw_retry_rollback,2,5456,2915.744,6400.000,true
before,3,named_in_16,2,10549,2110.096,7680.000,true
before,3,raw_insert_entity,2,27596,787.625,2128.000,true
before,3,named_subquery_raw,2,32676,645.844,2352.000,true
before,3,positional_select_star,2,77631,244.004,1240.000,true
before,3,mybatis_subquery_structured,2,12773,1572.191,5384.000,true
before,3,positional_join_on,2,15079,1342.417,3896.000,true
before,3,named_between,2,16567,1167.315,3848.000,true
before,3,named_dialect_PostgreSQL,2,15445,1409.123,4216.000,true
before,3,positional_union_raw,2,18903,1189.589,1968.000,true
before,3,raw_naming_KEBAB_CASE,2,3896,5167.043,9648.000,true
before,3,raw_mixed_literals,2,14303,1446.599,3368.000,true
before,3,positional_where_eq,2,23952,915.272,2816.000,true
before,3,raw_naming_CAMEL_CASE,2,3436,5324.971,9360.000,true
before,3,named_where_16,2,3705,5835.978,11392.000,true
before,3,raw_in_expression,2,1103,19118.404,57760.000,true
before,3,positional_select_expressions,2,13832,1563.765,2512.000,true
before,3,raw_select_expressions,2,13724,1511.899,2512.000,true
before,3,named_in_17,2,9770,2071.812,7968.000,true
before,3,positional_dialect_DB2,2,19681,1043.982,3616.000,true
before,3,mybatis_retry_rollback,2,5327,3666.003,7736.000,true
before,3,positional_raw_expression,2,20469,992.818,2616.000,true
before,3,positional_batch_4,2,11241,1887.795,6032.000,true
before,3,raw_in_16,2,12417,1797.616,5680.000,true
before,3,positional_repeated_names,2,1365,15488.645,35520.000,true
before,3,positional_subquery_raw,2,33475,656.305,2352.000,true
before,3,mybatis_derived,2,4879,4267.186,9456.000,true
before,3,raw_select_star,2,96641,256.899,1240.000,true
before,3,raw_late_modifier,2,28929,751.893,2560.000,true
before,3,positional_join_using,2,24347,1032.743,3224.000,true
before,3,mybatis_naming_SCREAMING_SNAKE_CASE,2,3748,5519.717,9808.000,true
before,3,positional_batch_beans,2,4254,5339.986,11128.000,true
before,3,raw_repeated_names,2,964,21919.710,59056.000,true
before,3,raw_row_in,2,18629,1063.380,3168.000,true
before,3,mybatis_raw_expression,2,19955,1069.932,2616.000,true
before,3,mybatis_insert_values,2,20057,1101.600,2872.000,true
before,3,mybatis_batch_beans,2,2934,7579.073,22744.000,true
before,3,named_pagination,2,16225,1219.273,4192.000,true
before,3,mybatis_naming_KEBAB_CASE,2,3745,5964.139,9792.000,true
before,3,mybatis_mixed_literals,2,14959,1376.309,3608.000,true
before,3,named_dialect_Microsoft_SQL_Server,2,14284,1441.473,4392.000,true
before,3,named_batch_4,2,7125,2979.228,9800.000,true
before,3,mybatis_select_columns,2,25654,815.495,2104.000,true
before,3,raw_subquery_structured,2,15291,1364.868,4720.000,true
before,3,named_batch_beans,2,2449,8830.706,26728.000,true
before,3,positional_dialect_Oracle,2,20339,1055.411,3616.000,true
before,3,mybatis_subquery_raw,2,32159,629.258,2352.000,true
before,3,mybatis_naming_NO_CHANGE,2,4548,4521.504,8024.000,true
before,3,positional_dialect_Microsoft_SQL_Server,2,17069,1209.391,3616.000,true
before,3,raw_pagination,2,20408,1069.683,3520.000,true
before,3,positional_naming_NO_CHANGE,2,6244,3213.357,4928.000,true
before,3,positional_between,2,20692,1047.840,3104.000,true
before,3,positional_group_order,2,9954,2313.412,6160.000,true
before,3,named_join_using,2,21366,989.329,3680.000,true
before,3,raw_join_on,2,15750,1393.937,4016.000,true
before,3,raw_update_chain_16,2,2638,7752.919,26256.000,true
before,3,mybatis_where_16,2,3881,5472.816,9792.000,true
before,3,positional_select_columns,2,26880,839.855,2104.000,true
before,3,mybatis_group_order,2,8483,2495.886,7088.000,true
before,3,raw_select_columns,2,25907,822.832,2104.000,true
before,3,named_subquery_structured,2,12313,1720.872,5640.000,true
before,3,raw_insert_placeholders,2,32095,672.186,2096.000,true
before,3,raw_derived,2,5791,3450.475,7632.000,true
before,3,named_in_expression,2,782,25982.864,91824.000,true
before,3,named_in_1024,2,173,131919.075,353296.000,true
before,3,positional_insert_entity,2,35352,628.004,1816.000,true
before,3,mybatis_delete,2,45712,451.798,1848.000,true
before,3,mybatis_select_expressions,2,13690,1478.013,2512.000,true
before,3,raw_batch_beans,2,3888,6228.909,16792.000,true
before,3,raw_join_using,2,21822,946.206,3344.000,true
before,3,mybatis_union_raw,2,18692,1160.513,1968.000,true
before,3,named_naming_CAMEL_CASE,2,3397,5802.532,11104.000,true
before,3,named_select_star,2,91857,246.288,1240.000,true
before,3,named_delete,2,46619,455.906,2000.000,true
before,3,mybatis_in_1024,2,208,89637.981,256976.000,true
before,3,named_naming_KEBAB_CASE,2,3625,6232.221,11392.000,true
before,3,named_select_entity,2,36636,570.813,1992.000,true
before,3,raw_where_128,2,543,38920.810,62680.000,true
before,3,raw_insert_values,2,22356,956.218,2544.000,true
before,3,mybatis_repeated_names,2,925,24485.297,58032.000,true
before,3,raw_where_16,2,4006,5207.214,9648.000,true
before,3,mybatis_naming_CAMEL_CASE,2,3376,6157.701,9504.000,true
before,3,positional_update_map,2,20958,1048.554,3192.000,true
before,3,positional_naming_CAMEL_CASE,2,4567,4624.020,6408.000,true
before,3,named_union_builder,2,4998,4037.475,8912.000,true
before,3,raw_naming_SCREAMING_SNAKE_CASE,2,3929,5576.839,9664.000,true
before,3,mybatis_late_modifier,2,28379,779.784,2736.000,true
before,3,mybatis_in_17,2,11420,1955.193,6424.000,true
before,3,named_update_chain_16,2,1318,16150.759,47808.000,true
before,3,raw_where_eq,2,21453,930.038,2936.000,true
before,3,raw_naming_NO_CHANGE,2,4947,4495.411,7880.000,true
before,3,named_nested,2,15565,1353.640,3816.000,true
before,3,positional_select_entity,2,36221,591.069,1992.000,true
before,3,mybatis_pagination,2,17782,1182.983,3928.000,true
before,3,named_naming_SCREAMING_SNAKE_CASE,2,3521,5732.462,11408.000,true
before,3,mybatis_between,2,17410,1207.932,3592.000,true
before,3,mybatis_update_map,2,13456,1517.293,4368.000,true
before,3,positional_nested,2,18375,1095.075,3120.000,true
before,3,mybatis_join_using,2,20275,980.967,3520.000,true
before,3,mybatis_naming_UPPER_CAMEL_CASE,2,3524,6021.822,9520.000,true
before,3,raw_nested,2,16572,1228.017,3448.000,true
before,3,raw_in_1024,2,289,71243.253,220328.000,true
before,3,mybatis_where_eq,2,21796,1004.152,3112.000,true
before,3,positional_row_in,2,23401,933.041,2752.000,true
before,3,positional_pagination,2,21422,945.766,3408.000,true
before,3,named_join_on,2,15313,1494.828,4352.000,true
before,3,mybatis_row_in,2,17030,1258.121,3736.000,true
before,3,positional_where_16,2,4812,4513.009,6696.000,true
before,3,mybatis_insert_placeholders,2,21938,992.342,2736.000,true
before,3,positional_naming_SCREAMING_SNAKE_CASE,2,4743,4258.001,6712.000,true
before,3,raw_in_17,2,11766,1808.134,5896.000,true
before,3,raw_raw_expression,2,19997,1089.493,2616.000,true
before,3,positional_batch_64,2,1081,18437.095,70320.000,true
before,3,positional_in_1024,2,1578,14846.451,28584.000,true
before,3,named_dialect_Oracle,2,15473,1395.056,4392.000,true
before,3,mybatis_update_chain_16,2,1502,13842.543,40744.000,true
before,3,named_where_eq,2,21366,1010.737,3272.000,true
before,3,raw_union_raw,2,19111,1120.391,1968.000,true
before,3,positional_dialect_PostgreSQL,2,19065,1082.890,3432.000,true
before,3,raw_delete,2,50712,420.354,1664.000,true
before,3,mybatis_select_star,2,89894,224.260,1240.000,true
before,3,positional_in_16,2,25075,802.197,2736.000,true
before,3,positional_in_expression,2,3836,4869.995,10904.000,true
before,3,positional_update_chain_16,2,3574,6547.622,23168.000,true
before,3,raw_group_order,2,9480,2403.534,6256.000,true
before,3,positional_mixed_literals,2,17690,1156.032,2976.000,true
before,3,named_select_expressions,2,13647,1652.451,2512.000,true
before,3,positional_in_256,2,4830,3679.441,9656.000,true
before,3,named_naming_UPPER_CAMEL_CASE,2,3255,6194.593,11120.000,true
before,3,positional_condition_only,2,5591,3537.900,5640.000,true
before,3,positional_naming_KEBAB_CASE,2,4724,4454.340,6696.000,true
before,3,named_where_128,2,478,42393.305,77464.000,true
before,3,mybatis_select_entity,2,34687,591.190,1992.000,true
before,3,raw_batch_4,2,9102,2337.069,7456.000,true
before,3,raw_subquery_raw,2,33091,637.572,2352.000,true
before,3,raw_between,2,18367,1115.806,3432.000,true
before,3,positional_subquery_structured,2,14762,1439.310,4856.000,true
before,3,mybatis_where_128,2,493,41876.268,64392.000,true
before,3,mybatis_batch_4,2,7673,2813.658,8848.000,true
before,3,positional_retry_rollback,2,5958,4507.737,6040.000,true
before,3,named_update_map,2,12489,1601.321,4920.000,true
before,3,mybatis_condition_only,2,4323,4794.356,8728.000,true
before,3,named_in_256,2,879,24551.877,90792.000,true
before,3,custom_handler_union,2,4503,4569.776,9368.000,true
before,3,positional_insert_values,2,27345,784.396,2232.000,true
before,3,named_derived,2,4847,4286.548,9536.000,true
before,3,positional_naming_UPPER_CAMEL_CASE,2,3787,5231.899,6424.000,true
before,3,mybatis_in_expression,2,937,21194.664,67800.000,true
before,3,positional_where_128,2,665,32483.308,38992.000,true
before,3,mybatis_in_256,2,1053,21054.511,66696.000,true
before,3,positional_insert_placeholders,2,32247,678.596,2096.000,true
before,3,mybatis_insert_entity,2,23343,873.829,2456.000,true
before,3,named_late_modifier,2,27563,796.902,2896.000,true
before,3,raw_update_map,2,16565,1270.884,3712.000,true
before,3,positional_union_builder,2,8674,2551.211,5920.000,true
before,3,raw_in_256,2,1159,19044.435,56720.000,true
before,3,named_insert_entity,2,17771,909.431,2760.000,true
before,3,named_condition_only,2,4204,5233.135,10328.000,true
before,3,positional_delete,2,62092,352.392,1544.000,true
before,3,raw_naming_UPPER_CAMEL_CASE,2,3700,5948.757,9376.000,true
before,3,named_naming_NO_CHANGE,2,4346,4663.691,9624.000,true
before,3,named_insert_values,2,19607,1092.533,3176.000,true
before,3,raw_batch_64,2,871,23938.462,92416.000,true
before,3,raw_condition_only,2,4672,4612.757,8584.000,true
before,3,named_group_order,2,7595,2729.967,7512.000,true
before,3,named_row_in,2,16068,1293.789,4144.000,true
before,3,named_dialect_DB2,2,16085,1421.933,4392.000,true
before,3,named_batch_64,2,606,37581.023,133056.000,true
before,3,custom_handler_where,2,3544,5507.111,11424.000,true
before,3,positional_dialect_MySQL,2,20469,969.168,3432.000,true
before,3,mybatis_nested,2,16151,1345.378,3584.000,true
before,3,named_between,3,16567,1258.200,3848.000,true
before,3,raw_pagination,3,20408,998.883,3520.000,true
before,3,positional_dialect_DB2,3,19681,1039.424,3616.000,true
before,3,named_naming_UPPER_CAMEL_CASE,3,3255,5873.456,11120.000,true
before,3,raw_batch_64,3,871,24808.037,92416.000,true
before,3,raw_union_builder,3,8329,2579.565,6120.000,true
before,3,positional_select_expressions,3,13832,1563.411,2512.000,true
before,3,positional_repeated_names,3,1365,15599.780,35520.000,true
before,3,raw_naming_KEBAB_CASE,3,3896,5276.335,9648.000,true
before,3,mybatis_delete,3,45712,443.282,1848.000,true
before,3,positional_insert_values,3,27345,805.270,2232.000,true
before,3,raw_union_raw,3,19111,1202.580,1968.000,true
before,3,raw_in_256,3,1159,18786.626,56720.000,true
before,3,custom_handler_union,3,4503,4596.536,9368.000,true
before,3,mybatis_join_on,3,15549,1406.804,4192.000,true
before,3,mybatis_select_entity,3,34687,576.435,1992.000,true
before,3,positional_where_16,3,4812,4237.261,6696.000,true
before,3,mybatis_between,3,17410,1227.794,3592.000,true
before,3,mybatis_nested,3,16151,1301.560,3584.000,true
before,3,mybatis_in_expression,3,937,21584.952,67800.000,true
before,3,raw_where_128,3,543,39222.468,62680.000,true
before,3,positional_join_using,3,24347,860.595,3224.000,true
before,3,positional_raw_expression,3,20469,1069.769,2616.000,true
before,3,named_in_16,3,10549,2072.756,7680.000,true
before,3,raw_join_on,3,15750,1327.333,4016.000,true
before,3,named_in_expression,3,782,25954.987,91824.000,true
before,3,positional_subquery_structured,3,14762,1429.285,4856.000,true
before,3,mybatis_naming_KEBAB_CASE,3,3745,5980.481,9792.000,true
before,3,named_insert_values,3,19607,1117.433,3176.000,true
before,3,positional_in_expression,3,3836,4768.405,10904.000,true
before,3,mybatis_select_columns,3,25654,842.750,2104.000,true
before,3,raw_insert_values,3,22356,966.219,2544.000,true
before,3,mybatis_naming_UPPER_CAMEL_CASE,3,3524,5672.701,9520.000,true
before,3,custom_handler_where,3,3544,5701.524,11424.000,true
before,3,raw_between,3,18367,1152.600,3432.000,true
before,3,raw_delete,3,50712,446.466,1664.000,true
before,3,raw_in_expression,3,1103,22082.956,57760.000,true
before,3,raw_where_16,3,4006,5379.880,9648.000,true
before,3,raw_update_chain_16,3,2638,7893.177,26256.000,true
before,3,named_in_256,3,879,24663.595,90792.000,true
before,3,positional_batch_beans,3,4254,4526.070,11128.000,true
before,3,named_retry_rollback,3,3819,4233.150,8432.000,true
before,3,positional_in_16,3,25075,777.348,2736.000,true
before,3,positional_update_map,3,20958,993.191,3192.000,true
before,3,positional_in_17,3,24009,852.684,2752.000,true
before,3,positional_dialect_Microsoft_SQL_Server,3,17069,1211.664,3616.000,true
before,3,mybatis_insert_entity,3,23343,898.458,2456.000,true
before,3,mybatis_in_1024,3,208,83520.673,256976.000,true
before,3,positional_insert_placeholders,3,32247,648.563,2096.000,true
before,3,named_select_entity,3,36636,571.285,1992.000,true
before,3,positional_select_star,3,77631,243.222,1240.000,true
before,3,named_naming_NO_CHANGE,3,4346,4915.854,9624.000,true
before,3,positional_join_on,3,15079,1324.644,3896.000,true
before,3,named_raw_expression,3,20277,992.829,2616.000,true
before,3,positional_select_entity,3,36221,605.210,1992.000,true
before,3,named_naming_SCREAMING_SNAKE_CASE,3,3521,6121.301,11408.000,true
before,3,named_select_expressions,3,13647,1475.804,2512.000,true
before,3,named_subquery_structured,3,12313,1725.355,5640.000,true
before,3,positional_between,3,20692,1051.426,3104.000,true
before,3,raw_select_star,3,96641,244.644,1240.000,true
before,3,raw_select_expressions,3,13724,1622.938,2512.000,true
before,3,raw_update_map,3,16565,1307.335,3712.000,true
before,3,raw_select_columns,3,25907,770.456,2104.000,true
before,3,named_batch_4,3,7125,3116.028,9800.000,true
before,3,named_batch_beans,3,2449,8969.539,26728.000,true
before,3,named_group_order,3,7595,2741.501,7512.000,true
before,3,mybatis_where_eq,3,21796,963.741,3112.000,true
before,3,mybatis_where_16,3,3881,5400.490,9792.000,true
before,3,raw_naming_CAMEL_CASE,3,3436,5709.808,9360.000,true
before,3,named_dialect_MySQL,3,16073,1252.492,4216.000,true
before,3,positional_update_chain_16,3,3574,6344.572,23168.000,true
before,3,mybatis_in_256,3,1053,21191.548,66696.000,true
before,3,positional_mixed_literals,3,17690,1231.108,2976.000,true
before,3,positional_delete,3,62092,354.985,1544.000,true
before,3,raw_late_modifier,3,28929,719.092,2560.000,true
before,3,mybatis_where_128,3,493,44642.191,64392.000,true
before,3,raw_nested,3,16572,1229.152,3448.000,true
before,3,raw_in_1024,3,289,75980.623,220328.000,true
before,3,mybatis_in_16,3,11919,1989.966,6208.000,true
before,3,mybatis_derived,3,4879,4326.563,9456.000,true
before,3,positional_batch_4,3,11241,1760.181,6032.000,true
before,3,named_join_using,3,21366,966.947,3680.000,true
before,3,mybatis_join_using,3,20275,958.200,3520.000,true
before,3,named_mixed_literals,3,14521,1440.218,3944.000,true
before,3,mybatis_group_order,3,8483,2641.837,7088.000,true
before,3,named_union_builder,3,4998,4113.966,8912.000,true
before,3,raw_in_16,3,12417,1708.456,5680.000,true
before,3,mybatis_union_builder,3,4987,4506.998,8912.000,true
before,3,mybatis_condition_only,3,4323,4638.746,8728.000,true
before,3,positional_subquery_raw,3,33475,675.642,2352.000,true
before,3,positional_derived,3,6059,3552.484,7464.000,true
before,3,mybatis_insert_placeholders,3,21938,982.861,2736.000,true
before,3,named_dialect_PostgreSQL,3,15445,1405.711,4216.000,true
before,3,positional_dialect_Oracle,3,20339,1067.309,3616.000,true
before,3,mybatis_in_17,3,11420,1799.019,6424.000,true
before,3,raw_join_using,3,21822,954.074,3344.000,true
before,3,mybatis_naming_SCREAMING_SNAKE_CASE,3,3748,5641.916,9808.000,true
before,3,raw_where_eq,3,21453,985.088,2936.000,true
before,3,raw_repeated_names,3,964,20999.793,59056.000,true
before,3,raw_insert_entity,3,27596,782.106,2128.000,true
before,3,mybatis_insert_values,3,20057,1117.560,2872.000,true
before,3,positional_union_raw,3,18903,1094.440,1968.000,true
before,3,positional_naming_UPPER_CAMEL_CASE,3,3787,4879.377,6424.000,true
before,3,mybatis_subquery_structured,3,12773,1702.826,5384.000,true
before,3,named_derived,3,4847,4192.325,9536.000,true
before,3,named_subquery_raw,3,32676,617.765,2352.000,true
before,3,named_dialect_DB2,3,16085,1403.475,4392.000,true
before,3,mybatis_select_star,3,89894,248.806,1240.000,true
before,3,positional_condition_only,3,5591,3905.062,5640.000,true
before,3,named_condition_only,3,4204,4948.026,10328.000,true
before,3,mybatis_union_raw,3,18692,1148.593,1968.000,true
before,3,positional_naming_NO_CHANGE,3,6244,3348.158,4928.000,true
before,3,named_dialect_Microsoft_SQL_Server,3,14284,1584.479,4392.000,true
before,3,named_where_128,3,478,42726.151,77464.000,true
before,3,named_insert_entity,3,17771,963.086,2760.000,true
before,3,mybatis_update_map,3,13456,1630.351,4368.000,true
before,3,raw_batch_beans,3,3888,6031.404,16792.000,true
before,3,mybatis_retry_rollback,3,5327,3560.278,7736.000,true
before,3,named_select_columns,3,24612,876.702,2104.000,true
before,3,raw_batch_4,3,9102,2279.411,7456.000,true
before,3,positional_union_builder,3,8674,2331.715,5920.000,true
before,3,raw_retry_rollback,3,5456,3720.620,6400.000,true
before,3,named_pagination,3,16225,1240.573,4192.000,true
before,3,named_repeated_names,3,836,24738.756,70080.000,true
before,3,positional_naming_KEBAB_CASE,3,4724,4512.765,6696.000,true
before,3,positional_naming_CAMEL_CASE,3,4567,4622.947,6408.000,true
before,3,positional_row_in,3,23401,931.148,2752.000,true
before,3,mybatis_pagination,3,17782,1143.797,3928.000,true
before,3,named_in_17,3,9770,2087.881,7968.000,true
before,3,mybatis_batch_64,3,593,33043.845,117040.000,true
before,3,mybatis_row_in,3,17030,1329.794,3736.000,true
before,3,positional_pagination,3,21422,971.721,3408.000,true
before,3,raw_raw_expression,3,19997,983.918,2616.000,true
before,3,mybatis_select_expressions,3,13690,1613.185,2512.000,true
before,3,named_where_16,3,3705,5693.792,11392.000,true
before,3,named_batch_64,3,606,39707.756,133056.000,true
before,3,positional_dialect_MySQL,3,20469,1003.449,3432.000,true
before,3,positional_retry_rollback,3,5958,2678.466,6040.000,true
before,3,named_join_on,3,15313,1315.066,4352.000,true
before,3,raw_naming_SCREAMING_SNAKE_CASE,3,3929,5421.583,9664.000,true
before,3,raw_mixed_literals,3,14303,1455.331,3368.000,true
before,3,mybatis_naming_NO_CHANGE,3,4548,4432.894,8024.000,true
before,3,raw_condition_only,3,4672,4460.017,8584.000,true
before,3,named_naming_CAMEL_CASE,3,3397,6256.756,11104.000,true
before,3,mybatis_batch_4,3,7673,2842.356,8848.000,true
before,3,mybatis_late_modifier,3,28379,747.380,2736.000,true
before,3,raw_derived,3,5791,3425.315,7632.000,true
before,3,positional_select_columns,3,26880,843.333,2104.000,true
before,3,raw_subquery_raw,3,33091,614.919,2352.000,true
before,3,named_dialect_Oracle,3,15473,1301.209,4392.000,true
before,3,raw_select_entity,3,35922,589.282,1992.000,true
before,3,raw_group_order,3,9480,2183.660,6256.000,true
before,3,mybatis_batch_beans,3,2934,7498.569,22744.000,true
before,3,positional_nested,3,18375,1187.472,3120.000,true
before,3,raw_naming_UPPER_CAMEL_CASE,3,3700,5699.757,9376.000,true
before,3,named_naming_KEBAB_CASE,3,3625,5781.379,11392.000,true
before,3,named_select_star,3,91857,253.455,1240.000,true
before,3,positional_where_eq,3,23952,821.560,2816.000,true
before,3,named_update_map,3,12489,1659.068,4920.000,true
before,3,mybatis_update_chain_16,3,1502,13202.463,40744.000,true
before,3,positional_batch_64,3,1081,17450.786,70320.000,true
before,3,mybatis_naming_CAMEL_CASE,3,3376,5900.415,9504.000,true
before,3,raw_naming_NO_CHANGE,3,4947,4185.830,7880.000,true
before,3,positional_in_256,3,4830,4708.240,9656.000,true
before,3,positional_dialect_PostgreSQL,3,19065,1065.848,3432.000,true
before,3,positional_in_1024,3,1578,14825.602,28584.000,true
before,3,mybatis_mixed_literals,3,14959,1436.132,3608.000,true
before,3,mybatis_subquery_raw,3,32159,665.170,2352.000,true
before,3,raw_row_in,3,18629,1058.570,3168.000,true
before,3,named_in_1024,3,173,107085.549,353296.000,true
before,3,positional_naming_SCREAMING_SNAKE_CASE,3,4743,4306.852,6712.000,true
before,3,named_nested,3,15565,1350.498,3816.000,true
before,3,mybatis_repeated_names,3,925,23508.432,58032.000,true
before,3,named_insert_placeholders,3,12262,1053.817,3040.000,true
before,3,named_row_in,3,16068,1333.003,4144.000,true
before,3,named_update_chain_16,3,1318,16533.156,47808.000,true
before,3,named_late_modifier,3,27563,774.197,2896.000,true
before,3,named_where_eq,3,21366,1017.673,3272.000,true
before,3,mybatis_raw_expression,3,19955,1009.286,2616.000,true
before,3,named_union_raw,3,18991,1325.581,1968.000,true
before,3,named_delete,3,46619,440.818,2000.000,true
before,3,raw_subquery_structured,3,15291,1348.081,4720.000,true
before,3,positional_group_order,3,9954,2200.422,6160.000,true
before,3,raw_insert_placeholders,3,32095,674.831,2096.000,true
before,3,raw_in_17,3,11766,1742.555,5896.000,true
before,3,positional_late_modifier,3,33102,629.421,2440.000,true
before,3,positional_insert_entity,3,35352,653.403,1816.000,true
before,3,positional_where_128,3,665,32035.338,38992.000,true
before,3,named_select_entity,4,36636,570.494,1992.000,true
before,3,named_group_order,4,7595,2745.253,7512.000,true
before,3,raw_repeated_names,4,964,21137.137,59056.000,true
before,3,raw_join_using,4,21822,923.847,3344.000,true
before,3,named_update_map,4,12489,1769.349,4920.000,true
before,3,positional_update_chain_16,4,3574,6113.039,23168.000,true
before,3,named_row_in,4,16068,1317.974,4144.000,true
before,3,raw_in_256,4,1159,18745.815,56720.000,true
before,3,raw_join_on,4,15750,1313.333,4016.000,true
before,3,positional_condition_only,4,5591,3521.177,5640.000,true
before,3,named_select_columns,4,24612,796.132,2104.000,true
before,3,raw_insert_placeholders,4,32095,614.766,2096.000,true
before,3,raw_retry_rollback,4,5456,3100.330,6400.000,true
before,3,positional_batch_4,4,11241,1811.031,6032.000,true
before,3,named_in_256,4,879,24544.824,90792.000,true
before,3,positional_repeated_names,4,1365,14804.908,35520.000,true
before,3,mybatis_where_16,4,3881,5535.944,9792.000,true
before,3,mybatis_raw_expression,4,19955,1061.027,2616.000,true
before,3,mybatis_mixed_literals,4,14959,1336.226,3608.000,true
before,3,mybatis_select_columns,4,25654,848.059,2104.000,true
before,3,raw_insert_values,4,22356,944.346,2544.000,true
before,3,positional_subquery_structured,4,14762,1394.066,4856.000,true
before,3,positional_dialect_DB2,4,19681,1008.130,3616.000,true
before,3,raw_nested,4,16572,1273.075,3448.000,true
before,3,mybatis_select_star,4,89894,254.378,1240.000,true
before,3,mybatis_retry_rollback,4,5327,3635.780,7736.000,true
before,3,raw_batch_4,4,9102,2352.022,7456.000,true
before,3,raw_delete,4,50712,429.104,1664.000,true
before,3,positional_join_using,4,24347,900.624,3224.000,true
before,3,mybatis_batch_4,4,7673,2856.744,8848.000,true
before,3,named_batch_beans,4,2449,10032.707,26728.000,true
before,3,positional_nested,4,18375,1137.584,3120.000,true
before,3,raw_update_map,4,16565,1261.075,3712.000,true
before,3,named_late_modifier,4,27563,753.521,2896.000,true
before,3,raw_in_16,4,12417,1657.913,5680.000,true
before,3,positional_join_on,4,15079,1323.682,3896.000,true
before,3,named_dialect_Microsoft_SQL_Server,4,14284,1480.447,4392.000,true
before,3,positional_delete,4,62092,378.915,1544.000,true
before,3,mybatis_in_1024,4,208,88841.827,256976.000,true
before,3,mybatis_naming_CAMEL_CASE,4,3376,5630.243,9504.000,true
before,3,named_retry_rollback,4,3819,4716.706,8432.000,true
before,3,raw_late_modifier,4,28929,699.506,2560.000,true
before,3,positional_where_16,4,4812,4398.504,6696.000,true
before,3,named_condition_only,4,4204,4820.814,10328.000,true
before,3,mybatis_in_17,4,11420,1916.646,6424.000,true
before,3,mybatis_union_raw,4,18692,1225.792,1968.000,true
before,3,raw_naming_CAMEL_CASE,4,3436,5541.705,9360.000,true
before,3,mybatis_insert_placeholders,4,21938,964.710,2736.000,true
before,3,positional_insert_entity,4,35352,650.750,1816.000,true
before,3,named_subquery_structured,4,12313,1794.680,5640.000,true
before,3,mybatis_insert_entity,4,23343,827.297,2456.000,true
before,3,positional_union_raw,4,18903,1200.672,1968.000,true
before,3,positional_select_expressions,4,13832,1480.415,2512.000,true
before,3,named_batch_64,4,606,37624.257,133056.000,true
before,3,named_select_star,4,91857,264.461,1240.000,true
before,3,named_insert_placeholders,4,12262,937.661,3040.000,true
before,3,positional_union_builder,4,8674,2482.753,5920.000,true
before,3,positional_select_star,4,77631,261.544,1240.000,true
before,3,mybatis_where_eq,4,21796,967.797,3112.000,true
before,3,named_naming_NO_CHANGE,4,4346,4994.225,9624.000,true
before,3,raw_condition_only,4,4672,4355.522,8584.000,true
before,3,positional_group_order,4,9954,2246.815,6160.000,true
before,3,named_join_using,4,21366,985.884,3680.000,true
before,3,raw_batch_beans,4,3888,5036.780,16792.000,true
before,3,mybatis_repeated_names,4,925,22757.081,58032.000,true
before,3,positional_insert_values,4,27345,817.393,2232.000,true
before,3,raw_where_128,4,543,40855.617,62680.000,true
before,3,named_between,4,16567,1189.877,3848.000,true
before,3,mybatis_update_map,4,13456,1574.019,4368.000,true
before,3,raw_between,4,18367,1138.956,3432.000,true
before,3,mybatis_where_128,4,493,41126.978,64392.000,true
before,3,raw_insert_entity,4,27596,779.323,2128.000,true
before,3,raw_naming_UPPER_CAMEL_CASE,4,3700,5525.081,9376.000,true
before,3,positional_in_256,4,4830,4806.460,9656.000,true
before,3,mybatis_between,4,17410,1209.897,3592.000,true
before,3,named_naming_KEBAB_CASE,4,3625,5771.945,11392.000,true
before,3,raw_derived,4,5791,3782.386,7632.000,true
before,3,mybatis_late_modifier,4,28379,740.058,2736.000,true
before,3,mybatis_naming_KEBAB_CASE,4,3745,5419.947,9792.000,true
before,3,positional_where_eq,4,23952,854.342,2816.000,true
before,3,named_in_expression,4,782,25539.258,91824.000,true
before,3,raw_union_raw,4,19111,1317.152,1968.000,true
before,3,raw_naming_NO_CHANGE,4,4947,4216.454,7880.000,true
before,3,positional_pagination,4,21422,963.257,3408.000,true
before,3,positional_naming_SCREAMING_SNAKE_CASE,4,4743,4728.442,6712.000,true
before,3,positional_dialect_Microsoft_SQL_Server,4,17069,1194.247,3616.000,true
before,3,named_insert_values,4,19607,1087.698,3176.000,true
before,3,raw_where_16,4,4006,5401.648,9648.000,true
before,3,positional_raw_expression,4,20469,998.837,2616.000,true
before,3,positional_in_17,4,24009,820.767,2752.000,true
before,3,positional_dialect_PostgreSQL,4,19065,1092.541,3432.000,true
before,3,raw_update_chain_16,4,2638,8261.486,26256.000,true
before,3,positional_batch_64,4,1081,16652.081,70320.000,true
before,3,mybatis_select_expressions,4,13690,1540.884,2512.000,true
before,3,positional_mixed_literals,4,17690,1158.858,2976.000,true
before,3,raw_pagination,4,20408,1009.452,3520.000,true
before,3,positional_in_expression,4,3836,4814.546,10904.000,true
before,3,mybatis_condition_only,4,4323,5154.337,8728.000,true
before,3,named_where_128,4,478,43644.561,77464.000,true
before,3,positional_late_modifier,4,33102,629.448,2440.000,true
before,3,named_batch_4,4,7125,3044.954,9800.000,true
before,3,named_dialect_Oracle,4,15473,1350.779,4392.000,true
before,3,named_repeated_names,4,836,25760.766,70080.000,true
before,3,raw_in_17,4,11766,1813.658,5896.000,true
before,3,named_naming_SCREAMING_SNAKE_CASE,4,3521,5733.513,11408.000,true
before,3,positional_dialect_MySQL,4,20469,993.517,3432.000,true
before,3,named_union_raw,4,18991,1147.491,1968.000,true
before,3,raw_select_star,4,96641,251.433,1240.000,true
before,3,named_where_16,4,3705,5819.109,11392.000,true
before,3,mybatis_update_chain_16,4,1502,20165.379,40744.000,true
before,3,raw_row_in,4,18629,1134.978,3168.000,true
before,3,mybatis_pagination,4,17782,1186.717,3928.000,true
before,3,custom_handler_where,4,3544,5836.428,11424.000,true
before,3,raw_select_entity,4,35922,545.045,1992.000,true
before,3,named_in_17,4,9770,2134.841,7968.000,true
before,3,named_pagination,4,16225,1222.921,4192.000,true
before,3,named_select_expressions,4,13647,1593.559,2512.000,true
before,3,raw_raw_expression,4,19997,1042.336,2616.000,true
before,3,positional_subquery_raw,4,33475,648.544,2352.000,true
before,3,mybatis_derived,4,4879,4479.279,9456.000,true
before,3,mybatis_nested,4,16151,1361.166,3584.000,true
before,3,positional_derived,4,6059,3454.993,7464.000,true
before,3,named_join_on,4,15313,1405.375,4352.000,true
before,3,mybatis_subquery_structured,4,12773,1657.982,5384.000,true
before,3,positional_between,4,20692,1015.977,3104.000,true
before,3,mybatis_join_on,4,15549,1410.470,4192.000,true
before,3,raw_union_builder,4,8329,2391.151,6120.000,true
before,3,mybatis_in_16,4,11919,1805.848,6208.000,true
before,3,positional_insert_placeholders,4,32247,665.848,2096.000,true
before,3,mybatis_subquery_raw,4,32159,629.715,2352.000,true
before,3,mybatis_delete,4,45712,449.457,1848.000,true
before,3,positional_dialect_Oracle,4,20339,1063.971,3616.000,true
before,3,named_delete,4,46619,474.392,2000.000,true
before,3,mybatis_batch_beans,4,2934,7612.781,22744.000,true
before,3,named_raw_expression,4,20277,1063.648,2616.000,true
before,3,raw_select_columns,4,25907,842.510,2104.000,true
before,3,positional_select_columns,4,26880,773.973,2104.000,true
before,3,named_naming_CAMEL_CASE,4,3397,6094.583,11104.000,true
before,3,raw_batch_64,4,871,24802.985,92416.000,true
before,3,raw_in_expression,4,1103,20314.506,57760.000,true
before,3,raw_subquery_raw,4,33091,619.374,2352.000,true
before,3,custom_handler_union,4,4503,4565.046,9368.000,true
before,3,named_dialect_MySQL,4,16073,1345.947,4216.000,true
before,3,raw_group_order,4,9480,2204.146,6256.000,true
before,3,raw_in_1024,4,289,74466.436,220328.000,true
before,3,raw_subquery_structured,4,15291,1250.075,4720.000,true
before,3,positional_update_map,4,20958,1033.796,3192.000,true
before,3,positional_naming_KEBAB_CASE,4,4724,4796.169,6696.000,true
before,3,positional_in_16,4,25075,824.534,2736.000,true
before,3,mybatis_naming_NO_CHANGE,4,4548,4356.047,8024.000,true
before,3,mybatis_batch_64,4,593,35425.126,117040.000,true
before,3,mybatis_join_using,4,20275,939.206,3520.000,true
before,3,mybatis_insert_values,4,20057,1096.749,2872.000,true
before,3,positional_retry_rollback,4,5958,3710.373,6040.000,true
before,3,mybatis_naming_SCREAMING_SNAKE_CASE,4,3748,5670.651,9808.000,true
before,3,mybatis_select_entity,4,34687,549.428,1992.000,true
before,3,named_in_1024,4,173,117913.295,353296.000,true
before,3,positional_where_128,4,665,33532.932,38992.000,true
before,3,named_nested,4,15565,1311.160,3816.000,true
before,3,named_derived,4,4847,4414.236,9536.000,true
before,3,positional_naming_NO_CHANGE,4,6244,3312.988,4928.000,true
before,3,mybatis_naming_UPPER_CAMEL_CASE,4,3524,6300.426,9520.000,true
before,3,raw_naming_KEBAB_CASE,4,3896,5164.194,9648.000,true
before,3,named_update_chain_16,4,1318,16383.612,47808.000,true
before,3,named_subquery_raw,4,32676,614.035,2352.000,true
before,3,positional_batch_beans,4,4254,5655.900,11128.000,true
before,3,named_where_eq,4,21366,962.604,3272.000,true
before,3,named_insert_entity,4,17771,942.271,2760.000,true
before,3,named_naming_UPPER_CAMEL_CASE,4,3255,6109.309,11120.000,true
before,3,positional_select_entity,4,36221,559.529,1992.000,true
before,3,positional_row_in,4,23401,906.867,2752.000,true
before,3,positional_naming_UPPER_CAMEL_CASE,4,3787,5003.301,6424.000,true
before,3,named_in_16,4,10549,1994.995,7680.000,true
before,3,mybatis_in_expression,4,937,19914.408,67800.000,true
before,3,raw_mixed_literals,4,14303,1425.701,3368.000,true
before,3,positional_in_1024,4,1578,14243.473,28584.000,true
before,3,mybatis_in_256,4,1053,19032.953,66696.000,true
before,3,mybatis_row_in,4,17030,1268.837,3736.000,true
before,3,raw_where_eq,4,21453,940.791,2936.000,true
before,3,raw_select_expressions,4,13724,1620.592,2512.000,true
before,3,raw_naming_SCREAMING_SNAKE_CASE,4,3929,5282.718,9664.000,true
before,3,named_dialect_DB2,4,16085,1313.839,4392.000,true
before,3,named_union_builder,4,4998,4180.752,8912.000,true
before,3,positional_naming_CAMEL_CASE,4,4567,4917.867,6408.000,true
before,3,named_mixed_literals,4,14521,1413.870,3944.000,true
before,3,mybatis_group_order,4,8483,2524.732,7088.000,true
before,3,mybatis_union_builder,4,4987,4216.182,8912.000,true
before,3,named_dialect_PostgreSQL,4,15445,1331.570,4216.000,true
before,3,mybatis_naming_KEBAB_CASE,5,3745,5636.182,9792.000,true
before,3,named_late_modifier,5,27563,773.156,2896.000,true
before,3,raw_retry_rollback,5,5456,2910.942,6400.000,true
before,3,positional_group_order,5,9954,2037.734,6160.000,true
before,3,mybatis_update_chain_16,5,1502,13627.164,40744.000,true
before,3,raw_in_expression,5,1103,19122.847,57760.000,true
before,3,raw_naming_CAMEL_CASE,5,3436,5441.851,9360.000,true
before,3,named_dialect_PostgreSQL,5,15445,1405.458,4216.000,true
before,3,named_derived,5,4847,4651.083,9536.000,true
before,3,raw_insert_values,5,22356,986.912,2544.000,true
before,3,mybatis_group_order,5,8483,2420.771,7088.000,true
before,3,raw_subquery_raw,5,33091,617.666,2352.000,true
before,3,raw_condition_only,5,4672,4661.344,8584.000,true
before,3,positional_between,5,20692,1066.383,3104.000,true
before,3,positional_join_using,5,24347,909.574,3224.000,true
before,3,mybatis_between,5,17410,1143.532,3592.000,true
before,3,raw_group_order,5,9480,2233.112,6256.000,true
before,3,positional_subquery_structured,5,14762,1389.046,4856.000,true
before,3,mybatis_batch_64,5,593,34110.793,117040.000,true
before,3,positional_select_entity,5,36221,669.443,1992.000,true
before,3,mybatis_select_entity,5,34687,614.752,1992.000,true
before,3,positional_naming_CAMEL_CASE,5,4567,4463.608,6408.000,true
before,3,mybatis_where_eq,5,21796,967.797,3112.000,true
before,3,named_nested,5,15565,1323.155,3816.000,true
before,3,positional_late_modifier,5,33102,634.756,2440.000,true
before,3,positional_batch_4,5,11241,1943.448,6032.000,true
before,3,mybatis_select_expressions,5,13690,1488.619,2512.000,true
before,3,raw_select_expressions,5,13724,1613.057,2512.000,true
before,3,named_where_16,5,3705,5687.287,11392.000,true
before,3,mybatis_select_star,5,89894,259.093,1240.000,true
before,3,named_select_star,5,91857,231.640,1240.000,true
before,3,mybatis_naming_SCREAMING_SNAKE_CASE,5,3748,5474.680,9808.000,true
before,3,positional_pagination,5,21422,975.693,3408.000,true
before,3,mybatis_where_16,5,3881,5743.288,9792.000,true
before,3,raw_naming_SCREAMING_SNAKE_CASE,5,3929,5174.828,9664.000,true
before,3,named_join_on,5,15313,1379.462,4352.000,true
before,3,mybatis_select_columns,5,25654,856.759,2104.000,true
before,3,positional_select_expressions,5,13832,1510.208,2512.000,true
before,3,mybatis_derived,5,4879,5326.501,9456.000,true
before,3,positional_join_on,5,15079,1350.554,3896.000,true
before,3,positional_insert_placeholders,5,32247,686.597,2096.000,true
before,3,positional_dialect_MySQL,5,20469,937.847,3432.000,true
before,3,named_in_expression,5,782,27066.368,91824.000,true
before,3,named_insert_placeholders,5,12262,1017.151,3040.000,true
before,3,raw_select_entity,5,35922,610.386,1992.000,true
before,3,mybatis_join_using,5,20275,982.742,3520.000,true
before,3,positional_where_16,5,4812,4106.421,6696.000,true
before,3,named_retry_rollback,5,3819,4537.261,8432.000,true
before,3,named_batch_64,5,606,37438.944,133056.000,true
before,3,raw_batch_64,5,871,26290.930,92416.000,true
before,3,custom_handler_union,5,4503,4558.028,9368.000,true
before,3,named_pagination,5,16225,1223.149,4192.000,true
before,3,positional_naming_NO_CHANGE,5,6244,3384.081,4928.000,true
before,3,mybatis_subquery_raw,5,32159,671.725,2352.000,true
before,3,raw_nested,5,16572,1282.796,3448.000,true
before,3,mybatis_in_1024,5,208,97449.519,256976.000,true
before,3,mybatis_naming_CAMEL_CASE,5,3376,5896.979,9504.000,true
before,3,mybatis_union_builder,5,4987,4391.117,8912.000,true
before,3,mybatis_repeated_names,5,925,22549.405,58032.000,true
before,3,positional_union_builder,5,8674,2417.593,5920.000,true
before,3,named_between,5,16567,1279.640,3848.000,true
before,3,raw_where_eq,5,21453,951.988,2936.000,true
before,3,positional_dialect_DB2,5,19681,978.568,3616.000,true
before,3,positional_naming_KEBAB_CASE,5,4724,4461.156,6696.000,true
before,3,raw_naming_KEBAB_CASE,5,3896,5183.316,9648.000,true
before,3,positional_update_map,5,20958,1003.450,3192.000,true
before,3,positional_in_1024,5,1578,15312.294,28584.000,true
before,3,raw_select_columns,5,25907,831.007,2104.000,true
before,3,positional_in_17,5,24009,808.322,2752.000,true
before,3,named_dialect_MySQL,5,16073,1321.477,4216.000,true
before,3,named_update_map,5,12489,1691.456,4920.000,true
before,3,positional_dialect_Microsoft_SQL_Server,5,17069,1187.099,3616.000,true
before,3,raw_in_17,5,11766,1792.215,5896.000,true
before,3,mybatis_insert_entity,5,23343,846.421,2456.000,true
before,3,named_insert_values,5,19607,1086.551,3176.000,true
before,3,positional_insert_values,5,27345,793.801,2232.000,true
before,3,positional_update_chain_16,5,3574,6275.825,23168.000,true
before,3,raw_batch_4,5,9102,2290.628,7456.000,true
before,3,mybatis_union_raw,5,18692,1111.433,1968.000,true
before,3,named_subquery_structured,5,12313,1701.909,5640.000,true
before,3,positional_delete,5,62092,386.071,1544.000,true
before,3,raw_naming_UPPER_CAMEL_CASE,5,3700,5705.622,9376.000,true
before,3,positional_derived,5,6059,3352.088,7464.000,true
before,3,positional_in_256,5,4830,4703.416,9656.000,true
before,3,positional_batch_64,5,1081,17079.741,70320.000,true
before,3,raw_in_16,5,12417,1778.167,5680.000,true
before,3,positional_union_raw,5,18903,1154.552,1968.000,true
before,3,raw_mixed_literals,5,14303,1455.471,3368.000,true
before,3,raw_in_1024,5,289,76672.318,220328.000,true
before,3,mybatis_raw_expression,5,19955,1004.741,2616.000,true
before,3,positional_nested,5,18375,1146.808,3120.000,true
before,3,raw_delete,5,50712,435.075,1664.000,true
before,3,raw_join_on,5,15750,1376.337,4016.000,true
before,3,named_in_17,5,9770,2078.076,7968.000,true
before,3,raw_raw_expression,5,19997,1058.324,2616.000,true
before,3,mybatis_pagination,5,17782,1164.284,3928.000,true
before,3,mybatis_batch_beans,5,2934,7586.401,22744.000,true
before,3,raw_repeated_names,5,964,22393.776,59056.000,true
before,3,raw_between,5,18367,1180.160,3432.000,true
before,3,raw_naming_NO_CHANGE,5,4947,4212.654,7880.000,true
before,3,raw_where_16,5,4006,5153.595,9648.000,true
before,3,raw_select_star,5,96641,254.569,1240.000,true
before,3,positional_subquery_raw,5,33475,607.477,2352.000,true
before,3,positional_naming_UPPER_CAMEL_CASE,5,3787,4531.423,6424.000,true
before,3,named_naming_UPPER_CAMEL_CASE,5,3255,5907.558,11120.000,true
before,3,raw_derived,5,5791,3684.061,7632.000,true
before,3,positional_in_16,5,25075,840.243,2736.000,true
before,3,named_naming_NO_CHANGE,5,4346,4526.668,9624.000,true
before,3,positional_mixed_literals,5,17690,1187.733,2976.000,true
before,3,positional_retry_rollback,5,5958,2865.039,6040.000,true
before,3,named_join_using,5,21366,984.700,3680.000,true
before,3,mybatis_batch_4,5,7673,2891.724,8848.000,true
before,3,named_update_chain_16,5,1318,16134.825,47808.000,true
before,3,raw_insert_placeholders,5,32095,670.743,2096.000,true
before,3,mybatis_insert_values,5,20057,1067.099,2872.000,true
before,3,positional_raw_expression,5,20469,974.547,2616.000,true
before,3,named_batch_4,5,7125,3178.288,9800.000,true
before,3,positional_where_eq,5,23952,893.220,2816.000,true
before,3,named_row_in,5,16068,1316.779,4144.000,true
before,3,positional_insert_entity,5,35352,634.205,1816.000,true
before,3,mybatis_retry_rollback,5,5327,4298.892,7736.000,true
before,3,named_subquery_raw,5,32676,630.111,2352.000,true
before,3,named_naming_SCREAMING_SNAKE_CASE,5,3521,6164.726,11408.000,true
before,3,mybatis_in_256,5,1053,20550.617,66696.000,true
before,3,custom_handler_where,5,3544,5460.271,11424.000,true
before,3,named_union_raw,5,18991,1173.967,1968.000,true
before,3,positional_select_star,5,77631,224.236,1240.000,true
before,3,named_select_columns,5,24612,850.813,2104.000,true
before,3,named_where_eq,5,21366,1003.314,3272.000,true
before,3,mybatis_late_modifier,5,28379,741.774,2736.000,true
before,3,named_repeated_names,5,836,26104.545,70080.000,true
before,3,named_select_expressions,5,13647,1566.930,2512.000,true
before,3,mybatis_join_on,5,15549,1287.253,4192.000,true
before,3,positional_batch_beans,5,4254,5649.483,11128.000,true
before,3,named_mixed_literals,5,14521,1466.896,3944.000,true
before,3,named_dialect_Oracle,5,15473,1332.980,4392.000,true
before,3,positional_dialect_PostgreSQL,5,19065,1027.553,3432.000,true
before,3,raw_update_chain_16,5,2638,8286.277,26256.000,true
before,3,named_dialect_Microsoft_SQL_Server,5,14284,1584.423,4392.000,true
before,3,positional_row_in,5,23401,892.201,2752.000,true
before,3,named_select_entity,5,36636,590.482,1992.000,true
before,3,named_union_builder,5,4998,4045.658,8912.000,true
before,3,positional_where_128,5,665,34151.579,38992.000,true
before,3,mybatis_nested,5,16151,1322.277,3584.000,true
before,3,named_raw_expression,5,20277,1003.063,2616.000,true
before,3,raw_in_256,5,1159,18683.261,56720.000,true
before,3,raw_insert_entity,5,27596,746.547,2128.000,true
before,3,positional_in_expression,5,3836,5010.766,10904.000,true
before,3,positional_naming_SCREAMING_SNAKE_CASE,5,4743,4558.318,6712.000,true
before,3,named_condition_only,5,4204,4805.828,10328.000,true
before,3,raw_union_builder,5,8329,2499.688,6120.000,true
before,3,mybatis_row_in,5,17030,1284.398,3736.000,true
before,3,positional_repeated_names,5,1365,14760.806,35520.000,true
before,3,mybatis_where_128,5,493,44097.363,64392.000,true
before,3,mybatis_condition_only,5,4323,4614.434,8728.000,true
before,3,mybatis_delete,5,45712,451.717,1848.000,true
before,3,named_insert_entity,5,17771,963.159,2760.000,true
before,3,mybatis_naming_UPPER_CAMEL_CASE,5,3524,5583.485,9520.000,true
before,3,named_naming_KEBAB_CASE,5,3625,6024.910,11392.000,true
before,3,raw_pagination,5,20408,995.575,3520.000,true
before,3,raw_where_128,5,543,38866.667,62680.000,true
before,3,mybatis_naming_NO_CHANGE,5,4548,4568.184,8024.000,true
before,3,mybatis_in_expression,5,937,21547.812,67800.000,true
before,3,named_dialect_DB2,5,16085,1315.331,4392.000,true
before,3,raw_late_modifier,5,28929,732.438,2560.000,true
before,3,raw_batch_beans,5,3888,6003.035,16792.000,true
before,3,mybatis_subquery_structured,5,12773,1639.912,5384.000,true
before,3,raw_union_raw,5,19111,1208.995,1968.000,true
before,3,raw_subquery_structured,5,15291,1271.074,4720.000,true
before,3,mybatis_in_16,5,11919,1808.994,6208.000,true
before,3,named_in_16,5,10549,2138.174,7680.000,true
before,3,named_in_1024,5,173,135273.410,353296.000,true
before,3,positional_dialect_Oracle,5,20339,1074.955,3616.000,true
before,3,raw_update_map,5,16565,1262.300,3712.000,true
before,3,mybatis_update_map,5,13456,1574.822,4368.000,true
before,3,mybatis_insert_placeholders,5,21938,964.814,2736.000,true
before,3,positional_select_columns,5,26880,832.169,2104.000,true
before,3,raw_row_in,5,18629,1124.172,3168.000,true
before,3,named_batch_beans,5,2449,8085.423,26728.000,true
before,3,named_group_order,5,7595,2532.772,7512.000,true
before,3,mybatis_in_17,5,11420,1838.695,6424.000,true
before,3,positional_condition_only,5,5591,3889.412,5640.000,true
before,3,raw_join_using,5,21822,959.422,3344.000,true
before,3,mybatis_mixed_literals,5,14959,1350.705,3608.000,true
before,3,named_where_128,5,478,46354.603,77464.000,true
before,3,named_in_256,5,879,24617.634,90792.000,true
before,3,named_delete,5,46619,445.499,2000.000,true
before,3,named_naming_CAMEL_CASE,5,3397,6032.646,11104.000,true
before,3,named_join_on,6,15313,1300.163,4352.000,true
before,3,raw_mixed_literals,6,14303,1507.691,3368.000,true
before,3,mybatis_batch_64,6,593,35631.872,117040.000,true
before,3,positional_dialect_PostgreSQL,6,19065,1075.841,3432.000,true
before,3,raw_nested,6,16572,1231.976,3448.000,true
before,3,named_insert_values,6,19607,1055.021,3176.000,true
before,3,named_derived,6,4847,4512.111,9536.000,true
before,3,raw_condition_only,6,4672,4505.993,8584.000,true
before,3,raw_insert_entity,6,27596,784.954,2128.000,true
before,3,named_in_expression,6,782,29040.281,91824.000,true
before,3,mybatis_derived,6,4879,4507.768,9456.000,true
before,3,named_select_columns,6,24612,789.907,2104.000,true
before,3,raw_in_17,6,11766,1769.488,5896.000,true
before,3,mybatis_raw_expression,6,19955,1060.646,2616.000,true
before,3,raw_subquery_structured,6,15291,1351.226,4720.000,true
before,3,mybatis_insert_values,6,20057,1000.593,2872.000,true
before,3,raw_where_128,6,543,39861.694,62680.000,true
before,3,named_delete,6,46619,453.169,2000.000,true
before,3,positional_delete,6,62092,389.313,1544.000,true
before,3,positional_derived,6,6059,3698.581,7464.000,true
before,3,mybatis_select_star,6,89894,230.919,1240.000,true
before,3,named_dialect_PostgreSQL,6,15445,1377.533,4216.000,true
before,3,mybatis_join_using,6,20275,956.113,3520.000,true
before,3,named_dialect_Oracle,6,15473,1399.722,4392.000,true
before,3,mybatis_pagination,6,17782,1163.053,3928.000,true
before,3,custom_handler_where,6,3544,5581.659,11424.000,true
before,3,positional_naming_CAMEL_CASE,6,4567,5120.955,6408.000,true
before,3,mybatis_in_1024,6,208,99064.904,256976.000,true
before,3,raw_naming_UPPER_CAMEL_CASE,6,3700,5882.216,9376.000,true
before,3,positional_batch_beans,6,4254,4567.442,11128.000,true
before,3,raw_select_columns,6,25907,837.395,2104.000,true
before,3,positional_batch_4,6,11241,1895.810,6032.000,true
before,3,mybatis_subquery_structured,6,12773,1649.010,5384.000,true
before,3,positional_union_raw,6,18903,1109.268,1968.000,true
before,3,named_naming_KEBAB_CASE,6,3625,5982.648,11392.000,true
before,3,raw_subquery_raw,6,33091,649.666,2352.000,true
before,3,positional_late_modifier,6,33102,645.873,2440.000,true
before,3,positional_dialect_MySQL,6,20469,961.215,3432.000,true
before,3,named_raw_expression,6,20277,1014.642,2616.000,true
before,3,positional_join_on,6,15079,1246.290,3896.000,true
before,3,positional_retry_rollback,6,5958,3369.100,6040.000,true
before,3,positional_naming_SCREAMING_SNAKE_CASE,6,4743,4311.617,6712.000,true
before,3,mybatis_repeated_names,6,925,23754.595,58032.000,true
before,3,mybatis_insert_placeholders,6,21938,984.155,2736.000,true
before,3,mybatis_in_256,6,1053,20186.515,66696.000,true
before,3,named_in_16,6,10549,2115.679,7680.000,true
before,3,positional_where_16,6,4812,4471.696,6696.000,true
before,3,positional_join_using,6,24347,865.659,3224.000,true
before,3,named_between,6,16567,1257.144,3848.000,true
before,3,positional_condition_only,6,5591,3623.323,5640.000,true
before,3,named_select_entity,6,36636,574.001,1992.000,true
before,3,named_retry_rollback,6,3819,4787.143,8432.000,true
before,3,raw_where_16,6,4006,5511.408,9648.000,true
before,3,raw_late_modifier,6,28929,753.621,2560.000,true
before,3,raw_select_star,6,96641,233.009,1240.000,true
before,3,named_naming_UPPER_CAMEL_CASE,6,3255,6284.823,11120.000,true
before,3,named_late_modifier,6,27563,761.706,2896.000,true
before,3,positional_between,6,20692,1021.810,3104.000,true
before,3,mybatis_in_16,6,11919,1843.091,6208.000,true
before,3,raw_update_chain_16,6,2638,7700.531,26256.000,true
before,3,mybatis_row_in,6,17030,1246.606,3736.000,true
before,3,positional_subquery_structured,6,14762,1428.539,4856.000,true
before,3,raw_union_builder,6,8329,2640.017,6120.000,true
before,3,positional_pagination,6,21422,1002.082,3408.000,true
before,3,raw_insert_placeholders,6,32095,643.237,2096.000,true
before,3,mybatis_select_entity,6,34687,598.348,1992.000,true
before,3,raw_raw_expression,6,19997,965.350,2616.000,true
before,3,positional_select_star,6,77631,238.491,1240.000,true
before,3,mybatis_update_chain_16,6,1502,13662.850,40744.000,true
before,3,named_in_17,6,9770,2115.169,7968.000,true
before,3,positional_insert_values,6,27345,810.163,2232.000,true
before,3,positional_select_expressions,6,13832,1483.596,2512.000,true
before,3,raw_update_map,6,16565,1230.486,3712.000,true
before,3,raw_group_order,6,9480,2194.124,6256.000,true
before,3,named_pagination,6,16225,1253.750,4192.000,true
before,3,raw_select_entity,6,35922,598.249,1992.000,true
before,3,positional_in_256,6,4830,4210.849,9656.000,true
before,3,named_where_16,6,3705,5732.362,11392.000,true
before,3,mybatis_mixed_literals,6,14959,1470.045,3608.000,true
before,3,custom_handler_union,6,4503,4691.561,9368.000,true
before,3,named_repeated_names,6,836,25124.163,70080.000,true
before,3,mybatis_naming_SCREAMING_SNAKE_CASE,6,3748,5529.216,9808.000,true
before,3,named_where_eq,6,21366,1018.899,3272.000,true
before,3,mybatis_where_128,6,493,43985.598,64392.000,true
before,3,positional_where_128,6,665,31593.835,38992.000,true
before,3,raw_select_expressions,6,13724,1499.869,2512.000,true
before,3,positional_repeated_names,6,1365,15473.407,35520.000,true
before,3,mybatis_in_17,6,11420,1865.534,6424.000,true
before,3,raw_repeated_names,6,964,21727.697,59056.000,true
before,3,named_subquery_raw,6,32676,671.156,2352.000,true
before,3,mybatis_between,6,17410,1183.343,3592.000,true
before,3,raw_retry_rollback,6,5456,3942.119,6400.000,true
before,3,positional_group_order,6,9954,2193.500,6160.000,true
before,3,named_nested,6,15565,1318.400,3816.000,true
before,3,positional_select_entity,6,36221,572.988,1992.000,true
before,3,named_update_chain_16,6,1318,16043.171,47808.000,true
before,3,raw_in_1024,6,289,77498.616,220328.000,true
before,3,positional_subquery_raw,6,33475,611.376,2352.000,true
before,3,positional_naming_KEBAB_CASE,6,4724,4469.348,6696.000,true
before,3,positional_raw_expression,6,20469,1031.892,2616.000,true
before,3,named_dialect_Microsoft_SQL_Server,6,14284,1558.695,4392.000,true
before,3,mybatis_insert_entity,6,23343,895.952,2456.000,true
before,3,mybatis_naming_NO_CHANGE,6,4548,4283.839,8024.000,true
before,3,mybatis_condition_only,6,4323,4723.063,8728.000,true
before,3,positional_in_expression,6,3836,5157.013,10904.000,true
before,3,mybatis_join_on,6,15549,1387.890,4192.000,true
before,3,positional_insert_entity,6,35352,631.492,1816.000,true
before,3,named_row_in,6,16068,1266.629,4144.000,true
before,3,named_subquery_structured,6,12313,1668.424,5640.000,true
before,3,positional_dialect_Oracle,6,20339,1112.021,3616.000,true
before,3,named_naming_CAMEL_CASE,6,3397,6276.980,11104.000,true
before,3,positional_row_in,6,23401,914.299,2752.000,true
before,3,raw_insert_values,6,22356,906.696,2544.000,true
before,3,raw_row_in,6,18629,1186.371,3168.000,true
before,3,mybatis_union_builder,6,4987,4272.288,8912.000,true
before,3,mybatis_delete,6,45712,439.003,1848.000,true
before,3,mybatis_naming_CAMEL_CASE,6,3376,5598.934,9504.000,true
before,3,positional_naming_NO_CHANGE,6,6244,3469.843,4928.000,true
before,3,raw_batch_4,6,9102,2129.752,7456.000,true
before,3,raw_join_using,6,21822,902.250,3344.000,true
before,3,mybatis_naming_KEBAB_CASE,6,3745,5856.502,9792.000,true
before,3,raw_naming_SCREAMING_SNAKE_CASE,6,3929,5466.378,9664.000,true
before,3,positional_select_columns,6,26880,830.331,2104.000,true
before,3,positional_where_eq,6,23952,903.023,2816.000,true
before,3,mybatis_where_eq,6,21796,953.739,3112.000,true
before,3,raw_derived,6,5791,3536.937,7632.000,true
before,3,raw_naming_KEBAB_CASE,6,3896,5466.350,9648.000,true
before,3,raw_batch_64,6,871,23019.403,92416.000,true
before,3,named_dialect_DB2,6,16085,1373.621,4392.000,true
before,3,named_naming_SCREAMING_SNAKE_CASE,6,3521,5961.119,11408.000,true
before,3,positional_batch_64,6,1081,17622.757,70320.000,true
before,3,mybatis_in_expression,6,937,20597.866,67800.000,true
before,3,mybatis_retry_rollback,6,5327,4649.503,7736.000,true
before,3,named_batch_beans,6,2449,8007.636,26728.000,true
before,3,positional_update_map,6,20958,1068.680,3192.000,true
before,3,positional_dialect_Microsoft_SQL_Server,6,17069,1223.780,3616.000,true
before,3,positional_nested,6,18375,1169.736,3120.000,true
before,3,positional_naming_UPPER_CAMEL_CASE,6,3787,4568.365,6424.000,true
before,3,positional_insert_placeholders,6,32247,672.534,2096.000,true
before,3,raw_where_eq,6,21453,948.231,2936.000,true
before,3,positional_in_1024,6,1578,14338.847,28584.000,true
before,3,named_select_expressions,6,13647,1584.898,2512.000,true
before,3,positional_in_17,6,24009,873.273,2752.000,true
before,3,mybatis_naming_UPPER_CAMEL_CASE,6,3524,5788.763,9520.000,true
before,3,named_naming_NO_CHANGE,6,4346,4511.275,9624.000,true
before,3,raw_in_256,6,1159,18952.028,56720.000,true
before,3,raw_delete,6,50712,410.499,1664.000,true
before,3,mybatis_select_expressions,6,13690,1590.665,2512.000,true
before,3,mybatis_select_columns,6,25654,823.965,2104.000,true
before,3,raw_batch_beans,6,3888,5381.019,16792.000,true
before,3,named_union_raw,6,18991,1192.760,1968.000,true
before,3,named_in_256,6,879,25370.080,90792.000,true
before,3,mybatis_batch_4,6,7673,2815.326,8848.000,true
before,3,named_union_builder,6,4998,4079.252,8912.000,true
before,3,positional_update_chain_16,6,3574,6275.098,23168.000,true
before,3,mybatis_update_map,6,13456,1529.481,4368.000,true
before,3,raw_in_expression,6,1103,20628.468,57760.000,true
before,3,positional_mixed_literals,6,17690,1204.958,2976.000,true
before,3,raw_pagination,6,20408,945.855,3520.000,true
before,3,mybatis_union_raw,6,18692,1164.166,1968.000,true
before,3,raw_naming_CAMEL_CASE,6,3436,5262.427,9360.000,true
before,3,named_mixed_literals,6,14521,1465.264,3944.000,true
before,3,mybatis_where_16,6,3881,5849.472,9792.000,true
before,3,named_dialect_MySQL,6,16073,1218.366,4216.000,true
before,3,named_where_128,6,478,47120.921,77464.000,true
before,3,named_insert_entity,6,17771,937.578,2760.000,true
before,3,mybatis_group_order,6,8483,2500.236,7088.000,true
before,3,positional_union_builder,6,8674,2362.947,5920.000,true
before,3,named_select_star,6,91857,242.266,1240.000,true
before,3,raw_naming_NO_CHANGE,6,4947,4340.449,7880.000,true
before,3,mybatis_nested,6,16151,1392.657,3584.000,true
before,3,raw_between,6,18367,1097.942,3432.000,true
before,3,named_batch_4,6,7125,2913.698,9800.000,true
before,3,raw_join_on,6,15750,1370.406,4016.000,true
before,3,named_update_map,6,12489,1659.156,4920.000,true
before,3,named_in_1024,6,173,111950.867,353296.000,true
before,3,raw_in_16,6,12417,1808.674,5680.000,true
before,3,named_insert_placeholders,6,12262,923.389,3040.000,true
before,3,positional_dialect_DB2,6,19681,1037.752,3616.000,true
before,3,mybatis_late_modifier,6,28379,736.256,2736.000,true
before,3,positional_in_16,6,25075,858.010,2736.000,true
before,3,named_group_order,6,7595,2875.550,7512.000,true
before,3,named_join_using,6,21366,950.412,3680.000,true
before,3,named_condition_only,6,4204,5009.895,10328.000,true
before,3,named_batch_64,6,606,36536.634,133056.000,true
before,3,raw_union_raw,6,19111,1161.828,1968.000,true
before,3,mybatis_batch_beans,6,2934,7644.410,22744.000,true
before,3,mybatis_subquery_raw,6,32159,624.898,2352.000,true
before,3,raw_raw_expression,7,19997,1034.695,2616.000,true
before,3,named_in_256,7,879,25092.264,90792.000,true
before,3,raw_union_raw,7,19111,1199.487,1968.000,true
before,3,raw_select_columns,7,25907,768.275,2104.000,true
before,3,raw_insert_entity,7,27596,786.045,2128.000,true
before,3,positional_in_1024,7,1578,14547.022,28584.000,true
before,3,named_in_expression,7,782,25418.670,91824.000,true
before,3,named_dialect_DB2,7,16085,1349.537,4392.000,true
before,3,positional_derived,7,6059,3492.391,7464.000,true
before,3,positional_where_128,7,665,31649.474,38992.000,true
before,3,named_delete,7,46619,463.182,2000.000,true
before,3,raw_select_entity,7,35922,556.548,1992.000,true
before,3,named_subquery_structured,7,12313,1766.807,5640.000,true
before,3,named_where_16,7,3705,5786.559,11392.000,true
before,3,named_raw_expression,7,20277,1018.316,2616.000,true
before,3,mybatis_naming_UPPER_CAMEL_CASE,7,3524,5806.669,9520.000,true
before,3,named_derived,7,4847,4450.547,9536.000,true
before,3,named_batch_64,7,606,35794.224,133056.000,true
before,3,named_batch_beans,7,2449,8642.670,26728.000,true
before,3,raw_row_in,7,18629,1146.079,3168.000,true
before,3,positional_dialect_DB2,7,19681,1041.690,3616.000,true
before,3,raw_update_chain_16,7,2638,8401.933,26256.000,true
before,3,raw_naming_NO_CHANGE,7,4947,4183.829,7880.000,true
before,3,positional_naming_SCREAMING_SNAKE_CASE,7,4743,4423.319,6712.000,true
before,3,raw_select_star,7,96641,251.552,1240.000,true
before,3,named_insert_placeholders,7,12262,971.766,3040.000,true
before,3,positional_subquery_raw,7,33475,617.718,2352.000,true
before,3,positional_in_expression,7,3836,5374.870,10904.000,true
before,3,named_naming_UPPER_CAMEL_CASE,7,3255,6243.318,11120.000,true
before,3,mybatis_naming_NO_CHANGE,7,4548,4579.244,8024.000,true
before,3,mybatis_batch_beans,7,2934,7972.563,22744.000,true
before,3,mybatis_group_order,7,8483,2635.047,7088.000,true
before,3,positional_dialect_Oracle,7,20339,1060.677,3616.000,true
before,3,positional_in_256,7,4830,4676.232,9656.000,true
before,3,named_mixed_literals,7,14521,1471.827,3944.000,true
before,3,mybatis_union_builder,7,4987,4316.844,8912.000,true
before,3,named_select_expressions,7,13647,1491.412,2512.000,true
before,3,raw_group_order,7,9480,2293.091,6256.000,true
before,3,raw_condition_only,7,4672,4524.187,8584.000,true
before,3,mybatis_join_on,7,15549,1372.358,4192.000,true
before,3,raw_late_modifier,7,28929,727.222,2560.000,true
before,3,positional_dialect_PostgreSQL,7,19065,1086.876,3432.000,true
before,3,positional_in_16,7,25075,813.751,2736.000,true
before,3,named_dialect_Microsoft_SQL_Server,7,14284,1560.354,4392.000,true
before,3,positional_batch_4,7,11241,1930.789,6032.000,true
before,3,mybatis_in_1024,7,208,97922.115,256976.000,true
before,3,raw_batch_64,7,871,23126.636,92416.000,true
before,3,mybatis_where_16,7,3881,5605.359,9792.000,true
before,3,raw_insert_placeholders,7,32095,662.589,2096.000,true
before,3,mybatis_insert_values,7,20057,1020.038,2872.000,true
before,3,mybatis_condition_only,7,4323,5066.412,8728.000,true
before,3,raw_naming_CAMEL_CASE,7,3436,5451.222,9360.000,true
before,3,named_select_star,7,91857,255.928,1240.000,true
before,3,mybatis_retry_rollback,7,5327,5388.042,7736.000,true
before,3,named_group_order,7,7595,2713.430,7512.000,true
before,3,positional_delete,7,62092,376.535,1544.000,true
before,3,mybatis_where_128,7,493,44874.848,64392.000,true
before,3,raw_nested,7,16572,1215.478,3448.000,true
before,3,mybatis_naming_KEBAB_CASE,7,3745,5799.493,9792.000,true
before,3,positional_update_map,7,20958,1114.739,3192.000,true
before,3,mybatis_join_using,7,20275,950.160,3520.000,true
before,3,raw_in_1024,7,289,71426.990,220328.000,true
before,3,named_join_using,7,21366,991.107,3680.000,true
before,3,raw_insert_values,7,22356,969.337,2544.000,true
before,3,mybatis_raw_expression,7,19955,1061.779,2616.000,true
before,3,mybatis_in_17,7,11420,1800.560,6424.000,true
before,3,positional_naming_UPPER_CAMEL_CASE,7,3787,4719.435,6424.000,true
before,3,named_naming_KEBAB_CASE,7,3625,5596.662,11392.000,true
before,3,raw_where_128,7,543,40330.387,62680.000,true
before,3,mybatis_naming_SCREAMING_SNAKE_CASE,7,3748,5622.679,9808.000,true
before,3,named_naming_SCREAMING_SNAKE_CASE,7,3521,5926.470,11408.000,true
before,3,named_where_eq,7,21366,985.645,3272.000,true
before,3,raw_retry_rollback,7,5456,2775.953,6400.000,true
before,3,positional_condition_only,7,5591,3750.706,5640.000,true
before,3,positional_raw_expression,7,20469,993.302,2616.000,true
before,3,raw_naming_UPPER_CAMEL_CASE,7,3700,5843.459,9376.000,true
before,3,named_condition_only,7,4204,4983.991,10328.000,true
before,3,positional_batch_64,7,1081,17788.529,70320.000,true
before,3,raw_where_eq,7,21453,952.226,2936.000,true
before,3,mybatis_between,7,17410,1264.233,3592.000,true
before,3,custom_handler_union,7,4503,4726.094,9368.000,true
before,3,named_dialect_PostgreSQL,7,15445,1336.918,4216.000,true
before,3,mybatis_repeated_names,7,925,22792.216,58032.000,true
before,3,named_select_columns,7,24612,842.028,2104.000,true
before,3,positional_naming_CAMEL_CASE,7,4567,4580.118,6408.000,true
before,3,mybatis_subquery_structured,7,12773,1715.196,5384.000,true
before,3,named_join_on,7,15313,1392.079,4352.000,true
before,3,named_insert_values,7,19607,1010.772,3176.000,true
before,3,mybatis_derived,7,4879,4700.963,9456.000,true
before,3,mybatis_in_256,7,1053,21070.465,66696.000,true
before,3,named_update_map,7,12489,1701.497,4920.000,true
before,3,mybatis_select_expressions,7,13690,1531.600,2512.000,true
before,3,named_union_raw,7,18991,1183.245,1968.000,true
before,3,raw_in_expression,7,1103,18492.022,57760.000,true
before,3,named_nested,7,15565,1367.208,3816.000,true
before,3,positional_select_columns,7,26880,835.532,2104.000,true
before,3,named_pagination,7,16225,1221.097,4192.000,true
before,3,named_where_128,7,478,43925.105,77464.000,true
before,3,positional_insert_placeholders,7,32247,668.447,2096.000,true
before,3,mybatis_select_star,7,89894,256.052,1240.000,true
before,3,positional_subquery_structured,7,14762,1375.478,4856.000,true
before,3,mybatis_delete,7,45712,462.699,1848.000,true
before,3,named_late_modifier,7,27563,776.040,2896.000,true
before,3,named_in_17,7,9770,2172.262,7968.000,true
before,3,named_subquery_raw,7,32676,652.497,2352.000,true
before,3,named_retry_rollback,7,3819,5769.390,8432.000,true
before,3,positional_join_using,7,24347,888.122,3224.000,true
before,3,positional_insert_values,7,27345,808.616,2232.000,true
before,3,named_in_1024,7,173,113947.977,353296.000,true
before,3,named_in_16,7,10549,2125.519,7680.000,true
before,3,raw_join_using,7,21822,913.060,3344.000,true
before,3,named_update_chain_16,7,1318,16401.745,47808.000,true
before,3,raw_batch_beans,7,3888,6029.038,16792.000,true
before,3,raw_delete,7,50712,421.750,1664.000,true
before,3,positional_union_builder,7,8674,2447.164,5920.000,true
before,3,raw_pagination,7,20408,999.873,3520.000,true
before,3,mybatis_late_modifier,7,28379,738.433,2736.000,true
before,3,named_batch_4,7,7125,3089.895,9800.000,true
before,3,positional_retry_rollback,7,5958,2715.542,6040.000,true
before,3,mybatis_in_16,7,11919,1800.243,6208.000,true
before,3,raw_join_on,7,15750,1334.768,4016.000,true
before,3,raw_between,7,18367,1175.761,3432.000,true
before,3,mybatis_where_eq,7,21796,998.715,3112.000,true
before,3,positional_select_expressions,7,13832,1560.989,2512.000,true
before,3,raw_in_256,7,1159,19253.667,56720.000,true
before,3,positional_select_star,7,77631,232.888,1240.000,true
before,3,positional_where_16,7,4812,4121.052,6696.000,true
before,3,raw_batch_4,7,9102,2331.938,7456.000,true
before,3,mybatis_nested,7,16151,1305.337,3584.000,true
before,3,positional_between,7,20692,1025.942,3104.000,true
before,3,raw_where_16,7,4006,5024.913,9648.000,true
before,3,positional_dialect_Microsoft_SQL_Server,7,17069,1271.762,3616.000,true
before,3,mybatis_subquery_raw,7,32159,653.798,2352.000,true
before,3,positional_naming_NO_CHANGE,7,6244,3319.507,4928.000,true
before,3,named_repeated_names,7,836,25060.646,70080.000,true
before,3,named_dialect_Oracle,7,15473,1424.649,4392.000,true
before,3,mybatis_update_chain_16,7,1502,14279.960,40744.000,true
before,3,named_naming_CAMEL_CASE,7,3397,5842.773,11104.000,true
before,3,positional_union_raw,7,18903,1131.704,1968.000,true
before,3,positional_pagination,7,21422,976.762,3408.000,true
before,3,raw_subquery_raw,7,33091,657.433,2352.000,true
before,3,raw_subquery_structured,7,15291,1387.378,4720.000,true
before,3,raw_union_builder,7,8329,2464.462,6120.000,true
before,3,positional_join_on,7,15079,1271.669,3896.000,true
before,3,positional_select_entity,7,36221,586.290,1992.000,true
before,3,mybatis_mixed_literals,7,14959,1375.012,3608.000,true
before,3,positional_repeated_names,7,1365,15201.538,35520.000,true
before,3,raw_mixed_literals,7,14303,1492.540,3368.000,true
before,3,mybatis_pagination,7,17782,1145.765,3928.000,true
before,3,named_union_builder,7,4998,4187.315,8912.000,true
before,3,positional_update_chain_16,7,3574,6450.588,23168.000,true
before,3,raw_derived,7,5791,3659.990,7632.000,true
before,3,mybatis_in_expression,7,937,21762.220,67800.000,true
before,3,raw_in_17,7,11766,1753.153,5896.000,true
before,3,mybatis_select_columns,7,25654,768.777,2104.000,true
before,3,mybatis_union_raw,7,18692,1176.632,1968.000,true
before,3,positional_where_eq,7,23952,874.979,2816.000,true
before,3,mybatis_batch_64,7,593,35029.174,117040.000,true
before,3,raw_in_16,7,12417,1652.613,5680.000,true
before,3,named_between,7,16567,1229.058,3848.000,true
before,3,named_dialect_MySQL,7,16073,1322.336,4216.000,true
before,3,positional_dialect_MySQL,7,20469,1067.976,3432.000,true
before,3,raw_naming_SCREAMING_SNAKE_CASE,7,3929,5098.422,9664.000,true
before,3,raw_repeated_names,7,964,22600.622,59056.000,true
before,3,mybatis_row_in,7,17030,1261.016,3736.000,true
before,3,mybatis_insert_placeholders,7,21938,985.947,2736.000,true
before,3,mybatis_select_entity,7,34687,587.327,1992.000,true
before,3,mybatis_naming_CAMEL_CASE,7,3376,5539.277,9504.000,true
before,3,positional_batch_beans,7,4254,4034.203,11128.000,true
before,3,raw_update_map,7,16565,1207.932,3712.000,true
before,3,positional_late_modifier,7,33102,625.717,2440.000,true
before,3,positional_in_17,7,24009,857.608,2752.000,true
before,3,named_row_in,7,16068,1341.268,4144.000,true
before,3,raw_naming_KEBAB_CASE,7,3896,5448.332,9648.000,true
before,3,named_select_entity,7,36636,599.107,1992.000,true
before,3,named_insert_entity,7,17771,869.597,2760.000,true
before,3,positional_nested,7,18375,1188.871,3120.000,true
before,3,mybatis_batch_4,7,7673,2845.093,8848.000,true
before,3,positional_insert_entity,7,35352,626.850,1816.000,true
before,3,positional_naming_KEBAB_CASE,7,4724,4383.785,6696.000,true
before,3,raw_select_expressions,7,13724,1466.482,2512.000,true
before,3,positional_group_order,7,9954,2141.481,6160.000,true
before,3,positional_mixed_literals,7,17690,1222.024,2976.000,true
before,3,named_naming_NO_CHANGE,7,4346,4535.550,9624.000,true
before,3,custom_handler_where,7,3544,5714.503,11424.000,true
before,3,mybatis_update_map,7,13456,1613.072,4368.000,true
before,3,mybatis_insert_entity,7,23343,860.892,2456.000,true
before,3,positional_row_in,7,23401,930.165,2752.000,true
before,3,raw_subquery_structured,8,15291,1384.370,4720.000,true
before,3,mybatis_condition_only,8,4323,4793.338,8728.000,true
before,3,named_join_on,8,15313,1392.581,4352.000,true
before,3,mybatis_row_in,8,17030,1257.005,3736.000,true
before,3,named_pagination,8,16225,1270.071,4192.000,true
before,3,named_mixed_literals,8,14521,1469.919,3944.000,true
before,3,named_dialect_PostgreSQL,8,15445,1350.113,4216.000,true
before,3,named_raw_expression,8,20277,1003.916,2616.000,true
before,3,named_dialect_MySQL,8,16073,1293.617,4216.000,true
before,3,raw_where_eq,8,21453,930.317,2936.000,true
before,3,positional_where_16,8,4812,4267.373,6696.000,true
before,3,named_batch_beans,8,2449,8114.904,26728.000,true
before,3,positional_in_16,8,25075,812.877,2736.000,true
before,3,raw_retry_rollback,8,5456,2835.374,6400.000,true
before,3,mybatis_in_1024,8,208,90262.019,256976.000,true
before,3,positional_in_256,8,4830,4442.547,9656.000,true
before,3,positional_in_1024,8,1578,13476.806,28584.000,true
before,3,named_subquery_structured,8,12313,1700.552,5640.000,true
before,3,raw_where_128,8,543,39914.365,62680.000,true
before,3,mybatis_update_chain_16,8,1502,13809.787,40744.000,true
before,3,mybatis_union_raw,8,18692,1098.711,1968.000,true
before,3,positional_dialect_PostgreSQL,8,19065,1032.856,3432.000,true
before,3,named_in_16,8,10549,1984.188,7680.000,true
before,3,named_between,8,16567,1266.017,3848.000,true
before,3,mybatis_in_256,8,1053,20321.842,66696.000,true
before,3,mybatis_nested,8,16151,1234.493,3584.000,true
before,3,positional_where_eq,8,23952,909.999,2816.000,true
before,3,raw_naming_SCREAMING_SNAKE_CASE,8,3929,5360.092,9664.000,true
before,3,raw_mixed_literals,8,14303,1429.197,3368.000,true
before,3,named_in_expression,8,782,25769.437,91824.000,true
before,3,mybatis_naming_SCREAMING_SNAKE_CASE,8,3748,5819.023,9808.000,true
before,3,mybatis_join_on,8,15549,1387.652,4192.000,true
before,3,positional_dialect_Microsoft_SQL_Server,8,17069,1139.463,3616.000,true
before,3,mybatis_select_columns,8,25654,815.039,2104.000,true
before,3,raw_update_chain_16,8,2638,8176.839,26256.000,true
before,3,positional_dialect_MySQL,8,20469,1002.726,3432.000,true
before,3,raw_insert_entity,8,27596,782.737,2128.000,true
before,3,positional_insert_placeholders,8,32247,656.263,2096.000,true
before,3,positional_union_builder,8,8674,2626.285,5920.000,true
before,3,positional_naming_KEBAB_CASE,8,4724,4263.273,6696.000,true
before,3,named_in_17,8,9770,2180.123,7968.000,true
before,3,raw_batch_64,8,871,22962.342,92416.000,true
before,3,named_in_1024,8,173,126329.480,353296.000,true
before,3,mybatis_insert_placeholders,8,21938,1015.453,2736.000,true
before,3,named_dialect_Oracle,8,15473,1322.465,4392.000,true
before,3,positional_dialect_Oracle,8,20339,1043.871,3616.000,true
before,3,raw_batch_beans,8,3888,6121.065,16792.000,true
before,3,named_repeated_names,8,836,24069.856,70080.000,true
before,3,named_where_128,8,478,45718.201,77464.000,true
before,3,positional_select_expressions,8,13832,1564.401,2512.000,true
before,3,raw_in_17,8,11766,1815.273,5896.000,true
before,3,mybatis_in_expression,8,937,22729.669,67800.000,true
before,3,custom_handler_union,8,4503,5062.714,9368.000,true
before,3,mybatis_group_order,8,8483,2403.784,7088.000,true
before,3,raw_nested,8,16572,1323.709,3448.000,true
before,3,mybatis_in_17,8,11420,1880.219,6424.000,true
before,3,positional_repeated_names,8,1365,15463.443,35520.000,true
before,3,named_dialect_Microsoft_SQL_Server,8,14284,1436.355,4392.000,true
before,3,mybatis_naming_NO_CHANGE,8,4548,4661.236,8024.000,true
before,3,mybatis_naming_CAMEL_CASE,8,3376,5663.122,9504.000,true
before,3,raw_update_map,8,16565,1263.350,3712.000,true
before,3,raw_delete,8,50712,422.433,1664.000,true
before,3,mybatis_select_star,8,89894,241.678,1240.000,true
before,3,named_row_in,8,16068,1298.874,4144.000,true
before,3,positional_update_map,8,20958,994.470,3192.000,true
before,3,positional_update_chain_16,8,3574,6708.758,23168.000,true
before,3,raw_in_16,8,12417,1777.917,5680.000,true
before,3,positional_pagination,8,21422,997.577,3408.000,true
before,3,mybatis_retry_rollback,8,5327,4156.223,7736.000,true
before,3,positional_batch_beans,8,4254,3661.918,11128.000,true
before,3,named_select_expressions,8,13647,1560.196,2512.000,true
before,3,raw_naming_KEBAB_CASE,8,3896,5292.223,9648.000,true
before,3,positional_join_using,8,24347,895.544,3224.000,true
before,3,raw_select_star,8,96641,248.919,1240.000,true
before,3,positional_where_128,8,665,31900.000,38992.000,true
before,3,raw_in_256,8,1159,19174.720,56720.000,true
before,3,mybatis_where_128,8,493,40899.797,64392.000,true
before,3,named_join_using,8,21366,975.260,3680.000,true
before,3,raw_in_1024,8,289,75979.239,220328.000,true
before,3,positional_late_modifier,8,33102,628.415,2440.000,true
before,3,raw_raw_expression,8,19997,1052.398,2616.000,true
before,3,raw_naming_CAMEL_CASE,8,3436,5272.119,9360.000,true
before,3,named_where_eq,8,21366,1010.933,3272.000,true
before,3,raw_pagination,8,20408,1008.026,3520.000,true
before,3,positional_join_on,8,15079,1287.207,3896.000,true
before,3,named_naming_CAMEL_CASE,8,3397,6002.944,11104.000,true
before,3,positional_retry_rollback,8,5958,3030.128,6040.000,true
before,3,named_dialect_DB2,8,16085,1335.312,4392.000,true
before,3,named_nested,8,15565,1275.593,3816.000,true
before,3,positional_naming_UPPER_CAMEL_CASE,8,3787,4798.495,6424.000,true
before,3,mybatis_select_entity,8,34687,549.347,1992.000,true
before,3,mybatis_subquery_structured,8,12773,1641.384,5384.000,true
before,3,mybatis_insert_entity,8,23343,917.084,2456.000,true
before,3,raw_late_modifier,8,28929,714.259,2560.000,true
before,3,positional_naming_NO_CHANGE,8,6244,3249.584,4928.000,true
before,3,raw_insert_placeholders,8,32095,691.214,2096.000,true
before,3,raw_naming_UPPER_CAMEL_CASE,8,3700,5964.216,9376.000,true
before,3,positional_naming_CAMEL_CASE,8,4567,4571.513,6408.000,true
before,3,named_where_16,8,3705,5797.436,11392.000,true
before,3,mybatis_batch_beans,8,2934,7988.548,22744.000,true
before,3,mybatis_join_using,8,20275,965.480,3520.000,true
before,3,mybatis_repeated_names,8,925,23954.703,58032.000,true
before,3,mybatis_batch_64,8,593,34007.251,117040.000,true
before,3,raw_select_expressions,8,13724,1510.485,2512.000,true
before,3,positional_group_order,8,9954,2169.419,6160.000,true
before,3,named_union_builder,8,4998,4310.084,8912.000,true
before,3,positional_between,8,20692,1042.446,3104.000,true
before,3,mybatis_delete,8,45712,447.983,1848.000,true
before,3,named_delete,8,46619,491.673,2000.000,true
before,3,mybatis_raw_expression,8,19955,962.821,2616.000,true
before,3,named_select_entity,8,36636,597.688,1992.000,true
before,3,named_late_modifier,8,27563,755.045,2896.000,true
before,3,positional_dialect_DB2,8,19681,1045.785,3616.000,true
before,3,positional_nested,8,18375,1170.291,3120.000,true
before,3,raw_between,8,18367,1117.570,3432.000,true
before,3,named_select_star,8,91857,248.898,1240.000,true
before,3,positional_in_17,8,24009,844.916,2752.000,true
before,3,named_group_order,8,7595,2668.571,7512.000,true
before,3,named_naming_UPPER_CAMEL_CASE,8,3255,5887.343,11120.000,true
before,3,positional_batch_64,8,1081,17698.057,70320.000,true
before,3,raw_condition_only,8,4672,4635.638,8584.000,true
before,3,positional_select_entity,8,36221,587.190,1992.000,true
before,3,positional_select_star,8,77631,226.004,1240.000,true
before,3,positional_subquery_raw,8,33475,651.671,2352.000,true
before,3,named_subquery_raw,8,32676,675.542,2352.000,true
before,3,mybatis_update_map,8,13456,1574.168,4368.000,true
before,3,positional_insert_values,8,27345,761.002,2232.000,true
before,3,mybatis_in_16,8,11919,1848.226,6208.000,true
before,3,positional_subquery_structured,8,14762,1493.226,4856.000,true
before,3,positional_batch_4,8,11241,1934.125,6032.000,true
before,3,named_insert_placeholders,8,12262,997.765,3040.000,true
before,3,named_insert_entity,8,17771,888.718,2760.000,true
before,3,positional_union_raw,8,18903,1145.559,1968.000,true
before,3,named_derived,8,4847,4274.541,9536.000,true
before,3,raw_select_columns,8,25907,830.957,2104.000,true
before,3,named_union_raw,8,18991,1163.467,1968.000,true
before,3,mybatis_naming_KEBAB_CASE,8,3745,5570.441,9792.000,true
before,3,mybatis_subquery_raw,8,32159,653.777,2352.000,true
before,3,named_retry_rollback,8,3819,3497.539,8432.000,true
before,3,named_select_columns,8,24612,831.993,2104.000,true
before,3,named_batch_64,8,606,36849.505,133056.000,true
before,3,raw_derived,8,5791,3721.205,7632.000,true
before,3,raw_group_order,8,9480,2115.812,6256.000,true
before,3,raw_union_raw,8,19111,1151.981,1968.000,true
before,3,named_in_256,8,879,24108.191,90792.000,true
before,3,named_update_map,8,12489,1647.314,4920.000,true
before,3,raw_subquery_raw,8,33091,615.352,2352.000,true
before,3,raw_where_16,8,4006,5137.619,9648.000,true
before,3,named_update_chain_16,8,1318,16556.297,47808.000,true
before,3,custom_handler_where,8,3544,5611.315,11424.000,true
before,3,mybatis_insert_values,8,20057,1095.254,2872.000,true
before,3,positional_select_columns,8,26880,834.725,2104.000,true
before,3,raw_union_builder,8,8329,2482.699,6120.000,true
before,3,raw_join_using,8,21822,907.227,3344.000,true
before,3,mybatis_naming_UPPER_CAMEL_CASE,8,3524,5947.418,9520.000,true
before,3,positional_in_expression,8,3836,5133.551,10904.000,true
before,3,raw_row_in,8,18629,1149.074,3168.000,true
before,3,positional_condition_only,8,5591,3835.557,5640.000,true
before,3,positional_mixed_literals,8,17690,1163.036,2976.000,true
before,3,mybatis_batch_4,8,7673,2808.576,8848.000,true
before,3,raw_batch_4,8,9102,2274.478,7456.000,true
before,3,named_naming_SCREAMING_SNAKE_CASE,8,3521,6078.500,11408.000,true
before,3,named_naming_NO_CHANGE,8,4346,4588.127,9624.000,true
before,3,positional_row_in,8,23401,938.515,2752.000,true
before,3,positional_delete,8,62092,355.063,1544.000,true
before,3,mybatis_pagination,8,17782,1156.782,3928.000,true
before,3,mybatis_select_expressions,8,13690,1515.844,2512.000,true
before,3,mybatis_between,8,17410,1250.643,3592.000,true
before,3,raw_select_entity,8,35922,572.688,1992.000,true
before,3,positional_raw_expression,8,20469,1075.612,2616.000,true
before,3,mybatis_derived,8,4879,4333.449,9456.000,true
before,3,raw_naming_NO_CHANGE,8,4947,4274.793,7880.000,true
before,3,raw_in_expression,8,1103,19569.266,57760.000,true
before,3,positional_derived,8,6059,3575.541,7464.000,true
before,3,mybatis_mixed_literals,8,14959,1441.801,3608.000,true
before,3,mybatis_where_16,8,3881,5456.815,9792.000,true
before,3,raw_insert_values,8,22356,966.725,2544.000,true
before,3,named_insert_values,8,19607,1099.623,3176.000,true
before,3,mybatis_late_modifier,8,28379,770.876,2736.000,true
before,3,named_naming_KEBAB_CASE,8,3625,5809.931,11392.000,true
before,3,raw_repeated_names,8,964,22202.593,59056.000,true
before,3,named_batch_4,8,7125,2880.295,9800.000,true
before,3,positional_insert_entity,8,35352,653.168,1816.000,true
before,3,mybatis_where_eq,8,21796,1010.685,3112.000,true
before,3,named_condition_only,8,4204,5065.057,10328.000,true
before,3,positional_naming_SCREAMING_SNAKE_CASE,8,4743,4814.780,6712.000,true
before,3,raw_join_on,8,15750,1356.502,4016.000,true
before,3,mybatis_union_builder,8,4987,4229.557,8912.000,true
before,3,raw_naming_CAMEL_CASE,9,3436,5305.617,9360.000,true
before,3,mybatis_in_1024,9,208,98800.481,256976.000,true
before,3,named_delete,9,46619,443.075,2000.000,true
before,3,positional_group_order,9,9954,2141.310,6160.000,true
before,3,named_select_star,9,91857,261.889,1240.000,true
before,3,mybatis_union_raw,9,18692,1128.820,1968.000,true
before,3,named_in_256,9,879,25995.108,90792.000,true
before,3,mybatis_retry_rollback,9,5327,4946.461,7736.000,true
before,3,named_nested,9,15565,1254.488,3816.000,true
before,3,positional_naming_UPPER_CAMEL_CASE,9,3787,4926.644,6424.000,true
before,3,mybatis_batch_beans,9,2934,8640.423,22744.000,true
before,3,raw_retry_rollback,9,5456,3557.936,6400.000,true
before,3,raw_nested,9,16572,1294.804,3448.000,true
before,3,mybatis_mixed_literals,9,14959,1367.277,3608.000,true
before,3,raw_where_eq,9,21453,965.394,2936.000,true
before,3,mybatis_union_builder,9,4987,4237.217,8912.000,true
before,3,raw_in_1024,9,289,76801.038,220328.000,true
before,3,custom_handler_where,9,3544,5702.257,11424.000,true
before,3,positional_batch_64,9,1081,18964.107,70320.000,true
before,3,mybatis_nested,9,16151,1310.148,3584.000,true
before,3,raw_insert_values,9,22356,917.320,2544.000,true
before,3,mybatis_between,9,17410,1168.570,3592.000,true
before,3,mybatis_insert_values,9,20057,1094.321,2872.000,true
before,3,positional_join_on,9,15079,1271.895,3896.000,true
before,3,mybatis_naming_CAMEL_CASE,9,3376,5894.372,9504.000,true
before,3,named_pagination,9,16225,1268.043,4192.000,true
before,3,positional_in_17,9,24009,830.626,2752.000,true
before,3,raw_update_chain_16,9,2638,8510.235,26256.000,true
before,3,positional_derived,9,6059,3367.866,7464.000,true
before,3,positional_naming_NO_CHANGE,9,6244,3511.675,4928.000,true
before,3,mybatis_naming_SCREAMING_SNAKE_CASE,9,3748,5583.618,9808.000,true
before,3,named_derived,9,4847,4538.684,9536.000,true
before,3,positional_subquery_raw,9,33475,632.771,2352.000,true
before,3,positional_select_star,9,77631,245.920,1240.000,true
before,3,raw_where_128,9,543,37479.374,62680.000,true
before,3,raw_update_map,9,16565,1316.028,3712.000,true
before,3,mybatis_select_star,9,89894,261.722,1240.000,true
before,3,mybatis_select_entity,9,34687,560.363,1992.000,true
before,3,named_between,9,16567,1175.862,3848.000,true
before,3,named_where_16,9,3705,5935.951,11392.000,true
before,3,positional_naming_KEBAB_CASE,9,4724,4428.493,6696.000,true
before,3,raw_batch_beans,9,3888,6983.385,16792.000,true
before,3,positional_select_entity,9,36221,585.547,1992.000,true
before,3,raw_between,9,18367,1108.548,3432.000,true
before,3,raw_insert_entity,9,27596,787.687,2128.000,true
before,3,named_naming_CAMEL_CASE,9,3397,5817.515,11104.000,true
before,3,positional_in_1024,9,1578,13857.921,28584.000,true
before,3,raw_batch_4,9,9102,2214.821,7456.000,true
before,3,named_row_in,9,16068,1202.153,4144.000,true
before,3,named_update_chain_16,9,1318,15712.140,47808.000,true
before,3,mybatis_insert_placeholders,9,21938,998.136,2736.000,true
before,3,named_subquery_structured,9,12313,1745.285,5640.000,true
before,3,mybatis_batch_4,9,7673,2891.933,8848.000,true
before,3,positional_naming_CAMEL_CASE,9,4567,4561.134,6408.000,true
before,3,mybatis_naming_KEBAB_CASE,9,3745,5848.304,9792.000,true
before,3,raw_group_order,9,9480,2199.620,6256.000,true
before,3,named_select_entity,9,36636,571.591,1992.000,true
before,3,mybatis_update_map,9,13456,1597.332,4368.000,true
before,3,positional_where_eq,9,23952,890.464,2816.000,true
before,3,positional_repeated_names,9,1365,14565.861,35520.000,true
before,3,named_repeated_names,9,836,24982.177,70080.000,true
before,3,positional_late_modifier,9,33102,671.688,2440.000,true
before,3,positional_batch_4,9,11241,1932.542,6032.000,true
before,3,raw_naming_NO_CHANGE,9,4947,4555.165,7880.000,true
before,3,raw_condition_only,9,4672,4497.282,8584.000,true
before,3,raw_where_16,9,4006,5338.243,9648.000,true
before,3,raw_naming_SCREAMING_SNAKE_CASE,9,3929,5373.148,9664.000,true
before,3,raw_raw_expression,9,19997,1068.390,2616.000,true
before,3,named_union_raw,9,18991,1085.093,1968.000,true
before,3,named_select_expressions,9,13647,1552.539,2512.000,true
before,3,positional_row_in,9,23401,902.248,2752.000,true
before,3,raw_in_17,9,11766,1722.140,5896.000,true
before,3,positional_delete,9,62092,370.041,1544.000,true
before,3,mybatis_in_256,9,1053,20365.147,66696.000,true
before,3,positional_insert_placeholders,9,32247,668.785,2096.000,true
before,3,named_dialect_Oracle,9,15473,1384.056,4392.000,true
before,3,positional_insert_values,9,27345,792.617,2232.000,true
before,3,positional_dialect_Oracle,9,20339,1108.791,3616.000,true
before,3,named_naming_UPPER_CAMEL_CASE,9,3255,6144.178,11120.000,true
before,3,named_insert_values,9,19607,1088.968,3176.000,true
before,3,named_dialect_PostgreSQL,9,15445,1367.977,4216.000,true
before,3,raw_union_raw,9,19111,1109.911,1968.000,true
before,3,named_batch_4,9,7125,2944.618,9800.000,true
before,3,raw_join_using,9,21822,922.853,3344.000,true
before,3,raw_subquery_raw,9,33091,650.651,2352.000,true
before,3,positional_nested,9,18375,1147.124,3120.000,true
before,3,named_dialect_DB2,9,16085,1422.990,4392.000,true
before,3,mybatis_update_chain_16,9,1502,14053.595,40744.000,true
before,3,positional_insert_entity,9,35352,591.952,1816.000,true
before,3,positional_where_16,9,4812,4494.950,6696.000,true
before,3,named_raw_expression,9,20277,1070.548,2616.000,true
before,3,raw_repeated_names,9,964,21520.851,59056.000,true
before,3,raw_in_256,9,1159,19087.662,56720.000,true
before,3,named_batch_64,9,606,35566.667,133056.000,true
before,3,mybatis_subquery_structured,9,12773,1659.587,5384.000,true
before,3,raw_mixed_literals,9,14303,1476.788,3368.000,true
before,3,positional_raw_expression,9,20469,979.677,2616.000,true
before,3,mybatis_row_in,9,17030,1221.850,3736.000,true
before,3,named_group_order,9,7595,2873.272,7512.000,true
before,3,named_naming_SCREAMING_SNAKE_CASE,9,3521,5645.442,11408.000,true
before,3,mybatis_join_using,9,20275,972.069,3520.000,true
before,3,named_dialect_MySQL,9,16073,1319.063,4216.000,true
before,3,positional_subquery_structured,9,14762,1378.018,4856.000,true
before,3,raw_join_on,9,15750,1355.016,4016.000,true
before,3,positional_condition_only,9,5591,3506.189,5640.000,true
before,3,mybatis_group_order,9,8483,2562.207,7088.000,true
before,3,raw_derived,9,5791,3755.759,7632.000,true
before,3,positional_select_columns,9,26880,771.544,2104.000,true
before,3,mybatis_where_eq,9,21796,996.054,3112.000,true
before,3,mybatis_naming_NO_CHANGE,9,4548,4757.630,8024.000,true
before,3,mybatis_delete,9,45712,421.699,1848.000,true
before,3,named_select_columns,9,24612,789.448,2104.000,true
before,3,named_in_16,9,10549,1980.282,7680.000,true
before,3,named_retry_rollback,9,3819,4785.467,8432.000,true
before,3,raw_row_in,9,18629,1142.568,3168.000,true
before,3,custom_handler_union,9,4503,4556.607,9368.000,true
before,3,named_update_map,9,12489,1652.919,4920.000,true
before,3,positional_dialect_PostgreSQL,9,19065,1092.169,3432.000,true
before,3,mybatis_where_16,9,3881,5224.143,9792.000,true
before,3,positional_naming_SCREAMING_SNAKE_CASE,9,4743,4527.346,6712.000,true
before,3,named_insert_placeholders,9,12262,919.679,3040.000,true
before,3,named_where_eq,9,21366,981.087,3272.000,true
before,3,named_in_17,9,9770,2065.977,7968.000,true
before,3,named_in_expression,9,782,25784.655,91824.000,true
before,3,mybatis_subquery_raw,9,32159,618.937,2352.000,true
before,3,mybatis_insert_entity,9,23343,870.775,2456.000,true
before,3,positional_dialect_MySQL,9,20469,954.829,3432.000,true
before,3,named_join_on,9,15313,1445.641,4352.000,true
before,3,mybatis_select_expressions,9,13690,1579.058,2512.000,true
before,3,named_mixed_literals,9,14521,1432.422,3944.000,true
before,3,mybatis_pagination,9,17782,1128.821,3928.000,true
before,3,mybatis_repeated_names,9,925,24199.027,58032.000,true
before,3,mybatis_raw_expression,9,19955,1050.118,2616.000,true
before,3,named_in_1024,9,173,122266.474,353296.000,true
before,3,positional_dialect_Microsoft_SQL_Server,9,17069,1244.414,3616.000,true
before,3,named_condition_only,9,4204,5312.940,10328.000,true
before,3,positional_union_raw,9,18903,1085.082,1968.000,true
before,3,raw_union_builder,9,8329,2479.121,6120.000,true
before,3,mybatis_where_128,9,493,41872.414,64392.000,true
before,3,named_insert_entity,9,17771,914.355,2760.000,true
before,3,positional_in_16,9,25075,848.530,2736.000,true
before,3,named_late_modifier,9,27563,754.493,2896.000,true
before,3,positional_update_chain_16,9,3574,6420.090,23168.000,true
before,3,raw_subquery_structured,9,15291,1424.112,4720.000,true
before,3,raw_delete,9,50712,405.748,1664.000,true
before,3,mybatis_condition_only,9,4323,4764.539,8728.000,true
before,3,named_dialect_Microsoft_SQL_Server,9,14284,1564.541,4392.000,true
before,3,mybatis_join_on,9,15549,1394.205,4192.000,true
before,3,mybatis_select_columns,9,25654,821.825,2104.000,true
before,3,positional_pagination,9,21422,972.117,3408.000,true
before,3,mybatis_in_expression,9,937,20463.074,67800.000,true
before,3,mybatis_naming_UPPER_CAMEL_CASE,9,3524,5907.463,9520.000,true
before,3,positional_between,9,20692,1055.833,3104.000,true
before,3,positional_in_256,9,4830,4949.627,9656.000,true
before,3,raw_select_star,9,96641,265.712,1240.000,true
before,3,positional_where_128,9,665,32626.316,38992.000,true
before,3,mybatis_batch_64,9,593,33280.776,117040.000,true
before,3,positional_retry_rollback,9,5958,2584.021,6040.000,true
before,3,positional_in_expression,9,3836,5430.813,10904.000,true
before,3,raw_select_entity,9,35922,578.147,1992.000,true
before,3,raw_pagination,9,20408,985.182,3520.000,true
before,3,raw_select_expressions,9,13724,1484.917,2512.000,true
before,3,mybatis_late_modifier,9,28379,738.765,2736.000,true
before,3,named_subquery_raw,9,32676,658.746,2352.000,true
before,3,mybatis_in_17,9,11420,1796.016,6424.000,true
before,3,positional_dialect_DB2,9,19681,1084.945,3616.000,true
before,3,positional_select_expressions,9,13832,1569.440,2512.000,true
before,3,named_naming_NO_CHANGE,9,4346,4546.065,9624.000,true
before,3,named_join_using,9,21366,986.202,3680.000,true
before,3,raw_insert_placeholders,9,32095,638.059,2096.000,true
before,3,positional_update_map,9,20958,1058.474,3192.000,true
before,3,raw_in_16,9,12417,1739.365,5680.000,true
before,3,positional_batch_beans,9,4254,4052.492,11128.000,true
before,3,raw_select_columns,9,25907,799.799,2104.000,true
before,3,named_where_128,9,478,44603.766,77464.000,true
before,3,positional_union_builder,9,8674,2453.355,5920.000,true
before,3,raw_naming_UPPER_CAMEL_CASE,9,3700,6018.216,9376.000,true
before,3,raw_batch_64,9,871,22769.690,92416.000,true
before,3,named_naming_KEBAB_CASE,9,3625,5823.641,11392.000,true
before,3,raw_late_modifier,9,28929,736.047,2560.000,true
before,3,raw_naming_KEBAB_CASE,9,3896,5642.402,9648.000,true
before,3,mybatis_derived,9,4879,4175.384,9456.000,true
before,3,mybatis_in_16,9,11919,1849.392,6208.000,true
before,3,named_batch_beans,9,2449,7915.680,26728.000,true
before,3,named_union_builder,9,4998,4134.994,8912.000,true
before,3,raw_in_expression,9,1103,19810.698,57760.000,true
before,3,positional_join_using,9,24347,845.878,3224.000,true
before,3,positional_mixed_literals,9,17690,1201.306,2976.000,true
