version,fork,case,round,operations,ns_per_op,bytes_per_op,equivalent
before,2,named_in_1024,1,175,109809.143,353296.000,true
before,2,positional_select_columns,1,25949,793.738,2104.000,true
before,2,mybatis_naming_UPPER_CAMEL_CASE,1,3601,5663.344,9520.000,true
before,2,positional_batch_beans,1,4022,5440.353,11200.000,true
before,2,named_derived,1,4872,4388.054,9536.000,true
before,2,named_delete,1,38592,485.502,2000.000,true
before,2,mybatis_naming_CAMEL_CASE,1,3776,5675.768,9504.000,true
before,2,mybatis_between,1,17404,1242.054,3592.000,true
before,2,raw_mixed_literals,1,14946,1431.995,3368.000,true
before,2,positional_select_entity,1,37717,602.561,1992.000,true
before,2,named_nested,1,15951,1323.315,3816.000,true
before,2,mybatis_select_columns,1,25518,789.858,2104.000,true
before,2,named_dialect_DB2,1,16301,1313.987,4392.000,true
before,2,positional_late_modifier,1,33278,652.025,2440.000,true
before,2,positional_naming_SCREAMING_SNAKE_CASE,1,4532,4018.866,6712.000,true
before,2,raw_union_builder,1,8297,2640.014,6192.000,true
before,2,named_join_using,1,21402,1016.536,3680.000,true
before,2,mybatis_in_16,1,11794,1716.356,6208.000,true
before,2,mybatis_row_in,1,17096,1268.507,3736.000,true
before,2,mybatis_union_builder,1,5104,4339.929,8984.000,true
before,2,mybatis_where_eq,1,20241,968.603,3112.000,true
before,2,positional_pagination,1,17485,897.941,3408.000,true
before,2,mybatis_select_star,1,81186,233.812,1240.000,true
before,2,positional_nested,1,17741,1136.323,3120.000,true
before,2,mybatis_where_16,1,3952,5368.016,9792.000,true
before,2,named_naming_CAMEL_CASE,1,3571,5935.256,11104.000,true
before,2,named_naming_KEBAB_CASE,1,3587,5948.536,11392.000,true
before,2,positional_dialect_Oracle,1,21371,1001.624,3616.000,true
before,2,mybatis_in_256,1,1065,20840.188,66696.000,true
before,2,named_subquery_structured,1,12355,1653.412,5640.000,true
before,2,positional_where_16,1,5207,3924.870,6696.000,true
before,2,mybatis_pagination,1,17572,1152.145,3928.000,true
before,2,positional_dialect_MySQL,1,21761,981.710,3432.000,true
before,2,raw_update_map,1,16070,1273.815,3712.000,true
before,2,named_dialect_PostgreSQL,1,15453,1338.439,4216.000,true
before,2,mybatis_subquery_raw,1,32524,801.630,2352.000,true
before,2,positional_in_16,1,25787,845.728,2736.000,true
before,2,raw_batch_4,1,9409,2278.893,7456.000,true
before,2,positional_in_17,1,24599,851.067,2752.000,true
before,2,raw_batch_64,1,931,23566.380,92416.000,true
before,2,named_naming_SCREAMING_SNAKE_CASE,1,3707,5947.154,11408.000,true
before,2,mybatis_union_raw,1,19174,1062.600,1968.000,true
before,2,mybatis_update_map,1,13670,1550.841,4368.000,true
before,2,positional_insert_values,1,26490,848.290,2232.000,true
before,2,raw_between,1,18291,1183.773,3432.000,true
before,2,named_between,1,16560,1141.636,3848.000,true
before,2,named_union_builder,1,4818,4493.587,8984.000,true
before,2,custom_handler_where,1,3841,5866.545,11424.000,true
before,2,positional_row_in,1,20095,832.416,2752.000,true
before,2,raw_row_in,1,18939,1129.732,3168.000,true
before,2,positional_naming_KEBAB_CASE,1,4890,4125.072,6696.000,true
before,2,named_dialect_Oracle,1,16649,1350.940,4392.000,true
before,2,positional_update_chain_16,1,3511,6089.348,23168.000,true
before,2,raw_subquery_structured,1,15477,1371.332,4720.000,true
before,2,positional_dialect_DB2,1,19073,1038.132,3616.000,true
before,2,mybatis_raw_expression,1,19790,1097.317,2616.000,true
before,2,positional_mixed_literals,1,18781,1113.737,2976.000,true
before,2,positional_batch_64,1,1237,17756.912,70320.000,true
before,2,mybatis_insert_placeholders,1,22640,940.159,2736.000,true
before,2,named_in_16,1,9745,1997.568,7680.000,true
before,2,positional_insert_entity,1,37890,614.086,1816.000,true
before,2,raw_where_128,1,557,40463.016,62680.000,true
before,2,mybatis_in_1024,1,239,95972.385,256976.000,true
before,2,raw_in_16,1,13065,1530.478,5680.000,true
before,2,named_union_raw,1,19438,1168.598,1968.000,true
before,2,mybatis_nested,1,16260,1269.336,3584.000,true
before,2,mybatis_in_17,1,10568,1889.506,6424.000,true
before,2,mybatis_insert_entity,1,22555,837.606,2456.000,true
before,2,positional_union_raw,1,20032,1148.812,1968.000,true
before,2,mybatis_join_on,1,14632,1436.796,4192.000,true
before,2,named_in_256,1,859,23393.364,90792.000,true
before,2,named_in_17,1,9671,2154.069,7968.000,true
before,2,raw_select_star,1,84456,225.703,1240.000,true
before,2,mybatis_derived,1,4848,4148.432,9456.000,true
before,2,raw_naming_SCREAMING_SNAKE_CASE,1,4104,5191.179,9664.000,true
before,2,named_dialect_MySQL,1,16829,1344.310,4216.000,true
before,2,raw_delete,1,54205,411.209,1664.000,true
before,2,raw_retry_rollback,1,5921,3615.555,6400.000,true
before,2,mybatis_repeated_names,1,885,22984.633,58032.000,true
before,2,raw_derived,1,5767,3600.104,7632.000,true
before,2,mybatis_naming_SCREAMING_SNAKE_CASE,1,3923,5245.960,9808.000,true
before,2,mybatis_delete,1,48534,440.547,1848.000,true
before,2,named_group_order,1,7414,2911.829,7512.000,true
before,2,mybatis_condition_only,1,4403,5050.874,8728.000,true
before,2,positional_derived,1,6155,3388.741,7464.000,true
before,2,named_insert_values,1,17971,1173.212,3176.000,true
before,2,positional_subquery_structured,1,14285,1417.039,4856.000,true
before,2,mybatis_update_chain_16,1,1519,13376.827,40744.000,true
before,2,positional_where_128,1,697,29990.818,38992.000,true
before,2,named_naming_NO_CHANGE,1,4636,4343.205,9624.000,true
before,2,named_subquery_raw,1,32626,618.019,2352.000,true
before,2,raw_naming_KEBAB_CASE,1,4136,5300.145,9648.000,true
before,2,raw_select_columns,1,24850,794.374,2104.000,true
before,2,mybatis_join_using,1,20425,958.424,3520.000,true
before,2,raw_join_using,1,20709,881.525,3344.000,true
before,2,named_naming_UPPER_CAMEL_CASE,1,3516,6115.842,11120.000,true
before,2,positional_select_expressions,1,13932,1524.605,2512.000,true
before,2,raw_insert_entity,1,25130,894.974,2128.000,true
before,2,positional_raw_expression,1,19195,1059.062,2616.000,true
before,2,raw_union_raw,1,19624,1100.734,1968.000,true
before,2,mybatis_group_order,1,8103,2611.662,7088.000,true
before,2,raw_repeated_names,1,997,21602.307,59056.000,true
before,2,raw_batch_beans,1,3672,5658.252,16864.000,true
before,2,mybatis_select_expressions,1,13803,1573.115,2512.000,true
before,2,positional_in_expression,1,3975,5389.711,10904.000,true
before,2,raw_naming_NO_CHANGE,1,5373,4019.821,7880.000,true
before,2,positional_insert_placeholders,1,30323,702.107,2096.000,true
before,2,mybatis_where_128,1,513,39257.115,64392.000,true
before,2,custom_handler_union,1,4429,4947.347,9440.000,true
before,2,named_update_chain_16,1,1368,16162.135,47808.000,true
before,2,positional_repeated_names,1,1412,14991.926,35520.000,true
before,2,raw_where_eq,1,21208,1016.060,2936.000,true
before,2,positional_join_on,1,15830,1379.716,3896.000,true
before,2,mybatis_batch_beans,1,2914,8477.557,22816.000,true
before,2,raw_join_on,1,14973,1322.601,4016.000,true
before,2,named_where_eq,1,18682,1039.637,3272.000,true
before,2,positional_group_order,1,9689,2119.723,6160.000,true
before,2,positional_batch_4,1,11568,1855.351,6032.000,true
before,2,named_batch_beans,1,2639,8132.133,26800.000,true
before,2,positional_naming_CAMEL_CASE,1,4736,4358.594,6408.000,true
before,2,positional_select_star,1,72135,261.036,1240.000,true
before,2,positional_dialect_PostgreSQL,1,19975,1024.826,3432.000,true
before,2,mybatis_batch_4,1,7531,2867.229,8848.000,true
before,2,named_select_columns,1,24159,807.513,2104.000,true
before,2,positional_delete,1,67667,350.957,1544.000,true
before,2,positional_in_1024,1,1374,13176.710,28584.000,true
before,2,raw_naming_UPPER_CAMEL_CASE,1,3863,5838.597,9376.000,true
before,2,mybatis_select_entity,1,35026,588.626,1992.000,true
before,2,named_repeated_names,1,851,26018.566,70080.000,true
before,2,named_where_128,1,451,41224.169,77464.000,true
before,2,positional_dialect_Microsoft_SQL_Server,1,17858,1241.578,3616.000,true
before,2,raw_in_1024,1,304,71749.013,220328.000,true
before,2,raw_in_expression,1,1156,19112.024,57760.000,true
before,2,raw_update_chain_16,1,2575,7831.417,26256.000,true
before,2,named_batch_64,1,609,35388.013,133056.000,true
before,2,named_pagination,1,16583,1229.548,4192.000,true
before,2,named_batch_4,1,7383,2948.476,9800.000,true
before,2,mybatis_mixed_literals,1,15574,1386.336,3608.000,true
before,2,raw_nested,1,17106,1195.370,3448.000,true
before,2,raw_where_16,1,4174,4886.224,9648.000,true
before,2,named_select_star,1,89365,239.677,1240.000,true
before,2,positional_condition_only,1,5770,3434.229,5640.000,true
before,2,named_select_expressions,1,13612,1461.945,2512.000,true
before,2,raw_select_entity,1,32829,575.065,1992.000,true
before,2,raw_insert_values,1,22225,964.544,2544.000,true
before,2,mybatis_in_expression,1,990,21441.212,67800.000,true
before,2,named_insert_placeholders,1,13045,888.831,3040.000,true
before,2,named_raw_expression,1,19596,1046.576,2616.000,true
before,2,positional_update_map,1,20835,1059.842,3192.000,true
before,2,positional_between,1,20263,1060.095,3104.000,true
before,2,named_in_expression,1,772,25148.705,91824.000,true
before,2,raw_group_order,1,9622,2178.986,6256.000,true
before,2,named_join_on,1,14415,1426.528,4352.000,true
before,2,raw_in_17,1,12465,1767.677,5896.000,true
before,2,mybatis_naming_NO_CHANGE,1,4903,4440.934,8024.000,true
before,2,named_mixed_literals,1,14592,1366.495,3944.000,true
before,2,named_dialect_Microsoft_SQL_Server,1,12954,1506.191,4392.000,true
before,2,raw_naming_CAMEL_CASE,1,3975,5225.937,9360.000,true
before,2,mybatis_naming_KEBAB_CASE,1,3689,5941.610,9792.000,true
before,2,positional_naming_UPPER_CAMEL_CASE,1,4603,4544.036,6424.000,true
before,2,positional_in_256,1,5079,4623.016,9656.000,true
before,2,mybatis_batch_64,1,668,32320.808,117040.000,true
before,2,mybatis_late_modifier,1,28007,723.030,2736.000,true
before,2,named_late_modifier,1,23630,795.929,2896.000,true
before,2,positional_naming_NO_CHANGE,1,6772,2983.550,4928.000,true
before,2,raw_subquery_raw,1,33179,619.738,2352.000,true
before,2,raw_condition_only,1,4622,4445.348,8584.000,true
before,2,named_condition_only,1,4155,4830.132,10328.000,true
before,2,positional_join_using,1,24053,852.355,3224.000,true
before,2,named_where_16,1,3748,5665.181,11392.000,true
before,2,named_update_map,1,12704,1671.064,4920.000,true
before,2,positional_subquery_raw,1,35126,625.465,2352.000,true
before,2,named_retry_rollback,1,5085,5413.196,8432.000,true
before,2,positional_retry_rollback,1,4394,3131.907,6040.000,true
before,2,positional_union_builder,1,8904,2322.698,5992.000,true
before,2,raw_insert_placeholders,1,32407,657.417,2096.000,true
before,2,named_insert_entity,1,23830,907.738,2760.000,true
before,2,mybatis_retry_rollback,1,4359,3601.078,7736.000,true
before,2,named_row_in,1,14192,1279.953,4144.000,true
before,2,raw_late_modifier,1,28460,742.122,2560.000,true
before,2,mybatis_insert_values,1,19540,1090.404,2872.000,true
before,2,raw_pagination,1,20522,998.178,3520.000,true
before,2,named_select_entity,1,33609,566.170,1992.000,true
before,2,raw_select_expressions,1,13675,1462.823,2512.000,true
before,2,mybatis_subquery_structured,1,13042,1605.298,5384.000,true
before,2,raw_in_256,1,1213,18416.488,56720.000,true
before,2,raw_raw_expression,1,20267,975.157,2616.000,true
before,2,positional_where_eq,1,23649,951.030,2816.000,true
before,2,raw_retry_rollback,2,5921,3349.536,6400.000,true
before,2,raw_in_256,2,1213,17865.787,56720.000,true
before,2,mybatis_select_expressions,2,13803,1515.142,2512.000,true
before,2,named_where_16,2,3748,5725.187,11392.000,true
before,2,named_in_expression,2,772,25202.720,91824.000,true
before,2,raw_union_raw,2,19624,1155.259,1968.000,true
before,2,positional_in_256,2,5079,4505.670,9656.000,true
before,2,mybatis_insert_entity,2,22555,853.234,2456.000,true
before,2,raw_derived,2,5767,3802.428,7632.000,true
before,2,positional_nested,2,17741,1078.321,3120.000,true
before,2,positional_dialect_DB2,2,19073,954.139,3616.000,true
before,2,mybatis_naming_NO_CHANGE,2,4903,4319.784,8024.000,true
before,2,positional_in_16,2,25787,812.545,2736.000,true
before,2,named_select_entity,2,33609,598.786,1992.000,true
before,2,raw_batch_64,2,931,23468.851,92416.000,true
before,2,positional_union_builder,2,8904,2365.409,5992.000,true
before,2,raw_pagination,2,20522,985.440,3520.000,true
before,2,named_naming_SCREAMING_SNAKE_CASE,2,3707,5765.606,11408.000,true
before,2,raw_subquery_structured,2,15477,1500.995,4720.000,true
before,2,raw_naming_NO_CHANGE,2,5373,3897.916,7880.000,true
before,2,named_in_17,2,9671,2099.162,7968.000,true
before,2,positional_between,2,20263,1046.410,3104.000,true
before,2,raw_naming_CAMEL_CASE,2,3975,5330.138,9360.000,true
before,2,raw_repeated_names,2,997,21338.716,59056.000,true
before,2,named_naming_KEBAB_CASE,2,3587,6022.219,11392.000,true
before,2,raw_insert_values,2,22225,956.090,2544.000,true
before,2,mybatis_update_map,2,13670,1517.359,4368.000,true
before,2,positional_batch_64,2,1237,19568.391,70320.000,true
before,2,mybatis_union_builder,2,5104,4070.219,8984.000,true
before,2,raw_batch_4,2,9409,2334.584,7456.000,true
before,2,raw_in_17,2,12465,1675.162,5896.000,true
before,2,named_join_using,2,21402,956.527,3680.000,true
before,2,named_in_1024,2,175,133482.857,353296.000,true
before,2,named_dialect_PostgreSQL,2,15453,1390.086,4216.000,true
before,2,mybatis_raw_expression,2,19790,985.053,2616.000,true
before,2,positional_in_expression,2,3975,5382.591,10904.000,true
before,2,raw_select_expressions,2,13675,1488.249,2512.000,true
before,2,named_union_builder,2,4818,4448.111,8984.000,true
before,2,named_naming_CAMEL_CASE,2,3571,5745.141,11104.000,true
before,2,positional_dialect_PostgreSQL,2,19975,1017.872,3432.000,true
before,2,raw_naming_UPPER_CAMEL_CASE,2,3863,5649.107,9376.000,true
before,2,mybatis_batch_64,2,668,33420.359,117040.000,true
before,2,positional_group_order,2,9689,2110.775,6160.000,true
before,2,named_between,2,16560,1242.029,3848.000,true
before,2,raw_update_map,2,16070,1315.302,3712.000,true
before,2,named_raw_expression,2,19596,1056.481,2616.000,true
before,2,positional_select_star,2,72135,231.207,1240.000,true
before,2,named_nested,2,15951,1229.841,3816.000,true
before,2,positional_join_using,2,24053,812.098,3224.000,true
before,2,mybatis_repeated_names,2,885,23389.266,58032.000,true
before,2,named_naming_UPPER_CAMEL_CASE,2,3516,6153.811,11120.000,true
before,2,named_delete,2,38592,484.074,2000.000,true
before,2,positional_select_entity,2,37717,559.209,1992.000,true
before,2,positional_condition_only,2,5770,3614.870,5640.000,true
before,2,named_naming_NO_CHANGE,2,4636,4507.830,9624.000,true
before,2,raw_insert_placeholders,2,32407,644.188,2096.000,true
before,2,named_select_columns,2,24159,789.230,2104.000,true
before,2,raw_select_entity,2,32829,592.893,1992.000,true
before,2,mybatis_condition_only,2,4403,4700.568,8728.000,true
before,2,mybatis_naming_UPPER_CAMEL_CASE,2,3601,5904.249,9520.000,true
before,2,mybatis_naming_CAMEL_CASE,2,3776,5525.424,9504.000,true
before,2,named_union_raw,2,19438,1170.964,1968.000,true
before,2,raw_union_builder,2,8297,2342.594,6192.000,true
before,2,named_dialect_Oracle,2,16649,1304.325,4392.000,true
before,2,named_dialect_DB2,2,16301,1338.065,4392.000,true
before,2,mybatis_join_using,2,20425,1016.289,3520.000,true
before,2,mybatis_select_entity,2,35026,643.608,1992.000,true
before,2,mybatis_select_star,2,81186,256.265,1240.000,true
before,2,positional_naming_NO_CHANGE,2,6772,3321.353,4928.000,true
before,2,mybatis_naming_SCREAMING_SNAKE_CASE,2,3923,5120.826,9808.000,true
before,2,custom_handler_where,2,3841,5478.782,11424.000,true
before,2,named_derived,2,4872,4414.450,9536.000,true
before,2,positional_where_16,2,5207,4770.770,6696.000,true
before,2,positional_select_expressions,2,13932,1470.930,2512.000,true
before,2,raw_group_order,2,9622,2270.630,6256.000,true
before,2,positional_where_eq,2,23649,884.870,2816.000,true
before,2,positional_naming_CAMEL_CASE,2,4736,4337.099,6408.000,true
before,2,raw_where_eq,2,21208,993.017,2936.000,true
before,2,positional_union_raw,2,20032,1100.869,1968.000,true
before,2,raw_insert_entity,2,25130,895.360,2128.000,true
before,2,mybatis_in_1024,2,239,94404.184,256976.000,true
before,2,named_batch_64,2,609,41460.263,133056.000,true
before,2,raw_where_128,2,557,38171.275,62680.000,true
before,2,positional_naming_KEBAB_CASE,2,4890,4166.912,6696.000,true
before,2,raw_join_using,2,20709,954.310,3344.000,true
before,2,mybatis_naming_KEBAB_CASE,2,3689,5367.769,9792.000,true
before,2,positional_dialect_Oracle,2,21371,1004.347,3616.000,true
before,2,positional_where_128,2,697,30320.086,38992.000,true
before,2,named_mixed_literals,2,14592,1355.969,3944.000,true
before,2,raw_naming_KEBAB_CASE,2,4136,5095.092,9648.000,true
before,2,raw_mixed_literals,2,14946,1340.131,3368.000,true
before,2,positional_retry_rollback,2,4394,2777.242,6040.000,true
before,2,mybatis_batch_beans,2,2914,7375.429,22816.000,true
before,2,mybatis_between,2,17404,1146.104,3592.000,true
before,2,mybatis_batch_4,2,7531,2961.014,8848.000,true
before,2,positional_dialect_Microsoft_SQL_Server,2,17858,1179.589,3616.000,true
before,2,mybatis_pagination,2,17572,1191.891,3928.000,true
before,2,mybatis_delete,2,48534,432.340,1848.000,true
before,2,named_in_16,2,9745,1976.706,7680.000,true
before,2,positional_pagination,2,17485,886.314,3408.000,true
before,2,raw_raw_expression,2,20267,1001.944,2616.000,true
before,2,named_where_eq,2,18682,981.094,3272.000,true
before,2,raw_update_chain_16,2,2575,8047.534,26256.000,true
before,2,positional_subquery_raw,2,35126,611.285,2352.000,true
before,2,positional_join_on,2,15830,1374.340,3896.000,true
before,2,mybatis_subquery_structured,2,13042,1607.760,5384.000,true
before,2,named_subquery_raw,2,32626,653.534,2352.000,true
before,2,positional_insert_values,2,26490,858.803,2232.000,true
before,2,positional_insert_entity,2,37890,606.482,1816.000,true
before,2,named_select_star,2,89365,260.369,1240.000,true
before,2,mybatis_join_on,2,14632,1461.830,4192.000,true
before,2,positional_mixed_literals,2,18781,1049.917,2976.000,true
before,2,positional_repeated_names,2,1412,15786.119,35520.000,true
before,2,mybatis_retry_rollback,2,4359,3708.970,7736.000,true
before,2,positional_insert_placeholders,2,30323,670.600,2096.000,true
before,2,named_pagination,2,16583,1274.100,4192.000,true
before,2,named_late_modifier,2,23630,743.428,2896.000,true
before,2,mybatis_in_17,2,10568,1803.227,6424.000,true
before,2,named_group_order,2,7414,2710.521,7512.000,true
before,2,mybatis_insert_values,2,19540,1065.952,2872.000,true
before,2,positional_subquery_structured,2,14285,1447.007,4856.000,true
before,2,named_insert_entity,2,23830,911.016,2760.000,true
before,2,custom_handler_union,2,4429,4872.657,9440.000,true
before,2,raw_join_on,2,14973,1305.082,4016.000,true
before,2,raw_between,2,18291,1156.777,3432.000,true
before,2,positional_dialect_MySQL,2,21761,943.743,3432.000,true
before,2,raw_in_expression,2,1156,18712.024,57760.000,true
before,2,positional_in_17,2,24599,859.645,2752.000,true
before,2,mybatis_in_256,2,1065,20818.028,66696.000,true
before,2,positional_update_map,2,20835,1030.689,3192.000,true
before,2,named_select_expressions,2,13612,1461.056,2512.000,true
before,2,mybatis_update_chain_16,2,1519,13773.930,40744.000,true
before,2,mybatis_in_expression,2,990,22365.859,67800.000,true
before,2,positional_batch_4,2,11568,1879.867,6032.000,true
before,2,mybatis_nested,2,16260,1261.513,3584.000,true
before,2,named_subquery_structured,2,12355,1680.267,5640.000,true
before,2,named_row_in,2,14192,1332.934,4144.000,true
before,2,raw_naming_SCREAMING_SNAKE_CASE,2,4104,5006.140,9664.000,true
before,2,raw_select_columns,2,24850,788.036,2104.000,true
before,2,positional_delete,2,67667,359.013,1544.000,true
before,2,mybatis_derived,2,4848,4519.101,9456.000,true
before,2,named_repeated_names,2,851,25537.133,70080.000,true
before,2,positional_row_in,2,20095,884.300,2752.000,true
before,2,mybatis_where_128,2,513,41828.070,64392.000,true
before,2,mybatis_late_modifier,2,28007,731.274,2736.000,true
before,2,mybatis_where_eq,2,20241,1014.925,3112.000,true
before,2,positional_batch_beans,2,4022,4428.692,11200.000,true
before,2,named_insert_values,2,17971,1141.706,3176.000,true
before,2,positional_update_chain_16,2,3511,6690.829,23168.000,true
before,2,positional_naming_UPPER_CAMEL_CASE,2,4603,4359.353,6424.000,true
before,2,named_batch_4,2,7383,2907.761,9800.000,true
before,2,named_where_128,2,451,43247.007,77464.000,true
before,2,positional_in_1024,2,1374,12894.250,28584.000,true
before,2,raw_subquery_raw,2,33179,608.725,2352.000,true
before,2,named_dialect_MySQL,2,16829,1269.416,4216.000,true
before,2,mybatis_select_columns,2,25518,841.398,2104.000,true
before,2,mybatis_where_16,2,3952,5088.892,9792.000,true
before,2,positional_raw_expression,2,19195,1073.222,2616.000,true
before,2,mybatis_insert_placeholders,2,22640,945.420,2736.000,true
before,2,mybatis_union_raw,2,19174,1087.692,1968.000,true
before,2,raw_row_in,2,18939,1121.643,3168.000,true
before,2,raw_select_star,2,84456,230.955,1240.000,true
before,2,mybatis_mixed_literals,2,15574,1353.782,3608.000,true
before,2,named_retry_rollback,2,5085,5210.029,8432.000,true
before,2,named_update_chain_16,2,1368,15878.801,47808.000,true
before,2,raw_late_modifier,2,28460,695.520,2560.000,true
before,2,named_insert_placeholders,2,13045,1043.212,3040.000,true
before,2,raw_in_1024,2,304,69205.263,220328.000,true
before,2,raw_where_16,2,4174,4879.540,9648.000,true
before,2,named_update_map,2,12704,1765.153,4920.000,true
before,2,positional_late_modifier,2,33278,622.147,2440.000,true
before,2,positional_derived,2,6155,3719.106,7464.000,true
before,2,positional_select_columns,2,25949,776.612,2104.000,true
before,2,raw_batch_beans,2,3672,6474.129,16864.000,true
before,2,mybatis_subquery_raw,2,32524,636.539,2352.000,true
before,2,named_condition_only,2,4155,5185.006,10328.000,true
before,2,mybatis_in_16,2,11794,1742.861,6208.000,true
before,2,raw_delete,2,54205,420.227,1664.000,true
before,2,mybatis_row_in,2,17096,1252.562,3736.000,true
before,2,named_dialect_Microsoft_SQL_Server,2,12954,1418.373,4392.000,true
before,2,named_batch_beans,2,2639,8788.480,26800.000,true
before,2,named_in_256,2,859,26111.758,90792.000,true
before,2,raw_nested,2,17106,1262.358,3448.000,true
before,2,raw_condition_only,2,4622,4370.338,8584.000,true
before,2,raw_in_16,2,13065,1689.537,5680.000,true
before,2,mybatis_group_order,2,8103,2638.097,7088.000,true
before,2,positional_naming_SCREAMING_SNAKE_CASE,2,4532,4197.838,6712.000,true
before,2,named_join_on,2,14415,1462.511,4352.000,true
before,2,mybatis_in_1024,3,239,91541.004,256976.000,true
before,2,named_where_eq,3,18682,1018.702,3272.000,true
before,2,mybatis_join_on,3,14632,1408.386,4192.000,true
before,2,named_in_17,3,9671,2186.413,7968.000,true
before,2,mybatis_group_order,3,8103,2521.029,7088.000,true
before,2,positional_late_modifier,3,33278,637.481,2440.000,true
before,2,mybatis_insert_entity,3,22555,906.486,2456.000,true
before,2,mybatis_union_raw,3,19174,1114.269,1968.000,true
before,2,named_select_star,3,89365,229.882,1240.000,true
before,2,positional_dialect_Oracle,3,21371,1023.972,3616.000,true
before,2,raw_insert_entity,3,25130,838.552,2128.000,true
before,2,positional_subquery_structured,3,14285,1382.702,4856.000,true
before,2,positional_group_order,3,9689,2064.393,6160.000,true
before,2,positional_naming_KEBAB_CASE,3,4890,4294.949,6696.000,true
before,2,raw_insert_placeholders,3,32407,686.133,2096.000,true
before,2,named_union_builder,3,4818,4241.220,8984.000,true
before,2,named_update_chain_16,3,1368,15483.845,47808.000,true
before,2,mybatis_where_eq,3,20241,992.080,3112.000,true
before,2,positional_pagination,3,17485,885.593,3408.000,true
before,2,named_dialect_Microsoft_SQL_Server,3,12954,1595.538,4392.000,true
before,2,named_dialect_Oracle,3,16649,1399.796,4392.000,true
before,2,raw_where_16,3,4174,4956.756,9648.000,true
before,2,raw_subquery_structured,3,15477,1349.990,4720.000,true
before,2,raw_batch_64,3,931,25243.824,92416.000,true
before,2,raw_where_128,3,557,36150.628,62680.000,true
before,2,raw_condition_only,3,4622,4811.553,8584.000,true
before,2,raw_group_order,3,9622,2105.550,6256.000,true
before,2,positional_select_entity,3,37717,565.702,1992.000,true
before,2,named_insert_entity,3,23830,911.762,2760.000,true
before,2,raw_naming_KEBAB_CASE,3,4136,5091.199,9648.000,true
before,2,mybatis_retry_rollback,3,4359,3610.576,7736.000,true
before,2,named_retry_rollback,3,5085,4200.492,8432.000,true
before,2,mybatis_naming_CAMEL_CASE,3,3776,5383.077,9504.000,true
before,2,positional_dialect_DB2,3,19073,1036.659,3616.000,true
before,2,raw_naming_UPPER_CAMEL_CASE,3,3863,5389.050,9376.000,true
before,2,raw_batch_beans,3,3672,5741.531,16864.000,true
before,2,positional_raw_expression,3,19195,1101.099,2616.000,true
before,2,mybatis_update_chain_16,3,1519,13640.026,40744.000,true
before,2,positional_in_256,3,5079,4165.623,9656.000,true
before,2,mybatis_in_17,3,10568,1879.268,6424.000,true
before,2,raw_late_modifier,3,28460,689.782,2560.000,true
before,2,positional_in_1024,3,1374,15604.803,28584.000,true
before,2,named_in_16,3,9745,2092.324,7680.000,true
before,2,named_subquery_structured,3,12355,1619.790,5640.000,true
before,2,raw_in_17,3,12465,1711.745,5896.000,true
before,2,raw_mixed_literals,3,14946,1421.792,3368.000,true
before,2,positional_in_16,3,25787,840.718,2736.000,true
before,2,positional_delete,3,67667,365.069,1544.000,true
before,2,mybatis_delete,3,48534,471.892,1848.000,true
before,2,mybatis_naming_KEBAB_CASE,3,3689,5538.764,9792.000,true
before,2,positional_join_using,3,24053,875.259,3224.000,true
before,2,custom_handler_union,3,4429,4531.768,9440.000,true
before,2,raw_batch_4,3,9409,2326.528,7456.000,true
before,2,named_mixed_literals,3,14592,1377.673,3944.000,true
before,2,named_union_raw,3,19438,1058.617,1968.000,true
before,2,positional_nested,3,17741,1124.412,3120.000,true
before,2,mybatis_subquery_raw,3,32524,646.449,2352.000,true
before,2,mybatis_naming_SCREAMING_SNAKE_CASE,3,3923,5585.241,9808.000,true
before,2,raw_update_map,3,16070,1258.494,3712.000,true
before,2,raw_insert_values,3,22225,1008.576,2544.000,true
before,2,raw_derived,3,5767,3636.986,7632.000,true
before,2,raw_in_1024,3,304,71393.421,220328.000,true
before,2,mybatis_repeated_names,3,885,22379.887,58032.000,true
before,2,positional_where_16,3,5207,4138.122,6696.000,true
before,2,raw_join_using,3,20709,970.380,3344.000,true
before,2,named_between,3,16560,1145.815,3848.000,true
before,2,named_select_expressions,3,13612,1582.956,2512.000,true
before,2,mybatis_condition_only,3,4403,4659.732,8728.000,true
before,2,positional_mixed_literals,3,18781,1102.167,2976.000,true
before,2,raw_nested,3,17106,1245.189,3448.000,true
before,2,positional_join_on,3,15830,1319.229,3896.000,true
before,2,positional_union_builder,3,8904,2247.383,5992.000,true
before,2,raw_pagination,3,20522,1032.219,3520.000,true
before,2,raw_update_chain_16,3,2575,7877.126,26256.000,true
before,2,named_update_map,3,12704,1738.704,4920.000,true
before,2,named_select_columns,3,24159,750.387,2104.000,true
before,2,named_raw_expression,3,19596,1040.309,2616.000,true
before,2,positional_repeated_names,3,1412,15150.850,35520.000,true
before,2,named_dialect_DB2,3,16301,1434.041,4392.000,true
before,2,named_naming_NO_CHANGE,3,4636,4313.352,9624.000,true
before,2,positional_condition_only,3,5770,3875.945,5640.000,true
before,2,mybatis_in_256,3,1065,20200.000,66696.000,true
before,2,raw_repeated_names,3,997,20095.085,59056.000,true
before,2,mybatis_derived,3,4848,4448.845,9456.000,true
before,2,positional_row_in,3,20095,884.369,2752.000,true
before,2,mybatis_where_128,3,513,41366.667,64392.000,true
before,2,named_naming_UPPER_CAMEL_CASE,3,3516,5677.275,11120.000,true
before,2,mybatis_select_star,3,81186,259.332,1240.000,true
before,2,mybatis_insert_values,3,19540,1055.374,2872.000,true
before,2,positional_in_expression,3,3975,4977.560,10904.000,true
before,2,raw_join_on,3,14973,1336.552,4016.000,true
before,2,positional_insert_entity,3,37890,634.629,1816.000,true
before,2,named_late_modifier,3,23630,798.256,2896.000,true
before,2,mybatis_raw_expression,3,19790,985.306,2616.000,true
before,2,positional_insert_values,3,26490,824.655,2232.000,true
before,2,raw_naming_SCREAMING_SNAKE_CASE,3,4104,4841.228,9664.000,true
before,2,named_subquery_raw,3,32626,616.239,2352.000,true
before,2,mybatis_batch_beans,3,2914,7590.220,22816.000,true
before,2,mybatis_naming_NO_CHANGE,3,4903,4369.203,8024.000,true
before,2,positional_update_chain_16,3,3511,6433.808,23168.000,true
before,2,raw_naming_CAMEL_CASE,3,3975,5117.409,9360.000,true
before,2,named_batch_beans,3,2639,8228.761,26800.000,true
before,2,mybatis_select_entity,3,35026,581.868,1992.000,true
before,2,positional_batch_64,3,1237,19311.964,70320.000,true
before,2,named_dialect_MySQL,3,16829,1276.849,4216.000,true
before,2,named_dialect_PostgreSQL,3,15453,1290.979,4216.000,true
before,2,mybatis_select_columns,3,25518,822.760,2104.000,true
before,2,named_where_128,3,451,40467.406,77464.000,true
before,2,positional_subquery_raw,3,35126,620.122,2352.000,true
before,2,named_batch_4,3,7383,2921.360,9800.000,true
before,2,raw_select_expressions,3,13675,1498.962,2512.000,true
before,2,positional_in_17,3,24599,810.102,2752.000,true
before,2,mybatis_between,3,17404,1177.689,3592.000,true
before,2,mybatis_select_expressions,3,13803,1594.987,2512.000,true
before,2,mybatis_pagination,3,17572,1063.943,3928.000,true
before,2,named_in_expression,3,772,26694.819,91824.000,true
before,2,positional_naming_NO_CHANGE,3,6772,3183.550,4928.000,true
before,2,raw_in_expression,3,1156,19148.097,57760.000,true
before,2,positional_naming_SCREAMING_SNAKE_CASE,3,4532,4003.950,6712.000,true
before,2,named_group_order,3,7414,2802.859,7512.000,true
before,2,mybatis_mixed_literals,3,15574,1262.765,3608.000,true
before,2,named_insert_values,3,17971,1094.074,3176.000,true
before,2,raw_in_256,3,1213,17993.652,56720.000,true
before,2,named_join_using,3,21402,981.315,3680.000,true
before,2,positional_naming_CAMEL_CASE,3,4736,4238.302,6408.000,true
before,2,named_derived,3,4872,4426.745,9536.000,true
before,2,named_naming_SCREAMING_SNAKE_CASE,3,3707,5924.144,11408.000,true
before,2,positional_retry_rollback,3,4394,3030.337,6040.000,true
before,2,mybatis_batch_4,3,7531,2817.939,8848.000,true
before,2,raw_delete,3,54205,410.285,1664.000,true
before,2,mybatis_batch_64,3,668,32657.036,117040.000,true
before,2,positional_dialect_Microsoft_SQL_Server,3,17858,1162.762,3616.000,true
before,2,raw_between,3,18291,1127.505,3432.000,true
before,2,positional_where_eq,3,23649,877.936,2816.000,true
before,2,mybatis_insert_placeholders,3,22640,958.883,2736.000,true
before,2,named_naming_CAMEL_CASE,3,3571,6202.968,11104.000,true
before,2,raw_in_16,3,13065,1589.736,5680.000,true
before,2,raw_union_builder,3,8297,2451.284,6192.000,true
before,2,mybatis_update_map,3,13670,1559.159,4368.000,true
before,2,raw_naming_NO_CHANGE,3,5373,3969.551,7880.000,true
before,2,positional_batch_4,3,11568,1798.997,6032.000,true
before,2,custom_handler_where,3,3841,5777.532,11424.000,true
before,2,mybatis_in_expression,3,990,20757.576,67800.000,true
before,2,named_in_1024,3,175,119080.571,353296.000,true
before,2,positional_select_columns,3,25949,786.670,2104.000,true
before,2,positional_between,3,20263,1003.869,3104.000,true
before,2,raw_select_star,3,84456,244.623,1240.000,true
before,2,raw_retry_rollback,3,5921,4404.408,6400.000,true
before,2,named_pagination,3,16583,1197.184,4192.000,true
before,2,named_where_16,3,3748,5501.094,11392.000,true
before,2,named_condition_only,3,4155,5185.102,10328.000,true
before,2,named_batch_64,3,609,36740.066,133056.000,true
before,2,named_delete,3,38592,480.421,2000.000,true
before,2,positional_derived,3,6155,3423.022,7464.000,true
before,2,mybatis_naming_UPPER_CAMEL_CASE,3,3601,6097.195,9520.000,true
before,2,raw_raw_expression,3,20267,1047.836,2616.000,true
before,2,positional_dialect_MySQL,3,21761,955.485,3432.000,true
before,2,mybatis_subquery_structured,3,13042,1513.970,5384.000,true
before,2,mybatis_in_16,3,11794,1822.698,6208.000,true
before,2,positional_where_128,3,697,30622.095,38992.000,true
before,2,mybatis_join_using,3,20425,957.885,3520.000,true
before,2,raw_where_eq,3,21208,911.067,2936.000,true
before,2,raw_union_raw,3,19624,1153.863,1968.000,true
before,2,positional_batch_beans,3,4022,5509.597,11200.000,true
before,2,named_nested,3,15951,1278.597,3816.000,true
before,2,positional_dialect_PostgreSQL,3,19975,1050.183,3432.000,true
before,2,raw_select_entity,3,32829,566.207,1992.000,true
before,2,mybatis_nested,3,16260,1308.038,3584.000,true
before,2,positional_select_expressions,3,13932,1511.477,2512.000,true
before,2,named_naming_KEBAB_CASE,3,3587,5699.387,11392.000,true
before,2,named_select_entity,3,33609,556.854,1992.000,true
before,2,mybatis_late_modifier,3,28007,706.381,2736.000,true
before,2,named_row_in,3,14192,1201.409,4144.000,true
before,2,positional_update_map,3,20835,1070.804,3192.000,true
before,2,raw_select_columns,3,24850,819.332,2104.000,true
before,2,raw_row_in,3,18939,1149.638,3168.000,true
before,2,mybatis_where_16,3,3952,6105.769,9792.000,true
before,2,mybatis_row_in,3,17096,1247.625,3736.000,true
before,2,named_in_256,3,859,23738.300,90792.000,true
before,2,named_insert_placeholders,3,13045,949.851,3040.000,true
before,2,named_join_on,3,14415,1377.072,4352.000,true
before,2,named_repeated_names,3,851,25195.770,70080.000,true
before,2,positional_insert_placeholders,3,30323,670.696,2096.000,true
before,2,positional_naming_UPPER_CAMEL_CASE,3,4603,4487.117,6424.000,true
before,2,positional_select_star,3,72135,261.476,1240.000,true
before,2,raw_subquery_raw,3,33179,596.844,2352.000,true
before,2,positional_union_raw,3,20032,1142.028,1968.000,true
before,2,mybatis_union_builder,3,5104,4173.374,8984.000,true
before,2,positional_in_16,4,25787,788.327,2736.000,true
before,2,named_dialect_MySQL,4,16829,1253.461,4216.000,true
before,2,named_join_using,4,21402,1058.831,3680.000,true
before,2,named_in_expression,4,772,27482.124,91824.000,true
before,2,raw_repeated_names,4,997,22231.996,59056.000,true
before,2,positional_raw_expression,4,19195,974.514,2616.000,true
before,2,named_select_star,4,89365,251.424,1240.000,true
before,2,mybatis_subquery_structured,4,13042,1659.423,5384.000,true
before,2,positional_insert_values,4,26490,773.903,2232.000,true
before,2,mybatis_batch_64,4,668,33235.030,117040.000,true
before,2,mybatis_insert_values,4,19540,1090.583,2872.000,true
before,2,named_insert_entity,4,23830,936.949,2760.000,true
before,2,raw_where_16,4,4174,5324.461,9648.000,true
before,2,positional_join_using,4,24053,866.574,3224.000,true
before,2,positional_batch_64,4,1237,17960.226,70320.000,true
before,2,positional_insert_placeholders,4,30323,654.035,2096.000,true
before,2,mybatis_retry_rollback,4,4359,3971.507,7736.000,true
before,2,named_in_17,4,9671,2128.115,7968.000,true
before,2,named_batch_beans,4,2639,7808.564,26800.000,true
before,2,positional_repeated_names,4,1412,14406.516,35520.000,true
before,2,named_union_raw,4,19438,1157.316,1968.000,true
before,2,positional_select_columns,4,25949,832.926,2104.000,true
before,2,positional_select_expressions,4,13932,1479.594,2512.000,true
before,2,mybatis_in_17,4,10568,1900.426,6424.000,true
before,2,named_batch_64,4,609,35389.327,133056.000,true
before,2,mybatis_join_using,4,20425,918.051,3520.000,true
before,2,raw_insert_values,4,22225,1002.601,2544.000,true
before,2,named_join_on,4,14415,1338.231,4352.000,true
before,2,named_repeated_names,4,851,25562.280,70080.000,true
before,2,named_update_chain_16,4,1368,16498.026,47808.000,true
before,2,mybatis_update_chain_16,4,1519,13574.852,40744.000,true
before,2,raw_group_order,4,9622,2237.445,6256.000,true
before,2,mybatis_repeated_names,4,885,23700.791,58032.000,true
before,2,named_raw_expression,4,19596,1038.533,2616.000,true
before,2,mybatis_condition_only,4,4403,4719.646,8728.000,true
before,2,mybatis_union_raw,4,19174,1106.790,1968.000,true
before,2,mybatis_group_order,4,8103,2405.010,7088.000,true
before,2,raw_naming_CAMEL_CASE,4,3975,5161.887,9360.000,true
before,2,positional_dialect_DB2,4,19073,994.217,3616.000,true
before,2,raw_naming_KEBAB_CASE,4,4136,4851.306,9648.000,true
before,2,mybatis_where_128,4,513,42406.043,64392.000,true
before,2,named_naming_SCREAMING_SNAKE_CASE,4,3707,5368.141,11408.000,true
before,2,mybatis_update_map,4,13670,1562.758,4368.000,true
before,2,positional_batch_beans,4,4022,4806.091,11200.000,true
before,2,named_insert_placeholders,4,13045,903.519,3040.000,true
before,2,positional_row_in,4,20095,1018.925,2752.000,true
before,2,positional_in_1024,4,1374,16514.265,28584.000,true
before,2,named_union_builder,4,4818,4360.212,8984.000,true
before,2,raw_where_128,4,557,37748.115,62680.000,true
before,2,named_delete,4,38592,496.673,2000.000,true
before,2,raw_pagination,4,20522,996.579,3520.000,true
before,2,raw_in_256,4,1213,17233.223,56720.000,true
before,2,named_dialect_DB2,4,16301,1347.212,4392.000,true
before,2,raw_in_16,4,13065,1586.391,5680.000,true
before,2,mybatis_naming_KEBAB_CASE,4,3689,5353.998,9792.000,true
before,2,named_in_256,4,859,24654.598,90792.000,true
before,2,raw_select_columns,4,24850,817.280,2104.000,true
before,2,positional_update_chain_16,4,3511,6073.369,23168.000,true
before,2,mybatis_naming_CAMEL_CASE,4,3776,5889.460,9504.000,true
before,2,mybatis_pagination,4,17572,1087.730,3928.000,true
before,2,mybatis_late_modifier,4,28007,723.865,2736.000,true
before,2,raw_batch_beans,4,3672,6637.554,16864.000,true
before,2,raw_union_builder,4,8297,2563.192,6192.000,true
before,2,positional_naming_NO_CHANGE,4,6772,2991.037,4928.000,true
before,2,mybatis_in_expression,4,990,22173.232,67800.000,true
before,2,mybatis_batch_4,4,7531,2828.974,8848.000,true
before,2,mybatis_raw_expression,4,19790,1006.584,2616.000,true
before,2,raw_row_in,4,18939,1068.098,3168.000,true
before,2,raw_naming_UPPER_CAMEL_CASE,4,3863,5529.537,9376.000,true
before,2,raw_retry_rollback,4,5921,3375.106,6400.000,true
before,2,named_where_16,4,3748,5816.782,11392.000,true
before,2,positional_retry_rollback,4,4394,3043.832,6040.000,true
before,2,positional_subquery_structured,4,14285,1387.308,4856.000,true
before,2,raw_union_raw,4,19624,1123.532,1968.000,true
before,2,mybatis_subquery_raw,4,32524,658.111,2352.000,true
before,2,positional_in_17,4,24599,794.431,2752.000,true
before,2,positional_join_on,4,15830,1325.591,3896.000,true
before,2,positional_dialect_Oracle,4,21371,1056.385,3616.000,true
before,2,named_derived,4,4872,4625.862,9536.000,true
before,2,raw_mixed_literals,4,14946,1322.220,3368.000,true
before,2,raw_join_on,4,14973,1441.034,4016.000,true
before,2,raw_derived,4,5767,3847.945,7632.000,true
before,2,named_naming_UPPER_CAMEL_CASE,4,3516,5648.521,11120.000,true
before,2,mybatis_where_16,4,3952,5306.022,9792.000,true
before,2,mybatis_where_eq,4,20241,956.341,3112.000,true
before,2,raw_insert_entity,4,25130,930.573,2128.000,true
before,2,positional_naming_UPPER_CAMEL_CASE,4,4603,4655.768,6424.000,true
before,2,positional_naming_CAMEL_CASE,4,4736,4229.329,6408.000,true
before,2,named_dialect_PostgreSQL,4,15453,1281.169,4216.000,true
before,2,positional_delete,4,67667,337.622,1544.000,true
before,2,mybatis_select_entity,4,35026,586.170,1992.000,true
before,2,positional_batch_4,4,11568,1929.063,6032.000,true
before,2,mybatis_select_star,4,81186,241.838,1240.000,true
before,2,named_select_columns,4,24159,788.170,2104.000,true
before,2,positional_union_raw,4,20032,1099.216,1968.000,true
before,2,mybatis_insert_placeholders,4,22640,973.560,2736.000,true
before,2,mybatis_derived,4,4848,4379.724,9456.000,true
before,2,raw_condition_only,4,4622,4312.981,8584.000,true
before,2,raw_subquery_structured,4,15477,1303.024,4720.000,true
before,2,positional_derived,4,6155,3689.439,7464.000,true
before,2,named_insert_values,4,17971,1161.694,3176.000,true
before,2,named_in_1024,4,175,107788.571,353296.000,true
before,2,positional_select_entity,4,37717,566.580,1992.000,true
before,2,mybatis_naming_UPPER_CAMEL_CASE,4,3601,5910.136,9520.000,true
before,2,raw_where_eq,4,21208,904.267,2936.000,true
before,2,named_nested,4,15951,1322.513,3816.000,true
before,2,custom_handler_where,4,3841,5658.526,11424.000,true
before,2,named_naming_KEBAB_CASE,4,3587,5442.292,11392.000,true
before,2,named_subquery_raw,4,32626,649.347,2352.000,true
before,2,mybatis_batch_beans,4,2914,8005.079,22816.000,true
before,2,named_row_in,4,14192,1382.885,4144.000,true
before,2,mybatis_in_1024,4,239,91810.042,256976.000,true
before,2,positional_dialect_PostgreSQL,4,19975,1003.539,3432.000,true
before,2,positional_subquery_raw,4,35126,614.602,2352.000,true
before,2,raw_select_star,4,84456,227.183,1240.000,true
before,2,mybatis_select_expressions,4,13803,1456.625,2512.000,true
before,2,named_batch_4,4,7383,2977.678,9800.000,true
before,2,named_subquery_structured,4,12355,1778.551,5640.000,true
before,2,raw_nested,4,17106,1253.923,3448.000,true
before,2,mybatis_delete,4,48534,457.906,1848.000,true
before,2,named_select_expressions,4,13612,1557.692,2512.000,true
before,2,mybatis_nested,4,16260,1213.303,3584.000,true
before,2,mybatis_insert_entity,4,22555,903.232,2456.000,true
before,2,mybatis_mixed_literals,4,15574,1360.627,3608.000,true
before,2,mybatis_row_in,4,17096,1251.720,3736.000,true
before,2,mybatis_between,4,17404,1152.540,3592.000,true
before,2,named_dialect_Oracle,4,16649,1307.580,4392.000,true
before,2,named_retry_rollback,4,5085,3899.469,8432.000,true
before,2,named_late_modifier,4,23630,797.461,2896.000,true
before,2,mybatis_join_on,4,14632,1300.779,4192.000,true
before,2,raw_naming_NO_CHANGE,4,5373,4109.846,7880.000,true
before,2,named_mixed_literals,4,14592,1408.765,3944.000,true
before,2,named_where_128,4,451,42549.446,77464.000,true
before,2,named_in_16,4,9745,2070.036,7680.000,true
before,2,named_dialect_Microsoft_SQL_Server,4,12954,1514.389,4392.000,true
before,2,raw_in_17,4,12465,1689.996,5896.000,true
before,2,mybatis_union_builder,4,5104,3967.437,8984.000,true
before,2,custom_handler_union,4,4429,4766.629,9440.000,true
before,2,positional_group_order,4,9689,2138.064,6160.000,true
before,2,raw_update_map,4,16070,1191.070,3712.000,true
before,2,mybatis_in_256,4,1065,19798.216,66696.000,true
before,2,positional_select_star,4,72135,233.923,1240.000,true
before,2,raw_raw_expression,4,20267,1000.464,2616.000,true
before,2,positional_dialect_Microsoft_SQL_Server,4,17858,1232.215,3616.000,true
before,2,named_naming_CAMEL_CASE,4,3571,5671.857,11104.000,true
before,2,raw_select_entity,4,32829,580.417,1992.000,true
before,2,named_between,4,16560,1244.915,3848.000,true
before,2,raw_insert_placeholders,4,32407,670.855,2096.000,true
before,2,mybatis_select_columns,4,25518,800.972,2104.000,true
before,2,positional_where_16,4,5207,4023.641,6696.000,true
before,2,positional_nested,4,17741,1099.188,3120.000,true
before,2,positional_dialect_MySQL,4,21761,982.487,3432.000,true
before,2,raw_late_modifier,4,28460,719.146,2560.000,true
before,2,raw_delete,4,54205,430.600,1664.000,true
before,2,positional_where_eq,4,23649,921.265,2816.000,true
before,2,named_select_entity,4,33609,606.808,1992.000,true
before,2,named_pagination,4,16583,1159.495,4192.000,true
before,2,positional_pagination,4,17485,945.130,3408.000,true
before,2,positional_union_builder,4,8904,2365.544,5992.000,true
before,2,raw_in_expression,4,1156,19101.384,57760.000,true
before,2,raw_in_1024,4,304,72525.658,220328.000,true
before,2,raw_select_expressions,4,13675,1475.634,2512.000,true
before,2,named_group_order,4,7414,2803.224,7512.000,true
before,2,positional_where_128,4,697,28815.638,38992.000,true
before,2,mybatis_naming_SCREAMING_SNAKE_CASE,4,3923,5703.288,9808.000,true
before,2,raw_subquery_raw,4,33179,635.607,2352.000,true
before,2,positional_between,4,20263,953.102,3104.000,true
before,2,named_naming_NO_CHANGE,4,4636,4782.852,9624.000,true
before,2,named_condition_only,4,4155,4935.066,10328.000,true
before,2,positional_naming_SCREAMING_SNAKE_CASE,4,4532,4450.905,6712.000,true
before,2,raw_join_using,4,20709,929.161,3344.000,true
before,2,positional_late_modifier,4,33278,624.557,2440.000,true
before,2,named_where_eq,4,18682,1024.976,3272.000,true
before,2,positional_mixed_literals,4,18781,1077.972,2976.000,true
before,2,raw_between,4,18291,1162.561,3432.000,true
before,2,raw_batch_4,4,9409,2322.521,7456.000,true
before,2,raw_naming_SCREAMING_SNAKE_CASE,4,4104,4970.882,9664.000,true
before,2,positional_in_expression,4,3975,5375.396,10904.000,true
before,2,positional_insert_entity,4,37890,636.886,1816.000,true
before,2,positional_in_256,4,5079,3662.690,9656.000,true
before,2,raw_batch_64,4,931,24344.361,92416.000,true
before,2,mybatis_naming_NO_CHANGE,4,4903,4064.777,8024.000,true
before,2,positional_condition_only,4,5770,3456.308,5640.000,true
before,2,raw_update_chain_16,4,2575,7820.427,26256.000,true
before,2,positional_naming_KEBAB_CASE,4,4890,4441.513,6696.000,true
before,2,positional_update_map,4,20835,1023.125,3192.000,true
before,2,mybatis_in_16,4,11794,1709.208,6208.000,true
before,2,named_update_map,4,12704,1595.797,4920.000,true
before,2,positional_update_chain_16,5,3511,6191.797,23168.000,true
before,2,named_update_chain_16,5,1368,16398.538,47808.000,true
before,2,positional_subquery_structured,5,14285,1409.212,4856.000,true
before,2,named_pagination,5,16583,1237.412,4192.000,true
before,2,positional_mixed_literals,5,18781,1141.931,2976.000,true
before,2,raw_repeated_names,5,997,20364.995,59056.000,true
before,2,raw_union_builder,5,8297,2454.574,6192.000,true
before,2,raw_raw_expression,5,20267,1028.648,2616.000,true
before,2,positional_select_columns,5,25949,745.431,2104.000,true
before,2,mybatis_join_using,5,20425,1011.261,3520.000,true
before,2,mybatis_repeated_names,5,885,23439.209,58032.000,true
before,2,named_subquery_raw,5,32626,602.624,2352.000,true
before,2,positional_nested,5,17741,1119.097,3120.000,true
before,2,mybatis_between,5,17404,1183.487,3592.000,true
before,2,raw_where_eq,5,21208,938.391,2936.000,true
before,2,named_in_1024,5,175,115966.286,353296.000,true
before,2,positional_derived,5,6155,3524.094,7464.000,true
before,2,raw_in_1024,5,304,71968.421,220328.000,true
before,2,named_between,5,16560,1189.541,3848.000,true
before,2,raw_naming_NO_CHANGE,5,5373,3952.373,7880.000,true
before,2,positional_subquery_raw,5,35126,618.109,2352.000,true
before,2,raw_between,5,18291,1196.222,3432.000,true
before,2,positional_select_star,5,72135,231.387,1240.000,true
before,2,mybatis_in_256,5,1065,20263.380,66696.000,true
before,2,named_dialect_DB2,5,16301,1287.921,4392.000,true
before,2,named_mixed_literals,5,14592,1314.549,3944.000,true
before,2,positional_in_16,5,25787,805.549,2736.000,true
before,2,named_insert_entity,5,23830,918.586,2760.000,true
before,2,mybatis_insert_values,5,19540,1143.905,2872.000,true
before,2,positional_naming_CAMEL_CASE,5,4736,4344.531,6408.000,true
before,2,raw_insert_placeholders,5,32407,702.712,2096.000,true
before,2,positional_in_17,5,24599,862.263,2752.000,true
before,2,raw_nested,5,17106,1254.116,3448.000,true
before,2,positional_update_map,5,20835,1035.436,3192.000,true
before,2,named_naming_CAMEL_CASE,5,3571,5758.079,11104.000,true
before,2,named_insert_placeholders,5,13045,997.355,3040.000,true
before,2,raw_union_raw,5,19624,1103.226,1968.000,true
before,2,positional_dialect_MySQL,5,21761,970.286,3432.000,true
before,2,raw_batch_64,5,931,22436.950,92416.000,true
before,2,named_in_16,5,9745,2043.684,7680.000,true
before,2,mybatis_naming_SCREAMING_SNAKE_CASE,5,3923,5380.015,9808.000,true
before,2,raw_where_128,5,557,36685.996,62680.000,true
before,2,mybatis_batch_64,5,668,32271.856,117040.000,true
before,2,mybatis_insert_placeholders,5,22640,935.393,2736.000,true
before,2,named_batch_64,5,609,34337.931,133056.000,true
before,2,named_retry_rollback,5,5085,3783.618,8432.000,true
before,2,positional_union_raw,5,20032,1134.754,1968.000,true
before,2,raw_in_17,5,12465,1677.906,5896.000,true
before,2,raw_naming_KEBAB_CASE,5,4136,5058.632,9648.000,true
before,2,raw_mixed_literals,5,14946,1417.215,3368.000,true
before,2,raw_in_expression,5,1156,18935.121,57760.000,true
before,2,named_batch_4,5,7383,3057.348,9800.000,true
before,2,mybatis_naming_CAMEL_CASE,5,3776,5372.405,9504.000,true
before,2,positional_batch_64,5,1237,18230.234,70320.000,true
before,2,mybatis_select_star,5,81186,275.716,1240.000,true
before,2,named_dialect_Oracle,5,16649,1374.209,4392.000,true
before,2,named_insert_values,5,17971,1120.132,3176.000,true
before,2,positional_naming_NO_CHANGE,5,6772,3220.216,4928.000,true
before,2,positional_join_using,5,24053,813.221,3224.000,true
before,2,raw_join_using,5,20709,920.320,3344.000,true
before,2,named_select_star,5,89365,228.812,1240.000,true
before,2,named_in_256,5,859,25407.567,90792.000,true
before,2,positional_in_expression,5,3975,4805.862,10904.000,true
before,2,raw_group_order,5,9622,2147.672,6256.000,true
before,2,named_select_expressions,5,13612,1584.139,2512.000,true
before,2,raw_condition_only,5,4622,4307.356,8584.000,true
before,2,raw_retry_rollback,5,5921,3166.729,6400.000,true
before,2,mybatis_condition_only,5,4403,4703.566,8728.000,true
before,2,mybatis_pagination,5,17572,1110.744,3928.000,true
before,2,positional_where_eq,5,23649,906.744,2816.000,true
before,2,positional_raw_expression,5,19195,1025.715,2616.000,true
before,2,named_raw_expression,5,19596,988.977,2616.000,true
before,2,mybatis_derived,5,4848,4357.323,9456.000,true
before,2,named_update_map,5,12704,1658.123,4920.000,true
before,2,named_join_using,5,21402,986.483,3680.000,true
before,2,positional_join_on,5,15830,1211.819,3896.000,true
before,2,named_naming_UPPER_CAMEL_CASE,5,3516,6051.507,11120.000,true
before,2,mybatis_nested,5,16260,1321.445,3584.000,true
before,2,positional_batch_beans,5,4022,4273.421,11200.000,true
before,2,mybatis_select_expressions,5,13803,1554.662,2512.000,true
before,2,positional_retry_rollback,5,4394,3750.364,6040.000,true
before,2,positional_between,5,20263,995.578,3104.000,true
before,2,positional_dialect_Oracle,5,21371,1073.787,3616.000,true
before,2,named_batch_beans,5,2639,8493.179,26800.000,true
before,2,named_delete,5,38592,456.968,2000.000,true
before,2,mybatis_in_16,5,11794,1828.514,6208.000,true
before,2,mybatis_union_builder,5,5104,4024.275,8984.000,true
before,2,mybatis_subquery_raw,5,32524,643.334,2352.000,true
before,2,raw_join_on,5,14973,1376.618,4016.000,true
before,2,raw_naming_CAMEL_CASE,5,3975,4978.465,9360.000,true
before,2,positional_pagination,5,17485,931.004,3408.000,true
before,2,positional_naming_SCREAMING_SNAKE_CASE,5,4532,3994.528,6712.000,true
before,2,mybatis_where_eq,5,20241,1020.612,3112.000,true
before,2,named_union_builder,5,4818,4263.450,8984.000,true
before,2,named_dialect_Microsoft_SQL_Server,5,12954,1541.354,4392.000,true
before,2,mybatis_retry_rollback,5,4359,4543.863,7736.000,true
before,2,named_group_order,5,7414,2753.858,7512.000,true
before,2,mybatis_naming_KEBAB_CASE,5,3689,5325.210,9792.000,true
before,2,custom_handler_union,5,4429,5060.555,9440.000,true
before,2,mybatis_late_modifier,5,28007,733.113,2736.000,true
before,2,raw_late_modifier,5,28460,717.860,2560.000,true
before,2,positional_union_builder,5,8904,2263.904,5992.000,true
before,2,named_union_raw,5,19438,1110.948,1968.000,true
before,2,positional_repeated_names,5,1412,14428.470,35520.000,true
before,2,mybatis_mixed_literals,5,15574,1349.981,3608.000,true
before,2,raw_in_256,5,1213,18538.005,56720.000,true
before,2,positional_condition_only,5,5770,3451.594,5640.000,true
before,2,mybatis_join_on,5,14632,1422.970,4192.000,true
before,2,mybatis_union_raw,5,19174,1214.009,1968.000,true
before,2,raw_update_chain_16,5,2575,8221.786,26256.000,true
before,2,mybatis_insert_entity,5,22555,870.446,2456.000,true
before,2,raw_subquery_raw,5,33179,647.440,2352.000,true
before,2,positional_naming_UPPER_CAMEL_CASE,5,4603,4717.619,6424.000,true
before,2,named_select_columns,5,24159,748.135,2104.000,true
before,2,raw_update_map,5,16070,1349.322,3712.000,true
before,2,positional_batch_4,5,11568,1861.402,6032.000,true
before,2,positional_insert_values,5,26490,865.047,2232.000,true
before,2,positional_insert_entity,5,37890,622.911,1816.000,true
before,2,named_join_on,5,14415,1357.898,4352.000,true
before,2,mybatis_row_in,5,17096,1196.993,3736.000,true
before,2,mybatis_select_columns,5,25518,768.438,2104.000,true
before,2,named_select_entity,5,33609,574.072,1992.000,true
before,2,raw_naming_UPPER_CAMEL_CASE,5,3863,5319.596,9376.000,true
before,2,raw_insert_values,5,22225,979.123,2544.000,true
before,2,positional_insert_placeholders,5,30323,673.627,2096.000,true
before,2,named_in_expression,5,772,27353.886,91824.000,true
before,2,named_derived,5,4872,4238.157,9536.000,true
before,2,raw_select_expressions,5,13675,1534.391,2512.000,true
before,2,named_in_17,5,9671,2206.473,7968.000,true
before,2,mybatis_select_entity,5,35026,551.168,1992.000,true
before,2,raw_pagination,5,20522,1010.438,3520.000,true
before,2,named_where_16,5,3748,5786.526,11392.000,true
before,2,raw_in_16,5,13065,1558.638,5680.000,true
before,2,mybatis_naming_NO_CHANGE,5,4903,4146.217,8024.000,true
before,2,positional_late_modifier,5,33278,653.645,2440.000,true
before,2,mybatis_update_map,5,13670,1599.012,4368.000,true
before,2,positional_dialect_PostgreSQL,5,19975,1142.043,3432.000,true
before,2,named_nested,5,15951,1278.785,3816.000,true
before,2,mybatis_where_16,5,3952,5185.729,9792.000,true
before,2,custom_handler_where,5,3841,5839.209,11424.000,true
before,2,named_where_128,5,451,40981.818,77464.000,true
before,2,named_naming_NO_CHANGE,5,4636,4964.409,9624.000,true
before,2,raw_select_columns,5,24850,934.740,2104.000,true
before,2,raw_delete,5,54205,416.653,1664.000,true
before,2,named_where_eq,5,18682,1102.409,3272.000,true
before,2,mybatis_delete,5,48534,459.612,1848.000,true
before,2,raw_select_entity,5,32829,606.025,1992.000,true
before,2,positional_select_expressions,5,13932,1563.796,2512.000,true
before,2,named_naming_KEBAB_CASE,5,3587,5652.272,11392.000,true
before,2,mybatis_subquery_structured,5,13042,1623.424,5384.000,true
before,2,named_dialect_PostgreSQL,5,15453,1369.896,4216.000,true
before,2,positional_in_1024,5,1374,15338.428,28584.000,true
before,2,positional_row_in,5,20095,869.296,2752.000,true
before,2,named_naming_SCREAMING_SNAKE_CASE,5,3707,5694.119,11408.000,true
before,2,named_subquery_structured,5,12355,1726.961,5640.000,true
before,2,mybatis_in_1024,5,239,91649.372,256976.000,true
before,2,mybatis_batch_beans,5,2914,7543.651,22816.000,true
before,2,raw_naming_SCREAMING_SNAKE_CASE,5,4104,5127.144,9664.000,true
before,2,positional_where_128,5,697,29820.803,38992.000,true
before,2,positional_dialect_Microsoft_SQL_Server,5,17858,1329.634,3616.000,true
before,2,positional_group_order,5,9689,2200.764,6160.000,true
before,2,mybatis_in_17,5,10568,1788.957,6424.000,true
before,2,mybatis_in_expression,5,990,20742.424,67800.000,true
before,2,positional_delete,5,67667,358.392,1544.000,true
before,2,raw_derived,5,5767,3475.030,7632.000,true
before,2,raw_insert_entity,5,25130,944.055,2128.000,true
before,2,raw_batch_4,5,9409,2981.305,7456.000,true
before,2,mybatis_where_128,5,513,39556.335,64392.000,true
before,2,mybatis_batch_4,5,7531,2938.866,8848.000,true
before,2,mybatis_group_order,5,8103,3129.397,7088.000,true
before,2,named_row_in,5,14192,1319.990,4144.000,true
before,2,named_dialect_MySQL,5,16829,1267.473,4216.000,true
before,2,named_late_modifier,5,23630,1012.840,2896.000,true
before,2,raw_row_in,5,18939,1062.759,3168.000,true
before,2,positional_select_entity,5,37717,556.937,1992.000,true
before,2,named_repeated_names,5,851,25656.757,70080.000,true
before,2,mybatis_update_chain_16,5,1519,13605.201,40744.000,true
before,2,mybatis_naming_UPPER_CAMEL_CASE,5,3601,5795.640,9520.000,true
before,2,mybatis_raw_expression,5,19790,1169.515,2616.000,true
before,2,named_condition_only,5,4155,4935.138,10328.000,true
before,2,positional_naming_KEBAB_CASE,5,4890,4451.800,6696.000,true
before,2,positional_dialect_DB2,5,19073,1035.107,3616.000,true
before,2,raw_subquery_structured,5,15477,1653.570,4720.000,true
before,2,positional_in_256,5,5079,4174.129,9656.000,true
before,2,raw_where_16,5,4174,5490.632,9648.000,true
before,2,raw_select_star,5,84456,235.639,1240.000,true
before,2,raw_batch_beans,5,3672,6288.780,16864.000,true
before,2,positional_where_16,5,5207,4718.437,6696.000,true
before,2,raw_in_expression,6,1156,25206.315,57760.000,true
before,2,raw_insert_values,6,22225,1138.992,2544.000,true
before,2,positional_delete,6,67667,459.327,1544.000,true
before,2,mybatis_in_256,6,1065,23396.808,66696.000,true
before,2,named_mixed_literals,6,14592,1589.337,3944.000,true
before,2,positional_dialect_MySQL,6,21761,1074.376,3432.000,true
before,2,mybatis_union_builder,6,5104,4492.535,8984.000,true
before,2,positional_in_1024,6,1374,16944.905,28584.000,true
before,2,named_batch_64,6,609,41429.721,133056.000,true
before,2,named_delete,6,38592,542.786,2000.000,true
before,2,positional_batch_beans,6,4022,6142.989,11200.000,true
before,2,positional_dialect_DB2,6,19073,1114.062,3616.000,true
before,2,positional_subquery_raw,6,35126,674.748,2352.000,true
before,2,raw_delete,6,54205,429.062,1664.000,true
before,2,mybatis_row_in,6,17096,1254.691,3736.000,true
before,2,mybatis_naming_SCREAMING_SNAKE_CASE,6,3923,5481.341,9808.000,true
before,2,named_naming_UPPER_CAMEL_CASE,6,3516,6982.110,11120.000,true
before,2,raw_naming_KEBAB_CASE,6,4136,5350.338,9648.000,true
before,2,named_select_columns,6,24159,842.183,2104.000,true
before,2,positional_in_17,6,24599,836.432,2752.000,true
before,2,raw_in_17,6,12465,1665.335,5896.000,true
before,2,named_in_expression,6,772,25211.528,91824.000,true
before,2,mybatis_insert_entity,6,22555,869.399,2456.000,true
before,2,named_dialect_PostgreSQL,6,15453,1323.161,4216.000,true
before,2,named_where_16,6,3748,5525.961,11392.000,true
before,2,raw_union_builder,6,8297,2599.241,6192.000,true
before,2,mybatis_insert_placeholders,6,22640,988.940,2736.000,true
before,2,positional_in_16,6,25787,855.982,2736.000,true
before,2,positional_select_entity,6,37717,589.145,1992.000,true
before,2,named_between,6,16560,1228.176,3848.000,true
before,2,positional_mixed_literals,6,18781,1106.517,2976.000,true
before,2,positional_between,6,20263,1050.649,3104.000,true
before,2,positional_select_expressions,6,13932,1479.292,2512.000,true
before,2,raw_naming_SCREAMING_SNAKE_CASE,6,4104,5245.955,9664.000,true
before,2,positional_late_modifier,6,33278,642.289,2440.000,true
before,2,mybatis_join_on,6,14632,1380.618,4192.000,true
before,2,mybatis_delete,6,48534,464.542,1848.000,true
before,2,named_in_16,6,9745,1999.908,7680.000,true
before,2,raw_join_using,6,20709,991.216,3344.000,true
before,2,mybatis_join_using,6,20425,926.365,3520.000,true
before,2,named_naming_CAMEL_CASE,6,3571,5654.299,11104.000,true
before,2,positional_naming_CAMEL_CASE,6,4736,4690.118,6408.000,true
before,2,positional_join_on,6,15830,1308.212,3896.000,true
before,2,raw_repeated_names,6,997,21819.057,59056.000,true
before,2,named_where_128,6,451,41899.113,77464.000,true
before,2,raw_condition_only,6,4622,4946.127,8584.000,true
before,2,raw_subquery_raw,6,33179,629.006,2352.000,true
before,2,raw_where_16,6,4174,5145.472,9648.000,true
before,2,raw_batch_64,6,931,23732.760,92416.000,true
before,2,positional_insert_placeholders,6,30323,666.451,2096.000,true
before,2,raw_union_raw,6,19624,1194.930,1968.000,true
before,2,mybatis_where_128,6,513,40114.035,64392.000,true
before,2,named_insert_placeholders,6,13045,1014.312,3040.000,true
before,2,raw_late_modifier,6,28460,715.207,2560.000,true
before,2,positional_dialect_Oracle,6,21371,1056.034,3616.000,true
before,2,mybatis_select_expressions,6,13803,1539.303,2512.000,true
before,2,mybatis_select_columns,6,25518,774.300,2104.000,true
before,2,named_dialect_Oracle,6,16649,1283.200,4392.000,true
before,2,mybatis_in_16,6,11794,1720.460,6208.000,true
before,2,named_repeated_names,6,851,24176.733,70080.000,true
before,2,raw_retry_rollback,6,5921,3092.113,6400.000,true
before,2,mybatis_union_raw,6,19174,1110.608,1968.000,true
before,2,raw_where_128,6,557,37942.908,62680.000,true
before,2,named_batch_4,6,7383,2969.755,9800.000,true
before,2,mybatis_naming_CAMEL_CASE,6,3776,5512.738,9504.000,true
before,2,mybatis_batch_4,6,7531,2821.923,8848.000,true
before,2,named_dialect_DB2,6,16301,1287.798,4392.000,true
before,2,mybatis_repeated_names,6,885,22969.379,58032.000,true
before,2,raw_select_expressions,6,13675,1462.640,2512.000,true
before,2,mybatis_batch_beans,6,2914,7190.837,22816.000,true
before,2,named_row_in,6,14192,1315.283,4144.000,true
before,2,mybatis_nested,6,16260,1245.394,3584.000,true
before,2,raw_batch_4,6,9409,2358.433,7456.000,true
before,2,mybatis_late_modifier,6,28007,730.367,2736.000,true
before,2,raw_insert_placeholders,6,32407,705.397,2096.000,true
before,2,positional_union_raw,6,20032,1138.074,1968.000,true
before,2,positional_batch_4,6,11568,1849.308,6032.000,true
before,2,named_union_builder,6,4818,4206.372,8984.000,true
before,2,positional_dialect_Microsoft_SQL_Server,6,17858,1176.470,3616.000,true
before,2,named_insert_entity,6,23830,902.744,2760.000,true
before,2,named_update_chain_16,6,1368,16106.140,47808.000,true
before,2,raw_update_chain_16,6,2575,7440.272,26256.000,true
before,2,mybatis_naming_NO_CHANGE,6,4903,4266.796,8024.000,true
before,2,positional_where_16,6,5207,3935.894,6696.000,true
before,2,positional_update_map,6,20835,1056.751,3192.000,true
before,2,mybatis_update_chain_16,6,1519,14584.595,40744.000,true
before,2,named_naming_KEBAB_CASE,6,3587,6100.084,11392.000,true
before,2,mybatis_select_star,6,81186,247.322,1240.000,true
before,2,mybatis_subquery_raw,6,32524,615.121,2352.000,true
before,2,mybatis_naming_UPPER_CAMEL_CASE,6,3601,5676.618,9520.000,true
before,2,mybatis_insert_values,6,19540,1106.586,2872.000,true
before,2,named_union_raw,6,19438,1083.959,1968.000,true
before,2,mybatis_in_17,6,10568,1833.072,6424.000,true
before,2,positional_where_eq,6,23649,905.865,2816.000,true
before,2,mybatis_pagination,6,17572,1224.420,3928.000,true
before,2,named_late_modifier,6,23630,741.849,2896.000,true
before,2,positional_insert_values,6,26490,839.154,2232.000,true
before,2,positional_naming_NO_CHANGE,6,6772,3105.168,4928.000,true
before,2,positional_where_128,6,697,28797.561,38992.000,true
before,2,raw_mixed_literals,6,14946,1443.162,3368.000,true
before,2,named_dialect_MySQL,6,16829,1292.109,4216.000,true
before,2,raw_select_columns,6,24850,808.744,2104.000,true
before,2,positional_naming_UPPER_CAMEL_CASE,6,4603,4431.588,6424.000,true
before,2,raw_in_256,6,1213,17560.264,56720.000,true
before,2,named_naming_NO_CHANGE,6,4636,4341.156,9624.000,true
before,2,mybatis_naming_KEBAB_CASE,6,3689,5800.759,9792.000,true
before,2,raw_where_eq,6,21208,931.347,2936.000,true
before,2,raw_pagination,6,20522,1005.316,3520.000,true
before,2,named_group_order,6,7414,2624.697,7512.000,true
before,2,mybatis_in_expression,6,990,21879.899,67800.000,true
before,2,positional_repeated_names,6,1412,15781.586,35520.000,true
before,2,named_update_map,6,12704,1684.572,4920.000,true
before,2,named_subquery_structured,6,12355,1726.248,5640.000,true
before,2,raw_naming_CAMEL_CASE,6,3975,5039.673,9360.000,true
before,2,positional_nested,6,17741,1098.963,3120.000,true
before,2,positional_join_using,6,24053,861.261,3224.000,true
before,2,custom_handler_union,6,4429,4670.400,9440.000,true
before,2,positional_raw_expression,6,19195,1057.510,2616.000,true
before,2,raw_naming_UPPER_CAMEL_CASE,6,3863,5243.464,9376.000,true
before,2,named_raw_expression,6,19596,1046.877,2616.000,true
before,2,positional_select_star,6,72135,232.959,1240.000,true
before,2,raw_update_map,6,16070,1286.596,3712.000,true
before,2,named_retry_rollback,6,5085,5030.206,8432.000,true
before,2,positional_row_in,6,20095,920.990,2752.000,true
before,2,positional_derived,6,6155,3746.158,7464.000,true
before,2,positional_in_expression,6,3975,4618.189,10904.000,true
before,2,positional_condition_only,6,5770,3707.955,5640.000,true
before,2,named_in_17,6,9671,2078.896,7968.000,true
before,2,named_subquery_raw,6,32626,643.848,2352.000,true
before,2,raw_insert_entity,6,25130,833.478,2128.000,true
before,2,positional_subquery_structured,6,14285,1308.470,4856.000,true
before,2,mybatis_where_eq,6,20241,990.914,3112.000,true
before,2,positional_in_256,6,5079,4695.688,9656.000,true
before,2,positional_batch_64,6,1237,18200.000,70320.000,true
before,2,raw_derived,6,5767,3475.863,7632.000,true
before,2,mybatis_batch_64,6,668,33827.395,117040.000,true
before,2,mybatis_mixed_literals,6,15574,1336.458,3608.000,true
before,2,raw_between,6,18291,1162.320,3432.000,true
before,2,named_insert_values,6,17971,1108.241,3176.000,true
before,2,named_condition_only,6,4155,4879.711,10328.000,true
before,2,raw_raw_expression,6,20267,1049.302,2616.000,true
before,2,named_select_entity,6,33609,545.613,1992.000,true
before,2,named_join_using,6,21402,972.965,3680.000,true
before,2,positional_dialect_PostgreSQL,6,19975,1045.202,3432.000,true
before,2,named_where_eq,6,18682,961.797,3272.000,true
before,2,raw_subquery_structured,6,15477,1321.645,4720.000,true
before,2,custom_handler_where,6,3841,5478.938,11424.000,true
before,2,positional_naming_KEBAB_CASE,6,4890,4280.225,6696.000,true
before,2,positional_union_builder,6,8904,2550.719,5992.000,true
before,2,named_derived,6,4872,4246.449,9536.000,true
before,2,mybatis_select_entity,6,35026,557.657,1992.000,true
before,2,named_batch_beans,6,2639,8287.609,26800.000,true
before,2,positional_select_columns,6,25949,763.806,2104.000,true
before,2,named_in_1024,6,175,106432.000,353296.000,true
before,2,named_nested,6,15951,1298.138,3816.000,true
before,2,raw_in_16,6,13065,1544.041,5680.000,true
before,2,raw_row_in,6,18939,1126.174,3168.000,true
before,2,positional_retry_rollback,6,4394,3408.147,6040.000,true
before,2,mybatis_derived,6,4848,4235.788,9456.000,true
before,2,positional_pagination,6,17485,925.530,3408.000,true
before,2,mybatis_condition_only,6,4403,4681.149,8728.000,true
before,2,positional_group_order,6,9689,2172.433,6160.000,true
before,2,mybatis_between,6,17404,1191.479,3592.000,true
before,2,named_in_256,6,859,24387.660,90792.000,true
before,2,raw_naming_NO_CHANGE,6,5373,3758.850,7880.000,true
before,2,named_pagination,6,16583,1215.492,4192.000,true
before,2,named_dialect_Microsoft_SQL_Server,6,12954,1485.124,4392.000,true
before,2,raw_select_star,6,84456,229.670,1240.000,true
before,2,mybatis_in_1024,6,239,103226.778,256976.000,true
before,2,mybatis_retry_rollback,6,4359,3963.868,7736.000,true
before,2,mybatis_update_map,6,13670,1528.559,4368.000,true
before,2,raw_batch_beans,6,3672,6586.247,16864.000,true
before,2,positional_naming_SCREAMING_SNAKE_CASE,6,4532,4255.671,6712.000,true
before,2,mybatis_subquery_structured,6,13042,1463.932,5384.000,true
before,2,raw_select_entity,6,32829,603.853,1992.000,true
before,2,mybatis_raw_expression,6,19790,1020.672,2616.000,true
before,2,mybatis_group_order,6,8103,2552.758,7088.000,true
before,2,mybatis_where_16,6,3952,5040.132,9792.000,true
before,2,raw_in_1024,6,304,69545.724,220328.000,true
before,2,raw_join_on,6,14973,1385.314,4016.000,true
before,2,named_select_expressions,6,13612,1443.271,2512.000,true
before,2,positional_insert_entity,6,37890,640.918,1816.000,true
before,2,raw_group_order,6,9622,2282.332,6256.000,true
before,2,named_join_on,6,14415,1504.669,4352.000,true
before,2,raw_nested,6,17106,1169.309,3448.000,true
before,2,named_select_star,6,89365,249.764,1240.000,true
before,2,named_naming_SCREAMING_SNAKE_CASE,6,3707,5422.228,11408.000,true
before,2,positional_update_chain_16,6,3511,6461.692,23168.000,true
before,2,mybatis_where_eq,7,20241,1007.969,3112.000,true
before,2,raw_in_256,7,1213,17083.677,56720.000,true
before,2,mybatis_nested,7,16260,1314.557,3584.000,true
before,2,mybatis_union_builder,7,5104,4155.172,8984.000,true
before,2,mybatis_batch_4,7,7531,2834.338,8848.000,true
before,2,raw_naming_SCREAMING_SNAKE_CASE,7,4104,5278.143,9664.000,true
before,2,positional_naming_NO_CHANGE,7,6772,3004.194,4928.000,true
before,2,named_in_17,7,9671,2109.709,7968.000,true
before,2,raw_select_expressions,7,13675,1521.133,2512.000,true
before,2,named_in_expression,7,772,25180.829,91824.000,true
before,2,positional_delete,7,67667,373.967,1544.000,true
before,2,positional_raw_expression,7,19195,974.566,2616.000,true
before,2,raw_join_on,7,14973,1367.795,4016.000,true
before,2,named_in_16,7,9745,2105.911,7680.000,true
before,2,mybatis_subquery_raw,7,32524,626.925,2352.000,true
before,2,raw_delete,7,54205,414.652,1664.000,true
before,2,named_in_1024,7,175,126936.000,353296.000,true
before,2,raw_between,7,18291,1131.928,3432.000,true
before,2,mybatis_retry_rollback,7,4359,4731.682,7736.000,true
before,2,positional_insert_values,7,26490,864.315,2232.000,true
before,2,positional_derived,7,6155,3601.202,7464.000,true
before,2,mybatis_row_in,7,17096,1219.355,3736.000,true
before,2,named_mixed_literals,7,14592,1410.026,3944.000,true
before,2,named_dialect_Oracle,7,16649,1273.830,4392.000,true
before,2,mybatis_group_order,7,8103,2616.278,7088.000,true
before,2,raw_repeated_names,7,997,21834.905,59056.000,true
before,2,mybatis_naming_CAMEL_CASE,7,3776,5410.726,9504.000,true
before,2,named_union_builder,7,4818,4395.890,8984.000,true
before,2,positional_where_16,7,5207,3972.114,6696.000,true
before,2,mybatis_select_columns,7,25518,796.414,2104.000,true
before,2,named_naming_KEBAB_CASE,7,3587,5557.067,11392.000,true
before,2,positional_dialect_PostgreSQL,7,19975,1013.632,3432.000,true
before,2,positional_condition_only,7,5770,3766.690,5640.000,true
before,2,raw_subquery_raw,7,33179,644.736,2352.000,true
before,2,named_row_in,7,14192,1216.883,4144.000,true
before,2,positional_insert_entity,7,37890,632.180,1816.000,true
before,2,positional_row_in,7,20095,945.738,2752.000,true
before,2,mybatis_where_16,7,3952,5018.826,9792.000,true
before,2,raw_naming_CAMEL_CASE,7,3975,5381.006,9360.000,true
before,2,positional_in_1024,7,1374,12495.852,28584.000,true
before,2,named_select_columns,7,24159,792.930,2104.000,true
before,2,raw_in_1024,7,304,70405.263,220328.000,true
before,2,raw_union_builder,7,8297,2467.639,6192.000,true
before,2,mybatis_in_256,7,1065,19744.789,66696.000,true
before,2,positional_select_columns,7,25949,845.038,2104.000,true
before,2,raw_in_17,7,12465,1612.820,5896.000,true
before,2,named_naming_SCREAMING_SNAKE_CASE,7,3707,5928.136,11408.000,true
before,2,raw_batch_4,7,9409,2130.343,7456.000,true
before,2,named_insert_placeholders,7,13045,997.723,3040.000,true
before,2,positional_where_128,7,697,29685.222,38992.000,true
before,2,positional_select_expressions,7,13932,1537.216,2512.000,true
before,2,named_select_star,7,89365,230.737,1240.000,true
before,2,named_update_chain_16,7,1368,15786.111,47808.000,true
before,2,named_naming_CAMEL_CASE,7,3571,5982.022,11104.000,true
before,2,mybatis_select_entity,7,35026,562.177,1992.000,true
before,2,positional_naming_UPPER_CAMEL_CASE,7,4603,4593.569,6424.000,true
before,2,positional_naming_SCREAMING_SNAKE_CASE,7,4532,4119.682,6712.000,true
before,2,named_join_using,7,21402,969.909,3680.000,true
before,2,mybatis_insert_placeholders,7,22640,953.171,2736.000,true
before,2,mybatis_naming_NO_CHANGE,7,4903,4147.216,8024.000,true
before,2,mybatis_naming_KEBAB_CASE,7,3689,5708.105,9792.000,true
before,2,raw_mixed_literals,7,14946,1454.931,3368.000,true
before,2,raw_naming_NO_CHANGE,7,5373,3799.293,7880.000,true
before,2,named_dialect_MySQL,7,16829,1243.080,4216.000,true
before,2,raw_retry_rollback,7,5921,2692.586,6400.000,true
before,2,mybatis_in_expression,7,990,21427.879,67800.000,true
before,2,raw_select_entity,7,32829,553.654,1992.000,true
before,2,mybatis_insert_values,7,19540,1151.494,2872.000,true
before,2,raw_naming_KEBAB_CASE,7,4136,4808.221,9648.000,true
before,2,named_where_eq,7,18682,1031.860,3272.000,true
before,2,mybatis_join_on,7,14632,1396.699,4192.000,true
before,2,positional_batch_beans,7,4022,4715.664,11200.000,true
before,2,named_subquery_structured,7,12355,1610.239,5640.000,true
before,2,mybatis_naming_SCREAMING_SNAKE_CASE,7,3923,5458.425,9808.000,true
before,2,positional_select_entity,7,37717,606.318,1992.000,true
before,2,raw_late_modifier,7,28460,708.626,2560.000,true
before,2,raw_group_order,7,9622,2245.770,6256.000,true
before,2,named_insert_entity,7,23830,950.151,2760.000,true
before,2,mybatis_derived,7,4848,4661.427,9456.000,true
before,2,raw_insert_entity,7,25130,826.486,2128.000,true
before,2,named_union_raw,7,19438,1059.543,1968.000,true
before,2,raw_join_using,7,20709,896.494,3344.000,true
before,2,raw_select_star,7,84456,240.903,1240.000,true
before,2,named_where_16,7,3748,5718.090,11392.000,true
before,2,mybatis_raw_expression,7,19790,1049.909,2616.000,true
before,2,named_naming_UPPER_CAMEL_CASE,7,3516,5908.390,11120.000,true
before,2,positional_naming_CAMEL_CASE,7,4736,4252.133,6408.000,true
before,2,positional_dialect_DB2,7,19073,1011.178,3616.000,true
before,2,raw_batch_64,7,931,23535.231,92416.000,true
before,2,raw_where_16,7,4174,5201.437,9648.000,true
before,2,raw_pagination,7,20522,1001.028,3520.000,true
before,2,positional_join_using,7,24053,871.675,3224.000,true
before,2,raw_update_chain_16,7,2575,7540.039,26256.000,true
before,2,mybatis_update_chain_16,7,1519,13108.558,40744.000,true
before,2,positional_in_17,7,24599,862.950,2752.000,true
before,2,named_select_entity,7,33609,591.836,1992.000,true
before,2,raw_batch_beans,7,3672,6234.532,16864.000,true
before,2,named_naming_NO_CHANGE,7,4636,4698.167,9624.000,true
before,2,positional_group_order,7,9689,2043.276,6160.000,true
before,2,named_join_on,7,14415,1443.607,4352.000,true
before,2,mybatis_between,7,17404,1139.681,3592.000,true
before,2,named_dialect_DB2,7,16301,1335.869,4392.000,true
before,2,positional_dialect_Microsoft_SQL_Server,7,17858,1214.453,3616.000,true
before,2,named_repeated_names,7,851,23774.501,70080.000,true
before,2,mybatis_late_modifier,7,28007,789.253,2736.000,true
before,2,positional_union_raw,7,20032,1122.664,1968.000,true
before,2,named_between,7,16560,1213.973,3848.000,true
before,2,raw_update_map,7,16070,1193.547,3712.000,true
before,2,positional_repeated_names,7,1412,14840.227,35520.000,true
before,2,mybatis_select_expressions,7,13803,1555.408,2512.000,true
before,2,positional_union_builder,7,8904,2340.274,5992.000,true
before,2,raw_nested,7,17106,1210.400,3448.000,true
before,2,named_in_256,7,859,25308.033,90792.000,true
before,2,positional_between,7,20263,987.647,3104.000,true
before,2,positional_in_16,7,25787,804.999,2736.000,true
before,2,raw_select_columns,7,24850,749.324,2104.000,true
before,2,named_raw_expression,7,19596,1043.407,2616.000,true
before,2,raw_in_16,7,13065,1650.226,5680.000,true
before,2,custom_handler_union,7,4429,4847.370,9440.000,true
before,2,raw_insert_values,7,22225,962.821,2544.000,true
before,2,positional_dialect_MySQL,7,21761,946.234,3432.000,true
before,2,custom_handler_where,7,3841,5585.967,11424.000,true
before,2,positional_insert_placeholders,7,30323,636.141,2096.000,true
before,2,mybatis_in_1024,7,239,95100.418,256976.000,true
before,2,named_nested,7,15951,1334.769,3816.000,true
before,2,raw_in_expression,7,1156,18562.284,57760.000,true
before,2,mybatis_union_raw,7,19174,1117.091,1968.000,true
before,2,positional_naming_KEBAB_CASE,7,4890,4581.820,6696.000,true
before,2,positional_update_chain_16,7,3511,6176.702,23168.000,true
before,2,named_batch_4,7,7383,2923.080,9800.000,true
before,2,positional_subquery_raw,7,35126,641.525,2352.000,true
before,2,named_condition_only,7,4155,4731.047,10328.000,true
before,2,mybatis_repeated_names,7,885,23771.412,58032.000,true
before,2,raw_where_128,7,557,35671.993,62680.000,true
before,2,positional_batch_4,7,11568,1810.961,6032.000,true
before,2,named_derived,7,4872,4793.904,9536.000,true
before,2,mybatis_in_16,7,11794,1713.812,6208.000,true
before,2,raw_derived,7,5767,3564.262,7632.000,true
before,2,raw_condition_only,7,4622,4598.940,8584.000,true
before,2,positional_update_map,7,20835,1044.488,3192.000,true
before,2,named_delete,7,38592,470.002,2000.000,true
before,2,positional_retry_rollback,7,4394,4150.546,6040.000,true
before,2,positional_batch_64,7,1237,19968.472,70320.000,true
before,2,positional_select_star,7,72135,249.036,1240.000,true
before,2,named_dialect_Microsoft_SQL_Server,7,12954,1496.881,4392.000,true
before,2,raw_subquery_structured,7,15477,1303.302,4720.000,true
before,2,mybatis_update_map,7,13670,1528.830,4368.000,true
before,2,mybatis_condition_only,7,4403,4504.361,8728.000,true
before,2,positional_subquery_structured,7,14285,1432.671,4856.000,true
before,2,raw_naming_UPPER_CAMEL_CASE,7,3863,5488.014,9376.000,true
before,2,mybatis_join_using,7,20425,963.045,3520.000,true
before,2,named_subquery_raw,7,32626,623.469,2352.000,true
before,2,named_dialect_PostgreSQL,7,15453,1320.824,4216.000,true
before,2,positional_dialect_Oracle,7,21371,1028.885,3616.000,true
before,2,named_batch_64,7,609,35881.117,133056.000,true
before,2,positional_pagination,7,17485,917.958,3408.000,true
before,2,named_late_modifier,7,23630,779.590,2896.000,true
before,2,mybatis_mixed_literals,7,15574,1405.387,3608.000,true
before,2,positional_in_256,7,5079,4546.997,9656.000,true
before,2,positional_join_on,7,15830,1257.827,3896.000,true
before,2,positional_nested,7,17741,1092.531,3120.000,true
before,2,named_where_128,7,451,42858.315,77464.000,true
before,2,raw_insert_placeholders,7,32407,696.257,2096.000,true
before,2,named_retry_rollback,7,5085,4945.015,8432.000,true
before,2,mybatis_delete,7,48534,445.576,1848.000,true
before,2,mybatis_subquery_structured,7,13042,1567.988,5384.000,true
before,2,named_select_expressions,7,13612,1520.651,2512.000,true
before,2,mybatis_pagination,7,17572,1164.170,3928.000,true
before,2,mybatis_in_17,7,10568,1798.741,6424.000,true
before,2,positional_where_eq,7,23649,906.939,2816.000,true
before,2,positional_in_expression,7,3975,4764.579,10904.000,true
before,2,raw_union_raw,7,19624,1120.021,1968.000,true
before,2,positional_mixed_literals,7,18781,1122.571,2976.000,true
before,2,mybatis_naming_UPPER_CAMEL_CASE,7,3601,6015.301,9520.000,true
before,2,mybatis_insert_entity,7,22555,908.628,2456.000,true
before,2,named_pagination,7,16583,1192.812,4192.000,true
before,2,mybatis_where_128,7,513,41007.797,64392.000,true
before,2,positional_late_modifier,7,33278,626.937,2440.000,true
before,2,mybatis_batch_64,7,668,34814.970,117040.000,true
before,2,named_batch_beans,7,2639,8394.733,26800.000,true
before,2,named_group_order,7,7414,2756.164,7512.000,true
before,2,raw_where_eq,7,21208,938.198,2936.000,true
before,2,named_update_map,7,12704,1673.575,4920.000,true
before,2,named_insert_values,7,17971,1144.722,3176.000,true
before,2,raw_row_in,7,18939,1078.135,3168.000,true
before,2,mybatis_batch_beans,7,2914,7134.969,22816.000,true
before,2,raw_raw_expression,7,20267,1070.509,2616.000,true
before,2,mybatis_select_star,7,81186,226.337,1240.000,true
before,2,named_derived,8,4872,4496.511,9536.000,true
before,2,raw_union_builder,8,8297,2512.462,6192.000,true
before,2,named_union_builder,8,4818,4056.725,8984.000,true
before,2,raw_in_17,8,12465,1720.955,5896.000,true
before,2,named_insert_placeholders,8,13045,990.050,3040.000,true
before,2,positional_in_1024,8,1374,13724.163,28584.000,true
before,2,mybatis_insert_values,8,19540,1136.684,2872.000,true
before,2,raw_in_expression,8,1156,18344.464,57760.000,true
before,2,positional_subquery_structured,8,14285,1343.269,4856.000,true
before,2,raw_naming_CAMEL_CASE,8,3975,5008.830,9360.000,true
before,2,mybatis_subquery_raw,8,32524,618.771,2352.000,true
before,2,positional_retry_rollback,8,4394,3158.375,6040.000,true
before,2,raw_subquery_structured,8,15477,1310.842,4720.000,true
before,2,raw_group_order,8,9622,2333.112,6256.000,true
before,2,positional_dialect_DB2,8,19073,973.444,3616.000,true
before,2,raw_late_modifier,8,28460,711.033,2560.000,true
before,2,mybatis_nested,8,16260,1357.276,3584.000,true
before,2,named_update_chain_16,8,1368,15045.906,47808.000,true
before,2,positional_select_star,8,72135,248.193,1240.000,true
before,2,positional_row_in,8,20095,833.939,2752.000,true
before,2,raw_raw_expression,8,20267,1026.161,2616.000,true
before,2,raw_update_map,8,16070,1299.571,3712.000,true
before,2,raw_join_using,8,20709,888.000,3344.000,true
before,2,mybatis_join_on,8,14632,1342.598,4192.000,true
before,2,positional_batch_64,8,1237,17894.341,70320.000,true
before,2,mybatis_in_16,8,11794,1671.469,6208.000,true
before,2,named_dialect_Oracle,8,16649,1298.739,4392.000,true
before,2,positional_nested,8,17741,1136.294,3120.000,true
before,2,named_row_in,8,14192,1311.711,4144.000,true
before,2,mybatis_batch_4,8,7531,2838.919,8848.000,true
before,2,raw_where_eq,8,21208,907.540,2936.000,true
before,2,named_in_17,8,9671,2170.841,7968.000,true
before,2,positional_delete,8,67667,374.632,1544.000,true
before,2,mybatis_naming_UPPER_CAMEL_CASE,8,3601,5759.178,9520.000,true
before,2,positional_insert_entity,8,37890,642.370,1816.000,true
before,2,mybatis_condition_only,8,4403,4886.623,8728.000,true
before,2,mybatis_repeated_names,8,885,22855.706,58032.000,true
before,2,raw_update_chain_16,8,2575,8929.010,26256.000,true
before,2,custom_handler_union,8,4429,4867.735,9440.000,true
before,2,positional_dialect_MySQL,8,21761,982.763,3432.000,true
before,2,raw_mixed_literals,8,14946,1380.704,3368.000,true
before,2,named_naming_UPPER_CAMEL_CASE,8,3516,6130.148,11120.000,true
before,2,mybatis_join_using,8,20425,907.574,3520.000,true
before,2,named_in_16,8,9745,2052.550,7680.000,true
before,2,named_select_columns,8,24159,753.297,2104.000,true
before,2,named_naming_NO_CHANGE,8,4636,4859.771,9624.000,true
before,2,named_union_raw,8,19438,1054.100,1968.000,true
before,2,positional_derived,8,6155,3433.144,7464.000,true
before,2,raw_nested,8,17106,1205.103,3448.000,true
before,2,positional_in_16,8,25787,809.179,2736.000,true
before,2,mybatis_subquery_structured,8,13042,1532.242,5384.000,true
before,2,mybatis_mixed_literals,8,15574,1401.072,3608.000,true
before,2,positional_join_on,8,15830,1279.179,3896.000,true
before,2,positional_dialect_Microsoft_SQL_Server,8,17858,1233.867,3616.000,true
before,2,raw_batch_beans,8,3672,7328.268,16864.000,true
before,2,named_join_using,8,21402,946.776,3680.000,true
before,2,raw_select_expressions,8,13675,1473.484,2512.000,true
before,2,positional_pagination,8,17485,912.331,3408.000,true
before,2,named_where_128,8,451,42033.481,77464.000,true
before,2,positional_dialect_PostgreSQL,8,19975,1025.166,3432.000,true
before,2,positional_update_chain_16,8,3511,6114.640,23168.000,true
before,2,raw_where_16,8,4174,5082.439,9648.000,true
before,2,mybatis_between,8,17404,1104.206,3592.000,true
before,2,mybatis_union_builder,8,5104,4382.759,8984.000,true
before,2,raw_between,8,18291,1143.278,3432.000,true
before,2,raw_insert_values,8,22225,936.859,2544.000,true
before,2,positional_repeated_names,8,1412,14919.972,35520.000,true
before,2,named_repeated_names,8,851,25365.217,70080.000,true
before,2,positional_in_expression,8,3975,4780.025,10904.000,true
before,2,named_mixed_literals,8,14592,1467.386,3944.000,true
before,2,raw_derived,8,5767,3820.253,7632.000,true
before,2,positional_join_using,8,24053,831.688,3224.000,true
before,2,mybatis_in_17,8,10568,1871.650,6424.000,true
before,2,mybatis_raw_expression,8,19790,979.070,2616.000,true
before,2,named_select_entity,8,33609,570.600,1992.000,true
before,2,positional_naming_NO_CHANGE,8,6772,3243.148,4928.000,true
before,2,named_in_1024,8,175,109158.857,353296.000,true
before,2,positional_late_modifier,8,33278,656.091,2440.000,true
before,2,positional_raw_expression,8,19195,1043.939,2616.000,true
before,2,raw_select_star,8,84456,225.233,1240.000,true
before,2,named_naming_KEBAB_CASE,8,3587,5868.943,11392.000,true
before,2,named_in_expression,8,772,26656.606,91824.000,true
before,2,named_subquery_structured,8,12355,1671.663,5640.000,true
before,2,raw_insert_placeholders,8,32407,709.881,2096.000,true
before,2,raw_in_16,8,13065,1506.567,5680.000,true
before,2,named_subquery_raw,8,32626,637.927,2352.000,true
before,2,named_where_16,8,3748,5789.674,11392.000,true
before,2,positional_in_256,8,5079,3881.611,9656.000,true
before,2,mybatis_naming_CAMEL_CASE,8,3776,5489.460,9504.000,true
before,2,mybatis_group_order,8,8103,2583.858,7088.000,true
before,2,mybatis_in_expression,8,990,22233.737,67800.000,true
before,2,named_condition_only,8,4155,4709.723,10328.000,true
before,2,named_select_star,8,89365,238.005,1240.000,true
before,2,positional_where_16,8,5207,4071.193,6696.000,true
before,2,raw_repeated_names,8,997,21508.325,59056.000,true
before,2,mybatis_union_raw,8,19174,1056.295,1968.000,true
before,2,named_retry_rollback,8,5085,4525.113,8432.000,true
before,2,named_where_eq,8,18682,1041.056,3272.000,true
before,2,raw_row_in,8,18939,1046.153,3168.000,true
before,2,raw_in_1024,8,304,69829.934,220328.000,true
before,2,raw_condition_only,8,4622,4766.075,8584.000,true
before,2,positional_naming_CAMEL_CASE,8,4736,4202.428,6408.000,true
before,2,custom_handler_where,8,3841,5473.366,11424.000,true
before,2,positional_select_expressions,8,13932,1448.270,2512.000,true
before,2,named_dialect_DB2,8,16301,1340.893,4392.000,true
before,2,mybatis_derived,8,4848,4424.979,9456.000,true
before,2,raw_retry_rollback,8,5921,2605.675,6400.000,true
before,2,raw_select_entity,8,32829,551.363,1992.000,true
before,2,mybatis_late_modifier,8,28007,715.268,2736.000,true
before,2,positional_batch_beans,8,4022,4137.519,11200.000,true
before,2,raw_union_raw,8,19624,1111.511,1968.000,true
before,2,positional_union_raw,8,20032,1059.210,1968.000,true
before,2,mybatis_retry_rollback,8,4359,3670.383,7736.000,true
before,2,mybatis_insert_entity,8,22555,867.901,2456.000,true
before,2,mybatis_delete,8,48534,455.273,1848.000,true
before,2,raw_where_128,8,557,36221.005,62680.000,true
before,2,positional_naming_KEBAB_CASE,8,4890,4403.252,6696.000,true
before,2,named_naming_CAMEL_CASE,8,3571,5843.265,11104.000,true
before,2,mybatis_row_in,8,17096,1204.650,3736.000,true
before,2,positional_union_builder,8,8904,2489.128,5992.000,true
before,2,named_join_on,8,14415,1396.497,4352.000,true
before,2,positional_update_map,8,20835,1023.129,3192.000,true
before,2,positional_batch_4,8,11568,1855.187,6032.000,true
before,2,raw_pagination,8,20522,977.814,3520.000,true
before,2,mybatis_naming_SCREAMING_SNAKE_CASE,8,3923,5479.404,9808.000,true
before,2,mybatis_where_eq,8,20241,943.733,3112.000,true
before,2,mybatis_insert_placeholders,8,22640,951.873,2736.000,true
before,2,raw_in_256,8,1213,18123.743,56720.000,true
before,2,named_late_modifier,8,23630,776.708,2896.000,true
before,2,raw_batch_64,8,931,23408.915,92416.000,true
before,2,mybatis_select_entity,8,35026,575.918,1992.000,true
before,2,mybatis_naming_KEBAB_CASE,8,3689,5262.863,9792.000,true
before,2,named_batch_beans,8,2639,8504.585,26800.000,true
before,2,mybatis_in_256,8,1065,21082.160,66696.000,true
before,2,positional_select_columns,8,25949,777.174,2104.000,true
before,2,named_nested,8,15951,1268.184,3816.000,true
before,2,named_update_map,8,12704,1644.821,4920.000,true
before,2,raw_select_columns,8,24850,753.811,2104.000,true
before,2,raw_naming_KEBAB_CASE,8,4136,5021.760,9648.000,true
before,2,mybatis_update_chain_16,8,1519,12987.228,40744.000,true
before,2,raw_naming_SCREAMING_SNAKE_CASE,8,4104,4962.914,9664.000,true
before,2,mybatis_in_1024,8,239,86539.331,256976.000,true
before,2,mybatis_select_columns,8,25518,737.856,2104.000,true
before,2,positional_subquery_raw,8,35126,618.764,2352.000,true
before,2,mybatis_select_star,8,81186,245.888,1240.000,true
before,2,positional_in_17,8,24599,796.545,2752.000,true
before,2,mybatis_batch_64,8,668,32242.066,117040.000,true
before,2,mybatis_pagination,8,17572,1050.598,3928.000,true
before,2,positional_between,8,20263,1001.204,3104.000,true
before,2,positional_insert_values,8,26490,891.563,2232.000,true
before,2,named_insert_values,8,17971,1108.458,3176.000,true
before,2,mybatis_where_128,8,513,40465.302,64392.000,true
before,2,mybatis_where_16,8,3952,5377.353,9792.000,true
before,2,named_batch_4,8,7383,2851.483,9800.000,true
before,2,named_insert_entity,8,23830,861.234,2760.000,true
before,2,positional_where_128,8,697,31195.839,38992.000,true
before,2,mybatis_naming_NO_CHANGE,8,4903,4075.117,8024.000,true
before,2,mybatis_update_map,8,13670,1579.941,4368.000,true
before,2,positional_naming_SCREAMING_SNAKE_CASE,8,4532,4143.667,6712.000,true
before,2,positional_naming_UPPER_CAMEL_CASE,8,4603,4618.922,6424.000,true
before,2,positional_dialect_Oracle,8,21371,994.118,3616.000,true
before,2,positional_where_eq,8,23649,885.234,2816.000,true
before,2,named_pagination,8,16583,1202.249,4192.000,true
before,2,named_in_256,8,859,25598.137,90792.000,true
before,2,raw_subquery_raw,8,33179,613.786,2352.000,true
before,2,raw_naming_UPPER_CAMEL_CASE,8,3863,5510.018,9376.000,true
before,2,raw_batch_4,8,9409,2461.590,7456.000,true
before,2,named_dialect_Microsoft_SQL_Server,8,12954,1491.856,4392.000,true
before,2,named_group_order,8,7414,2737.254,7512.000,true
before,2,named_naming_SCREAMING_SNAKE_CASE,8,3707,5664.527,11408.000,true
before,2,named_between,8,16560,1233.889,3848.000,true
before,2,raw_delete,8,54205,417.856,1664.000,true
before,2,named_select_expressions,8,13612,1477.630,2512.000,true
before,2,positional_insert_placeholders,8,30323,689.559,2096.000,true
before,2,raw_insert_entity,8,25130,1006.315,2128.000,true
before,2,named_dialect_MySQL,8,16829,1233.407,4216.000,true
before,2,positional_condition_only,8,5770,3590.433,5640.000,true
before,2,named_delete,8,38592,499.736,2000.000,true
before,2,raw_naming_NO_CHANGE,8,5373,3719.505,7880.000,true
before,2,named_raw_expression,8,19596,1143.289,2616.000,true
before,2,positional_select_entity,8,37717,598.566,1992.000,true
before,2,mybatis_batch_beans,8,2914,8376.596,22816.000,true
before,2,named_dialect_PostgreSQL,8,15453,1308.037,4216.000,true
before,2,positional_group_order,8,9689,2135.969,6160.000,true
before,2,raw_join_on,8,14973,1275.970,4016.000,true
before,2,positional_mixed_literals,8,18781,1090.533,2976.000,true
before,2,named_batch_64,8,609,36353.859,133056.000,true
before,2,mybatis_select_expressions,8,13803,1515.692,2512.000,true
before,2,named_late_modifier,9,23630,799.039,2896.000,true
before,2,named_insert_entity,9,23830,921.179,2760.000,true
before,2,named_in_expression,9,772,26846.503,91824.000,true
before,2,named_naming_CAMEL_CASE,9,3571,5959.115,11104.000,true
before,2,raw_select_star,9,84456,224.813,1240.000,true
before,2,named_batch_64,9,609,34356.979,133056.000,true
before,2,mybatis_nested,9,16260,1291.550,3584.000,true
before,2,mybatis_mixed_literals,9,15574,1257.602,3608.000,true
before,2,named_derived,9,4872,4553.181,9536.000,true
before,2,named_dialect_Oracle,9,16649,1284.245,4392.000,true
before,2,raw_batch_64,9,931,22601.074,92416.000,true
before,2,mybatis_batch_64,9,668,33219.611,117040.000,true
before,2,custom_handler_where,9,3841,5907.915,11424.000,true
before,2,named_mixed_literals,9,14592,1350.329,3944.000,true
before,2,positional_naming_UPPER_CAMEL_CASE,9,4603,4660.200,6424.000,true
before,2,positional_update_map,9,20835,1023.657,3192.000,true
before,2,mybatis_between,9,17404,1125.718,3592.000,true
before,2,positional_retry_rollback,9,4394,3097.132,6040.000,true
before,2,raw_late_modifier,9,28460,702.143,2560.000,true
before,2,positional_where_eq,9,23649,828.073,2816.000,true
before,2,mybatis_insert_placeholders,9,22640,938.507,2736.000,true
before,2,positional_condition_only,9,5770,3770.849,5640.000,true
before,2,raw_where_eq,9,21208,917.404,2936.000,true
before,2,raw_naming_NO_CHANGE,9,5373,3936.497,7880.000,true
before,2,raw_in_1024,9,304,72851.974,220328.000,true
before,2,mybatis_select_star,9,81186,238.914,1240.000,true
before,2,positional_insert_values,9,26490,833.715,2232.000,true
before,2,positional_in_17,9,24599,853.783,2752.000,true
before,2,named_dialect_PostgreSQL,9,15453,1273.086,4216.000,true
before,2,mybatis_where_16,9,3952,5205.187,9792.000,true
before,2,raw_in_expression,9,1156,18482.872,57760.000,true
before,2,positional_naming_SCREAMING_SNAKE_CASE,9,4532,4099.978,6712.000,true
before,2,mybatis_subquery_structured,9,13042,1629.083,5384.000,true
before,2,mybatis_naming_CAMEL_CASE,9,3776,5771.610,9504.000,true
before,2,positional_where_128,9,697,29115.782,38992.000,true
before,2,named_update_map,9,12704,1675.433,4920.000,true
before,2,positional_join_on,9,15830,1370.790,3896.000,true
before,2,raw_select_entity,9,32829,555.984,1992.000,true
before,2,raw_nested,9,17106,1226.511,3448.000,true
before,2,raw_naming_CAMEL_CASE,9,3975,5272.453,9360.000,true
before,2,raw_union_builder,9,8297,2466.434,6192.000,true
before,2,raw_in_16,9,13065,1731.848,5680.000,true
before,2,raw_update_chain_16,9,2575,8016.311,26256.000,true
before,2,named_in_17,9,9671,2267.180,7968.000,true
before,2,positional_select_entity,9,37717,580.537,1992.000,true
before,2,mybatis_row_in,9,17096,1226.082,3736.000,true
before,2,named_group_order,9,7414,2743.620,7512.000,true
before,2,raw_batch_4,9,9409,2144.936,7456.000,true
before,2,mybatis_batch_4,9,7531,2897.198,8848.000,true
before,2,named_naming_NO_CHANGE,9,4636,4517.645,9624.000,true
before,2,positional_pagination,9,17485,932.960,3408.000,true
before,2,named_dialect_DB2,9,16301,1304.699,4392.000,true
before,2,mybatis_condition_only,9,4403,4734.431,8728.000,true
before,2,raw_group_order,9,9622,2142.725,6256.000,true
before,2,mybatis_delete,9,48534,438.612,1848.000,true
before,2,named_update_chain_16,9,1368,15374.561,47808.000,true
before,2,mybatis_subquery_raw,9,32524,635.977,2352.000,true
before,2,raw_derived,9,5767,3495.336,7632.000,true
before,2,positional_batch_4,9,11568,1957.668,6032.000,true
before,2,mybatis_in_256,9,1065,20894.085,66696.000,true
before,2,positional_raw_expression,9,19195,1057.989,2616.000,true
before,2,raw_repeated_names,9,997,20006.620,59056.000,true
before,2,named_dialect_Microsoft_SQL_Server,9,12954,1549.375,4392.000,true
before,2,named_select_expressions,9,13612,1567.800,2512.000,true
before,2,mybatis_in_1024,9,239,99392.469,256976.000,true
before,2,mybatis_insert_entity,9,22555,896.262,2456.000,true
before,2,named_batch_beans,9,2639,8534.786,26800.000,true
before,2,named_select_entity,9,33609,582.121,1992.000,true
before,2,raw_batch_beans,9,3672,6169.472,16864.000,true
before,2,custom_handler_union,9,4429,4744.615,9440.000,true
before,2,named_join_using,9,21402,948.519,3680.000,true
before,2,positional_repeated_names,9,1412,15096.671,35520.000,true
before,2,positional_late_modifier,9,33278,609.294,2440.000,true
before,2,named_between,9,16560,1252.415,3848.000,true
before,2,positional_dialect_MySQL,9,21761,939.392,3432.000,true
before,2,positional_update_chain_16,9,3511,6168.983,23168.000,true
before,2,named_where_16,9,3748,5961.580,11392.000,true
before,2,raw_update_map,9,16070,1254.076,3712.000,true
before,2,positional_join_using,9,24053,835.609,3224.000,true
before,2,mybatis_join_on,9,14632,1449.925,4192.000,true
before,2,mybatis_update_chain_16,9,1519,13379.329,40744.000,true
before,2,mybatis_in_16,9,11794,1642.267,6208.000,true
before,2,raw_retry_rollback,9,5921,3239.368,6400.000,true
before,2,raw_subquery_structured,9,15477,1329.243,4720.000,true
before,2,mybatis_group_order,9,8103,2668.222,7088.000,true
before,2,mybatis_join_using,9,20425,923.442,3520.000,true
before,2,mybatis_late_modifier,9,28007,682.194,2736.000,true
before,2,mybatis_derived,9,4848,4396.390,9456.000,true
before,2,named_row_in,9,14192,1341.502,4144.000,true
before,2,positional_in_256,9,5079,4338.984,9656.000,true
before,2,positional_subquery_structured,9,14285,1399.475,4856.000,true
before,2,raw_mixed_literals,9,14946,1495.062,3368.000,true
before,2,named_join_on,9,14415,1389.962,4352.000,true
before,2,raw_row_in,9,18939,1120.265,3168.000,true
before,2,raw_join_on,9,14973,1307.400,4016.000,true
before,2,mybatis_pagination,9,17572,1145.402,3928.000,true
before,2,mybatis_naming_NO_CHANGE,9,4903,4432.348,8024.000,true
before,2,raw_insert_entity,9,25130,817.063,2128.000,true
before,2,named_naming_KEBAB_CASE,9,3587,5851.018,11392.000,true
before,2,raw_in_256,9,1213,17183.430,56720.000,true
before,2,positional_union_builder,9,8904,2295.013,5992.000,true
before,2,mybatis_in_17,9,10568,1855.299,6424.000,true
before,2,raw_raw_expression,9,20267,1004.776,2616.000,true
before,2,positional_batch_beans,9,4022,4573.173,11200.000,true
before,2,named_subquery_raw,9,32626,629.207,2352.000,true
before,2,positional_in_1024,9,1374,14163.100,28584.000,true
before,2,mybatis_where_128,9,513,39916.959,64392.000,true
before,2,raw_naming_UPPER_CAMEL_CASE,9,3863,5598.421,9376.000,true
before,2,positional_batch_64,9,1237,18011.318,70320.000,true
before,2,named_retry_rollback,9,5085,5081.770,8432.000,true
before,2,mybatis_raw_expression,9,19790,978.418,2616.000,true
before,2,positional_naming_CAMEL_CASE,9,4736,4799.303,6408.000,true
before,2,mybatis_batch_beans,9,2914,7843.617,22816.000,true
before,2,positional_nested,9,17741,1119.841,3120.000,true
before,2,mybatis_select_entity,9,35026,562.616,1992.000,true
before,2,mybatis_insert_values,9,19540,1079.145,2872.000,true
before,2,named_delete,9,38592,472.375,2000.000,true
before,2,positional_insert_placeholders,9,30323,694.417,2096.000,true
before,2,positional_union_raw,9,20032,1074.676,1968.000,true
before,2,positional_in_expression,9,3975,5370.566,10904.000,true
before,2,raw_join_using,9,20709,854.527,3344.000,true
before,2,named_raw_expression,9,19596,1026.342,2616.000,true
before,2,named_where_eq,9,18682,1072.594,3272.000,true
before,2,raw_between,9,18291,1171.844,3432.000,true
before,2,positional_select_expressions,9,13932,1470.177,2512.000,true
before,2,positional_row_in,9,20095,891.898,2752.000,true
before,2,raw_insert_placeholders,9,32407,664.468,2096.000,true
before,2,raw_select_expressions,9,13675,1586.611,2512.000,true
before,2,named_in_16,9,9745,1994.982,7680.000,true
before,2,positional_select_columns,9,25949,817.176,2104.000,true
before,2,positional_dialect_Microsoft_SQL_Server,9,17858,1213.809,3616.000,true
before,2,named_in_256,9,859,24015.600,90792.000,true
before,2,positional_where_16,9,5207,3931.054,6696.000,true
before,2,raw_naming_KEBAB_CASE,9,4136,5168.254,9648.000,true
before,2,positional_derived,9,6155,3403.802,7464.000,true
before,2,named_pagination,9,16583,1262.582,4192.000,true
before,2,positional_subquery_raw,9,35126,597.207,2352.000,true
before,2,positional_naming_NO_CHANGE,9,6772,3208.624,4928.000,true
before,2,named_insert_placeholders,9,13045,928.593,3040.000,true
before,2,named_naming_UPPER_CAMEL_CASE,9,3516,6333.817,11120.000,true
before,2,raw_where_128,9,557,36860.862,62680.000,true
before,2,raw_union_raw,9,19624,1082.007,1968.000,true
before,2,named_union_builder,9,4818,4295.994,8984.000,true
before,2,named_repeated_names,9,851,25200.588,70080.000,true
before,2,named_union_raw,9,19438,1055.618,1968.000,true
before,2,raw_delete,9,54205,428.494,1664.000,true
before,2,positional_dialect_Oracle,9,21371,1026.714,3616.000,true
before,2,named_select_star,9,89365,243.483,1240.000,true
before,2,mybatis_naming_SCREAMING_SNAKE_CASE,9,3923,5374.994,9808.000,true
before,2,positional_mixed_literals,9,18781,1117.172,2976.000,true
before,2,mybatis_select_expressions,9,13803,1449.489,2512.000,true
before,2,positional_dialect_PostgreSQL,9,19975,1026.638,3432.000,true
before,2,positional_between,9,20263,1039.436,3104.000,true
before,2,mybatis_union_builder,9,5104,4176.450,8984.000,true
before,2,mybatis_repeated_names,9,885,22365.989,58032.000,true
before,2,positional_insert_entity,9,37890,629.369,1816.000,true
before,2,mybatis_retry_rollback,9,4359,4450.356,7736.000,true
before,2,named_batch_4,9,7383,2950.332,9800.000,true
before,2,named_select_columns,9,24159,761.339,2104.000,true
before,2,positional_delete,9,67667,369.904,1544.000,true
before,2,positional_select_star,9,72135,270.776,1240.000,true
before,2,named_naming_SCREAMING_SNAKE_CASE,9,3707,5456.650,11408.000,true
before,2,mybatis_update_map,9,13670,1576.467,4368.000,true
before,2,named_subquery_structured,9,12355,1804.622,5640.000,true
before,2,named_where_128,9,451,41008.647,77464.000,true
before,2,mybatis_select_columns,9,25518,770.734,2104.000,true
before,2,raw_pagination,9,20522,975.124,3520.000,true
before,2,positional_naming_KEBAB_CASE,9,4890,4242.249,6696.000,true
before,2,mybatis_in_expression,9,990,20872.222,67800.000,true
before,2,named_condition_only,9,4155,5111.312,10328.000,true
before,2,raw_subquery_raw,9,33179,640.209,2352.000,true
before,2,mybatis_where_eq,9,20241,991.631,3112.000,true
before,2,named_in_1024,9,175,133276.000,353296.000,true
before,2,raw_select_columns,9,24850,795.795,2104.000,true
before,2,named_dialect_MySQL,9,16829,1318.367,4216.000,true
before,2,positional_dialect_DB2,9,19073,1007.518,3616.000,true
before,2,mybatis_naming_UPPER_CAMEL_CASE,9,3601,5548.514,9520.000,true
before,2,raw_in_17,9,12465,1640.714,5896.000,true
before,2,raw_condition_only,9,4622,4759.650,8584.000,true
before,2,positional_group_order,9,9689,2083.559,6160.000,true
before,2,raw_naming_SCREAMING_SNAKE_CASE,9,4104,5125.268,9664.000,true
before,2,named_insert_values,9,17971,1188.086,3176.000,true
before,2,raw_insert_values,9,22225,928.121,2544.000,true
before,2,raw_where_16,9,4174,5054.073,9648.000,true
before,2,mybatis_union_raw,9,19174,1076.515,1968.000,true
before,2,mybatis_naming_KEBAB_CASE,9,3689,5474.275,9792.000,true
before,2,positional_in_16,9,25787,828.794,2736.000,true
before,2,named_nested,9,15951,1269.024,3816.000,true
