version,fork,case,round,operations,ns_per_op,bytes_per_op,equivalent
before,5,raw_join_using,1,21654,966.547,3344.000,true
before,5,raw_batch_64,1,935,22304.385,94400.000,true
before,5,positional_repeated_names,1,1368,15581.213,35520.000,true
before,5,raw_naming_KEBAB_CASE,1,3813,4920.194,9648.000,true
before,5,raw_in_1024,1,293,71886.007,220328.000,true
before,5,mybatis_naming_KEBAB_CASE,1,3510,5788.120,10176.000,true
before,5,named_dialect_Oracle,1,15888,1347.980,4392.000,true
before,5,raw_in_16,1,12910,1587.026,5680.000,true
before,5,mybatis_insert_placeholders,1,22068,957.785,2736.000,true
before,5,raw_update_map,1,17112,1225.789,3712.000,true
before,5,mybatis_naming_NO_CHANGE,1,4258,4492.156,8408.000,true
before,5,mybatis_batch_4,1,7466,2870.855,8912.000,true
before,5,mybatis_select_entity,1,37171,558.158,1992.000,true
before,5,positional_in_1024,1,1509,14394.964,28584.000,true
before,5,named_between,1,15309,1248.338,3848.000,true
before,5,positional_naming_KEBAB_CASE,1,4803,4377.347,6696.000,true
before,5,positional_raw_expression,1,20421,987.640,2616.000,true
before,5,raw_late_modifier,1,28837,692.742,2560.000,true
before,5,mybatis_in_17,1,9988,2083.290,6832.000,true
before,5,named_update_chain_16,1,1312,15465.549,47808.000,true
before,5,positional_dialect_Microsoft_SQL_Server,1,15276,1230.564,3616.000,true
before,5,raw_retry_rollback,1,4723,4468.452,6400.000,true
before,5,named_dialect_PostgreSQL,1,14963,1344.824,4216.000,true
before,5,named_insert_values,1,19613,1134.329,3176.000,true
before,5,positional_in_16,1,25870,823.630,2736.000,true
before,5,mybatis_naming_CAMEL_CASE,1,3411,6057.080,9888.000,true
before,5,raw_raw_expression,1,20246,995.653,2616.000,true
before,5,positional_mixed_literals,1,17849,1082.963,2976.000,true
before,5,raw_subquery_raw,1,33265,647.386,2352.000,true
before,5,raw_mixed_literals,1,14473,1503.013,3368.000,true
before,5,custom_handler_where,1,3518,5926.379,11424.000,true
before,5,positional_dialect_Oracle,1,20436,1021.995,3616.000,true
before,5,positional_subquery_structured,1,14988,1332.212,4856.000,true
before,5,positional_where_16,1,4908,4303.525,6696.000,true
before,5,positional_in_expression,1,3937,4856.744,10904.000,true
before,5,mybatis_subquery_structured,1,12920,1593.669,5408.000,true
before,5,positional_insert_entity,1,37395,593.336,1816.000,true
before,5,named_naming_NO_CHANGE,1,3100,4660.774,9624.000,true
before,5,mybatis_join_on,1,15071,1374.886,4216.000,true
before,5,mybatis_select_star,1,91991,250.767,1240.000,true
before,5,raw_select_entity,1,37245,569.650,1992.000,true
before,5,mybatis_where_eq,1,18521,953.042,3136.000,true
before,5,positional_naming_CAMEL_CASE,1,4669,4438.574,6408.000,true
before,5,raw_naming_SCREAMING_SNAKE_CASE,1,4068,5129.572,9664.000,true
before,5,mybatis_union_builder,1,4895,4442.697,8960.000,true
before,5,named_in_17,1,9571,2191.046,7968.000,true
before,5,raw_repeated_names,1,955,20541.466,59056.000,true
before,5,mybatis_batch_beans,1,2938,7510.654,22072.000,true
before,5,positional_retry_rollback,1,8018,3216.288,6040.000,true
before,5,raw_naming_NO_CHANGE,1,5256,3927.511,7880.000,true
before,5,raw_where_128,1,564,40274.113,62680.000,true
before,5,named_late_modifier,1,27047,746.367,2896.000,true
before,5,raw_select_expressions,1,13613,1509.021,2512.000,true
before,5,named_insert_entity,1,22882,941.185,2760.000,true
before,5,raw_naming_CAMEL_CASE,1,3923,5350.370,9360.000,true
before,5,raw_nested,1,17126,1189.735,3448.000,true
before,5,named_raw_expression,1,20283,1058.448,2616.000,true
before,5,named_in_256,1,801,26772.035,90792.000,true
before,5,raw_batch_beans,1,3926,6576.872,16120.000,true
before,5,mybatis_naming_UPPER_CAMEL_CASE,1,3371,6188.342,9904.000,true
before,5,named_subquery_raw,1,33529,602.037,2352.000,true
before,5,mybatis_subquery_raw,1,32538,623.818,2352.000,true
before,5,mybatis_in_1024,1,206,107468.447,281552.000,true
before,5,mybatis_mixed_literals,1,14446,1461.713,3680.000,true
before,5,mybatis_union_raw,1,19574,1137.872,1968.000,true
before,5,positional_update_map,1,20311,1026.365,3192.000,true
before,5,named_in_16,1,9814,2166.894,7680.000,true
before,5,named_dialect_DB2,1,16073,1389.703,4392.000,true
before,5,mybatis_row_in,1,16222,1336.876,3832.000,true
before,5,positional_dialect_DB2,1,20721,1010.815,3616.000,true
before,5,raw_update_chain_16,1,2336,7719.563,26256.000,true
before,5,named_batch_4,1,7322,2880.074,9864.000,true
before,5,named_join_using,1,20925,1009.391,3680.000,true
before,5,positional_dialect_PostgreSQL,1,20029,1108.672,3432.000,true
before,5,named_dialect_MySQL,1,16257,1271.994,4216.000,true
before,5,positional_join_on,1,16330,1297.018,3896.000,true
before,5,named_batch_64,1,614,38316.287,135040.000,true
before,5,positional_naming_SCREAMING_SNAKE_CASE,1,4975,4057.568,6712.000,true
before,5,named_where_eq,1,20583,1004.499,3272.000,true
before,5,raw_row_in,1,19059,1118.826,3168.000,true
before,5,mybatis_pagination,1,17887,1152.267,3952.000,true
before,5,named_select_columns,1,26920,774.484,2104.000,true
before,5,positional_join_using,1,24307,857.749,3224.000,true
before,5,named_dialect_Microsoft_SQL_Server,1,13922,1518.776,4392.000,true
before,5,positional_in_17,1,25415,864.415,2752.000,true
before,5,named_naming_SCREAMING_SNAKE_CASE,1,3533,5955.222,11408.000,true
before,5,named_condition_only,1,3895,5288.113,10328.000,true
before,5,named_union_builder,1,5028,4937.609,8936.000,true
before,5,raw_pagination,1,20220,975.870,3520.000,true
before,5,positional_insert_placeholders,1,31351,667.928,2096.000,true
before,5,mybatis_naming_SCREAMING_SNAKE_CASE,1,3541,6110.336,10192.000,true
before,5,mybatis_nested,1,16229,1265.617,3632.000,true
before,5,positional_where_eq,1,23951,860.294,2816.000,true
before,5,raw_between,1,18166,1085.864,3432.000,true
before,5,positional_batch_64,1,1163,17832.846,72304.000,true
before,5,named_join_on,1,14670,1429.666,4352.000,true
before,5,positional_select_expressions,1,13902,1555.172,2512.000,true
before,5,raw_where_16,1,4192,4932.204,9648.000,true
before,5,named_pagination,1,16446,1237.085,4192.000,true
before,5,raw_union_builder,1,8402,2454.856,6120.000,true
before,5,positional_union_builder,1,8770,2340.924,5920.000,true
before,5,raw_join_on,1,15313,1391.550,4016.000,true
before,5,named_repeated_names,1,820,26322.317,70080.000,true
before,5,mybatis_update_chain_16,1,1550,13661.097,40768.000,true
before,5,raw_batch_4,1,9670,2262.099,7520.000,true
before,5,positional_row_in,1,23069,828.033,2752.000,true
before,5,mybatis_in_expression,1,844,26604.502,73920.000,true
before,5,mybatis_select_expressions,1,13770,1563.304,2512.000,true
before,5,raw_insert_placeholders,1,30197,624.300,2096.000,true
before,5,raw_union_raw,1,19351,1188.554,1968.000,true
before,5,raw_subquery_structured,1,14964,1388.158,4720.000,true
before,5,raw_select_columns,1,26808,813.876,2104.000,true
before,5,named_group_order,1,7790,2618.190,7512.000,true
before,5,mybatis_where_16,1,3618,5792.648,10176.000,true
before,5,raw_derived,1,5916,3692.596,7632.000,true
before,5,mybatis_late_modifier,1,27273,734.712,2760.000,true
before,5,positional_select_columns,1,28056,777.951,2104.000,true
before,5,raw_insert_values,1,22536,986.892,2544.000,true
before,5,mybatis_raw_expression,1,19038,953.588,2616.000,true
before,5,mybatis_delete,1,48971,451.473,1872.000,true
before,5,mybatis_insert_entity,1,24777,843.682,2456.000,true
before,5,named_mixed_literals,1,14349,1390.153,3944.000,true
before,5,positional_union_raw,1,19544,1150.681,1968.000,true
before,5,mybatis_select_columns,1,27192,774.360,2104.000,true
before,5,mybatis_batch_64,1,644,32722.826,119024.000,true
before,5,named_batch_beans,1,2545,7779.411,26056.000,true
before,5,raw_in_expression,1,1114,19232.316,57760.000,true
before,5,raw_in_17,1,12071,1683.663,5896.000,true
before,5,positional_naming_UPPER_CAMEL_CASE,1,4718,4423.866,6424.000,true
before,5,named_where_16,1,3551,6149.732,11392.000,true
before,5,named_update_map,1,12449,1762.856,4920.000,true
before,5,custom_handler_union,1,4343,4618.996,9392.000,true
before,5,named_select_star,1,77825,236.360,1240.000,true
before,5,mybatis_between,1,16180,1357.077,3640.000,true
before,5,mybatis_insert_values,1,19762,1059.336,2872.000,true
before,5,raw_where_eq,1,18981,877.925,2936.000,true
before,5,mybatis_join_using,1,21497,968.591,3544.000,true
before,5,raw_select_star,1,82132,258.682,1240.000,true
before,5,positional_group_order,1,9794,2129.273,6160.000,true
before,5,raw_group_order,1,9701,2146.449,6256.000,true
before,5,positional_delete,1,55689,357.588,1544.000,true
before,5,named_union_raw,1,19789,1156.698,1968.000,true
before,5,mybatis_in_256,1,852,24569.836,72840.000,true
before,5,named_naming_CAMEL_CASE,1,3264,5970.098,11104.000,true
before,5,positional_select_star,1,93851,245.497,1240.000,true
before,5,positional_subquery_raw,1,33895,629.063,2352.000,true
before,5,positional_naming_NO_CHANGE,1,6721,2960.467,4928.000,true
before,5,positional_insert_values,1,27758,805.815,2232.000,true
before,5,positional_dialect_MySQL,1,21313,1021.400,3432.000,true
before,5,named_derived,1,4730,4092.643,9536.000,true
before,5,named_subquery_structured,1,11826,1738.787,5640.000,true
before,5,positional_late_modifier,1,33814,619.870,2440.000,true
before,5,mybatis_repeated_names,1,869,24856.272,61104.000,true
before,5,mybatis_update_map,1,12828,1728.820,4392.000,true
before,5,positional_derived,1,6181,3509.675,7464.000,true
before,5,positional_in_256,1,3909,4474.878,9656.000,true
before,5,raw_insert_entity,1,28052,737.523,2128.000,true
before,5,named_delete,1,47970,453.021,2000.000,true
before,5,named_select_expressions,1,13764,1620.060,2512.000,true
before,5,positional_nested,1,18967,1115.205,3120.000,true
before,5,positional_select_entity,1,37289,546.590,1992.000,true
before,5,mybatis_where_128,1,474,44269.409,67464.000,true
before,5,positional_update_chain_16,1,3413,6386.669,23168.000,true
before,5,named_naming_KEBAB_CASE,1,3507,6031.024,11392.000,true
before,5,mybatis_derived,1,4954,4154.602,9504.000,true
before,5,named_in_expression,1,767,28209.257,91824.000,true
before,5,mybatis_condition_only,1,4011,5269.334,9112.000,true
before,5,named_nested,1,15817,1248.157,3816.000,true
before,5,raw_in_256,1,1154,18665.165,56720.000,true
before,5,named_insert_placeholders,1,11021,999.374,3040.000,true
before,5,positional_where_128,1,680,30223.088,38992.000,true
before,5,named_where_128,1,451,47401.552,77464.000,true
before,5,positional_batch_beans,1,3830,3427.363,10456.000,true
before,5,mybatis_in_16,1,10298,2027.967,6592.000,true
before,5,mybatis_group_order,1,8401,2560.350,7112.000,true
before,5,named_retry_rollback,1,4723,4174.317,8432.000,true
before,5,raw_naming_UPPER_CAMEL_CASE,1,3970,5575.088,9376.000,true
before,5,positional_batch_4,1,5535,1709.919,6096.000,true
before,5,positional_condition_only,1,5836,3547.190,5640.000,true
before,5,raw_delete,1,55154,430.875,1664.000,true
before,5,named_select_entity,1,35471,555.521,1992.000,true
before,5,positional_pagination,1,22023,926.459,3408.000,true
before,5,named_in_1024,1,179,110735.754,353296.000,true
before,5,raw_condition_only,1,4569,4561.086,8584.000,true
before,5,mybatis_retry_rollback,1,5057,3967.234,7760.000,true
before,5,positional_between,1,20183,1049.502,3104.000,true
before,5,named_naming_UPPER_CAMEL_CASE,1,3354,6376.714,11120.000,true
before,5,named_row_in,1,16046,1249.053,4144.000,true
before,5,mybatis_row_in,2,16222,1351.991,3832.000,true
before,5,mybatis_join_using,2,21497,965.539,3544.000,true
before,5,named_derived,2,4730,4648.161,9536.000,true
before,5,mybatis_pagination,2,17887,1153.206,3952.000,true
before,5,named_insert_entity,2,22882,905.069,2760.000,true
before,5,positional_naming_UPPER_CAMEL_CASE,2,4718,4582.895,6424.000,true
before,5,raw_in_1024,2,293,72098.976,220328.000,true
before,5,named_union_builder,2,5028,4135.819,8936.000,true
before,5,mybatis_batch_beans,2,2938,7262.457,22072.000,true
before,5,raw_naming_UPPER_CAMEL_CASE,2,3970,5315.315,9376.000,true
before,5,named_batch_4,2,7322,2789.265,9864.000,true
before,5,mybatis_insert_placeholders,2,22068,1016.617,2736.000,true
before,5,raw_late_modifier,2,28837,680.757,2560.000,true
before,5,raw_delete,2,55154,431.091,1664.000,true
before,5,raw_pagination,2,20220,965.089,3520.000,true
before,5,named_insert_placeholders,2,11021,1036.349,3040.000,true
before,5,named_in_1024,2,179,117995.531,353296.000,true
before,5,positional_insert_entity,2,37395,607.290,1816.000,true
before,5,named_in_17,2,9571,2233.246,7968.000,true
before,5,named_pagination,2,16446,1214.247,4192.000,true
before,5,mybatis_batch_4,2,7466,2687.785,8912.000,true
before,5,named_between,2,15309,1266.758,3848.000,true
before,5,positional_naming_KEBAB_CASE,2,4803,4045.388,6696.000,true
before,5,positional_join_using,2,24307,868.598,3224.000,true
before,5,mybatis_select_columns,2,27192,784.245,2104.000,true
before,5,mybatis_select_star,2,91991,225.045,1240.000,true
before,5,positional_subquery_structured,2,14988,1451.675,4856.000,true
before,5,custom_handler_where,2,3518,6111.597,11424.000,true
before,5,positional_mixed_literals,2,17849,1143.106,2976.000,true
before,5,raw_derived,2,5916,3549.425,7632.000,true
before,5,raw_in_17,2,12071,1747.867,5896.000,true
before,5,named_in_256,2,801,28040.325,90792.000,true
before,5,positional_batch_64,2,1163,17632.072,72304.000,true
before,5,mybatis_derived,2,4954,4679.572,9504.000,true
before,5,raw_subquery_structured,2,14964,1246.024,4720.000,true
before,5,raw_where_16,2,4192,5096.851,9648.000,true
before,5,mybatis_nested,2,16229,1309.274,3632.000,true
before,5,positional_where_16,2,4908,4161.736,6696.000,true
before,5,mybatis_naming_UPPER_CAMEL_CASE,2,3371,6315.871,9904.000,true
before,5,positional_dialect_MySQL,2,21313,979.825,3432.000,true
before,5,raw_join_using,2,21654,892.611,3344.000,true
before,5,positional_union_raw,2,19544,1127.743,1968.000,true
before,5,named_mixed_literals,2,14349,1409.868,3944.000,true
before,5,named_condition_only,2,3895,5196.046,10328.000,true
before,5,mybatis_select_expressions,2,13770,1597.763,2512.000,true
before,5,raw_between,2,18166,1081.355,3432.000,true
before,5,named_update_map,2,12449,1705.173,4920.000,true
before,5,positional_in_16,2,25870,817.785,2736.000,true
before,5,mybatis_late_modifier,2,27273,714.106,2760.000,true
before,5,mybatis_update_chain_16,2,1550,13080.387,40768.000,true
before,5,raw_where_eq,2,18981,935.651,2936.000,true
before,5,mybatis_mixed_literals,2,14446,1358.002,3680.000,true
before,5,positional_repeated_names,2,1368,16207.822,35520.000,true
before,5,raw_select_entity,2,37245,551.030,1992.000,true
before,5,raw_subquery_raw,2,33265,600.511,2352.000,true
before,5,mybatis_insert_entity,2,24777,888.316,2456.000,true
before,5,raw_mixed_literals,2,14473,1333.290,3368.000,true
before,5,positional_batch_4,2,5535,1989.286,6096.000,true
before,5,positional_derived,2,6181,3476.428,7464.000,true
before,5,positional_naming_CAMEL_CASE,2,4669,4488.541,6408.000,true
before,5,raw_batch_4,2,9670,2205.553,7520.000,true
before,5,named_update_chain_16,2,1312,15422.027,47808.000,true
before,5,named_subquery_raw,2,33529,625.790,2352.000,true
before,5,positional_select_star,2,93851,254.953,1240.000,true
before,5,raw_update_chain_16,2,2336,8552.911,26256.000,true
before,5,raw_in_256,2,1154,17704.939,56720.000,true
before,5,mybatis_naming_NO_CHANGE,2,4258,4848.426,8408.000,true
before,5,raw_nested,2,17126,1292.421,3448.000,true
before,5,mybatis_union_builder,2,4895,4152.564,8960.000,true
before,5,positional_naming_NO_CHANGE,2,6721,3123.345,4928.000,true
before,5,positional_naming_SCREAMING_SNAKE_CASE,2,4975,4202.090,6712.000,true
before,5,positional_union_builder,2,8770,2505.234,5920.000,true
before,5,positional_dialect_Microsoft_SQL_Server,2,15276,1154.726,3616.000,true
before,5,positional_join_on,2,16330,1340.692,3896.000,true
before,5,named_dialect_Microsoft_SQL_Server,2,13922,1478.265,4392.000,true
before,5,named_in_16,2,9814,2075.433,7680.000,true
before,5,positional_delete,2,55689,353.240,1544.000,true
before,5,raw_select_columns,2,26808,770.602,2104.000,true
before,5,named_dialect_MySQL,2,16257,1247.383,4216.000,true
before,5,mybatis_update_map,2,12828,1538.486,4392.000,true
before,5,mybatis_naming_CAMEL_CASE,2,3411,6459.543,9888.000,true
before,5,positional_batch_beans,2,3830,4341.253,10456.000,true
before,5,positional_raw_expression,2,20421,1021.287,2616.000,true
before,5,positional_where_128,2,680,30392.206,38992.000,true
before,5,positional_dialect_PostgreSQL,2,20029,1011.963,3432.000,true
before,5,named_insert_values,2,19613,1138.551,3176.000,true
before,5,positional_select_columns,2,28056,840.929,2104.000,true
before,5,raw_naming_KEBAB_CASE,2,3813,4991.136,9648.000,true
before,5,named_nested,2,15817,1353.689,3816.000,true
before,5,mybatis_between,2,16180,1361.100,3640.000,true
before,5,positional_group_order,2,9794,2038.615,6160.000,true
before,5,mybatis_join_on,2,15071,1386.351,4216.000,true
before,5,raw_row_in,2,19059,1074.668,3168.000,true
before,5,mybatis_in_expression,2,844,24979.502,73920.000,true
before,5,raw_union_builder,2,8402,2531.171,6120.000,true
before,5,named_group_order,2,7790,2710.899,7512.000,true
before,5,mybatis_group_order,2,8401,2539.400,7112.000,true
before,5,positional_between,2,20183,1044.696,3104.000,true
before,5,mybatis_select_entity,2,37171,587.229,1992.000,true
before,5,named_dialect_DB2,2,16073,1322.510,4392.000,true
before,5,positional_in_1024,2,1509,13829.026,28584.000,true
before,5,named_batch_beans,2,2545,8205.422,26056.000,true
before,5,named_late_modifier,2,27047,751.806,2896.000,true
before,5,mybatis_delete,2,48971,429.213,1872.000,true
before,5,positional_update_map,2,20311,1023.066,3192.000,true
before,5,positional_retry_rollback,2,8018,2985.533,6040.000,true
before,5,positional_in_expression,2,3937,5157.201,10904.000,true
before,5,named_where_eq,2,20583,977.894,3272.000,true
before,5,named_in_expression,2,767,29042.764,91824.000,true
before,5,positional_dialect_Oracle,2,20436,1077.779,3616.000,true
before,5,named_select_expressions,2,13764,1483.515,2512.000,true
before,5,mybatis_subquery_structured,2,12920,1768.413,5408.000,true
before,5,positional_row_in,2,23069,931.384,2752.000,true
before,5,named_naming_CAMEL_CASE,2,3264,5917.218,11104.000,true
before,5,raw_insert_placeholders,2,30197,680.584,2096.000,true
before,5,mybatis_raw_expression,2,19038,1037.872,2616.000,true
before,5,named_select_columns,2,26920,796.947,2104.000,true
before,5,raw_naming_NO_CHANGE,2,5256,3851.769,7880.000,true
before,5,raw_raw_expression,2,20246,1005.942,2616.000,true
before,5,mybatis_in_16,2,10298,2047.417,6592.000,true
before,5,mybatis_where_128,2,474,43575.316,67464.000,true
before,5,mybatis_where_16,2,3618,5981.039,10176.000,true
before,5,raw_join_on,2,15313,1268.399,4016.000,true
before,5,named_join_on,2,14670,1359.005,4352.000,true
before,5,mybatis_batch_64,2,644,32314.752,119024.000,true
before,5,mybatis_union_raw,2,19574,1113.487,1968.000,true
before,5,mybatis_in_17,2,9988,2075.280,6832.000,true
before,5,positional_select_expressions,2,13902,1491.196,2512.000,true
before,5,raw_update_map,2,17112,1273.755,3712.000,true
before,5,mybatis_in_256,2,852,24183.920,72840.000,true
before,5,raw_batch_64,2,935,22964.920,94400.000,true
before,5,positional_where_eq,2,23951,892.080,2816.000,true
before,5,positional_in_256,2,3909,4217.856,9656.000,true
before,5,named_delete,2,47970,455.714,2000.000,true
before,5,positional_late_modifier,2,33814,659.641,2440.000,true
before,5,named_row_in,2,16046,1308.432,4144.000,true
before,5,named_dialect_Oracle,2,15888,1333.585,4392.000,true
before,5,named_batch_64,2,614,37993.485,135040.000,true
before,5,named_select_star,2,77825,236.272,1240.000,true
before,5,positional_update_chain_16,2,3413,6483.534,23168.000,true
before,5,positional_in_17,2,25415,814.110,2752.000,true
before,5,positional_condition_only,2,5836,3796.213,5640.000,true
before,5,named_naming_NO_CHANGE,2,3100,4943.323,9624.000,true
before,5,named_repeated_names,2,820,25500.488,70080.000,true
before,5,positional_select_entity,2,37289,560.449,1992.000,true
before,5,raw_batch_beans,2,3926,5221.956,16120.000,true
before,5,named_naming_UPPER_CAMEL_CASE,2,3354,6388.432,11120.000,true
before,5,raw_insert_values,2,22536,988.383,2544.000,true
before,5,mybatis_where_eq,2,18521,928.038,3136.000,true
before,5,positional_nested,2,18967,1095.840,3120.000,true
before,5,mybatis_condition_only,2,4011,5461.132,9112.000,true
before,5,raw_group_order,2,9701,2071.457,6256.000,true
before,5,named_join_using,2,20925,997.128,3680.000,true
before,5,raw_in_expression,2,1114,19558.438,57760.000,true
before,5,named_union_raw,2,19789,1146.950,1968.000,true
before,5,named_naming_KEBAB_CASE,2,3507,5928.115,11392.000,true
before,5,raw_repeated_names,2,955,22739.162,59056.000,true
before,5,raw_naming_SCREAMING_SNAKE_CASE,2,4068,4881.932,9664.000,true
before,5,raw_select_star,2,82132,268.325,1240.000,true
before,5,mybatis_naming_KEBAB_CASE,2,3510,5900.171,10176.000,true
before,5,named_dialect_PostgreSQL,2,14963,1290.042,4216.000,true
before,5,named_raw_expression,2,20283,1027.954,2616.000,true
before,5,named_subquery_structured,2,11826,1712.540,5640.000,true
before,5,positional_pagination,2,22023,920.778,3408.000,true
before,5,positional_subquery_raw,2,33895,637.501,2352.000,true
before,5,mybatis_subquery_raw,2,32538,637.387,2352.000,true
before,5,mybatis_naming_SCREAMING_SNAKE_CASE,2,3541,6196.329,10192.000,true
before,5,named_retry_rollback,2,4723,4442.642,8432.000,true
before,5,raw_select_expressions,2,13613,1551.466,2512.000,true
before,5,raw_insert_entity,2,28052,805.169,2128.000,true
before,5,positional_insert_values,2,27758,790.093,2232.000,true
before,5,named_where_16,2,3551,6043.453,11392.000,true
before,5,raw_union_raw,2,19351,1052.592,1968.000,true
before,5,mybatis_in_1024,2,206,101152.427,281552.000,true
before,5,raw_naming_CAMEL_CASE,2,3923,5436.273,9360.000,true
before,5,raw_in_16,2,12910,1682.874,5680.000,true
before,5,positional_dialect_DB2,2,20721,1047.416,3616.000,true
before,5,raw_retry_rollback,2,4723,3207.601,6400.000,true
before,5,named_where_128,2,451,43916.408,77464.000,true
before,5,raw_condition_only,2,4569,4573.517,8584.000,true
before,5,mybatis_repeated_names,2,869,25461.220,61104.000,true
before,5,named_select_entity,2,35471,516.986,1992.000,true
before,5,mybatis_retry_rollback,2,5057,4084.457,7760.000,true
before,5,named_naming_SCREAMING_SNAKE_CASE,2,3533,6164.223,11408.000,true
before,5,mybatis_insert_values,2,19762,1070.094,2872.000,true
before,5,raw_where_128,2,564,39166.135,62680.000,true
before,5,positional_insert_placeholders,2,31351,697.668,2096.000,true
before,5,custom_handler_union,2,4343,4989.915,9392.000,true
before,5,raw_update_map,3,17112,1253.962,3712.000,true
before,5,mybatis_naming_CAMEL_CASE,3,3411,5876.371,9888.000,true
before,5,mybatis_naming_NO_CHANGE,3,4258,4790.042,8408.000,true
before,5,raw_in_expression,3,1114,18061.400,57760.000,true
before,5,positional_select_columns,3,28056,807.820,2104.000,true
before,5,positional_derived,3,6181,3584.938,7464.000,true
before,5,mybatis_in_expression,3,844,26444.431,73920.000,true
before,5,mybatis_join_on,3,15071,1284.082,4216.000,true
before,5,positional_batch_4,3,5535,1825.149,6096.000,true
before,5,named_naming_KEBAB_CASE,3,3507,5764.842,11392.000,true
before,5,named_dialect_MySQL,3,16257,1303.709,4216.000,true
before,5,positional_insert_entity,3,37395,639.091,1816.000,true
before,5,raw_late_modifier,3,28837,690.273,2560.000,true
before,5,named_condition_only,3,3895,5423.620,10328.000,true
before,5,raw_naming_NO_CHANGE,3,5256,3758.428,7880.000,true
before,5,named_batch_beans,3,2545,8123.222,26056.000,true
before,5,raw_derived,3,5916,3598.901,7632.000,true
before,5,positional_group_order,3,9794,2061.395,6160.000,true
before,5,raw_naming_KEBAB_CASE,3,3813,5305.298,9648.000,true
before,5,positional_batch_beans,3,3830,3885.587,10456.000,true
before,5,mybatis_union_builder,3,4895,4301.103,8960.000,true
before,5,positional_select_expressions,3,13902,1516.012,2512.000,true
before,5,raw_in_256,3,1154,17882.322,56720.000,true
before,5,named_dialect_PostgreSQL,3,14963,1314.329,4216.000,true
before,5,positional_condition_only,3,5836,3454.078,5640.000,true
before,5,positional_late_modifier,3,33814,618.711,2440.000,true
before,5,named_where_16,3,3551,6018.530,11392.000,true
before,5,positional_update_chain_16,3,3413,6183.182,23168.000,true
before,5,mybatis_union_raw,3,19574,1047.890,1968.000,true
before,5,mybatis_in_16,3,10298,2059.720,6592.000,true
before,5,mybatis_row_in,3,16222,1347.035,3832.000,true
before,5,mybatis_pagination,3,17887,1133.790,3952.000,true
before,5,positional_where_16,3,4908,4059.698,6696.000,true
before,5,raw_naming_SCREAMING_SNAKE_CASE,3,4068,5083.677,9664.000,true
before,5,positional_batch_64,3,1163,17921.668,72304.000,true
before,5,positional_subquery_raw,3,33895,650.069,2352.000,true
before,5,mybatis_derived,3,4954,4456.399,9504.000,true
before,5,positional_join_using,3,24307,850.817,3224.000,true
before,5,raw_between,3,18166,1098.706,3432.000,true
before,5,raw_in_17,3,12071,1666.482,5896.000,true
before,5,mybatis_repeated_names,3,869,27214.960,61104.000,true
before,5,named_dialect_DB2,3,16073,1446.077,4392.000,true
before,5,raw_select_expressions,3,13613,1470.271,2512.000,true
before,5,mybatis_insert_entity,3,24777,866.848,2456.000,true
before,5,mybatis_join_using,3,21497,967.991,3544.000,true
before,5,raw_insert_placeholders,3,30197,674.680,2096.000,true
before,5,mybatis_update_map,3,12828,1623.683,4392.000,true
before,5,raw_insert_entity,3,28052,739.512,2128.000,true
before,5,positional_row_in,3,23069,889.596,2752.000,true
before,5,raw_batch_64,3,935,23449.947,94400.000,true
before,5,mybatis_late_modifier,3,27273,724.746,2760.000,true
before,5,named_update_chain_16,3,1312,16306.250,47808.000,true
before,5,raw_where_16,3,4192,4835.830,9648.000,true
before,5,named_in_expression,3,767,26986.701,91824.000,true
before,5,named_naming_CAMEL_CASE,3,3264,6574.173,11104.000,true
before,5,named_select_expressions,3,13764,1474.288,2512.000,true
before,5,raw_union_builder,3,8402,2587.086,6120.000,true
before,5,positional_where_128,3,680,29788.235,38992.000,true
before,5,raw_group_order,3,9701,2192.403,6256.000,true
before,5,positional_in_expression,3,3937,5201.829,10904.000,true
before,5,named_raw_expression,3,20283,956.589,2616.000,true
before,5,mybatis_mixed_literals,3,14446,1405.365,3680.000,true
before,5,mybatis_where_eq,3,18521,964.462,3136.000,true
before,5,named_insert_values,3,19613,1056.626,3176.000,true
before,5,positional_mixed_literals,3,17849,1126.399,2976.000,true
before,5,raw_batch_beans,3,3926,5313.704,16120.000,true
before,5,raw_in_16,3,12910,1657.924,5680.000,true
before,5,raw_where_128,3,564,36494.326,62680.000,true
before,5,named_repeated_names,3,820,26789.756,70080.000,true
before,5,positional_dialect_Oracle,3,20436,995.953,3616.000,true
before,5,raw_row_in,3,19059,1108.710,3168.000,true
before,5,named_subquery_raw,3,33529,622.428,2352.000,true
before,5,named_retry_rollback,3,4723,5343.108,8432.000,true
before,5,named_nested,3,15817,1320.111,3816.000,true
before,5,mybatis_select_star,3,91991,236.160,1240.000,true
before,5,mybatis_retry_rollback,3,5057,3711.311,7760.000,true
before,5,positional_repeated_names,3,1368,15430.556,35520.000,true
before,5,positional_subquery_structured,3,14988,1336.623,4856.000,true
before,5,positional_dialect_DB2,3,20721,1024.029,3616.000,true
before,5,raw_select_star,3,82132,255.064,1240.000,true
before,5,raw_nested,3,17126,1204.227,3448.000,true
before,5,raw_naming_CAMEL_CASE,3,3923,5011.802,9360.000,true
before,5,positional_in_17,3,25415,842.868,2752.000,true
before,5,positional_naming_KEBAB_CASE,3,4803,4143.161,6696.000,true
before,5,named_row_in,3,16046,1333.778,4144.000,true
before,5,named_union_raw,3,19789,1119.324,1968.000,true
before,5,raw_batch_4,3,9670,2225.357,7520.000,true
before,5,positional_retry_rollback,3,8018,2771.364,6040.000,true
before,5,positional_dialect_MySQL,3,21313,1023.924,3432.000,true
before,5,positional_select_entity,3,37289,556.381,1992.000,true
before,5,raw_where_eq,3,18981,908.819,2936.000,true
before,5,named_derived,3,4730,4201.945,9536.000,true
before,5,named_in_17,3,9571,2346.087,7968.000,true
before,5,positional_where_eq,3,23951,874.252,2816.000,true
before,5,mybatis_select_entity,3,37171,593.223,1992.000,true
before,5,positional_union_builder,3,8770,2440.696,5920.000,true
before,5,positional_pagination,3,22023,998.134,3408.000,true
before,5,mybatis_batch_beans,3,2938,7435.024,22072.000,true
before,5,positional_join_on,3,16330,1254.556,3896.000,true
before,5,named_select_columns,3,26920,782.909,2104.000,true
before,5,positional_naming_CAMEL_CASE,3,4669,4266.395,6408.000,true
before,5,positional_insert_values,3,27758,807.983,2232.000,true
before,5,mybatis_subquery_structured,3,12920,1610.209,5408.000,true
before,5,raw_raw_expression,3,20246,1033.034,2616.000,true
before,5,raw_in_1024,3,293,75641.980,220328.000,true
before,5,raw_delete,3,55154,426.114,1664.000,true
before,5,raw_pagination,3,20220,1021.815,3520.000,true
before,5,named_dialect_Microsoft_SQL_Server,3,13922,1561.830,4392.000,true
before,5,raw_subquery_structured,3,14964,1250.114,4720.000,true
before,5,mybatis_delete,3,48971,506.976,1872.000,true
before,5,named_group_order,3,7790,2626.277,7512.000,true
before,5,raw_condition_only,3,4569,4529.306,8584.000,true
before,5,named_join_using,3,20925,1028.182,3680.000,true
before,5,mybatis_naming_SCREAMING_SNAKE_CASE,3,3541,5955.380,10192.000,true
before,5,named_update_map,3,12449,1651.779,4920.000,true
before,5,mybatis_insert_placeholders,3,22068,989.999,2736.000,true
before,5,positional_in_256,3,3909,4176.592,9656.000,true
before,5,mybatis_insert_values,3,19762,1132.679,2872.000,true
before,5,named_naming_NO_CHANGE,3,3100,4861.226,9624.000,true
before,5,named_where_eq,3,20583,973.502,3272.000,true
before,5,named_where_128,3,451,46530.377,77464.000,true
before,5,named_late_modifier,3,27047,736.603,2896.000,true
before,5,mybatis_in_1024,3,206,99302.427,281552.000,true
before,5,named_subquery_structured,3,11826,1759.843,5640.000,true
before,5,raw_subquery_raw,3,33265,621.578,2352.000,true
before,5,mybatis_select_expressions,3,13770,1518.526,2512.000,true
before,5,mybatis_update_chain_16,3,1550,13307.097,40768.000,true
before,5,positional_dialect_Microsoft_SQL_Server,3,15276,1144.606,3616.000,true
before,5,named_insert_placeholders,3,11021,975.438,3040.000,true
before,5,mybatis_in_256,3,852,23116.197,72840.000,true
before,5,mybatis_between,3,16180,1328.956,3640.000,true
before,5,positional_naming_UPPER_CAMEL_CASE,3,4718,4532.132,6424.000,true
before,5,positional_union_raw,3,19544,1076.095,1968.000,true
before,5,named_in_1024,3,179,127569.832,353296.000,true
before,5,positional_in_16,3,25870,808.520,2736.000,true
before,5,raw_select_columns,3,26808,734.773,2104.000,true
before,5,custom_handler_union,3,4343,5101.497,9392.000,true
before,5,named_delete,3,47970,445.620,2000.000,true
before,5,positional_naming_NO_CHANGE,3,6721,3215.459,4928.000,true
before,5,positional_select_star,3,93851,238.003,1240.000,true
before,5,mybatis_group_order,3,8401,2579.836,7112.000,true
before,5,positional_delete,3,55689,368.944,1544.000,true
before,5,named_in_256,3,801,27278.027,90792.000,true
before,5,raw_retry_rollback,3,4723,2722.888,6400.000,true
before,5,custom_handler_where,3,3518,6284.878,11424.000,true
before,5,positional_dialect_PostgreSQL,3,20029,997.394,3432.000,true
before,5,positional_insert_placeholders,3,31351,724.867,2096.000,true
before,5,named_between,3,15309,1196.740,3848.000,true
before,5,positional_in_1024,3,1509,14244.732,28584.000,true
before,5,named_join_on,3,14670,1376.714,4352.000,true
before,5,mybatis_where_128,3,474,42418.354,67464.000,true
before,5,raw_repeated_names,3,955,22907.958,59056.000,true
before,5,mybatis_select_columns,3,27192,776.280,2104.000,true
before,5,named_pagination,3,16446,1312.416,4192.000,true
before,5,mybatis_naming_UPPER_CAMEL_CASE,3,3371,6395.254,9904.000,true
before,5,named_dialect_Oracle,3,15888,1332.093,4392.000,true
before,5,raw_union_raw,3,19351,1054.535,1968.000,true
before,5,mybatis_in_17,3,9988,2140.469,6832.000,true
before,5,positional_raw_expression,3,20421,1017.198,2616.000,true
before,5,named_mixed_literals,3,14349,1332.713,3944.000,true
before,5,raw_join_on,3,15313,1398.224,4016.000,true
before,5,named_select_entity,3,35471,571.746,1992.000,true
before,5,mybatis_subquery_raw,3,32538,645.565,2352.000,true
before,5,raw_update_chain_16,3,2336,8085.745,26256.000,true
before,5,mybatis_batch_64,3,644,32795.342,119024.000,true
before,5,mybatis_raw_expression,3,19038,973.416,2616.000,true
before,5,named_select_star,3,77825,264.193,1240.000,true
before,5,named_naming_SCREAMING_SNAKE_CASE,3,3533,5723.238,11408.000,true
before,5,positional_between,3,20183,993.945,3104.000,true
before,5,named_batch_64,3,614,34667.427,135040.000,true
before,5,raw_mixed_literals,3,14473,1444.849,3368.000,true
before,5,named_union_builder,3,5028,4215.095,8936.000,true
before,5,named_insert_entity,3,22882,878.704,2760.000,true
before,5,positional_naming_SCREAMING_SNAKE_CASE,3,4975,4391.477,6712.000,true
before,5,raw_naming_UPPER_CAMEL_CASE,3,3970,5334.912,9376.000,true
before,5,positional_update_map,3,20311,1011.831,3192.000,true
before,5,raw_insert_values,3,22536,953.026,2544.000,true
before,5,mybatis_condition_only,3,4011,5023.510,9112.000,true
before,5,raw_select_entity,3,37245,609.792,1992.000,true
before,5,mybatis_batch_4,3,7466,2786.700,8912.000,true
before,5,named_naming_UPPER_CAMEL_CASE,3,3354,6021.407,11120.000,true
before,5,raw_join_using,3,21654,947.700,3344.000,true
before,5,mybatis_naming_KEBAB_CASE,3,3510,6144.872,10176.000,true
before,5,mybatis_nested,3,16229,1259.424,3632.000,true
before,5,positional_nested,3,18967,1071.145,3120.000,true
before,5,mybatis_where_16,3,3618,6049.447,10176.000,true
before,5,named_in_16,3,9814,2140.493,7680.000,true
before,5,named_batch_4,3,7322,2789.593,9864.000,true
before,5,mybatis_in_expression,4,844,24733.531,73920.000,true
before,5,named_select_star,4,77825,285.272,1240.000,true
before,5,named_select_entity,4,35471,556.810,1992.000,true
before,5,positional_dialect_PostgreSQL,4,20029,1036.617,3432.000,true
before,5,raw_update_map,4,17112,1226.169,3712.000,true
before,5,named_insert_placeholders,4,11021,1004.092,3040.000,true
before,5,positional_dialect_MySQL,4,21313,914.522,3432.000,true
before,5,raw_update_chain_16,4,2336,7995.505,26256.000,true
before,5,raw_join_using,4,21654,922.278,3344.000,true
before,5,mybatis_naming_NO_CHANGE,4,4258,4774.354,8408.000,true
before,5,raw_in_17,4,12071,1723.933,5896.000,true
before,5,raw_subquery_raw,4,33265,628.886,2352.000,true
before,5,raw_batch_beans,4,3926,5526.057,16120.000,true
before,5,positional_nested,4,18967,1124.933,3120.000,true
before,5,mybatis_retry_rollback,4,5057,3624.342,7760.000,true
before,5,raw_batch_64,4,935,22367.166,94400.000,true
before,5,positional_join_on,4,16330,1300.729,3896.000,true
before,5,named_between,4,15309,1197.668,3848.000,true
before,5,positional_subquery_structured,4,14988,1419.636,4856.000,true
before,5,positional_repeated_names,4,1368,15799.342,35520.000,true
before,5,positional_dialect_DB2,4,20721,1072.873,3616.000,true
before,5,mybatis_in_1024,4,206,103449.515,281552.000,true
before,5,mybatis_insert_entity,4,24777,918.231,2456.000,true
before,5,named_in_256,4,801,27339.576,90792.000,true
before,5,named_condition_only,4,3895,5422.619,10328.000,true
before,5,mybatis_late_modifier,4,27273,732.644,2760.000,true
before,5,raw_naming_NO_CHANGE,4,5256,3813.718,7880.000,true
before,5,positional_row_in,4,23069,921.709,2752.000,true
before,5,mybatis_update_chain_16,4,1550,13750.452,40768.000,true
before,5,positional_select_columns,4,28056,779.979,2104.000,true
before,5,positional_where_16,4,4908,4040.791,6696.000,true
before,5,positional_where_128,4,680,28980.147,38992.000,true
before,5,named_naming_KEBAB_CASE,4,3507,6144.967,11392.000,true
before,5,raw_naming_KEBAB_CASE,4,3813,5038.526,9648.000,true
before,5,mybatis_between,4,16180,1276.137,3640.000,true
before,5,raw_delete,4,55154,423.307,1664.000,true
before,5,positional_dialect_Oracle,4,20436,1000.391,3616.000,true
before,5,positional_in_17,4,25415,825.001,2752.000,true
before,5,named_derived,4,4730,4571.078,9536.000,true
before,5,positional_batch_beans,4,3830,4826.919,10456.000,true
before,5,named_in_17,4,9571,2126.737,7968.000,true
before,5,mybatis_subquery_raw,4,32538,637.547,2352.000,true
before,5,mybatis_batch_4,4,7466,2806.054,8912.000,true
before,5,named_retry_rollback,4,4723,4615.033,8432.000,true
before,5,raw_mixed_literals,4,14473,1451.454,3368.000,true
before,5,custom_handler_where,4,3518,5867.084,11424.000,true
before,5,positional_in_1024,4,1509,14358.979,28584.000,true
before,5,named_dialect_PostgreSQL,4,14963,1414.743,4216.000,true
before,5,positional_select_star,4,93851,235.806,1240.000,true
before,5,raw_select_entity,4,37245,565.316,1992.000,true
before,5,positional_update_chain_16,4,3413,6660.299,23168.000,true
before,5,positional_condition_only,4,5836,3634.801,5640.000,true
before,5,raw_where_128,4,564,36583.865,62680.000,true
before,5,positional_dialect_Microsoft_SQL_Server,4,15276,1293.310,3616.000,true
before,5,named_insert_values,4,19613,1148.835,3176.000,true
before,5,positional_batch_4,4,5535,1732.267,6096.000,true
before,5,named_where_16,4,3551,5974.796,11392.000,true
before,5,named_pagination,4,16446,1279.497,4192.000,true
before,5,mybatis_select_columns,4,27192,798.459,2104.000,true
before,5,raw_in_1024,4,293,74110.922,220328.000,true
before,5,mybatis_derived,4,4954,4442.572,9504.000,true
before,5,mybatis_where_eq,4,18521,920.971,3136.000,true
before,5,named_union_builder,4,5028,4376.691,8936.000,true
before,5,positional_naming_KEBAB_CASE,4,4803,4077.452,6696.000,true
before,5,named_dialect_DB2,4,16073,1362.148,4392.000,true
before,5,named_where_eq,4,20583,996.769,3272.000,true
before,5,mybatis_condition_only,4,4011,5315.582,9112.000,true
before,5,mybatis_delete,4,48971,471.630,1872.000,true
before,5,mybatis_in_17,4,9988,2241.560,6832.000,true
before,5,positional_mixed_literals,4,17849,1081.702,2976.000,true
before,5,named_subquery_raw,4,33529,655.433,2352.000,true
before,5,mybatis_raw_expression,4,19038,1026.563,2616.000,true
before,5,positional_naming_CAMEL_CASE,4,4669,4472.328,6408.000,true
before,5,positional_batch_64,4,1163,17849.011,72304.000,true
before,5,mybatis_union_builder,4,4895,4415.526,8960.000,true
before,5,mybatis_group_order,4,8401,2567.849,7112.000,true
before,5,named_dialect_Oracle,4,15888,1319.335,4392.000,true
before,5,positional_join_using,4,24307,851.545,3224.000,true
before,5,raw_where_eq,4,18981,939.887,2936.000,true
before,5,positional_insert_entity,4,37395,591.304,1816.000,true
before,5,raw_subquery_structured,4,14964,1414.348,4720.000,true
before,5,raw_raw_expression,4,20246,1008.095,2616.000,true
before,5,named_naming_CAMEL_CASE,4,3264,6118.229,11104.000,true
before,5,named_group_order,4,7790,2692.452,7512.000,true
before,5,named_insert_entity,4,22882,888.851,2760.000,true
before,5,named_raw_expression,4,20283,1008.233,2616.000,true
before,5,mybatis_row_in,4,16222,1308.895,3832.000,true
before,5,raw_nested,4,17126,1261.077,3448.000,true
before,5,raw_row_in,4,19059,1171.410,3168.000,true
before,5,positional_insert_values,4,27758,802.226,2232.000,true
before,5,positional_raw_expression,4,20421,1005.460,2616.000,true
before,5,named_row_in,4,16046,1332.120,4144.000,true
before,5,positional_update_map,4,20311,1043.080,3192.000,true
before,5,positional_insert_placeholders,4,31351,727.859,2096.000,true
before,5,positional_in_16,4,25870,785.218,2736.000,true
before,5,mybatis_where_128,4,474,42894.093,67464.000,true
before,5,raw_union_raw,4,19351,1183.143,1968.000,true
before,5,mybatis_mixed_literals,4,14446,1384.086,3680.000,true
before,5,named_dialect_Microsoft_SQL_Server,4,13922,1495.920,4392.000,true
before,5,mybatis_in_256,4,852,25883.451,72840.000,true
before,5,mybatis_select_entity,4,37171,569.525,1992.000,true
before,5,positional_where_eq,4,23951,825.861,2816.000,true
before,5,mybatis_batch_64,4,644,32564.441,119024.000,true
before,5,named_join_on,4,14670,1310.654,4352.000,true
before,5,positional_naming_SCREAMING_SNAKE_CASE,4,4975,4375.638,6712.000,true
before,5,named_select_expressions,4,13764,1481.909,2512.000,true
before,5,named_nested,4,15817,1308.112,3816.000,true
before,5,positional_union_builder,4,8770,2518.518,5920.000,true
before,5,mybatis_in_16,4,10298,2019.586,6592.000,true
before,5,positional_select_entity,4,37289,567.961,1992.000,true
before,5,raw_group_order,4,9701,2362.323,6256.000,true
before,5,raw_select_columns,4,26808,792.297,2104.000,true
before,5,mybatis_naming_UPPER_CAMEL_CASE,4,3371,6186.206,9904.000,true
before,5,raw_between,4,18166,1142.414,3432.000,true
before,5,positional_between,4,20183,1009.434,3104.000,true
before,5,named_where_128,4,451,44106.874,77464.000,true
before,5,raw_insert_placeholders,4,30197,707.093,2096.000,true
before,5,named_update_chain_16,4,1312,15751.372,47808.000,true
before,5,mybatis_repeated_names,4,869,25863.751,61104.000,true
before,5,mybatis_naming_KEBAB_CASE,4,3510,5857.236,10176.000,true
before,5,mybatis_insert_placeholders,4,22068,966.214,2736.000,true
before,5,raw_in_16,4,12910,1706.228,5680.000,true
before,5,mybatis_join_on,4,15071,1327.629,4216.000,true
before,5,named_mixed_literals,4,14349,1396.954,3944.000,true
before,5,mybatis_batch_beans,4,2938,7221.954,22072.000,true
before,5,raw_batch_4,4,9670,2144.736,7520.000,true
before,5,raw_select_expressions,4,13613,1603.027,2512.000,true
before,5,named_join_using,4,20925,953.405,3680.000,true
before,5,named_batch_beans,4,2545,7220.354,26056.000,true
before,5,named_delete,4,47970,458.597,2000.000,true
before,5,mybatis_naming_SCREAMING_SNAKE_CASE,4,3541,5773.849,10192.000,true
before,5,positional_delete,4,55689,362.815,1544.000,true
before,5,named_naming_SCREAMING_SNAKE_CASE,4,3533,6047.467,11408.000,true
before,5,named_repeated_names,4,820,24679.634,70080.000,true
before,5,named_late_modifier,4,27047,745.521,2896.000,true
before,5,raw_naming_SCREAMING_SNAKE_CASE,4,4068,5282.793,9664.000,true
before,5,positional_late_modifier,4,33814,643.482,2440.000,true
before,5,mybatis_nested,4,16229,1390.511,3632.000,true
before,5,raw_condition_only,4,4569,4397.199,8584.000,true
before,5,raw_select_star,4,82132,249.353,1240.000,true
before,5,raw_repeated_names,4,955,21544.712,59056.000,true
before,5,raw_join_on,4,15313,1350.114,4016.000,true
before,5,positional_in_expression,4,3937,5456.388,10904.000,true
before,5,named_in_expression,4,767,26833.898,91824.000,true
before,5,raw_union_builder,4,8402,2543.192,6120.000,true
before,5,raw_in_256,4,1154,18094.887,56720.000,true
before,5,positional_retry_rollback,4,8018,3507.683,6040.000,true
before,5,raw_where_16,4,4192,4840.124,9648.000,true
before,5,mybatis_pagination,4,17887,1139.772,3952.000,true
before,5,custom_handler_union,4,4343,4911.006,9392.000,true
before,5,named_in_1024,4,179,123700.000,353296.000,true
before,5,mybatis_update_map,4,12828,1633.669,4392.000,true
before,5,positional_union_raw,4,19544,1133.095,1968.000,true
before,5,raw_naming_UPPER_CAMEL_CASE,4,3970,5140.932,9376.000,true
before,5,positional_naming_NO_CHANGE,4,6721,3069.573,4928.000,true
before,5,named_batch_4,4,7322,2973.846,9864.000,true
before,5,named_naming_NO_CHANGE,4,3100,5036.355,9624.000,true
before,5,mybatis_subquery_structured,4,12920,1674.644,5408.000,true
before,5,mybatis_select_expressions,4,13770,1460.174,2512.000,true
before,5,positional_naming_UPPER_CAMEL_CASE,4,4718,4299.322,6424.000,true
before,5,named_batch_64,4,614,37224.430,135040.000,true
before,5,named_dialect_MySQL,4,16257,1265.467,4216.000,true
before,5,positional_in_256,4,3909,5012.151,9656.000,true
before,5,positional_subquery_raw,4,33895,610.246,2352.000,true
before,5,raw_pagination,4,20220,990.010,3520.000,true
before,5,positional_pagination,4,22023,974.091,3408.000,true
before,5,mybatis_where_16,4,3618,5572.443,10176.000,true
before,5,mybatis_join_using,4,21497,1026.055,3544.000,true
before,5,named_select_columns,4,26920,785.832,2104.000,true
before,5,raw_late_modifier,4,28837,715.778,2560.000,true
before,5,mybatis_naming_CAMEL_CASE,4,3411,5865.406,9888.000,true
before,5,raw_naming_CAMEL_CASE,4,3923,5566.454,9360.000,true
before,5,mybatis_union_raw,4,19574,1042.138,1968.000,true
before,5,mybatis_insert_values,4,19762,1073.778,2872.000,true
before,5,named_subquery_structured,4,11826,1740.174,5640.000,true
before,5,raw_in_expression,4,1114,18759.246,57760.000,true
before,5,named_update_map,4,12449,1624.291,4920.000,true
before,5,raw_insert_entity,4,28052,739.726,2128.000,true
before,5,named_union_raw,4,19789,1119.329,1968.000,true
before,5,raw_derived,4,5916,3451.082,7632.000,true
before,5,positional_derived,4,6181,3611.956,7464.000,true
before,5,raw_retry_rollback,4,4723,3438.217,6400.000,true
before,5,positional_group_order,4,9794,2210.517,6160.000,true
before,5,positional_select_expressions,4,13902,1447.144,2512.000,true
before,5,named_naming_UPPER_CAMEL_CASE,4,3354,6521.735,11120.000,true
before,5,mybatis_select_star,4,91991,237.120,1240.000,true
before,5,named_in_16,4,9814,2161.810,7680.000,true
before,5,raw_insert_values,4,22536,925.577,2544.000,true
before,5,named_delete,5,47970,454.157,2000.000,true
before,5,mybatis_batch_4,5,7466,2862.148,8912.000,true
before,5,raw_repeated_names,5,955,22563.979,59056.000,true
before,5,mybatis_retry_rollback,5,5057,3899.110,7760.000,true
before,5,named_naming_UPPER_CAMEL_CASE,5,3354,6556.619,11120.000,true
before,5,raw_retry_rollback,5,4723,3547.406,6400.000,true
before,5,raw_where_eq,5,18981,943.991,2936.000,true
before,5,positional_subquery_raw,5,33895,650.099,2352.000,true
before,5,named_row_in,5,16046,1312.545,4144.000,true
before,5,custom_handler_union,5,4343,4691.849,9392.000,true
before,5,raw_where_128,5,564,39042.553,62680.000,true
before,5,named_in_17,5,9571,2156.473,7968.000,true
before,5,mybatis_in_256,5,852,23727.230,72840.000,true
before,5,raw_union_raw,5,19351,1140.639,1968.000,true
before,5,named_nested,5,15817,1282.462,3816.000,true
before,5,named_batch_4,5,7322,2944.919,9864.000,true
before,5,raw_update_chain_16,5,2336,7460.830,26256.000,true
before,5,raw_delete,5,55154,437.618,1664.000,true
before,5,positional_update_chain_16,5,3413,6259.830,23168.000,true
before,5,positional_naming_CAMEL_CASE,5,4669,4248.533,6408.000,true
before,5,named_group_order,5,7790,2711.091,7512.000,true
before,5,mybatis_union_raw,5,19574,1095.898,1968.000,true
before,5,positional_naming_UPPER_CAMEL_CASE,5,4718,4468.228,6424.000,true
before,5,named_dialect_MySQL,5,16257,1250.877,4216.000,true
before,5,raw_nested,5,17126,1332.524,3448.000,true
before,5,raw_batch_4,5,9670,2191.282,7520.000,true
before,5,named_subquery_structured,5,11826,1667.504,5640.000,true
before,5,mybatis_in_1024,5,206,109568.932,281552.000,true
before,5,raw_mixed_literals,5,14473,1317.225,3368.000,true
before,5,named_select_entity,5,35471,579.521,1992.000,true
before,5,mybatis_insert_entity,5,24777,863.716,2456.000,true
before,5,mybatis_row_in,5,16222,1366.755,3832.000,true
before,5,mybatis_where_16,5,3618,5714.594,10176.000,true
before,5,raw_where_16,5,4192,5058.969,9648.000,true
before,5,mybatis_pagination,5,17887,1131.028,3952.000,true
before,5,positional_in_1024,5,1509,14324.983,28584.000,true
before,5,raw_naming_CAMEL_CASE,5,3923,5244.048,9360.000,true
before,5,named_where_eq,5,20583,1004.363,3272.000,true
before,5,mybatis_naming_SCREAMING_SNAKE_CASE,5,3541,5861.790,10192.000,true
before,5,named_select_star,5,77825,248.956,1240.000,true
before,5,positional_union_builder,5,8770,2458.255,5920.000,true
before,5,raw_select_expressions,5,13613,1546.228,2512.000,true
before,5,raw_insert_placeholders,5,30197,679.137,2096.000,true
before,5,positional_group_order,5,9794,2225.648,6160.000,true
before,5,raw_select_columns,5,26808,774.627,2104.000,true
before,5,raw_subquery_structured,5,14964,1379.745,4720.000,true
before,5,positional_dialect_MySQL,5,21313,960.813,3432.000,true
before,5,mybatis_derived,5,4954,4354.784,9504.000,true
before,5,positional_insert_entity,5,37395,608.699,1816.000,true
before,5,raw_naming_KEBAB_CASE,5,3813,5142.040,9648.000,true
before,5,positional_dialect_Microsoft_SQL_Server,5,15276,1211.148,3616.000,true
before,5,named_batch_64,5,614,35737.622,135040.000,true
before,5,positional_join_using,5,24307,897.717,3224.000,true
before,5,mybatis_select_entity,5,37171,613.104,1992.000,true
before,5,raw_join_using,5,21654,908.848,3344.000,true
before,5,positional_select_star,5,93851,265.795,1240.000,true
before,5,named_in_1024,5,179,134588.268,353296.000,true
before,5,raw_update_map,5,17112,1300.555,3712.000,true
before,5,named_insert_values,5,19613,1092.316,3176.000,true
before,5,raw_condition_only,5,4569,4269.643,8584.000,true
before,5,positional_select_expressions,5,13902,1616.998,2512.000,true
before,5,positional_derived,5,6181,3317.489,7464.000,true
before,5,named_between,5,15309,1272.121,3848.000,true
before,5,positional_naming_KEBAB_CASE,5,4803,4286.758,6696.000,true
before,5,raw_insert_entity,5,28052,722.244,2128.000,true
before,5,raw_in_17,5,12071,1712.327,5896.000,true
before,5,named_subquery_raw,5,33529,626.142,2352.000,true
before,5,named_select_columns,5,26920,772.831,2104.000,true
before,5,named_repeated_names,5,820,26711.098,70080.000,true
before,5,positional_repeated_names,5,1368,15241.594,35520.000,true
before,5,raw_naming_SCREAMING_SNAKE_CASE,5,4068,5269.420,9664.000,true
before,5,positional_in_16,5,25870,806.212,2736.000,true
before,5,mybatis_raw_expression,5,19038,959.822,2616.000,true
before,5,positional_select_entity,5,37289,564.225,1992.000,true
before,5,mybatis_update_chain_16,5,1550,13594.452,40768.000,true
before,5,named_pagination,5,16446,1253.034,4192.000,true
before,5,named_derived,5,4730,4583.044,9536.000,true
before,5,mybatis_subquery_structured,5,12920,1549.079,5408.000,true
before,5,mybatis_where_128,5,474,45503.376,67464.000,true
before,5,positional_batch_4,5,5535,1683.921,6096.000,true
before,5,named_condition_only,5,3895,5707.625,10328.000,true
before,5,raw_row_in,5,19059,1134.645,3168.000,true
before,5,positional_where_128,5,680,28926.912,38992.000,true
before,5,mybatis_join_using,5,21497,958.259,3544.000,true
before,5,named_insert_placeholders,5,11021,891.226,3040.000,true
before,5,raw_union_builder,5,8402,2638.277,6120.000,true
before,5,raw_insert_values,5,22536,963.938,2544.000,true
before,5,raw_raw_expression,5,20246,942.838,2616.000,true
before,5,raw_in_expression,5,1114,19632.496,57760.000,true
before,5,positional_dialect_DB2,5,20721,1064.674,3616.000,true
before,5,named_naming_SCREAMING_SNAKE_CASE,5,3533,5894.198,11408.000,true
before,5,named_insert_entity,5,22882,880.670,2760.000,true
before,5,mybatis_delete,5,48971,468.504,1872.000,true
before,5,raw_subquery_raw,5,33265,646.090,2352.000,true
before,5,raw_batch_64,5,935,22943.636,94400.000,true
before,5,mybatis_condition_only,5,4011,5065.769,9112.000,true
before,5,mybatis_insert_values,5,19762,1133.898,2872.000,true
before,5,named_union_builder,5,5028,4391.547,8936.000,true
before,5,named_naming_KEBAB_CASE,5,3507,5800.342,11392.000,true
before,5,raw_join_on,5,15313,1333.730,4016.000,true
before,5,positional_dialect_PostgreSQL,5,20029,1062.110,3432.000,true
before,5,positional_join_on,5,16330,1289.682,3896.000,true
before,5,mybatis_between,5,16180,1242.064,3640.000,true
before,5,mybatis_in_16,5,10298,2025.626,6592.000,true
before,5,raw_between,5,18166,1123.566,3432.000,true
before,5,mybatis_late_modifier,5,27273,759.696,2760.000,true
before,5,raw_group_order,5,9701,2246.583,6256.000,true
before,5,positional_naming_SCREAMING_SNAKE_CASE,5,4975,4221.447,6712.000,true
before,5,named_raw_expression,5,20283,1006.725,2616.000,true
before,5,mybatis_where_eq,5,18521,909.864,3136.000,true
before,5,positional_batch_64,5,1163,19286.930,72304.000,true
before,5,mybatis_select_expressions,5,13770,1454.103,2512.000,true
before,5,mybatis_nested,5,16229,1395.169,3632.000,true
before,5,custom_handler_where,5,3518,5979.363,11424.000,true
before,5,named_naming_CAMEL_CASE,5,3264,6210.080,11104.000,true
before,5,raw_select_star,5,82132,244.312,1240.000,true
before,5,named_in_256,5,801,27496.879,90792.000,true
before,5,named_where_16,5,3551,5605.182,11392.000,true
before,5,mybatis_select_columns,5,27192,777.846,2104.000,true
before,5,named_join_on,5,14670,1411.309,4352.000,true
before,5,positional_in_expression,5,3937,4863.018,10904.000,true
before,5,raw_in_1024,5,293,70283.618,220328.000,true
before,5,positional_union_raw,5,19544,1099.734,1968.000,true
before,5,named_union_raw,5,19789,1060.119,1968.000,true
before,5,named_retry_rollback,5,4723,4193.521,8432.000,true
before,5,raw_naming_NO_CHANGE,5,5256,3756.240,7880.000,true
before,5,mybatis_naming_CAMEL_CASE,5,3411,6169.774,9888.000,true
before,5,positional_dialect_Oracle,5,20436,1013.207,3616.000,true
before,5,named_dialect_PostgreSQL,5,14963,1322.308,4216.000,true
before,5,named_in_expression,5,767,27177.184,91824.000,true
before,5,raw_pagination,5,20220,1014.050,3520.000,true
before,5,positional_update_map,5,20311,1073.024,3192.000,true
before,5,positional_between,5,20183,1020.933,3104.000,true
before,5,named_dialect_Microsoft_SQL_Server,5,13922,1479.098,4392.000,true
before,5,positional_batch_beans,5,3830,4395.405,10456.000,true
before,5,named_join_using,5,20925,976.167,3680.000,true
before,5,named_update_chain_16,5,1312,15842.073,47808.000,true
before,5,mybatis_repeated_names,5,869,26715.765,61104.000,true
before,5,positional_delete,5,55689,343.980,1544.000,true
before,5,positional_insert_placeholders,5,31351,699.869,2096.000,true
before,5,named_mixed_literals,5,14349,1405.108,3944.000,true
before,5,positional_in_17,5,25415,851.422,2752.000,true
before,5,raw_in_256,5,1154,18524.783,56720.000,true
before,5,positional_naming_NO_CHANGE,5,6721,3189.719,4928.000,true
before,5,positional_retry_rollback,5,8018,3277.950,6040.000,true
before,5,positional_mixed_literals,5,17849,1102.650,2976.000,true
before,5,raw_late_modifier,5,28837,688.102,2560.000,true
before,5,mybatis_in_expression,5,844,25843.602,73920.000,true
before,5,mybatis_update_map,5,12828,1609.152,4392.000,true
before,5,mybatis_join_on,5,15071,1413.397,4216.000,true
before,5,positional_condition_only,5,5836,3499.640,5640.000,true
before,5,mybatis_naming_KEBAB_CASE,5,3510,6220.598,10176.000,true
before,5,mybatis_group_order,5,8401,2640.626,7112.000,true
before,5,mybatis_naming_NO_CHANGE,5,4258,4588.868,8408.000,true
before,5,named_select_expressions,5,13764,1505.166,2512.000,true
before,5,named_dialect_DB2,5,16073,1305.823,4392.000,true
before,5,raw_batch_beans,5,3926,5587.646,16120.000,true
before,5,mybatis_in_17,5,9988,2181.698,6832.000,true
before,5,positional_select_columns,5,28056,789.132,2104.000,true
before,5,positional_where_16,5,4908,4088.468,6696.000,true
before,5,raw_select_entity,5,37245,577.417,1992.000,true
before,5,named_dialect_Oracle,5,15888,1362.443,4392.000,true
before,5,mybatis_mixed_literals,5,14446,1426.900,3680.000,true
before,5,positional_insert_values,5,27758,783.576,2232.000,true
before,5,raw_in_16,5,12910,1640.271,5680.000,true
before,5,mybatis_select_star,5,91991,256.589,1240.000,true
before,5,named_update_map,5,12449,1828.789,4920.000,true
before,5,named_batch_beans,5,2545,8008.605,26056.000,true
before,5,raw_naming_UPPER_CAMEL_CASE,5,3970,5365.768,9376.000,true
before,5,named_where_128,5,451,48815.521,77464.000,true
before,5,positional_raw_expression,5,20421,938.837,2616.000,true
before,5,positional_subquery_structured,5,14988,1391.106,4856.000,true
before,5,mybatis_batch_beans,5,2938,6947.175,22072.000,true
before,5,raw_derived,5,5916,3770.740,7632.000,true
before,5,positional_late_modifier,5,33814,642.326,2440.000,true
before,5,mybatis_insert_placeholders,5,22068,925.267,2736.000,true
before,5,positional_where_eq,5,23951,845.050,2816.000,true
before,5,mybatis_union_builder,5,4895,4317.508,8960.000,true
before,5,positional_pagination,5,22023,899.192,3408.000,true
before,5,mybatis_batch_64,5,644,32674.224,119024.000,true
before,5,positional_in_256,5,3909,4291.507,9656.000,true
before,5,positional_nested,5,18967,1109.116,3120.000,true
before,5,named_in_16,5,9814,2207.051,7680.000,true
before,5,named_naming_NO_CHANGE,5,3100,4673.677,9624.000,true
before,5,mybatis_naming_UPPER_CAMEL_CASE,5,3371,6146.099,9904.000,true
before,5,positional_row_in,5,23069,888.539,2752.000,true
before,5,named_late_modifier,5,27047,757.666,2896.000,true
before,5,mybatis_subquery_raw,5,32538,624.780,2352.000,true
before,5,named_dialect_PostgreSQL,6,14963,1273.501,4216.000,true
before,5,named_pagination,6,16446,1308.391,4192.000,true
before,5,mybatis_insert_placeholders,6,22068,1014.102,2736.000,true
before,5,mybatis_row_in,6,16222,1317.464,3832.000,true
before,5,positional_join_using,6,24307,928.613,3224.000,true
before,5,raw_select_entity,6,37245,552.493,1992.000,true
before,5,named_naming_CAMEL_CASE,6,3264,6018.321,11104.000,true
before,5,positional_retry_rollback,6,8018,2994.799,6040.000,true
before,5,custom_handler_union,6,4343,4652.038,9392.000,true
before,5,named_between,6,15309,1332.308,3848.000,true
before,5,mybatis_repeated_names,6,869,25393.096,61104.000,true
before,5,mybatis_where_eq,6,18521,929.680,3136.000,true
before,5,raw_union_builder,6,8402,2559.510,6120.000,true
before,5,positional_naming_KEBAB_CASE,6,4803,4331.397,6696.000,true
before,5,positional_in_expression,6,3937,5214.427,10904.000,true
before,5,raw_union_raw,6,19351,1159.444,1968.000,true
before,5,named_subquery_raw,6,33529,632.951,2352.000,true
before,5,named_insert_entity,6,22882,862.516,2760.000,true
before,5,positional_subquery_structured,6,14988,1381.799,4856.000,true
before,5,mybatis_update_chain_16,6,1550,13201.097,40768.000,true
before,5,positional_select_expressions,6,13902,1538.239,2512.000,true
before,5,mybatis_in_expression,6,844,24967.536,73920.000,true
before,5,named_group_order,6,7790,2679.127,7512.000,true
before,5,mybatis_batch_beans,6,2938,7552.961,22072.000,true
before,5,mybatis_naming_NO_CHANGE,6,4258,4739.831,8408.000,true
before,5,raw_naming_SCREAMING_SNAKE_CASE,6,4068,5154.228,9664.000,true
before,5,mybatis_subquery_raw,6,32538,637.602,2352.000,true
before,5,named_repeated_names,6,820,26912.683,70080.000,true
before,5,named_naming_SCREAMING_SNAKE_CASE,6,3533,5746.929,11408.000,true
before,5,raw_select_star,6,82132,246.473,1240.000,true
before,5,raw_batch_beans,6,3926,5280.667,16120.000,true
before,5,mybatis_batch_4,6,7466,2821.672,8912.000,true
before,5,named_subquery_structured,6,11826,1792.787,5640.000,true
before,5,named_insert_values,6,19613,1108.861,3176.000,true
before,5,named_update_map,6,12449,1643.297,4920.000,true
before,5,mybatis_update_map,6,12828,1640.723,4392.000,true
before,5,mybatis_insert_values,6,19762,1077.371,2872.000,true
before,5,mybatis_select_entity,6,37171,576.328,1992.000,true
before,5,raw_naming_KEBAB_CASE,6,3813,4914.896,9648.000,true
before,5,raw_in_expression,6,1114,19049.820,57760.000,true
before,5,mybatis_between,6,16180,1228.066,3640.000,true
before,5,positional_batch_64,6,1163,17424.162,72304.000,true
before,5,named_in_1024,6,179,123917.877,353296.000,true
before,5,raw_subquery_raw,6,33265,619.868,2352.000,true
before,5,positional_row_in,6,23069,912.164,2752.000,true
before,5,positional_update_chain_16,6,3413,6090.478,23168.000,true
before,5,raw_where_16,6,4192,4914.218,9648.000,true
before,5,raw_insert_entity,6,28052,765.650,2128.000,true
before,5,named_where_eq,6,20583,1012.603,3272.000,true
before,5,positional_union_raw,6,19544,1056.273,1968.000,true
before,5,raw_in_1024,6,293,82983.276,220328.000,true
before,5,raw_batch_64,6,935,23914.118,94400.000,true
before,5,mybatis_join_using,6,21497,1041.182,3544.000,true
before,5,named_naming_KEBAB_CASE,6,3507,6124.209,11392.000,true
before,5,mybatis_pagination,6,17887,1168.497,3952.000,true
before,5,named_select_entity,6,35471,533.205,1992.000,true
before,5,named_select_expressions,6,13764,1626.606,2512.000,true
before,5,positional_late_modifier,6,33814,627.104,2440.000,true
before,5,raw_join_using,6,21654,925.612,3344.000,true
before,5,raw_repeated_names,6,955,22681.990,59056.000,true
before,5,mybatis_join_on,6,15071,1336.275,4216.000,true
before,5,raw_in_17,6,12071,1685.279,5896.000,true
before,5,named_mixed_literals,6,14349,1478.723,3944.000,true
before,5,positional_repeated_names,6,1368,16008.699,35520.000,true
before,5,positional_select_entity,6,37289,575.274,1992.000,true
before,5,positional_naming_NO_CHANGE,6,6721,2972.087,4928.000,true
before,5,mybatis_insert_entity,6,24777,859.846,2456.000,true
before,5,raw_update_chain_16,6,2336,8053.682,26256.000,true
before,5,positional_dialect_MySQL,6,21313,924.581,3432.000,true
before,5,positional_where_eq,6,23951,892.668,2816.000,true
before,5,named_select_star,6,77825,258.420,1240.000,true
before,5,mybatis_in_256,6,852,24712.911,72840.000,true
before,5,positional_between,6,20183,982.565,3104.000,true
before,5,raw_condition_only,6,4569,4612.672,8584.000,true
before,5,raw_where_128,6,564,36171.454,62680.000,true
before,5,positional_insert_entity,6,37395,620.631,1816.000,true
before,5,raw_where_eq,6,18981,1008.261,2936.000,true
before,5,raw_derived,6,5916,3443.475,7632.000,true
before,5,raw_pagination,6,20220,1022.913,3520.000,true
before,5,positional_insert_values,6,27758,832.827,2232.000,true
before,5,named_in_expression,6,767,28538.331,91824.000,true
before,5,mybatis_condition_only,6,4011,5255.921,9112.000,true
before,5,positional_union_builder,6,8770,2462.030,5920.000,true
before,5,named_row_in,6,16046,1282.525,4144.000,true
before,5,positional_select_columns,6,28056,769.472,2104.000,true
before,5,raw_naming_UPPER_CAMEL_CASE,6,3970,5125.315,9376.000,true
before,5,raw_insert_values,6,22536,932.055,2544.000,true
before,5,positional_select_star,6,93851,259.083,1240.000,true
before,5,raw_naming_NO_CHANGE,6,5256,4075.114,7880.000,true
before,5,mybatis_where_128,6,474,43239.873,67464.000,true
before,5,named_raw_expression,6,20283,1024.770,2616.000,true
before,5,positional_nested,6,18967,1156.340,3120.000,true
before,5,raw_select_expressions,6,13613,1505.539,2512.000,true
before,5,positional_condition_only,6,5836,3500.685,5640.000,true
before,5,raw_batch_4,6,9670,2215.408,7520.000,true
before,5,mybatis_batch_64,6,644,32147.516,119024.000,true
before,5,positional_pagination,6,22023,935.399,3408.000,true
before,5,named_retry_rollback,6,4723,3684.036,8432.000,true
before,5,positional_batch_4,6,5535,1700.108,6096.000,true
before,5,mybatis_union_builder,6,4895,4486.313,8960.000,true
before,5,mybatis_nested,6,16229,1333.871,3632.000,true
before,5,named_where_128,6,451,43938.359,77464.000,true
before,5,positional_dialect_PostgreSQL,6,20029,1015.957,3432.000,true
before,5,positional_in_256,6,3909,4289.511,9656.000,true
before,5,positional_where_16,6,4908,4106.601,6696.000,true
before,5,positional_update_map,6,20311,1069.179,3192.000,true
before,5,named_nested,6,15817,1227.818,3816.000,true
before,5,raw_naming_CAMEL_CASE,6,3923,5443.869,9360.000,true
before,5,mybatis_select_columns,6,27192,797.128,2104.000,true
before,5,named_condition_only,6,3895,5122.028,10328.000,true
before,5,positional_group_order,6,9794,2169.308,6160.000,true
before,5,positional_mixed_literals,6,17849,1125.324,2976.000,true
before,5,named_join_on,6,14670,1313.183,4352.000,true
before,5,positional_raw_expression,6,20421,1052.524,2616.000,true
before,5,raw_late_modifier,6,28837,697.510,2560.000,true
before,5,named_dialect_DB2,6,16073,1387.513,4392.000,true
before,5,named_dialect_MySQL,6,16257,1311.780,4216.000,true
before,5,named_insert_placeholders,6,11021,924.226,3040.000,true
before,5,named_naming_UPPER_CAMEL_CASE,6,3354,6641.413,11120.000,true
before,5,named_union_raw,6,19789,1051.994,1968.000,true
before,5,named_dialect_Microsoft_SQL_Server,6,13922,1535.505,4392.000,true
before,5,positional_in_17,6,25415,843.821,2752.000,true
before,5,raw_retry_rollback,6,4723,3242.727,6400.000,true
before,5,named_late_modifier,6,27047,765.941,2896.000,true
before,5,mybatis_select_expressions,6,13770,1524.524,2512.000,true
before,5,positional_naming_CAMEL_CASE,6,4669,4423.474,6408.000,true
before,5,positional_naming_UPPER_CAMEL_CASE,6,4718,4284.994,6424.000,true
before,5,named_update_chain_16,6,1312,15663.643,47808.000,true
before,5,positional_where_128,6,680,32167.206,38992.000,true
before,5,named_in_16,6,9814,2078.836,7680.000,true
before,5,named_batch_64,6,614,39647.068,135040.000,true
before,5,raw_in_16,6,12910,1605.755,5680.000,true
before,5,named_batch_beans,6,2545,8454.931,26056.000,true
before,5,raw_subquery_structured,6,14964,1287.684,4720.000,true
before,5,mybatis_mixed_literals,6,14446,1403.821,3680.000,true
before,5,mybatis_union_raw,6,19574,1042.178,1968.000,true
before,5,positional_join_on,6,16330,1295.897,3896.000,true
before,5,named_where_16,6,3551,5797.663,11392.000,true
before,5,positional_in_16,6,25870,773.533,2736.000,true
before,5,named_in_256,6,801,29349.688,90792.000,true
before,5,mybatis_select_star,6,91991,276.065,1240.000,true
before,5,mybatis_raw_expression,6,19038,1014.665,2616.000,true
before,5,raw_row_in,6,19059,1071.756,3168.000,true
before,5,mybatis_retry_rollback,6,5057,4148.665,7760.000,true
before,5,mybatis_in_1024,6,206,105638.835,281552.000,true
before,5,positional_dialect_Oracle,6,20436,1023.547,3616.000,true
before,5,raw_in_256,6,1154,17420.971,56720.000,true
before,5,named_dialect_Oracle,6,15888,1296.331,4392.000,true
before,5,raw_mixed_literals,6,14473,1407.324,3368.000,true
before,5,named_union_builder,6,5028,4125.716,8936.000,true
before,5,named_join_using,6,20925,952.750,3680.000,true
before,5,mybatis_delete,6,48971,481.277,1872.000,true
before,5,raw_update_map,6,17112,1207.381,3712.000,true
before,5,raw_select_columns,6,26808,811.269,2104.000,true
before,5,raw_insert_placeholders,6,30197,688.870,2096.000,true
before,5,mybatis_naming_SCREAMING_SNAKE_CASE,6,3541,5738.407,10192.000,true
before,5,mybatis_late_modifier,6,27273,756.213,2760.000,true
before,5,positional_naming_SCREAMING_SNAKE_CASE,6,4975,4622.111,6712.000,true
before,5,mybatis_naming_KEBAB_CASE,6,3510,5629.402,10176.000,true
before,5,mybatis_in_16,6,10298,2008.273,6592.000,true
before,5,positional_dialect_DB2,6,20721,1023.715,3616.000,true
before,5,positional_subquery_raw,6,33895,608.656,2352.000,true
before,5,mybatis_in_17,6,9988,2152.393,6832.000,true
before,5,positional_batch_beans,6,3830,3959.426,10456.000,true
before,5,raw_raw_expression,6,20246,1016.487,2616.000,true
before,5,raw_delete,6,55154,403.662,1664.000,true
before,5,named_in_17,6,9571,2154.028,7968.000,true
before,5,positional_derived,6,6181,3698.997,7464.000,true
before,5,positional_insert_placeholders,6,31351,687.123,2096.000,true
before,5,positional_dialect_Microsoft_SQL_Server,6,15276,1134.453,3616.000,true
before,5,named_naming_NO_CHANGE,6,3100,5212.935,9624.000,true
before,5,positional_in_1024,6,1509,13671.306,28584.000,true
before,5,custom_handler_where,6,3518,6370.011,11424.000,true
before,5,mybatis_where_16,6,3618,5527.557,10176.000,true
before,5,mybatis_derived,6,4954,4448.627,9504.000,true
before,5,raw_between,6,18166,1196.978,3432.000,true
before,5,named_derived,6,4730,4348.943,9536.000,true
before,5,mybatis_subquery_structured,6,12920,1607.159,5408.000,true
before,5,mybatis_group_order,6,8401,2558.600,7112.000,true
before,5,raw_join_on,6,15313,1349.657,4016.000,true
before,5,raw_group_order,6,9701,2137.563,6256.000,true
before,5,named_delete,6,47970,505.760,2000.000,true
before,5,mybatis_naming_UPPER_CAMEL_CASE,6,3371,5883.358,9904.000,true
before,5,mybatis_naming_CAMEL_CASE,6,3411,6464.204,9888.000,true
before,5,named_batch_4,6,7322,2748.306,9864.000,true
before,5,positional_delete,6,55689,368.274,1544.000,true
before,5,raw_nested,6,17126,1171.067,3448.000,true
before,5,named_select_columns,6,26920,820.654,2104.000,true
before,5,named_in_1024,7,179,117816.760,353296.000,true
before,5,positional_naming_UPPER_CAMEL_CASE,7,4718,4431.157,6424.000,true
before,5,positional_select_star,7,93851,234.625,1240.000,true
before,5,named_delete,7,47970,450.110,2000.000,true
before,5,mybatis_naming_SCREAMING_SNAKE_CASE,7,3541,5855.210,10192.000,true
before,5,positional_select_columns,7,28056,766.517,2104.000,true
before,5,positional_pagination,7,22023,917.981,3408.000,true
before,5,raw_insert_placeholders,7,30197,679.014,2096.000,true
before,5,named_select_star,7,77825,250.060,1240.000,true
before,5,positional_dialect_PostgreSQL,7,20029,1020.720,3432.000,true
before,5,mybatis_insert_placeholders,7,22068,1002.288,2736.000,true
before,5,raw_select_entity,7,37245,544.728,1992.000,true
before,5,positional_between,7,20183,1051.672,3104.000,true
before,5,positional_delete,7,55689,338.738,1544.000,true
before,5,mybatis_update_map,7,12828,1597.981,4392.000,true
before,5,named_repeated_names,7,820,26438.049,70080.000,true
before,5,raw_where_16,7,4192,5071.493,9648.000,true
before,5,named_nested,7,15817,1273.048,3816.000,true
before,5,positional_naming_CAMEL_CASE,7,4669,4528.229,6408.000,true
before,5,raw_insert_entity,7,28052,741.348,2128.000,true
before,5,raw_raw_expression,7,20246,979.161,2616.000,true
before,5,positional_insert_placeholders,7,31351,708.864,2096.000,true
before,5,named_join_on,7,14670,1405.017,4352.000,true
before,5,named_derived,7,4730,4401.268,9536.000,true
before,5,named_naming_SCREAMING_SNAKE_CASE,7,3533,6057.628,11408.000,true
before,5,named_row_in,7,16046,1363.193,4144.000,true
before,5,named_in_16,7,9814,2228.164,7680.000,true
before,5,raw_union_raw,7,19351,1049.832,1968.000,true
before,5,named_dialect_PostgreSQL,7,14963,1379.830,4216.000,true
before,5,named_union_raw,7,19789,1150.291,1968.000,true
before,5,positional_dialect_MySQL,7,21313,930.958,3432.000,true
before,5,positional_join_using,7,24307,887.666,3224.000,true
before,5,positional_subquery_raw,7,33895,619.434,2352.000,true
before,5,mybatis_where_128,7,474,45695.148,67464.000,true
before,5,raw_retry_rollback,7,4723,3203.875,6400.000,true
before,5,named_between,7,15309,1252.485,3848.000,true
before,5,mybatis_naming_CAMEL_CASE,7,3411,6129.317,9888.000,true
before,5,mybatis_batch_4,7,7466,2860.179,8912.000,true
before,5,named_dialect_Microsoft_SQL_Server,7,13922,1491.668,4392.000,true
before,5,mybatis_where_eq,7,18521,1030.544,3136.000,true
before,5,named_naming_UPPER_CAMEL_CASE,7,3354,6003.339,11120.000,true
before,5,named_pagination,7,16446,1243.117,4192.000,true
before,5,positional_batch_beans,7,3830,4996.423,10456.000,true
before,5,raw_batch_beans,7,3926,5935.023,16120.000,true
before,5,positional_union_raw,7,19544,1106.841,1968.000,true
before,5,mybatis_union_raw,7,19574,1082.349,1968.000,true
before,5,positional_in_1024,7,1509,15119.549,28584.000,true
before,5,named_in_expression,7,767,26739.374,91824.000,true
before,5,raw_select_columns,7,26808,822.788,2104.000,true
before,5,positional_in_16,7,25870,738.956,2736.000,true
before,5,raw_subquery_raw,7,33265,623.478,2352.000,true
before,5,positional_raw_expression,7,20421,1030.361,2616.000,true
before,5,named_subquery_raw,7,33529,656.459,2352.000,true
before,5,mybatis_join_using,7,21497,1034.330,3544.000,true
before,5,positional_batch_4,7,5535,1865.565,6096.000,true
before,5,positional_naming_NO_CHANGE,7,6721,3017.646,4928.000,true
before,5,named_batch_64,7,614,34401.140,135040.000,true
before,5,mybatis_in_1024,7,206,112440.777,281552.000,true
before,5,named_select_columns,7,26920,789.476,2104.000,true
before,5,positional_where_16,7,4908,4001.793,6696.000,true
before,5,mybatis_naming_NO_CHANGE,7,4258,4766.557,8408.000,true
before,5,custom_handler_union,7,4343,4977.849,9392.000,true
before,5,positional_condition_only,7,5836,3458.705,5640.000,true
before,5,raw_select_expressions,7,13613,1570.021,2512.000,true
before,5,named_batch_beans,7,2545,7756.935,26056.000,true
before,5,named_insert_placeholders,7,11021,962.227,3040.000,true
before,5,mybatis_select_entity,7,37171,556.662,1992.000,true
before,5,named_update_map,7,12449,1756.237,4920.000,true
before,5,mybatis_union_builder,7,4895,4230.031,8960.000,true
before,5,mybatis_row_in,7,16222,1343.540,3832.000,true
before,5,positional_naming_KEBAB_CASE,7,4803,4385.738,6696.000,true
before,5,named_late_modifier,7,27047,738.843,2896.000,true
before,5,positional_dialect_DB2,7,20721,1003.880,3616.000,true
before,5,named_insert_values,7,19613,1133.432,3176.000,true
before,5,mybatis_raw_expression,7,19038,1004.649,2616.000,true
before,5,named_insert_entity,7,22882,920.894,2760.000,true
before,5,mybatis_group_order,7,8401,2505.237,7112.000,true
before,5,positional_update_chain_16,7,3413,6397.685,23168.000,true
before,5,raw_late_modifier,7,28837,710.452,2560.000,true
before,5,raw_select_star,7,82132,267.584,1240.000,true
before,5,raw_naming_KEBAB_CASE,7,3813,4959.927,9648.000,true
before,5,named_select_entity,7,35471,545.606,1992.000,true
before,5,raw_where_eq,7,18981,934.930,2936.000,true
before,5,raw_mixed_literals,7,14473,1336.261,3368.000,true
before,5,mybatis_subquery_raw,7,32538,723.649,2352.000,true
before,5,positional_retry_rollback,7,8018,2712.509,6040.000,true
before,5,positional_union_builder,7,8770,2459.019,5920.000,true
before,5,positional_batch_64,7,1163,18534.652,72304.000,true
before,5,positional_group_order,7,9794,2036.941,6160.000,true
before,5,raw_naming_NO_CHANGE,7,5256,3986.396,7880.000,true
before,5,mybatis_subquery_structured,7,12920,1705.805,5408.000,true
before,5,raw_in_expression,7,1114,18924.776,57760.000,true
before,5,positional_row_in,7,23069,902.649,2752.000,true
before,5,mybatis_batch_64,7,644,33818.944,119024.000,true
before,5,mybatis_between,7,16180,1237.571,3640.000,true
before,5,mybatis_naming_UPPER_CAMEL_CASE,7,3371,6494.334,9904.000,true
before,5,named_select_expressions,7,13764,1696.883,2512.000,true
before,5,named_dialect_MySQL,7,16257,1255.539,4216.000,true
before,5,named_naming_KEBAB_CASE,7,3507,6184.032,11392.000,true
before,5,positional_subquery_structured,7,14988,1289.872,4856.000,true
before,5,named_where_16,7,3551,6136.722,11392.000,true
before,5,mybatis_select_columns,7,27192,794.094,2104.000,true
before,5,mybatis_nested,7,16229,1265.272,3632.000,true
before,5,positional_derived,7,6181,3587.235,7464.000,true
before,5,raw_subquery_structured,7,14964,1330.473,4720.000,true
before,5,raw_naming_SCREAMING_SNAKE_CASE,7,4068,5314.086,9664.000,true
before,5,mybatis_delete,7,48971,465.104,1872.000,true
before,5,named_group_order,7,7790,2617.343,7512.000,true
before,5,named_raw_expression,7,20283,1000.251,2616.000,true
before,5,mybatis_insert_entity,7,24777,898.789,2456.000,true
before,5,mybatis_update_chain_16,7,1550,13513.097,40768.000,true
before,5,mybatis_mixed_literals,7,14446,1354.119,3680.000,true
before,5,raw_insert_values,7,22536,959.802,2544.000,true
before,5,raw_where_128,7,564,35696.277,62680.000,true
before,5,mybatis_in_256,7,852,24876.408,72840.000,true
before,5,mybatis_naming_KEBAB_CASE,7,3510,6265.271,10176.000,true
before,5,named_subquery_structured,7,11826,1675.926,5640.000,true
before,5,positional_nested,7,18967,1083.909,3120.000,true
before,5,mybatis_in_17,7,9988,2114.958,6832.000,true
before,5,positional_join_on,7,16330,1275.113,3896.000,true
before,5,raw_delete,7,55154,407.795,1664.000,true
before,5,raw_row_in,7,19059,1116.643,3168.000,true
before,5,named_union_builder,7,5028,4031.026,8936.000,true
before,5,named_batch_4,7,7322,2964.914,9864.000,true
before,5,positional_repeated_names,7,1368,15736.330,35520.000,true
before,5,raw_join_using,7,21654,946.342,3344.000,true
before,5,mybatis_late_modifier,7,27273,761.042,2760.000,true
before,5,named_condition_only,7,3895,5103.030,10328.000,true
before,5,mybatis_repeated_names,7,869,26108.516,61104.000,true
before,5,raw_between,7,18166,1161.742,3432.000,true
before,5,positional_in_256,7,3909,3938.066,9656.000,true
before,5,positional_dialect_Oracle,7,20436,1034.014,3616.000,true
before,5,named_where_128,7,451,46843.016,77464.000,true
before,5,mybatis_retry_rollback,7,5057,3727.328,7760.000,true
before,5,positional_mixed_literals,7,17849,1178.548,2976.000,true
before,5,raw_naming_UPPER_CAMEL_CASE,7,3970,5113.602,9376.000,true
before,5,positional_select_entity,7,37289,597.077,1992.000,true
before,5,positional_select_expressions,7,13902,1504.309,2512.000,true
before,5,raw_naming_CAMEL_CASE,7,3923,5129.187,9360.000,true
before,5,positional_update_map,7,20311,1017.729,3192.000,true
before,5,mybatis_select_expressions,7,13770,1562.767,2512.000,true
before,5,positional_in_expression,7,3937,4884.557,10904.000,true
before,5,mybatis_join_on,7,15071,1355.975,4216.000,true
before,5,positional_naming_SCREAMING_SNAKE_CASE,7,4975,4109.387,6712.000,true
before,5,positional_dialect_Microsoft_SQL_Server,7,15276,1252.396,3616.000,true
before,5,named_join_using,7,20925,988.339,3680.000,true
before,5,raw_in_17,7,12071,1660.799,5896.000,true
before,5,positional_insert_values,7,27758,811.748,2232.000,true
before,5,raw_nested,7,17126,1228.296,3448.000,true
before,5,mybatis_in_expression,7,844,25383.531,73920.000,true
before,5,mybatis_condition_only,7,4011,5517.377,9112.000,true
before,5,named_dialect_Oracle,7,15888,1326.605,4392.000,true
before,5,positional_where_eq,7,23951,805.733,2816.000,true
before,5,named_retry_rollback,7,4723,4406.500,8432.000,true
before,5,mybatis_batch_beans,7,2938,7136.011,22072.000,true
before,5,mybatis_in_16,7,10298,2027.588,6592.000,true
before,5,raw_update_chain_16,7,2336,7500.257,26256.000,true
before,5,positional_late_modifier,7,33814,610.099,2440.000,true
before,5,positional_where_128,7,680,30526.618,38992.000,true
before,5,mybatis_insert_values,7,19762,1137.461,2872.000,true
before,5,named_in_256,7,801,24889.763,90792.000,true
before,5,mybatis_where_16,7,3618,5914.345,10176.000,true
before,5,mybatis_select_star,7,91991,268.013,1240.000,true
before,5,positional_insert_entity,7,37395,605.404,1816.000,true
before,5,raw_union_builder,7,8402,2600.905,6120.000,true
before,5,mybatis_pagination,7,17887,1202.527,3952.000,true
before,5,raw_update_map,7,17112,1254.652,3712.000,true
before,5,raw_condition_only,7,4569,4478.573,8584.000,true
before,5,named_update_chain_16,7,1312,15857.851,47808.000,true
before,5,named_dialect_DB2,7,16073,1323.057,4392.000,true
before,5,raw_repeated_names,7,955,22861.047,59056.000,true
before,5,positional_in_17,7,25415,787.854,2752.000,true
before,5,raw_pagination,7,20220,1037.290,3520.000,true
before,5,raw_batch_64,7,935,24595.829,94400.000,true
before,5,named_naming_NO_CHANGE,7,3100,5198.742,9624.000,true
before,5,named_in_17,7,9571,2264.267,7968.000,true
before,5,raw_in_256,7,1154,18104.766,56720.000,true
before,5,raw_batch_4,7,9670,2209.390,7520.000,true
before,5,raw_group_order,7,9701,2101.000,6256.000,true
before,5,raw_derived,7,5916,3918.560,7632.000,true
before,5,named_where_eq,7,20583,981.368,3272.000,true
before,5,mybatis_derived,7,4954,4439.665,9504.000,true
before,5,named_naming_CAMEL_CASE,7,3264,6344.638,11104.000,true
before,5,raw_in_16,7,12910,1620.713,5680.000,true
before,5,raw_in_1024,7,293,70626.280,220328.000,true
before,5,custom_handler_where,7,3518,5669.215,11424.000,true
before,5,raw_join_on,7,15313,1358.382,4016.000,true
before,5,named_mixed_literals,7,14349,1501.993,3944.000,true
before,5,named_mixed_literals,8,14349,1349.341,3944.000,true
before,5,positional_row_in,8,23069,871.867,2752.000,true
before,5,raw_raw_expression,8,20246,1012.896,2616.000,true
before,5,mybatis_union_raw,8,19574,1053.663,1968.000,true
before,5,named_select_columns,8,26920,803.354,2104.000,true
before,5,raw_subquery_structured,8,14964,1295.322,4720.000,true
before,5,mybatis_condition_only,8,4011,5097.731,9112.000,true
before,5,mybatis_select_expressions,8,13770,1583.333,2512.000,true
before,5,named_dialect_Microsoft_SQL_Server,8,13922,1465.070,4392.000,true
before,5,named_where_128,8,451,44268.293,77464.000,true
before,5,mybatis_where_eq,8,18521,1008.250,3136.000,true
before,5,mybatis_subquery_raw,8,32538,618.999,2352.000,true
before,5,positional_where_16,8,4908,4145.864,6696.000,true
before,5,raw_naming_NO_CHANGE,8,5256,3993.265,7880.000,true
before,5,positional_pagination,8,22023,970.326,3408.000,true
before,5,positional_delete,8,55689,358.661,1544.000,true
before,5,mybatis_retry_rollback,8,5057,4295.590,7760.000,true
before,5,named_update_map,8,12449,1736.147,4920.000,true
before,5,mybatis_select_columns,8,27192,821.006,2104.000,true
before,5,mybatis_select_star,8,91991,232.783,1240.000,true
before,5,raw_union_raw,8,19351,1149.662,1968.000,true
before,5,mybatis_naming_UPPER_CAMEL_CASE,8,3371,5952.002,9904.000,true
before,5,mybatis_in_17,8,9988,2095.735,6832.000,true
before,5,positional_condition_only,8,5836,3534.047,5640.000,true
before,5,named_where_16,8,3551,5994.142,11392.000,true
before,5,mybatis_pagination,8,17887,1155.213,3952.000,true
before,5,mybatis_batch_64,8,644,32695.652,119024.000,true
before,5,positional_where_eq,8,23951,853.050,2816.000,true
before,5,positional_update_chain_16,8,3413,6184.295,23168.000,true
before,5,mybatis_late_modifier,8,27273,761.196,2760.000,true
before,5,raw_select_expressions,8,13613,1449.203,2512.000,true
before,5,positional_derived,8,6181,3641.951,7464.000,true
before,5,raw_select_star,8,82132,248.991,1240.000,true
before,5,positional_subquery_raw,8,33895,600.513,2352.000,true
before,5,raw_insert_placeholders,8,30197,695.827,2096.000,true
before,5,raw_naming_UPPER_CAMEL_CASE,8,3970,5121.310,9376.000,true
before,5,raw_naming_SCREAMING_SNAKE_CASE,8,4068,5148.476,9664.000,true
before,5,mybatis_between,8,16180,1227.157,3640.000,true
before,5,positional_between,8,20183,969.430,3104.000,true
before,5,raw_select_columns,8,26808,800.892,2104.000,true
before,5,positional_raw_expression,8,20421,1040.723,2616.000,true
before,5,raw_update_map,8,17112,1185.133,3712.000,true
before,5,named_select_expressions,8,13764,1573.416,2512.000,true
before,5,named_dialect_MySQL,8,16257,1316.171,4216.000,true
before,5,positional_batch_4,8,5535,1658.537,6096.000,true
before,5,mybatis_repeated_names,8,869,25832.566,61104.000,true
before,5,raw_where_128,8,564,35754.965,62680.000,true
before,5,mybatis_where_16,8,3618,5827.722,10176.000,true
before,5,positional_nested,8,18967,1096.446,3120.000,true
before,5,positional_batch_64,8,1163,16909.888,72304.000,true
before,5,positional_late_modifier,8,33814,626.040,2440.000,true
before,5,named_insert_entity,8,22882,842.208,2760.000,true
before,5,raw_delete,8,55154,460.039,1664.000,true
before,5,raw_join_using,8,21654,980.609,3344.000,true
before,5,named_naming_NO_CHANGE,8,3100,4914.774,9624.000,true
before,5,positional_in_256,8,3909,3754.515,9656.000,true
before,5,named_in_1024,8,179,130401.676,353296.000,true
before,5,raw_row_in,8,19059,1131.303,3168.000,true
before,5,positional_select_columns,8,28056,772.605,2104.000,true
before,5,raw_update_chain_16,8,2336,7910.317,26256.000,true
before,5,mybatis_join_on,8,15071,1345.976,4216.000,true
before,5,named_select_star,8,77825,274.998,1240.000,true
before,5,named_delete,8,47970,435.082,2000.000,true
before,5,raw_nested,8,17126,1290.284,3448.000,true
before,5,raw_condition_only,8,4569,4239.943,8584.000,true
before,5,named_in_expression,8,767,28611.734,91824.000,true
before,5,mybatis_batch_4,8,7466,2881.235,8912.000,true
before,5,named_naming_UPPER_CAMEL_CASE,8,3354,6192.904,11120.000,true
before,5,raw_retry_rollback,8,4723,4184.692,6400.000,true
before,5,positional_update_map,8,20311,981.916,3192.000,true
before,5,raw_in_1024,8,293,73358.703,220328.000,true
before,5,positional_join_on,8,16330,1316.038,3896.000,true
before,5,mybatis_in_1024,8,206,110147.573,281552.000,true
before,5,named_union_raw,8,19789,1066.749,1968.000,true
before,5,mybatis_group_order,8,8401,2682.276,7112.000,true
before,5,raw_subquery_raw,8,33265,627.344,2352.000,true
before,5,named_batch_64,8,614,35627.199,135040.000,true
before,5,named_in_16,8,9814,2131.486,7680.000,true
before,5,named_repeated_names,8,820,25102.683,70080.000,true
before,5,positional_select_entity,8,37289,574.888,1992.000,true
before,5,positional_union_builder,8,8770,2347.252,5920.000,true
before,5,positional_in_16,8,25870,777.654,2736.000,true
before,5,positional_naming_KEBAB_CASE,8,4803,4425.359,6696.000,true
before,5,named_batch_4,8,7322,2961.390,9864.000,true
before,5,positional_naming_CAMEL_CASE,8,4669,4268.837,6408.000,true
before,5,named_insert_values,8,19613,1078.805,3176.000,true
before,5,mybatis_subquery_structured,8,12920,1597.608,5408.000,true
before,5,named_pagination,8,16446,1183.072,4192.000,true
before,5,positional_select_expressions,8,13902,1495.037,2512.000,true
before,5,positional_dialect_DB2,8,20721,1023.947,3616.000,true
before,5,positional_union_raw,8,19544,1134.573,1968.000,true
before,5,positional_dialect_Oracle,8,20436,1010.839,3616.000,true
before,5,custom_handler_union,8,4343,4800.161,9392.000,true
before,5,positional_in_17,8,25415,825.823,2752.000,true
before,5,raw_repeated_names,8,955,22732.565,59056.000,true
before,5,named_where_eq,8,20583,936.754,3272.000,true
before,5,mybatis_mixed_literals,8,14446,1430.742,3680.000,true
before,5,raw_in_256,8,1154,18275.477,56720.000,true
before,5,mybatis_update_map,8,12828,1667.049,4392.000,true
before,5,raw_batch_64,8,935,24644.278,94400.000,true
before,5,positional_dialect_PostgreSQL,8,20029,1005.732,3432.000,true
before,5,raw_in_expression,8,1114,18310.952,57760.000,true
before,5,mybatis_insert_placeholders,8,22068,1007.132,2736.000,true
before,5,named_batch_beans,8,2545,7465.658,26056.000,true
before,5,raw_batch_beans,8,3926,4830.489,16120.000,true
before,5,named_in_17,8,9571,2285.247,7968.000,true
before,5,positional_naming_SCREAMING_SNAKE_CASE,8,4975,4057.347,6712.000,true
before,5,raw_naming_CAMEL_CASE,8,3923,5493.219,9360.000,true
before,5,positional_group_order,8,9794,2192.179,6160.000,true
before,5,mybatis_naming_CAMEL_CASE,8,3411,5879.390,9888.000,true
before,5,positional_in_expression,8,3937,5108.255,10904.000,true
before,5,named_subquery_structured,8,11826,1626.095,5640.000,true
before,5,named_row_in,8,16046,1305.765,4144.000,true
before,5,raw_late_modifier,8,28837,735.465,2560.000,true
before,5,named_join_using,8,20925,964.062,3680.000,true
before,5,mybatis_where_128,8,474,46852.110,67464.000,true
before,5,named_update_chain_16,8,1312,15393.674,47808.000,true
before,5,named_subquery_raw,8,33529,607.247,2352.000,true
before,5,named_derived,8,4730,4483.108,9536.000,true
before,5,mybatis_insert_values,8,19762,1119.785,2872.000,true
before,5,positional_dialect_Microsoft_SQL_Server,8,15276,1135.467,3616.000,true
before,5,positional_repeated_names,8,1368,15064.839,35520.000,true
before,5,named_group_order,8,7790,2726.958,7512.000,true
before,5,positional_dialect_MySQL,8,21313,962.014,3432.000,true
before,5,raw_pagination,8,20220,950.603,3520.000,true
before,5,mybatis_nested,8,16229,1225.183,3632.000,true
before,5,raw_between,8,18166,1158.973,3432.000,true
before,5,named_retry_rollback,8,4723,4941.986,8432.000,true
before,5,raw_insert_entity,8,28052,727.456,2128.000,true
before,5,positional_select_star,8,93851,261.423,1240.000,true
before,5,raw_where_eq,8,18981,920.025,2936.000,true
before,5,raw_in_16,8,12910,1537.111,5680.000,true
before,5,named_condition_only,8,3895,5596.329,10328.000,true
before,5,mybatis_row_in,8,16222,1287.474,3832.000,true
before,5,named_union_builder,8,5028,4051.154,8936.000,true
before,5,positional_insert_placeholders,8,31351,694.399,2096.000,true
before,5,named_in_256,8,801,26852.185,90792.000,true
before,5,named_naming_KEBAB_CASE,8,3507,6022.412,11392.000,true
before,5,positional_join_using,8,24307,823.870,3224.000,true
before,5,mybatis_naming_KEBAB_CASE,8,3510,5747.293,10176.000,true
before,5,custom_handler_where,8,3518,5889.852,11424.000,true
before,5,mybatis_update_chain_16,8,1550,12652.323,40768.000,true
before,5,positional_in_1024,8,1509,15463.154,28584.000,true
before,5,mybatis_in_256,8,852,26669.484,72840.000,true
before,5,mybatis_in_16,8,10298,2065.323,6592.000,true
before,5,raw_mixed_literals,8,14473,1349.022,3368.000,true
before,5,named_dialect_PostgreSQL,8,14963,1272.225,4216.000,true
before,5,raw_derived,8,5916,3640.230,7632.000,true
before,5,named_dialect_Oracle,8,15888,1289.734,4392.000,true
before,5,raw_insert_values,8,22536,971.694,2544.000,true
before,5,raw_in_17,8,12071,1728.548,5896.000,true
before,5,mybatis_batch_beans,8,2938,7523.417,22072.000,true
before,5,positional_retry_rollback,8,8018,2473.672,6040.000,true
before,5,named_dialect_DB2,8,16073,1297.169,4392.000,true
before,5,mybatis_delete,8,48971,472.825,1872.000,true
before,5,positional_where_128,8,680,29611.765,38992.000,true
before,5,mybatis_derived,8,4954,4577.897,9504.000,true
before,5,mybatis_naming_NO_CHANGE,8,4258,4708.314,8408.000,true
before,5,raw_group_order,8,9701,2298.990,6256.000,true
before,5,positional_insert_entity,8,37395,603.976,1816.000,true
before,5,named_nested,8,15817,1287.596,3816.000,true
before,5,named_join_on,8,14670,1369.482,4352.000,true
before,5,positional_naming_NO_CHANGE,8,6721,3099.940,4928.000,true
before,5,named_naming_SCREAMING_SNAKE_CASE,8,3533,5732.663,11408.000,true
before,5,raw_select_entity,8,37245,576.383,1992.000,true
before,5,mybatis_in_expression,8,844,27003.081,73920.000,true
before,5,mybatis_naming_SCREAMING_SNAKE_CASE,8,3541,5771.872,10192.000,true
before,5,positional_batch_beans,8,3830,4987.285,10456.000,true
before,5,named_raw_expression,8,20283,1030.434,2616.000,true
before,5,positional_insert_values,8,27758,748.019,2232.000,true
before,5,mybatis_insert_entity,8,24777,885.817,2456.000,true
before,5,raw_batch_4,8,9670,2340.434,7520.000,true
before,5,named_insert_placeholders,8,11021,907.504,3040.000,true
before,5,mybatis_join_using,8,21497,1031.037,3544.000,true
before,5,named_between,8,15309,1226.200,3848.000,true
before,5,raw_naming_KEBAB_CASE,8,3813,5226.803,9648.000,true
before,5,raw_join_on,8,15313,1265.088,4016.000,true
before,5,raw_where_16,8,4192,5206.608,9648.000,true
before,5,named_late_modifier,8,27047,737.028,2896.000,true
before,5,raw_union_builder,8,8402,2483.468,6120.000,true
before,5,mybatis_union_builder,8,4895,4245.516,8960.000,true
before,5,positional_subquery_structured,8,14988,1390.639,4856.000,true
before,5,mybatis_select_entity,8,37171,553.410,1992.000,true
before,5,mybatis_raw_expression,8,19038,1024.294,2616.000,true
before,5,named_select_entity,8,35471,547.864,1992.000,true
before,5,positional_mixed_literals,8,17849,1084.884,2976.000,true
before,5,positional_naming_UPPER_CAMEL_CASE,8,4718,4606.295,6424.000,true
before,5,named_naming_CAMEL_CASE,8,3264,5979.350,11104.000,true
before,5,mybatis_where_16,9,3618,6200.276,10176.000,true
before,5,positional_select_star,9,93851,246.177,1240.000,true
before,5,positional_union_raw,9,19544,1145.743,1968.000,true
before,5,mybatis_pagination,9,17887,1099.486,3952.000,true
before,5,mybatis_select_columns,9,27192,794.042,2104.000,true
before,5,named_dialect_Microsoft_SQL_Server,9,13922,1481.763,4392.000,true
before,5,named_nested,9,15817,1299.791,3816.000,true
before,5,raw_select_entity,9,37245,569.878,1992.000,true
before,5,named_insert_values,9,19613,1055.076,3176.000,true
before,5,raw_delete,9,55154,424.236,1664.000,true
before,5,raw_batch_4,9,9670,2138.252,7520.000,true
before,5,raw_mixed_literals,9,14473,1311.097,3368.000,true
before,5,positional_subquery_structured,9,14988,1392.367,4856.000,true
before,5,named_subquery_raw,9,33529,623.040,2352.000,true
before,5,positional_in_1024,9,1509,14461.763,28584.000,true
before,5,named_in_17,9,9571,2246.045,7968.000,true
before,5,raw_raw_expression,9,20246,971.402,2616.000,true
before,5,raw_select_expressions,9,13613,1613.112,2512.000,true
before,5,raw_in_256,9,1154,18143.328,56720.000,true
before,5,named_update_map,9,12449,1664.174,4920.000,true
before,5,mybatis_where_eq,9,18521,1051.261,3136.000,true
before,5,raw_in_expression,9,1114,18955.386,57760.000,true
before,5,mybatis_select_star,9,91991,256.232,1240.000,true
before,5,positional_dialect_DB2,9,20721,1107.181,3616.000,true
before,5,positional_where_eq,9,23951,845.009,2816.000,true
before,5,raw_late_modifier,9,28837,688.480,2560.000,true
before,5,positional_nested,9,18967,1146.391,3120.000,true
before,5,named_naming_KEBAB_CASE,9,3507,5666.153,11392.000,true
before,5,custom_handler_union,9,4343,4870.021,9392.000,true
before,5,raw_where_16,9,4192,4838.430,9648.000,true
before,5,raw_derived,9,5916,3674.222,7632.000,true
before,5,raw_naming_CAMEL_CASE,9,3923,5198.827,9360.000,true
before,5,named_naming_CAMEL_CASE,9,3264,6250.214,11104.000,true
before,5,named_naming_SCREAMING_SNAKE_CASE,9,3533,5804.189,11408.000,true
before,5,positional_raw_expression,9,20421,1024.034,2616.000,true
before,5,mybatis_naming_CAMEL_CASE,9,3411,6217.737,9888.000,true
before,5,named_repeated_names,9,820,24540.000,70080.000,true
before,5,raw_naming_NO_CHANGE,9,5256,4001.123,7880.000,true
before,5,raw_join_on,9,15313,1319.709,4016.000,true
before,5,raw_batch_beans,9,3926,4696.587,16120.000,true
before,5,mybatis_union_raw,9,19574,1108.802,1968.000,true
before,5,raw_insert_entity,9,28052,748.161,2128.000,true
before,5,raw_in_17,9,12071,1734.653,5896.000,true
before,5,positional_update_chain_16,9,3413,6056.080,23168.000,true
before,5,positional_insert_placeholders,9,31351,669.908,2096.000,true
before,5,named_insert_placeholders,9,11021,1044.079,3040.000,true
before,5,named_union_builder,9,5028,4245.465,8936.000,true
before,5,named_select_entity,9,35471,586.975,1992.000,true
before,5,named_union_raw,9,19789,1088.155,1968.000,true
before,5,positional_naming_NO_CHANGE,9,6721,2952.581,4928.000,true
before,5,positional_in_16,9,25870,815.783,2736.000,true
before,5,named_dialect_MySQL,9,16257,1265.049,4216.000,true
before,5,raw_insert_values,9,22536,956.217,2544.000,true
before,5,mybatis_update_map,9,12828,1506.954,4392.000,true
before,5,positional_select_columns,9,28056,792.483,2104.000,true
before,5,positional_union_builder,9,8770,2454.504,5920.000,true
before,5,named_dialect_Oracle,9,15888,1313.910,4392.000,true
before,5,named_late_modifier,9,27047,750.678,2896.000,true
before,5,named_in_1024,9,179,144375.419,353296.000,true
before,5,raw_union_raw,9,19351,1060.534,1968.000,true
before,5,named_retry_rollback,9,4723,4987.402,8432.000,true
before,5,mybatis_where_128,9,474,44070.042,67464.000,true
before,5,positional_row_in,9,23069,891.534,2752.000,true
before,5,named_between,9,15309,1199.726,3848.000,true
before,5,named_in_256,9,801,27452.310,90792.000,true
before,5,mybatis_in_16,9,10298,2052.340,6592.000,true
before,5,mybatis_between,9,16180,1280.235,3640.000,true
before,5,named_dialect_DB2,9,16073,1436.770,4392.000,true
before,5,positional_in_256,9,3909,4495.165,9656.000,true
before,5,positional_join_using,9,24307,914.411,3224.000,true
before,5,mybatis_mixed_literals,9,14446,1399.335,3680.000,true
before,5,named_where_128,9,451,47770.510,77464.000,true
before,5,named_join_using,9,20925,928.033,3680.000,true
before,5,positional_batch_beans,9,3830,4180.496,10456.000,true
before,5,named_select_expressions,9,13764,1514.167,2512.000,true
before,5,raw_update_chain_16,9,2336,7810.830,26256.000,true
before,5,positional_pagination,9,22023,955.265,3408.000,true
before,5,mybatis_group_order,9,8401,2605.368,7112.000,true
before,5,positional_dialect_MySQL,9,21313,983.630,3432.000,true
before,5,raw_union_builder,9,8402,2518.579,6120.000,true
before,5,raw_subquery_raw,9,33265,672.978,2352.000,true
before,5,named_insert_entity,9,22882,865.484,2760.000,true
before,5,raw_naming_KEBAB_CASE,9,3813,5346.368,9648.000,true
before,5,positional_batch_64,9,1163,18618.659,72304.000,true
before,5,named_join_on,9,14670,1441.104,4352.000,true
before,5,positional_insert_values,9,27758,771.680,2232.000,true
before,5,mybatis_late_modifier,9,27273,721.127,2760.000,true
before,5,mybatis_naming_NO_CHANGE,9,4258,4832.832,8408.000,true
before,5,positional_subquery_raw,9,33895,640.564,2352.000,true
before,5,positional_dialect_PostgreSQL,9,20029,1000.674,3432.000,true
before,5,raw_condition_only,9,4569,4427.424,8584.000,true
before,5,positional_late_modifier,9,33814,636.860,2440.000,true
before,5,named_select_star,9,77825,258.892,1240.000,true
before,5,positional_group_order,9,9794,2053.431,6160.000,true
before,5,mybatis_insert_entity,9,24777,877.996,2456.000,true
before,5,mybatis_join_on,9,15071,1354.741,4216.000,true
before,5,positional_derived,9,6181,3424.009,7464.000,true
before,5,mybatis_batch_64,9,644,32415.373,119024.000,true
before,5,raw_select_columns,9,26808,809.113,2104.000,true
before,5,mybatis_naming_KEBAB_CASE,9,3510,6002.792,10176.000,true
before,5,raw_naming_UPPER_CAMEL_CASE,9,3970,5167.128,9376.000,true
before,5,raw_insert_placeholders,9,30197,674.401,2096.000,true
before,5,raw_repeated_names,9,955,22204.293,59056.000,true
before,5,positional_delete,9,55689,378.946,1544.000,true
before,5,positional_naming_CAMEL_CASE,9,4669,4470.722,6408.000,true
before,5,named_where_eq,9,20583,969.494,3272.000,true
before,5,mybatis_retry_rollback,9,5057,4330.670,7760.000,true
before,5,positional_condition_only,9,5836,3732.951,5640.000,true
before,5,named_naming_NO_CHANGE,9,3100,4591.452,9624.000,true
before,5,named_derived,9,4730,4417.019,9536.000,true
before,5,positional_repeated_names,9,1368,14976.901,35520.000,true
before,5,raw_subquery_structured,9,14964,1272.374,4720.000,true
before,5,named_raw_expression,9,20283,1010.674,2616.000,true
before,5,named_batch_64,9,614,35510.749,135040.000,true
before,5,raw_between,9,18166,1169.834,3432.000,true
before,5,named_naming_UPPER_CAMEL_CASE,9,3354,6375.492,11120.000,true
before,5,named_row_in,9,16046,1287.816,4144.000,true
before,5,mybatis_subquery_raw,9,32538,647.892,2352.000,true
before,5,named_in_expression,9,767,28172.881,91824.000,true
before,5,positional_naming_UPPER_CAMEL_CASE,9,4718,4353.836,6424.000,true
before,5,raw_join_using,9,21654,964.344,3344.000,true
before,5,positional_between,9,20183,1010.033,3104.000,true
before,5,raw_select_star,9,82132,244.857,1240.000,true
before,5,mybatis_row_in,9,16222,1317.575,3832.000,true
before,5,named_in_16,9,9814,2040.340,7680.000,true
before,5,mybatis_raw_expression,9,19038,1031.747,2616.000,true
before,5,mybatis_join_using,9,21497,946.853,3544.000,true
before,5,mybatis_update_chain_16,9,1550,13896.129,40768.000,true
before,5,positional_retry_rollback,9,8018,3306.760,6040.000,true
before,5,positional_select_expressions,9,13902,1592.785,2512.000,true
before,5,raw_pagination,9,20220,975.475,3520.000,true
before,5,named_condition_only,9,3895,5257.253,10328.000,true
before,5,raw_in_16,9,12910,1701.836,5680.000,true
before,5,raw_batch_64,9,935,22175.936,94400.000,true
before,5,raw_nested,9,17126,1267.634,3448.000,true
before,5,mybatis_naming_UPPER_CAMEL_CASE,9,3371,5894.838,9904.000,true
before,5,mybatis_derived,9,4954,4403.068,9504.000,true
before,5,positional_batch_4,9,5535,1699.223,6096.000,true
before,5,positional_join_on,9,16330,1317.103,3896.000,true
before,5,mybatis_in_expression,9,844,26113.507,73920.000,true
before,5,named_select_columns,9,26920,774.651,2104.000,true
before,5,mybatis_naming_SCREAMING_SNAKE_CASE,9,3541,6019.514,10192.000,true
before,5,positional_insert_entity,9,37395,626.602,1816.000,true
before,5,mybatis_insert_values,9,19762,1060.566,2872.000,true
before,5,named_where_16,9,3551,5729.119,11392.000,true
before,5,positional_dialect_Microsoft_SQL_Server,9,15276,1269.194,3616.000,true
before,5,positional_naming_KEBAB_CASE,9,4803,4040.725,6696.000,true
before,5,raw_row_in,9,19059,1111.842,3168.000,true
before,5,mybatis_batch_4,9,7466,2740.624,8912.000,true
before,5,raw_where_128,9,564,36417.730,62680.000,true
before,5,positional_update_map,9,20311,1077.830,3192.000,true
before,5,mybatis_repeated_names,9,869,25348.446,61104.000,true
before,5,raw_naming_SCREAMING_SNAKE_CASE,9,4068,4848.402,9664.000,true
before,5,named_subquery_structured,9,11826,1692.508,5640.000,true
before,5,named_mixed_literals,9,14349,1395.902,3944.000,true
before,5,mybatis_in_17,9,9988,2112.465,6832.000,true
before,5,named_group_order,9,7790,2657.920,7512.000,true
before,5,named_update_chain_16,9,1312,14878.659,47808.000,true
before,5,mybatis_condition_only,9,4011,5331.015,9112.000,true
before,5,named_dialect_PostgreSQL,9,14963,1358.725,4216.000,true
before,5,mybatis_delete,9,48971,438.112,1872.000,true
before,5,positional_select_entity,9,37289,583.786,1992.000,true
before,5,mybatis_select_expressions,9,13770,1470.392,2512.000,true
before,5,raw_update_map,9,17112,1250.958,3712.000,true
before,5,mybatis_select_entity,9,37171,547.962,1992.000,true
before,5,positional_mixed_literals,9,17849,1093.804,2976.000,true
before,5,positional_in_expression,9,3937,5346.990,10904.000,true
before,5,raw_in_1024,9,293,71420.137,220328.000,true
before,5,named_batch_beans,9,2545,8027.898,26056.000,true
before,5,named_pagination,9,16446,1224.170,4192.000,true
before,5,positional_in_17,9,25415,796.175,2752.000,true
before,5,positional_where_16,9,4908,4105.196,6696.000,true
before,5,named_batch_4,9,7322,2905.449,9864.000,true
before,5,custom_handler_where,9,3518,5950.682,11424.000,true
before,5,positional_where_128,9,680,31220.147,38992.000,true
before,5,mybatis_insert_placeholders,9,22068,981.566,2736.000,true
before,5,mybatis_batch_beans,9,2938,7115.929,22072.000,true
before,5,mybatis_in_256,9,852,24636.150,72840.000,true
before,5,positional_naming_SCREAMING_SNAKE_CASE,9,4975,4226.774,6712.000,true
before,5,raw_group_order,9,9701,2162.241,6256.000,true
before,5,mybatis_nested,9,16229,1339.540,3632.000,true
before,5,raw_where_eq,9,18981,922.333,2936.000,true
before,5,named_delete,9,47970,429.410,2000.000,true
before,5,mybatis_in_1024,9,206,107364.078,281552.000,true
before,5,mybatis_subquery_structured,9,12920,1618.731,5408.000,true
before,5,positional_dialect_Oracle,9,20436,1060.330,3616.000,true
before,5,raw_retry_rollback,9,4723,3171.014,6400.000,true
before,5,mybatis_union_builder,9,4895,4396.302,8960.000,true
