version,fork,case,round,operations,ns_per_op,bytes_per_op,equivalent
before,4,raw_late_modifier,1,28574,676.941,2560.000,true
before,4,mybatis_in_1024,1,212,94298.113,256976.000,true
before,4,raw_condition_only,1,4743,4376.133,8584.000,true
before,4,named_dialect_Microsoft_SQL_Server,1,14146,1478.835,4392.000,true
before,4,positional_select_expressions,1,13609,1572.063,2512.000,true
before,4,raw_insert_entity,1,25144,862.965,2128.000,true
before,4,positional_group_order,1,9530,2238.888,6160.000,true
before,4,mybatis_group_order,1,8047,2628.868,7088.000,true
before,4,raw_naming_KEBAB_CASE,1,3828,5126.045,9648.000,true
before,4,positional_dialect_DB2,1,20966,991.834,3616.000,true
before,4,raw_select_star,1,98146,239.478,1240.000,true
before,4,named_delete,1,44467,456.505,2000.000,true
before,4,named_retry_rollback,1,5205,4205.053,8432.000,true
before,4,named_pagination,1,15737,1302.936,4192.000,true
before,4,mybatis_batch_beans,1,2995,7853.957,22816.000,true
before,4,positional_pagination,1,21595,970.169,3408.000,true
before,4,positional_union_builder,1,8738,2480.098,5920.000,true
before,4,raw_insert_placeholders,1,30451,698.168,2096.000,true
before,4,raw_batch_beans,1,2561,5480.711,16864.000,true
before,4,named_dialect_DB2,1,16233,1322.497,4392.000,true
before,4,positional_in_expression,1,3202,5345.753,10904.000,true
before,4,mybatis_batch_64,1,618,33913.107,117008.000,true
before,4,mybatis_raw_expression,1,20114,1007.239,2616.000,true
before,4,raw_in_expression,1,1122,19022.549,57760.000,true
before,4,mybatis_select_expressions,1,13431,1609.880,2512.000,true
before,4,named_in_expression,1,765,25404.314,91824.000,true
before,4,named_insert_entity,1,22640,945.711,2760.000,true
before,4,positional_naming_CAMEL_CASE,1,4650,4547.333,6408.000,true
before,4,raw_update_chain_16,1,2648,8188.406,26256.000,true
before,4,named_insert_values,1,17877,1098.400,3176.000,true
before,4,mybatis_subquery_raw,1,33786,625.516,2352.000,true
before,4,mybatis_naming_SCREAMING_SNAKE_CASE,1,3671,5538.001,9808.000,true
before,4,named_select_columns,1,26435,770.305,2104.000,true
before,4,positional_join_on,1,15666,1310.322,3896.000,true
before,4,positional_between,1,20318,1055.635,3104.000,true
before,4,named_in_256,1,818,25134.230,90792.000,true
before,4,raw_in_256,1,1192,17626.258,56720.000,true
before,4,mybatis_repeated_names,1,892,23239.686,58032.000,true
before,4,raw_join_using,1,21770,952.476,3368.000,true
before,4,mybatis_update_chain_16,1,1602,12905.930,40744.000,true
before,4,raw_naming_UPPER_CAMEL_CASE,1,3893,5468.405,9376.000,true
before,4,positional_dialect_PostgreSQL,1,19453,1017.180,3432.000,true
before,4,named_dialect_PostgreSQL,1,15397,1322.433,4216.000,true
before,4,raw_where_128,1,569,39224.956,62680.000,true
before,4,positional_subquery_structured,1,14816,1411.204,4856.000,true
before,4,named_row_in,1,14332,1382.473,4144.000,true
before,4,mybatis_mixed_literals,1,14728,1407.265,3608.000,true
before,4,positional_dialect_Microsoft_SQL_Server,1,17531,1221.043,3616.000,true
before,4,named_naming_UPPER_CAMEL_CASE,1,3310,6125.831,11120.000,true
before,4,positional_dialect_Oracle,1,17914,1080.485,3616.000,true
before,4,positional_derived,1,6089,3605.305,7464.000,true
before,4,named_update_chain_16,1,1303,16771.067,47808.000,true
before,4,positional_naming_SCREAMING_SNAKE_CASE,1,4950,4174.303,6712.000,true
before,4,named_union_builder,1,4952,4487.601,8912.000,true
before,4,positional_in_16,1,24975,792.388,2736.000,true
before,4,positional_insert_values,1,26684,758.462,2232.000,true
before,4,raw_where_16,1,4194,5129.542,9648.000,true
before,4,named_naming_NO_CHANGE,1,4361,4573.974,9624.000,true
before,4,raw_union_raw,1,18476,1136.637,1968.000,true
before,4,positional_dialect_MySQL,1,20294,1021.302,3432.000,true
before,4,mybatis_pagination,1,17956,1132.223,3928.000,true
before,4,named_batch_64,1,591,36203.046,133024.000,true
before,4,mybatis_in_17,1,10053,1867.840,6424.000,true
before,4,positional_insert_entity,1,27738,633.398,1816.000,true
before,4,mybatis_union_raw,1,19248,1145.579,1968.000,true
before,4,raw_naming_NO_CHANGE,1,5231,3956.433,7880.000,true
before,4,raw_between,1,17470,1187.825,3432.000,true
before,4,raw_derived,1,5525,3500.452,7632.000,true
before,4,mybatis_naming_UPPER_CAMEL_CASE,1,3537,6114.843,9520.000,true
before,4,mybatis_subquery_structured,1,12446,1626.699,5384.000,true
before,4,named_late_modifier,1,27006,788.880,2896.000,true
before,4,mybatis_naming_NO_CHANGE,1,4510,4208.869,8024.000,true
before,4,mybatis_in_expression,1,935,22739.465,67800.000,true
before,4,positional_union_raw,1,18331,1130.773,1968.000,true
before,4,positional_in_256,1,4339,3962.342,9656.000,true
before,4,positional_retry_rollback,1,8047,3200.534,6040.000,true
before,4,named_in_1024,1,151,117592.715,353296.000,true
before,4,positional_batch_64,1,1183,18647.760,70288.000,true
before,4,raw_batch_4,1,9099,2296.406,7424.000,true
before,4,positional_update_chain_16,1,3152,6546.510,23168.000,true
before,4,named_join_on,1,14753,1481.475,4352.000,true
before,4,positional_batch_4,1,10200,1964.225,6000.000,true
before,4,mybatis_insert_values,1,19776,1016.712,2872.000,true
before,4,mybatis_select_star,1,98332,229.309,1240.000,true
before,4,positional_delete,1,66983,380.199,1544.000,true
before,4,raw_select_entity,1,33614,593.259,1992.000,true
before,4,raw_select_expressions,1,13739,1610.059,2512.000,true
before,4,raw_group_order,1,8710,2092.411,6256.000,true
before,4,positional_select_star,1,92959,246.386,1240.000,true
before,4,named_select_star,1,79402,233.693,1240.000,true
before,4,positional_naming_UPPER_CAMEL_CASE,1,4545,4369.263,6424.000,true
before,4,raw_pagination,1,20017,1001.968,3520.000,true
before,4,custom_handler_union,1,4315,5300.139,9368.000,true
before,4,raw_row_in,1,19168,1016.721,3168.000,true
before,4,named_naming_KEBAB_CASE,1,3525,5847.915,11392.000,true
before,4,raw_in_17,1,12147,1717.321,5896.000,true
before,4,named_join_using,1,20550,997.333,3704.000,true
before,4,named_naming_CAMEL_CASE,1,3356,6046.990,11104.000,true
before,4,positional_select_columns,1,27157,808.760,2104.000,true
before,4,named_batch_4,1,5825,2990.215,9768.000,true
before,4,raw_in_1024,1,292,73028.767,220328.000,true
before,4,mybatis_union_builder,1,4861,4038.552,8912.000,true
before,4,positional_update_map,1,21816,1019.907,3192.000,true
before,4,named_group_order,1,7892,2791.054,7512.000,true
before,4,named_where_128,1,461,41562.256,77464.000,true
before,4,mybatis_derived,1,4873,4429.140,9456.000,true
before,4,named_mixed_literals,1,14331,1473.889,3944.000,true
before,4,named_raw_expression,1,20032,949.880,2616.000,true
before,4,named_naming_SCREAMING_SNAKE_CASE,1,3514,6031.417,11408.000,true
before,4,positional_naming_KEBAB_CASE,1,4889,4175.557,6696.000,true
before,4,named_dialect_MySQL,1,16301,1321.894,4216.000,true
before,4,named_repeated_names,1,815,27682.454,70080.000,true
before,4,raw_delete,1,48358,409.866,1664.000,true
before,4,named_subquery_raw,1,31353,632.380,2352.000,true
before,4,mybatis_update_map,1,13146,1501.750,4368.000,true
before,4,raw_subquery_structured,1,15707,1307.831,4720.000,true
before,4,raw_raw_expression,1,18588,1021.837,2616.000,true
before,4,named_batch_beans,1,2483,8288.280,26800.000,true
before,4,named_update_map,1,12159,1775.944,4920.000,true
before,4,raw_mixed_literals,1,14374,1460.296,3368.000,true
before,4,mybatis_join_using,1,19016,988.636,3544.000,true
before,4,named_in_16,1,9841,2202.551,7680.000,true
before,4,named_where_eq,1,20525,1086.821,3272.000,true
before,4,named_insert_placeholders,1,20618,1004.923,3072.000,true
before,4,positional_join_using,1,23690,924.382,3248.000,true
before,4,mybatis_insert_placeholders,1,21877,941.029,2736.000,true
before,4,named_nested,1,11491,1361.352,3816.000,true
before,4,named_where_16,1,3519,5992.555,11392.000,true
before,4,mybatis_where_16,1,3704,5227.511,9792.000,true
before,4,named_select_entity,1,37310,603.602,1992.000,true
before,4,positional_raw_expression,1,20398,1041.264,2616.000,true
before,4,named_between,1,15605,1209.215,3848.000,true
before,4,positional_where_16,1,5073,4175.498,6696.000,true
before,4,positional_nested,1,18532,1145.510,3120.000,true
before,4,mybatis_nested,1,15818,1309.281,3584.000,true
before,4,positional_late_modifier,1,33918,659.331,2440.000,true
before,4,positional_mixed_literals,1,18472,1159.073,2976.000,true
before,4,positional_where_128,1,686,29156.706,38992.000,true
before,4,raw_union_builder,1,8307,2658.348,6120.000,true
before,4,mybatis_in_16,1,10606,1857.137,6208.000,true
before,4,mybatis_select_entity,1,35986,630.281,1992.000,true
before,4,positional_insert_placeholders,1,31531,709.036,2096.000,true
before,4,mybatis_batch_4,1,7394,2715.486,8816.000,true
before,4,positional_in_17,1,22739,803.984,2752.000,true
before,4,positional_in_1024,1,1497,15699.599,28584.000,true
before,4,raw_batch_64,1,866,25682.564,92384.000,true
before,4,custom_handler_where,1,3578,5594.382,11424.000,true
before,4,positional_row_in,1,23498,946.012,2752.000,true
before,4,positional_repeated_names,1,1382,15252.533,35520.000,true
before,4,raw_insert_values,1,21711,952.895,2544.000,true
before,4,mybatis_insert_entity,1,23792,919.460,2456.000,true
before,4,mybatis_where_eq,1,20698,957.566,3112.000,true
before,4,raw_update_map,1,16667,1220.466,3712.000,true
before,4,mybatis_select_columns,1,26845,786.504,2104.000,true
before,4,positional_subquery_raw,1,28147,580.016,2352.000,true
before,4,mybatis_row_in,1,16376,1306.900,3736.000,true
before,4,raw_repeated_names,1,999,21756.757,59056.000,true
before,4,raw_naming_SCREAMING_SNAKE_CASE,1,4047,4925.006,9664.000,true
before,4,positional_select_entity,1,37266,596.847,1992.000,true
before,4,raw_subquery_raw,1,33669,622.371,2352.000,true
before,4,raw_retry_rollback,1,5321,3919.921,6400.000,true
before,4,mybatis_where_128,1,461,39210.412,64392.000,true
before,4,named_in_17,1,9614,2144.009,7968.000,true
before,4,raw_in_16,1,12489,1721.651,5680.000,true
before,4,named_dialect_Oracle,1,16390,1319.219,4392.000,true
before,4,mybatis_late_modifier,1,25337,760.694,2736.000,true
before,4,raw_join_on,1,14927,1403.731,4016.000,true
before,4,positional_batch_beans,1,4539,4255.805,11200.000,true
before,4,mybatis_between,1,16190,1294.645,3592.000,true
before,4,named_subquery_structured,1,12039,1808.439,5640.000,true
before,4,raw_select_columns,1,26613,810.935,2104.000,true
before,4,named_condition_only,1,3298,4976.653,10328.000,true
before,4,positional_naming_NO_CHANGE,1,6706,2999.657,4928.000,true
before,4,raw_nested,1,16681,1267.082,3448.000,true
before,4,mybatis_naming_CAMEL_CASE,1,3521,5916.927,9504.000,true
before,4,positional_condition_only,1,5631,3471.799,5640.000,true
before,4,mybatis_in_256,1,938,21512.900,66696.000,true
before,4,mybatis_delete,1,49770,448.065,1848.000,true
before,4,raw_naming_CAMEL_CASE,1,3937,5142.647,9360.000,true
before,4,positional_where_eq,1,23369,920.917,2816.000,true
before,4,named_union_raw,1,19024,1206.897,1968.000,true
before,4,mybatis_condition_only,1,4028,4633.143,8728.000,true
before,4,mybatis_retry_rollback,1,4321,4272.992,7736.000,true
before,4,named_select_expressions,1,13607,1484.596,2512.000,true
before,4,raw_where_eq,1,21736,1035.825,2936.000,true
before,4,named_derived,1,4770,4671.803,9536.000,true
before,4,mybatis_naming_KEBAB_CASE,1,3657,5620.372,9792.000,true
before,4,mybatis_join_on,1,14589,1441.723,4192.000,true
before,4,mybatis_retry_rollback,2,4321,4133.441,7736.000,true
before,4,named_mixed_literals,2,14331,1429.384,3944.000,true
before,4,positional_batch_beans,2,4539,5758.801,11200.000,true
before,4,raw_raw_expression,2,18588,1026.173,2616.000,true
before,4,raw_where_16,2,4194,5147.592,9648.000,true
before,4,mybatis_where_eq,2,20698,958.083,3112.000,true
before,4,named_in_1024,2,151,126875.497,353296.000,true
before,4,raw_insert_entity,2,25144,866.211,2128.000,true
before,4,positional_union_builder,2,8738,2249.416,5920.000,true
before,4,raw_where_128,2,569,37031.283,62680.000,true
before,4,raw_derived,2,5525,3547.113,7632.000,true
before,4,raw_naming_NO_CHANGE,2,5231,4059.625,7880.000,true
before,4,named_insert_values,2,17877,1129.060,3176.000,true
before,4,mybatis_condition_only,2,4028,4799.851,8728.000,true
before,4,raw_select_columns,2,26613,805.967,2104.000,true
before,4,mybatis_insert_values,2,19776,1106.826,2872.000,true
before,4,named_dialect_Microsoft_SQL_Server,2,14146,1494.182,4392.000,true
before,4,raw_between,2,17470,1182.759,3432.000,true
before,4,mybatis_union_builder,2,4861,4426.167,8912.000,true
before,4,mybatis_derived,2,4873,4287.892,9456.000,true
before,4,positional_retry_rollback,2,8047,2897.701,6040.000,true
before,4,raw_update_chain_16,2,2648,8268.202,26256.000,true
before,4,raw_in_1024,2,292,73313.699,220328.000,true
before,4,named_batch_beans,2,2483,7844.100,26800.000,true
before,4,raw_pagination,2,20017,1011.515,3520.000,true
before,4,raw_late_modifier,2,28574,725.282,2560.000,true
before,4,raw_in_256,2,1192,18099.329,56720.000,true
before,4,named_batch_64,2,591,38486.464,133024.000,true
before,4,positional_row_in,2,23498,904.477,2752.000,true
before,4,mybatis_update_chain_16,2,1602,13391.136,40744.000,true
before,4,raw_subquery_raw,2,33669,641.278,2352.000,true
before,4,positional_late_modifier,2,33918,624.913,2440.000,true
before,4,raw_repeated_names,2,999,22143.343,59056.000,true
before,4,positional_between,2,20318,1004.489,3104.000,true
before,4,named_dialect_PostgreSQL,2,15397,1351.952,4216.000,true
before,4,mybatis_batch_64,2,618,36620.712,117008.000,true
before,4,named_update_map,2,12159,1677.161,4920.000,true
before,4,custom_handler_union,2,4315,4622.294,9368.000,true
before,4,raw_batch_beans,2,2561,5488.208,16864.000,true
before,4,raw_union_builder,2,8307,2495.450,6120.000,true
before,4,positional_join_using,2,23690,880.224,3248.000,true
before,4,positional_dialect_PostgreSQL,2,19453,978.204,3432.000,true
before,4,positional_update_map,2,21816,1027.370,3192.000,true
before,4,named_naming_KEBAB_CASE,2,3525,5991.915,11392.000,true
before,4,raw_naming_KEBAB_CASE,2,3828,5164.551,9648.000,true
before,4,mybatis_update_map,2,13146,1552.267,4368.000,true
before,4,mybatis_between,2,16190,1243.595,3592.000,true
before,4,named_select_star,2,79402,224.076,1240.000,true
before,4,positional_insert_entity,2,27738,687.721,1816.000,true
before,4,raw_row_in,2,19168,1058.598,3168.000,true
before,4,raw_join_using,2,21770,922.885,3368.000,true
before,4,named_where_eq,2,20525,1076.083,3272.000,true
before,4,positional_subquery_raw,2,28147,652.535,2352.000,true
before,4,raw_naming_SCREAMING_SNAKE_CASE,2,4047,5454.065,9664.000,true
before,4,named_union_raw,2,19024,1094.297,1968.000,true
before,4,mybatis_in_256,2,938,20893.497,66696.000,true
before,4,positional_in_1024,2,1497,14169.005,28584.000,true
before,4,mybatis_group_order,2,8047,2668.361,7088.000,true
before,4,mybatis_late_modifier,2,25337,728.330,2736.000,true
before,4,mybatis_naming_NO_CHANGE,2,4510,4346.253,8024.000,true
before,4,mybatis_repeated_names,2,892,24051.570,58032.000,true
before,4,mybatis_batch_4,2,7394,2922.126,8816.000,true
before,4,raw_naming_UPPER_CAMEL_CASE,2,3893,5256.794,9376.000,true
before,4,named_naming_NO_CHANGE,2,4361,4629.168,9624.000,true
before,4,mybatis_pagination,2,17956,1204.233,3928.000,true
before,4,mybatis_naming_SCREAMING_SNAKE_CASE,2,3671,5396.132,9808.000,true
before,4,positional_dialect_Oracle,2,17914,1022.201,3616.000,true
before,4,raw_where_eq,2,21736,1002.365,2936.000,true
before,4,mybatis_in_expression,2,935,22766.631,67800.000,true
before,4,named_late_modifier,2,27006,844.005,2896.000,true
before,4,mybatis_select_expressions,2,13431,1552.759,2512.000,true
before,4,named_raw_expression,2,20032,1022.429,2616.000,true
before,4,mybatis_join_using,2,19016,1047.139,3544.000,true
before,4,positional_group_order,2,9530,2081.658,6160.000,true
before,4,named_row_in,2,14332,1305.045,4144.000,true
before,4,mybatis_nested,2,15818,1319.117,3584.000,true
before,4,positional_dialect_DB2,2,20966,1021.115,3616.000,true
before,4,named_group_order,2,7892,2730.537,7512.000,true
before,4,named_derived,2,4770,4427.652,9536.000,true
before,4,positional_select_entity,2,37266,591.963,1992.000,true
before,4,named_union_builder,2,4952,4340.529,8912.000,true
before,4,positional_where_128,2,686,30138.921,38992.000,true
before,4,positional_in_16,2,24975,817.313,2736.000,true
before,4,raw_in_17,2,12147,1760.418,5896.000,true
before,4,raw_condition_only,2,4743,4477.398,8584.000,true
before,4,raw_naming_CAMEL_CASE,2,3937,5364.389,9360.000,true
before,4,positional_dialect_Microsoft_SQL_Server,2,17531,1233.387,3616.000,true
before,4,raw_union_raw,2,18476,1110.311,1968.000,true
before,4,named_where_16,2,3519,5599.147,11392.000,true
before,4,mybatis_naming_CAMEL_CASE,2,3521,5615.677,9504.000,true
before,4,mybatis_insert_entity,2,23792,915.673,2456.000,true
before,4,raw_retry_rollback,2,5321,3594.606,6400.000,true
before,4,positional_batch_4,2,10200,2025.402,6000.000,true
before,4,raw_group_order,2,8710,2252.824,6256.000,true
before,4,mybatis_select_columns,2,26845,826.094,2104.000,true
before,4,named_naming_UPPER_CAMEL_CASE,2,3310,6583.927,11120.000,true
before,4,positional_batch_64,2,1183,18892.054,70288.000,true
before,4,positional_nested,2,18532,1167.829,3120.000,true
before,4,named_where_128,2,461,43936.659,77464.000,true
before,4,named_repeated_names,2,815,26618.282,70080.000,true
before,4,named_delete,2,44467,509.920,2000.000,true
before,4,positional_naming_KEBAB_CASE,2,4889,4120.331,6696.000,true
before,4,named_in_256,2,818,24761.247,90792.000,true
before,4,mybatis_union_raw,2,19248,1138.617,1968.000,true
before,4,mybatis_in_17,2,10053,1922.550,6424.000,true
before,4,positional_join_on,2,15666,1280.154,3896.000,true
before,4,positional_delete,2,66983,376.049,1544.000,true
before,4,named_subquery_structured,2,12039,1718.166,5640.000,true
before,4,mybatis_in_16,2,10606,1759.589,6208.000,true
before,4,positional_where_eq,2,23369,936.938,2816.000,true
before,4,mybatis_subquery_raw,2,33786,617.194,2352.000,true
before,4,positional_mixed_literals,2,18472,1139.996,2976.000,true
before,4,mybatis_insert_placeholders,2,21877,988.029,2736.000,true
before,4,mybatis_where_16,2,3704,5105.778,9792.000,true
before,4,named_dialect_MySQL,2,16301,1282.210,4216.000,true
before,4,mybatis_where_128,2,461,41424.946,64392.000,true
before,4,positional_insert_values,2,26684,762.622,2232.000,true
before,4,named_select_columns,2,26435,842.792,2104.000,true
before,4,positional_select_columns,2,27157,795.397,2104.000,true
before,4,mybatis_batch_beans,2,2995,7785.676,22816.000,true
before,4,custom_handler_where,2,3578,5756.121,11424.000,true
before,4,positional_insert_placeholders,2,31531,689.150,2096.000,true
before,4,mybatis_naming_KEBAB_CASE,2,3657,5500.984,9792.000,true
before,4,named_retry_rollback,2,5205,4445.168,8432.000,true
before,4,positional_update_chain_16,2,3152,6497.747,23168.000,true
before,4,named_batch_4,2,5825,3378.695,9768.000,true
before,4,raw_insert_placeholders,2,30451,666.415,2096.000,true
before,4,named_in_expression,2,765,26489.150,91824.000,true
before,4,raw_insert_values,2,21711,1014.246,2544.000,true
before,4,mybatis_select_entity,2,35986,611.015,1992.000,true
before,4,raw_select_expressions,2,13739,1471.206,2512.000,true
before,4,named_naming_CAMEL_CASE,2,3356,6392.968,11104.000,true
before,4,mybatis_subquery_structured,2,12446,1842.134,5384.000,true
before,4,positional_repeated_names,2,1382,14370.043,35520.000,true
before,4,named_condition_only,2,3298,5489.024,10328.000,true
before,4,positional_select_star,2,92959,242.508,1240.000,true
before,4,named_subquery_raw,2,31353,659.133,2352.000,true
before,4,raw_batch_4,2,9099,2330.036,7424.000,true
before,4,named_insert_placeholders,2,20618,990.023,3072.000,true
before,4,positional_naming_NO_CHANGE,2,6706,3088.697,4928.000,true
before,4,mybatis_raw_expression,2,20114,1079.209,2616.000,true
before,4,positional_naming_UPPER_CAMEL_CASE,2,4545,4270.583,6424.000,true
before,4,named_insert_entity,2,22640,978.158,2760.000,true
before,4,named_in_17,2,9614,2333.389,7968.000,true
before,4,named_update_chain_16,2,1303,15778.972,47808.000,true
before,4,named_join_on,2,14753,1492.273,4352.000,true
before,4,positional_naming_CAMEL_CASE,2,4650,4327.075,6408.000,true
before,4,positional_naming_SCREAMING_SNAKE_CASE,2,4950,4072.667,6712.000,true
before,4,positional_in_expression,2,3202,5287.726,10904.000,true
before,4,raw_mixed_literals,2,14374,1487.290,3368.000,true
before,4,mybatis_mixed_literals,2,14728,1372.413,3608.000,true
before,4,named_pagination,2,15737,1266.747,4192.000,true
before,4,named_dialect_DB2,2,16233,1317.840,4392.000,true
before,4,positional_in_256,2,4339,3925.490,9656.000,true
before,4,raw_select_entity,2,33614,610.573,1992.000,true
before,4,raw_select_star,2,98146,231.333,1240.000,true
before,4,mybatis_naming_UPPER_CAMEL_CASE,2,3537,5727.877,9520.000,true
before,4,raw_batch_64,2,866,23602.425,92384.000,true
before,4,named_between,2,15605,1288.991,3848.000,true
before,4,named_join_using,2,20550,1021.324,3704.000,true
before,4,mybatis_row_in,2,16376,1251.374,3736.000,true
before,4,positional_condition_only,2,5631,3468.407,5640.000,true
before,4,raw_delete,2,48358,403.139,1664.000,true
before,4,positional_dialect_MySQL,2,20294,1001.577,3432.000,true
before,4,raw_nested,2,16681,1315.838,3448.000,true
before,4,positional_where_16,2,5073,3950.345,6696.000,true
before,4,raw_subquery_structured,2,15707,1300.267,4720.000,true
before,4,positional_derived,2,6089,3702.661,7464.000,true
before,4,raw_in_16,2,12489,1690.792,5680.000,true
before,4,named_select_entity,2,37310,601.670,1992.000,true
before,4,named_nested,2,11491,1300.244,3816.000,true
before,4,mybatis_join_on,2,14589,1463.157,4192.000,true
before,4,positional_subquery_structured,2,14816,1446.571,4856.000,true
before,4,positional_pagination,2,21595,905.034,3408.000,true
before,4,positional_union_raw,2,18331,1075.195,1968.000,true
before,4,raw_in_expression,2,1122,20009.804,57760.000,true
before,4,named_in_16,2,9841,2275.470,7680.000,true
before,4,raw_join_on,2,14927,1471.173,4016.000,true
before,4,mybatis_select_star,2,98332,254.853,1240.000,true
before,4,positional_in_17,2,22739,795.347,2752.000,true
before,4,named_select_expressions,2,13607,1630.212,2512.000,true
before,4,named_naming_SCREAMING_SNAKE_CASE,2,3514,5783.779,11408.000,true
before,4,positional_raw_expression,2,20398,1018.860,2616.000,true
before,4,positional_select_expressions,2,13609,1527.247,2512.000,true
before,4,raw_update_map,2,16667,1228.181,3712.000,true
before,4,mybatis_in_1024,2,212,99757.547,256976.000,true
before,4,named_dialect_Oracle,2,16390,1339.359,4392.000,true
before,4,mybatis_delete,2,49770,437.529,1848.000,true
before,4,raw_union_builder,3,8307,2570.061,6120.000,true
before,4,positional_in_expression,3,3202,4686.727,10904.000,true
before,4,named_insert_entity,3,22640,947.292,2760.000,true
before,4,raw_naming_UPPER_CAMEL_CASE,3,3893,5308.040,9376.000,true
before,4,raw_naming_CAMEL_CASE,3,3937,5547.701,9360.000,true
before,4,raw_repeated_names,3,999,21664.765,59056.000,true
before,4,positional_naming_UPPER_CAMEL_CASE,3,4545,4643.960,6424.000,true
before,4,raw_naming_SCREAMING_SNAKE_CASE,3,4047,4877.391,9664.000,true
before,4,mybatis_insert_values,3,19776,1113.269,2872.000,true
before,4,raw_nested,3,16681,1359.055,3448.000,true
before,4,positional_naming_CAMEL_CASE,3,4650,4307.505,6408.000,true
before,4,positional_select_star,3,92959,222.594,1240.000,true
before,4,named_union_builder,3,4952,4355.816,8912.000,true
before,4,positional_row_in,3,23498,901.468,2752.000,true
before,4,named_dialect_Oracle,3,16390,1353.472,4392.000,true
before,4,positional_union_builder,3,8738,2406.226,5920.000,true
before,4,named_subquery_raw,3,31353,608.634,2352.000,true
before,4,raw_in_256,3,1192,17184.312,56720.000,true
before,4,mybatis_in_1024,3,212,92131.604,256976.000,true
before,4,raw_join_on,3,14927,1413.432,4016.000,true
before,4,positional_condition_only,3,5631,3617.315,5640.000,true
before,4,raw_batch_64,3,866,24275.173,92384.000,true
before,4,named_dialect_PostgreSQL,3,15397,1353.848,4216.000,true
before,4,mybatis_select_columns,3,26845,823.170,2104.000,true
before,4,raw_select_expressions,3,13739,1502.358,2512.000,true
before,4,raw_mixed_literals,3,14374,1446.125,3368.000,true
before,4,positional_in_1024,3,1497,13365.999,28584.000,true
before,4,positional_late_modifier,3,33918,674.406,2440.000,true
before,4,raw_insert_placeholders,3,30451,725.168,2096.000,true
before,4,raw_where_eq,3,21736,963.199,2936.000,true
before,4,named_pagination,3,15737,1239.531,4192.000,true
before,4,mybatis_insert_entity,3,23792,928.165,2456.000,true
before,4,mybatis_where_eq,3,20698,957.146,3112.000,true
before,4,mybatis_in_256,3,938,21195.842,66696.000,true
before,4,named_dialect_MySQL,3,16301,1378.560,4216.000,true
before,4,named_mixed_literals,3,14331,1473.833,3944.000,true
before,4,named_select_columns,3,26435,833.766,2104.000,true
before,4,mybatis_subquery_raw,3,33786,603.836,2352.000,true
before,4,raw_derived,3,5525,3484.778,7632.000,true
before,4,raw_where_16,3,4194,5154.864,9648.000,true
before,4,mybatis_naming_KEBAB_CASE,3,3657,5235.658,9792.000,true
before,4,named_in_256,3,818,25293.154,90792.000,true
before,4,named_in_16,3,9841,2191.627,7680.000,true
before,4,positional_update_chain_16,3,3152,6409.042,23168.000,true
before,4,positional_insert_values,3,26684,792.381,2232.000,true
before,4,named_naming_NO_CHANGE,3,4361,4505.664,9624.000,true
before,4,raw_naming_KEBAB_CASE,3,3828,5229.441,9648.000,true
before,4,raw_select_star,3,98146,251.576,1240.000,true
before,4,raw_update_map,3,16667,1269.593,3712.000,true
before,4,positional_dialect_Microsoft_SQL_Server,3,17531,1274.702,3616.000,true
before,4,mybatis_select_expressions,3,13431,1557.382,2512.000,true
before,4,raw_union_raw,3,18476,1130.596,1968.000,true
before,4,positional_naming_SCREAMING_SNAKE_CASE,3,4950,4160.242,6712.000,true
before,4,named_batch_beans,3,2483,8478.292,26800.000,true
before,4,positional_naming_KEBAB_CASE,3,4889,4051.135,6696.000,true
before,4,named_derived,3,4770,4531.342,9536.000,true
before,4,raw_in_16,3,12489,1675.442,5680.000,true
before,4,mybatis_batch_beans,3,2995,7531.920,22816.000,true
before,4,mybatis_union_builder,3,4861,4263.423,8912.000,true
before,4,named_union_raw,3,19024,1135.056,1968.000,true
before,4,raw_select_columns,3,26613,836.565,2104.000,true
before,4,positional_in_16,3,24975,755.548,2736.000,true
before,4,mybatis_naming_SCREAMING_SNAKE_CASE,3,3671,5601.771,9808.000,true
before,4,named_insert_placeholders,3,20618,1034.611,3072.000,true
before,4,positional_pagination,3,21595,923.566,3408.000,true
before,4,positional_subquery_structured,3,14816,1430.130,4856.000,true
before,4,custom_handler_union,3,4315,4702.735,9368.000,true
before,4,mybatis_in_17,3,10053,1912.752,6424.000,true
before,4,raw_join_using,3,21770,922.650,3368.000,true
before,4,named_where_eq,3,20525,1045.920,3272.000,true
before,4,positional_in_256,3,4339,4682.000,9656.000,true
before,4,mybatis_where_16,3,3704,5499.298,9792.000,true
before,4,positional_batch_64,3,1183,18738.546,70288.000,true
before,4,named_retry_rollback,3,5205,4590.874,8432.000,true
before,4,named_batch_64,3,591,36531.810,133024.000,true
before,4,positional_join_on,3,15666,1322.463,3896.000,true
before,4,positional_batch_4,3,10200,1875.461,6000.000,true
before,4,mybatis_between,3,16190,1207.696,3592.000,true
before,4,raw_raw_expression,3,18588,966.333,2616.000,true
before,4,raw_batch_4,3,9099,2461.578,7424.000,true
before,4,mybatis_retry_rollback,3,4321,4415.251,7736.000,true
before,4,positional_retry_rollback,3,8047,3165.776,6040.000,true
before,4,positional_where_16,3,5073,4260.280,6696.000,true
before,4,named_in_expression,3,765,25780.392,91824.000,true
before,4,positional_where_eq,3,23369,868.240,2816.000,true
before,4,mybatis_batch_64,3,618,37022.330,117008.000,true
before,4,raw_group_order,3,8710,2310.838,6256.000,true
before,4,named_in_17,3,9614,2230.071,7968.000,true
before,4,positional_raw_expression,3,20398,1072.973,2616.000,true
before,4,mybatis_group_order,3,8047,2374.450,7088.000,true
before,4,positional_repeated_names,3,1382,15661.939,35520.000,true
before,4,named_late_modifier,3,27006,771.777,2896.000,true
before,4,mybatis_select_entity,3,35986,593.334,1992.000,true
before,4,positional_naming_NO_CHANGE,3,6706,3092.559,4928.000,true
before,4,positional_derived,3,6089,3546.756,7464.000,true
before,4,named_naming_CAMEL_CASE,3,3356,5844.428,11104.000,true
before,4,positional_join_using,3,23690,929.282,3248.000,true
before,4,positional_dialect_DB2,3,20966,1090.814,3616.000,true
before,4,mybatis_subquery_structured,3,12446,1673.285,5384.000,true
before,4,positional_union_raw,3,18331,1172.069,1968.000,true
before,4,mybatis_update_chain_16,3,1602,14741.074,40744.000,true
before,4,named_select_expressions,3,13607,1529.242,2512.000,true
before,4,named_where_128,3,461,43584.599,77464.000,true
before,4,raw_subquery_structured,3,15707,1456.663,4720.000,true
before,4,named_naming_SCREAMING_SNAKE_CASE,3,3514,5900.228,11408.000,true
before,4,named_delete,3,44467,497.216,2000.000,true
before,4,mybatis_in_16,3,10606,1901.254,6208.000,true
before,4,positional_dialect_MySQL,3,20294,1014.497,3432.000,true
before,4,raw_insert_values,3,21711,921.998,2544.000,true
before,4,named_repeated_names,3,815,26627.607,70080.000,true
before,4,mybatis_union_raw,3,19248,1070.470,1968.000,true
before,4,mybatis_update_map,3,13146,1524.806,4368.000,true
before,4,mybatis_batch_4,3,7394,3192.873,8816.000,true
before,4,raw_in_1024,3,292,72445.548,220328.000,true
before,4,raw_delete,3,48358,408.731,1664.000,true
before,4,raw_where_128,3,569,35890.334,62680.000,true
before,4,named_dialect_DB2,3,16233,1319.867,4392.000,true
before,4,positional_select_columns,3,27157,819.984,2104.000,true
before,4,named_naming_UPPER_CAMEL_CASE,3,3310,5950.906,11120.000,true
before,4,named_where_16,3,3519,5941.063,11392.000,true
before,4,named_raw_expression,3,20032,1017.582,2616.000,true
before,4,raw_in_17,3,12147,1768.478,5896.000,true
before,4,raw_select_entity,3,33614,568.323,1992.000,true
before,4,raw_naming_NO_CHANGE,3,5231,4108.258,7880.000,true
before,4,positional_between,3,20318,1023.802,3104.000,true
before,4,named_dialect_Microsoft_SQL_Server,3,14146,1542.415,4392.000,true
before,4,positional_group_order,3,9530,2111.375,6160.000,true
before,4,positional_subquery_raw,3,28147,680.353,2352.000,true
before,4,named_row_in,3,14332,1397.579,4144.000,true
before,4,mybatis_naming_NO_CHANGE,3,4510,4291.530,8024.000,true
before,4,raw_insert_entity,3,25144,875.768,2128.000,true
before,4,named_select_star,3,79402,244.860,1240.000,true
before,4,named_select_entity,3,37310,608.250,1992.000,true
before,4,raw_retry_rollback,3,5321,4555.290,6400.000,true
before,4,named_in_1024,3,151,98664.238,353296.000,true
before,4,named_batch_4,3,5825,3132.412,9768.000,true
before,4,positional_mixed_literals,3,18472,1143.401,2976.000,true
before,4,positional_select_expressions,3,13609,1492.630,2512.000,true
before,4,mybatis_insert_placeholders,3,21877,1007.679,2736.000,true
before,4,custom_handler_where,3,3578,5476.691,11424.000,true
before,4,mybatis_delete,3,49770,464.678,1848.000,true
before,4,named_join_using,3,20550,1041.450,3704.000,true
before,4,positional_nested,3,18532,1073.171,3120.000,true
before,4,positional_insert_entity,3,27738,680.943,1816.000,true
before,4,mybatis_pagination,3,17956,1255.630,3928.000,true
before,4,positional_in_17,3,22739,860.469,2752.000,true
before,4,mybatis_join_using,3,19016,972.833,3544.000,true
before,4,positional_update_map,3,21816,1055.294,3192.000,true
before,4,mybatis_nested,3,15818,1268.726,3584.000,true
before,4,named_join_on,3,14753,1418.254,4352.000,true
before,4,raw_pagination,3,20017,979.657,3520.000,true
before,4,positional_select_entity,3,37266,614.340,1992.000,true
before,4,mybatis_mixed_literals,3,14728,1389.388,3608.000,true
before,4,raw_row_in,3,19168,1084.735,3168.000,true
before,4,raw_between,3,17470,1245.615,3432.000,true
before,4,mybatis_select_star,3,98332,231.656,1240.000,true
before,4,positional_dialect_PostgreSQL,3,19453,982.501,3432.000,true
before,4,mybatis_join_on,3,14589,1480.643,4192.000,true
before,4,positional_where_128,3,686,29629.883,38992.000,true
before,4,mybatis_naming_UPPER_CAMEL_CASE,3,3537,5915.069,9520.000,true
before,4,mybatis_late_modifier,3,25337,779.627,2736.000,true
before,4,mybatis_derived,3,4873,4194.664,9456.000,true
before,4,mybatis_condition_only,3,4028,4966.708,8728.000,true
before,4,positional_dialect_Oracle,3,17914,1079.591,3616.000,true
before,4,named_update_map,3,12159,1579.571,4920.000,true
before,4,raw_late_modifier,3,28574,734.556,2560.000,true
before,4,mybatis_raw_expression,3,20114,993.070,2616.000,true
before,4,named_subquery_structured,3,12039,1789.052,5640.000,true
before,4,positional_insert_placeholders,3,31531,704.034,2096.000,true
before,4,raw_batch_beans,3,2561,6642.210,16864.000,true
before,4,mybatis_where_128,3,461,44070.499,64392.000,true
before,4,named_naming_KEBAB_CASE,3,3525,5605.305,11392.000,true
before,4,named_nested,3,11491,1425.220,3816.000,true
before,4,named_insert_values,3,17877,1104.783,3176.000,true
before,4,named_group_order,3,7892,2748.784,7512.000,true
before,4,mybatis_row_in,3,16376,1241.121,3736.000,true
before,4,named_condition_only,3,3298,4963.827,10328.000,true
before,4,named_between,3,15605,1341.628,3848.000,true
before,4,named_update_chain_16,3,1303,16816.961,47808.000,true
before,4,positional_batch_beans,3,4539,6318.881,11200.000,true
before,4,raw_condition_only,3,4743,4252.836,8584.000,true
before,4,raw_in_expression,3,1122,18675.847,57760.000,true
before,4,raw_update_chain_16,3,2648,8391.088,26256.000,true
before,4,positional_delete,3,66983,329.236,1544.000,true
before,4,mybatis_in_expression,3,935,21445.668,67800.000,true
before,4,mybatis_naming_CAMEL_CASE,3,3521,5594.547,9504.000,true
before,4,raw_subquery_raw,3,33669,612.207,2352.000,true
before,4,mybatis_repeated_names,3,892,24409.417,58032.000,true
before,4,named_naming_NO_CHANGE,4,4361,4714.033,9624.000,true
before,4,raw_batch_64,4,866,24746.074,92384.000,true
before,4,named_select_entity,4,37310,603.069,1992.000,true
before,4,positional_in_16,4,24975,751.303,2736.000,true
before,4,raw_select_entity,4,33614,607.262,1992.000,true
before,4,named_naming_UPPER_CAMEL_CASE,4,3310,6468.489,11120.000,true
before,4,mybatis_join_using,4,19016,955.490,3544.000,true
before,4,named_select_star,4,79402,236.900,1240.000,true
before,4,named_insert_values,4,17877,1144.107,3176.000,true
before,4,mybatis_raw_expression,4,20114,968.316,2616.000,true
before,4,named_dialect_Microsoft_SQL_Server,4,14146,1587.975,4392.000,true
before,4,raw_where_eq,4,21736,988.149,2936.000,true
before,4,raw_late_modifier,4,28574,738.525,2560.000,true
before,4,named_raw_expression,4,20032,968.640,2616.000,true
before,4,raw_mixed_literals,4,14374,1460.909,3368.000,true
before,4,named_naming_SCREAMING_SNAKE_CASE,4,3514,6121.429,11408.000,true
before,4,named_insert_entity,4,22640,926.886,2760.000,true
before,4,positional_retry_rollback,4,8047,3582.950,6040.000,true
before,4,raw_naming_SCREAMING_SNAKE_CASE,4,4047,5372.375,9664.000,true
before,4,raw_join_using,4,21770,890.570,3368.000,true
before,4,positional_batch_64,4,1183,19390.617,70288.000,true
before,4,custom_handler_where,4,3578,5665.567,11424.000,true
before,4,positional_late_modifier,4,33918,656.262,2440.000,true
before,4,named_update_chain_16,4,1303,16309.593,47808.000,true
before,4,raw_pagination,4,20017,1037.918,3520.000,true
before,4,mybatis_naming_CAMEL_CASE,4,3521,5704.828,9504.000,true
before,4,mybatis_naming_KEBAB_CASE,4,3657,5799.152,9792.000,true
before,4,positional_naming_KEBAB_CASE,4,4889,4080.794,6696.000,true
before,4,named_mixed_literals,4,14331,1463.757,3944.000,true
before,4,raw_update_map,4,16667,1261.541,3712.000,true
before,4,named_condition_only,4,3298,4939.751,10328.000,true
before,4,positional_update_map,4,21816,1015.920,3192.000,true
before,4,positional_dialect_DB2,4,20966,1070.490,3616.000,true
before,4,raw_update_chain_16,4,2648,8179.796,26256.000,true
before,4,positional_select_entity,4,37266,593.962,1992.000,true
before,4,raw_in_1024,4,292,72276.712,220328.000,true
before,4,named_dialect_MySQL,4,16301,1322.158,4216.000,true
before,4,mybatis_select_columns,4,26845,833.950,2104.000,true
before,4,mybatis_batch_64,4,618,35925.566,117008.000,true
before,4,named_subquery_raw,4,31353,620.036,2352.000,true
before,4,positional_insert_placeholders,4,31531,733.491,2096.000,true
before,4,named_select_expressions,4,13607,1567.759,2512.000,true
before,4,positional_row_in,4,23498,883.586,2752.000,true
before,4,named_join_using,4,20550,1055.596,3704.000,true
before,4,raw_batch_4,4,9099,2471.250,7424.000,true
before,4,positional_subquery_raw,4,28147,611.582,2352.000,true
before,4,mybatis_in_expression,4,935,23136.364,67800.000,true
before,4,positional_dialect_Microsoft_SQL_Server,4,17531,1193.794,3616.000,true
before,4,raw_batch_beans,4,2561,6083.405,16864.000,true
before,4,named_late_modifier,4,27006,811.198,2896.000,true
before,4,positional_update_chain_16,4,3152,6551.174,23168.000,true
before,4,named_retry_rollback,4,5205,4978.425,8432.000,true
before,4,mybatis_late_modifier,4,25337,755.172,2736.000,true
before,4,named_batch_beans,4,2483,8648.933,26800.000,true
before,4,mybatis_delete,4,49770,439.466,1848.000,true
before,4,mybatis_select_expressions,4,13431,1644.330,2512.000,true
before,4,mybatis_group_order,4,8047,2390.270,7088.000,true
before,4,named_naming_CAMEL_CASE,4,3356,6387.574,11104.000,true
before,4,raw_in_17,4,12147,1766.132,5896.000,true
before,4,raw_select_star,4,98146,229.747,1240.000,true
before,4,mybatis_update_map,4,13146,1563.784,4368.000,true
before,4,raw_in_expression,4,1122,19295.900,57760.000,true
before,4,positional_select_columns,4,27157,804.190,2104.000,true
before,4,mybatis_in_16,4,10606,1789.798,6208.000,true
before,4,mybatis_insert_placeholders,4,21877,993.820,2736.000,true
before,4,raw_union_raw,4,18476,1180.894,1968.000,true
before,4,positional_mixed_literals,4,18472,1115.564,2976.000,true
before,4,raw_repeated_names,4,999,21625.425,59056.000,true
before,4,positional_where_128,4,686,31614.286,38992.000,true
before,4,positional_insert_values,4,26684,784.785,2232.000,true
before,4,raw_in_256,4,1192,17446.057,56720.000,true
before,4,custom_handler_union,4,4315,5077.543,9368.000,true
before,4,mybatis_condition_only,4,4028,4890.492,8728.000,true
before,4,named_in_256,4,818,25671.394,90792.000,true
before,4,named_subquery_structured,4,12039,1741.739,5640.000,true
before,4,mybatis_where_eq,4,20698,1014.446,3112.000,true
before,4,mybatis_retry_rollback,4,4321,3902.430,7736.000,true
before,4,named_where_128,4,461,46297.831,77464.000,true
before,4,mybatis_mixed_literals,4,14728,1346.028,3608.000,true
before,4,mybatis_select_entity,4,35986,596.646,1992.000,true
before,4,raw_naming_KEBAB_CASE,4,3828,5353.814,9648.000,true
before,4,named_batch_64,4,591,38864.298,133024.000,true
before,4,positional_union_raw,4,18331,1086.007,1968.000,true
before,4,named_dialect_Oracle,4,16390,1427.096,4392.000,true
before,4,named_dialect_DB2,4,16233,1325.639,4392.000,true
before,4,raw_select_expressions,4,13739,1499.847,2512.000,true
before,4,positional_join_on,4,15666,1272.444,3896.000,true
before,4,named_where_16,4,3519,5927.224,11392.000,true
before,4,named_in_expression,4,765,26463.007,91824.000,true
before,4,mybatis_row_in,4,16376,1194.406,3736.000,true
before,4,mybatis_in_1024,4,212,104322.170,256976.000,true
before,4,raw_group_order,4,8710,2287.486,6256.000,true
before,4,positional_naming_CAMEL_CASE,4,4650,4241.075,6408.000,true
before,4,raw_naming_CAMEL_CASE,4,3937,5396.139,9360.000,true
before,4,positional_pagination,4,21595,944.168,3408.000,true
before,4,positional_dialect_MySQL,4,20294,928.260,3432.000,true
before,4,named_naming_KEBAB_CASE,4,3525,5965.447,11392.000,true
before,4,named_in_16,4,9841,2124.327,7680.000,true
before,4,named_where_eq,4,20525,1018.572,3272.000,true
before,4,mybatis_naming_NO_CHANGE,4,4510,4169.645,8024.000,true
before,4,mybatis_insert_values,4,19776,1050.374,2872.000,true
before,4,mybatis_insert_entity,4,23792,908.116,2456.000,true
before,4,mybatis_subquery_raw,4,33786,607.314,2352.000,true
before,4,mybatis_derived,4,4873,4208.680,9456.000,true
before,4,positional_delete,4,66983,366.145,1544.000,true
before,4,named_dialect_PostgreSQL,4,15397,1290.732,4216.000,true
before,4,positional_in_1024,4,1497,14061.055,28584.000,true
before,4,mybatis_nested,4,15818,1385.675,3584.000,true
before,4,positional_dialect_PostgreSQL,4,19453,999.949,3432.000,true
before,4,positional_where_16,4,5073,3929.687,6696.000,true
before,4,positional_group_order,4,9530,2284.627,6160.000,true
before,4,mybatis_in_17,4,10053,1875.808,6424.000,true
before,4,mybatis_in_256,4,938,20185.181,66696.000,true
before,4,mybatis_subquery_structured,4,12446,1637.064,5384.000,true
before,4,positional_in_expression,4,3202,4960.962,10904.000,true
before,4,raw_insert_values,4,21711,913.003,2544.000,true
before,4,mybatis_where_128,4,461,42769.414,64392.000,true
before,4,mybatis_naming_UPPER_CAMEL_CASE,4,3537,5739.610,9520.000,true
before,4,raw_join_on,4,14927,1396.811,4016.000,true
before,4,mybatis_pagination,4,17956,1170.584,3928.000,true
before,4,raw_retry_rollback,4,5321,2827.251,6400.000,true
before,4,raw_in_16,4,12489,1679.726,5680.000,true
before,4,raw_nested,4,16681,1316.726,3448.000,true
before,4,positional_naming_NO_CHANGE,4,6706,2991.962,4928.000,true
before,4,raw_naming_UPPER_CAMEL_CASE,4,3893,5478.808,9376.000,true
before,4,mybatis_union_builder,4,4861,4188.089,8912.000,true
before,4,named_update_map,4,12159,1697.228,4920.000,true
before,4,positional_subquery_structured,4,14816,1480.298,4856.000,true
before,4,raw_select_columns,4,26613,834.059,2104.000,true
before,4,raw_where_16,4,4194,4744.564,9648.000,true
before,4,raw_derived,4,5525,3769.068,7632.000,true
before,4,positional_insert_entity,4,27738,612.798,1816.000,true
before,4,raw_row_in,4,19168,1074.739,3168.000,true
before,4,positional_select_star,4,92959,238.138,1240.000,true
before,4,named_in_17,4,9614,2144.851,7968.000,true
before,4,positional_union_builder,4,8738,2364.408,5920.000,true
before,4,positional_join_using,4,23690,951.022,3248.000,true
before,4,named_row_in,4,14332,1355.345,4144.000,true
before,4,raw_condition_only,4,4743,4616.066,8584.000,true
before,4,mybatis_update_chain_16,4,1602,12747.378,40744.000,true
before,4,positional_where_eq,4,23369,889.306,2816.000,true
before,4,positional_naming_SCREAMING_SNAKE_CASE,4,4950,4213.576,6712.000,true
before,4,named_pagination,4,15737,1149.730,4192.000,true
before,4,raw_subquery_structured,4,15707,1343.395,4720.000,true
before,4,raw_delete,4,48358,422.416,1664.000,true
before,4,mybatis_naming_SCREAMING_SNAKE_CASE,4,3671,5538.464,9808.000,true
before,4,named_join_on,4,14753,1510.994,4352.000,true
before,4,positional_nested,4,18532,1047.798,3120.000,true
before,4,named_delete,4,44467,503.355,2000.000,true
before,4,named_between,4,15605,1276.232,3848.000,true
before,4,named_union_raw,4,19024,1118.103,1968.000,true
before,4,mybatis_batch_4,4,7394,2823.167,8816.000,true
before,4,mybatis_where_16,4,3704,5385.745,9792.000,true
before,4,positional_batch_beans,4,4539,4888.103,11200.000,true
before,4,positional_condition_only,4,5631,3486.699,5640.000,true
before,4,named_select_columns,4,26435,823.480,2104.000,true
before,4,named_nested,4,11491,1285.223,3816.000,true
before,4,raw_insert_placeholders,4,30451,686.996,2096.000,true
before,4,positional_derived,4,6089,3542.519,7464.000,true
before,4,positional_in_17,4,22739,839.245,2752.000,true
before,4,raw_naming_NO_CHANGE,4,5231,3914.032,7880.000,true
before,4,positional_raw_expression,4,20398,1018.232,2616.000,true
before,4,named_insert_placeholders,4,20618,1027.524,3072.000,true
before,4,mybatis_select_star,4,98332,216.767,1240.000,true
before,4,mybatis_batch_beans,4,2995,7901.703,22816.000,true
before,4,positional_between,4,20318,1031.981,3104.000,true
before,4,mybatis_repeated_names,4,892,22307.399,58032.000,true
before,4,positional_select_expressions,4,13609,1586.230,2512.000,true
before,4,mybatis_between,4,16190,1219.747,3592.000,true
before,4,positional_batch_4,4,10200,1787.186,6000.000,true
before,4,named_repeated_names,4,815,25953.742,70080.000,true
before,4,mybatis_join_on,4,14589,1426.116,4192.000,true
before,4,named_derived,4,4770,4493.040,9536.000,true
before,4,raw_union_builder,4,8307,2444.493,6120.000,true
before,4,raw_where_128,4,569,37333.743,62680.000,true
before,4,raw_insert_entity,4,25144,807.720,2128.000,true
before,4,named_in_1024,4,151,137603.311,353296.000,true
before,4,positional_naming_UPPER_CAMEL_CASE,4,4545,4348.119,6424.000,true
before,4,raw_raw_expression,4,18588,1059.850,2616.000,true
before,4,named_group_order,4,7892,2738.735,7512.000,true
before,4,raw_subquery_raw,4,33669,613.131,2352.000,true
before,4,named_batch_4,4,5825,2867.571,9768.000,true
before,4,named_union_builder,4,4952,4375.606,8912.000,true
before,4,raw_between,4,17470,1246.634,3432.000,true
before,4,mybatis_union_raw,4,19248,1149.558,1968.000,true
before,4,positional_dialect_Oracle,4,17914,1041.850,3616.000,true
before,4,positional_in_256,4,4339,4272.690,9656.000,true
before,4,positional_repeated_names,4,1382,14465.412,35520.000,true
before,4,raw_insert_values,5,21711,980.894,2544.000,true
before,4,raw_naming_UPPER_CAMEL_CASE,5,3893,5354.662,9376.000,true
before,4,mybatis_group_order,5,8047,2560.308,7088.000,true
before,4,mybatis_select_expressions,5,13431,1631.762,2512.000,true
before,4,mybatis_delete,5,49770,437.788,1848.000,true
before,4,mybatis_raw_expression,5,20114,945.615,2616.000,true
before,4,positional_select_star,5,92959,242.187,1240.000,true
before,4,positional_update_chain_16,5,3152,6907.931,23168.000,true
before,4,named_select_expressions,5,13607,1540.185,2512.000,true
before,4,positional_subquery_structured,5,14816,1418.197,4856.000,true
before,4,named_in_16,5,9841,2063.591,7680.000,true
before,4,raw_pagination,5,20017,1024.234,3520.000,true
before,4,raw_group_order,5,8710,2298.875,6256.000,true
before,4,positional_dialect_Microsoft_SQL_Server,5,17531,1179.916,3616.000,true
before,4,mybatis_mixed_literals,5,14728,1329.732,3608.000,true
before,4,positional_dialect_Oracle,5,17914,1026.968,3616.000,true
before,4,named_insert_values,5,17877,1154.992,3176.000,true
before,4,positional_condition_only,5,5631,3577.784,5640.000,true
before,4,positional_pagination,5,21595,961.973,3408.000,true
before,4,named_select_columns,5,26435,790.637,2104.000,true
before,4,mybatis_insert_values,5,19776,1097.765,2872.000,true
before,4,custom_handler_union,5,4315,4804.774,9368.000,true
before,4,raw_batch_4,5,9099,2299.220,7424.000,true
before,4,named_naming_CAMEL_CASE,5,3356,5936.055,11104.000,true
before,4,mybatis_select_entity,5,35986,596.654,1992.000,true
before,4,raw_select_star,5,98146,266.536,1240.000,true
before,4,raw_late_modifier,5,28574,682.547,2560.000,true
before,4,raw_nested,5,16681,1264.085,3448.000,true
before,4,mybatis_late_modifier,5,25337,710.124,2736.000,true
before,4,raw_subquery_structured,5,15707,1373.260,4720.000,true
before,4,mybatis_in_256,5,938,21675.693,66696.000,true
before,4,raw_mixed_literals,5,14374,1459.364,3368.000,true
before,4,named_select_star,5,79402,254.931,1240.000,true
before,4,positional_dialect_PostgreSQL,5,19453,1086.383,3432.000,true
before,4,raw_in_expression,5,1122,18708.467,57760.000,true
before,4,named_dialect_DB2,5,16233,1398.294,4392.000,true
before,4,positional_mixed_literals,5,18472,1095.139,2976.000,true
before,4,positional_nested,5,18532,1126.257,3120.000,true
before,4,raw_in_16,5,12489,1704.236,5680.000,true
before,4,raw_select_entity,5,33614,615.021,1992.000,true
before,4,positional_dialect_MySQL,5,20294,986.208,3432.000,true
before,4,named_in_1024,5,151,144478.146,353296.000,true
before,4,positional_naming_UPPER_CAMEL_CASE,5,4545,4692.761,6424.000,true
before,4,raw_naming_SCREAMING_SNAKE_CASE,5,4047,4797.381,9664.000,true
before,4,raw_derived,5,5525,3719.891,7632.000,true
before,4,positional_in_17,5,22739,814.169,2752.000,true
before,4,mybatis_nested,5,15818,1313.782,3584.000,true
before,4,raw_union_raw,5,18476,1172.012,1968.000,true
before,4,named_where_eq,5,20525,1041.778,3272.000,true
before,4,raw_update_chain_16,5,2648,7758.686,26256.000,true
before,4,named_nested,5,11491,1408.372,3816.000,true
before,4,mybatis_batch_64,5,618,34740.453,117008.000,true
before,4,named_condition_only,5,3298,5070.315,10328.000,true
before,4,positional_where_eq,5,23369,852.903,2816.000,true
before,4,named_pagination,5,15737,1290.246,4192.000,true
before,4,positional_repeated_names,5,1382,15317.945,35520.000,true
before,4,raw_naming_NO_CHANGE,5,5231,3895.488,7880.000,true
before,4,positional_group_order,5,9530,2291.196,6160.000,true
before,4,positional_naming_SCREAMING_SNAKE_CASE,5,4950,4036.323,6712.000,true
before,4,mybatis_update_map,5,13146,1584.246,4368.000,true
before,4,positional_batch_64,5,1183,18069.822,70288.000,true
before,4,mybatis_batch_beans,5,2995,7348.514,22816.000,true
before,4,named_dialect_Oracle,5,16390,1365.394,4392.000,true
before,4,positional_dialect_DB2,5,20966,1021.645,3616.000,true
before,4,named_mixed_literals,5,14331,1464.629,3944.000,true
before,4,positional_update_map,5,21816,1022.387,3192.000,true
before,4,mybatis_repeated_names,5,892,23044.170,58032.000,true
before,4,mybatis_union_builder,5,4861,4229.253,8912.000,true
before,4,positional_select_entity,5,37266,588.985,1992.000,true
before,4,named_row_in,5,14332,1343.860,4144.000,true
before,4,named_naming_KEBAB_CASE,5,3525,5964.936,11392.000,true
before,4,mybatis_pagination,5,17956,1186.289,3928.000,true
before,4,positional_in_1024,5,1497,14346.560,28584.000,true
before,4,raw_join_using,5,21770,986.362,3368.000,true
before,4,mybatis_select_star,5,98332,236.645,1240.000,true
before,4,raw_insert_entity,5,25144,773.453,2128.000,true
before,4,named_naming_SCREAMING_SNAKE_CASE,5,3514,5623.364,11408.000,true
before,4,named_batch_64,5,591,36862.098,133024.000,true
before,4,mybatis_insert_placeholders,5,21877,961.604,2736.000,true
before,4,positional_batch_4,5,10200,1966.294,6000.000,true
before,4,positional_in_expression,5,3202,4777.639,10904.000,true
before,4,mybatis_naming_CAMEL_CASE,5,3521,5793.383,9504.000,true
before,4,mybatis_subquery_raw,5,33786,621.216,2352.000,true
before,4,positional_batch_beans,5,4539,5719.652,11200.000,true
before,4,raw_insert_placeholders,5,30451,694.549,2096.000,true
before,4,mybatis_insert_entity,5,23792,927.589,2456.000,true
before,4,mybatis_where_eq,5,20698,970.219,3112.000,true
before,4,raw_delete,5,48358,419.161,1664.000,true
before,4,mybatis_in_1024,5,212,86875.472,256976.000,true
before,4,positional_join_using,5,23690,844.382,3248.000,true
before,4,named_insert_placeholders,5,20618,993.079,3072.000,true
before,4,raw_batch_64,5,866,25046.420,92384.000,true
before,4,mybatis_where_128,5,461,40244.902,64392.000,true
before,4,mybatis_naming_UPPER_CAMEL_CASE,5,3537,5869.607,9520.000,true
before,4,raw_update_map,5,16667,1286.284,3712.000,true
before,4,custom_handler_where,5,3578,5600.307,11424.000,true
before,4,mybatis_naming_SCREAMING_SNAKE_CASE,5,3671,5827.758,9808.000,true
before,4,named_union_raw,5,19024,1081.176,1968.000,true
before,4,named_raw_expression,5,20032,1027.935,2616.000,true
before,4,mybatis_in_16,5,10606,1847.030,6208.000,true
before,4,positional_in_256,5,4339,4446.670,9656.000,true
before,4,named_delete,5,44467,458.965,2000.000,true
before,4,positional_union_builder,5,8738,2518.036,5920.000,true
before,4,named_update_chain_16,5,1303,16511.128,47808.000,true
before,4,raw_raw_expression,5,18588,1016.720,2616.000,true
before,4,named_dialect_PostgreSQL,5,15397,1365.532,4216.000,true
before,4,positional_naming_NO_CHANGE,5,6706,3244.050,4928.000,true
before,4,raw_where_eq,5,21736,908.005,2936.000,true
before,4,mybatis_union_raw,5,19248,1152.431,1968.000,true
before,4,mybatis_naming_NO_CHANGE,5,4510,4212.705,8024.000,true
before,4,positional_naming_KEBAB_CASE,5,4889,4313.336,6696.000,true
before,4,named_join_on,5,14753,1480.350,4352.000,true
before,4,positional_late_modifier,5,33918,631.638,2440.000,true
before,4,mybatis_in_17,5,10053,1843.639,6424.000,true
before,4,raw_in_17,5,12147,1781.098,5896.000,true
before,4,raw_between,5,17470,1181.614,3432.000,true
before,4,positional_between,5,20318,1024.348,3104.000,true
before,4,positional_derived,5,6089,3438.873,7464.000,true
before,4,positional_select_expressions,5,13609,1571.166,2512.000,true
before,4,positional_raw_expression,5,20398,1036.940,2616.000,true
before,4,raw_retry_rollback,5,5321,2640.218,6400.000,true
before,4,named_naming_UPPER_CAMEL_CASE,5,3310,6517.915,11120.000,true
before,4,raw_condition_only,5,4743,4372.886,8584.000,true
before,4,named_where_16,5,3519,5930.094,11392.000,true
before,4,mybatis_condition_only,5,4028,4692.031,8728.000,true
before,4,named_retry_rollback,5,5205,4630.567,8432.000,true
before,4,mybatis_derived,5,4873,4117.874,9456.000,true
before,4,named_late_modifier,5,27006,762.301,2896.000,true
before,4,raw_in_256,5,1192,17112.919,56720.000,true
before,4,raw_join_on,5,14927,1385.489,4016.000,true
before,4,raw_where_128,5,569,36441.301,62680.000,true
before,4,named_union_builder,5,4952,4386.652,8912.000,true
before,4,positional_row_in,5,23498,925.934,2752.000,true
before,4,named_in_256,5,818,25327.751,90792.000,true
before,4,mybatis_retry_rollback,5,4321,3649.896,7736.000,true
before,4,named_between,5,15605,1322.115,3848.000,true
before,4,named_select_entity,5,37310,626.478,1992.000,true
before,4,raw_row_in,5,19168,1043.354,3168.000,true
before,4,mybatis_batch_4,5,7394,2895.185,8816.000,true
before,4,positional_where_128,5,686,31022.741,38992.000,true
before,4,mybatis_subquery_structured,5,12446,1611.626,5384.000,true
before,4,named_batch_4,5,5825,3050.197,9768.000,true
before,4,positional_union_raw,5,18331,1157.515,1968.000,true
before,4,named_dialect_Microsoft_SQL_Server,5,14146,1492.966,4392.000,true
before,4,positional_where_16,5,5073,4299.290,6696.000,true
before,4,named_dialect_MySQL,5,16301,1272.400,4216.000,true
before,4,raw_select_expressions,5,13739,1490.283,2512.000,true
before,4,named_subquery_structured,5,12039,1723.698,5640.000,true
before,4,raw_subquery_raw,5,33669,636.606,2352.000,true
before,4,mybatis_update_chain_16,5,1602,13655.930,40744.000,true
before,4,named_insert_entity,5,22640,941.855,2760.000,true
before,4,named_subquery_raw,5,31353,663.608,2352.000,true
before,4,positional_delete,5,66983,348.047,1544.000,true
before,4,named_in_17,5,9614,2207.479,7968.000,true
before,4,positional_naming_CAMEL_CASE,5,4650,4436.624,6408.000,true
before,4,positional_retry_rollback,5,8047,3460.905,6040.000,true
before,4,positional_insert_placeholders,5,31531,698.043,2096.000,true
before,4,positional_in_16,5,24975,780.008,2736.000,true
before,4,named_join_using,5,20550,1009.319,3704.000,true
before,4,named_where_128,5,461,41918.004,77464.000,true
before,4,named_naming_NO_CHANGE,5,4361,4854.506,9624.000,true
before,4,raw_select_columns,5,26613,777.252,2104.000,true
before,4,raw_naming_KEBAB_CASE,5,3828,5201.959,9648.000,true
before,4,named_group_order,5,7892,2757.818,7512.000,true
before,4,raw_naming_CAMEL_CASE,5,3937,5095.250,9360.000,true
before,4,raw_batch_beans,5,2561,6839.360,16864.000,true
before,4,mybatis_join_using,5,19016,961.922,3544.000,true
before,4,named_in_expression,5,765,26594.510,91824.000,true
before,4,positional_subquery_raw,5,28147,696.550,2352.000,true
before,4,mybatis_where_16,5,3704,5585.691,9792.000,true
before,4,positional_insert_values,5,26684,780.423,2232.000,true
before,4,raw_in_1024,5,292,70300.685,220328.000,true
before,4,mybatis_between,5,16190,1243.860,3592.000,true
before,4,raw_where_16,5,4194,4737.148,9648.000,true
before,4,named_repeated_names,5,815,26293.006,70080.000,true
before,4,mybatis_select_columns,5,26845,811.078,2104.000,true
before,4,named_derived,5,4770,4290.566,9536.000,true
before,4,raw_repeated_names,5,999,22280.681,59056.000,true
before,4,positional_join_on,5,15666,1308.988,3896.000,true
before,4,mybatis_row_in,5,16376,1281.455,3736.000,true
before,4,positional_insert_entity,5,27738,596.193,1816.000,true
before,4,mybatis_join_on,5,14589,1505.730,4192.000,true
before,4,mybatis_in_expression,5,935,22588.235,67800.000,true
before,4,raw_union_builder,5,8307,2509.618,6120.000,true
before,4,mybatis_naming_KEBAB_CASE,5,3657,5554.826,9792.000,true
before,4,named_update_map,5,12159,1643.433,4920.000,true
before,4,positional_select_columns,5,27157,817.973,2104.000,true
before,4,named_batch_beans,5,2483,7681.998,26800.000,true
before,4,positional_in_1024,6,1497,13717.368,28584.000,true
before,4,mybatis_repeated_names,6,892,24479.484,58032.000,true
before,4,named_select_expressions,6,13607,1488.969,2512.000,true
before,4,raw_insert_placeholders,6,30451,671.439,2096.000,true
before,4,positional_in_16,6,24975,799.964,2736.000,true
before,4,positional_subquery_raw,6,28147,637.642,2352.000,true
before,4,positional_subquery_structured,6,14816,1432.850,4856.000,true
before,4,positional_join_using,6,23690,840.908,3248.000,true
before,4,positional_batch_beans,6,4539,3797.819,11200.000,true
before,4,named_where_eq,6,20525,1003.683,3272.000,true
before,4,mybatis_insert_placeholders,6,21877,1024.400,2736.000,true
before,4,mybatis_update_chain_16,6,1602,13600.999,40744.000,true
before,4,positional_raw_expression,6,20398,981.547,2616.000,true
before,4,raw_naming_KEBAB_CASE,6,3828,5108.830,9648.000,true
before,4,raw_select_entity,6,33614,588.764,1992.000,true
before,4,raw_update_chain_16,6,2648,7809.366,26256.000,true
before,4,mybatis_select_entity,6,35986,573.659,1992.000,true
before,4,positional_between,6,20318,1060.262,3104.000,true
before,4,raw_in_expression,6,1122,18935.829,57760.000,true
before,4,positional_row_in,6,23498,904.779,2752.000,true
before,4,mybatis_raw_expression,6,20114,1036.059,2616.000,true
before,4,raw_raw_expression,6,18588,958.882,2616.000,true
before,4,raw_join_using,6,21770,968.374,3368.000,true
before,4,named_union_raw,6,19024,1175.762,1968.000,true
before,4,mybatis_naming_NO_CHANGE,6,4510,4203.725,8024.000,true
before,4,mybatis_where_16,6,3704,5410.826,9792.000,true
before,4,mybatis_between,6,16190,1250.593,3592.000,true
before,4,named_nested,6,11491,1387.712,3816.000,true
before,4,raw_batch_beans,6,2561,6147.638,16864.000,true
before,4,named_batch_64,6,591,35868.866,133024.000,true
before,4,positional_select_columns,6,27157,828.998,2104.000,true
before,4,raw_union_raw,6,18476,1133.362,1968.000,true
before,4,mybatis_join_using,6,19016,932.462,3544.000,true
before,4,named_naming_SCREAMING_SNAKE_CASE,6,3514,6286.056,11408.000,true
before,4,raw_in_17,6,12147,1705.672,5896.000,true
before,4,raw_batch_64,6,866,24031.293,92384.000,true
before,4,named_condition_only,6,3298,4889.964,10328.000,true
before,4,raw_where_eq,6,21736,952.411,2936.000,true
before,4,positional_dialect_PostgreSQL,6,19453,1043.310,3432.000,true
before,4,custom_handler_union,6,4315,4648.134,9368.000,true
before,4,named_in_17,6,9614,2419.035,7968.000,true
before,4,named_batch_beans,6,2483,8189.489,26800.000,true
before,4,named_retry_rollback,6,5205,5130.221,8432.000,true
before,4,named_dialect_Microsoft_SQL_Server,6,14146,1521.151,4392.000,true
before,4,mybatis_insert_entity,6,23792,909.726,2456.000,true
before,4,raw_in_16,6,12489,1644.463,5680.000,true
before,4,positional_where_128,6,686,32412.099,38992.000,true
before,4,mybatis_union_raw,6,19248,1096.561,1968.000,true
before,4,named_in_256,6,818,25191.687,90792.000,true
before,4,raw_derived,6,5525,3795.783,7632.000,true
before,4,named_join_using,6,20550,966.253,3704.000,true
before,4,raw_late_modifier,6,28574,662.623,2560.000,true
before,4,named_pagination,6,15737,1240.853,4192.000,true
before,4,mybatis_in_1024,6,212,89476.415,256976.000,true
before,4,mybatis_group_order,6,8047,2704.213,7088.000,true
before,4,mybatis_batch_beans,6,2995,7721.569,22816.000,true
before,4,raw_insert_entity,6,25144,906.395,2128.000,true
before,4,named_naming_UPPER_CAMEL_CASE,6,3310,6458.097,11120.000,true
before,4,raw_condition_only,6,4743,4252.013,8584.000,true
before,4,positional_naming_CAMEL_CASE,6,4650,4410.215,6408.000,true
before,4,positional_dialect_Oracle,6,17914,1012.605,3616.000,true
before,4,positional_group_order,6,9530,2175.142,6160.000,true
before,4,named_insert_entity,6,22640,1038.065,2760.000,true
before,4,positional_delete,6,66983,335.958,1544.000,true
before,4,raw_naming_UPPER_CAMEL_CASE,6,3893,5424.403,9376.000,true
before,4,positional_union_raw,6,18331,1117.408,1968.000,true
before,4,named_join_on,6,14753,1465.282,4352.000,true
before,4,named_batch_4,6,5825,2961.991,9768.000,true
before,4,named_derived,6,4770,4411.866,9536.000,true
before,4,named_in_16,6,9841,2137.506,7680.000,true
before,4,positional_select_star,6,92959,229.862,1240.000,true
before,4,raw_select_expressions,6,13739,1542.507,2512.000,true
before,4,positional_where_eq,6,23369,868.364,2816.000,true
before,4,named_naming_KEBAB_CASE,6,3525,6074.156,11392.000,true
before,4,named_group_order,6,7892,2569.146,7512.000,true
before,4,positional_naming_KEBAB_CASE,6,4889,4241.420,6696.000,true
before,4,raw_subquery_structured,6,15707,1467.753,4720.000,true
before,4,named_naming_CAMEL_CASE,6,3356,7538.528,11104.000,true
before,4,raw_update_map,6,16667,1275.178,3712.000,true
before,4,named_union_builder,6,4952,4462.076,8912.000,true
before,4,raw_join_on,6,14927,1370.537,4016.000,true
before,4,named_dialect_Oracle,6,16390,1306.419,4392.000,true
before,4,raw_select_star,6,98146,226.172,1240.000,true
before,4,named_update_chain_16,6,1303,16747.122,47808.000,true
before,4,positional_update_chain_16,6,3152,6283.788,23168.000,true
before,4,raw_repeated_names,6,999,22487.888,59056.000,true
before,4,positional_insert_values,6,26684,836.265,2232.000,true
before,4,named_select_star,6,79402,214.262,1240.000,true
before,4,named_repeated_names,6,815,25671.534,70080.000,true
before,4,raw_pagination,6,20017,978.778,3520.000,true
before,4,named_select_entity,6,37310,607.515,1992.000,true
before,4,named_select_columns,6,26435,783.000,2104.000,true
before,4,raw_group_order,6,8710,2194.615,6256.000,true
before,4,mybatis_join_on,6,14589,1422.771,4192.000,true
before,4,mybatis_select_star,6,98332,232.326,1240.000,true
before,4,mybatis_select_columns,6,26845,774.219,2104.000,true
before,4,named_in_1024,6,151,133006.623,353296.000,true
before,4,positional_naming_UPPER_CAMEL_CASE,6,4545,4274.609,6424.000,true
before,4,mybatis_where_eq,6,20698,976.317,3112.000,true
before,4,raw_naming_NO_CHANGE,6,5231,4100.076,7880.000,true
before,4,positional_in_256,6,4339,3916.432,9656.000,true
before,4,mybatis_naming_KEBAB_CASE,6,3657,5882.445,9792.000,true
before,4,positional_repeated_names,6,1382,14285.311,35520.000,true
before,4,mybatis_update_map,6,13146,1590.225,4368.000,true
before,4,named_insert_placeholders,6,20618,1021.738,3072.000,true
before,4,mybatis_delete,6,49770,436.948,1848.000,true
before,4,mybatis_subquery_raw,6,33786,618.653,2352.000,true
before,4,mybatis_in_17,6,10053,2041.878,6424.000,true
before,4,mybatis_insert_values,6,19776,1064.841,2872.000,true
before,4,positional_batch_4,6,10200,1805.480,6000.000,true
before,4,raw_subquery_raw,6,33669,623.291,2352.000,true
before,4,positional_pagination,6,21595,939.704,3408.000,true
before,4,raw_nested,6,16681,1260.206,3448.000,true
before,4,named_row_in,6,14332,1343.009,4144.000,true
before,4,positional_mixed_literals,6,18472,1069.419,2976.000,true
before,4,raw_in_256,6,1192,18883.221,56720.000,true
before,4,named_mixed_literals,6,14331,1488.619,3944.000,true
before,4,positional_join_on,6,15666,1317.222,3896.000,true
before,4,positional_insert_placeholders,6,31531,685.078,2096.000,true
before,4,mybatis_condition_only,6,4028,4671.847,8728.000,true
before,4,mybatis_union_builder,6,4861,4443.571,8912.000,true
before,4,named_update_map,6,12159,1564.512,4920.000,true
before,4,mybatis_batch_4,6,7394,2815.391,8816.000,true
before,4,positional_dialect_MySQL,6,20294,1024.584,3432.000,true
before,4,named_dialect_PostgreSQL,6,15397,1397.084,4216.000,true
before,4,raw_where_128,6,569,36591.388,62680.000,true
before,4,positional_insert_entity,6,27738,651.406,1816.000,true
before,4,positional_where_16,6,5073,3970.333,6696.000,true
before,4,raw_select_columns,6,26613,824.879,2104.000,true
before,4,mybatis_late_modifier,6,25337,736.476,2736.000,true
before,4,positional_retry_rollback,6,8047,3242.314,6040.000,true
before,4,positional_dialect_Microsoft_SQL_Server,6,17531,1182.796,3616.000,true
before,4,raw_naming_CAMEL_CASE,6,3937,5395.225,9360.000,true
before,4,positional_nested,6,18532,1153.626,3120.000,true
before,4,positional_batch_64,6,1183,18464.835,70288.000,true
before,4,raw_insert_values,6,21711,916.383,2544.000,true
before,4,raw_between,6,17470,1189.307,3432.000,true
before,4,named_dialect_DB2,6,16233,1333.136,4392.000,true
before,4,raw_delete,6,48358,395.078,1664.000,true
before,4,mybatis_select_expressions,6,13431,1619.358,2512.000,true
before,4,mybatis_in_16,6,10606,1781.510,6208.000,true
before,4,raw_batch_4,6,9099,2437.114,7424.000,true
before,4,positional_late_modifier,6,33918,728.475,2440.000,true
before,4,mybatis_mixed_literals,6,14728,1593.828,3608.000,true
before,4,positional_dialect_DB2,6,20966,1054.436,3616.000,true
before,4,named_where_128,6,461,43677.007,77464.000,true
before,4,raw_naming_SCREAMING_SNAKE_CASE,6,4047,5099.555,9664.000,true
before,4,positional_in_17,6,22739,874.502,2752.000,true
before,4,mybatis_naming_UPPER_CAMEL_CASE,6,3537,5815.098,9520.000,true
before,4,positional_select_entity,6,37266,569.071,1992.000,true
before,4,mybatis_subquery_structured,6,12446,1731.327,5384.000,true
before,4,positional_derived,6,6089,3636.985,7464.000,true
before,4,positional_naming_NO_CHANGE,6,6706,2954.787,4928.000,true
before,4,mybatis_pagination,6,17956,1152.801,3928.000,true
before,4,positional_union_builder,6,8738,2327.810,5920.000,true
before,4,named_in_expression,6,765,27312.680,91824.000,true
before,4,mybatis_where_128,6,461,43394.360,64392.000,true
before,4,positional_in_expression,6,3202,4581.106,10904.000,true
before,4,named_dialect_MySQL,6,16301,1333.090,4216.000,true
before,4,named_subquery_structured,6,12039,1723.100,5640.000,true
before,4,mybatis_in_expression,6,935,23842.781,67800.000,true
before,4,positional_condition_only,6,5631,3620.423,5640.000,true
before,4,raw_row_in,6,19168,1098.419,3168.000,true
before,4,mybatis_derived,6,4873,4451.529,9456.000,true
before,4,mybatis_row_in,6,16376,1239.546,3736.000,true
before,4,mybatis_in_256,6,938,20545.842,66696.000,true
before,4,mybatis_naming_SCREAMING_SNAKE_CASE,6,3671,5578.317,9808.000,true
before,4,named_delete,6,44467,533.418,2000.000,true
before,4,raw_union_builder,6,8307,2382.148,6120.000,true
before,4,mybatis_nested,6,15818,1355.633,3584.000,true
before,4,positional_select_expressions,6,13609,1571.989,2512.000,true
before,4,raw_where_16,6,4194,4944.015,9648.000,true
before,4,named_between,6,15605,1445.165,3848.000,true
before,4,named_raw_expression,6,20032,1019.124,2616.000,true
before,4,named_where_16,6,3519,6107.786,11392.000,true
before,4,named_late_modifier,6,27006,856.110,2896.000,true
before,4,named_naming_NO_CHANGE,6,4361,4762.600,9624.000,true
before,4,named_insert_values,6,17877,1207.809,3176.000,true
before,4,raw_in_1024,6,292,71770.205,220328.000,true
before,4,positional_naming_SCREAMING_SNAKE_CASE,6,4950,4291.273,6712.000,true
before,4,positional_update_map,6,21816,1099.881,3192.000,true
before,4,raw_retry_rollback,6,5321,3969.066,6400.000,true
before,4,named_subquery_raw,6,31353,649.727,2352.000,true
before,4,custom_handler_where,6,3578,6306.093,11424.000,true
before,4,mybatis_batch_64,6,618,37994.660,117008.000,true
before,4,raw_mixed_literals,6,14374,1530.896,3368.000,true
before,4,mybatis_naming_CAMEL_CASE,6,3521,6226.811,9504.000,true
before,4,mybatis_retry_rollback,6,4321,4976.626,7736.000,true
before,4,raw_mixed_literals,7,14374,1553.284,3368.000,true
before,4,positional_insert_values,7,26684,818.933,2232.000,true
before,4,raw_update_map,7,16667,1352.151,3712.000,true
before,4,positional_raw_expression,7,20398,1036.960,2616.000,true
before,4,named_in_16,7,9841,2167.229,7680.000,true
before,4,positional_insert_entity,7,27738,684.833,1816.000,true
before,4,named_subquery_raw,7,31353,626.814,2352.000,true
before,4,positional_repeated_names,7,1382,16063.676,35520.000,true
before,4,positional_naming_CAMEL_CASE,7,4650,4438.172,6408.000,true
before,4,raw_repeated_names,7,999,24239.239,59056.000,true
before,4,positional_pagination,7,21595,1004.279,3408.000,true
before,4,mybatis_join_on,7,14589,1431.537,4192.000,true
before,4,named_join_using,7,20550,1040.161,3704.000,true
before,4,positional_naming_SCREAMING_SNAKE_CASE,7,4950,4499.596,6712.000,true
before,4,positional_join_on,7,15666,1402.713,3896.000,true
before,4,raw_late_modifier,7,28574,790.642,2560.000,true
before,4,raw_in_17,7,12147,1645.287,5896.000,true
before,4,positional_late_modifier,7,33918,677.351,2440.000,true
before,4,named_in_256,7,818,24460.636,90792.000,true
before,4,raw_naming_SCREAMING_SNAKE_CASE,7,4047,5163.949,9664.000,true
before,4,positional_update_map,7,21816,1021.512,3192.000,true
before,4,named_row_in,7,14332,1506.838,4144.000,true
before,4,raw_in_256,7,1192,17703.523,56720.000,true
before,4,mybatis_in_1024,7,212,95055.660,256976.000,true
before,4,positional_union_raw,7,18331,1130.942,1968.000,true
before,4,mybatis_naming_KEBAB_CASE,7,3657,5697.402,9792.000,true
before,4,positional_batch_64,7,1183,19083.516,70288.000,true
before,4,mybatis_derived,7,4873,4526.862,9456.000,true
before,4,positional_in_expression,7,3202,5342.349,10904.000,true
before,4,mybatis_mixed_literals,7,14728,1380.024,3608.000,true
before,4,raw_union_raw,7,18476,1159.282,1968.000,true
before,4,mybatis_in_expression,7,935,25784.171,67800.000,true
before,4,named_late_modifier,7,27006,1022.436,2896.000,true
before,4,raw_where_16,7,4194,6681.116,9648.000,true
before,4,named_derived,7,4770,5052.662,9536.000,true
before,4,mybatis_naming_UPPER_CAMEL_CASE,7,3537,6695.844,9520.000,true
before,4,positional_subquery_raw,7,28147,732.639,2352.000,true
before,4,positional_select_star,7,92959,255.829,1240.000,true
before,4,raw_nested,7,16681,1360.800,3448.000,true
before,4,raw_group_order,7,8710,2316.177,6256.000,true
before,4,raw_batch_beans,7,2561,6502.304,16864.000,true
before,4,named_batch_4,7,5825,3373.270,9768.000,true
before,4,positional_between,7,20318,1025.052,3104.000,true
before,4,mybatis_nested,7,15818,1391.611,3584.000,true
before,4,raw_select_entity,7,33614,610.885,1992.000,true
before,4,raw_condition_only,7,4743,4852.604,8584.000,true
before,4,mybatis_naming_CAMEL_CASE,7,3521,6344.959,9504.000,true
before,4,named_join_on,7,14753,1914.187,4352.000,true
before,4,raw_naming_CAMEL_CASE,7,3937,6083.566,9360.000,true
before,4,raw_derived,7,5525,4873.339,7632.000,true
before,4,raw_insert_placeholders,7,30451,853.542,2096.000,true
before,4,mybatis_select_entity,7,35986,648.102,1992.000,true
before,4,named_where_eq,7,20525,1055.065,3272.000,true
before,4,named_delete,7,44467,520.501,2000.000,true
before,4,named_select_columns,7,26435,830.959,2104.000,true
before,4,named_update_chain_16,7,1303,18132.080,47808.000,true
before,4,mybatis_select_columns,7,26845,859.326,2104.000,true
before,4,positional_select_expressions,7,13609,1671.173,2512.000,true
before,4,raw_in_16,7,12489,1949.484,5680.000,true
before,4,named_nested,7,11491,1479.541,3816.000,true
before,4,mybatis_batch_beans,7,2995,8301.235,22816.000,true
before,4,raw_batch_64,7,866,26230.947,92384.000,true
before,4,raw_pagination,7,20017,1061.558,3520.000,true
before,4,mybatis_subquery_raw,7,33786,867.297,2352.000,true
before,4,named_raw_expression,7,20032,1234.894,2616.000,true
before,4,raw_join_on,7,14927,1636.913,4016.000,true
before,4,named_between,7,15605,1601.243,3848.000,true
before,4,positional_where_eq,7,23369,1149.818,2816.000,true
before,4,positional_update_chain_16,7,3152,6700.032,23168.000,true
before,4,named_in_1024,7,151,116017.219,353296.000,true
before,4,raw_row_in,7,19168,1116.084,3168.000,true
before,4,positional_where_16,7,5073,4763.375,6696.000,true
before,4,positional_in_1024,7,1497,14103.741,28584.000,true
before,4,mybatis_late_modifier,7,25337,758.377,2736.000,true
before,4,named_union_raw,7,19024,1091.001,1968.000,true
before,4,named_batch_beans,7,2483,8592.751,26800.000,true
before,4,named_condition_only,7,3298,4908.035,10328.000,true
before,4,raw_insert_entity,7,25144,885.356,2128.000,true
before,4,mybatis_raw_expression,7,20114,1026.300,2616.000,true
before,4,named_select_entity,7,37310,608.579,1992.000,true
before,4,raw_subquery_raw,7,33669,663.245,2352.000,true
before,4,named_group_order,7,7892,2681.855,7512.000,true
before,4,mybatis_batch_4,7,7394,2731.742,8816.000,true
before,4,mybatis_batch_64,7,618,34077.184,117008.000,true
before,4,mybatis_union_raw,7,19248,1097.132,1968.000,true
before,4,named_naming_CAMEL_CASE,7,3356,6059.327,11104.000,true
before,4,mybatis_retry_rollback,7,4321,4525.156,7736.000,true
before,4,positional_naming_UPPER_CAMEL_CASE,7,4545,4470.187,6424.000,true
before,4,named_union_builder,7,4952,4595.779,8912.000,true
before,4,named_in_17,7,9614,2251.040,7968.000,true
before,4,raw_naming_NO_CHANGE,7,5231,3940.814,7880.000,true
before,4,mybatis_union_builder,7,4861,4405.184,8912.000,true
before,4,positional_dialect_MySQL,7,20294,973.362,3432.000,true
before,4,raw_raw_expression,7,18588,1013.412,2616.000,true
before,4,positional_naming_NO_CHANGE,7,6706,3227.960,4928.000,true
before,4,mybatis_delete,7,49770,450.755,1848.000,true
before,4,mybatis_update_map,7,13146,1491.747,4368.000,true
before,4,positional_where_128,7,686,31796.210,38992.000,true
before,4,named_insert_entity,7,22640,926.515,2760.000,true
before,4,mybatis_row_in,7,16376,1200.183,3736.000,true
before,4,named_naming_SCREAMING_SNAKE_CASE,7,3514,6248.520,11408.000,true
before,4,named_repeated_names,7,815,26752.393,70080.000,true
before,4,positional_dialect_PostgreSQL,7,19453,1048.944,3432.000,true
before,4,positional_delete,7,66983,360.765,1544.000,true
before,4,raw_in_expression,7,1122,19495.900,57760.000,true
before,4,raw_select_star,7,98146,214.753,1240.000,true
before,4,raw_select_columns,7,26613,799.106,2104.000,true
before,4,named_dialect_DB2,7,16233,1349.923,4392.000,true
before,4,positional_dialect_Oracle,7,17914,1041.476,3616.000,true
before,4,raw_subquery_structured,7,15707,1340.262,4720.000,true
before,4,mybatis_where_16,7,3704,5404.077,9792.000,true
before,4,raw_update_chain_16,7,2648,8514.048,26256.000,true
before,4,named_where_128,7,461,42282.430,77464.000,true
before,4,positional_derived,7,6089,3569.880,7464.000,true
before,4,raw_in_1024,7,292,74547.603,220328.000,true
before,4,named_retry_rollback,7,5205,4240.845,8432.000,true
before,4,positional_nested,7,18532,1152.828,3120.000,true
before,4,mybatis_between,7,16190,1249.685,3592.000,true
before,4,custom_handler_where,7,3578,5575.154,11424.000,true
before,4,positional_batch_beans,7,4539,4474.091,11200.000,true
before,4,raw_naming_KEBAB_CASE,7,3828,4882.419,9648.000,true
before,4,named_where_16,7,3519,5824.950,11392.000,true
before,4,named_mixed_literals,7,14331,1522.218,3944.000,true
before,4,positional_join_using,7,23690,861.110,3248.000,true
before,4,positional_insert_placeholders,7,31531,697.035,2096.000,true
before,4,positional_mixed_literals,7,18472,1147.087,2976.000,true
before,4,named_dialect_Oracle,7,16390,1396.821,4392.000,true
before,4,named_insert_placeholders,7,20618,1221.268,3072.000,true
before,4,positional_group_order,7,9530,2320.010,6160.000,true
before,4,raw_union_builder,7,8307,2498.700,6120.000,true
before,4,named_naming_NO_CHANGE,7,4361,4986.012,9624.000,true
before,4,mybatis_insert_placeholders,7,21877,1026.283,2736.000,true
before,4,named_naming_UPPER_CAMEL_CASE,7,3310,6282.447,11120.000,true
before,4,named_pagination,7,15737,1275.446,4192.000,true
before,4,mybatis_in_17,7,10053,1965.572,6424.000,true
before,4,positional_in_17,7,22739,877.985,2752.000,true
before,4,mybatis_group_order,7,8047,2655.027,7088.000,true
before,4,mybatis_insert_entity,7,23792,994.099,2456.000,true
before,4,named_in_expression,7,765,25875.033,91824.000,true
before,4,named_dialect_MySQL,7,16301,1301.159,4216.000,true
before,4,mybatis_where_eq,7,20698,953.512,3112.000,true
before,4,raw_insert_values,7,21711,942.587,2544.000,true
before,4,positional_dialect_Microsoft_SQL_Server,7,17531,1229.046,3616.000,true
before,4,raw_delete,7,48358,402.734,1664.000,true
before,4,named_update_map,7,12159,1788.568,4920.000,true
before,4,named_select_expressions,7,13607,1535.364,2512.000,true
before,4,positional_in_256,7,4339,4136.806,9656.000,true
before,4,named_dialect_Microsoft_SQL_Server,7,14146,1544.691,4392.000,true
before,4,mybatis_naming_NO_CHANGE,7,4510,4159.446,8024.000,true
before,4,positional_naming_KEBAB_CASE,7,4889,4387.134,6696.000,true
before,4,named_dialect_PostgreSQL,7,15397,1268.124,4216.000,true
before,4,mybatis_subquery_structured,7,12446,1655.030,5384.000,true
before,4,mybatis_select_expressions,7,13431,1651.672,2512.000,true
before,4,raw_batch_4,7,9099,2217.277,7424.000,true
before,4,mybatis_where_128,7,461,43431.453,64392.000,true
before,4,named_subquery_structured,7,12039,1806.886,5640.000,true
before,4,custom_handler_union,7,4315,4617.404,9368.000,true
before,4,mybatis_join_using,7,19016,1031.963,3544.000,true
before,4,raw_where_128,7,569,38251.318,62680.000,true
before,4,positional_select_columns,7,27157,765.648,2104.000,true
before,4,positional_in_16,7,24975,805.810,2736.000,true
before,4,named_naming_KEBAB_CASE,7,3525,6146.411,11392.000,true
before,4,mybatis_select_star,7,98332,226.397,1240.000,true
before,4,positional_batch_4,7,10200,1900.039,6000.000,true
before,4,mybatis_pagination,7,17956,1147.316,3928.000,true
before,4,positional_row_in,7,23498,896.166,2752.000,true
before,4,mybatis_insert_values,7,19776,1036.266,2872.000,true
before,4,mybatis_update_chain_16,7,1602,13853.121,40744.000,true
before,4,positional_condition_only,7,5631,3809.430,5640.000,true
before,4,raw_between,7,17470,1153.223,3432.000,true
before,4,positional_select_entity,7,37266,582.883,1992.000,true
before,4,named_batch_64,7,591,35610.660,133024.000,true
before,4,mybatis_repeated_names,7,892,24144.058,58032.000,true
before,4,raw_join_using,7,21770,922.003,3368.000,true
before,4,mybatis_condition_only,7,4028,4839.325,8728.000,true
before,4,mybatis_naming_SCREAMING_SNAKE_CASE,7,3671,5786.107,9808.000,true
before,4,raw_naming_UPPER_CAMEL_CASE,7,3893,5122.656,9376.000,true
before,4,positional_union_builder,7,8738,2489.391,5920.000,true
before,4,mybatis_in_16,7,10606,1821.186,6208.000,true
before,4,positional_retry_rollback,7,8047,3156.120,6040.000,true
before,4,raw_select_expressions,7,13739,1626.290,2512.000,true
before,4,positional_subquery_structured,7,14816,1437.196,4856.000,true
before,4,positional_dialect_DB2,7,20966,1031.379,3616.000,true
before,4,mybatis_in_256,7,938,21786.567,66696.000,true
before,4,raw_retry_rollback,7,5321,2827.570,6400.000,true
before,4,named_select_star,7,79402,224.161,1240.000,true
before,4,named_insert_values,7,17877,1130.615,3176.000,true
before,4,raw_where_eq,7,21736,958.364,2936.000,true
before,4,raw_in_1024,8,292,71455.479,220328.000,true
before,4,positional_naming_UPPER_CAMEL_CASE,8,4545,4304.796,6424.000,true
before,4,named_select_star,8,79402,231.310,1240.000,true
before,4,positional_insert_placeholders,8,31531,740.541,2096.000,true
before,4,mybatis_in_17,8,10053,1895.942,6424.000,true
before,4,raw_naming_KEBAB_CASE,8,3828,5027.560,9648.000,true
before,4,named_condition_only,8,3298,5298.302,10328.000,true
before,4,raw_join_on,8,14927,1388.410,4016.000,true
before,4,raw_select_star,8,98146,225.944,1240.000,true
before,4,named_where_eq,8,20525,1037.306,3272.000,true
before,4,raw_retry_rollback,8,5321,2963.691,6400.000,true
before,4,positional_union_raw,8,18331,1138.983,1968.000,true
before,4,raw_late_modifier,8,28574,723.784,2560.000,true
before,4,named_select_expressions,8,13607,1517.557,2512.000,true
before,4,mybatis_repeated_names,8,892,23350.561,58032.000,true
before,4,raw_between,8,17470,1195.816,3432.000,true
before,4,raw_in_256,8,1192,17403.691,56720.000,true
before,4,mybatis_select_star,8,98332,216.775,1240.000,true
before,4,raw_subquery_structured,8,15707,1382.053,4720.000,true
before,4,positional_in_expression,8,3202,4651.374,10904.000,true
before,4,positional_dialect_Microsoft_SQL_Server,8,17531,1254.811,3616.000,true
before,4,mybatis_where_eq,8,20698,1048.348,3112.000,true
before,4,positional_row_in,8,23498,883.862,2752.000,true
before,4,mybatis_union_raw,8,19248,1090.654,1968.000,true
before,4,raw_delete,8,48358,396.406,1664.000,true
before,4,positional_dialect_DB2,8,20966,1001.178,3616.000,true
before,4,positional_between,8,20318,1000.837,3104.000,true
before,4,positional_batch_4,8,10200,1869.471,6000.000,true
before,4,mybatis_batch_64,8,618,32956.634,117008.000,true
before,4,raw_select_columns,8,26613,818.104,2104.000,true
before,4,named_subquery_raw,8,31353,612.592,2352.000,true
before,4,positional_update_map,8,21816,1008.338,3192.000,true
before,4,named_retry_rollback,8,5205,4935.985,8432.000,true
before,4,positional_subquery_raw,8,28147,633.979,2352.000,true
before,4,named_in_1024,8,151,140439.735,353296.000,true
before,4,named_between,8,15605,1216.367,3848.000,true
before,4,mybatis_batch_beans,8,2995,7856.861,22816.000,true
before,4,positional_dialect_MySQL,8,20294,968.971,3432.000,true
before,4,named_repeated_names,8,815,25899.877,70080.000,true
before,4,mybatis_delete,8,49770,440.615,1848.000,true
before,4,positional_repeated_names,8,1382,15726.411,35520.000,true
before,4,custom_handler_where,8,3578,5531.414,11424.000,true
before,4,mybatis_insert_entity,8,23792,910.953,2456.000,true
before,4,mybatis_condition_only,8,4028,4679.667,8728.000,true
before,4,named_where_16,8,3519,5743.961,11392.000,true
before,4,raw_batch_64,8,866,24400.577,92384.000,true
before,4,named_update_chain_16,8,1303,16791.942,47808.000,true
before,4,positional_where_eq,8,23369,848.740,2816.000,true
before,4,raw_where_16,8,4194,5158.894,9648.000,true
before,4,mybatis_subquery_raw,8,33786,625.226,2352.000,true
before,4,raw_row_in,8,19168,1059.281,3168.000,true
before,4,named_union_raw,8,19024,1087.878,1968.000,true
before,4,named_insert_placeholders,8,20618,1013.726,3072.000,true
before,4,raw_union_builder,8,8307,2581.365,6120.000,true
before,4,positional_pagination,8,21595,941.699,3408.000,true
before,4,positional_dialect_PostgreSQL,8,19453,1001.429,3432.000,true
before,4,named_naming_NO_CHANGE,8,4361,4942.078,9624.000,true
before,4,raw_pagination,8,20017,965.130,3520.000,true
before,4,named_batch_beans,8,2483,8920.016,26800.000,true
before,4,positional_naming_CAMEL_CASE,8,4650,4319.118,6408.000,true
before,4,positional_select_entity,8,37266,589.980,1992.000,true
before,4,named_select_columns,8,26435,796.338,2104.000,true
before,4,positional_in_17,8,22739,794.960,2752.000,true
before,4,positional_select_expressions,8,13609,1548.402,2512.000,true
before,4,raw_where_eq,8,21736,982.844,2936.000,true
before,4,mybatis_where_128,8,461,40321.041,64392.000,true
before,4,mybatis_group_order,8,8047,2563.303,7088.000,true
before,4,raw_group_order,8,8710,2228.542,6256.000,true
before,4,named_dialect_Microsoft_SQL_Server,8,14146,1457.691,4392.000,true
before,4,raw_select_entity,8,33614,591.260,1992.000,true
before,4,mybatis_select_columns,8,26845,783.896,2104.000,true
before,4,named_in_16,8,9841,2358.429,7680.000,true
before,4,positional_derived,8,6089,3458.269,7464.000,true
before,4,positional_batch_beans,8,4539,4056.510,11200.000,true
before,4,raw_union_raw,8,18476,1137.806,1968.000,true
before,4,mybatis_in_16,8,10606,1712.380,6208.000,true
before,4,mybatis_insert_placeholders,8,21877,983.316,2736.000,true
before,4,named_join_on,8,14753,1504.060,4352.000,true
before,4,raw_condition_only,8,4743,4532.279,8584.000,true
before,4,named_batch_4,8,5825,2950.592,9768.000,true
before,4,named_nested,8,11491,1393.839,3816.000,true
before,4,mybatis_pagination,8,17956,1181.494,3928.000,true
before,4,mybatis_union_builder,8,4861,4093.767,8912.000,true
before,4,raw_subquery_raw,8,33669,611.405,2352.000,true
before,4,positional_batch_64,8,1183,18211.750,70288.000,true
before,4,mybatis_mixed_literals,8,14728,1470.430,3608.000,true
before,4,mybatis_row_in,8,16376,1281.320,3736.000,true
before,4,named_union_builder,8,4952,4267.407,8912.000,true
before,4,positional_condition_only,8,5631,3880.110,5640.000,true
before,4,positional_update_chain_16,8,3152,7451.586,23168.000,true
before,4,positional_mixed_literals,8,18472,1203.519,2976.000,true
before,4,raw_in_expression,8,1122,18870.945,57760.000,true
before,4,named_dialect_MySQL,8,16301,1311.386,4216.000,true
before,4,positional_in_1024,8,1497,15521.576,28584.000,true
before,4,positional_union_builder,8,8738,2306.901,5920.000,true
before,4,custom_handler_union,8,4315,4853.812,9368.000,true
before,4,mybatis_in_expression,8,935,22952.086,67800.000,true
before,4,raw_where_128,8,569,36569.596,62680.000,true
before,4,positional_join_on,8,15666,1326.095,3896.000,true
before,4,positional_in_256,8,4339,4114.174,9656.000,true
before,4,mybatis_between,8,16190,1232.446,3592.000,true
before,4,mybatis_naming_SCREAMING_SNAKE_CASE,8,3671,5810.106,9808.000,true
before,4,raw_derived,8,5525,3612.199,7632.000,true
before,4,named_select_entity,8,37310,582.265,1992.000,true
before,4,mybatis_insert_values,8,19776,1109.734,2872.000,true
before,4,mybatis_batch_4,8,7394,2859.454,8816.000,true
before,4,named_raw_expression,8,20032,954.228,2616.000,true
before,4,positional_delete,8,66983,356.213,1544.000,true
before,4,named_in_17,8,9614,2295.267,7968.000,true
before,4,mybatis_subquery_structured,8,12446,1562.381,5384.000,true
before,4,positional_naming_NO_CHANGE,8,6706,3271.160,4928.000,true
before,4,mybatis_where_16,8,3704,5139.876,9792.000,true
before,4,positional_retry_rollback,8,8047,3221.847,6040.000,true
before,4,positional_join_using,8,23690,849.523,3248.000,true
before,4,positional_insert_values,8,26684,833.949,2232.000,true
before,4,mybatis_in_1024,8,212,94229.245,256976.000,true
before,4,mybatis_retry_rollback,8,4321,4251.794,7736.000,true
before,4,mybatis_select_entity,8,35986,583.646,1992.000,true
before,4,raw_in_17,8,12147,1728.451,5896.000,true
before,4,raw_in_16,8,12489,1775.058,5680.000,true
before,4,mybatis_join_on,8,14589,1322.675,4192.000,true
before,4,positional_select_star,8,92959,256.798,1240.000,true
before,4,named_naming_UPPER_CAMEL_CASE,8,3310,6147.039,11120.000,true
before,4,named_subquery_structured,8,12039,1741.158,5640.000,true
before,4,mybatis_naming_UPPER_CAMEL_CASE,8,3537,6056.291,9520.000,true
before,4,mybatis_raw_expression,8,20114,955.926,2616.000,true
before,4,mybatis_late_modifier,8,25337,740.032,2736.000,true
before,4,named_row_in,8,14332,1387.350,4144.000,true
before,4,raw_naming_UPPER_CAMEL_CASE,8,3893,5127.562,9376.000,true
before,4,named_dialect_PostgreSQL,8,15397,1338.949,4216.000,true
before,4,raw_update_chain_16,8,2648,8526.171,26256.000,true
before,4,raw_naming_SCREAMING_SNAKE_CASE,8,4047,5066.766,9664.000,true
before,4,positional_insert_entity,8,27738,630.860,1816.000,true
before,4,named_join_using,8,20550,1001.640,3704.000,true
before,4,mybatis_derived,8,4873,4507.285,9456.000,true
before,4,named_delete,8,44467,461.281,2000.000,true
before,4,positional_nested,8,18532,1114.510,3120.000,true
before,4,named_group_order,8,7892,2597.504,7512.000,true
before,4,mybatis_select_expressions,8,13431,1598.861,2512.000,true
before,4,named_dialect_Oracle,8,16390,1409.079,4392.000,true
before,4,mybatis_in_256,8,938,20367.591,66696.000,true
before,4,named_in_expression,8,765,27845.752,91824.000,true
before,4,raw_nested,8,16681,1275.409,3448.000,true
before,4,named_insert_entity,8,22640,968.662,2760.000,true
before,4,named_derived,8,4770,4222.264,9536.000,true
before,4,positional_where_16,8,5073,4235.443,6696.000,true
before,4,raw_insert_values,8,21711,1037.359,2544.000,true
before,4,named_mixed_literals,8,14331,1380.971,3944.000,true
before,4,raw_join_using,8,21770,963.353,3368.000,true
before,4,positional_raw_expression,8,20398,1066.212,2616.000,true
before,4,mybatis_naming_CAMEL_CASE,8,3521,5554.899,9504.000,true
before,4,raw_select_expressions,8,13739,1549.778,2512.000,true
before,4,mybatis_join_using,8,19016,1007.867,3544.000,true
before,4,named_batch_64,8,591,34906.091,133024.000,true
before,4,positional_naming_SCREAMING_SNAKE_CASE,8,4950,4160.485,6712.000,true
before,4,raw_raw_expression,8,18588,1028.007,2616.000,true
before,4,named_dialect_DB2,8,16233,1357.623,4392.000,true
before,4,named_pagination,8,15737,1186.923,4192.000,true
before,4,named_naming_CAMEL_CASE,8,3356,6144.041,11104.000,true
before,4,mybatis_naming_KEBAB_CASE,8,3657,5499.180,9792.000,true
before,4,mybatis_nested,8,15818,1393.539,3584.000,true
before,4,named_naming_KEBAB_CASE,8,3525,5889.078,11392.000,true
before,4,positional_select_columns,8,27157,783.687,2104.000,true
before,4,named_naming_SCREAMING_SNAKE_CASE,8,3514,5920.120,11408.000,true
before,4,positional_subquery_structured,8,14816,1439.403,4856.000,true
before,4,positional_naming_KEBAB_CASE,8,4889,4120.515,6696.000,true
before,4,positional_group_order,8,9530,2257.020,6160.000,true
before,4,positional_dialect_Oracle,8,17914,1098.750,3616.000,true
before,4,raw_update_map,8,16667,1287.580,3712.000,true
before,4,named_insert_values,8,17877,1078.033,3176.000,true
before,4,named_where_128,8,461,45924.078,77464.000,true
before,4,raw_repeated_names,8,999,20518.719,59056.000,true
before,4,raw_naming_NO_CHANGE,8,5231,4069.681,7880.000,true
before,4,mybatis_update_chain_16,8,1602,13777.965,40744.000,true
before,4,named_update_map,8,12159,1683.510,4920.000,true
before,4,mybatis_update_map,8,13146,1481.515,4368.000,true
before,4,mybatis_naming_NO_CHANGE,8,4510,4674.789,8024.000,true
before,4,raw_naming_CAMEL_CASE,8,3937,5171.120,9360.000,true
before,4,named_in_256,8,818,25896.699,90792.000,true
before,4,named_late_modifier,8,27006,811.964,2896.000,true
before,4,positional_in_16,8,24975,802.875,2736.000,true
before,4,raw_batch_4,8,9099,2469.843,7424.000,true
before,4,raw_batch_beans,8,2561,5836.353,16864.000,true
before,4,raw_insert_placeholders,8,30451,710.246,2096.000,true
before,4,positional_late_modifier,8,33918,675.096,2440.000,true
before,4,positional_where_128,8,686,30984.840,38992.000,true
before,4,raw_insert_entity,8,25144,793.505,2128.000,true
before,4,raw_mixed_literals,8,14374,1477.898,3368.000,true
before,4,positional_batch_64,9,1183,17212.849,70288.000,true
before,4,positional_group_order,9,9530,2260.483,6160.000,true
before,4,raw_condition_only,9,4743,4308.244,8584.000,true
before,4,positional_raw_expression,9,20398,1030.964,2616.000,true
before,4,named_naming_KEBAB_CASE,9,3525,5486.553,11392.000,true
before,4,named_raw_expression,9,20032,990.540,2616.000,true
before,4,named_join_using,9,20550,1010.998,3704.000,true
before,4,positional_retry_rollback,9,8047,3075.718,6040.000,true
before,4,raw_select_expressions,9,13739,1503.494,2512.000,true
before,4,named_update_chain_16,9,1303,16427.168,47808.000,true
before,4,raw_naming_SCREAMING_SNAKE_CASE,9,4047,4892.291,9664.000,true
before,4,positional_late_modifier,9,33918,688.115,2440.000,true
before,4,positional_batch_4,9,10200,1798.059,6000.000,true
before,4,mybatis_union_builder,9,4861,4215.305,8912.000,true
before,4,mybatis_select_entity,9,35986,593.798,1992.000,true
before,4,mybatis_batch_4,9,7394,2933.744,8816.000,true
before,4,named_dialect_PostgreSQL,9,15397,1315.899,4216.000,true
before,4,raw_naming_KEBAB_CASE,9,3828,5167.503,9648.000,true
before,4,named_in_256,9,818,25392.910,90792.000,true
before,4,named_dialect_Oracle,9,16390,1386.699,4392.000,true
before,4,named_where_128,9,461,44046.204,77464.000,true
before,4,named_delete,9,44467,506.573,2000.000,true
before,4,positional_in_1024,9,1497,14773.948,28584.000,true
before,4,positional_batch_beans,9,4539,5937.718,11200.000,true
before,4,mybatis_join_on,9,14589,1393.084,4192.000,true
before,4,raw_batch_64,9,866,24744.919,92384.000,true
before,4,raw_between,9,17470,1160.933,3432.000,true
before,4,named_nested,9,11491,1366.548,3816.000,true
before,4,named_group_order,9,7892,2651.825,7512.000,true
before,4,named_naming_NO_CHANGE,9,4361,4811.809,9624.000,true
before,4,mybatis_derived,9,4873,4426.534,9456.000,true
before,4,raw_join_on,9,14927,1340.531,4016.000,true
before,4,mybatis_mixed_literals,9,14728,1377.247,3608.000,true
before,4,named_select_star,9,79402,225.150,1240.000,true
before,4,positional_select_expressions,9,13609,1537.358,2512.000,true
before,4,positional_naming_SCREAMING_SNAKE_CASE,9,4950,4054.727,6712.000,true
before,4,positional_select_columns,9,27157,810.760,2104.000,true
before,4,raw_join_using,9,21770,977.694,3368.000,true
before,4,mybatis_condition_only,9,4028,4716.112,8728.000,true
before,4,mybatis_subquery_structured,9,12446,1729.094,5384.000,true
before,4,positional_dialect_PostgreSQL,9,19453,1060.824,3432.000,true
before,4,mybatis_update_chain_16,9,1602,13486.454,40744.000,true
before,4,positional_dialect_Oracle,9,17914,1090.332,3616.000,true
before,4,raw_update_map,9,16667,1191.018,3712.000,true
before,4,named_late_modifier,9,27006,823.928,2896.000,true
before,4,mybatis_join_using,9,19016,988.804,3544.000,true
before,4,mybatis_update_map,9,13146,1579.606,4368.000,true
before,4,mybatis_in_16,9,10606,1827.041,6208.000,true
before,4,positional_union_builder,9,8738,2275.944,5920.000,true
before,4,mybatis_in_1024,9,212,99737.736,256976.000,true
before,4,named_batch_beans,9,2483,8857.350,26800.000,true
before,4,positional_naming_KEBAB_CASE,9,4889,4019.513,6696.000,true
before,4,positional_insert_entity,9,27738,626.779,1816.000,true
before,4,mybatis_group_order,9,8047,2581.248,7088.000,true
before,4,named_where_eq,9,20525,1053.384,3272.000,true
before,4,raw_derived,9,5525,3582.552,7632.000,true
before,4,mybatis_union_raw,9,19248,1133.536,1968.000,true
before,4,mybatis_row_in,9,16376,1206.540,3736.000,true
before,4,positional_derived,9,6089,3666.891,7464.000,true
before,4,mybatis_batch_64,9,618,34523.786,117008.000,true
before,4,positional_subquery_raw,9,28147,635.048,2352.000,true
before,4,named_union_raw,9,19024,1115.643,1968.000,true
before,4,positional_in_17,9,22739,817.235,2752.000,true
before,4,raw_naming_NO_CHANGE,9,5231,4188.090,7880.000,true
before,4,mybatis_naming_NO_CHANGE,9,4510,4191.840,8024.000,true
before,4,positional_in_expression,9,3202,4837.008,10904.000,true
before,4,raw_select_entity,9,33614,579.220,1992.000,true
before,4,mybatis_select_columns,9,26845,830.058,2104.000,true
before,4,raw_pagination,9,20017,1006.385,3520.000,true
before,4,positional_where_128,9,686,30059.913,38992.000,true
before,4,named_repeated_names,9,815,26454.110,70080.000,true
before,4,positional_repeated_names,9,1382,15924.385,35520.000,true
before,4,named_update_map,9,12159,1676.207,4920.000,true
before,4,raw_naming_UPPER_CAMEL_CASE,9,3893,5507.244,9376.000,true
before,4,raw_insert_entity,9,25144,869.595,2128.000,true
before,4,positional_naming_CAMEL_CASE,9,4650,5060.043,6408.000,true
before,4,positional_naming_UPPER_CAMEL_CASE,9,4545,4452.057,6424.000,true
before,4,mybatis_subquery_raw,9,33786,635.171,2352.000,true
before,4,named_dialect_DB2,9,16233,1348.414,4392.000,true
before,4,mybatis_nested,9,15818,1343.362,3584.000,true
before,4,raw_select_columns,9,26613,807.019,2104.000,true
before,4,named_join_on,9,14753,1338.792,4352.000,true
before,4,named_insert_values,9,17877,1180.265,3176.000,true
before,4,positional_where_eq,9,23369,894.899,2816.000,true
before,4,positional_between,9,20318,1041.791,3104.000,true
before,4,named_in_17,9,9614,2179.093,7968.000,true
before,4,named_between,9,15605,1296.565,3848.000,true
before,4,raw_mixed_literals,9,14374,1419.180,3368.000,true
before,4,mybatis_naming_SCREAMING_SNAKE_CASE,9,3671,5823.944,9808.000,true
before,4,positional_in_256,9,4339,3810.717,9656.000,true
before,4,raw_update_chain_16,9,2648,8206.760,26256.000,true
before,4,custom_handler_union,9,4315,5134.229,9368.000,true
before,4,named_condition_only,9,3298,4981.443,10328.000,true
before,4,named_naming_CAMEL_CASE,9,3356,6119.577,11104.000,true
before,4,raw_in_expression,9,1122,18721.034,57760.000,true
before,4,mybatis_insert_values,9,19776,1120.545,2872.000,true
before,4,mybatis_in_expression,9,935,21578.930,67800.000,true
before,4,named_row_in,9,14332,1393.392,4144.000,true
before,4,raw_where_128,9,569,37077.680,62680.000,true
before,4,mybatis_raw_expression,9,20114,1010.987,2616.000,true
before,4,mybatis_naming_CAMEL_CASE,9,3521,5713.632,9504.000,true
before,4,positional_where_16,9,5073,4140.568,6696.000,true
before,4,raw_where_eq,9,21736,895.965,2936.000,true
before,4,positional_nested,9,18532,1120.964,3120.000,true
before,4,positional_delete,9,66983,344.134,1544.000,true
before,4,named_batch_4,9,5825,2994.455,9768.000,true
before,4,mybatis_pagination,9,17956,1184.568,3928.000,true
before,4,positional_select_entity,9,37266,577.261,1992.000,true
before,4,raw_in_16,9,12489,1664.393,5680.000,true
before,4,mybatis_in_256,9,938,21454.264,66696.000,true
before,4,named_batch_64,9,591,36963.790,133024.000,true
before,4,named_mixed_literals,9,14331,1408.248,3944.000,true
before,4,positional_update_map,9,21816,1041.502,3192.000,true
before,4,positional_union_raw,9,18331,1113.949,1968.000,true
before,4,named_union_builder,9,4952,4289.782,8912.000,true
before,4,raw_nested,9,16681,1261.747,3448.000,true
before,4,positional_insert_values,9,26684,848.606,2232.000,true
before,4,named_select_columns,9,26435,830.221,2104.000,true
before,4,raw_subquery_structured,9,15707,1259.458,4720.000,true
before,4,raw_group_order,9,8710,2331.309,6256.000,true
before,4,named_insert_placeholders,9,20618,1041.861,3072.000,true
before,4,raw_in_256,9,1192,18315.772,56720.000,true
before,4,positional_update_chain_16,9,3152,6689.530,23168.000,true
before,4,named_derived,9,4770,4329.266,9536.000,true
before,4,raw_union_raw,9,18476,1129.817,1968.000,true
before,4,mybatis_naming_UPPER_CAMEL_CASE,9,3537,5813.373,9520.000,true
before,4,raw_union_builder,9,8307,2627.290,6120.000,true
before,4,positional_dialect_MySQL,9,20294,967.133,3432.000,true
before,4,named_subquery_raw,9,31353,607.894,2352.000,true
before,4,raw_batch_beans,9,2561,5240.414,16864.000,true
before,4,positional_subquery_structured,9,14816,1426.951,4856.000,true
before,4,raw_where_16,9,4194,5004.387,9648.000,true
before,4,mybatis_batch_beans,9,2995,7107.813,22816.000,true
before,4,named_in_expression,9,765,25440.915,91824.000,true
before,4,custom_handler_where,9,3578,5792.314,11424.000,true
before,4,raw_insert_placeholders,9,30451,696.939,2096.000,true
before,4,mybatis_delete,9,49770,468.674,1848.000,true
before,4,raw_late_modifier,9,28574,715.801,2560.000,true
before,4,raw_raw_expression,9,18588,1015.354,2616.000,true
before,4,named_select_expressions,9,13607,1679.863,2512.000,true
before,4,named_in_1024,9,151,123631.788,353296.000,true
before,4,raw_batch_4,9,9099,2313.397,7424.000,true
before,4,positional_dialect_Microsoft_SQL_Server,9,17531,1172.991,3616.000,true
before,4,raw_insert_values,9,21711,1000.953,2544.000,true
before,4,raw_retry_rollback,9,5321,3867.506,6400.000,true
before,4,positional_join_on,9,15666,1338.185,3896.000,true
before,4,mybatis_insert_entity,9,23792,896.192,2456.000,true
before,4,mybatis_where_eq,9,20698,951.773,3112.000,true
before,4,raw_select_star,9,98146,238.356,1240.000,true
before,4,positional_in_16,9,24975,823.407,2736.000,true
before,4,positional_insert_placeholders,9,31531,707.713,2096.000,true
before,4,named_retry_rollback,9,5205,4452.296,8432.000,true
before,4,named_select_entity,9,37310,615.358,1992.000,true
before,4,mybatis_in_17,9,10053,1862.747,6424.000,true
before,4,raw_in_17,9,12147,1682.885,5896.000,true
before,4,mybatis_select_expressions,9,13431,1613.424,2512.000,true
before,4,mybatis_naming_KEBAB_CASE,9,3657,5415.422,9792.000,true
before,4,positional_dialect_DB2,9,20966,1066.827,3616.000,true
before,4,positional_pagination,9,21595,992.711,3408.000,true
before,4,mybatis_between,9,16190,1232.878,3592.000,true
before,4,positional_condition_only,9,5631,3588.670,5640.000,true
before,4,named_dialect_Microsoft_SQL_Server,9,14146,1530.836,4392.000,true
before,4,raw_repeated_names,9,999,21323.724,59056.000,true
before,4,named_naming_SCREAMING_SNAKE_CASE,9,3514,5687.336,11408.000,true
before,4,mybatis_where_128,9,461,43184.599,64392.000,true
before,4,positional_select_star,9,92959,215.357,1240.000,true
before,4,mybatis_select_star,9,98332,243.059,1240.000,true
before,4,raw_delete,9,48358,405.178,1664.000,true
before,4,mybatis_retry_rollback,9,4321,3730.872,7736.000,true
before,4,raw_naming_CAMEL_CASE,9,3937,5372.111,9360.000,true
before,4,positional_row_in,9,23498,839.940,2752.000,true
before,4,named_in_16,9,9841,2153.927,7680.000,true
before,4,positional_mixed_literals,9,18472,1148.170,2976.000,true
before,4,named_insert_entity,9,22640,954.121,2760.000,true
before,4,named_naming_UPPER_CAMEL_CASE,9,3310,6211.934,11120.000,true
before,4,mybatis_repeated_names,9,892,25206.390,58032.000,true
before,4,named_dialect_MySQL,9,16301,1262.616,4216.000,true
before,4,raw_subquery_raw,9,33669,617.809,2352.000,true
before,4,positional_join_using,9,23690,837.455,3248.000,true
before,4,mybatis_late_modifier,9,25337,750.890,2736.000,true
before,4,mybatis_where_16,9,3704,5159.584,9792.000,true
before,4,positional_naming_NO_CHANGE,9,6706,3134.238,4928.000,true
before,4,raw_in_1024,9,292,66948.630,220328.000,true
before,4,named_subquery_structured,9,12039,1750.212,5640.000,true
before,4,mybatis_insert_placeholders,9,21877,970.979,2736.000,true
before,4,raw_row_in,9,19168,1144.945,3168.000,true
before,4,named_where_16,9,3519,5425.661,11392.000,true
before,4,named_pagination,9,15737,1293.328,4192.000,true
