version,fork,case,round,operations,ns_per_op,bytes_per_op,equivalent
before,1,mybatis_where_128,1,462,53357.792,64392.000,true
before,1,mybatis_raw_expression,1,9778,1088.760,2616.000,true
before,1,mybatis_between,1,16302,1464.422,3592.000,true
before,1,named_dialect_MySQL,1,15890,1455.639,4216.000,true
before,1,named_pagination,1,16135,1460.868,4192.000,true
before,1,positional_union_builder,1,8957,3037.524,5920.000,true
before,1,raw_between,1,13618,1505.118,3432.000,true
before,1,named_naming_KEBAB_CASE,1,3318,7676.251,11392.000,true
before,1,named_update_chain_16,1,1181,19705.419,47808.000,true
before,1,raw_subquery_structured,1,15285,2038.783,4720.000,true
before,1,mybatis_subquery_raw,1,25105,1018.419,2352.000,true
before,1,positional_in_1024,1,1445,17420.415,28584.000,true
before,1,named_retry_rollback,1,4801,5504.353,8432.000,true
before,1,named_dialect_Oracle,1,15143,1878.571,4392.000,true
before,1,named_mixed_literals,1,13455,1791.319,3944.000,true
before,1,raw_raw_expression,1,10555,1620.966,2616.000,true
before,1,named_dialect_DB2,1,13314,1835.031,4392.000,true
before,1,mybatis_join_on,1,13871,1663.636,4192.000,true
before,1,positional_naming_CAMEL_CASE,1,4465,6003.135,6408.000,true
before,1,raw_condition_only,1,4157,5963.820,8584.000,true
before,1,raw_insert_placeholders,1,27988,775.543,2096.000,true
before,1,raw_repeated_names,1,723,29339.419,59056.000,true
before,1,positional_dialect_PostgreSQL,1,19255,1262.436,3432.000,true
before,1,raw_insert_values,1,17386,1260.140,2544.000,true
before,1,raw_late_modifier,1,27898,816.342,2560.000,true
before,1,raw_update_map,1,14621,1724.328,3712.000,true
before,1,mybatis_update_map,1,10655,2035.467,4368.000,true
before,1,named_subquery_structured,1,11806,2148.984,5640.000,true
before,1,named_insert_values,1,19731,1549.967,3176.000,true
before,1,mybatis_select_star,1,85296,372.778,1240.000,true
before,1,mybatis_repeated_names,1,853,27094.021,58032.000,true
before,1,mybatis_insert_placeholders,1,21082,1124.291,2736.000,true
before,1,positional_mixed_literals,1,18174,1598.586,2976.000,true
before,1,positional_update_chain_16,1,2509,8906.576,23168.000,true
before,1,raw_batch_4,1,7628,2716.938,7424.000,true
before,1,positional_dialect_MySQL,1,19736,1754.150,3432.000,true
before,1,mybatis_retry_rollback,1,3508,7672.349,7736.000,true
before,1,positional_where_eq,1,19255,1435.082,2816.000,true
before,1,positional_batch_64,1,936,30819.124,70288.000,true
before,1,positional_between,1,20230,1697.044,3104.000,true
before,1,named_join_using,1,20223,1812.886,3680.000,true
before,1,named_between,1,14186,2670.358,3848.000,true
before,1,raw_in_16,1,7338,2841.496,5680.000,true
before,1,positional_naming_KEBAB_CASE,1,4881,7985.085,6696.000,true
before,1,named_naming_UPPER_CAMEL_CASE,1,3062,12301.502,11120.000,true
before,1,mybatis_in_17,1,10007,3942.420,6424.000,true
before,1,named_dialect_PostgreSQL,1,15228,1887.845,4216.000,true
before,1,mybatis_pagination,1,16204,1743.051,3928.000,true
before,1,mybatis_naming_SCREAMING_SNAKE_CASE,1,3600,10296.139,9808.000,true
before,1,positional_dialect_DB2,1,20365,1475.944,3616.000,true
before,1,mybatis_in_1024,1,198,125328.283,256976.000,true
before,1,named_in_17,1,8774,3300.376,7968.000,true
before,1,raw_pagination,1,18875,1958.670,3520.000,true
before,1,custom_handler_union,1,3672,7146.759,9368.000,true
before,1,mybatis_select_expressions,1,9404,2345.108,2512.000,true
before,1,raw_select_entity,1,18974,761.721,1992.000,true
before,1,positional_naming_SCREAMING_SNAKE_CASE,1,4718,7032.259,6712.000,true
before,1,positional_group_order,1,9642,2924.964,6160.000,true
before,1,positional_batch_beans,1,1869,6633.173,11128.000,true
before,1,named_in_16,1,8830,2621.484,7680.000,true
before,1,named_select_expressions,1,13419,1994.679,2512.000,true
before,1,positional_raw_expression,1,19142,1294.698,2616.000,true
before,1,named_row_in,1,14954,1759.864,4144.000,true
before,1,custom_handler_where,1,2911,7382.102,11424.000,true
before,1,mybatis_nested,1,15173,1590.173,3584.000,true
before,1,raw_in_expression,1,897,23500.780,57760.000,true
before,1,raw_where_16,1,2039,6487.641,9648.000,true
before,1,raw_select_expressions,1,9184,2095.100,2512.000,true
before,1,mybatis_insert_entity,1,24223,1119.151,2456.000,true
before,1,mybatis_union_builder,1,4368,4710.600,8912.000,true
before,1,raw_union_builder,1,7834,2938.052,6120.000,true
before,1,positional_naming_NO_CHANGE,1,6655,3695.898,4928.000,true
before,1,mybatis_naming_CAMEL_CASE,1,2632,7587.462,9504.000,true
before,1,positional_insert_placeholders,1,29086,764.093,2096.000,true
before,1,positional_select_columns,1,21860,938.975,2104.000,true
before,1,positional_update_map,1,20656,1195.091,3192.000,true
before,1,positional_naming_UPPER_CAMEL_CASE,1,4116,6297.522,6424.000,true
before,1,raw_join_on,1,9940,1580.181,4016.000,true
before,1,positional_union_raw,1,19061,1294.780,1968.000,true
before,1,named_insert_placeholders,1,10403,1082.755,3040.000,true
before,1,raw_batch_64,1,628,25907.484,92384.000,true
before,1,named_in_256,1,735,31066.667,90792.000,true
before,1,positional_delete,1,59713,382.429,1544.000,true
before,1,positional_insert_values,1,27936,818.661,2232.000,true
before,1,positional_late_modifier,1,29523,808.129,2440.000,true
before,1,positional_in_16,1,24712,899.640,2736.000,true
before,1,named_union_raw,1,19557,1319.451,1968.000,true
before,1,named_condition_only,1,3697,7087.179,10328.000,true
before,1,named_union_builder,1,4710,7465.732,8912.000,true
before,1,named_naming_CAMEL_CASE,1,2848,12234.410,11104.000,true
before,1,positional_dialect_Oracle,1,19225,1270.679,3616.000,true
before,1,positional_join_using,1,22702,988.155,3224.000,true
before,1,named_late_modifier,1,27157,825.883,2896.000,true
before,1,mybatis_insert_values,1,19234,1231.673,2872.000,true
before,1,positional_subquery_raw,1,29340,685.787,2352.000,true
before,1,named_nested,1,14809,1595.010,3816.000,true
before,1,named_update_map,1,11177,2115.031,4920.000,true
before,1,raw_derived,1,5863,4746.768,7632.000,true
before,1,mybatis_naming_KEBAB_CASE,1,3384,6649.852,9792.000,true
before,1,positional_select_expressions,1,13276,2515.600,2512.000,true
before,1,raw_in_256,1,358,23595.531,56720.000,true
before,1,named_select_entity,1,35507,1104.236,1992.000,true
before,1,raw_subquery_raw,1,32407,1138.149,2352.000,true
before,1,mybatis_condition_only,1,4014,6147.857,8728.000,true
before,1,raw_nested,1,13153,1477.876,3448.000,true
before,1,named_select_star,1,76822,233.306,1240.000,true
before,1,raw_naming_NO_CHANGE,1,5118,4197.968,7880.000,true
before,1,named_batch_beans,1,2471,8848.563,26728.000,true
before,1,named_where_128,1,430,51210.000,77464.000,true
before,1,positional_condition_only,1,5633,3624.445,5640.000,true
before,1,raw_update_chain_16,1,2286,8917.148,26256.000,true
before,1,raw_mixed_literals,1,10681,1609.428,3368.000,true
before,1,raw_naming_KEBAB_CASE,1,3948,5295.314,9648.000,true
before,1,raw_insert_entity,1,23994,799.675,2128.000,true
before,1,raw_group_order,1,8436,2115.185,6256.000,true
before,1,named_naming_NO_CHANGE,1,4136,5215.619,9624.000,true
before,1,mybatis_join_using,1,20544,1001.694,3520.000,true
before,1,named_where_16,1,3395,6165.508,11392.000,true
before,1,positional_select_entity,1,23103,658.291,1992.000,true
before,1,named_delete,1,43163,483.769,2000.000,true
before,1,positional_where_128,1,625,30528.160,38992.000,true
before,1,positional_join_on,1,14775,1292.176,3896.000,true
before,1,raw_where_eq,1,16425,981.686,2936.000,true
before,1,raw_union_raw,1,9608,1184.086,1968.000,true
before,1,mybatis_where_16,1,3631,6561.581,9792.000,true
before,1,mybatis_update_chain_16,1,1429,15450.385,40744.000,true
before,1,mybatis_select_entity,1,34976,612.000,1992.000,true
before,1,named_repeated_names,1,736,29535.734,70080.000,true
before,1,named_join_on,1,14461,1526.637,4352.000,true
before,1,positional_retry_rollback,1,7107,3101.773,6040.000,true
before,1,named_subquery_raw,1,32529,628.614,2352.000,true
before,1,mybatis_in_16,1,10656,2136.017,6208.000,true
before,1,named_insert_entity,1,22699,936.222,2760.000,true
before,1,mybatis_late_modifier,1,23081,729.981,2736.000,true
before,1,raw_in_17,1,4402,2020.332,5896.000,true
before,1,named_naming_SCREAMING_SNAKE_CASE,1,3060,6900.131,11408.000,true
before,1,raw_batch_beans,1,2125,6637.271,16792.000,true
before,1,named_where_eq,1,21251,1034.963,3272.000,true
before,1,positional_row_in,1,15294,1056.284,2752.000,true
before,1,mybatis_batch_64,1,641,37705.928,117008.000,true
before,1,mybatis_union_raw,1,19250,1307.257,1968.000,true
before,1,positional_dialect_Microsoft_SQL_Server,1,17562,1482.980,3616.000,true
before,1,mybatis_derived,1,3968,4667.188,9456.000,true
before,1,mybatis_subquery_structured,1,9163,1663.123,5384.000,true
before,1,named_select_columns,1,27285,821.121,2104.000,true
before,1,raw_row_in,1,17325,1142.136,3168.000,true
before,1,mybatis_in_expression,1,858,24886.480,67800.000,true
before,1,named_dialect_Microsoft_SQL_Server,1,13311,1538.772,4392.000,true
before,1,raw_join_using,1,21640,995.527,3344.000,true
before,1,raw_in_1024,1,146,78005.479,220328.000,true
before,1,positional_insert_entity,1,36777,611.853,1816.000,true
before,1,named_batch_64,1,546,37122.161,133024.000,true
before,1,mybatis_in_256,1,861,23596.516,66696.000,true
before,1,mybatis_naming_NO_CHANGE,1,4422,4842.560,8024.000,true
before,1,positional_where_16,1,4098,3942.582,6696.000,true
before,1,mybatis_batch_beans,1,2620,7608.130,22744.000,true
before,1,mybatis_delete,1,46827,443.319,1848.000,true
before,1,positional_batch_4,1,1898,1785.195,6000.000,true
before,1,positional_pagination,1,21380,972.226,3408.000,true
before,1,mybatis_group_order,1,8077,2677.479,7088.000,true
before,1,positional_repeated_names,1,1223,15379.804,35520.000,true
before,1,named_in_1024,1,173,120954.335,353296.000,true
before,1,named_in_expression,1,718,30094.011,91824.000,true
before,1,raw_naming_CAMEL_CASE,1,3349,5414.392,9360.000,true
before,1,positional_in_17,1,25036,766.436,2752.000,true
before,1,named_batch_4,1,7183,3101.726,9768.000,true
before,1,positional_derived,1,5292,3381.198,7464.000,true
before,1,positional_in_expression,1,3976,5290.946,10904.000,true
before,1,mybatis_batch_4,1,7444,3002.337,8816.000,true
before,1,raw_select_star,1,68165,230.742,1240.000,true
before,1,raw_select_columns,1,12338,730.337,2104.000,true
before,1,mybatis_mixed_literals,1,13872,1464.583,3608.000,true
before,1,mybatis_select_columns,1,27179,802.215,2104.000,true
before,1,mybatis_row_in,1,16242,1245.315,3736.000,true
before,1,positional_in_256,1,4838,4517.032,9656.000,true
before,1,raw_delete,1,41776,430.915,1664.000,true
before,1,positional_subquery_structured,1,14510,1399.469,4856.000,true
before,1,positional_nested,1,17757,1106.020,3120.000,true
before,1,raw_naming_UPPER_CAMEL_CASE,1,3425,5762.190,9376.000,true
before,1,named_derived,1,4731,4457.662,9536.000,true
before,1,raw_naming_SCREAMING_SNAKE_CASE,1,3891,5543.742,9664.000,true
before,1,mybatis_naming_UPPER_CAMEL_CASE,1,3181,6053.128,9520.000,true
before,1,named_raw_expression,1,19994,1029.754,2616.000,true
before,1,raw_where_128,1,329,37748.632,62680.000,true
before,1,positional_select_star,1,91002,244.506,1240.000,true
before,1,mybatis_where_eq,1,21703,950.329,3112.000,true
before,1,raw_retry_rollback,1,5520,3393.370,6400.000,true
before,1,named_group_order,1,7697,2877.887,7512.000,true
before,1,positional_in_1024,2,1445,14536.678,28584.000,true
before,1,named_condition_only,2,3697,6156.208,10328.000,true
before,1,positional_select_entity,2,23103,574.497,1992.000,true
before,1,mybatis_retry_rollback,2,3508,4256.043,7736.000,true
before,1,mybatis_where_eq,2,21703,917.486,3112.000,true
before,1,mybatis_repeated_names,2,853,25123.329,58032.000,true
before,1,named_union_builder,2,4710,4397.410,8912.000,true
before,1,raw_where_16,2,2039,5068.024,9648.000,true
before,1,named_where_128,2,430,47953.256,77464.000,true
before,1,named_derived,2,4731,4497.210,9536.000,true
before,1,named_update_map,2,11177,1880.880,4920.000,true
before,1,raw_subquery_raw,2,32407,694.390,2352.000,true
before,1,raw_naming_CAMEL_CASE,2,3349,5483.129,9360.000,true
before,1,named_repeated_names,2,736,27986.957,70080.000,true
before,1,named_select_star,2,76822,274.486,1240.000,true
before,1,mybatis_naming_SCREAMING_SNAKE_CASE,2,3600,5673.278,9808.000,true
before,1,mybatis_naming_CAMEL_CASE,2,2632,6754.749,9504.000,true
before,1,mybatis_delete,2,46827,469.520,1848.000,true
before,1,mybatis_insert_placeholders,2,21082,934.854,2736.000,true
before,1,raw_late_modifier,2,27898,733.411,2560.000,true
before,1,positional_naming_UPPER_CAMEL_CASE,2,4116,4857.702,6424.000,true
before,1,positional_batch_beans,2,1869,3627.555,11128.000,true
before,1,mybatis_subquery_raw,2,25105,613.607,2352.000,true
before,1,named_dialect_MySQL,2,15890,1343.077,4216.000,true
before,1,mybatis_naming_NO_CHANGE,2,4422,4908.458,8024.000,true
before,1,positional_union_raw,2,19061,1162.751,1968.000,true
before,1,positional_where_128,2,625,33746.720,38992.000,true
before,1,positional_nested,2,17757,1197.500,3120.000,true
before,1,mybatis_batch_64,2,641,32820.749,117008.000,true
before,1,positional_subquery_raw,2,29340,616.558,2352.000,true
before,1,positional_insert_placeholders,2,29086,697.583,2096.000,true
before,1,positional_select_expressions,2,13276,1692.490,2512.000,true
before,1,named_in_17,2,8774,2194.871,7968.000,true
before,1,named_batch_4,2,7183,3115.899,9768.000,true
before,1,named_insert_placeholders,2,10403,1118.139,3040.000,true
before,1,mybatis_select_star,2,85296,224.404,1240.000,true
before,1,positional_batch_64,2,936,18462.500,70288.000,true
before,1,positional_insert_entity,2,36777,633.244,1816.000,true
before,1,raw_naming_NO_CHANGE,2,5118,4169.480,7880.000,true
before,1,mybatis_row_in,2,16242,1472.750,3736.000,true
before,1,named_raw_expression,2,19994,1167.760,2616.000,true
before,1,positional_in_17,2,25036,860.257,2752.000,true
before,1,named_pagination,2,16135,1321.047,4192.000,true
before,1,raw_naming_KEBAB_CASE,2,3948,6130.471,9648.000,true
before,1,mybatis_select_expressions,2,9404,1597.735,2512.000,true
before,1,raw_condition_only,2,4157,5237.527,8584.000,true
before,1,mybatis_select_entity,2,34976,591.657,1992.000,true
before,1,named_union_raw,2,19557,1165.347,1968.000,true
before,1,positional_select_star,2,91002,248.479,1240.000,true
before,1,mybatis_mixed_literals,2,13872,1619.867,3608.000,true
before,1,raw_insert_values,2,17386,1232.227,2544.000,true
before,1,named_nested,2,14809,1679.080,3816.000,true
before,1,positional_union_builder,2,8957,2991.895,5920.000,true
before,1,positional_derived,2,5292,9244.237,7464.000,true
before,1,positional_batch_4,2,1898,4854.057,6000.000,true
before,1,raw_update_map,2,14621,2213.713,3712.000,true
before,1,mybatis_join_using,2,20544,1399.659,3520.000,true
before,1,mybatis_late_modifier,2,23081,1158.407,2736.000,true
before,1,named_naming_UPPER_CAMEL_CASE,2,3062,8699.445,11120.000,true
before,1,named_dialect_Oracle,2,15143,1471.459,4392.000,true
before,1,named_naming_CAMEL_CASE,2,2848,7715.660,11104.000,true
before,1,positional_insert_values,2,27936,862.131,2232.000,true
before,1,mybatis_condition_only,2,4014,5321.350,8728.000,true
before,1,named_dialect_Microsoft_SQL_Server,2,13311,1660.829,4392.000,true
before,1,mybatis_where_128,2,462,46933.117,64392.000,true
before,1,mybatis_batch_4,2,7444,2862.883,8816.000,true
before,1,named_in_expression,2,718,30164.345,91824.000,true
before,1,named_between,2,14186,1361.208,3848.000,true
before,1,named_naming_KEBAB_CASE,2,3318,7147.740,11392.000,true
before,1,raw_derived,2,5863,4003.036,7632.000,true
before,1,raw_mixed_literals,2,10681,1548.582,3368.000,true
before,1,mybatis_nested,2,15173,1413.300,3584.000,true
before,1,mybatis_select_columns,2,27179,834.115,2104.000,true
before,1,raw_raw_expression,2,10555,1056.097,2616.000,true
before,1,positional_dialect_MySQL,2,19736,1050.213,3432.000,true
before,1,raw_where_128,2,329,40554.407,62680.000,true
before,1,mybatis_batch_beans,2,2620,8513.702,22744.000,true
before,1,mybatis_in_1024,2,198,108864.141,256976.000,true
before,1,positional_join_using,2,22702,1058.004,3224.000,true
before,1,mybatis_derived,2,3968,4941.583,9456.000,true
before,1,positional_dialect_PostgreSQL,2,19255,1137.414,3432.000,true
before,1,mybatis_in_256,2,861,24212.427,66696.000,true
before,1,named_delete,2,43163,515.710,2000.000,true
before,1,mybatis_in_17,2,10007,2317.927,6424.000,true
before,1,positional_naming_KEBAB_CASE,2,4881,4948.986,6696.000,true
before,1,raw_in_expression,2,897,20760.201,57760.000,true
before,1,raw_retry_rollback,2,5520,4039.819,6400.000,true
before,1,positional_row_in,2,15294,961.678,2752.000,true
before,1,raw_batch_4,2,7628,2578.094,7424.000,true
before,1,raw_insert_entity,2,23994,854.914,2128.000,true
before,1,positional_group_order,2,9642,2292.730,6160.000,true
before,1,mybatis_update_chain_16,2,1429,18746.326,40744.000,true
before,1,positional_pagination,2,21380,1004.233,3408.000,true
before,1,raw_row_in,2,17325,1212.237,3168.000,true
before,1,mybatis_insert_values,2,19234,1213.201,2872.000,true
before,1,raw_group_order,2,8436,2380.346,6256.000,true
before,1,positional_dialect_DB2,2,20365,1052.291,3616.000,true
before,1,mybatis_update_map,2,10655,2453.074,4368.000,true
before,1,raw_in_17,2,4402,2413.994,5896.000,true
before,1,positional_in_256,2,4838,8233.857,9656.000,true
before,1,mybatis_naming_UPPER_CAMEL_CASE,2,3181,12297.768,9520.000,true
before,1,named_select_columns,2,27285,1601.953,2104.000,true
before,1,raw_subquery_structured,2,15285,2406.850,4720.000,true
before,1,mybatis_in_16,2,10656,4551.361,6208.000,true
before,1,raw_pagination,2,18875,1733.796,3520.000,true
before,1,raw_naming_SCREAMING_SNAKE_CASE,2,3891,9419.866,9664.000,true
before,1,named_group_order,2,7697,4532.142,7512.000,true
before,1,positional_where_eq,2,19255,1350.153,2816.000,true
before,1,named_subquery_structured,2,11806,2494.333,5640.000,true
before,1,positional_late_modifier,2,29523,894.655,2440.000,true
before,1,raw_update_chain_16,2,2286,9065.704,26256.000,true
before,1,named_join_on,2,14461,1639.423,4352.000,true
before,1,named_in_256,2,735,40785.170,90792.000,true
before,1,named_where_16,2,3395,9727.246,11392.000,true
before,1,positional_naming_CAMEL_CASE,2,4465,6980.627,6408.000,true
before,1,raw_union_raw,2,9608,1869.369,1968.000,true
before,1,positional_delete,2,59713,650.562,1544.000,true
before,1,positional_dialect_Microsoft_SQL_Server,2,17562,2195.416,3616.000,true
before,1,raw_select_expressions,2,9184,2878.800,2512.000,true
before,1,named_select_entity,2,35507,807.263,1992.000,true
before,1,named_insert_values,2,19731,1712.478,3176.000,true
before,1,named_dialect_DB2,2,13314,1771.594,4392.000,true
before,1,raw_batch_64,2,628,33312.261,92384.000,true
before,1,raw_select_columns,2,12338,1004.628,2104.000,true
before,1,named_insert_entity,2,22699,1013.265,2760.000,true
before,1,raw_delete,2,41776,464.200,1664.000,true
before,1,positional_in_expression,2,3976,5412.877,10904.000,true
before,1,named_subquery_raw,2,32529,642.445,2352.000,true
before,1,named_row_in,2,14954,1546.817,4144.000,true
before,1,raw_in_1024,2,146,113514.384,220328.000,true
before,1,raw_union_builder,2,7834,2975.670,6120.000,true
before,1,mybatis_pagination,2,16204,1630.875,3928.000,true
before,1,positional_dialect_Oracle,2,19225,1653.592,3616.000,true
before,1,mybatis_insert_entity,2,24223,1655.596,2456.000,true
before,1,mybatis_join_on,2,13871,2512.912,4192.000,true
before,1,raw_where_eq,2,16425,1514.709,2936.000,true
before,1,raw_in_16,2,7338,2683.006,5680.000,true
before,1,positional_in_16,2,24712,970.654,2736.000,true
before,1,named_update_chain_16,2,1181,18554.784,47808.000,true
before,1,named_in_16,2,8830,3464.598,7680.000,true
before,1,positional_naming_SCREAMING_SNAKE_CASE,2,4718,6389.805,6712.000,true
before,1,named_late_modifier,2,27157,813.238,2896.000,true
before,1,named_join_using,2,20223,1423.602,3680.000,true
before,1,mybatis_subquery_structured,2,9163,2217.483,5384.000,true
before,1,mybatis_between,2,16302,1582.542,3592.000,true
before,1,positional_mixed_literals,2,18174,1282.783,2976.000,true
before,1,named_where_eq,2,21251,1184.307,3272.000,true
before,1,mybatis_in_expression,2,858,28536.014,67800.000,true
before,1,mybatis_group_order,2,8077,3782.209,7088.000,true
before,1,positional_subquery_structured,2,14510,1948.828,4856.000,true
before,1,custom_handler_where,2,2911,6631.604,11424.000,true
before,1,raw_join_on,2,9940,1532.575,4016.000,true
before,1,mybatis_union_raw,2,19250,1527.662,1968.000,true
before,1,mybatis_union_builder,2,4368,5505.128,8912.000,true
before,1,raw_between,2,13618,1615.098,3432.000,true
before,1,named_batch_64,2,546,43327.656,133024.000,true
before,1,named_in_1024,2,173,134066.474,353296.000,true
before,1,raw_batch_beans,2,2125,7433.929,16792.000,true
before,1,raw_naming_UPPER_CAMEL_CASE,2,3425,6749.460,9376.000,true
before,1,named_naming_NO_CHANGE,2,4136,5630.561,9624.000,true
before,1,positional_update_chain_16,2,2509,8504.424,23168.000,true
before,1,named_naming_SCREAMING_SNAKE_CASE,2,3060,7219.706,11408.000,true
before,1,mybatis_naming_KEBAB_CASE,2,3384,7779.787,9792.000,true
before,1,raw_nested,2,13153,1793.226,3448.000,true
before,1,positional_join_on,2,14775,1553.631,3896.000,true
before,1,raw_insert_placeholders,2,27988,883.268,2096.000,true
before,1,named_batch_beans,2,2471,9408.094,26728.000,true
before,1,named_retry_rollback,2,4801,4592.627,8432.000,true
before,1,raw_in_256,2,358,22408.380,56720.000,true
before,1,named_dialect_PostgreSQL,2,15228,1484.489,4216.000,true
before,1,named_mixed_literals,2,13455,1643.069,3944.000,true
before,1,positional_retry_rollback,2,7107,3705.656,6040.000,true
before,1,raw_join_using,2,21640,1076.317,3344.000,true
before,1,raw_select_entity,2,18974,608.633,1992.000,true
before,1,positional_where_16,2,4098,4633.870,6696.000,true
before,1,positional_naming_NO_CHANGE,2,6655,3457.701,4928.000,true
before,1,positional_condition_only,2,5633,4991.443,5640.000,true
before,1,mybatis_raw_expression,2,9778,1982.808,2616.000,true
before,1,mybatis_where_16,2,3631,8424.429,9792.000,true
before,1,named_select_expressions,2,13419,2777.144,2512.000,true
before,1,raw_repeated_names,2,723,30454.495,59056.000,true
before,1,positional_select_columns,2,21860,997.996,2104.000,true
before,1,custom_handler_union,2,3672,6786.792,9368.000,true
before,1,raw_select_star,2,68165,343.043,1240.000,true
before,1,positional_update_map,2,20656,1316.513,3192.000,true
before,1,positional_between,2,20230,1156.738,3104.000,true
before,1,positional_repeated_names,2,1223,18163.205,35520.000,true
before,1,positional_raw_expression,2,19142,1337.431,2616.000,true
before,1,raw_update_chain_16,3,2286,9217.629,26256.000,true
before,1,named_where_128,3,430,54042.093,77464.000,true
before,1,raw_row_in,3,17325,1236.040,3168.000,true
before,1,raw_insert_entity,3,23994,908.577,2128.000,true
before,1,named_naming_KEBAB_CASE,3,3318,7361.483,11392.000,true
before,1,named_in_17,3,8774,2732.482,7968.000,true
before,1,mybatis_late_modifier,3,23081,948.243,2736.000,true
before,1,raw_naming_UPPER_CAMEL_CASE,3,3425,6677.489,9376.000,true
before,1,named_mixed_literals,3,13455,1748.391,3944.000,true
before,1,positional_union_builder,3,8957,3174.791,5920.000,true
before,1,mybatis_mixed_literals,3,13872,2297.650,3608.000,true
before,1,positional_row_in,3,15294,1140.212,2752.000,true
before,1,positional_mixed_literals,3,18174,1352.250,2976.000,true
before,1,named_nested,3,14809,1631.258,3816.000,true
before,1,raw_where_eq,3,16425,1235.738,2936.000,true
before,1,named_union_raw,3,19557,1458.577,1968.000,true
before,1,positional_dialect_MySQL,3,19736,1597.684,3432.000,true
before,1,positional_insert_placeholders,3,29086,1053.864,2096.000,true
before,1,positional_dialect_Oracle,3,19225,1260.588,3616.000,true
before,1,raw_subquery_raw,3,32407,697.692,2352.000,true
before,1,positional_naming_KEBAB_CASE,3,4881,4771.317,6696.000,true
before,1,named_group_order,3,7697,3280.278,7512.000,true
before,1,named_select_star,3,76822,244.836,1240.000,true
before,1,positional_in_256,3,4838,4908.805,9656.000,true
before,1,positional_batch_beans,3,1869,5659.765,11128.000,true
before,1,named_late_modifier,3,27157,1032.853,2896.000,true
before,1,positional_naming_NO_CHANGE,3,6655,3732.802,4928.000,true
before,1,mybatis_batch_4,3,7444,3622.985,8816.000,true
before,1,named_select_entity,3,35507,809.750,1992.000,true
before,1,named_subquery_raw,3,32529,798.475,2352.000,true
before,1,raw_join_on,3,9940,1612.133,4016.000,true
before,1,named_insert_entity,3,22699,980.030,2760.000,true
before,1,mybatis_condition_only,3,4014,6523.293,8728.000,true
before,1,mybatis_union_raw,3,19250,1702.629,1968.000,true
before,1,named_repeated_names,3,736,33906.929,70080.000,true
before,1,mybatis_select_entity,3,34976,690.093,1992.000,true
before,1,named_between,3,14186,1349.633,3848.000,true
before,1,raw_delete,3,41776,472.367,1664.000,true
before,1,mybatis_group_order,3,8077,2747.778,7088.000,true
before,1,raw_union_builder,3,7834,2987.618,6120.000,true
before,1,positional_join_on,3,14775,1546.599,3896.000,true
before,1,named_pagination,3,16135,1438.940,4192.000,true
before,1,raw_in_expression,3,897,21798.328,57760.000,true
before,1,raw_pagination,3,18875,1058.564,3520.000,true
before,1,positional_group_order,3,9642,2384.319,6160.000,true
before,1,mybatis_union_builder,3,4368,4519.208,8912.000,true
before,1,raw_in_16,3,7338,1918.384,5680.000,true
before,1,raw_insert_values,3,17386,986.161,2544.000,true
before,1,named_batch_beans,3,2471,8689.680,26728.000,true
before,1,mybatis_naming_UPPER_CAMEL_CASE,3,3181,6676.454,9520.000,true
before,1,named_condition_only,3,3697,6360.211,10328.000,true
before,1,named_update_chain_16,3,1181,17646.740,47808.000,true
before,1,named_join_on,3,14461,1464.532,4352.000,true
before,1,mybatis_update_map,3,10655,1979.850,4368.000,true
before,1,positional_union_raw,3,19061,1381.423,1968.000,true
before,1,positional_select_entity,3,23103,639.211,1992.000,true
before,1,mybatis_join_on,3,13871,1560.140,4192.000,true
before,1,named_naming_NO_CHANGE,3,4136,5353.578,9624.000,true
before,1,raw_join_using,3,21640,1023.595,3344.000,true
before,1,raw_batch_4,3,7628,2458.901,7424.000,true
before,1,named_in_1024,3,173,120809.249,353296.000,true
before,1,named_update_map,3,11177,1788.020,4920.000,true
before,1,positional_in_17,3,25036,1004.833,2752.000,true
before,1,named_delete,3,43163,502.609,2000.000,true
before,1,mybatis_insert_entity,3,24223,893.630,2456.000,true
before,1,raw_in_256,3,358,19723.743,56720.000,true
before,1,named_dialect_Microsoft_SQL_Server,3,13311,1771.648,4392.000,true
before,1,raw_union_raw,3,9608,1233.160,1968.000,true
before,1,positional_in_1024,3,1445,15276.263,28584.000,true
before,1,positional_raw_expression,3,19142,1217.156,2616.000,true
before,1,named_row_in,3,14954,1383.810,4144.000,true
before,1,positional_pagination,3,21380,991.478,3408.000,true
before,1,raw_derived,3,5863,3906.993,7632.000,true
before,1,positional_batch_4,3,1898,1948.209,6000.000,true
before,1,positional_select_expressions,3,13276,1767.309,2512.000,true
before,1,mybatis_where_128,3,462,51899.784,64392.000,true
before,1,raw_repeated_names,3,723,25104.564,59056.000,true
before,1,mybatis_in_1024,3,198,110810.101,256976.000,true
before,1,mybatis_where_eq,3,21703,1009.367,3112.000,true
before,1,raw_raw_expression,3,10555,1101.251,2616.000,true
before,1,mybatis_pagination,3,16204,1510.596,3928.000,true
before,1,positional_between,3,20230,1315.141,3104.000,true
before,1,named_select_columns,3,27285,981.268,2104.000,true
before,1,mybatis_naming_CAMEL_CASE,3,2632,7110.258,9504.000,true
before,1,named_retry_rollback,3,4801,4896.292,8432.000,true
before,1,mybatis_select_expressions,3,9404,1790.493,2512.000,true
before,1,mybatis_naming_SCREAMING_SNAKE_CASE,3,3600,6407.222,9808.000,true
before,1,named_dialect_MySQL,3,15890,1646.803,4216.000,true
before,1,raw_naming_CAMEL_CASE,3,3349,6023.470,9360.000,true
before,1,named_insert_values,3,19731,1298.206,3176.000,true
before,1,mybatis_select_star,3,85296,243.367,1240.000,true
before,1,raw_between,3,13618,1281.671,3432.000,true
before,1,positional_dialect_DB2,3,20365,1108.583,3616.000,true
before,1,positional_retry_rollback,3,7107,3069.059,6040.000,true
before,1,named_where_16,3,3395,6658.940,11392.000,true
before,1,named_batch_64,3,546,39122.344,133024.000,true
before,1,mybatis_retry_rollback,3,3508,4156.984,7736.000,true
before,1,mybatis_in_16,3,10656,2060.069,6208.000,true
before,1,mybatis_batch_64,3,641,35042.902,117008.000,true
before,1,mybatis_between,3,16302,1522.948,3592.000,true
before,1,raw_insert_placeholders,3,27988,855.945,2096.000,true
before,1,named_in_expression,3,718,34889.833,91824.000,true
before,1,mybatis_in_17,3,10007,2403.268,6424.000,true
before,1,raw_where_128,3,329,48157.751,62680.000,true
before,1,positional_nested,3,17757,1269.409,3120.000,true
before,1,positional_where_eq,3,19255,916.011,2816.000,true
before,1,positional_delete,3,59713,391.169,1544.000,true
before,1,raw_naming_KEBAB_CASE,3,3948,6007.270,9648.000,true
before,1,positional_naming_CAMEL_CASE,3,4465,5036.036,6408.000,true
before,1,raw_retry_rollback,3,5520,4268.152,6400.000,true
before,1,positional_subquery_structured,3,14510,1580.248,4856.000,true
before,1,mybatis_row_in,3,16242,1441.442,3736.000,true
before,1,raw_nested,3,13153,1583.890,3448.000,true
before,1,raw_select_star,3,68165,252.781,1240.000,true
before,1,raw_in_1024,3,146,81147.260,220328.000,true
before,1,positional_subquery_raw,3,29340,702.812,2352.000,true
before,1,raw_mixed_literals,3,10681,1889.205,3368.000,true
before,1,named_insert_placeholders,3,10403,1259.223,3040.000,true
before,1,raw_update_map,3,14621,1361.706,3712.000,true
before,1,raw_condition_only,3,4157,4693.649,8584.000,true
before,1,named_in_16,3,8830,2220.340,7680.000,true
before,1,mybatis_raw_expression,3,9778,992.207,2616.000,true
before,1,positional_insert_values,3,27936,765.328,2232.000,true
before,1,mybatis_batch_beans,3,2620,7736.069,22744.000,true
before,1,positional_dialect_Microsoft_SQL_Server,3,17562,1282.633,3616.000,true
before,1,raw_batch_beans,3,2125,6165.976,16792.000,true
before,1,custom_handler_union,3,3672,4679.439,9368.000,true
before,1,raw_batch_64,3,628,24981.051,92384.000,true
before,1,named_in_256,3,735,27731.020,90792.000,true
before,1,positional_update_chain_16,3,2509,6474.213,23168.000,true
before,1,named_where_eq,3,21251,983.046,3272.000,true
before,1,raw_naming_SCREAMING_SNAKE_CASE,3,3891,5747.057,9664.000,true
before,1,mybatis_naming_KEBAB_CASE,3,3384,6273.966,9792.000,true
before,1,raw_in_17,3,4402,1791.209,5896.000,true
before,1,raw_select_entity,3,18974,592.289,1992.000,true
before,1,positional_in_16,3,24712,831.029,2736.000,true
before,1,raw_late_modifier,3,27898,766.295,2560.000,true
before,1,raw_select_columns,3,12338,834.803,2104.000,true
before,1,positional_condition_only,3,5633,3547.719,5640.000,true
before,1,positional_in_expression,3,3976,5196.278,10904.000,true
before,1,mybatis_update_chain_16,3,1429,15085.374,40744.000,true
before,1,named_dialect_Oracle,3,15143,1500.878,4392.000,true
before,1,positional_dialect_PostgreSQL,3,19255,1105.240,3432.000,true
before,1,raw_where_16,3,2039,5353.997,9648.000,true
before,1,named_dialect_PostgreSQL,3,15228,1438.508,4216.000,true
before,1,positional_select_star,3,91002,219.125,1240.000,true
before,1,mybatis_subquery_raw,3,25105,630.990,2352.000,true
before,1,named_derived,3,4731,4648.785,9536.000,true
before,1,mybatis_in_expression,3,858,25504.312,67800.000,true
before,1,named_naming_CAMEL_CASE,3,2848,7152.212,11104.000,true
before,1,positional_insert_entity,3,36777,641.197,1816.000,true
before,1,mybatis_delete,3,46827,435.488,1848.000,true
before,1,mybatis_insert_values,3,19234,1125.257,2872.000,true
before,1,positional_naming_SCREAMING_SNAKE_CASE,3,4718,4180.500,6712.000,true
before,1,mybatis_where_16,3,3631,5851.033,9792.000,true
before,1,named_raw_expression,3,19994,1093.338,2616.000,true
before,1,named_naming_SCREAMING_SNAKE_CASE,3,3060,6149.412,11408.000,true
before,1,named_naming_UPPER_CAMEL_CASE,3,3062,6925.767,11120.000,true
before,1,mybatis_derived,3,3968,4268.826,9456.000,true
before,1,positional_repeated_names,3,1223,15831.971,35520.000,true
before,1,positional_select_columns,3,21860,836.418,2104.000,true
before,1,raw_select_expressions,3,9184,1647.049,2512.000,true
before,1,mybatis_in_256,3,861,27062.718,66696.000,true
before,1,mybatis_select_columns,3,27179,930.089,2104.000,true
before,1,mybatis_repeated_names,3,853,25304.924,58032.000,true
before,1,named_union_builder,3,4710,4430.743,8912.000,true
before,1,mybatis_join_using,3,20544,1026.504,3520.000,true
before,1,custom_handler_where,3,2911,6711.233,11424.000,true
before,1,mybatis_naming_NO_CHANGE,3,4422,4892.379,8024.000,true
before,1,positional_batch_64,3,936,17962.286,70288.000,true
before,1,named_dialect_DB2,3,13314,1439.380,4392.000,true
before,1,positional_update_map,3,20656,1113.478,3192.000,true
before,1,mybatis_nested,3,15173,1379.094,3584.000,true
before,1,mybatis_insert_placeholders,3,21082,1202.414,2736.000,true
before,1,named_subquery_structured,3,11806,1942.605,5640.000,true
before,1,raw_naming_NO_CHANGE,3,5118,4147.050,7880.000,true
before,1,raw_subquery_structured,3,15285,1356.644,4720.000,true
before,1,positional_where_128,3,625,34149.600,38992.000,true
before,1,positional_where_16,3,4098,4309.932,6696.000,true
before,1,positional_derived,3,5292,4056.217,7464.000,true
before,1,positional_join_using,3,22702,963.201,3224.000,true
before,1,positional_late_modifier,3,29523,745.256,2440.000,true
before,1,named_batch_4,3,7183,3156.286,9768.000,true
before,1,raw_group_order,3,8436,2547.238,6256.000,true
before,1,named_join_using,3,20223,1147.842,3680.000,true
before,1,named_select_expressions,3,13419,1796.065,2512.000,true
before,1,positional_naming_UPPER_CAMEL_CASE,3,4116,6757.313,6424.000,true
before,1,mybatis_subquery_structured,3,9163,1881.240,5384.000,true
before,1,raw_batch_beans,4,2125,7313.835,16792.000,true
before,1,mybatis_subquery_structured,4,9163,1708.764,5384.000,true
before,1,named_insert_placeholders,4,10403,1110.430,3040.000,true
before,1,positional_pagination,4,21380,1120.253,3408.000,true
before,1,mybatis_batch_beans,4,2620,8016.908,22744.000,true
before,1,named_nested,4,14809,1725.424,3816.000,true
before,1,raw_update_chain_16,4,2286,8757.480,26256.000,true
before,1,mybatis_union_builder,4,4368,4398.718,8912.000,true
before,1,raw_in_256,4,358,20487.709,56720.000,true
before,1,positional_select_expressions,4,13276,1597.906,2512.000,true
before,1,custom_handler_where,4,2911,7441.704,11424.000,true
before,1,positional_dialect_MySQL,4,19736,1010.838,3432.000,true
before,1,named_delete,4,43163,488.092,2000.000,true
before,1,mybatis_subquery_raw,4,25105,594.443,2352.000,true
before,1,positional_subquery_raw,4,29340,639.956,2352.000,true
before,1,mybatis_raw_expression,4,9778,994.651,2616.000,true
before,1,positional_dialect_Oracle,4,19225,1072.749,3616.000,true
before,1,named_where_eq,4,21251,977.940,3272.000,true
before,1,raw_in_17,4,4402,1908.860,5896.000,true
before,1,mybatis_select_star,4,85296,232.897,1240.000,true
before,1,raw_raw_expression,4,10555,979.299,2616.000,true
before,1,raw_insert_placeholders,4,27988,721.023,2096.000,true
before,1,raw_naming_UPPER_CAMEL_CASE,4,3425,7921.314,9376.000,true
before,1,mybatis_insert_placeholders,4,21082,1187.316,2736.000,true
before,1,mybatis_where_16,4,3631,6657.422,9792.000,true
before,1,named_select_star,4,76822,247.348,1240.000,true
before,1,mybatis_in_16,4,10656,2770.852,6208.000,true
before,1,raw_derived,4,5863,4709.244,7632.000,true
before,1,named_in_1024,4,173,134677.457,353296.000,true
before,1,raw_naming_KEBAB_CASE,4,3948,6263.779,9648.000,true
before,1,positional_row_in,4,15294,977.553,2752.000,true
before,1,positional_delete,4,59713,423.067,1544.000,true
before,1,positional_in_17,4,25036,1203.878,2752.000,true
before,1,raw_insert_values,4,17386,1376.389,2544.000,true
before,1,named_naming_SCREAMING_SNAKE_CASE,4,3060,7700.752,11408.000,true
before,1,mybatis_batch_64,4,641,39217.317,117008.000,true
before,1,named_batch_4,4,7183,3916.553,9768.000,true
before,1,named_mixed_literals,4,13455,2147.350,3944.000,true
before,1,positional_where_128,4,625,35614.240,38992.000,true
before,1,named_where_128,4,430,56496.977,77464.000,true
before,1,raw_select_entity,4,18974,981.801,1992.000,true
before,1,named_join_using,4,20223,1492.598,3680.000,true
before,1,raw_select_columns,4,12338,949.117,2104.000,true
before,1,positional_union_builder,4,8957,3149.726,5920.000,true
before,1,raw_join_on,4,9940,1881.821,4016.000,true
before,1,raw_naming_CAMEL_CASE,4,3349,7000.000,9360.000,true
before,1,raw_subquery_raw,4,32407,749.502,2352.000,true
before,1,raw_union_raw,4,9608,1816.663,1968.000,true
before,1,mybatis_delete,4,46827,724.819,1848.000,true
before,1,mybatis_in_expression,4,858,36444.289,67800.000,true
before,1,raw_union_builder,4,7834,2854.174,6120.000,true
before,1,positional_insert_placeholders,4,29086,763.677,2096.000,true
before,1,positional_in_256,4,4838,5105.023,9656.000,true
before,1,mybatis_repeated_names,4,853,32562.016,58032.000,true
before,1,mybatis_where_eq,4,21703,1302.096,3112.000,true
before,1,raw_update_map,4,14621,1460.037,3712.000,true
before,1,raw_row_in,4,17325,1195.053,3168.000,true
before,1,mybatis_select_expressions,4,9404,1553.849,2512.000,true
before,1,mybatis_nested,4,15173,1381.309,3584.000,true
before,1,positional_naming_CAMEL_CASE,4,4465,4516.842,6408.000,true
before,1,positional_naming_SCREAMING_SNAKE_CASE,4,4718,4017.465,6712.000,true
before,1,positional_group_order,4,9642,2248.870,6160.000,true
before,1,positional_between,4,20230,1047.281,3104.000,true
before,1,mybatis_naming_KEBAB_CASE,4,3384,5651.625,9792.000,true
before,1,positional_mixed_literals,4,18174,1167.866,2976.000,true
before,1,positional_condition_only,4,5633,3531.653,5640.000,true
before,1,named_in_16,4,8830,2246.863,7680.000,true
before,1,mybatis_in_17,4,10007,2079.554,6424.000,true
before,1,mybatis_select_columns,4,27179,772.030,2104.000,true
before,1,mybatis_derived,4,3968,4417.213,9456.000,true
before,1,positional_late_modifier,4,29523,630.366,2440.000,true
before,1,positional_derived,4,5292,3758.371,7464.000,true
before,1,raw_subquery_structured,4,15285,1275.741,4720.000,true
before,1,positional_where_eq,4,19255,795.648,2816.000,true
before,1,named_select_entity,4,35507,626.837,1992.000,true
before,1,named_batch_beans,4,2471,8904.937,26728.000,true
before,1,named_in_256,4,735,27675.510,90792.000,true
before,1,raw_nested,4,13153,1423.021,3448.000,true
before,1,named_between,4,14186,1326.554,3848.000,true
before,1,raw_condition_only,4,4157,4881.501,8584.000,true
before,1,named_update_chain_16,4,1181,15750.042,47808.000,true
before,1,raw_in_1024,4,146,80004.110,220328.000,true
before,1,positional_nested,4,17757,1114.648,3120.000,true
before,1,raw_select_star,4,68165,234.305,1240.000,true
before,1,named_insert_entity,4,22699,849.103,2760.000,true
before,1,raw_insert_entity,4,23994,813.778,2128.000,true
before,1,mybatis_insert_values,4,19234,1101.196,2872.000,true
before,1,positional_naming_UPPER_CAMEL_CASE,4,4116,4478.839,6424.000,true
before,1,positional_select_star,4,91002,253.723,1240.000,true
before,1,named_row_in,4,14954,1316.705,4144.000,true
before,1,raw_group_order,4,8436,2337.399,6256.000,true
before,1,raw_pagination,4,18875,1090.914,3520.000,true
before,1,raw_delete,4,41776,446.783,1664.000,true
before,1,mybatis_row_in,4,16242,1310.344,3736.000,true
before,1,positional_batch_64,4,936,18992.094,70288.000,true
before,1,mybatis_mixed_literals,4,13872,1473.767,3608.000,true
before,1,mybatis_batch_4,4,7444,2869.815,8816.000,true
before,1,named_where_16,4,3395,5942.415,11392.000,true
before,1,positional_select_columns,4,21860,805.361,2104.000,true
before,1,mybatis_join_using,4,20544,987.719,3520.000,true
before,1,named_select_expressions,4,13419,1484.082,2512.000,true
before,1,mybatis_naming_UPPER_CAMEL_CASE,4,3181,6525.589,9520.000,true
before,1,named_batch_64,4,546,37596.886,133024.000,true
before,1,named_union_builder,4,4710,4201.550,8912.000,true
before,1,named_subquery_structured,4,11806,1745.485,5640.000,true
before,1,mybatis_naming_NO_CHANGE,4,4422,4524.582,8024.000,true
before,1,mybatis_between,4,16302,1328.463,3592.000,true
before,1,named_derived,4,4731,5024.287,9536.000,true
before,1,named_naming_CAMEL_CASE,4,2848,6305.126,11104.000,true
before,1,positional_where_16,4,4098,4268.350,6696.000,true
before,1,positional_repeated_names,4,1223,15506.705,35520.000,true
before,1,positional_update_map,4,20656,1073.765,3192.000,true
before,1,named_pagination,4,16135,1278.488,4192.000,true
before,1,named_condition_only,4,3697,5592.210,10328.000,true
before,1,raw_select_expressions,4,9184,1608.645,2512.000,true
before,1,raw_where_16,4,2039,5330.211,9648.000,true
before,1,named_repeated_names,4,736,26429.891,70080.000,true
before,1,positional_join_using,4,22702,990.309,3224.000,true
before,1,positional_raw_expression,4,19142,1126.053,2616.000,true
before,1,named_group_order,4,7697,3000.896,7512.000,true
before,1,mybatis_select_entity,4,34976,578.497,1992.000,true
before,1,positional_in_expression,4,3976,5121.806,10904.000,true
before,1,named_dialect_PostgreSQL,4,15228,1363.219,4216.000,true
before,1,mybatis_naming_CAMEL_CASE,4,2632,5993.769,9504.000,true
before,1,raw_naming_NO_CHANGE,4,5118,4316.354,7880.000,true
before,1,mybatis_update_chain_16,4,1429,14666.200,40744.000,true
before,1,named_in_expression,4,718,28909.749,91824.000,true
before,1,named_join_on,4,14461,1441.754,4352.000,true
before,1,mybatis_pagination,4,16204,1203.357,3928.000,true
before,1,positional_retry_rollback,4,7107,2953.089,6040.000,true
before,1,mybatis_where_128,4,462,44673.377,64392.000,true
before,1,raw_in_16,4,7338,1573.794,5680.000,true
before,1,named_update_map,4,11177,1840.073,4920.000,true
before,1,mybatis_in_256,4,861,24122.300,66696.000,true
before,1,positional_insert_values,4,27936,831.697,2232.000,true
before,1,raw_where_128,4,329,38697.264,62680.000,true
before,1,named_naming_UPPER_CAMEL_CASE,4,3062,6648.563,11120.000,true
before,1,raw_repeated_names,4,723,22599.585,59056.000,true
before,1,raw_late_modifier,4,27898,736.469,2560.000,true
before,1,positional_batch_beans,4,1869,4589.567,11128.000,true
before,1,custom_handler_union,4,3672,4762.854,9368.000,true
before,1,raw_between,4,13618,1217.594,3432.000,true
before,1,named_union_raw,4,19557,1174.367,1968.000,true
before,1,positional_dialect_Microsoft_SQL_Server,4,17562,1212.049,3616.000,true
before,1,raw_where_eq,4,16425,962.886,2936.000,true
before,1,mybatis_union_raw,4,19250,1111.735,1968.000,true
before,1,raw_mixed_literals,4,10681,1487.782,3368.000,true
before,1,raw_retry_rollback,4,5520,3167.500,6400.000,true
before,1,positional_naming_KEBAB_CASE,4,4881,4506.085,6696.000,true
before,1,positional_batch_4,4,1898,1699.052,6000.000,true
before,1,named_dialect_Oracle,4,15143,1385.373,4392.000,true
before,1,mybatis_late_modifier,4,23081,783.259,2736.000,true
before,1,raw_in_expression,4,897,17992.196,57760.000,true
before,1,positional_dialect_DB2,4,20365,1014.402,3616.000,true
before,1,named_dialect_Microsoft_SQL_Server,4,13311,1586.507,4392.000,true
before,1,named_subquery_raw,4,32529,600.596,2352.000,true
before,1,named_naming_NO_CHANGE,4,4136,4895.600,9624.000,true
before,1,positional_in_1024,4,1445,15147.405,28584.000,true
before,1,mybatis_naming_SCREAMING_SNAKE_CASE,4,3600,5890.750,9808.000,true
before,1,raw_join_using,4,21640,971.446,3344.000,true
before,1,positional_in_16,4,24712,789.556,2736.000,true
before,1,raw_batch_64,4,628,26527.548,92384.000,true
before,1,named_in_17,4,8774,2308.901,7968.000,true
before,1,positional_naming_NO_CHANGE,4,6655,3082.194,4928.000,true
before,1,named_dialect_DB2,4,13314,1356.707,4392.000,true
before,1,positional_update_chain_16,4,2509,6466.800,23168.000,true
before,1,raw_naming_SCREAMING_SNAKE_CASE,4,3891,5100.771,9664.000,true
before,1,mybatis_condition_only,4,4014,5361.136,8728.000,true
before,1,positional_insert_entity,4,36777,599.054,1816.000,true
before,1,mybatis_join_on,4,13871,1520.035,4192.000,true
before,1,mybatis_in_1024,4,198,99930.303,256976.000,true
before,1,positional_join_on,4,14775,1353.665,3896.000,true
before,1,mybatis_group_order,4,8077,2773.765,7088.000,true
before,1,named_raw_expression,4,19994,1002.731,2616.000,true
before,1,named_insert_values,4,19731,1101.622,3176.000,true
before,1,mybatis_retry_rollback,4,3508,4143.985,7736.000,true
before,1,named_late_modifier,4,27157,784.873,2896.000,true
before,1,named_select_columns,4,27285,831.581,2104.000,true
before,1,raw_batch_4,4,7628,2423.086,7424.000,true
before,1,positional_select_entity,4,23103,564.901,1992.000,true
before,1,named_retry_rollback,4,4801,4639.200,8432.000,true
before,1,positional_subquery_structured,4,14510,1353.081,4856.000,true
before,1,mybatis_insert_entity,4,24223,860.067,2456.000,true
before,1,positional_dialect_PostgreSQL,4,19255,1039.688,3432.000,true
before,1,named_naming_KEBAB_CASE,4,3318,6693.400,11392.000,true
before,1,positional_union_raw,4,19061,1074.723,1968.000,true
before,1,mybatis_update_map,4,10655,1807.508,4368.000,true
before,1,named_dialect_MySQL,4,15890,1348.559,4216.000,true
before,1,positional_dialect_Microsoft_SQL_Server,5,17562,1198.075,3616.000,true
before,1,named_update_chain_16,5,1181,16512.616,47808.000,true
before,1,named_subquery_raw,5,32529,710.114,2352.000,true
before,1,positional_retry_rollback,5,7107,3348.389,6040.000,true
before,1,positional_nested,5,17757,1109.900,3120.000,true
before,1,mybatis_union_raw,5,19250,1159.283,1968.000,true
before,1,mybatis_in_17,5,10007,2046.018,6424.000,true
before,1,raw_naming_UPPER_CAMEL_CASE,5,3425,5594.102,9376.000,true
before,1,raw_subquery_structured,5,15285,1272.941,4720.000,true
before,1,raw_union_raw,5,9608,1197.814,1968.000,true
before,1,raw_update_chain_16,5,2286,8155.818,26256.000,true
before,1,named_select_expressions,5,13419,1551.695,2512.000,true
before,1,named_batch_64,5,546,37605.128,133024.000,true
before,1,mybatis_pagination,5,16204,1258.418,3928.000,true
before,1,named_insert_values,5,19731,1090.016,3176.000,true
before,1,named_condition_only,5,3697,5491.750,10328.000,true
before,1,raw_subquery_raw,5,32407,616.237,2352.000,true
before,1,named_retry_rollback,5,4801,4534.868,8432.000,true
before,1,raw_row_in,5,17325,1112.081,3168.000,true
before,1,named_where_eq,5,21251,992.198,3272.000,true
before,1,positional_in_1024,5,1445,14420.208,28584.000,true
before,1,positional_dialect_PostgreSQL,5,19255,1105.095,3432.000,true
before,1,raw_in_256,5,358,17652.793,56720.000,true
before,1,mybatis_select_columns,5,27179,820.188,2104.000,true
before,1,named_update_map,5,11177,1825.857,4920.000,true
before,1,named_insert_placeholders,5,10403,992.416,3040.000,true
before,1,named_repeated_names,5,736,28946.739,70080.000,true
before,1,mybatis_naming_CAMEL_CASE,5,2632,6012.500,9504.000,true
before,1,mybatis_derived,5,3968,4355.822,9456.000,true
before,1,positional_insert_entity,5,36777,606.983,1816.000,true
before,1,mybatis_condition_only,5,4014,5449.950,8728.000,true
before,1,named_select_star,5,76822,234.387,1240.000,true
before,1,raw_mixed_literals,5,10681,1392.875,3368.000,true
before,1,raw_join_using,5,21640,978.304,3344.000,true
before,1,positional_repeated_names,5,1223,15375.552,35520.000,true
before,1,positional_naming_KEBAB_CASE,5,4881,4283.938,6696.000,true
before,1,named_dialect_MySQL,5,15890,1380.673,4216.000,true
before,1,mybatis_mixed_literals,5,13872,1434.840,3608.000,true
before,1,positional_mixed_literals,5,18174,1077.220,2976.000,true
before,1,mybatis_subquery_raw,5,25105,609.158,2352.000,true
before,1,positional_between,5,20230,1010.880,3104.000,true
before,1,mybatis_subquery_structured,5,9163,1589.927,5384.000,true
before,1,mybatis_between,5,16302,1364.833,3592.000,true
before,1,positional_batch_64,5,936,18464.957,70288.000,true
before,1,positional_condition_only,5,5633,3724.729,5640.000,true
before,1,mybatis_insert_placeholders,5,21082,955.313,2736.000,true
before,1,mybatis_in_expression,5,858,24472.378,67800.000,true
before,1,mybatis_update_map,5,10655,1731.412,4368.000,true
before,1,named_union_builder,5,4710,4291.635,8912.000,true
before,1,raw_union_builder,5,7834,2514.258,6120.000,true
before,1,named_select_entity,5,35507,585.823,1992.000,true
before,1,named_between,5,14186,1251.544,3848.000,true
before,1,raw_insert_values,5,17386,1025.141,2544.000,true
before,1,positional_select_columns,5,21860,1006.395,2104.000,true
before,1,raw_in_expression,5,897,18247.046,57760.000,true
before,1,positional_dialect_MySQL,5,19736,1007.833,3432.000,true
before,1,mybatis_naming_UPPER_CAMEL_CASE,5,3181,6009.777,9520.000,true
before,1,positional_subquery_structured,5,14510,1380.765,4856.000,true
before,1,named_join_on,5,14461,1493.099,4352.000,true
before,1,named_pagination,5,16135,1300.397,4192.000,true
before,1,positional_dialect_DB2,5,20365,1020.506,3616.000,true
before,1,positional_insert_values,5,27936,789.784,2232.000,true
before,1,custom_handler_where,5,2911,5871.144,11424.000,true
before,1,raw_late_modifier,5,27898,740.992,2560.000,true
before,1,mybatis_where_16,5,3631,5875.406,9792.000,true
before,1,mybatis_naming_NO_CHANGE,5,4422,4714.292,8024.000,true
before,1,raw_naming_NO_CHANGE,5,5118,4122.606,7880.000,true
before,1,mybatis_join_using,5,20544,908.509,3520.000,true
before,1,positional_in_256,5,4838,4386.585,9656.000,true
before,1,positional_select_star,5,91002,226.310,1240.000,true
before,1,named_in_expression,5,718,29410.306,91824.000,true
before,1,named_dialect_PostgreSQL,5,15228,1358.681,4216.000,true
before,1,raw_nested,5,13153,1347.419,3448.000,true
before,1,raw_in_1024,5,146,73451.370,220328.000,true
before,1,named_in_256,5,735,28231.701,90792.000,true
before,1,positional_select_expressions,5,13276,1512.511,2512.000,true
before,1,raw_derived,5,5863,3696.384,7632.000,true
before,1,named_dialect_Microsoft_SQL_Server,5,13311,1599.331,4392.000,true
before,1,positional_join_on,5,14775,1293.679,3896.000,true
before,1,raw_insert_placeholders,5,27988,694.319,2096.000,true
before,1,positional_in_expression,5,3976,5276.484,10904.000,true
before,1,mybatis_naming_KEBAB_CASE,5,3384,5958.452,9792.000,true
before,1,mybatis_raw_expression,5,9778,968.296,2616.000,true
before,1,raw_condition_only,5,4157,4776.233,8584.000,true
before,1,raw_select_entity,5,18974,572.004,1992.000,true
before,1,positional_where_16,5,4098,4305.808,6696.000,true
before,1,positional_batch_beans,5,1869,6052.755,11128.000,true
before,1,mybatis_nested,5,15173,1336.473,3584.000,true
before,1,positional_late_modifier,5,29523,639.251,2440.000,true
before,1,named_where_128,5,430,45995.116,77464.000,true
before,1,positional_where_128,5,625,30361.600,38992.000,true
before,1,positional_update_map,5,20656,1065.284,3192.000,true
before,1,raw_group_order,5,8436,2242.544,6256.000,true
before,1,raw_naming_CAMEL_CASE,5,3349,5617.020,9360.000,true
before,1,mybatis_in_1024,5,198,115628.283,256976.000,true
before,1,custom_handler_union,5,3672,4648.203,9368.000,true
before,1,named_batch_beans,5,2471,9309.227,26728.000,true
before,1,named_insert_entity,5,22699,890.819,2760.000,true
before,1,mybatis_select_expressions,5,9404,1540.313,2512.000,true
before,1,positional_union_builder,5,8957,2384.180,5920.000,true
before,1,named_select_columns,5,27285,790.793,2104.000,true
before,1,raw_naming_SCREAMING_SNAKE_CASE,5,3891,5289.489,9664.000,true
before,1,positional_join_using,5,22702,897.872,3224.000,true
before,1,named_group_order,5,7697,2929.882,7512.000,true
before,1,named_mixed_literals,5,13455,1795.124,3944.000,true
before,1,named_in_1024,5,173,138490.173,353296.000,true
before,1,raw_in_16,5,7338,2045.993,5680.000,true
before,1,positional_derived,5,5292,3475.094,7464.000,true
before,1,raw_retry_rollback,5,5520,3275.036,6400.000,true
before,1,raw_where_16,5,2039,4928.004,9648.000,true
before,1,mybatis_late_modifier,5,23081,765.838,2736.000,true
before,1,named_in_17,5,8774,2124.253,7968.000,true
before,1,raw_join_on,5,9940,1429.799,4016.000,true
before,1,named_where_16,5,3395,6381.325,11392.000,true
before,1,raw_select_star,5,68165,218.666,1240.000,true
before,1,positional_naming_UPPER_CAMEL_CASE,5,4116,4737.464,6424.000,true
before,1,raw_select_expressions,5,9184,1475.229,2512.000,true
before,1,mybatis_join_on,5,13871,1469.397,4192.000,true
before,1,raw_select_columns,5,12338,855.366,2104.000,true
before,1,mybatis_row_in,5,16242,1284.189,3736.000,true
before,1,positional_naming_NO_CHANGE,5,6655,3115.432,4928.000,true
before,1,mybatis_retry_rollback,5,3508,4821.608,7736.000,true
before,1,raw_in_17,5,4402,1698.092,5896.000,true
before,1,mybatis_select_star,5,85296,278.122,1240.000,true
before,1,positional_batch_4,5,1898,1753.846,6000.000,true
before,1,mybatis_select_entity,5,34976,580.687,1992.000,true
before,1,raw_naming_KEBAB_CASE,5,3948,5316.489,9648.000,true
before,1,mybatis_insert_entity,5,24223,895.244,2456.000,true
before,1,positional_dialect_Oracle,5,19225,1063.267,3616.000,true
before,1,mybatis_where_128,5,462,43164.935,64392.000,true
before,1,positional_row_in,5,15294,949.425,2752.000,true
before,1,named_naming_CAMEL_CASE,5,2848,6345.435,11104.000,true
before,1,raw_delete,5,41776,458.672,1664.000,true
before,1,raw_batch_beans,5,2125,7809.835,16792.000,true
before,1,mybatis_where_eq,5,21703,886.859,3112.000,true
before,1,mybatis_batch_64,5,641,34214.509,117008.000,true
before,1,raw_repeated_names,5,723,23526.694,59056.000,true
before,1,positional_update_chain_16,5,2509,6383.300,23168.000,true
before,1,mybatis_in_256,5,861,22955.285,66696.000,true
before,1,mybatis_batch_beans,5,2620,7590.878,22744.000,true
before,1,named_delete,5,43163,485.038,2000.000,true
before,1,mybatis_in_16,5,10656,2067.990,6208.000,true
before,1,mybatis_batch_4,5,7444,2855.776,8816.000,true
before,1,positional_naming_SCREAMING_SNAKE_CASE,5,4718,4199.555,6712.000,true
before,1,mybatis_naming_SCREAMING_SNAKE_CASE,5,3600,6067.361,9808.000,true
before,1,named_dialect_DB2,5,13314,1380.194,4392.000,true
before,1,raw_batch_4,5,7628,2361.156,7424.000,true
before,1,positional_union_raw,5,19061,1148.906,1968.000,true
before,1,raw_raw_expression,5,10555,1048.347,2616.000,true
before,1,mybatis_group_order,5,8077,2827.498,7088.000,true
before,1,positional_in_16,5,24712,816.138,2736.000,true
before,1,named_subquery_structured,5,11806,1775.428,5640.000,true
before,1,named_in_16,5,8830,2015.357,7680.000,true
before,1,named_join_using,5,20223,990.704,3680.000,true
before,1,mybatis_repeated_names,5,853,24820.047,58032.000,true
before,1,named_raw_expression,5,19994,1008.543,2616.000,true
before,1,named_late_modifier,5,27157,752.447,2896.000,true
before,1,positional_raw_expression,5,19142,970.682,2616.000,true
before,1,raw_insert_entity,5,23994,810.248,2128.000,true
before,1,positional_naming_CAMEL_CASE,5,4465,4456.797,6408.000,true
before,1,raw_update_map,5,14621,1313.959,3712.000,true
before,1,named_derived,5,4731,4410.970,9536.000,true
before,1,positional_subquery_raw,5,29340,633.105,2352.000,true
before,1,named_nested,5,14809,1441.144,3816.000,true
before,1,mybatis_delete,5,46827,485.921,1848.000,true
before,1,named_naming_SCREAMING_SNAKE_CASE,5,3060,7409.902,11408.000,true
before,1,named_naming_UPPER_CAMEL_CASE,5,3062,7985.304,11120.000,true
before,1,raw_where_128,5,329,37770.213,62680.000,true
before,1,raw_between,5,13618,1283.213,3432.000,true
before,1,named_naming_KEBAB_CASE,5,3318,6023.629,11392.000,true
before,1,raw_batch_64,5,628,25683.439,92384.000,true
before,1,mybatis_insert_values,5,19234,1092.461,2872.000,true
before,1,positional_in_17,5,25036,816.732,2752.000,true
before,1,positional_group_order,5,9642,2361.201,6160.000,true
before,1,positional_where_eq,5,19255,792.880,2816.000,true
before,1,raw_pagination,5,18875,1027.629,3520.000,true
before,1,positional_delete,5,59713,364.951,1544.000,true
before,1,positional_pagination,5,21380,970.978,3408.000,true
before,1,named_union_raw,5,19557,1183.351,1968.000,true
before,1,mybatis_update_chain_16,5,1429,13284.605,40744.000,true
before,1,named_batch_4,5,7183,3097.299,9768.000,true
before,1,named_dialect_Oracle,5,15143,1382.804,4392.000,true
before,1,named_row_in,5,14954,1346.416,4144.000,true
before,1,raw_where_eq,5,16425,969.145,2936.000,true
before,1,mybatis_union_builder,5,4368,4075.687,8912.000,true
before,1,positional_insert_placeholders,5,29086,671.546,2096.000,true
before,1,positional_select_entity,5,23103,540.990,1992.000,true
before,1,named_naming_NO_CHANGE,5,4136,5041.731,9624.000,true
before,1,raw_in_256,6,358,17290.503,56720.000,true
before,1,mybatis_naming_CAMEL_CASE,6,2632,6104.977,9504.000,true
before,1,named_condition_only,6,3697,5843.603,10328.000,true
before,1,named_in_1024,6,173,130974.566,353296.000,true
before,1,mybatis_union_builder,6,4368,4179.350,8912.000,true
before,1,positional_row_in,6,15294,931.248,2752.000,true
before,1,positional_where_128,6,625,31013.920,38992.000,true
before,1,mybatis_nested,6,15173,1328.709,3584.000,true
before,1,mybatis_retry_rollback,6,3508,3659.236,7736.000,true
before,1,positional_dialect_MySQL,6,19736,987.961,3432.000,true
before,1,positional_select_entity,6,23103,583.210,1992.000,true
before,1,raw_batch_4,6,7628,2328.920,7424.000,true
before,1,mybatis_naming_UPPER_CAMEL_CASE,6,3181,6562.025,9520.000,true
before,1,positional_insert_placeholders,6,29086,647.628,2096.000,true
before,1,positional_in_expression,6,3976,5428.119,10904.000,true
before,1,mybatis_pagination,6,16204,1216.514,3928.000,true
before,1,named_in_16,6,8830,2302.899,7680.000,true
before,1,raw_pagination,6,18875,1052.254,3520.000,true
before,1,raw_batch_64,6,628,23746.815,92384.000,true
before,1,positional_where_eq,6,19255,882.571,2816.000,true
before,1,positional_naming_UPPER_CAMEL_CASE,6,4116,4540.622,6424.000,true
before,1,raw_derived,6,5863,3767.866,7632.000,true
before,1,named_row_in,6,14954,1432.774,4144.000,true
before,1,positional_subquery_raw,6,29340,639.557,2352.000,true
before,1,positional_delete,6,59713,361.327,1544.000,true
before,1,raw_subquery_structured,6,15285,1284.436,4720.000,true
before,1,positional_dialect_Oracle,6,19225,1056.291,3616.000,true
before,1,positional_in_256,6,4838,4344.977,9656.000,true
before,1,mybatis_delete,6,46827,455.983,1848.000,true
before,1,positional_select_expressions,6,13276,1517.603,2512.000,true
before,1,named_between,6,14186,1291.386,3848.000,true
before,1,named_join_on,6,14461,1583.666,4352.000,true
before,1,named_dialect_PostgreSQL,6,15228,1600.709,4216.000,true
before,1,mybatis_group_order,6,8077,2835.991,7088.000,true
before,1,positional_dialect_DB2,6,20365,1151.839,3616.000,true
before,1,positional_mixed_literals,6,18174,1083.696,2976.000,true
before,1,mybatis_insert_entity,6,24223,877.472,2456.000,true
before,1,raw_join_on,6,9940,1517.968,4016.000,true
before,1,mybatis_update_map,6,10655,1605.293,4368.000,true
before,1,raw_naming_SCREAMING_SNAKE_CASE,6,3891,5275.173,9664.000,true
before,1,mybatis_condition_only,6,4014,5323.144,8728.000,true
before,1,named_union_builder,6,4710,4650.828,8912.000,true
before,1,mybatis_update_chain_16,6,1429,14354.864,40744.000,true
before,1,positional_naming_CAMEL_CASE,6,4465,5985.420,6408.000,true
before,1,raw_where_16,6,2039,6693.379,9648.000,true
before,1,mybatis_naming_SCREAMING_SNAKE_CASE,6,3600,7651.250,9808.000,true
before,1,raw_naming_UPPER_CAMEL_CASE,6,3425,6577.255,9376.000,true
before,1,raw_repeated_names,6,723,24982.988,59056.000,true
before,1,positional_update_map,6,20656,1210.893,3192.000,true
before,1,positional_naming_NO_CHANGE,6,6655,3746.446,4928.000,true
before,1,named_where_16,6,3395,6703.093,11392.000,true
before,1,mybatis_union_raw,6,19250,1236.779,1968.000,true
before,1,positional_derived,6,5292,3986.149,7464.000,true
before,1,named_naming_NO_CHANGE,6,4136,6456.214,9624.000,true
before,1,named_join_using,6,20223,1284.275,3680.000,true
before,1,named_naming_SCREAMING_SNAKE_CASE,6,3060,8000.850,11408.000,true
before,1,positional_batch_64,6,936,28668.590,70288.000,true
before,1,positional_join_on,6,14775,1707.986,3896.000,true
before,1,raw_select_star,6,68165,268.911,1240.000,true
before,1,named_delete,6,43163,573.294,2000.000,true
before,1,positional_repeated_names,6,1223,17751.431,35520.000,true
before,1,positional_late_modifier,6,29523,919.818,2440.000,true
before,1,raw_union_builder,6,7834,3198.685,6120.000,true
before,1,named_retry_rollback,6,4801,5963.508,8432.000,true
before,1,named_dialect_DB2,6,13314,1498.783,4392.000,true
before,1,raw_mixed_literals,6,10681,1599.204,3368.000,true
before,1,positional_naming_KEBAB_CASE,6,4881,4630.117,6696.000,true
before,1,mybatis_subquery_raw,6,25105,682.406,2352.000,true
before,1,positional_in_1024,6,1445,15391.903,28584.000,true
before,1,raw_naming_NO_CHANGE,6,5118,4388.863,7880.000,true
before,1,named_in_expression,6,718,29318.802,91824.000,true
before,1,named_select_entity,6,35507,569.524,1992.000,true
before,1,mybatis_in_expression,6,858,26621.678,67800.000,true
before,1,mybatis_batch_beans,6,2620,7655.725,22744.000,true
before,1,positional_in_16,6,24712,804.083,2736.000,true
before,1,mybatis_in_256,6,861,24154.355,66696.000,true
before,1,mybatis_in_16,6,10656,2008.296,6208.000,true
before,1,mybatis_join_using,6,20544,1050.399,3520.000,true
before,1,positional_between,6,20230,1103.030,3104.000,true
before,1,named_late_modifier,6,27157,904.503,2896.000,true
before,1,raw_insert_entity,6,23994,858.048,2128.000,true
before,1,mybatis_select_expressions,6,9404,1608.454,2512.000,true
before,1,mybatis_batch_64,6,641,34841.030,117008.000,true
before,1,named_in_17,6,8774,2405.596,7968.000,true
before,1,raw_in_1024,6,146,76751.370,220328.000,true
before,1,named_subquery_structured,6,11806,1864.289,5640.000,true
before,1,mybatis_subquery_structured,6,9163,1756.466,5384.000,true
before,1,named_batch_64,6,546,36582.601,133024.000,true
before,1,named_union_raw,6,19557,1140.328,1968.000,true
before,1,positional_update_chain_16,6,2509,6740.096,23168.000,true
before,1,raw_where_128,6,329,38400.304,62680.000,true
before,1,named_dialect_MySQL,6,15890,1367.004,4216.000,true
before,1,named_batch_4,6,7183,3798.441,9768.000,true
before,1,positional_where_16,6,4098,4285.139,6696.000,true
before,1,named_select_star,6,76822,260.973,1240.000,true
before,1,mybatis_late_modifier,6,23081,720.168,2736.000,true
before,1,mybatis_row_in,6,16242,1390.358,3736.000,true
before,1,named_naming_CAMEL_CASE,6,2848,6908.287,11104.000,true
before,1,raw_update_chain_16,6,2286,7466.754,26256.000,true
before,1,raw_in_16,6,7338,1778.795,5680.000,true
before,1,mybatis_join_on,6,13871,1506.186,4192.000,true
before,1,named_subquery_raw,6,32529,637.643,2352.000,true
before,1,mybatis_insert_placeholders,6,21082,1031.211,2736.000,true
before,1,raw_row_in,6,17325,1167.942,3168.000,true
before,1,named_repeated_names,6,736,29098.777,70080.000,true
before,1,mybatis_raw_expression,6,9778,1023.052,2616.000,true
before,1,mybatis_between,6,16302,1307.895,3592.000,true
before,1,raw_select_expressions,6,9184,1544.948,2512.000,true
before,1,raw_in_expression,6,897,20168.004,57760.000,true
before,1,named_derived,6,4731,5533.650,9536.000,true
before,1,positional_dialect_PostgreSQL,6,19255,1044.498,3432.000,true
before,1,mybatis_select_star,6,85296,227.041,1240.000,true
before,1,positional_condition_only,6,5633,3711.983,5640.000,true
before,1,mybatis_repeated_names,6,853,24272.802,58032.000,true
before,1,raw_subquery_raw,6,32407,610.708,2352.000,true
before,1,raw_where_eq,6,16425,973.455,2936.000,true
before,1,raw_batch_beans,6,2125,6644.424,16792.000,true
before,1,named_insert_placeholders,6,10403,1130.232,3040.000,true
before,1,named_insert_entity,6,22699,961.976,2760.000,true
before,1,mybatis_select_entity,6,34976,630.570,1992.000,true
before,1,raw_update_map,6,14621,1240.031,3712.000,true
before,1,positional_insert_entity,6,36777,619.172,1816.000,true
before,1,named_where_128,6,430,49888.140,77464.000,true
before,1,positional_batch_4,6,1898,1807.903,6000.000,true
before,1,positional_batch_beans,6,1869,4303.745,11128.000,true
before,1,named_naming_KEBAB_CASE,6,3318,6302.441,11392.000,true
before,1,named_in_256,6,735,28202.177,90792.000,true
before,1,named_dialect_Microsoft_SQL_Server,6,13311,1616.024,4392.000,true
before,1,mybatis_where_eq,6,21703,974.381,3112.000,true
before,1,raw_late_modifier,6,27898,713.108,2560.000,true
before,1,raw_select_columns,6,12338,738.507,2104.000,true
before,1,raw_naming_KEBAB_CASE,6,3948,5531.256,9648.000,true
before,1,mybatis_where_128,6,462,44307.143,64392.000,true
before,1,custom_handler_where,6,2911,6273.789,11424.000,true
before,1,raw_naming_CAMEL_CASE,6,3349,5982.353,9360.000,true
before,1,positional_naming_SCREAMING_SNAKE_CASE,6,4718,4263.692,6712.000,true
before,1,raw_in_17,6,4402,1860.291,5896.000,true
before,1,named_mixed_literals,6,13455,1486.830,3944.000,true
before,1,raw_select_entity,6,18974,615.321,1992.000,true
before,1,raw_nested,6,13153,1322.778,3448.000,true
before,1,mybatis_batch_4,6,7444,2865.099,8816.000,true
before,1,named_batch_beans,6,2471,8471.712,26728.000,true
before,1,positional_in_17,6,25036,873.574,2752.000,true
before,1,mybatis_where_16,6,3631,5666.318,9792.000,true
before,1,raw_raw_expression,6,10555,1413.283,2616.000,true
before,1,raw_group_order,6,8436,2610.325,6256.000,true
before,1,mybatis_insert_values,6,19234,1155.298,2872.000,true
before,1,mybatis_naming_NO_CHANGE,6,4422,4803.234,8024.000,true
before,1,named_select_expressions,6,13419,1621.030,2512.000,true
before,1,raw_join_using,6,21640,1006.081,3344.000,true
before,1,positional_nested,6,17757,1177.575,3120.000,true
before,1,named_dialect_Oracle,6,15143,1317.401,4392.000,true
before,1,positional_join_using,6,22702,866.924,3224.000,true
before,1,named_update_chain_16,6,1181,16690.093,47808.000,true
before,1,positional_pagination,6,21380,979.121,3408.000,true
before,1,raw_delete,6,41776,449.423,1664.000,true
before,1,mybatis_select_columns,6,27179,806.207,2104.000,true
before,1,raw_insert_values,6,17386,994.800,2544.000,true
before,1,positional_select_columns,6,21860,805.865,2104.000,true
before,1,positional_subquery_structured,6,14510,1465.569,4856.000,true
before,1,named_insert_values,6,19731,1103.426,3176.000,true
before,1,positional_insert_values,6,27936,775.093,2232.000,true
before,1,mybatis_derived,6,3968,4515.297,9456.000,true
before,1,named_select_columns,6,27285,764.119,2104.000,true
before,1,positional_select_star,6,91002,252.922,1240.000,true
before,1,positional_raw_expression,6,19142,970.170,2616.000,true
before,1,custom_handler_union,6,3672,4932.952,9368.000,true
before,1,positional_group_order,6,9642,2309.033,6160.000,true
before,1,named_where_eq,6,21251,1006.306,3272.000,true
before,1,named_nested,6,14809,1410.217,3816.000,true
before,1,mybatis_in_1024,6,198,111311.616,256976.000,true
before,1,positional_union_builder,6,8957,2535.202,5920.000,true
before,1,named_raw_expression,6,19994,992.798,2616.000,true
before,1,named_group_order,6,7697,2937.716,7512.000,true
before,1,positional_dialect_Microsoft_SQL_Server,6,17562,1318.990,3616.000,true
before,1,raw_condition_only,6,4157,4447.919,8584.000,true
before,1,named_pagination,6,16135,1379.690,4192.000,true
before,1,named_naming_UPPER_CAMEL_CASE,6,3062,7228.315,11120.000,true
before,1,mybatis_mixed_literals,6,13872,1401.853,3608.000,true
before,1,raw_between,6,13618,1252.137,3432.000,true
before,1,named_update_map,6,11177,1771.620,4920.000,true
before,1,mybatis_in_17,6,10007,1979.714,6424.000,true
before,1,raw_union_raw,6,9608,1224.063,1968.000,true
before,1,mybatis_naming_KEBAB_CASE,6,3384,5978.723,9792.000,true
before,1,positional_retry_rollback,6,7107,3086.534,6040.000,true
before,1,raw_insert_placeholders,6,27988,647.660,2096.000,true
before,1,raw_retry_rollback,6,5520,3401.069,6400.000,true
before,1,positional_union_raw,6,19061,1091.742,1968.000,true
before,1,raw_update_map,7,14621,1365.994,3712.000,true
before,1,mybatis_naming_CAMEL_CASE,7,2632,6126.026,9504.000,true
before,1,positional_update_map,7,20656,1154.018,3192.000,true
before,1,positional_dialect_MySQL,7,19736,1033.867,3432.000,true
before,1,mybatis_union_builder,7,4368,4101.053,8912.000,true
before,1,named_in_expression,7,718,29013.928,91824.000,true
before,1,named_join_using,7,20223,1050.106,3680.000,true
before,1,named_select_expressions,7,13419,1645.927,2512.000,true
before,1,mybatis_raw_expression,7,9778,1015.709,2616.000,true
before,1,positional_select_columns,7,21860,796.153,2104.000,true
before,1,positional_where_16,7,4098,4474.817,6696.000,true
before,1,positional_in_256,7,4838,4134.084,9656.000,true
before,1,positional_delete,7,59713,407.908,1544.000,true
before,1,named_naming_NO_CHANGE,7,4136,5408.027,9624.000,true
before,1,raw_where_16,7,2039,5544.826,9648.000,true
before,1,mybatis_retry_rollback,7,3508,4328.392,7736.000,true
before,1,mybatis_where_128,7,462,44959.957,64392.000,true
before,1,positional_between,7,20230,1085.779,3104.000,true
before,1,raw_nested,7,13153,1402.821,3448.000,true
before,1,raw_row_in,7,17325,1109.841,3168.000,true
before,1,named_select_columns,7,27285,813.286,2104.000,true
before,1,positional_group_order,7,9642,2298.102,6160.000,true
before,1,raw_insert_entity,7,23994,731.616,2128.000,true
before,1,named_late_modifier,7,27157,785.197,2896.000,true
before,1,raw_in_1024,7,146,85602.740,220328.000,true
before,1,positional_late_modifier,7,29523,772.730,2440.000,true
before,1,mybatis_row_in,7,16242,1320.730,3736.000,true
before,1,raw_select_expressions,7,9184,1675.348,2512.000,true
before,1,raw_in_17,7,4402,1731.486,5896.000,true
before,1,mybatis_join_on,7,13871,1499.603,4192.000,true
before,1,named_row_in,7,14954,1339.782,4144.000,true
before,1,positional_pagination,7,21380,977.905,3408.000,true
before,1,mybatis_mixed_literals,7,13872,1456.553,3608.000,true
before,1,positional_where_eq,7,19255,903.905,2816.000,true
before,1,raw_select_columns,7,12338,789.828,2104.000,true
before,1,mybatis_in_expression,7,858,25765.385,67800.000,true
before,1,mybatis_group_order,7,8077,3422.855,7088.000,true
before,1,named_insert_values,7,19731,1803.766,3176.000,true
before,1,positional_naming_CAMEL_CASE,7,4465,5260.112,6408.000,true
before,1,positional_insert_placeholders,7,29086,771.158,2096.000,true
before,1,positional_raw_expression,7,19142,1129.469,2616.000,true
before,1,mybatis_condition_only,7,4014,6327.105,8728.000,true
before,1,raw_subquery_raw,7,32407,707.714,2352.000,true
before,1,positional_batch_4,7,1898,2060.590,6000.000,true
before,1,positional_row_in,7,15294,1023.813,2752.000,true
before,1,raw_insert_values,7,17386,1162.562,2544.000,true
before,1,named_batch_beans,7,2471,9301.457,26728.000,true
before,1,named_nested,7,14809,1480.998,3816.000,true
before,1,positional_in_17,7,25036,941.089,2752.000,true
before,1,named_select_star,7,76822,270.314,1240.000,true
before,1,named_naming_SCREAMING_SNAKE_CASE,7,3060,7255.980,11408.000,true
before,1,mybatis_union_raw,7,19250,1907.475,1968.000,true
before,1,positional_retry_rollback,7,7107,4155.945,6040.000,true
before,1,mybatis_late_modifier,7,23081,1044.842,2736.000,true
before,1,raw_update_chain_16,7,2286,14863.517,26256.000,true
before,1,mybatis_where_16,7,3631,8920.297,9792.000,true
before,1,positional_naming_UPPER_CAMEL_CASE,7,4116,6173.737,6424.000,true
before,1,raw_delete,7,41776,703.394,1664.000,true
before,1,named_insert_entity,7,22699,1704.485,2760.000,true
before,1,mybatis_naming_UPPER_CAMEL_CASE,7,3181,10842.188,9520.000,true
before,1,positional_select_expressions,7,13276,2122.748,2512.000,true
before,1,mybatis_select_star,7,85296,255.728,1240.000,true
before,1,raw_pagination,7,18875,1093.717,3520.000,true
before,1,positional_naming_SCREAMING_SNAKE_CASE,7,4718,4214.201,6712.000,true
before,1,named_between,7,14186,1386.924,3848.000,true
before,1,mybatis_select_expressions,7,9404,1691.195,2512.000,true
before,1,raw_batch_4,7,7628,2466.033,7424.000,true
before,1,mybatis_update_chain_16,7,1429,20458.223,40744.000,true
before,1,named_where_16,7,3395,8530.015,11392.000,true
before,1,raw_late_modifier,7,27898,1040.343,2560.000,true
before,1,mybatis_repeated_names,7,853,27836.811,58032.000,true
before,1,raw_naming_KEBAB_CASE,7,3948,5759.144,9648.000,true
before,1,mybatis_pagination,7,16204,1546.168,3928.000,true
before,1,raw_naming_UPPER_CAMEL_CASE,7,3425,6910.453,9376.000,true
before,1,positional_dialect_Oracle,7,19225,1411.875,3616.000,true
before,1,mybatis_update_map,7,10655,2036.893,4368.000,true
before,1,named_naming_UPPER_CAMEL_CASE,7,3062,7981.679,11120.000,true
before,1,positional_select_entity,7,23103,601.982,1992.000,true
before,1,named_subquery_raw,7,32529,971.509,2352.000,true
before,1,named_naming_KEBAB_CASE,7,3318,7647.709,11392.000,true
before,1,mybatis_select_entity,7,34976,645.909,1992.000,true
before,1,positional_dialect_PostgreSQL,7,19255,1108.574,3432.000,true
before,1,positional_repeated_names,7,1223,17330.662,35520.000,true
before,1,mybatis_naming_KEBAB_CASE,7,3384,6341.076,9792.000,true
before,1,raw_subquery_structured,7,15285,1502.630,4720.000,true
before,1,raw_group_order,7,8436,2643.006,6256.000,true
before,1,positional_in_16,7,24712,1299.114,2736.000,true
before,1,mybatis_where_eq,7,21703,1335.838,3112.000,true
before,1,named_dialect_Microsoft_SQL_Server,7,13311,1787.567,4392.000,true
before,1,positional_mixed_literals,7,18174,1224.073,2976.000,true
before,1,mybatis_between,7,16302,1512.060,3592.000,true
before,1,named_dialect_DB2,7,13314,2214.796,4392.000,true
before,1,named_in_17,7,8774,3340.973,7968.000,true
before,1,mybatis_in_1024,7,198,159506.566,256976.000,true
before,1,raw_between,7,13618,2379.395,3432.000,true
before,1,mybatis_subquery_structured,7,9163,2025.276,5384.000,true
before,1,named_repeated_names,7,736,33371.603,70080.000,true
before,1,raw_join_using,7,21640,1102.620,3344.000,true
before,1,named_group_order,7,7697,3732.857,7512.000,true
before,1,mybatis_derived,7,3968,6169.531,9456.000,true
before,1,named_in_256,7,735,32417.823,90792.000,true
before,1,named_where_128,7,430,65405.116,77464.000,true
before,1,raw_in_256,7,358,35407.542,56720.000,true
before,1,positional_insert_entity,7,36777,820.295,1816.000,true
before,1,positional_derived,7,5292,5429.705,7464.000,true
before,1,raw_naming_SCREAMING_SNAKE_CASE,7,3891,8805.577,9664.000,true
before,1,raw_naming_CAMEL_CASE,7,3349,8259.122,9360.000,true
before,1,raw_batch_64,7,628,38644.268,92384.000,true
before,1,mybatis_join_using,7,20544,1405.135,3520.000,true
before,1,raw_in_expression,7,897,24025.418,57760.000,true
before,1,mybatis_naming_SCREAMING_SNAKE_CASE,7,3600,9131.694,9808.000,true
before,1,raw_repeated_names,7,723,36791.978,59056.000,true
before,1,positional_condition_only,7,5633,7620.628,5640.000,true
before,1,positional_naming_KEBAB_CASE,7,4881,8067.425,6696.000,true
before,1,positional_select_star,7,91002,398.890,1240.000,true
before,1,named_in_16,7,8830,3162.537,7680.000,true
before,1,raw_union_raw,7,9608,2107.140,1968.000,true
before,1,named_retry_rollback,7,4801,8047.844,8432.000,true
before,1,named_update_chain_16,7,1181,28393.311,47808.000,true
before,1,mybatis_insert_values,7,19234,1802.464,2872.000,true
before,1,mybatis_insert_placeholders,7,21082,1382.359,2736.000,true
before,1,positional_join_on,7,14775,1577.766,3896.000,true
before,1,named_where_eq,7,21251,1600.024,3272.000,true
before,1,mybatis_nested,7,15173,1702.597,3584.000,true
before,1,named_dialect_PostgreSQL,7,15228,2456.580,4216.000,true
before,1,custom_handler_where,7,2911,12435.795,11424.000,true
before,1,positional_union_raw,7,19061,2017.460,1968.000,true
before,1,raw_where_128,7,329,89456.231,62680.000,true
before,1,named_batch_64,7,546,45974.908,133024.000,true
before,1,positional_update_chain_16,7,2509,11732.403,23168.000,true
before,1,named_pagination,7,16135,1758.599,4192.000,true
before,1,raw_retry_rollback,7,5520,4630.942,6400.000,true
before,1,mybatis_batch_64,7,641,66562.402,117008.000,true
before,1,mybatis_insert_entity,7,24223,1235.198,2456.000,true
before,1,raw_join_on,7,9940,2354.829,4016.000,true
before,1,custom_handler_union,7,3672,7860.893,9368.000,true
before,1,named_dialect_Oracle,7,15143,2010.658,4392.000,true
before,1,raw_batch_beans,7,2125,9033.835,16792.000,true
before,1,mybatis_in_256,7,861,48880.139,66696.000,true
before,1,named_delete,7,43163,664.618,2000.000,true
before,1,raw_insert_placeholders,7,27988,1219.480,2096.000,true
before,1,raw_where_eq,7,16425,1478.916,2936.000,true
before,1,raw_condition_only,7,4157,6444.984,8584.000,true
before,1,positional_insert_values,7,27936,1121.496,2232.000,true
before,1,named_in_1024,7,173,168653.179,353296.000,true
before,1,positional_union_builder,7,8957,3019.303,5920.000,true
before,1,raw_naming_NO_CHANGE,7,5118,6423.877,7880.000,true
before,1,named_mixed_literals,7,13455,2608.116,3944.000,true
before,1,positional_dialect_Microsoft_SQL_Server,7,17562,2235.224,3616.000,true
before,1,raw_select_entity,7,18974,1001.302,1992.000,true
before,1,named_naming_CAMEL_CASE,7,2848,8586.447,11104.000,true
before,1,positional_subquery_raw,7,29340,1064.884,2352.000,true
before,1,mybatis_naming_NO_CHANGE,7,4422,6591.113,8024.000,true
before,1,named_insert_placeholders,7,10403,1799.289,3040.000,true
before,1,named_subquery_structured,7,11806,3176.080,5640.000,true
before,1,positional_subquery_structured,7,14510,2641.165,4856.000,true
before,1,raw_raw_expression,7,10555,1317.916,2616.000,true
before,1,raw_union_builder,7,7834,3940.146,6120.000,true
before,1,mybatis_delete,7,46827,742.475,1848.000,true
before,1,mybatis_batch_4,7,7444,4620.164,8816.000,true
before,1,named_union_builder,7,4710,7293.036,8912.000,true
before,1,named_derived,7,4731,8254.555,9536.000,true
before,1,mybatis_subquery_raw,7,25105,826.716,2352.000,true
before,1,positional_naming_NO_CHANGE,7,6655,5415.537,4928.000,true
before,1,positional_nested,7,17757,2468.711,3120.000,true
before,1,mybatis_in_16,7,10656,3115.297,6208.000,true
before,1,named_select_entity,7,35507,1145.098,1992.000,true
before,1,mybatis_batch_beans,7,2620,11273.282,22744.000,true
before,1,positional_batch_beans,7,1869,9331.193,11128.000,true
before,1,named_join_on,7,14461,1753.274,4352.000,true
before,1,named_dialect_MySQL,7,15890,1479.868,4216.000,true
before,1,named_union_raw,7,19557,1225.796,1968.000,true
before,1,positional_in_1024,7,1445,14753.356,28584.000,true
before,1,named_batch_4,7,7183,3705.931,9768.000,true
before,1,positional_in_expression,7,3976,7932.143,10904.000,true
before,1,positional_batch_64,7,936,29629.274,70288.000,true
before,1,named_raw_expression,7,19994,2027.808,2616.000,true
before,1,mybatis_in_17,7,10007,4278.955,6424.000,true
before,1,named_update_map,7,11177,3489.237,4920.000,true
before,1,positional_dialect_DB2,7,20365,1671.863,3616.000,true
before,1,raw_select_star,7,68165,432.555,1240.000,true
before,1,mybatis_select_columns,7,27179,1247.014,2104.000,true
before,1,positional_where_128,7,625,42919.840,38992.000,true
before,1,named_condition_only,7,3697,9326.806,10328.000,true
before,1,raw_in_16,7,7338,2996.348,5680.000,true
before,1,raw_derived,7,5863,4911.956,7632.000,true
before,1,raw_mixed_literals,7,10681,1829.772,3368.000,true
before,1,positional_join_using,7,22702,1105.312,3224.000,true
before,1,raw_insert_entity,8,23994,952.238,2128.000,true
before,1,named_update_chain_16,8,1181,20118.798,47808.000,true
before,1,positional_condition_only,8,5633,4719.102,5640.000,true
before,1,raw_in_17,8,4402,2088.255,5896.000,true
before,1,raw_select_entity,8,18974,682.892,1992.000,true
before,1,named_select_star,8,76822,308.517,1240.000,true
before,1,raw_retry_rollback,8,5520,4069.457,6400.000,true
before,1,raw_repeated_names,8,723,25497.372,59056.000,true
before,1,raw_between,8,13618,1394.096,3432.000,true
before,1,positional_derived,8,5292,5156.122,7464.000,true
before,1,raw_delete,8,41776,510.099,1664.000,true
before,1,mybatis_pagination,8,16204,1708.412,3928.000,true
before,1,named_group_order,8,7697,5903.950,7512.000,true
before,1,raw_batch_beans,8,2125,12630.259,16792.000,true
before,1,positional_dialect_Oracle,8,19225,1933.753,3616.000,true
before,1,positional_where_128,8,625,46274.080,38992.000,true
before,1,mybatis_subquery_structured,8,9163,3509.233,5384.000,true
before,1,positional_naming_NO_CHANGE,8,6655,5735.432,4928.000,true
before,1,positional_dialect_Microsoft_SQL_Server,8,17562,1616.695,3616.000,true
before,1,named_dialect_MySQL,8,15890,2147.867,4216.000,true
before,1,positional_select_entity,8,23103,967.822,1992.000,true
before,1,raw_where_eq,8,16425,1890.575,2936.000,true
before,1,positional_delete,8,59713,701.418,1544.000,true
before,1,mybatis_naming_KEBAB_CASE,8,3384,10240.603,9792.000,true
before,1,raw_late_modifier,8,27898,1545.240,2560.000,true
before,1,mybatis_in_17,8,10007,3187.279,6424.000,true
before,1,named_where_16,8,3395,10643.270,11392.000,true
before,1,mybatis_insert_placeholders,8,21082,1901.987,2736.000,true
before,1,raw_update_map,8,14621,3239.854,3712.000,true
before,1,positional_insert_placeholders,8,29086,1377.615,2096.000,true
before,1,mybatis_union_builder,8,4368,8509.936,8912.000,true
before,1,raw_subquery_raw,8,32407,1170.371,2352.000,true
before,1,mybatis_where_16,8,3631,8550.510,9792.000,true
before,1,positional_batch_64,8,936,27814.850,70288.000,true
before,1,raw_where_16,8,2039,7399.853,9648.000,true
before,1,mybatis_naming_SCREAMING_SNAKE_CASE,8,3600,10692.889,9808.000,true
before,1,positional_batch_4,8,1898,2256.586,6000.000,true
before,1,named_dialect_PostgreSQL,8,15228,2264.559,4216.000,true
before,1,positional_group_order,8,9642,3345.945,6160.000,true
before,1,raw_in_1024,8,146,96760.959,220328.000,true
before,1,raw_where_128,8,329,62814.286,62680.000,true
before,1,positional_naming_SCREAMING_SNAKE_CASE,8,4718,7824.735,6712.000,true
before,1,mybatis_update_map,8,10655,2383.153,4368.000,true
before,1,named_raw_expression,8,19994,1511.253,2616.000,true
before,1,named_where_eq,8,21251,1730.384,3272.000,true
before,1,named_condition_only,8,3697,11173.438,10328.000,true
before,1,mybatis_late_modifier,8,23081,1355.344,2736.000,true
before,1,raw_derived,8,5863,7159.014,7632.000,true
before,1,named_in_17,8,8774,4150.388,7968.000,true
before,1,named_subquery_raw,8,32529,766.488,2352.000,true
before,1,named_union_builder,8,4710,7663.079,8912.000,true
before,1,mybatis_insert_values,8,19234,1254.643,2872.000,true
before,1,named_select_columns,8,27285,849.529,2104.000,true
before,1,mybatis_derived,8,3968,5053.629,9456.000,true
before,1,named_repeated_names,8,736,32372.826,70080.000,true
before,1,mybatis_batch_beans,8,2620,9092.176,22744.000,true
before,1,named_late_modifier,8,27157,1116.099,2896.000,true
before,1,mybatis_select_star,8,85296,328.299,1240.000,true
before,1,named_between,8,14186,1864.028,3848.000,true
before,1,raw_group_order,8,8436,2763.431,6256.000,true
before,1,positional_naming_UPPER_CAMEL_CASE,8,4116,5533.601,6424.000,true
before,1,raw_in_256,8,358,22677.095,56720.000,true
before,1,positional_in_256,8,4838,5984.808,9656.000,true
before,1,positional_where_16,8,4098,4853.221,6696.000,true
before,1,raw_subquery_structured,8,15285,1482.545,4720.000,true
before,1,mybatis_condition_only,8,4014,5744.245,8728.000,true
before,1,positional_update_map,8,20656,1126.322,3192.000,true
before,1,raw_select_columns,8,12338,824.972,2104.000,true
before,1,mybatis_row_in,8,16242,1467.664,3736.000,true
before,1,positional_dialect_DB2,8,20365,1131.255,3616.000,true
before,1,raw_union_builder,8,7834,3296.145,6120.000,true
before,1,positional_mixed_literals,8,18174,1322.653,2976.000,true
before,1,raw_select_expressions,8,9184,1907.709,2512.000,true
before,1,mybatis_in_256,8,861,27137.282,66696.000,true
before,1,mybatis_union_raw,8,19250,1265.943,1968.000,true
before,1,mybatis_where_eq,8,21703,1009.427,3112.000,true
before,1,named_insert_entity,8,22699,988.374,2760.000,true
before,1,mybatis_mixed_literals,8,13872,2003.309,3608.000,true
before,1,raw_update_chain_16,8,2286,11012.030,26256.000,true
before,1,raw_insert_placeholders,8,27988,973.314,2096.000,true
before,1,mybatis_in_1024,8,198,146919.192,256976.000,true
before,1,named_naming_SCREAMING_SNAKE_CASE,8,3060,7602.484,11408.000,true
before,1,raw_batch_4,8,7628,2976.298,7424.000,true
before,1,mybatis_select_expressions,8,9404,1932.305,2512.000,true
before,1,named_where_128,8,430,61135.814,77464.000,true
before,1,mybatis_join_using,8,20544,1322.250,3520.000,true
before,1,named_dialect_Microsoft_SQL_Server,8,13311,2132.928,4392.000,true
before,1,positional_nested,8,17757,1881.962,3120.000,true
before,1,named_in_256,8,735,36374.014,90792.000,true
before,1,named_in_16,8,8830,2666.625,7680.000,true
before,1,raw_raw_expression,8,10555,1309.541,2616.000,true
before,1,mybatis_naming_CAMEL_CASE,8,2632,7327.546,9504.000,true
before,1,mybatis_retry_rollback,8,3508,4394.869,7736.000,true
before,1,named_insert_values,8,19731,1182.413,3176.000,true
before,1,mybatis_select_entity,8,34976,602.916,1992.000,true
before,1,mybatis_delete,8,46827,443.883,1848.000,true
before,1,positional_insert_entity,8,36777,790.755,1816.000,true
before,1,mybatis_subquery_raw,8,25105,733.507,2352.000,true
before,1,positional_naming_KEBAB_CASE,8,4881,5747.613,6696.000,true
before,1,positional_update_chain_16,8,2509,8689.637,23168.000,true
before,1,named_naming_UPPER_CAMEL_CASE,8,3062,10055.225,11120.000,true
before,1,mybatis_raw_expression,8,9778,1691.430,2616.000,true
before,1,named_in_expression,8,718,45915.738,91824.000,true
before,1,named_mixed_literals,8,13455,2866.169,3944.000,true
before,1,positional_select_star,8,91002,406.441,1240.000,true
before,1,raw_join_on,8,9940,1834.256,4016.000,true
before,1,named_delete,8,43163,632.516,2000.000,true
before,1,raw_naming_SCREAMING_SNAKE_CASE,8,3891,6887.407,9664.000,true
before,1,named_pagination,8,16135,1532.067,4192.000,true
before,1,mybatis_batch_4,8,7444,3316.953,8816.000,true
before,1,positional_in_expression,8,3976,5482.646,10904.000,true
before,1,named_join_using,8,20223,1109.054,3680.000,true
before,1,named_select_entity,8,35507,675.340,1992.000,true
before,1,raw_batch_64,8,628,24892.357,92384.000,true
before,1,raw_row_in,8,17325,1211.030,3168.000,true
before,1,raw_in_expression,8,897,20898.551,57760.000,true
before,1,raw_insert_values,8,17386,1210.877,2544.000,true
before,1,positional_in_17,8,25036,933.268,2752.000,true
before,1,positional_subquery_structured,8,14510,1546.657,4856.000,true
before,1,positional_union_raw,8,19061,1198.117,1968.000,true
before,1,mybatis_where_128,8,462,52922.727,64392.000,true
before,1,raw_naming_UPPER_CAMEL_CASE,8,3425,6780.204,9376.000,true
before,1,named_row_in,8,14954,1635.649,4144.000,true
before,1,raw_join_using,8,21640,1148.845,3344.000,true
before,1,named_dialect_DB2,8,13314,1625.980,4392.000,true
before,1,positional_batch_beans,8,1869,5704.013,11128.000,true
before,1,named_nested,8,14809,1787.406,3816.000,true
before,1,positional_retry_rollback,8,7107,3944.857,6040.000,true
before,1,raw_union_raw,8,9608,1383.972,1968.000,true
before,1,named_batch_beans,8,2471,9600.202,26728.000,true
before,1,raw_mixed_literals,8,10681,2028.846,3368.000,true
before,1,positional_join_using,8,22702,1112.387,3224.000,true
before,1,named_retry_rollback,8,4801,5080.671,8432.000,true
before,1,positional_in_1024,8,1445,17996.609,28584.000,true
before,1,named_naming_NO_CHANGE,8,4136,6087.041,9624.000,true
before,1,named_select_expressions,8,13419,1900.626,2512.000,true
before,1,positional_union_builder,8,8957,2755.007,5920.000,true
before,1,mybatis_join_on,8,13871,1874.155,4192.000,true
before,1,mybatis_repeated_names,8,853,31537.749,58032.000,true
before,1,positional_between,8,20230,1220.054,3104.000,true
before,1,positional_repeated_names,8,1223,17281.684,35520.000,true
before,1,named_union_raw,8,19557,1796.145,1968.000,true
before,1,positional_raw_expression,8,19142,1882.964,2616.000,true
before,1,positional_where_eq,8,19255,1783.350,2816.000,true
before,1,mybatis_update_chain_16,8,1429,25637.299,40744.000,true
before,1,mybatis_group_order,8,8077,4841.748,7088.000,true
before,1,positional_subquery_raw,8,29340,1051.213,2352.000,true
before,1,raw_nested,8,13153,2021.258,3448.000,true
before,1,raw_naming_CAMEL_CASE,8,3349,6735.802,9360.000,true
before,1,mybatis_batch_64,8,641,55274.415,117008.000,true
before,1,named_subquery_structured,8,11806,3788.548,5640.000,true
before,1,raw_in_16,8,7338,4278.196,5680.000,true
before,1,mybatis_nested,8,15173,1922.421,3584.000,true
before,1,mybatis_select_columns,8,27179,938.044,2104.000,true
before,1,positional_row_in,8,15294,1132.856,2752.000,true
before,1,positional_dialect_MySQL,8,19736,1070.040,3432.000,true
before,1,raw_naming_KEBAB_CASE,8,3948,8388.222,9648.000,true
before,1,mybatis_in_expression,8,858,28315.734,67800.000,true
before,1,named_batch_64,8,546,38860.989,133024.000,true
before,1,named_update_map,8,11177,2784.602,4920.000,true
before,1,named_naming_KEBAB_CASE,8,3318,7519.379,11392.000,true
before,1,mybatis_between,8,16302,1514.532,3592.000,true
before,1,raw_naming_NO_CHANGE,8,5118,5786.596,7880.000,true
before,1,positional_dialect_PostgreSQL,8,19255,1171.228,3432.000,true
before,1,positional_in_16,8,24712,1009.740,2736.000,true
before,1,named_naming_CAMEL_CASE,8,2848,8249.087,11104.000,true
before,1,mybatis_in_16,8,10656,2365.653,6208.000,true
before,1,positional_select_columns,8,21860,970.302,2104.000,true
before,1,mybatis_insert_entity,8,24223,981.588,2456.000,true
before,1,positional_naming_CAMEL_CASE,8,4465,5049.406,6408.000,true
before,1,named_dialect_Oracle,8,15143,1343.816,4392.000,true
before,1,named_join_on,8,14461,1443.386,4352.000,true
before,1,custom_handler_union,8,3672,5840.142,9368.000,true
before,1,named_insert_placeholders,8,10403,1032.000,3040.000,true
before,1,raw_condition_only,8,4157,5154.559,8584.000,true
before,1,named_in_1024,8,173,118361.272,353296.000,true
before,1,positional_select_expressions,8,13276,1588.475,2512.000,true
before,1,positional_pagination,8,21380,972.806,3408.000,true
before,1,named_derived,8,4731,4227.394,9536.000,true
before,1,custom_handler_where,8,2911,6330.986,11424.000,true
before,1,mybatis_naming_UPPER_CAMEL_CASE,8,3181,6061.522,9520.000,true
before,1,raw_pagination,8,18875,1077.261,3520.000,true
before,1,positional_late_modifier,8,29523,648.318,2440.000,true
before,1,positional_join_on,8,14775,1294.301,3896.000,true
before,1,positional_insert_values,8,27936,771.789,2232.000,true
before,1,named_batch_4,8,7183,2953.835,9768.000,true
before,1,raw_select_star,8,68165,224.297,1240.000,true
before,1,mybatis_naming_NO_CHANGE,8,4422,4797.083,8024.000,true
before,1,positional_update_map,9,20656,1038.735,3192.000,true
before,1,positional_select_columns,9,21860,754.511,2104.000,true
before,1,positional_insert_values,9,27936,836.054,2232.000,true
before,1,positional_pagination,9,21380,920.196,3408.000,true
before,1,raw_insert_values,9,17386,948.844,2544.000,true
before,1,named_select_expressions,9,13419,1484.388,2512.000,true
before,1,named_derived,9,4731,5094.293,9536.000,true
before,1,raw_in_17,9,4402,1643.458,5896.000,true
before,1,positional_dialect_Oracle,9,19225,1088.021,3616.000,true
before,1,mybatis_in_16,9,10656,2150.694,6208.000,true
before,1,named_row_in,9,14954,1268.905,4144.000,true
before,1,mybatis_select_columns,9,27179,798.620,2104.000,true
before,1,mybatis_naming_KEBAB_CASE,9,3384,6194.858,9792.000,true
before,1,positional_join_on,9,14775,1250.240,3896.000,true
before,1,positional_insert_entity,9,36777,620.159,1816.000,true
before,1,mybatis_join_on,9,13871,1539.997,4192.000,true
before,1,named_subquery_structured,9,11806,1696.231,5640.000,true
before,1,mybatis_naming_NO_CHANGE,9,4422,4747.897,8024.000,true
before,1,named_select_entity,9,35507,575.551,1992.000,true
before,1,mybatis_where_128,9,462,45267.532,64392.000,true
before,1,named_delete,9,43163,487.190,2000.000,true
before,1,positional_batch_4,9,1898,2368.967,6000.000,true
before,1,mybatis_subquery_raw,9,25105,651.312,2352.000,true
before,1,mybatis_naming_SCREAMING_SNAKE_CASE,9,3600,6072.722,9808.000,true
before,1,raw_batch_beans,9,2125,6602.400,16792.000,true
before,1,positional_where_16,9,4098,4335.920,6696.000,true
before,1,named_in_expression,9,718,29288.162,91824.000,true
before,1,mybatis_repeated_names,9,853,23421.688,58032.000,true
before,1,positional_condition_only,9,5633,3835.487,5640.000,true
before,1,raw_mixed_literals,9,10681,1422.676,3368.000,true
before,1,named_naming_KEBAB_CASE,9,3318,6334.840,11392.000,true
before,1,named_retry_rollback,9,4801,4920.246,8432.000,true
before,1,named_dialect_DB2,9,13314,1341.685,4392.000,true
before,1,raw_between,9,13618,1274.857,3432.000,true
before,1,named_update_map,9,11177,1782.822,4920.000,true
before,1,named_late_modifier,9,27157,848.345,2896.000,true
before,1,named_where_eq,9,21251,985.163,3272.000,true
before,1,named_insert_entity,9,22699,936.980,2760.000,true
before,1,named_where_16,9,3395,6169.131,11392.000,true
before,1,named_naming_SCREAMING_SNAKE_CASE,9,3060,6777.614,11408.000,true
before,1,raw_nested,9,13153,1238.227,3448.000,true
before,1,raw_naming_UPPER_CAMEL_CASE,9,3425,5749.985,9376.000,true
before,1,mybatis_in_17,9,10007,1928.340,6424.000,true
before,1,positional_group_order,9,9642,2314.499,6160.000,true
before,1,positional_in_16,9,24712,814.155,2736.000,true
before,1,named_batch_4,9,7183,3074.537,9768.000,true
before,1,raw_batch_4,9,7628,2454.483,7424.000,true
before,1,raw_naming_NO_CHANGE,9,5118,3898.984,7880.000,true
before,1,mybatis_insert_values,9,19234,1129.656,2872.000,true
before,1,named_where_128,9,430,48614.419,77464.000,true
before,1,mybatis_row_in,9,16242,1353.934,3736.000,true
before,1,raw_in_1024,9,146,82096.575,220328.000,true
before,1,mybatis_nested,9,15173,1290.147,3584.000,true
before,1,named_raw_expression,9,19994,1031.830,2616.000,true
before,1,named_in_17,9,8774,2182.870,7968.000,true
before,1,named_join_on,9,14461,1420.974,4352.000,true
before,1,positional_delete,9,59713,358.562,1544.000,true
before,1,named_join_using,9,20223,983.494,3680.000,true
before,1,named_in_16,9,8830,2225.130,7680.000,true
before,1,mybatis_select_entity,9,34976,573.942,1992.000,true
before,1,named_dialect_MySQL,9,15890,1265.752,4216.000,true
before,1,raw_union_builder,9,7834,2636.699,6120.000,true
before,1,raw_select_star,9,68165,234.242,1240.000,true
before,1,mybatis_pagination,9,16204,1264.854,3928.000,true
before,1,named_repeated_names,9,736,26415.217,70080.000,true
before,1,positional_row_in,9,15294,895.665,2752.000,true
before,1,raw_retry_rollback,9,5520,3057.029,6400.000,true
before,1,mybatis_delete,9,46827,469.456,1848.000,true
before,1,raw_batch_64,9,628,24835.032,92384.000,true
before,1,positional_union_builder,9,8957,2384.124,5920.000,true
before,1,mybatis_join_using,9,20544,990.094,3520.000,true
before,1,named_mixed_literals,9,13455,1460.007,3944.000,true
before,1,mybatis_between,9,16302,1214.514,3592.000,true
before,1,mybatis_in_1024,9,198,101262.121,256976.000,true
before,1,custom_handler_union,9,3672,4495.861,9368.000,true
before,1,raw_update_chain_16,9,2286,8434.602,26256.000,true
before,1,named_condition_only,9,3697,5831.783,10328.000,true
before,1,mybatis_derived,9,3968,4234.955,9456.000,true
before,1,mybatis_in_256,9,861,24385.482,66696.000,true
before,1,positional_dialect_PostgreSQL,9,19255,1054.485,3432.000,true
before,1,named_dialect_PostgreSQL,9,15228,1310.592,4216.000,true
before,1,positional_naming_KEBAB_CASE,9,4881,4340.770,6696.000,true
before,1,raw_raw_expression,9,10555,1020.208,2616.000,true
before,1,raw_in_expression,9,897,19880.156,57760.000,true
before,1,raw_insert_placeholders,9,27988,689.178,2096.000,true
before,1,positional_where_eq,9,19255,785.131,2816.000,true
before,1,named_between,9,14186,1396.800,3848.000,true
before,1,raw_subquery_raw,9,32407,615.861,2352.000,true
before,1,raw_pagination,9,18875,1008.784,3520.000,true
before,1,named_dialect_Microsoft_SQL_Server,9,13311,1652.085,4392.000,true
before,1,mybatis_retry_rollback,9,3508,5598.005,7736.000,true
before,1,mybatis_group_order,9,8077,2683.360,7088.000,true
before,1,positional_batch_64,9,936,17359.722,70288.000,true
before,1,named_update_chain_16,9,1181,15436.410,47808.000,true
before,1,raw_insert_entity,9,23994,814.483,2128.000,true
before,1,mybatis_raw_expression,9,9778,1001.023,2616.000,true
before,1,named_pagination,9,16135,1406.359,4192.000,true
before,1,mybatis_in_expression,9,858,25011.772,67800.000,true
before,1,positional_retry_rollback,9,7107,2811.088,6040.000,true
before,1,positional_naming_CAMEL_CASE,9,4465,4793.236,6408.000,true
before,1,raw_where_128,9,329,37730.699,62680.000,true
before,1,raw_in_256,9,358,17306.145,56720.000,true
before,1,positional_update_chain_16,9,2509,6606.576,23168.000,true
before,1,positional_nested,9,17757,1150.341,3120.000,true
before,1,raw_where_16,9,2039,5364.198,9648.000,true
before,1,mybatis_where_16,9,3631,5630.818,9792.000,true
before,1,raw_condition_only,9,4157,4924.272,8584.000,true
before,1,raw_derived,9,5863,3516.613,7632.000,true
before,1,mybatis_union_builder,9,4368,4293.864,8912.000,true
before,1,raw_delete,9,41776,452.729,1664.000,true
before,1,raw_subquery_structured,9,15285,1427.792,4720.000,true
before,1,positional_dialect_DB2,9,20365,1053.464,3616.000,true
before,1,positional_naming_SCREAMING_SNAKE_CASE,9,4718,4193.493,6712.000,true
before,1,positional_naming_UPPER_CAMEL_CASE,9,4116,4436.443,6424.000,true
before,1,raw_join_using,9,21640,943.988,3344.000,true
before,1,positional_select_star,9,91002,237.232,1240.000,true
before,1,positional_in_expression,9,3976,4696.454,10904.000,true
before,1,named_insert_placeholders,9,10403,1052.341,3040.000,true
before,1,positional_in_17,9,25036,852.049,2752.000,true
before,1,mybatis_condition_only,9,4014,5179.322,8728.000,true
before,1,positional_between,9,20230,1064.834,3104.000,true
before,1,named_nested,9,14809,1400.128,3816.000,true
before,1,mybatis_insert_entity,9,24223,847.438,2456.000,true
before,1,positional_late_modifier,9,29523,632.205,2440.000,true
before,1,positional_select_entity,9,23103,618.733,1992.000,true
before,1,positional_insert_placeholders,9,29086,684.731,2096.000,true
before,1,positional_mixed_literals,9,18174,1185.210,2976.000,true
before,1,positional_subquery_raw,9,29340,671.108,2352.000,true
before,1,mybatis_batch_64,9,641,33494.540,117008.000,true
before,1,positional_join_using,9,22702,1004.295,3224.000,true
before,1,positional_naming_NO_CHANGE,9,6655,3037.415,4928.000,true
before,1,raw_union_raw,9,9608,1218.037,1968.000,true
before,1,mybatis_update_map,9,10655,1607.733,4368.000,true
before,1,raw_naming_KEBAB_CASE,9,3948,5754.737,9648.000,true
before,1,positional_select_expressions,9,13276,1519.727,2512.000,true
before,1,named_select_star,9,76822,244.179,1240.000,true
before,1,mybatis_select_expressions,9,9404,1666.387,2512.000,true
before,1,positional_repeated_names,9,1223,14592.886,35520.000,true
before,1,positional_in_256,9,4838,4219.471,9656.000,true
before,1,raw_late_modifier,9,27898,712.435,2560.000,true
before,1,mybatis_select_star,9,85296,231.156,1240.000,true
before,1,mybatis_batch_4,9,7444,2842.504,8816.000,true
before,1,positional_subquery_structured,9,14510,1383.287,4856.000,true
before,1,mybatis_naming_UPPER_CAMEL_CASE,9,3181,6337.944,9520.000,true
before,1,raw_join_on,9,9940,1507.183,4016.000,true
before,1,named_in_1024,9,173,125061.850,353296.000,true
before,1,raw_select_expressions,9,9184,1504.464,2512.000,true
before,1,named_group_order,9,7697,2834.975,7512.000,true
before,1,named_union_raw,9,19557,1104.556,1968.000,true
before,1,raw_select_entity,9,18974,692.795,1992.000,true
before,1,raw_naming_SCREAMING_SNAKE_CASE,9,3891,5275.508,9664.000,true
before,1,positional_raw_expression,9,19142,1049.060,2616.000,true
before,1,mybatis_union_raw,9,19250,1128.582,1968.000,true
before,1,raw_naming_CAMEL_CASE,9,3349,5749.866,9360.000,true
before,1,positional_derived,9,5292,3446.353,7464.000,true
before,1,mybatis_where_eq,9,21703,937.234,3112.000,true
before,1,named_batch_beans,9,2471,8400.607,26728.000,true
before,1,positional_dialect_Microsoft_SQL_Server,9,17562,1250.216,3616.000,true
before,1,mybatis_insert_placeholders,9,21082,1001.219,2736.000,true
before,1,mybatis_naming_CAMEL_CASE,9,2632,6418.617,9504.000,true
before,1,named_dialect_Oracle,9,15143,1371.036,4392.000,true
before,1,mybatis_subquery_structured,9,9163,1617.636,5384.000,true
before,1,named_naming_UPPER_CAMEL_CASE,9,3062,6904.540,11120.000,true
before,1,positional_union_raw,9,19061,1106.390,1968.000,true
before,1,raw_repeated_names,9,723,22510.927,59056.000,true
before,1,named_subquery_raw,9,32529,591.334,2352.000,true
before,1,raw_in_16,9,7338,1968.002,5680.000,true
before,1,named_insert_values,9,19731,1161.061,3176.000,true
before,1,positional_where_128,9,625,30182.560,38992.000,true
before,1,raw_update_map,9,14621,1284.413,3712.000,true
before,1,named_naming_NO_CHANGE,9,4136,5005.706,9624.000,true
before,1,mybatis_mixed_literals,9,13872,1439.605,3608.000,true
before,1,custom_handler_where,9,2911,6273.961,11424.000,true
before,1,mybatis_update_chain_16,9,1429,14802.099,40744.000,true
before,1,raw_where_eq,9,16425,961.406,2936.000,true
before,1,named_naming_CAMEL_CASE,9,2848,6545.049,11104.000,true
before,1,named_in_256,9,735,28042.177,90792.000,true
before,1,positional_batch_beans,9,1869,3999.411,11128.000,true
before,1,positional_in_1024,9,1445,17140.969,28584.000,true
before,1,named_batch_64,9,546,37881.502,133024.000,true
before,1,raw_select_columns,9,12338,742.633,2104.000,true
before,1,named_union_builder,9,4710,4652.611,8912.000,true
before,1,mybatis_batch_beans,9,2620,7367.405,22744.000,true
before,1,named_select_columns,9,27285,806.348,2104.000,true
before,1,mybatis_late_modifier,9,23081,733.954,2736.000,true
before,1,raw_row_in,9,17325,1212.802,3168.000,true
before,1,raw_group_order,9,8436,2177.537,6256.000,true
before,1,positional_dialect_MySQL,9,19736,977.310,3432.000,true
