version,fork,case,round,operations,ns_per_op,bytes_per_op,equivalent
current,4,raw_late_modifier,1,43408,479.538,1368.000,true
current,4,mybatis_in_1024,1,236,77194.915,182264.000,true
current,4,raw_condition_only,1,6842,2643.233,2744.000,true
current,4,named_dialect_Microsoft_SQL_Server,1,16405,1310.344,2608.000,true
current,4,positional_select_expressions,1,6399,1409.548,1960.000,true
current,4,raw_insert_entity,1,37780,592.470,1288.000,true
current,4,positional_group_order,1,12846,1467.523,3136.000,true
current,4,mybatis_group_order,1,11375,1775.965,3632.000,true
current,4,raw_naming_KEBAB_CASE,1,6408,2896.489,3296.000,true
current,4,positional_dialect_DB2,1,21608,803.286,2056.000,true
current,4,raw_select_star,1,92315,210.744,904.000,true
current,4,named_delete,1,62420,344.835,1408.000,true
current,4,named_retry_rollback,1,5278,3116.597,5328.000,true
current,4,named_pagination,1,19084,987.576,2408.000,true
current,4,mybatis_batch_beans,1,2692,5246.062,14144.000,true
current,4,positional_pagination,1,25536,740.179,1848.000,true
current,4,positional_union_builder,1,7796,2173.486,3968.000,true
current,4,raw_insert_placeholders,1,27691,494.933,1232.000,true
current,4,raw_batch_beans,1,6004,3301.682,8832.000,true
current,4,named_dialect_DB2,1,18076,1027.329,2608.000,true
current,4,positional_in_expression,1,5917,2919.452,7560.000,true
current,4,mybatis_batch_64,1,986,19269.878,52240.000,true
current,4,mybatis_raw_expression,1,21037,966.882,1768.000,true
current,4,raw_in_expression,1,4745,4389.926,3736.000,true
current,4,mybatis_select_expressions,1,13996,1362.046,1960.000,true
current,4,named_in_expression,1,854,21715.808,72480.000,true
current,4,named_insert_entity,1,28942,764.629,1928.000,true
current,4,positional_naming_CAMEL_CASE,1,8934,2262.212,1904.000,true
current,4,raw_update_chain_16,1,4468,5013.653,13880.000,true
current,4,named_insert_values,1,25733,759.849,2200.000,true
current,4,mybatis_subquery_raw,1,39074,526.946,1368.000,true
current,4,mybatis_naming_SCREAMING_SNAKE_CASE,1,4931,4066.376,5376.000,true
current,4,named_select_columns,1,25556,607.568,1240.000,true
current,4,positional_join_on,1,16534,1076.896,2448.000,true
current,4,positional_between,1,27517,761.591,1760.000,true
current,4,named_in_256,1,613,22309.951,71376.000,true
current,4,raw_in_256,1,5347,3971.292,2488.000,true
current,4,mybatis_repeated_names,1,1015,17747.586,30560.000,true
current,4,raw_join_using,1,30267,683.969,1688.000,true
current,4,mybatis_update_chain_16,1,2538,7592.671,21328.000,true
current,4,raw_naming_UPPER_CAMEL_CASE,1,5913,3300.744,3024.000,true
current,4,positional_dialect_PostgreSQL,1,22980,771.131,1872.000,true
current,4,named_dialect_PostgreSQL,1,18109,1240.251,2432.000,true
current,4,raw_where_128,1,921,22136.374,17800.000,true
current,4,positional_subquery_structured,1,10226,1047.262,2904.000,true
current,4,named_row_in,1,15566,1054.966,2704.000,true
current,4,mybatis_mixed_literals,1,17060,999.338,2104.000,true
current,4,positional_dialect_Microsoft_SQL_Server,1,18775,1031.031,2056.000,true
current,4,named_naming_UPPER_CAMEL_CASE,1,4704,4157.228,6688.000,true
current,4,positional_dialect_Oracle,1,23937,835.568,2056.000,true
current,4,positional_derived,1,6146,3256.134,5528.000,true
current,4,named_update_chain_16,1,2106,9523.504,24096.000,true
current,4,positional_naming_SCREAMING_SNAKE_CASE,1,6169,3221.624,3688.000,true
current,4,named_union_builder,1,3075,4444.455,6840.000,true
current,4,positional_in_16,1,29584,666.195,1752.000,true
current,4,positional_insert_values,1,32132,640.365,1488.000,true
current,4,raw_where_16,1,6466,2960.532,3296.000,true
current,4,named_naming_NO_CHANGE,1,6374,2922.702,5192.000,true
current,4,raw_union_raw,1,14327,1102.813,1496.000,true
current,4,positional_dialect_MySQL,1,24095,753.895,1872.000,true
current,4,mybatis_pagination,1,20147,896.441,2176.000,true
current,4,named_batch_64,1,909,23700.000,70304.000,true
current,4,mybatis_in_17,1,10032,1493.242,4216.000,true
current,4,positional_insert_entity,1,30197,549.892,1216.000,true
current,4,mybatis_union_raw,1,13187,1000.751,1496.000,true
current,4,raw_naming_NO_CHANGE,1,10015,1864.164,1528.000,true
current,4,raw_between,1,25829,717.775,1672.000,true
current,4,raw_derived,1,4779,3094.622,5264.000,true
current,4,mybatis_naming_UPPER_CAMEL_CASE,1,4843,4062.730,5088.000,true
current,4,mybatis_subquery_structured,1,13918,1300.402,3360.000,true
current,4,named_late_modifier,1,35179,623.065,1840.000,true
current,4,mybatis_naming_NO_CHANGE,1,6800,2656.206,3592.000,true
current,4,mybatis_in_expression,1,985,19015.228,48456.000,true
current,4,positional_union_raw,1,20551,1042.922,1496.000,true
current,4,positional_in_256,1,10164,2083.186,6232.000,true
current,4,positional_retry_rollback,1,5989,2540.758,3888.000,true
current,4,named_in_1024,1,142,88127.465,278584.000,true
current,4,positional_batch_64,1,174,9094.253,23440.000,true
current,4,raw_batch_4,1,15850,1211.748,3296.000,true
current,4,positional_update_chain_16,1,2431,5045.167,14584.000,true
current,4,named_join_on,1,15928,1180.123,2832.000,true
current,4,positional_batch_4,1,2915,1625.249,2832.000,true
current,4,mybatis_insert_values,1,27499,733.761,1864.000,true
current,4,mybatis_select_star,1,93025,206.490,904.000,true
current,4,positional_delete,1,44811,280.496,1024.000,true
current,4,raw_select_entity,1,39985,531.257,1328.000,true
current,4,raw_select_expressions,1,14888,1333.913,1960.000,true
current,4,raw_group_order,1,11926,1401.224,2976.000,true
current,4,positional_select_star,1,112154,208.097,904.000,true
current,4,named_select_star,1,89741,210.492,904.000,true
current,4,positional_naming_UPPER_CAMEL_CASE,1,5939,3250.126,3400.000,true
current,4,raw_pagination,1,21112,664.939,1736.000,true
current,4,custom_handler_union,1,4632,4768.890,7296.000,true
current,4,raw_row_in,1,27803,684.476,1632.000,true
current,4,named_naming_KEBAB_CASE,1,4874,4285.905,6960.000,true
current,4,raw_in_17,1,32091,616.852,1376.000,true
current,4,named_join_using,1,17129,828.034,2160.000,true
current,4,named_naming_CAMEL_CASE,1,5687,3149.974,5192.000,true
current,4,positional_select_columns,1,38638,597.270,1240.000,true
current,4,named_batch_4,1,9896,2011.267,5608.000,true
current,4,raw_in_1024,1,1502,12815.513,6352.000,true
current,4,mybatis_union_builder,1,4173,3928.133,6816.000,true
current,4,positional_update_map,1,19162,784.647,1896.000,true
current,4,named_group_order,1,9967,1924.621,3960.000,true
current,4,named_where_128,1,687,29223.581,47944.000,true
current,4,mybatis_derived,1,5099,4255.619,7256.000,true
current,4,named_mixed_literals,1,18404,1013.111,2440.000,true
current,4,named_raw_expression,1,22898,932.352,1768.000,true
current,4,named_naming_SCREAMING_SNAKE_CASE,1,4735,4085.597,6976.000,true
current,4,positional_naming_KEBAB_CASE,1,6439,3368.085,3672.000,true
current,4,named_dialect_MySQL,1,16736,1015.517,2432.000,true
current,4,named_repeated_names,1,1044,20464.080,42608.000,true
current,4,raw_delete,1,37468,242.506,936.000,true
current,4,named_subquery_raw,1,38513,498.972,1368.000,true
current,4,mybatis_update_map,1,17030,1335.508,2536.000,true
current,4,raw_subquery_structured,1,15423,1129.806,2768.000,true
current,4,raw_raw_expression,1,21031,852.270,1768.000,true
current,4,named_batch_beans,1,2781,5990.939,18640.000,true
current,4,named_update_map,1,16322,1163.179,3000.000,true
current,4,raw_mixed_literals,1,20209,1072.666,1888.000,true
current,4,mybatis_join_using,1,26371,795.571,2000.000,true
current,4,named_in_16,1,6617,1692.549,5544.000,true
current,4,named_where_eq,1,11958,805.302,2000.000,true
current,4,named_insert_placeholders,1,30403,724.659,1976.000,true
current,4,positional_join_using,1,18421,741.838,1776.000,true
current,4,mybatis_insert_placeholders,1,30667,724.968,1640.000,true
current,4,named_nested,1,17478,1114.950,2280.000,true
current,4,named_where_16,1,5216,4202.071,6960.000,true
current,4,mybatis_where_16,1,3421,4595.557,5360.000,true
current,4,named_select_entity,1,28595,539.489,1328.000,true
current,4,positional_raw_expression,1,9720,1022.572,1768.000,true
current,4,named_between,1,9409,1227.814,2624.000,true
current,4,positional_where_16,1,4410,3104.444,3672.000,true
current,4,positional_nested,1,18469,904.445,1728.000,true
current,4,mybatis_nested,1,17662,1114.268,2048.000,true
current,4,positional_late_modifier,1,28034,488.500,1456.000,true
current,4,positional_mixed_literals,1,24234,936.601,1720.000,true
current,4,positional_where_128,1,944,21954.979,20736.000,true
current,4,raw_union_builder,1,6186,2067.944,3752.000,true
current,4,mybatis_in_16,1,12543,1573.858,4072.000,true
current,4,mybatis_select_entity,1,38518,545.999,1328.000,true
current,4,positional_insert_placeholders,1,39210,451.464,1232.000,true
current,4,mybatis_batch_4,1,11253,1928.286,4528.000,true
current,4,positional_in_17,1,29296,648.358,1704.000,true
current,4,positional_in_1024,1,2399,6129.262,20824.000,true
current,4,raw_batch_64,1,1917,11775.013,30176.000,true
current,4,custom_handler_where,1,4725,4184.720,6992.000,true
current,4,positional_row_in,1,28239,753.667,1632.000,true
current,4,positional_repeated_names,1,1669,11900.359,17264.000,true
current,4,raw_insert_values,1,22617,673.281,1560.000,true
current,4,mybatis_insert_entity,1,30575,680.814,1592.000,true
current,4,mybatis_where_eq,1,27621,778.603,1840.000,true
current,4,raw_update_map,1,24544,906.841,1984.000,true
current,4,mybatis_select_columns,1,31968,667.880,1240.000,true
current,4,positional_subquery_raw,1,40360,649.609,1368.000,true
current,4,mybatis_row_in,1,15545,1043.319,2296.000,true
current,4,raw_repeated_names,1,1833,14191.162,14176.000,true
current,4,raw_naming_SCREAMING_SNAKE_CASE,1,5799,3192.861,3312.000,true
current,4,positional_select_entity,1,42222,547.397,1328.000,true
current,4,raw_subquery_raw,1,37392,488.214,1368.000,true
current,4,raw_retry_rollback,1,8946,2575.106,4000.000,true
current,4,mybatis_where_128,1,438,28988.584,34872.000,true
current,4,named_in_17,1,6069,1830.005,5760.000,true
current,4,raw_in_16,1,32089,682.764,1368.000,true
current,4,named_dialect_Oracle,1,19284,1181.809,2608.000,true
current,4,mybatis_late_modifier,1,25519,573.271,1680.000,true
current,4,raw_join_on,1,18035,1140.017,2360.000,true
current,4,positional_batch_beans,1,4596,2720.975,7008.000,true
current,4,mybatis_between,1,16199,1112.112,2368.000,true
current,4,named_subquery_structured,1,13299,1491.623,3616.000,true
current,4,raw_select_columns,1,33932,628.934,1240.000,true
current,4,named_condition_only,1,5472,3560.179,6408.000,true
current,4,positional_naming_NO_CHANGE,1,9826,2023.092,1904.000,true
current,4,raw_nested,1,13385,932.828,1640.000,true
current,4,mybatis_naming_CAMEL_CASE,1,6160,3108.588,3592.000,true
current,4,positional_condition_only,1,7388,2641.662,3128.000,true
current,4,mybatis_in_256,1,1079,18433.642,47280.000,true
current,4,mybatis_delete,1,64357,365.460,1256.000,true
current,4,raw_naming_CAMEL_CASE,1,8820,2386.315,1528.000,true
current,4,positional_where_eq,1,32279,706.593,1616.000,true
current,4,named_union_raw,1,12571,1061.562,1496.000,true
current,4,mybatis_condition_only,1,5308,3441.240,4808.000,true
current,4,mybatis_retry_rollback,1,7048,3234.719,4808.000,true
current,4,named_select_expressions,1,13465,1438.099,1960.000,true
current,4,raw_where_eq,1,29952,690.925,1528.000,true
current,4,named_derived,1,4141,4271.867,7304.000,true
current,4,mybatis_naming_KEBAB_CASE,1,5063,4126.309,5360.000,true
current,4,mybatis_join_on,1,17608,1218.401,2672.000,true
current,4,mybatis_retry_rollback,2,7048,2961.989,4808.000,true
current,4,named_mixed_literals,2,18404,1191.589,2440.000,true
current,4,positional_batch_beans,2,4596,2789.665,7008.000,true
current,4,raw_raw_expression,2,21031,989.753,1768.000,true
current,4,raw_where_16,2,6466,3057.222,3296.000,true
current,4,mybatis_where_eq,2,27621,778.563,1840.000,true
current,4,named_in_1024,2,142,86765.493,278584.000,true
current,4,raw_insert_entity,2,37780,600.892,1288.000,true
current,4,positional_union_builder,2,7796,2267.009,3968.000,true
current,4,raw_where_128,2,921,22492.508,17800.000,true
current,4,raw_derived,2,4779,3438.439,5264.000,true
current,4,raw_naming_NO_CHANGE,2,10015,1924.553,1528.000,true
current,4,named_insert_values,2,25733,852.089,2200.000,true
current,4,mybatis_condition_only,2,5308,3472.381,4808.000,true
current,4,raw_select_columns,2,33932,617.199,1240.000,true
current,4,mybatis_insert_values,2,27499,775.734,1864.000,true
current,4,named_dialect_Microsoft_SQL_Server,2,16405,1297.513,2608.000,true
current,4,raw_between,2,25829,699.319,1672.000,true
current,4,mybatis_union_builder,2,4173,4190.271,6816.000,true
current,4,mybatis_derived,2,5099,4098.392,7256.000,true
current,4,positional_retry_rollback,2,5989,2575.171,3888.000,true
current,4,raw_update_chain_16,2,4468,4589.167,13880.000,true
current,4,raw_in_1024,2,1502,13709.787,6352.000,true
current,4,named_batch_beans,2,2781,6426.465,18640.000,true
current,4,raw_pagination,2,21112,733.303,1736.000,true
current,4,raw_late_modifier,2,43408,469.893,1368.000,true
current,4,raw_in_256,2,5347,4364.373,2488.000,true
current,4,named_batch_64,2,909,24214.851,70304.000,true
current,4,positional_row_in,2,28239,813.581,1632.000,true
current,4,mybatis_update_chain_16,2,2538,8378.645,21328.000,true
current,4,raw_subquery_raw,2,37392,494.068,1368.000,true
current,4,positional_late_modifier,2,28034,545.912,1456.000,true
current,4,raw_repeated_names,2,1833,11699.073,14176.000,true
current,4,positional_between,2,27517,845.434,1760.000,true
current,4,named_dialect_PostgreSQL,2,18109,1055.089,2432.000,true
current,4,mybatis_batch_64,2,986,20762.779,52240.000,true
current,4,named_update_map,2,16322,1341.098,3000.000,true
current,4,custom_handler_union,2,4632,4668.480,7296.000,true
current,4,raw_batch_beans,2,6004,3748.734,8832.000,true
current,4,raw_union_builder,2,6186,2174.281,3752.000,true
current,4,positional_join_using,2,18421,726.057,1776.000,true
current,4,positional_dialect_PostgreSQL,2,22980,886.923,1872.000,true
current,4,positional_update_map,2,19162,768.589,1896.000,true
current,4,named_naming_KEBAB_CASE,2,4874,4657.735,6960.000,true
current,4,raw_naming_KEBAB_CASE,2,6408,3174.719,3296.000,true
current,4,mybatis_update_map,2,17030,1246.917,2536.000,true
current,4,mybatis_between,2,16199,1085.388,2368.000,true
current,4,named_select_star,2,89741,208.214,904.000,true
current,4,positional_insert_entity,2,30197,555.198,1216.000,true
current,4,raw_row_in,2,27803,730.367,1632.000,true
current,4,raw_join_using,2,30267,680.246,1688.000,true
current,4,named_where_eq,2,11958,740.057,2000.000,true
current,4,positional_subquery_raw,2,40360,509.333,1368.000,true
current,4,raw_naming_SCREAMING_SNAKE_CASE,2,5799,3072.599,3312.000,true
current,4,named_union_raw,2,12571,1040.593,1496.000,true
current,4,mybatis_in_256,2,1079,17766.080,47280.000,true
current,4,positional_in_1024,2,2399,6344.935,20824.000,true
current,4,mybatis_group_order,2,11375,1765.820,3632.000,true
current,4,mybatis_late_modifier,2,25519,654.838,1680.000,true
current,4,mybatis_naming_NO_CHANGE,2,6800,2864.279,3592.000,true
current,4,mybatis_repeated_names,2,1015,18059.901,30560.000,true
current,4,mybatis_batch_4,2,11253,1964.481,4528.000,true
current,4,raw_naming_UPPER_CAMEL_CASE,2,5913,3346.237,3024.000,true
current,4,named_naming_NO_CHANGE,2,6374,3348.792,5192.000,true
current,4,mybatis_pagination,2,20147,878.523,2176.000,true
current,4,mybatis_naming_SCREAMING_SNAKE_CASE,2,4931,4205.861,5376.000,true
current,4,positional_dialect_Oracle,2,23937,836.416,2056.000,true
current,4,raw_where_eq,2,29952,690.718,1528.000,true
current,4,mybatis_in_expression,2,985,17924.365,48456.000,true
current,4,named_late_modifier,2,35179,622.542,1840.000,true
current,4,mybatis_select_expressions,2,13996,1522.149,1960.000,true
current,4,named_raw_expression,2,22898,934.671,1768.000,true
current,4,mybatis_join_using,2,26371,792.097,2000.000,true
current,4,positional_group_order,2,12846,1524.389,3136.000,true
current,4,named_row_in,2,15566,1156.617,2704.000,true
current,4,mybatis_nested,2,17662,1013.628,2048.000,true
current,4,positional_dialect_DB2,2,21608,862.079,2056.000,true
current,4,named_group_order,2,9967,1938.668,3960.000,true
current,4,named_derived,2,4141,4539.749,7304.000,true
current,4,positional_select_entity,2,42222,553.254,1328.000,true
current,4,named_union_builder,2,3075,4803.415,6840.000,true
current,4,positional_where_128,2,944,22452.648,20736.000,true
current,4,positional_in_16,2,29584,725.855,1752.000,true
current,4,raw_in_17,2,32091,607.778,1376.000,true
current,4,raw_condition_only,2,6842,2558.521,2744.000,true
current,4,raw_naming_CAMEL_CASE,2,8820,2387.098,1528.000,true
current,4,positional_dialect_Microsoft_SQL_Server,2,18775,1003.920,2056.000,true
current,4,raw_union_raw,2,14327,1099.958,1496.000,true
current,4,named_where_16,2,5216,4361.254,6960.000,true
current,4,mybatis_naming_CAMEL_CASE,2,6160,3168.279,3592.000,true
current,4,mybatis_insert_entity,2,30575,725.125,1592.000,true
current,4,raw_retry_rollback,2,8946,2736.664,4000.000,true
current,4,positional_batch_4,2,2915,1097.804,2832.000,true
current,4,raw_group_order,2,11926,1505.802,2976.000,true
current,4,mybatis_select_columns,2,31968,626.830,1240.000,true
current,4,named_naming_UPPER_CAMEL_CASE,2,4704,4695.238,6688.000,true
current,4,positional_batch_64,2,174,8710.345,23440.000,true
current,4,positional_nested,2,18469,900.060,1728.000,true
current,4,named_where_128,2,687,32601.892,47944.000,true
current,4,named_repeated_names,2,1044,19842.050,42608.000,true
current,4,named_delete,2,62420,358.755,1408.000,true
current,4,positional_naming_KEBAB_CASE,2,6439,3277.232,3672.000,true
current,4,named_in_256,2,613,21633.279,71376.000,true
current,4,mybatis_union_raw,2,13187,1053.689,1496.000,true
current,4,mybatis_in_17,2,10032,1713.756,4216.000,true
current,4,positional_join_on,2,16534,1098.089,2448.000,true
current,4,positional_delete,2,44811,317.228,1024.000,true
current,4,named_subquery_structured,2,13299,1485.164,3616.000,true
current,4,mybatis_in_16,2,12543,1491.868,4072.000,true
current,4,positional_where_eq,2,32279,700.812,1616.000,true
current,4,mybatis_subquery_raw,2,39074,545.831,1368.000,true
current,4,positional_mixed_literals,2,24234,898.638,1720.000,true
current,4,mybatis_insert_placeholders,2,30667,718.528,1640.000,true
current,4,mybatis_where_16,2,3421,4100.848,5360.000,true
current,4,named_dialect_MySQL,2,16736,1085.719,2432.000,true
current,4,mybatis_where_128,2,438,32323.516,34872.000,true
current,4,positional_insert_values,2,32132,624.194,1488.000,true
current,4,named_select_columns,2,25556,641.740,1240.000,true
current,4,positional_select_columns,2,38638,597.552,1240.000,true
current,4,mybatis_batch_beans,2,2692,5756.538,14144.000,true
current,4,custom_handler_where,2,4725,4188.762,6992.000,true
current,4,positional_insert_placeholders,2,39210,495.412,1232.000,true
current,4,mybatis_naming_KEBAB_CASE,2,5063,4108.118,5360.000,true
current,4,named_retry_rollback,2,5278,3287.268,5328.000,true
current,4,positional_update_chain_16,2,2431,4439.161,14584.000,true
current,4,named_batch_4,2,9896,2020.604,5608.000,true
current,4,raw_insert_placeholders,2,27691,436.134,1232.000,true
current,4,named_in_expression,2,854,25572.248,72480.000,true
current,4,raw_insert_values,2,22617,663.766,1560.000,true
current,4,mybatis_select_entity,2,38518,589.093,1328.000,true
current,4,raw_select_expressions,2,14888,1484.605,1960.000,true
current,4,named_naming_CAMEL_CASE,2,5687,3655.407,5192.000,true
current,4,mybatis_subquery_structured,2,13918,1394.324,3360.000,true
current,4,positional_repeated_names,2,1669,13161.174,17264.000,true
current,4,named_condition_only,2,5472,3689.766,6408.000,true
current,4,positional_select_star,2,112154,221.660,904.000,true
current,4,named_subquery_raw,2,38513,525.903,1368.000,true
current,4,raw_batch_4,2,15850,1358.309,3296.000,true
current,4,named_insert_placeholders,2,30403,734.819,1976.000,true
current,4,positional_naming_NO_CHANGE,2,9826,2110.523,1904.000,true
current,4,mybatis_raw_expression,2,21037,1290.407,1768.000,true
current,4,positional_naming_UPPER_CAMEL_CASE,2,5939,3540.091,3400.000,true
current,4,named_insert_entity,2,28942,728.201,1928.000,true
current,4,named_in_17,2,6069,1891.893,5760.000,true
current,4,named_update_chain_16,2,2106,9188.224,24096.000,true
current,4,named_join_on,2,15928,1244.977,2832.000,true
current,4,positional_naming_CAMEL_CASE,2,8934,2415.670,1904.000,true
current,4,positional_naming_SCREAMING_SNAKE_CASE,2,6169,3205.333,3688.000,true
current,4,positional_in_expression,2,5917,3220.145,7560.000,true
current,4,raw_mixed_literals,2,20209,1062.057,1888.000,true
current,4,mybatis_mixed_literals,2,17060,1133.499,2104.000,true
current,4,named_pagination,2,19084,973.659,2408.000,true
current,4,named_dialect_DB2,2,18076,1118.876,2608.000,true
current,4,positional_in_256,2,10164,2219.284,6232.000,true
current,4,raw_select_entity,2,39985,537.004,1328.000,true
current,4,raw_select_star,2,92315,207.616,904.000,true
current,4,mybatis_naming_UPPER_CAMEL_CASE,2,4843,4273.095,5088.000,true
current,4,raw_batch_64,2,1917,11616.119,30176.000,true
current,4,named_between,2,9409,1068.403,2624.000,true
current,4,named_join_using,2,17129,758.223,2160.000,true
current,4,mybatis_row_in,2,15545,1071.554,2296.000,true
current,4,positional_condition_only,2,7388,2692.352,3128.000,true
current,4,raw_delete,2,37468,289.111,936.000,true
current,4,positional_dialect_MySQL,2,24095,805.275,1872.000,true
current,4,raw_nested,2,13385,990.108,1640.000,true
current,4,positional_where_16,2,4410,3092.562,3672.000,true
current,4,raw_subquery_structured,2,15423,1093.412,2768.000,true
current,4,positional_derived,2,6146,3637.992,5528.000,true
current,4,raw_in_16,2,32089,630.574,1368.000,true
current,4,named_select_entity,2,28595,582.619,1328.000,true
current,4,named_nested,2,17478,1070.117,2280.000,true
current,4,mybatis_join_on,2,17608,1250.488,2672.000,true
current,4,positional_subquery_structured,2,10226,1135.204,2904.000,true
current,4,positional_pagination,2,25536,776.159,1848.000,true
current,4,positional_union_raw,2,20551,1032.076,1496.000,true
current,4,raw_in_expression,2,4745,4463.456,3736.000,true
current,4,named_in_16,2,6617,1840.184,5544.000,true
current,4,raw_join_on,2,18035,1035.049,2360.000,true
current,4,mybatis_select_star,2,93025,232.413,904.000,true
current,4,positional_in_17,2,29296,585.725,1704.000,true
current,4,named_select_expressions,2,13465,1412.039,1960.000,true
current,4,named_naming_SCREAMING_SNAKE_CASE,2,4735,4517.001,6976.000,true
current,4,positional_raw_expression,2,9720,915.144,1768.000,true
current,4,positional_select_expressions,2,6399,1358.806,1960.000,true
current,4,raw_update_map,2,24544,875.945,1984.000,true
current,4,mybatis_in_1024,2,236,79017.373,182264.000,true
current,4,named_dialect_Oracle,2,19284,1174.699,2608.000,true
current,4,mybatis_delete,2,64357,367.017,1256.000,true
current,4,raw_union_builder,3,6186,2131.458,3752.000,true
current,4,positional_in_expression,3,5917,3190.705,7560.000,true
current,4,named_insert_entity,3,28942,737.755,1928.000,true
current,4,raw_naming_UPPER_CAMEL_CASE,3,5913,3322.645,3024.000,true
current,4,raw_naming_CAMEL_CASE,3,8820,2256.757,1528.000,true
current,4,raw_repeated_names,3,1833,11449.482,14176.000,true
current,4,positional_naming_UPPER_CAMEL_CASE,3,5939,3618.219,3400.000,true
current,4,raw_naming_SCREAMING_SNAKE_CASE,3,5799,3302.552,3312.000,true
current,4,mybatis_insert_values,3,27499,807.993,1864.000,true
current,4,raw_nested,3,13385,920.261,1640.000,true
current,4,positional_naming_CAMEL_CASE,3,8934,2325.196,1904.000,true
current,4,positional_select_star,3,112154,202.408,904.000,true
current,4,named_union_builder,3,3075,4548.943,6840.000,true
current,4,positional_row_in,3,28239,757.537,1632.000,true
current,4,named_dialect_Oracle,3,19284,1147.988,2608.000,true
current,4,positional_union_builder,3,7796,2281.888,3968.000,true
current,4,named_subquery_raw,3,38513,552.006,1368.000,true
current,4,raw_in_256,3,5347,3619.918,2488.000,true
current,4,mybatis_in_1024,3,236,83834.746,182264.000,true
current,4,raw_join_on,3,18035,1079.290,2360.000,true
current,4,positional_condition_only,3,7388,2683.771,3128.000,true
current,4,raw_batch_64,3,1917,12233.907,30176.000,true
current,4,named_dialect_PostgreSQL,3,18109,1171.412,2432.000,true
current,4,mybatis_select_columns,3,31968,585.448,1240.000,true
current,4,raw_select_expressions,3,14888,1469.365,1960.000,true
current,4,raw_mixed_literals,3,20209,1042.877,1888.000,true
current,4,positional_in_1024,3,2399,6341.100,20824.000,true
current,4,positional_late_modifier,3,28034,514.846,1456.000,true
current,4,raw_insert_placeholders,3,27691,483.305,1232.000,true
current,4,raw_where_eq,3,29952,668.483,1528.000,true
current,4,named_pagination,3,19084,1072.621,2408.000,true
current,4,mybatis_insert_entity,3,30575,733.554,1592.000,true
current,4,mybatis_where_eq,3,27621,752.225,1840.000,true
current,4,mybatis_in_256,3,1079,19351.437,47280.000,true
current,4,named_dialect_MySQL,3,16736,1016.928,2432.000,true
current,4,named_mixed_literals,3,18404,1150.228,2440.000,true
current,4,named_select_columns,3,25556,618.864,1240.000,true
current,4,mybatis_subquery_raw,3,39074,551.367,1368.000,true
current,4,raw_derived,3,4779,5470.182,5264.000,true
current,4,raw_where_16,3,6466,4474.606,3296.000,true
current,4,mybatis_naming_KEBAB_CASE,3,5063,7035.572,5360.000,true
current,4,named_in_256,3,613,25138.336,71376.000,true
current,4,named_in_16,3,6617,1789.935,5544.000,true
current,4,positional_update_chain_16,3,2431,4978.610,14584.000,true
current,4,positional_insert_values,3,32132,632.410,1488.000,true
current,4,named_naming_NO_CHANGE,3,6374,2931.770,5192.000,true
current,4,raw_naming_KEBAB_CASE,3,6408,3087.016,3296.000,true
current,4,raw_select_star,3,92315,210.362,904.000,true
current,4,raw_update_map,3,24544,804.669,1984.000,true
current,4,positional_dialect_Microsoft_SQL_Server,3,18775,1092.975,2056.000,true
current,4,mybatis_select_expressions,3,13996,1315.233,1960.000,true
current,4,raw_union_raw,3,14327,1087.848,1496.000,true
current,4,positional_naming_SCREAMING_SNAKE_CASE,3,6169,3097.131,3688.000,true
current,4,named_batch_beans,3,2781,6321.395,18640.000,true
current,4,positional_naming_KEBAB_CASE,3,6439,3346.405,3672.000,true
current,4,named_derived,3,4141,3956.411,7304.000,true
current,4,raw_in_16,3,32089,639.690,1368.000,true
current,4,mybatis_batch_beans,3,2692,5474.814,14144.000,true
current,4,mybatis_union_builder,3,4173,4256.650,6816.000,true
current,4,named_union_raw,3,12571,1044.467,1496.000,true
current,4,raw_select_columns,3,33932,555.980,1240.000,true
current,4,positional_in_16,3,29584,683.647,1752.000,true
current,4,mybatis_naming_SCREAMING_SNAKE_CASE,3,4931,4105.820,5376.000,true
current,4,named_insert_placeholders,3,30403,706.407,1976.000,true
current,4,positional_pagination,3,25536,777.205,1848.000,true
current,4,positional_subquery_structured,3,10226,1064.571,2904.000,true
current,4,custom_handler_union,3,4632,4822.042,7296.000,true
current,4,mybatis_in_17,3,10032,1519.677,4216.000,true
current,4,raw_join_using,3,30267,861.830,1688.000,true
current,4,named_where_eq,3,11958,857.359,2000.000,true
current,4,positional_in_256,3,10164,2118.142,6232.000,true
current,4,mybatis_where_16,3,3421,3835.282,5360.000,true
current,4,positional_batch_64,3,174,8435.057,23440.000,true
current,4,named_retry_rollback,3,5278,4097.840,5328.000,true
current,4,named_batch_64,3,909,22527.173,70304.000,true
current,4,positional_join_on,3,16534,1104.996,2448.000,true
current,4,positional_batch_4,3,2915,1070.189,2832.000,true
current,4,mybatis_between,3,16199,1011.723,2368.000,true
current,4,raw_raw_expression,3,21031,915.339,1768.000,true
current,4,raw_batch_4,3,15850,1294.909,3296.000,true
current,4,mybatis_retry_rollback,3,7048,3289.004,4808.000,true
current,4,positional_retry_rollback,3,5989,2404.725,3888.000,true
current,4,positional_where_16,3,4410,3271.973,3672.000,true
current,4,named_in_expression,3,854,22089.227,72480.000,true
current,4,positional_where_eq,3,32279,692.952,1616.000,true
current,4,mybatis_batch_64,3,986,21101.014,52240.000,true
current,4,raw_group_order,3,11926,1390.198,2976.000,true
current,4,named_in_17,3,6069,1664.195,5760.000,true
current,4,positional_raw_expression,3,9720,1045.453,1768.000,true
current,4,mybatis_group_order,3,11375,1757.908,3632.000,true
current,4,positional_repeated_names,3,1669,12082.445,17264.000,true
current,4,named_late_modifier,3,35179,579.860,1840.000,true
current,4,mybatis_select_entity,3,38518,621.356,1328.000,true
current,4,positional_naming_NO_CHANGE,3,9826,1999.990,1904.000,true
current,4,positional_derived,3,6146,3710.055,5528.000,true
current,4,named_naming_CAMEL_CASE,3,5687,3369.386,5192.000,true
current,4,positional_join_using,3,18421,710.493,1776.000,true
current,4,positional_dialect_DB2,3,21608,798.626,2056.000,true
current,4,mybatis_subquery_structured,3,13918,1459.225,3360.000,true
current,4,positional_union_raw,3,20551,1056.211,1496.000,true
current,4,mybatis_update_chain_16,3,2538,8795.508,21328.000,true
current,4,named_select_expressions,3,13465,1428.763,1960.000,true
current,4,named_where_128,3,687,32570.888,47944.000,true
current,4,raw_subquery_structured,3,15423,1107.320,2768.000,true
current,4,named_naming_SCREAMING_SNAKE_CASE,3,4735,4596.558,6976.000,true
current,4,named_delete,3,62420,379.622,1408.000,true
current,4,mybatis_in_16,3,12543,1568.915,4072.000,true
current,4,positional_dialect_MySQL,3,24095,813.272,1872.000,true
current,4,raw_insert_values,3,22617,630.672,1560.000,true
current,4,named_repeated_names,3,1044,22510.920,42608.000,true
current,4,mybatis_union_raw,3,13187,1076.196,1496.000,true
current,4,mybatis_update_map,3,17030,1225.984,2536.000,true
current,4,mybatis_batch_4,3,11253,1833.067,4528.000,true
current,4,raw_in_1024,3,1502,14308.788,6352.000,true
current,4,raw_delete,3,37468,288.849,936.000,true
current,4,raw_where_128,3,921,22009.772,17800.000,true
current,4,named_dialect_DB2,3,18076,1101.516,2608.000,true
current,4,positional_select_columns,3,38638,594.342,1240.000,true
current,4,named_naming_UPPER_CAMEL_CASE,3,4704,4613.223,6688.000,true
current,4,named_where_16,3,5216,4161.426,6960.000,true
current,4,named_raw_expression,3,22898,1091.763,1768.000,true
current,4,raw_in_17,3,32091,679.156,1376.000,true
current,4,raw_select_entity,3,39985,561.118,1328.000,true
current,4,raw_naming_NO_CHANGE,3,10015,1966.031,1528.000,true
current,4,positional_between,3,27517,819.046,1760.000,true
current,4,named_dialect_Microsoft_SQL_Server,3,16405,1278.049,2608.000,true
current,4,positional_group_order,3,12846,1626.179,3136.000,true
current,4,positional_subquery_raw,3,40360,598.935,1368.000,true
current,4,named_row_in,3,15566,1395.612,2704.000,true
current,4,mybatis_naming_NO_CHANGE,3,6800,3189.368,3592.000,true
current,4,raw_insert_entity,3,37780,626.215,1288.000,true
current,4,named_select_star,3,89741,211.495,904.000,true
current,4,named_select_entity,3,28595,528.722,1328.000,true
current,4,raw_retry_rollback,3,8946,2567.885,4000.000,true
current,4,named_in_1024,3,142,91195.775,278584.000,true
current,4,named_batch_4,3,9896,2112.338,5608.000,true
current,4,positional_mixed_literals,3,24234,929.079,1720.000,true
current,4,positional_select_expressions,3,6399,1420.175,1960.000,true
current,4,mybatis_insert_placeholders,3,30667,671.960,1640.000,true
current,4,custom_handler_where,3,4725,4322.688,6992.000,true
current,4,mybatis_delete,3,64357,344.743,1256.000,true
current,4,named_join_using,3,17129,778.831,2160.000,true
current,4,positional_nested,3,18469,994.001,1728.000,true
current,4,positional_insert_entity,3,30197,501.901,1216.000,true
current,4,mybatis_pagination,3,20147,948.861,2176.000,true
current,4,positional_in_17,3,29296,592.221,1704.000,true
current,4,mybatis_join_using,3,26371,781.336,2000.000,true
current,4,positional_update_map,3,19162,829.866,1896.000,true
current,4,mybatis_nested,3,17662,1061.896,2048.000,true
current,4,named_join_on,3,15928,1419.795,2832.000,true
current,4,raw_pagination,3,21112,691.905,1736.000,true
current,4,positional_select_entity,3,42222,588.217,1328.000,true
current,4,mybatis_mixed_literals,3,17060,1233.283,2104.000,true
current,4,raw_row_in,3,27803,1108.064,1632.000,true
current,4,raw_between,3,25829,896.043,1672.000,true
current,4,mybatis_select_star,3,93025,352.641,904.000,true
current,4,positional_dialect_PostgreSQL,3,22980,1100.440,1872.000,true
current,4,mybatis_join_on,3,17608,1849.222,2672.000,true
current,4,positional_where_128,3,944,24147.246,20736.000,true
current,4,mybatis_naming_UPPER_CAMEL_CASE,3,4843,4267.252,5088.000,true
current,4,mybatis_late_modifier,3,25519,638.070,1680.000,true
current,4,mybatis_derived,3,5099,4229.672,7256.000,true
current,4,mybatis_condition_only,3,5308,3554.521,4808.000,true
current,4,positional_dialect_Oracle,3,23937,864.544,2056.000,true
current,4,named_update_map,3,16322,1266.560,3000.000,true
current,4,raw_late_modifier,3,43408,488.011,1368.000,true
current,4,mybatis_raw_expression,3,21037,971.232,1768.000,true
current,4,named_subquery_structured,3,13299,1530.611,3616.000,true
current,4,positional_insert_placeholders,3,39210,468.630,1232.000,true
current,4,raw_batch_beans,3,6004,3640.806,8832.000,true
current,4,mybatis_where_128,3,438,29506.393,34872.000,true
current,4,named_naming_KEBAB_CASE,3,4874,4360.977,6960.000,true
current,4,named_nested,3,17478,1079.277,2280.000,true
current,4,named_insert_values,3,25733,839.183,2200.000,true
current,4,named_group_order,3,9967,2007.174,3960.000,true
current,4,mybatis_row_in,3,15545,1078.990,2296.000,true
current,4,named_condition_only,3,5472,3666.849,6408.000,true
current,4,named_between,3,9409,1067.627,2624.000,true
current,4,named_update_chain_16,3,2106,10029.060,24096.000,true
current,4,positional_batch_beans,3,4596,2788.534,7008.000,true
current,4,raw_condition_only,3,6842,2748.845,2744.000,true
current,4,raw_in_expression,3,4745,4578.820,3736.000,true
current,4,raw_update_chain_16,3,4468,5009.557,13880.000,true
current,4,positional_delete,3,44811,285.591,1024.000,true
current,4,mybatis_in_expression,3,985,19808.934,48456.000,true
current,4,mybatis_naming_CAMEL_CASE,3,6160,3318.474,3592.000,true
current,4,raw_subquery_raw,3,37392,507.734,1368.000,true
current,4,mybatis_repeated_names,3,1015,17900.197,30560.000,true
current,4,named_naming_NO_CHANGE,4,6374,3176.561,5192.000,true
current,4,raw_batch_64,4,1917,11145.279,30176.000,true
current,4,named_select_entity,4,28595,548.858,1328.000,true
current,4,positional_in_16,4,29584,744.838,1752.000,true
current,4,raw_select_entity,4,39985,528.998,1328.000,true
current,4,named_naming_UPPER_CAMEL_CASE,4,4704,4571.386,6688.000,true
current,4,mybatis_join_using,4,26371,747.423,2000.000,true
current,4,named_select_star,4,89741,215.985,904.000,true
current,4,named_insert_values,4,25733,814.363,2200.000,true
current,4,mybatis_raw_expression,4,21037,966.269,1768.000,true
current,4,named_dialect_Microsoft_SQL_Server,4,16405,1245.645,2608.000,true
current,4,raw_where_eq,4,29952,754.711,1528.000,true
current,4,raw_late_modifier,4,43408,479.847,1368.000,true
current,4,named_raw_expression,4,22898,1020.853,1768.000,true
current,4,raw_mixed_literals,4,20209,1079.321,1888.000,true
current,4,named_naming_SCREAMING_SNAKE_CASE,4,4735,4822.703,6976.000,true
current,4,named_insert_entity,4,28942,750.546,1928.000,true
current,4,positional_retry_rollback,4,5989,2449.140,3888.000,true
current,4,raw_naming_SCREAMING_SNAKE_CASE,4,5799,3161.838,3312.000,true
current,4,raw_join_using,4,30267,671.718,1688.000,true
current,4,positional_batch_64,4,174,8408.621,23440.000,true
current,4,custom_handler_where,4,4725,4288.317,6992.000,true
current,4,positional_late_modifier,4,28034,529.514,1456.000,true
current,4,named_update_chain_16,4,2106,9170.608,24096.000,true
current,4,raw_pagination,4,21112,713.300,1736.000,true
current,4,mybatis_naming_CAMEL_CASE,4,6160,3241.071,3592.000,true
current,4,mybatis_naming_KEBAB_CASE,4,5063,4024.393,5360.000,true
current,4,positional_naming_KEBAB_CASE,4,6439,3422.736,3672.000,true
current,4,named_mixed_literals,4,18404,1072.164,2440.000,true
current,4,raw_update_map,4,24544,879.779,1984.000,true
current,4,named_condition_only,4,5472,3492.325,6408.000,true
current,4,positional_update_map,4,19162,886.452,1896.000,true
current,4,positional_dialect_DB2,4,21608,837.000,2056.000,true
current,4,raw_update_chain_16,4,4468,5015.891,13880.000,true
current,4,positional_select_entity,4,42222,555.620,1328.000,true
current,4,raw_in_1024,4,1502,13926.698,6352.000,true
current,4,named_dialect_MySQL,4,16736,1208.019,2432.000,true
current,4,mybatis_select_columns,4,31968,679.054,1240.000,true
current,4,mybatis_batch_64,4,986,24036.207,52240.000,true
current,4,named_subquery_raw,4,38513,699.159,1368.000,true
current,4,positional_insert_placeholders,4,39210,558.447,1232.000,true
current,4,named_select_expressions,4,13465,1497.430,1960.000,true
current,4,positional_row_in,4,28239,760.958,1632.000,true
current,4,named_join_using,4,17129,776.718,2160.000,true
current,4,raw_batch_4,4,15850,1365.451,3296.000,true
current,4,positional_subquery_raw,4,40360,529.331,1368.000,true
current,4,mybatis_in_expression,4,985,18621.624,48456.000,true
current,4,positional_dialect_Microsoft_SQL_Server,4,18775,1033.784,2056.000,true
current,4,raw_batch_beans,4,6004,3608.678,8832.000,true
current,4,named_late_modifier,4,35179,605.796,1840.000,true
current,4,positional_update_chain_16,4,2431,4942.616,14584.000,true
current,4,named_retry_rollback,4,5278,3054.471,5328.000,true
current,4,mybatis_late_modifier,4,25519,612.438,1680.000,true
current,4,named_batch_beans,4,2781,6047.537,18640.000,true
current,4,mybatis_delete,4,64357,341.023,1256.000,true
current,4,mybatis_select_expressions,4,13996,1425.972,1960.000,true
current,4,mybatis_group_order,4,11375,1763.780,3632.000,true
current,4,named_naming_CAMEL_CASE,4,5687,3611.904,5192.000,true
current,4,raw_in_17,4,32091,597.772,1376.000,true
current,4,raw_select_star,4,92315,221.670,904.000,true
current,4,mybatis_update_map,4,17030,1238.432,2536.000,true
current,4,raw_in_expression,4,4745,4530.137,3736.000,true
current,4,positional_select_columns,4,38638,617.278,1240.000,true
current,4,mybatis_in_16,4,12543,1533.788,4072.000,true
current,4,mybatis_insert_placeholders,4,30667,689.611,1640.000,true
current,4,raw_union_raw,4,14327,1112.382,1496.000,true
current,4,positional_mixed_literals,4,24234,972.411,1720.000,true
current,4,raw_repeated_names,4,1833,11913.639,14176.000,true
current,4,positional_where_128,4,944,22333.157,20736.000,true
current,4,positional_insert_values,4,32132,626.737,1488.000,true
current,4,raw_in_256,4,5347,3740.284,2488.000,true
current,4,custom_handler_union,4,4632,5044.646,7296.000,true
current,4,mybatis_condition_only,4,5308,3455.652,4808.000,true
current,4,named_in_256,4,613,20927.569,71376.000,true
current,4,named_subquery_structured,4,13299,1541.026,3616.000,true
current,4,mybatis_where_eq,4,27621,777.329,1840.000,true
current,4,mybatis_retry_rollback,4,7048,3267.806,4808.000,true
current,4,named_where_128,4,687,32620.961,47944.000,true
current,4,mybatis_mixed_literals,4,17060,1093.974,2104.000,true
current,4,mybatis_select_entity,4,38518,551.503,1328.000,true
current,4,raw_naming_KEBAB_CASE,4,6408,3232.787,3296.000,true
current,4,named_batch_64,4,909,24356.986,70304.000,true
current,4,positional_union_raw,4,20551,1117.478,1496.000,true
current,4,named_dialect_Oracle,4,19284,1164.515,2608.000,true
current,4,named_dialect_DB2,4,18076,1104.492,2608.000,true
current,4,raw_select_expressions,4,14888,1485.908,1960.000,true
current,4,positional_join_on,4,16534,1084.819,2448.000,true
current,4,named_where_16,4,5216,4286.656,6960.000,true
current,4,named_in_expression,4,854,23323.653,72480.000,true
current,4,mybatis_row_in,4,15545,1038.707,2296.000,true
current,4,mybatis_in_1024,4,236,78141.949,182264.000,true
current,4,raw_group_order,4,11926,1574.275,2976.000,true
current,4,positional_naming_CAMEL_CASE,4,8934,2327.905,1904.000,true
current,4,raw_naming_CAMEL_CASE,4,8820,2270.828,1528.000,true
current,4,positional_pagination,4,25536,788.546,1848.000,true
current,4,positional_dialect_MySQL,4,24095,807.898,1872.000,true
current,4,named_naming_KEBAB_CASE,4,4874,4827.288,6960.000,true
current,4,named_in_16,4,6617,1700.227,5544.000,true
current,4,named_where_eq,4,11958,846.254,2000.000,true
current,4,mybatis_naming_NO_CHANGE,4,6800,2979.809,3592.000,true
current,4,mybatis_insert_values,4,27499,773.988,1864.000,true
current,4,mybatis_insert_entity,4,30575,680.020,1592.000,true
current,4,mybatis_subquery_raw,4,39074,525.889,1368.000,true
current,4,mybatis_derived,4,5099,4025.201,7256.000,true
current,4,positional_delete,4,44811,299.418,1024.000,true
current,4,named_dialect_PostgreSQL,4,18109,1110.636,2432.000,true
current,4,positional_in_1024,4,2399,6166.903,20824.000,true
current,4,mybatis_nested,4,17662,1072.800,2048.000,true
current,4,positional_dialect_PostgreSQL,4,22980,822.093,1872.000,true
current,4,positional_where_16,4,4410,3062.834,3672.000,true
current,4,positional_group_order,4,12846,1596.987,3136.000,true
current,4,mybatis_in_17,4,10032,1664.992,4216.000,true
current,4,mybatis_in_256,4,1079,18320.019,47280.000,true
current,4,mybatis_subquery_structured,4,13918,1604.555,3360.000,true
current,4,positional_in_expression,4,5917,3024.083,7560.000,true
current,4,raw_insert_values,4,22617,691.330,1560.000,true
current,4,mybatis_where_128,4,438,30598.630,34872.000,true
current,4,mybatis_naming_UPPER_CAMEL_CASE,4,4843,4766.983,5088.000,true
current,4,raw_join_on,4,18035,1121.846,2360.000,true
current,4,mybatis_pagination,4,20147,927.587,2176.000,true
current,4,raw_retry_rollback,4,8946,2719.260,4000.000,true
current,4,raw_in_16,4,32089,602.306,1368.000,true
current,4,raw_nested,4,13385,1021.771,1640.000,true
current,4,positional_naming_NO_CHANGE,4,9826,2017.749,1904.000,true
current,4,raw_naming_UPPER_CAMEL_CASE,4,5913,3287.536,3024.000,true
current,4,mybatis_union_builder,4,4173,4275.270,6816.000,true
current,4,named_update_map,4,16322,1162.682,3000.000,true
current,4,positional_subquery_structured,4,10226,1218.482,2904.000,true
current,4,raw_select_columns,4,33932,581.065,1240.000,true
current,4,raw_where_16,4,6466,3025.472,3296.000,true
current,4,raw_derived,4,4779,3591.881,5264.000,true
current,4,positional_insert_entity,4,30197,519.601,1216.000,true
current,4,raw_row_in,4,27803,780.128,1632.000,true
current,4,positional_select_star,4,112154,211.479,904.000,true
current,4,named_in_17,4,6069,1782.963,5760.000,true
current,4,positional_union_builder,4,7796,2874.705,3968.000,true
current,4,positional_join_using,4,18421,747.934,1776.000,true
current,4,named_row_in,4,15566,1211.789,2704.000,true
current,4,raw_condition_only,4,6842,3061.400,2744.000,true
current,4,mybatis_update_chain_16,4,2538,11083.491,21328.000,true
current,4,positional_where_eq,4,32279,877.989,1616.000,true
current,4,positional_naming_SCREAMING_SNAKE_CASE,4,6169,3641.984,3688.000,true
current,4,named_pagination,4,19084,1129.685,2408.000,true
current,4,raw_subquery_structured,4,15423,1138.572,2768.000,true
current,4,raw_delete,4,37468,266.147,936.000,true
current,4,mybatis_naming_SCREAMING_SNAKE_CASE,4,4931,4365.747,5376.000,true
current,4,named_join_on,4,15928,1323.468,2832.000,true
current,4,positional_nested,4,18469,1046.110,1728.000,true
current,4,named_delete,4,62420,362.243,1408.000,true
current,4,named_between,4,9409,1376.034,2624.000,true
current,4,named_union_raw,4,12571,1072.659,1496.000,true
current,4,mybatis_batch_4,4,11253,1938.843,4528.000,true
current,4,mybatis_where_16,4,3421,4430.196,5360.000,true
current,4,positional_batch_beans,4,4596,2953.003,7008.000,true
current,4,positional_condition_only,4,7388,2730.306,3128.000,true
current,4,named_select_columns,4,25556,583.366,1240.000,true
current,4,named_nested,4,17478,1087.115,2280.000,true
current,4,raw_insert_placeholders,4,27691,469.799,1232.000,true
current,4,positional_derived,4,6146,3513.537,5528.000,true
current,4,positional_in_17,4,29296,592.446,1704.000,true
current,4,raw_naming_NO_CHANGE,4,10015,1952.551,1528.000,true
current,4,positional_raw_expression,4,9720,978.796,1768.000,true
current,4,named_insert_placeholders,4,30403,690.047,1976.000,true
current,4,mybatis_select_star,4,93025,210.818,904.000,true
current,4,mybatis_batch_beans,4,2692,5931.389,14144.000,true
current,4,positional_between,4,27517,779.689,1760.000,true
current,4,mybatis_repeated_names,4,1015,18679.507,30560.000,true
current,4,positional_select_expressions,4,6399,1386.451,1960.000,true
current,4,mybatis_between,4,16199,1102.951,2368.000,true
current,4,positional_batch_4,4,2915,1104.048,2832.000,true
current,4,named_repeated_names,4,1044,19304.981,42608.000,true
current,4,mybatis_join_on,4,17608,1280.248,2672.000,true
current,4,named_derived,4,4141,4649.046,7304.000,true
current,4,raw_union_builder,4,6186,2520.708,3752.000,true
current,4,raw_where_128,4,921,23468.295,17800.000,true
current,4,raw_insert_entity,4,37780,564.476,1288.000,true
current,4,named_in_1024,4,142,98178.169,278584.000,true
current,4,positional_naming_UPPER_CAMEL_CASE,4,5939,3328.658,3400.000,true
current,4,raw_raw_expression,4,21031,972.155,1768.000,true
current,4,named_group_order,4,9967,1901.134,3960.000,true
current,4,raw_subquery_raw,4,37392,510.133,1368.000,true
current,4,named_batch_4,4,9896,2016.269,5608.000,true
current,4,named_union_builder,4,3075,4248.618,6840.000,true
current,4,raw_between,4,25829,715.808,1672.000,true
current,4,mybatis_union_raw,4,13187,1115.333,1496.000,true
current,4,positional_dialect_Oracle,4,23937,827.631,2056.000,true
current,4,positional_in_256,4,10164,2221.773,6232.000,true
current,4,positional_repeated_names,4,1669,11424.925,17264.000,true
current,4,raw_insert_values,5,22617,695.185,1560.000,true
current,4,raw_naming_UPPER_CAMEL_CASE,5,5913,3452.951,3024.000,true
current,4,mybatis_group_order,5,11375,2028.615,3632.000,true
current,4,mybatis_select_expressions,5,13996,1441.362,1960.000,true
current,4,mybatis_delete,5,64357,352.111,1256.000,true
current,4,mybatis_raw_expression,5,21037,1181.128,1768.000,true
current,4,positional_select_star,5,112154,218.740,904.000,true
current,4,positional_update_chain_16,5,2431,4595.023,14584.000,true
current,4,named_select_expressions,5,13465,1506.276,1960.000,true
current,4,positional_subquery_structured,5,10226,1111.813,2904.000,true
current,4,named_in_16,5,6617,1791.824,5544.000,true
current,4,raw_pagination,5,21112,731.589,1736.000,true
current,4,raw_group_order,5,11926,1521.591,2976.000,true
current,4,positional_dialect_Microsoft_SQL_Server,5,18775,1051.116,2056.000,true
current,4,mybatis_mixed_literals,5,17060,1067.063,2104.000,true
current,4,positional_dialect_Oracle,5,23937,906.408,2056.000,true
current,4,named_insert_values,5,25733,926.623,2200.000,true
current,4,positional_condition_only,5,7388,2781.781,3128.000,true
current,4,positional_pagination,5,25536,736.243,1848.000,true
current,4,named_select_columns,5,25556,647.543,1240.000,true
current,4,mybatis_insert_values,5,27499,820.041,1864.000,true
current,4,custom_handler_union,5,4632,4686.766,7296.000,true
current,4,raw_batch_4,5,15850,1342.738,3296.000,true
current,4,named_naming_CAMEL_CASE,5,5687,3246.685,5192.000,true
current,4,mybatis_select_entity,5,38518,516.218,1328.000,true
current,4,raw_select_star,5,92315,228.572,904.000,true
current,4,raw_late_modifier,5,43408,447.904,1368.000,true
current,4,raw_nested,5,13385,933.612,1640.000,true
current,4,mybatis_late_modifier,5,25519,538.023,1680.000,true
current,4,raw_subquery_structured,5,15423,1096.401,2768.000,true
current,4,mybatis_in_256,5,1079,16792.308,47280.000,true
current,4,raw_mixed_literals,5,20209,1056.069,1888.000,true
current,4,named_select_star,5,89741,191.808,904.000,true
current,4,positional_dialect_PostgreSQL,5,22980,820.122,1872.000,true
current,4,raw_in_expression,5,4745,4454.773,3736.000,true
current,4,named_dialect_DB2,5,18076,1042.460,2608.000,true
current,4,positional_mixed_literals,5,24234,917.513,1720.000,true
current,4,positional_nested,5,18469,876.723,1728.000,true
current,4,raw_in_16,5,32089,616.133,1368.000,true
current,4,raw_select_entity,5,39985,512.680,1328.000,true
current,4,positional_dialect_MySQL,5,24095,720.722,1872.000,true
current,4,named_in_1024,5,142,93032.394,278584.000,true
current,4,positional_naming_UPPER_CAMEL_CASE,5,5939,3300.505,3400.000,true
current,4,raw_naming_SCREAMING_SNAKE_CASE,5,5799,3084.049,3312.000,true
current,4,raw_derived,5,4779,3089.286,5264.000,true
current,4,positional_in_17,5,29296,609.411,1704.000,true
current,4,mybatis_nested,5,17662,1028.592,2048.000,true
current,4,raw_union_raw,5,14327,1010.191,1496.000,true
current,4,named_where_eq,5,11958,692.750,2000.000,true
current,4,raw_update_chain_16,5,4468,4779.320,13880.000,true
current,4,named_nested,5,17478,1010.613,2280.000,true
current,4,mybatis_batch_64,5,986,20398.073,52240.000,true
current,4,named_condition_only,5,5472,3696.217,6408.000,true
current,4,positional_where_eq,5,32279,663.741,1616.000,true
current,4,named_pagination,5,19084,1030.848,2408.000,true
current,4,positional_repeated_names,5,1669,11186.998,17264.000,true
current,4,raw_naming_NO_CHANGE,5,10015,1859.910,1528.000,true
current,4,positional_group_order,5,12846,1578.359,3136.000,true
current,4,positional_naming_SCREAMING_SNAKE_CASE,5,6169,3160.431,3688.000,true
current,4,mybatis_update_map,5,17030,1106.307,2536.000,true
current,4,positional_batch_64,5,174,8181.609,23440.000,true
current,4,mybatis_batch_beans,5,2692,5447.845,14144.000,true
current,4,named_dialect_Oracle,5,19284,1089.240,2608.000,true
current,4,positional_dialect_DB2,5,21608,755.003,2056.000,true
current,4,named_mixed_literals,5,18404,1101.576,2440.000,true
current,4,positional_update_map,5,19162,694.896,1896.000,true
current,4,mybatis_repeated_names,5,1015,18305.517,30560.000,true
current,4,mybatis_union_builder,5,4173,3878.768,6816.000,true
current,4,positional_select_entity,5,42222,505.945,1328.000,true
current,4,named_row_in,5,15566,1020.461,2704.000,true
current,4,named_naming_KEBAB_CASE,5,4874,4337.197,6960.000,true
current,4,mybatis_pagination,5,20147,896.575,2176.000,true
current,4,positional_in_1024,5,2399,6055.065,20824.000,true
current,4,raw_join_using,5,30267,677.246,1688.000,true
current,4,mybatis_select_star,5,93025,207.210,904.000,true
current,4,raw_insert_entity,5,37780,546.728,1288.000,true
current,4,named_naming_SCREAMING_SNAKE_CASE,5,4735,4232.524,6976.000,true
current,4,named_batch_64,5,909,22903.300,70304.000,true
current,4,mybatis_insert_placeholders,5,30667,653.008,1640.000,true
current,4,positional_batch_4,5,2915,1108.679,2832.000,true
current,4,positional_in_expression,5,5917,3329.762,7560.000,true
current,4,mybatis_naming_CAMEL_CASE,5,6160,2955.244,3592.000,true
current,4,mybatis_subquery_raw,5,39074,539.005,1368.000,true
current,4,positional_batch_beans,5,4596,2715.513,7008.000,true
current,4,raw_insert_placeholders,5,27691,484.211,1232.000,true
current,4,mybatis_insert_entity,5,30575,646.567,1592.000,true
current,4,mybatis_where_eq,5,27621,737.269,1840.000,true
current,4,raw_delete,5,37468,255.186,936.000,true
current,4,mybatis_in_1024,5,236,78257.203,182264.000,true
current,4,positional_join_using,5,18421,623.956,1776.000,true
current,4,named_insert_placeholders,5,30403,699.681,1976.000,true
current,4,raw_batch_64,5,1917,11367.345,30176.000,true
current,4,mybatis_where_128,5,438,29840.639,34872.000,true
current,4,mybatis_naming_UPPER_CAMEL_CASE,5,4843,4218.418,5088.000,true
current,4,raw_update_map,5,24544,815.226,1984.000,true
current,4,custom_handler_where,5,4725,4185.249,6992.000,true
current,4,mybatis_naming_SCREAMING_SNAKE_CASE,5,4931,3960.677,5376.000,true
current,4,named_union_raw,5,12571,1072.349,1496.000,true
current,4,named_raw_expression,5,22898,918.102,1768.000,true
current,4,mybatis_in_16,5,12543,1446.050,4072.000,true
current,4,positional_in_256,5,10164,2133.107,6232.000,true
current,4,named_delete,5,62420,339.593,1408.000,true
current,4,positional_union_builder,5,7796,2300.539,3968.000,true
current,4,named_update_chain_16,5,2106,8814.672,24096.000,true
current,4,raw_raw_expression,5,21031,933.413,1768.000,true
current,4,named_dialect_PostgreSQL,5,18109,995.417,2432.000,true
current,4,positional_naming_NO_CHANGE,5,9826,2095.532,1904.000,true
current,4,raw_where_eq,5,29952,596.878,1528.000,true
current,4,mybatis_union_raw,5,13187,1025.275,1496.000,true
current,4,mybatis_naming_NO_CHANGE,5,6800,3228.559,3592.000,true
current,4,positional_naming_KEBAB_CASE,5,6439,3050.753,3672.000,true
current,4,named_join_on,5,15928,1286.966,2832.000,true
current,4,positional_late_modifier,5,28034,515.057,1456.000,true
current,4,mybatis_in_17,5,10032,1708.114,4216.000,true
current,4,raw_in_17,5,32091,622.932,1376.000,true
current,4,raw_between,5,25829,814.313,1672.000,true
current,4,positional_between,5,27517,736.181,1760.000,true
current,4,positional_derived,5,6146,3598.796,5528.000,true
current,4,positional_select_expressions,5,6399,1454.759,1960.000,true
current,4,positional_raw_expression,5,9720,896.862,1768.000,true
current,4,raw_retry_rollback,5,8946,2992.466,4000.000,true
current,4,named_naming_UPPER_CAMEL_CASE,5,4704,5421.747,6688.000,true
current,4,raw_condition_only,5,6842,2765.580,2744.000,true
current,4,named_where_16,5,5216,4314.034,6960.000,true
current,4,mybatis_condition_only,5,5308,3468.255,4808.000,true
current,4,named_retry_rollback,5,5278,3012.221,5328.000,true
current,4,mybatis_derived,5,5099,4450.500,7256.000,true
current,4,named_late_modifier,5,35179,625.254,1840.000,true
current,4,raw_in_256,5,5347,3945.540,2488.000,true
current,4,raw_join_on,5,18035,1115.875,2360.000,true
current,4,raw_where_128,5,921,22787.622,17800.000,true
current,4,named_union_builder,5,3075,4338.309,6840.000,true
current,4,positional_row_in,5,28239,740.256,1632.000,true
current,4,named_in_256,5,613,22645.514,71376.000,true
current,4,mybatis_retry_rollback,5,7048,3176.518,4808.000,true
current,4,named_between,5,9409,1189.946,2624.000,true
current,4,named_select_entity,5,28595,517.923,1328.000,true
current,4,raw_row_in,5,27803,790.181,1632.000,true
current,4,mybatis_batch_4,5,11253,1809.802,4528.000,true
current,4,positional_where_128,5,944,24972.987,20736.000,true
current,4,mybatis_subquery_structured,5,13918,1338.245,3360.000,true
current,4,named_batch_4,5,9896,2030.002,5608.000,true
current,4,positional_union_raw,5,20551,1070.216,1496.000,true
current,4,named_dialect_Microsoft_SQL_Server,5,16405,1293.697,2608.000,true
current,4,positional_where_16,5,4410,4114.104,3672.000,true
current,4,named_dialect_MySQL,5,16736,1262.004,2432.000,true
current,4,raw_select_expressions,5,14888,1458.443,1960.000,true
current,4,named_subquery_structured,5,13299,1641.770,3616.000,true
current,4,raw_subquery_raw,5,37392,504.300,1368.000,true
current,4,mybatis_update_chain_16,5,2538,8720.607,21328.000,true
current,4,named_insert_entity,5,28942,766.530,1928.000,true
current,4,named_subquery_raw,5,38513,490.022,1368.000,true
current,4,positional_delete,5,44811,294.894,1024.000,true
current,4,named_in_17,5,6069,1955.429,5760.000,true
current,4,positional_naming_CAMEL_CASE,5,8934,2695.142,1904.000,true
current,4,positional_retry_rollback,5,5989,2971.882,3888.000,true
current,4,positional_insert_placeholders,5,39210,479.903,1232.000,true
current,4,positional_in_16,5,29584,648.617,1752.000,true
current,4,named_join_using,5,17129,829.844,2160.000,true
current,4,named_where_128,5,687,33004.512,47944.000,true
current,4,named_naming_NO_CHANGE,5,6374,3177.644,5192.000,true
current,4,raw_select_columns,5,33932,683.340,1240.000,true
current,4,raw_naming_KEBAB_CASE,5,6408,3168.789,3296.000,true
current,4,named_group_order,5,9967,2119.896,3960.000,true
current,4,raw_naming_CAMEL_CASE,5,8820,2220.261,1528.000,true
current,4,raw_batch_beans,5,6004,3567.672,8832.000,true
current,4,mybatis_join_using,5,26371,757.146,2000.000,true
current,4,named_in_expression,5,854,23805.269,72480.000,true
current,4,positional_subquery_raw,5,40360,520.776,1368.000,true
current,4,mybatis_where_16,5,3421,3955.890,5360.000,true
current,4,positional_insert_values,5,32132,668.069,1488.000,true
current,4,raw_in_1024,5,1502,13990.413,6352.000,true
current,4,mybatis_between,5,16199,1022.557,2368.000,true
current,4,raw_where_16,5,6466,3173.492,3296.000,true
current,4,named_repeated_names,5,1044,19236.877,42608.000,true
current,4,mybatis_select_columns,5,31968,648.789,1240.000,true
current,4,named_derived,5,4141,4328.979,7304.000,true
current,4,raw_repeated_names,5,1833,12176.814,14176.000,true
current,4,positional_join_on,5,16534,1151.427,2448.000,true
current,4,mybatis_row_in,5,15545,1003.950,2296.000,true
current,4,positional_insert_entity,5,30197,548.207,1216.000,true
current,4,mybatis_join_on,5,17608,1186.268,2672.000,true
current,4,mybatis_in_expression,5,985,18782.030,48456.000,true
current,4,raw_union_builder,5,6186,2292.629,3752.000,true
current,4,mybatis_naming_KEBAB_CASE,5,5063,4216.393,5360.000,true
current,4,named_update_map,5,16322,1236.086,3000.000,true
current,4,positional_select_columns,5,38638,611.220,1240.000,true
current,4,named_batch_beans,5,2781,5886.012,18640.000,true
current,4,positional_in_1024,6,2399,6217.299,20824.000,true
current,4,mybatis_repeated_names,6,1015,18981.773,30560.000,true
current,4,named_select_expressions,6,13465,1400.089,1960.000,true
current,4,raw_insert_placeholders,6,27691,453.718,1232.000,true
current,4,positional_in_16,6,29584,715.329,1752.000,true
current,4,positional_subquery_raw,6,40360,527.208,1368.000,true
current,4,positional_subquery_structured,6,10226,1107.021,2904.000,true
current,4,positional_join_using,6,18421,696.401,1776.000,true
current,4,positional_batch_beans,6,4596,3170.083,7008.000,true
current,4,named_where_eq,6,11958,794.757,2000.000,true
current,4,mybatis_insert_placeholders,6,30667,757.811,1640.000,true
current,4,mybatis_update_chain_16,6,2538,8480.221,21328.000,true
current,4,positional_raw_expression,6,9720,990.576,1768.000,true
current,4,raw_naming_KEBAB_CASE,6,6408,3033.677,3296.000,true
current,4,raw_select_entity,6,39985,543.341,1328.000,true
current,4,raw_update_chain_16,6,4468,4557.431,13880.000,true
current,4,mybatis_select_entity,6,38518,598.325,1328.000,true
current,4,positional_between,6,27517,788.861,1760.000,true
current,4,raw_in_expression,6,4745,4611.992,3736.000,true
current,4,positional_row_in,6,28239,747.502,1632.000,true
current,4,mybatis_raw_expression,6,21037,938.551,1768.000,true
current,4,raw_raw_expression,6,21031,903.114,1768.000,true
current,4,raw_join_using,6,30267,712.690,1688.000,true
current,4,named_union_raw,6,12571,1075.499,1496.000,true
current,4,mybatis_naming_NO_CHANGE,6,6800,3080.721,3592.000,true
current,4,mybatis_where_16,6,3421,4168.664,5360.000,true
current,4,mybatis_between,6,16199,1044.077,2368.000,true
current,4,named_nested,6,17478,1179.065,2280.000,true
current,4,raw_batch_beans,6,6004,3649.151,8832.000,true
current,4,named_batch_64,6,909,22110.561,70304.000,true
current,4,positional_select_columns,6,38638,634.984,1240.000,true
current,4,raw_union_raw,6,14327,1076.841,1496.000,true
current,4,mybatis_join_using,6,26371,785.829,2000.000,true
current,4,named_naming_SCREAMING_SNAKE_CASE,6,4735,4350.285,6976.000,true
current,4,raw_in_17,6,32091,654.997,1376.000,true
current,4,raw_batch_64,6,1917,11948.774,30176.000,true
current,4,named_condition_only,6,5472,3522.295,6408.000,true
current,4,raw_where_eq,6,29952,686.228,1528.000,true
current,4,positional_dialect_PostgreSQL,6,22980,833.581,1872.000,true
current,4,custom_handler_union,6,4632,5089.335,7296.000,true
current,4,named_in_17,6,6069,1802.982,5760.000,true
current,4,named_batch_beans,6,2781,6544.085,18640.000,true
current,4,named_retry_rollback,6,5278,3196.628,5328.000,true
current,4,named_dialect_Microsoft_SQL_Server,6,16405,1287.467,2608.000,true
current,4,mybatis_insert_entity,6,30575,677.138,1592.000,true
current,4,raw_in_16,6,32089,649.272,1368.000,true
current,4,positional_where_128,6,944,22768.750,20736.000,true
current,4,mybatis_union_raw,6,13187,1145.067,1496.000,true
current,4,named_in_256,6,613,21917.945,71376.000,true
current,4,raw_derived,6,4779,3431.366,5264.000,true
current,4,named_join_using,6,17129,837.994,2160.000,true
current,4,raw_late_modifier,6,43408,476.207,1368.000,true
current,4,named_pagination,6,19084,1028.495,2408.000,true
current,4,mybatis_in_1024,6,236,80187.288,182264.000,true
current,4,mybatis_group_order,6,11375,1739.596,3632.000,true
current,4,mybatis_batch_beans,6,2692,5868.945,14144.000,true
current,4,raw_insert_entity,6,37780,546.165,1288.000,true
current,4,named_naming_UPPER_CAMEL_CASE,6,4704,4616.645,6688.000,true
current,4,raw_condition_only,6,6842,2503.084,2744.000,true
current,4,positional_naming_CAMEL_CASE,6,8934,2676.953,1904.000,true
current,4,positional_dialect_Oracle,6,23937,880.691,2056.000,true
current,4,positional_group_order,6,12846,1604.998,3136.000,true
current,4,named_insert_entity,6,28942,795.550,1928.000,true
current,4,positional_delete,6,44811,284.990,1024.000,true
current,4,raw_naming_UPPER_CAMEL_CASE,6,5913,3376.205,3024.000,true
current,4,positional_union_raw,6,20551,1029.312,1496.000,true
current,4,named_join_on,6,15928,1235.045,2832.000,true
current,4,named_batch_4,6,9896,1947.494,5608.000,true
current,4,named_derived,6,4141,4513.016,7304.000,true
current,4,named_in_16,6,6617,1642.512,5544.000,true
current,4,positional_select_star,6,112154,217.692,904.000,true
current,4,raw_select_expressions,6,14888,1435.478,1960.000,true
current,4,positional_where_eq,6,32279,727.154,1616.000,true
current,4,named_naming_KEBAB_CASE,6,4874,4164.341,6960.000,true
current,4,named_group_order,6,9967,1995.716,3960.000,true
current,4,positional_naming_KEBAB_CASE,6,6439,3216.136,3672.000,true
current,4,raw_subquery_structured,6,15423,1079.167,2768.000,true
current,4,named_naming_CAMEL_CASE,6,5687,3570.283,5192.000,true
current,4,raw_update_map,6,24544,848.953,1984.000,true
current,4,named_union_builder,6,3075,4888.846,6840.000,true
current,4,raw_join_on,6,18035,1087.086,2360.000,true
current,4,named_dialect_Oracle,6,19284,1107.364,2608.000,true
current,4,raw_select_star,6,92315,214.842,904.000,true
current,4,named_update_chain_16,6,2106,11555.081,24096.000,true
current,4,positional_update_chain_16,6,2431,5638.215,14584.000,true
current,4,raw_repeated_names,6,1833,15415.166,14176.000,true
current,4,positional_insert_values,6,32132,651.771,1488.000,true
current,4,named_select_star,6,89741,221.829,904.000,true
current,4,named_repeated_names,6,1044,20471.264,42608.000,true
current,4,raw_pagination,6,21112,690.456,1736.000,true
current,4,named_select_entity,6,28595,525.732,1328.000,true
current,4,named_select_columns,6,25556,686.140,1240.000,true
current,4,raw_group_order,6,11926,1481.436,2976.000,true
current,4,mybatis_join_on,6,17608,1293.605,2672.000,true
current,4,mybatis_select_star,6,93025,217.745,904.000,true
current,4,mybatis_select_columns,6,31968,635.263,1240.000,true
current,4,named_in_1024,6,142,93094.366,278584.000,true
current,4,positional_naming_UPPER_CAMEL_CASE,6,5939,3384.172,3400.000,true
current,4,mybatis_where_eq,6,27621,790.840,1840.000,true
current,4,raw_naming_NO_CHANGE,6,10015,2240.300,1528.000,true
current,4,positional_in_256,6,10164,2062.623,6232.000,true
current,4,mybatis_naming_KEBAB_CASE,6,5063,4049.299,5360.000,true
current,4,positional_repeated_names,6,1669,12455.962,17264.000,true
current,4,mybatis_update_map,6,17030,1113.588,2536.000,true
current,4,named_insert_placeholders,6,30403,761.168,1976.000,true
current,4,mybatis_delete,6,64357,351.761,1256.000,true
current,4,mybatis_subquery_raw,6,39074,506.380,1368.000,true
current,4,mybatis_in_17,6,10032,1545.494,4216.000,true
current,4,mybatis_insert_values,6,27499,786.450,1864.000,true
current,4,positional_batch_4,6,2915,1115.780,2832.000,true
current,4,raw_subquery_raw,6,37392,520.502,1368.000,true
current,4,positional_pagination,6,25536,759.301,1848.000,true
current,4,raw_nested,6,13385,926.963,1640.000,true
current,4,named_row_in,6,15566,1191.520,2704.000,true
current,4,positional_mixed_literals,6,24234,940.513,1720.000,true
current,4,raw_in_256,6,5347,3872.209,2488.000,true
current,4,named_mixed_literals,6,18404,1139.415,2440.000,true
current,4,positional_join_on,6,16534,1146.492,2448.000,true
current,4,positional_insert_placeholders,6,39210,462.895,1232.000,true
current,4,mybatis_condition_only,6,5308,3662.472,4808.000,true
current,4,mybatis_union_builder,6,4173,4150.300,6816.000,true
current,4,named_update_map,6,16322,1251.728,3000.000,true
current,4,mybatis_batch_4,6,11253,1840.060,4528.000,true
current,4,positional_dialect_MySQL,6,24095,834.638,1872.000,true
current,4,named_dialect_PostgreSQL,6,18109,1131.609,2432.000,true
current,4,raw_where_128,6,921,21564.495,17800.000,true
current,4,positional_insert_entity,6,30197,513.419,1216.000,true
current,4,positional_where_16,6,4410,3192.086,3672.000,true
current,4,raw_select_columns,6,33932,629.391,1240.000,true
current,4,mybatis_late_modifier,6,25519,579.807,1680.000,true
current,4,positional_retry_rollback,6,5989,2545.233,3888.000,true
current,4,positional_dialect_Microsoft_SQL_Server,6,18775,986.051,2056.000,true
current,4,raw_naming_CAMEL_CASE,6,8820,2383.039,1528.000,true
current,4,positional_nested,6,18469,962.738,1728.000,true
current,4,positional_batch_64,6,174,8998.851,23440.000,true
current,4,raw_insert_values,6,22617,910.970,1560.000,true
current,4,raw_between,6,25829,908.870,1672.000,true
current,4,named_dialect_DB2,6,18076,1089.384,2608.000,true
current,4,raw_delete,6,37468,271.354,936.000,true
current,4,mybatis_select_expressions,6,13996,1397.821,1960.000,true
current,4,mybatis_in_16,6,12543,1636.498,4072.000,true
current,4,raw_batch_4,6,15850,1337.748,3296.000,true
current,4,positional_late_modifier,6,28034,518.535,1456.000,true
current,4,mybatis_mixed_literals,6,17060,1106.348,2104.000,true
current,4,positional_dialect_DB2,6,21608,826.749,2056.000,true
current,4,named_where_128,6,687,33391.703,47944.000,true
current,4,raw_naming_SCREAMING_SNAKE_CASE,6,5799,3201.880,3312.000,true
current,4,positional_in_17,6,29296,608.168,1704.000,true
current,4,mybatis_naming_UPPER_CAMEL_CASE,6,4843,4492.339,5088.000,true
current,4,positional_select_entity,6,42222,502.212,1328.000,true
current,4,mybatis_subquery_structured,6,13918,1421.512,3360.000,true
current,4,positional_derived,6,6146,3537.585,5528.000,true
current,4,positional_naming_NO_CHANGE,6,9826,2028.883,1904.000,true
current,4,mybatis_pagination,6,20147,926.341,2176.000,true
current,4,positional_union_builder,6,7796,2349.897,3968.000,true
current,4,named_in_expression,6,854,21949.766,72480.000,true
current,4,mybatis_where_128,6,438,32249.315,34872.000,true
current,4,positional_in_expression,6,5917,2943.654,7560.000,true
current,4,named_dialect_MySQL,6,16736,1055.013,2432.000,true
current,4,named_subquery_structured,6,13299,1449.492,3616.000,true
current,4,mybatis_in_expression,6,985,20436.244,48456.000,true
current,4,positional_condition_only,6,7388,2637.277,3128.000,true
current,4,raw_row_in,6,27803,791.084,1632.000,true
current,4,mybatis_derived,6,5099,4031.928,7256.000,true
current,4,mybatis_row_in,6,15545,1087.083,2296.000,true
current,4,mybatis_in_256,6,1079,18066.728,47280.000,true
current,4,mybatis_naming_SCREAMING_SNAKE_CASE,6,4931,4803.001,5376.000,true
current,4,named_delete,6,62420,363.255,1408.000,true
current,4,raw_union_builder,6,6186,2164.016,3752.000,true
current,4,mybatis_nested,6,17662,1085.358,2048.000,true
current,4,positional_select_expressions,6,6399,1400.469,1960.000,true
current,4,raw_where_16,6,6466,3132.447,3296.000,true
current,4,named_between,6,9409,1140.738,2624.000,true
current,4,named_raw_expression,6,22898,990.143,1768.000,true
current,4,named_where_16,6,5216,4592.887,6960.000,true
current,4,named_late_modifier,6,35179,614.426,1840.000,true
current,4,named_naming_NO_CHANGE,6,6374,3230.154,5192.000,true
current,4,named_insert_values,6,25733,1058.108,2200.000,true
current,4,raw_in_1024,6,1502,20954.461,6352.000,true
current,4,positional_naming_SCREAMING_SNAKE_CASE,6,6169,5802.496,3688.000,true
current,4,positional_update_map,6,19162,870.384,1896.000,true
current,4,raw_retry_rollback,6,8946,2476.615,4000.000,true
current,4,named_subquery_raw,6,38513,498.772,1368.000,true
current,4,custom_handler_where,6,4725,4385.460,6992.000,true
current,4,mybatis_batch_64,6,986,19818.864,52240.000,true
current,4,raw_mixed_literals,6,20209,1034.460,1888.000,true
current,4,mybatis_naming_CAMEL_CASE,6,6160,3865.438,3592.000,true
current,4,mybatis_retry_rollback,6,7048,3726.476,4808.000,true
current,4,raw_mixed_literals,7,20209,1030.818,1888.000,true
current,4,positional_insert_values,7,32132,613.594,1488.000,true
current,4,raw_update_map,7,24544,801.385,1984.000,true
current,4,positional_raw_expression,7,9720,1033.920,1768.000,true
current,4,named_in_16,7,6617,1655.388,5544.000,true
current,4,positional_insert_entity,7,30197,518.061,1216.000,true
current,4,named_subquery_raw,7,38513,506.011,1368.000,true
current,4,positional_repeated_names,7,1669,12216.657,17264.000,true
current,4,positional_naming_CAMEL_CASE,7,8934,2291.336,1904.000,true
current,4,raw_repeated_names,7,1833,10971.031,14176.000,true
current,4,positional_pagination,7,25536,750.940,1848.000,true
current,4,mybatis_join_on,7,17608,1121.348,2672.000,true
current,4,named_join_using,7,17129,831.350,2160.000,true
current,4,positional_naming_SCREAMING_SNAKE_CASE,7,6169,3087.534,3688.000,true
current,4,positional_join_on,7,16534,1156.024,2448.000,true
current,4,raw_late_modifier,7,43408,458.671,1368.000,true
current,4,raw_in_17,7,32091,619.167,1376.000,true
current,4,positional_late_modifier,7,28034,504.987,1456.000,true
current,4,named_in_256,7,613,21697.064,71376.000,true
current,4,raw_naming_SCREAMING_SNAKE_CASE,7,5799,3119.814,3312.000,true
current,4,positional_update_map,7,19162,798.643,1896.000,true
current,4,named_row_in,7,15566,1024.052,2704.000,true
current,4,raw_in_256,7,5347,3902.413,2488.000,true
current,4,mybatis_in_1024,7,236,92333.475,182264.000,true
current,4,positional_union_raw,7,20551,1016.768,1496.000,true
current,4,mybatis_naming_KEBAB_CASE,7,5063,4055.382,5360.000,true
current,4,positional_batch_64,7,174,8578.161,23440.000,true
current,4,mybatis_derived,7,5099,3905.217,7256.000,true
current,4,positional_in_expression,7,5917,3249.924,7560.000,true
current,4,mybatis_mixed_literals,7,17060,1138.183,2104.000,true
current,4,raw_union_raw,7,14327,1176.883,1496.000,true
current,4,mybatis_in_expression,7,985,19449.645,48456.000,true
current,4,named_late_modifier,7,35179,615.464,1840.000,true
current,4,raw_where_16,7,6466,2833.375,3296.000,true
current,4,named_derived,7,4141,4495.291,7304.000,true
current,4,mybatis_naming_UPPER_CAMEL_CASE,7,4843,4401.673,5088.000,true
current,4,positional_subquery_raw,7,40360,501.085,1368.000,true
current,4,positional_select_star,7,112154,213.399,904.000,true
current,4,raw_nested,7,13385,835.226,1640.000,true
current,4,raw_group_order,7,11926,1842.596,2976.000,true
current,4,raw_batch_beans,7,6004,3382.095,8832.000,true
current,4,named_batch_4,7,9896,1960.964,5608.000,true
current,4,positional_between,7,27517,790.072,1760.000,true
current,4,mybatis_nested,7,17662,968.129,2048.000,true
current,4,raw_select_entity,7,39985,555.418,1328.000,true
current,4,raw_condition_only,7,6842,2510.932,2744.000,true
current,4,mybatis_naming_CAMEL_CASE,7,6160,3197.857,3592.000,true
current,4,named_join_on,7,15928,1326.306,2832.000,true
current,4,raw_naming_CAMEL_CASE,7,8820,2450.805,1528.000,true
current,4,raw_derived,7,4779,3411.530,5264.000,true
current,4,raw_insert_placeholders,7,27691,488.339,1232.000,true
current,4,mybatis_select_entity,7,38518,530.900,1328.000,true
current,4,named_where_eq,7,11958,831.376,2000.000,true
current,4,named_delete,7,62420,360.546,1408.000,true
current,4,named_select_columns,7,25556,616.618,1240.000,true
current,4,named_update_chain_16,7,2106,9845.726,24096.000,true
current,4,mybatis_select_columns,7,31968,609.929,1240.000,true
current,4,positional_select_expressions,7,6399,1682.732,1960.000,true
current,4,raw_in_16,7,32089,737.708,1368.000,true
current,4,named_nested,7,17478,1115.843,2280.000,true
current,4,mybatis_batch_beans,7,2692,5749.851,14144.000,true
current,4,raw_batch_64,7,1917,12086.437,30176.000,true
current,4,raw_pagination,7,21112,684.734,1736.000,true
current,4,mybatis_subquery_raw,7,39074,534.018,1368.000,true
current,4,named_raw_expression,7,22898,929.518,1768.000,true
current,4,raw_join_on,7,18035,1090.713,2360.000,true
current,4,named_between,7,9409,1070.018,2624.000,true
current,4,positional_where_eq,7,32279,687.230,1616.000,true
current,4,positional_update_chain_16,7,2431,4482.847,14584.000,true
current,4,named_in_1024,7,142,98748.592,278584.000,true
current,4,raw_row_in,7,27803,829.752,1632.000,true
current,4,positional_where_16,7,4410,3060.567,3672.000,true
current,4,positional_in_1024,7,2399,6038.058,20824.000,true
current,4,mybatis_late_modifier,7,25519,606.144,1680.000,true
current,4,named_union_raw,7,12571,1038.700,1496.000,true
current,4,named_batch_beans,7,2781,6414.923,18640.000,true
current,4,named_condition_only,7,5472,3578.564,6408.000,true
current,4,raw_insert_entity,7,37780,982.094,1288.000,true
current,4,mybatis_raw_expression,7,21037,965.280,1768.000,true
current,4,named_select_entity,7,28595,552.296,1328.000,true
current,4,raw_subquery_raw,7,37392,523.949,1368.000,true
current,4,named_group_order,7,9967,1969.048,3960.000,true
current,4,mybatis_batch_4,7,11253,2703.155,4528.000,true
current,4,mybatis_batch_64,7,986,20403.448,52240.000,true
current,4,mybatis_union_raw,7,13187,1205.088,1496.000,true
current,4,named_naming_CAMEL_CASE,7,5687,3346.844,5192.000,true
current,4,mybatis_retry_rollback,7,7048,3031.342,4808.000,true
current,4,positional_naming_UPPER_CAMEL_CASE,7,5939,3579.407,3400.000,true
current,4,named_union_builder,7,3075,4197.789,6840.000,true
current,4,named_in_17,7,6069,1739.941,5760.000,true
current,4,raw_naming_NO_CHANGE,7,10015,2001.797,1528.000,true
current,4,mybatis_union_builder,7,4173,4039.971,6816.000,true
current,4,positional_dialect_MySQL,7,24095,772.530,1872.000,true
current,4,raw_raw_expression,7,21031,1003.143,1768.000,true
current,4,positional_naming_NO_CHANGE,7,9826,2061.134,1904.000,true
current,4,mybatis_delete,7,64357,341.935,1256.000,true
current,4,mybatis_update_map,7,17030,1150.934,2536.000,true
current,4,positional_where_128,7,944,24689.089,20736.000,true
current,4,named_insert_entity,7,28942,809.992,1928.000,true
current,4,mybatis_row_in,7,15545,1086.504,2296.000,true
current,4,named_naming_SCREAMING_SNAKE_CASE,7,4735,5414.551,6976.000,true
current,4,named_repeated_names,7,1044,22530.172,42608.000,true
current,4,positional_dialect_PostgreSQL,7,22980,1190.775,1872.000,true
current,4,positional_delete,7,44811,339.870,1024.000,true
current,4,raw_in_expression,7,4745,5635.890,3736.000,true
current,4,raw_select_star,7,92315,263.126,904.000,true
current,4,raw_select_columns,7,33932,736.361,1240.000,true
current,4,named_dialect_DB2,7,18076,1203.756,2608.000,true
current,4,positional_dialect_Oracle,7,23937,811.714,2056.000,true
current,4,raw_subquery_structured,7,15423,1163.146,2768.000,true
current,4,mybatis_where_16,7,3421,3995.645,5360.000,true
current,4,raw_update_chain_16,7,4468,4898.724,13880.000,true
current,4,named_where_128,7,687,31373.945,47944.000,true
current,4,positional_derived,7,6146,3568.793,5528.000,true
current,4,raw_in_1024,7,1502,13533.755,6352.000,true
current,4,named_retry_rollback,7,5278,3348.162,5328.000,true
current,4,positional_nested,7,18469,993.833,1728.000,true
current,4,mybatis_between,7,16199,1038.953,2368.000,true
current,4,custom_handler_where,7,4725,4368.254,6992.000,true
current,4,positional_batch_beans,7,4596,2785.683,7008.000,true
current,4,raw_naming_KEBAB_CASE,7,6408,3170.069,3296.000,true
current,4,named_where_16,7,5216,4275.556,6960.000,true
current,4,named_mixed_literals,7,18404,1087.182,2440.000,true
current,4,positional_join_using,7,18421,718.772,1776.000,true
current,4,positional_insert_placeholders,7,39210,445.435,1232.000,true
current,4,positional_mixed_literals,7,24234,899.162,1720.000,true
current,4,named_dialect_Oracle,7,19284,1065.500,2608.000,true
current,4,named_insert_placeholders,7,30403,725.688,1976.000,true
current,4,positional_group_order,7,12846,1600.599,3136.000,true
current,4,raw_union_builder,7,6186,2099.661,3752.000,true
current,4,named_naming_NO_CHANGE,7,6374,3072.639,5192.000,true
current,4,mybatis_insert_placeholders,7,30667,748.648,1640.000,true
current,4,named_naming_UPPER_CAMEL_CASE,7,4704,4928.869,6688.000,true
current,4,named_pagination,7,19084,1117.334,2408.000,true
current,4,mybatis_in_17,7,10032,1766.019,4216.000,true
current,4,positional_in_17,7,29296,630.001,1704.000,true
current,4,mybatis_group_order,7,11375,2034.673,3632.000,true
current,4,mybatis_insert_entity,7,30575,711.529,1592.000,true
current,4,named_in_expression,7,854,22912.998,72480.000,true
current,4,named_dialect_MySQL,7,16736,1188.910,2432.000,true
current,4,mybatis_where_eq,7,27621,749.933,1840.000,true
current,4,raw_insert_values,7,22617,980.767,1560.000,true
current,4,positional_dialect_Microsoft_SQL_Server,7,18775,1033.997,2056.000,true
current,4,raw_delete,7,37468,282.729,936.000,true
current,4,named_update_map,7,16322,1604.025,3000.000,true
current,4,named_select_expressions,7,13465,1571.311,1960.000,true
current,4,positional_in_256,7,10164,2089.601,6232.000,true
current,4,named_dialect_Microsoft_SQL_Server,7,16405,1287.016,2608.000,true
current,4,mybatis_naming_NO_CHANGE,7,6800,3102.088,3592.000,true
current,4,positional_naming_KEBAB_CASE,7,6439,3731.402,3672.000,true
current,4,named_dialect_PostgreSQL,7,18109,1194.003,2432.000,true
current,4,mybatis_subquery_structured,7,13918,1518.393,3360.000,true
current,4,mybatis_select_expressions,7,13996,1613.911,1960.000,true
current,4,raw_batch_4,7,15850,1450.461,3296.000,true
current,4,mybatis_where_128,7,438,29581.735,34872.000,true
current,4,named_subquery_structured,7,13299,1564.448,3616.000,true
current,4,custom_handler_union,7,4632,4969.668,7296.000,true
current,4,mybatis_join_using,7,26371,799.132,2000.000,true
current,4,raw_where_128,7,921,22231.488,17800.000,true
current,4,positional_select_columns,7,38638,643.162,1240.000,true
current,4,positional_in_16,7,29584,706.936,1752.000,true
current,4,named_naming_KEBAB_CASE,7,4874,4447.046,6960.000,true
current,4,mybatis_select_star,7,93025,216.198,904.000,true
current,4,positional_batch_4,7,2915,1180.274,2832.000,true
current,4,mybatis_pagination,7,20147,889.835,2176.000,true
current,4,positional_row_in,7,28239,775.527,1632.000,true
current,4,mybatis_insert_values,7,27499,796.371,1864.000,true
current,4,mybatis_update_chain_16,7,2538,7930.299,21328.000,true
current,4,positional_condition_only,7,7388,2722.604,3128.000,true
current,4,raw_between,7,25829,715.425,1672.000,true
current,4,positional_select_entity,7,42222,540.548,1328.000,true
current,4,named_batch_64,7,909,23221.562,70304.000,true
current,4,mybatis_repeated_names,7,1015,18004.433,30560.000,true
current,4,raw_join_using,7,30267,696.002,1688.000,true
current,4,mybatis_condition_only,7,5308,3479.766,4808.000,true
current,4,mybatis_naming_SCREAMING_SNAKE_CASE,7,4931,4025.613,5376.000,true
current,4,raw_naming_UPPER_CAMEL_CASE,7,5913,3504.820,3024.000,true
current,4,positional_union_builder,7,7796,2236.506,3968.000,true
current,4,mybatis_in_16,7,12543,1646.177,4072.000,true
current,4,positional_retry_rollback,7,5989,2702.538,3888.000,true
current,4,raw_select_expressions,7,14888,1519.485,1960.000,true
current,4,positional_subquery_structured,7,10226,1250.743,2904.000,true
current,4,positional_dialect_DB2,7,21608,865.388,2056.000,true
current,4,mybatis_in_256,7,1079,20123.077,47280.000,true
current,4,raw_retry_rollback,7,8946,2943.047,4000.000,true
current,4,named_select_star,7,89741,210.792,904.000,true
current,4,named_insert_values,7,25733,895.935,2200.000,true
current,4,raw_where_eq,7,29952,674.576,1528.000,true
current,4,raw_in_1024,8,1502,13500.266,6352.000,true
current,4,positional_naming_UPPER_CAMEL_CASE,8,5939,3477.168,3400.000,true
current,4,named_select_star,8,89741,208.238,904.000,true
current,4,positional_insert_placeholders,8,39210,485.723,1232.000,true
current,4,mybatis_in_17,8,10032,1682.157,4216.000,true
current,4,raw_naming_KEBAB_CASE,8,6408,3415.325,3296.000,true
current,4,named_condition_only,8,5472,3473.593,6408.000,true
current,4,raw_join_on,8,18035,1124.075,2360.000,true
current,4,raw_select_star,8,92315,218.560,904.000,true
current,4,named_where_eq,8,11958,799.523,2000.000,true
current,4,raw_retry_rollback,8,8946,2782.819,4000.000,true
current,4,positional_union_raw,8,20551,1206.472,1496.000,true
current,4,raw_late_modifier,8,43408,507.423,1368.000,true
current,4,named_select_expressions,8,13465,1391.890,1960.000,true
current,4,mybatis_repeated_names,8,1015,17939.606,30560.000,true
current,4,raw_between,8,25829,777.754,1672.000,true
current,4,raw_in_256,8,5347,3671.797,2488.000,true
current,4,mybatis_select_star,8,93025,218.824,904.000,true
current,4,raw_subquery_structured,8,15423,1172.139,2768.000,true
current,4,positional_in_expression,8,5917,3053.372,7560.000,true
current,4,positional_dialect_Microsoft_SQL_Server,8,18775,1278.759,2056.000,true
current,4,mybatis_where_eq,8,27621,707.458,1840.000,true
current,4,positional_row_in,8,28239,774.394,1632.000,true
current,4,mybatis_union_raw,8,13187,1118.094,1496.000,true
current,4,raw_delete,8,37468,281.141,936.000,true
current,4,positional_dialect_DB2,8,21608,838.944,2056.000,true
current,4,positional_between,8,27517,782.280,1760.000,true
current,4,positional_batch_4,8,2915,1341.544,2832.000,true
current,4,mybatis_batch_64,8,986,21556.389,52240.000,true
current,4,raw_select_columns,8,33932,584.431,1240.000,true
current,4,named_subquery_raw,8,38513,512.874,1368.000,true
current,4,positional_update_map,8,19162,744.536,1896.000,true
current,4,named_retry_rollback,8,5278,3276.506,5328.000,true
current,4,positional_subquery_raw,8,40360,495.714,1368.000,true
current,4,named_in_1024,8,142,90911.268,278584.000,true
current,4,named_between,8,9409,1166.479,2624.000,true
current,4,mybatis_batch_beans,8,2692,6036.330,14144.000,true
current,4,positional_dialect_MySQL,8,24095,766.752,1872.000,true
current,4,named_repeated_names,8,1044,20165.900,42608.000,true
current,4,mybatis_delete,8,64357,338.431,1256.000,true
current,4,positional_repeated_names,8,1669,12405.093,17264.000,true
current,4,custom_handler_where,8,4725,4883.873,6992.000,true
current,4,mybatis_insert_entity,8,30575,698.708,1592.000,true
current,4,mybatis_condition_only,8,5308,3450.772,4808.000,true
current,4,named_where_16,8,5216,4228.278,6960.000,true
current,4,raw_batch_64,8,1917,11914.397,30176.000,true
current,4,named_update_chain_16,8,2106,9642.593,24096.000,true
current,4,positional_where_eq,8,32279,715.543,1616.000,true
current,4,raw_where_16,8,6466,3083.761,3296.000,true
current,4,mybatis_subquery_raw,8,39074,605.702,1368.000,true
current,4,raw_row_in,8,27803,760.601,1632.000,true
current,4,named_union_raw,8,12571,1123.133,1496.000,true
current,4,named_insert_placeholders,8,30403,721.215,1976.000,true
current,4,raw_union_builder,8,6186,2116.828,3752.000,true
current,4,positional_pagination,8,25536,754.731,1848.000,true
current,4,positional_dialect_PostgreSQL,8,22980,886.393,1872.000,true
current,4,named_naming_NO_CHANGE,8,6374,3152.965,5192.000,true
current,4,raw_pagination,8,21112,714.210,1736.000,true
current,4,named_batch_beans,8,2781,6217.116,18640.000,true
current,4,positional_naming_CAMEL_CASE,8,8934,2421.502,1904.000,true
current,4,positional_select_entity,8,42222,521.484,1328.000,true
current,4,named_select_columns,8,25556,619.111,1240.000,true
current,4,positional_in_17,8,29296,598.147,1704.000,true
current,4,positional_select_expressions,8,6399,1525.363,1960.000,true
current,4,raw_where_eq,8,29952,653.252,1528.000,true
current,4,mybatis_where_128,8,438,30381.735,34872.000,true
current,4,mybatis_group_order,8,11375,1861.178,3632.000,true
current,4,raw_group_order,8,11926,1494.130,2976.000,true
current,4,named_dialect_Microsoft_SQL_Server,8,16405,1317.946,2608.000,true
current,4,raw_select_entity,8,39985,520.690,1328.000,true
current,4,mybatis_select_columns,8,31968,612.337,1240.000,true
current,4,named_in_16,8,6617,1875.971,5544.000,true
current,4,positional_derived,8,6146,3424.553,5528.000,true
current,4,positional_batch_beans,8,4596,2761.836,7008.000,true
current,4,raw_union_raw,8,14327,1109.527,1496.000,true
current,4,mybatis_in_16,8,12543,1507.925,4072.000,true
current,4,mybatis_insert_placeholders,8,30667,696.452,1640.000,true
current,4,named_join_on,8,15928,1310.309,2832.000,true
current,4,raw_condition_only,8,6842,2527.185,2744.000,true
current,4,named_batch_4,8,9896,2015.329,5608.000,true
current,4,named_nested,8,17478,1076.771,2280.000,true
current,4,mybatis_pagination,8,20147,931.861,2176.000,true
current,4,mybatis_union_builder,8,4173,4362.856,6816.000,true
current,4,raw_subquery_raw,8,37392,544.181,1368.000,true
current,4,positional_batch_64,8,174,8713.218,23440.000,true
current,4,mybatis_mixed_literals,8,17060,1051.014,2104.000,true
current,4,mybatis_row_in,8,15545,1081.396,2296.000,true
current,4,named_union_builder,8,3075,4098.244,6840.000,true
current,4,positional_condition_only,8,7388,2625.325,3128.000,true
current,4,positional_update_chain_16,8,2431,5643.028,14584.000,true
current,4,positional_mixed_literals,8,24234,857.060,1720.000,true
current,4,raw_in_expression,8,4745,4564.447,3736.000,true
current,4,named_dialect_MySQL,8,16736,1046.068,2432.000,true
current,4,positional_in_1024,8,2399,6051.688,20824.000,true
current,4,positional_union_builder,8,7796,2312.545,3968.000,true
current,4,custom_handler_union,8,4632,4746.870,7296.000,true
current,4,mybatis_in_expression,8,985,19146.904,48456.000,true
current,4,raw_where_128,8,921,22105.863,17800.000,true
current,4,positional_join_on,8,16534,1149.159,2448.000,true
current,4,positional_in_256,8,10164,2183.146,6232.000,true
current,4,mybatis_between,8,16199,1127.014,2368.000,true
current,4,mybatis_naming_SCREAMING_SNAKE_CASE,8,4931,4356.702,5376.000,true
current,4,raw_derived,8,4779,3753.547,5264.000,true
current,4,named_select_entity,8,28595,544.837,1328.000,true
current,4,mybatis_insert_values,8,27499,785.214,1864.000,true
current,4,mybatis_batch_4,8,11253,1809.500,4528.000,true
current,4,named_raw_expression,8,22898,942.916,1768.000,true
current,4,positional_delete,8,44811,265.330,1024.000,true
current,4,named_in_17,8,6069,1825.078,5760.000,true
current,4,mybatis_subquery_structured,8,13918,1385.278,3360.000,true
current,4,positional_naming_NO_CHANGE,8,9826,2077.163,1904.000,true
current,4,mybatis_where_16,8,3421,3959.661,5360.000,true
current,4,positional_retry_rollback,8,5989,2733.411,3888.000,true
current,4,positional_join_using,8,18421,713.159,1776.000,true
current,4,positional_insert_values,8,32132,617.195,1488.000,true
current,4,mybatis_in_1024,8,236,88016.102,182264.000,true
current,4,mybatis_retry_rollback,8,7048,3530.590,4808.000,true
current,4,mybatis_select_entity,8,38518,551.431,1328.000,true
current,4,raw_in_17,8,32091,622.929,1376.000,true
current,4,raw_in_16,8,32089,672.589,1368.000,true
current,4,mybatis_join_on,8,17608,1234.740,2672.000,true
current,4,positional_select_star,8,112154,212.249,904.000,true
current,4,named_naming_UPPER_CAMEL_CASE,8,4704,4297.066,6688.000,true
current,4,named_subquery_structured,8,13299,1508.790,3616.000,true
current,4,mybatis_naming_UPPER_CAMEL_CASE,8,4843,4422.486,5088.000,true
current,4,mybatis_raw_expression,8,21037,1036.265,1768.000,true
current,4,mybatis_late_modifier,8,25519,564.195,1680.000,true
current,4,named_row_in,8,15566,1134.453,2704.000,true
current,4,raw_naming_UPPER_CAMEL_CASE,8,5913,3224.590,3024.000,true
current,4,named_dialect_PostgreSQL,8,18109,1093.274,2432.000,true
current,4,raw_update_chain_16,8,4468,4651.858,13880.000,true
current,4,raw_naming_SCREAMING_SNAKE_CASE,8,5799,3256.424,3312.000,true
current,4,positional_insert_entity,8,30197,536.676,1216.000,true
current,4,named_join_using,8,17129,846.786,2160.000,true
current,4,mybatis_derived,8,5099,4266.033,7256.000,true
current,4,named_delete,8,62420,352.813,1408.000,true
current,4,positional_nested,8,18469,961.563,1728.000,true
current,4,named_group_order,8,9967,1863.108,3960.000,true
current,4,mybatis_select_expressions,8,13996,1430.366,1960.000,true
current,4,named_dialect_Oracle,8,19284,1134.267,2608.000,true
current,4,mybatis_in_256,8,1079,18431.140,47280.000,true
current,4,named_in_expression,8,854,22562.061,72480.000,true
current,4,raw_nested,8,13385,883.564,1640.000,true
current,4,named_insert_entity,8,28942,752.488,1928.000,true
current,4,named_derived,8,4141,4281.864,7304.000,true
current,4,positional_where_16,8,4410,3082.698,3672.000,true
current,4,raw_insert_values,8,22617,682.487,1560.000,true
current,4,named_mixed_literals,8,18404,1100.435,2440.000,true
current,4,raw_join_using,8,30267,683.573,1688.000,true
current,4,positional_raw_expression,8,9720,912.479,1768.000,true
current,4,mybatis_naming_CAMEL_CASE,8,6160,3108.636,3592.000,true
current,4,raw_select_expressions,8,14888,1459.424,1960.000,true
current,4,mybatis_join_using,8,26371,737.644,2000.000,true
current,4,named_batch_64,8,909,24105.941,70304.000,true
current,4,positional_naming_SCREAMING_SNAKE_CASE,8,6169,3481.342,3688.000,true
current,4,raw_raw_expression,8,21031,993.258,1768.000,true
current,4,named_dialect_DB2,8,18076,1037.918,2608.000,true
current,4,named_pagination,8,19084,1031.398,2408.000,true
current,4,named_naming_CAMEL_CASE,8,5687,3347.125,5192.000,true
current,4,mybatis_naming_KEBAB_CASE,8,5063,4221.035,5360.000,true
current,4,mybatis_nested,8,17662,1030.365,2048.000,true
current,4,named_naming_KEBAB_CASE,8,4874,4319.491,6960.000,true
current,4,positional_select_columns,8,38638,594.793,1240.000,true
current,4,named_naming_SCREAMING_SNAKE_CASE,8,4735,4870.285,6976.000,true
current,4,positional_subquery_structured,8,10226,1105.760,2904.000,true
current,4,positional_naming_KEBAB_CASE,8,6439,3270.415,3672.000,true
current,4,positional_group_order,8,12846,1626.569,3136.000,true
current,4,positional_dialect_Oracle,8,23937,854.531,2056.000,true
current,4,raw_update_map,8,24544,834.766,1984.000,true
current,4,named_insert_values,8,25733,833.455,2200.000,true
current,4,named_where_128,8,687,32018.923,47944.000,true
current,4,raw_repeated_names,8,1833,11911.184,14176.000,true
current,4,raw_naming_NO_CHANGE,8,10015,1980.589,1528.000,true
current,4,mybatis_update_chain_16,8,2538,8653.586,21328.000,true
current,4,named_update_map,8,16322,1218.184,3000.000,true
current,4,mybatis_update_map,8,17030,1185.631,2536.000,true
current,4,mybatis_naming_NO_CHANGE,8,6800,2934.985,3592.000,true
current,4,raw_naming_CAMEL_CASE,8,8820,2232.925,1528.000,true
current,4,named_in_256,8,613,22006.688,71376.000,true
current,4,named_late_modifier,8,35179,627.104,1840.000,true
current,4,positional_in_16,8,29584,662.628,1752.000,true
current,4,raw_batch_4,8,15850,1407.647,3296.000,true
current,4,raw_batch_beans,8,6004,3650.916,8832.000,true
current,4,raw_insert_placeholders,8,27691,455.776,1232.000,true
current,4,positional_late_modifier,8,28034,512.471,1456.000,true
current,4,positional_where_128,8,944,22275.318,20736.000,true
current,4,raw_insert_entity,8,37780,551.175,1288.000,true
current,4,raw_mixed_literals,8,20209,1071.612,1888.000,true
current,4,positional_batch_64,9,174,11304.598,23440.000,true
current,4,positional_group_order,9,12846,1543.663,3136.000,true
current,4,raw_condition_only,9,6842,2740.061,2744.000,true
current,4,positional_raw_expression,9,9720,990.761,1768.000,true
current,4,named_naming_KEBAB_CASE,9,4874,4227.657,6960.000,true
current,4,named_raw_expression,9,22898,980.968,1768.000,true
current,4,named_join_using,9,17129,759.875,2160.000,true
current,4,positional_retry_rollback,9,5989,2527.434,3888.000,true
current,4,raw_select_expressions,9,14888,1374.308,1960.000,true
current,4,named_update_chain_16,9,2106,9801.425,24096.000,true
current,4,raw_naming_SCREAMING_SNAKE_CASE,9,5799,3077.496,3312.000,true
current,4,positional_late_modifier,9,28034,765.403,1456.000,true
current,4,positional_batch_4,9,2915,1981.852,2832.000,true
current,4,mybatis_union_builder,9,4173,4575.988,6816.000,true
current,4,mybatis_select_entity,9,38518,516.496,1328.000,true
current,4,mybatis_batch_4,9,11253,1924.891,4528.000,true
current,4,named_dialect_PostgreSQL,9,18109,1096.438,2432.000,true
current,4,raw_naming_KEBAB_CASE,9,6408,3137.094,3296.000,true
current,4,named_in_256,9,613,22396.900,71376.000,true
current,4,named_dialect_Oracle,9,19284,1124.150,2608.000,true
current,4,named_where_128,9,687,33772.926,47944.000,true
current,4,named_delete,9,62420,354.385,1408.000,true
current,4,positional_in_1024,9,2399,6222.384,20824.000,true
current,4,positional_batch_beans,9,4596,3024.434,7008.000,true
current,4,mybatis_join_on,9,17608,1174.881,2672.000,true
current,4,raw_batch_64,9,1917,11798.800,30176.000,true
current,4,raw_between,9,25829,759.677,1672.000,true
current,4,named_nested,9,17478,1086.446,2280.000,true
current,4,named_group_order,9,9967,2057.068,3960.000,true
current,4,named_naming_NO_CHANGE,9,6374,3051.004,5192.000,true
current,4,mybatis_derived,9,5099,4388.213,7256.000,true
current,4,raw_join_on,9,18035,1199.562,2360.000,true
current,4,mybatis_mixed_literals,9,17060,1134.343,2104.000,true
current,4,named_select_star,9,89741,219.209,904.000,true
current,4,positional_select_expressions,9,6399,1399.109,1960.000,true
current,4,positional_naming_SCREAMING_SNAKE_CASE,9,6169,3194.278,3688.000,true
current,4,positional_select_columns,9,38638,646.811,1240.000,true
current,4,raw_join_using,9,30267,671.884,1688.000,true
current,4,mybatis_condition_only,9,5308,3788.659,4808.000,true
current,4,mybatis_subquery_structured,9,13918,1342.628,3360.000,true
current,4,positional_dialect_PostgreSQL,9,22980,856.754,1872.000,true
current,4,mybatis_update_chain_16,9,2538,7978.802,21328.000,true
current,4,positional_dialect_Oracle,9,23937,852.479,2056.000,true
current,4,raw_update_map,9,24544,877.934,1984.000,true
current,4,named_late_modifier,9,35179,640.820,1840.000,true
current,4,mybatis_join_using,9,26371,722.915,2000.000,true
current,4,mybatis_update_map,9,17030,1191.239,2536.000,true
current,4,mybatis_in_16,9,12543,1488.591,4072.000,true
current,4,positional_union_builder,9,7796,2337.635,3968.000,true
current,4,mybatis_in_1024,9,236,79499.576,182264.000,true
current,4,named_batch_beans,9,2781,6333.729,18640.000,true
current,4,positional_naming_KEBAB_CASE,9,6439,3330.548,3672.000,true
current,4,positional_insert_entity,9,30197,544.084,1216.000,true
current,4,mybatis_group_order,9,11375,1854.163,3632.000,true
current,4,named_where_eq,9,11958,829.252,2000.000,true
current,4,raw_derived,9,4779,3389.831,5264.000,true
current,4,mybatis_union_raw,9,13187,1064.518,1496.000,true
current,4,mybatis_row_in,9,15545,1053.477,2296.000,true
current,4,positional_derived,9,6146,3510.251,5528.000,true
current,4,mybatis_batch_64,9,986,21619.878,52240.000,true
current,4,positional_subquery_raw,9,40360,490.300,1368.000,true
current,4,named_union_raw,9,12571,1107.589,1496.000,true
current,4,positional_in_17,9,29296,584.411,1704.000,true
current,4,raw_naming_NO_CHANGE,9,10015,1941.837,1528.000,true
current,4,mybatis_naming_NO_CHANGE,9,6800,2997.397,3592.000,true
current,4,positional_in_expression,9,5917,3107.250,7560.000,true
current,4,raw_select_entity,9,39985,547.183,1328.000,true
current,4,mybatis_select_columns,9,31968,605.615,1240.000,true
current,4,raw_pagination,9,21112,681.347,1736.000,true
current,4,positional_where_128,9,944,22796.822,20736.000,true
current,4,named_repeated_names,9,1044,21061.303,42608.000,true
current,4,positional_repeated_names,9,1669,12784.182,17264.000,true
current,4,named_update_map,9,16322,1270.089,3000.000,true
current,4,raw_naming_UPPER_CAMEL_CASE,9,5913,3237.680,3024.000,true
current,4,raw_insert_entity,9,37780,576.882,1288.000,true
current,4,positional_naming_CAMEL_CASE,9,8934,2327.714,1904.000,true
current,4,positional_naming_UPPER_CAMEL_CASE,9,5939,3453.578,3400.000,true
current,4,mybatis_subquery_raw,9,39074,521.692,1368.000,true
current,4,named_dialect_DB2,9,18076,1049.358,2608.000,true
current,4,mybatis_nested,9,17662,1525.580,2048.000,true
current,4,raw_select_columns,9,33932,581.613,1240.000,true
current,4,named_join_on,9,15928,1277.543,2832.000,true
current,4,named_insert_values,9,25733,841.460,2200.000,true
current,4,positional_where_eq,9,32279,658.075,1616.000,true
current,4,positional_between,9,27517,799.538,1760.000,true
current,4,named_in_17,9,6069,1742.676,5760.000,true
current,4,named_between,9,9409,1219.024,2624.000,true
current,4,raw_mixed_literals,9,20209,1154.990,1888.000,true
current,4,mybatis_naming_SCREAMING_SNAKE_CASE,9,4931,4529.974,5376.000,true
current,4,positional_in_256,9,10164,2149.410,6232.000,true
current,4,raw_update_chain_16,9,4468,5012.489,13880.000,true
current,4,custom_handler_union,9,4632,5146.740,7296.000,true
current,4,named_condition_only,9,5472,3715.936,6408.000,true
current,4,named_naming_CAMEL_CASE,9,5687,3419.290,5192.000,true
current,4,raw_in_expression,9,4745,4679.368,3736.000,true
current,4,mybatis_insert_values,9,27499,759.955,1864.000,true
current,4,mybatis_in_expression,9,985,21527.310,48456.000,true
current,4,named_row_in,9,15566,1054.208,2704.000,true
current,4,raw_where_128,9,921,23484.256,17800.000,true
current,4,mybatis_raw_expression,9,21037,915.729,1768.000,true
current,4,mybatis_naming_CAMEL_CASE,9,6160,3249.042,3592.000,true
current,4,positional_where_16,9,4410,3295.034,3672.000,true
current,4,raw_where_eq,9,29952,759.171,1528.000,true
current,4,positional_nested,9,18469,934.913,1728.000,true
current,4,positional_delete,9,44811,286.867,1024.000,true
current,4,named_batch_4,9,9896,1975.273,5608.000,true
current,4,mybatis_pagination,9,20147,908.041,2176.000,true
current,4,positional_select_entity,9,42222,550.296,1328.000,true
current,4,raw_in_16,9,32089,680.722,1368.000,true
current,4,mybatis_in_256,9,1079,17470.065,47280.000,true
current,4,named_batch_64,9,909,23639.604,70304.000,true
current,4,named_mixed_literals,9,18404,1131.504,2440.000,true
current,4,positional_update_map,9,19162,773.442,1896.000,true
current,4,positional_union_raw,9,20551,1099.976,1496.000,true
current,4,named_union_builder,9,3075,4097.496,6840.000,true
current,4,raw_nested,9,13385,858.192,1640.000,true
current,4,positional_insert_values,9,32132,635.485,1488.000,true
current,4,named_select_columns,9,25556,589.138,1240.000,true
current,4,raw_subquery_structured,9,15423,1128.276,2768.000,true
current,4,raw_group_order,9,11926,1512.552,2976.000,true
current,4,named_insert_placeholders,9,30403,735.427,1976.000,true
current,4,raw_in_256,9,5347,3709.407,2488.000,true
current,4,positional_update_chain_16,9,2431,5296.750,14584.000,true
current,4,named_derived,9,4141,4355.735,7304.000,true
current,4,raw_union_raw,9,14327,1064.354,1496.000,true
current,4,mybatis_naming_UPPER_CAMEL_CASE,9,4843,4494.693,5088.000,true
current,4,raw_union_builder,9,6186,2150.889,3752.000,true
current,4,positional_dialect_MySQL,9,24095,803.432,1872.000,true
current,4,named_subquery_raw,9,38513,505.489,1368.000,true
current,4,raw_batch_beans,9,6004,3617.438,8832.000,true
current,4,positional_subquery_structured,9,10226,1218.013,2904.000,true
current,4,raw_where_16,9,6466,2880.204,3296.000,true
current,4,mybatis_batch_beans,9,2692,6257.318,14144.000,true
current,4,named_in_expression,9,854,22633.138,72480.000,true
current,4,custom_handler_where,9,4725,4115.048,6992.000,true
current,4,raw_insert_placeholders,9,27691,476.129,1232.000,true
current,4,mybatis_delete,9,64357,338.740,1256.000,true
current,4,raw_late_modifier,9,43408,497.312,1368.000,true
current,4,raw_raw_expression,9,21031,974.362,1768.000,true
current,4,named_select_expressions,9,13465,1464.872,1960.000,true
current,4,named_in_1024,9,142,92127.465,278584.000,true
current,4,raw_batch_4,9,15850,1342.972,3296.000,true
current,4,positional_dialect_Microsoft_SQL_Server,9,18775,1086.690,2056.000,true
current,4,raw_insert_values,9,22617,650.944,1560.000,true
current,4,raw_retry_rollback,9,8946,2736.195,4000.000,true
current,4,positional_join_on,9,16534,1125.572,2448.000,true
current,4,mybatis_insert_entity,9,30575,710.901,1592.000,true
current,4,mybatis_where_eq,9,27621,738.337,1840.000,true
current,4,raw_select_star,9,92315,211.042,904.000,true
current,4,positional_in_16,9,29584,701.842,1752.000,true
current,4,positional_insert_placeholders,9,39210,485.624,1232.000,true
current,4,named_retry_rollback,9,5278,4172.186,5328.000,true
current,4,named_select_entity,9,28595,599.801,1328.000,true
current,4,mybatis_in_17,9,10032,1704.894,4216.000,true
current,4,raw_in_17,9,32091,744.514,1376.000,true
current,4,mybatis_select_expressions,9,13996,1462.782,1960.000,true
current,4,mybatis_naming_KEBAB_CASE,9,5063,4279.913,5360.000,true
current,4,positional_dialect_DB2,9,21608,907.034,2056.000,true
current,4,positional_pagination,9,25536,810.977,1848.000,true
current,4,mybatis_between,9,16199,1089.654,2368.000,true
current,4,positional_condition_only,9,7388,2780.374,3128.000,true
current,4,named_dialect_Microsoft_SQL_Server,9,16405,1347.498,2608.000,true
current,4,raw_repeated_names,9,1833,11884.724,14176.000,true
current,4,named_naming_SCREAMING_SNAKE_CASE,9,4735,4698.585,6976.000,true
current,4,mybatis_where_128,9,438,30167.352,34872.000,true
current,4,positional_select_star,9,112154,217.747,904.000,true
current,4,mybatis_select_star,9,93025,226.625,904.000,true
current,4,raw_delete,9,37468,301.166,936.000,true
current,4,mybatis_retry_rollback,9,7048,3249.319,4808.000,true
current,4,raw_naming_CAMEL_CASE,9,8820,2342.222,1528.000,true
current,4,positional_row_in,9,28239,778.969,1632.000,true
current,4,named_in_16,9,6617,1744.930,5544.000,true
current,4,positional_mixed_literals,9,24234,990.608,1720.000,true
current,4,named_insert_entity,9,28942,812.998,1928.000,true
current,4,named_naming_UPPER_CAMEL_CASE,9,4704,5047.151,6688.000,true
current,4,mybatis_repeated_names,9,1015,19882.069,30560.000,true
current,4,named_dialect_MySQL,9,16736,1139.119,2432.000,true
current,4,raw_subquery_raw,9,37392,626.222,1368.000,true
current,4,positional_join_using,9,18421,720.976,1776.000,true
current,4,mybatis_late_modifier,9,25519,629.413,1680.000,true
current,4,mybatis_where_16,9,3421,4621.310,5360.000,true
current,4,positional_naming_NO_CHANGE,9,9826,2166.996,1904.000,true
current,4,raw_in_1024,9,1502,14498.735,6352.000,true
current,4,named_subquery_structured,9,13299,1685.405,3616.000,true
current,4,mybatis_insert_placeholders,9,30667,696.896,1640.000,true
current,4,raw_row_in,9,27803,826.458,1632.000,true
current,4,named_where_16,9,5216,4300.997,6960.000,true
current,4,named_pagination,9,19084,1069.535,2408.000,true
