version,fork,case,round,operations,ns_per_op,bytes_per_op,equivalent
current,1,mybatis_where_128,1,585,41940.684,34848.000,true
current,1,mybatis_raw_expression,1,16056,1304.055,1744.000,true
current,1,mybatis_between,1,13977,1199.206,2344.000,true
current,1,named_dialect_MySQL,1,17889,2406.015,2408.000,true
current,1,named_pagination,1,19038,1222.613,2384.000,true
current,1,positional_union_builder,1,9683,2977.528,3992.000,true
current,1,raw_between,1,11459,814.949,1648.000,true
current,1,named_naming_KEBAB_CASE,1,2843,4533.134,6936.000,true
current,1,named_update_chain_16,1,2116,15407.372,24072.000,true
current,1,raw_subquery_structured,1,18972,1617.895,2720.000,true
current,1,mybatis_subquery_raw,1,37814,636.486,1344.000,true
current,1,positional_in_1024,1,3484,9566.160,20800.000,true
current,1,named_retry_rollback,1,6509,7114.180,5304.000,true
current,1,named_dialect_Oracle,1,18459,2044.450,2584.000,true
current,1,named_mixed_literals,1,20029,1732.458,2416.000,true
current,1,raw_raw_expression,1,19134,2027.914,1744.000,true
current,1,named_dialect_DB2,1,11494,1945.667,2584.000,true
current,1,mybatis_join_on,1,17976,2599.955,2648.000,true
current,1,positional_naming_CAMEL_CASE,1,7691,5051.736,1880.000,true
current,1,raw_condition_only,1,7197,7638.919,2720.000,true
current,1,raw_insert_placeholders,1,24850,1615.312,1208.000,true
current,1,raw_repeated_names,1,1006,32336.879,14152.000,true
current,1,positional_dialect_PostgreSQL,1,18184,2019.182,1848.000,true
current,1,raw_insert_values,1,31514,1476.617,1536.000,true
current,1,raw_late_modifier,1,38622,1150.399,1344.000,true
current,1,raw_update_map,1,19504,1914.366,1960.000,true
current,1,mybatis_update_map,1,19348,2302.383,2512.000,true
current,1,named_subquery_structured,1,13992,4029.331,3568.000,true
current,1,named_insert_values,1,23999,2432.372,2176.000,true
current,1,mybatis_select_star,1,100470,717.455,880.000,true
current,1,mybatis_repeated_names,1,872,41476.950,30536.000,true
current,1,mybatis_insert_placeholders,1,28104,1505.590,1616.000,true
current,1,positional_mixed_literals,1,24768,1981.848,1696.000,true
current,1,positional_update_chain_16,1,4576,14264.642,14560.000,true
current,1,raw_batch_4,1,10117,3092.784,3432.000,true
current,1,positional_dialect_MySQL,1,15190,1774.141,1848.000,true
current,1,mybatis_retry_rollback,1,4205,7025.945,4784.000,true
current,1,positional_where_eq,1,27380,1471.428,1592.000,true
current,1,positional_batch_64,1,2064,24974.709,25496.000,true
current,1,positional_between,1,24555,1930.312,1736.000,true
current,1,named_join_using,1,23727,1912.319,2136.000,true
current,1,named_between,1,19324,2163.895,2600.000,true
current,1,raw_in_16,1,18848,1530.274,1344.000,true
current,1,positional_naming_KEBAB_CASE,1,3991,8415.059,3648.000,true
current,1,named_naming_UPPER_CAMEL_CASE,1,2856,13303.151,6664.000,true
current,1,mybatis_in_17,1,5801,3974.884,4192.000,true
current,1,named_dialect_PostgreSQL,1,16083,2386.955,2408.000,true
current,1,mybatis_pagination,1,23531,1913.637,2152.000,true
current,1,mybatis_naming_SCREAMING_SNAKE_CASE,1,2161,8613.836,5352.000,true
current,1,positional_dialect_DB2,1,19001,2491.390,2032.000,true
current,1,mybatis_in_1024,1,260,166110.385,182240.000,true
current,1,named_in_17,1,10587,3771.711,5736.000,true
current,1,raw_pagination,1,24433,1678.595,1712.000,true
current,1,custom_handler_union,1,2412,14899.254,7320.000,true
current,1,mybatis_select_expressions,1,10764,2149.703,1936.000,true
current,1,raw_select_entity,1,35644,593.943,1304.000,true
current,1,positional_naming_SCREAMING_SNAKE_CASE,1,3102,3539.297,3664.000,true
current,1,positional_group_order,1,13367,1640.570,3112.000,true
current,1,positional_batch_beans,1,4551,3066.777,6984.000,true
current,1,named_in_16,1,12191,1810.016,5520.000,true
current,1,named_select_expressions,1,14411,1479.092,1936.000,true
current,1,positional_raw_expression,1,21154,1084.438,1744.000,true
current,1,named_row_in,1,20782,1504.595,2680.000,true
current,1,custom_handler_where,1,4381,4719.356,6968.000,true
current,1,mybatis_nested,1,19935,1111.573,2024.000,true
current,1,raw_in_expression,1,4392,4975.319,3712.000,true
current,1,raw_where_16,1,4731,4014.986,3272.000,true
current,1,raw_select_expressions,1,12177,2318.477,1936.000,true
current,1,mybatis_insert_entity,1,26669,759.939,1568.000,true
current,1,mybatis_union_builder,1,3439,4956.790,6840.000,true
current,1,raw_union_builder,1,5061,2334.756,3776.000,true
current,1,positional_naming_NO_CHANGE,1,8002,2561.110,1880.000,true
current,1,mybatis_naming_CAMEL_CASE,1,4754,3816.996,3568.000,true
current,1,positional_insert_placeholders,1,45325,508.212,1208.000,true
current,1,positional_select_columns,1,37378,638.060,1216.000,true
current,1,positional_update_map,1,28407,798.588,1872.000,true
current,1,positional_naming_UPPER_CAMEL_CASE,1,3651,3769.323,3376.000,true
current,1,raw_join_on,1,18949,1160.742,2336.000,true
current,1,positional_union_raw,1,19528,1209.192,1472.000,true
current,1,named_insert_placeholders,1,26783,999.660,1952.000,true
current,1,raw_batch_64,1,1255,14439.203,32232.000,true
current,1,named_in_256,1,934,25059.101,71352.000,true
current,1,positional_delete,1,79709,338.918,1000.000,true
current,1,positional_insert_values,1,36577,715.646,1464.000,true
current,1,positional_late_modifier,1,40451,753.855,1432.000,true
current,1,positional_in_16,1,27483,771.339,1728.000,true
current,1,named_union_raw,1,16758,1162.251,1472.000,true
current,1,named_condition_only,1,5497,3911.552,6384.000,true
current,1,named_union_builder,1,4436,6370.086,6864.000,true
current,1,named_naming_CAMEL_CASE,1,4402,6193.230,5168.000,true
current,1,positional_dialect_Oracle,1,17297,1000.844,2032.000,true
current,1,positional_join_using,1,30653,820.745,1752.000,true
current,1,named_late_modifier,1,29610,717.737,1816.000,true
current,1,mybatis_insert_values,1,23602,830.955,1840.000,true
current,1,positional_subquery_raw,1,35721,798.645,1344.000,true
current,1,named_nested,1,20590,1162.759,2256.000,true
current,1,named_update_map,1,16855,1529.665,2976.000,true
current,1,raw_derived,1,3703,3510.559,5216.000,true
current,1,mybatis_naming_KEBAB_CASE,1,3820,4469.476,5336.000,true
current,1,positional_select_expressions,1,15389,1490.591,1936.000,true
current,1,raw_in_256,1,3936,3820.198,2464.000,true
current,1,named_select_entity,1,29958,567.151,1304.000,true
current,1,raw_subquery_raw,1,16927,500.815,1344.000,true
current,1,mybatis_condition_only,1,5576,3587.249,4784.000,true
current,1,raw_nested,1,20999,894.571,1616.000,true
current,1,named_select_star,1,105683,201.974,880.000,true
current,1,raw_naming_NO_CHANGE,1,9599,1859.860,1504.000,true
current,1,named_batch_beans,1,3280,6622.805,18616.000,true
current,1,named_where_128,1,634,36348.265,47920.000,true
current,1,positional_condition_only,1,7883,2922.415,3104.000,true
current,1,raw_update_chain_16,1,2401,5211.329,13856.000,true
current,1,raw_mixed_literals,1,9433,1228.824,1864.000,true
current,1,raw_naming_KEBAB_CASE,1,6168,3412.711,3272.000,true
current,1,raw_insert_entity,1,28158,622.622,1264.000,true
current,1,raw_group_order,1,12349,1582.347,2952.000,true
current,1,named_naming_NO_CHANGE,1,4751,3428.647,5168.000,true
current,1,mybatis_join_using,1,27582,1160.616,1976.000,true
current,1,named_where_16,1,5095,4598.116,6936.000,true
current,1,positional_select_entity,1,41581,534.727,1304.000,true
current,1,named_delete,1,59594,372.126,1384.000,true
current,1,positional_where_128,1,825,22696.970,20712.000,true
current,1,positional_join_on,1,13549,1060.897,2424.000,true
current,1,raw_where_eq,1,12144,614.452,1504.000,true
current,1,raw_union_raw,1,8788,1378.448,1472.000,true
current,1,mybatis_where_16,1,4986,5591.757,5336.000,true
current,1,mybatis_update_chain_16,1,2486,9418.302,21304.000,true
current,1,mybatis_select_entity,1,37826,536.509,1304.000,true
current,1,named_repeated_names,1,1038,20187.765,42584.000,true
current,1,named_join_on,1,16155,1194.639,2808.000,true
current,1,positional_retry_rollback,1,6920,2464.740,3864.000,true
current,1,named_subquery_raw,1,41195,479.862,1344.000,true
current,1,mybatis_in_16,1,4391,1670.531,4048.000,true
current,1,named_insert_entity,1,27591,739.690,1904.000,true
current,1,mybatis_late_modifier,1,16744,624.457,1656.000,true
current,1,raw_in_17,1,18272,609.917,1352.000,true
current,1,named_naming_SCREAMING_SNAKE_CASE,1,2365,4068.795,6952.000,true
current,1,raw_batch_beans,1,2867,4826.369,8808.000,true
current,1,named_where_eq,1,27271,975.487,1976.000,true
current,1,positional_row_in,1,29285,737.401,1608.000,true
current,1,mybatis_batch_64,1,997,21795.085,54296.000,true
current,1,mybatis_union_raw,1,19489,1244.440,1472.000,true
current,1,positional_dialect_Microsoft_SQL_Server,1,11675,1045.919,2032.000,true
current,1,mybatis_derived,1,3763,4201.648,7208.000,true
current,1,mybatis_subquery_structured,1,13675,1469.163,3312.000,true
current,1,named_select_columns,1,35370,658.191,1216.000,true
current,1,raw_row_in,1,14203,724.023,1608.000,true
current,1,mybatis_in_expression,1,1080,19481.389,48432.000,true
current,1,named_dialect_Microsoft_SQL_Server,1,8676,1237.437,2584.000,true
current,1,raw_join_using,1,28395,745.110,1664.000,true
current,1,raw_in_1024,1,933,14027.653,6328.000,true
current,1,positional_insert_entity,1,41098,565.006,1192.000,true
current,1,named_batch_64,1,873,24445.361,72360.000,true
current,1,mybatis_in_256,1,939,20352.183,47256.000,true
current,1,mybatis_naming_NO_CHANGE,1,3093,3461.073,3568.000,true
current,1,positional_where_16,1,4987,3588.751,3648.000,true
current,1,mybatis_batch_beans,1,3412,9898.828,14120.000,true
current,1,mybatis_delete,1,62207,457.420,1232.000,true
current,1,positional_batch_4,1,4473,3206.953,2968.000,true
current,1,positional_pagination,1,18134,1617.051,1824.000,true
current,1,mybatis_group_order,1,12039,3941.282,3608.000,true
current,1,positional_repeated_names,1,1780,33242.809,17240.000,true
current,1,named_in_1024,1,218,292635.780,278560.000,true
current,1,named_in_expression,1,941,48829.330,72456.000,true
current,1,raw_naming_CAMEL_CASE,1,7286,5173.127,1504.000,true
current,1,positional_in_17,1,33161,1586.587,1680.000,true
current,1,named_batch_4,1,9824,5400.193,5744.000,true
current,1,positional_derived,1,6486,8464.585,5480.000,true
current,1,positional_in_expression,1,6276,6628.187,7536.000,true
current,1,mybatis_batch_4,1,10183,4702.406,4664.000,true
current,1,raw_select_star,1,99421,463.736,880.000,true
current,1,raw_select_columns,1,21726,1667.725,1216.000,true
current,1,mybatis_mixed_literals,1,18223,3582.089,2080.000,true
current,1,mybatis_select_columns,1,37141,1415.511,1216.000,true
current,1,mybatis_row_in,1,20211,2167.255,2272.000,true
current,1,positional_in_256,1,10536,4140.860,6208.000,true
current,1,raw_delete,1,70707,549.052,912.000,true
current,1,positional_subquery_structured,1,16989,2553.270,2856.000,true
current,1,positional_nested,1,24124,2609.870,1704.000,true
current,1,raw_naming_UPPER_CAMEL_CASE,1,2870,6839.547,3000.000,true
current,1,named_derived,1,5191,9169.486,7256.000,true
current,1,raw_naming_SCREAMING_SNAKE_CASE,1,2563,6170.191,3288.000,true
current,1,mybatis_naming_UPPER_CAMEL_CASE,1,2476,11894.952,5064.000,true
current,1,named_raw_expression,1,21454,2393.367,1744.000,true
current,1,raw_where_128,1,502,45646.813,17776.000,true
current,1,positional_select_star,1,109053,477.291,880.000,true
current,1,mybatis_where_eq,1,28324,1621.614,1816.000,true
current,1,raw_retry_rollback,1,4858,6723.178,3976.000,true
current,1,named_group_order,1,10488,6537.405,3936.000,true
current,1,positional_in_1024,2,3484,9904.047,20800.000,true
current,1,named_condition_only,2,5497,8425.032,6384.000,true
current,1,positional_select_entity,2,41581,1213.771,1304.000,true
current,1,mybatis_retry_rollback,2,4205,7525.589,4784.000,true
current,1,mybatis_where_eq,2,28324,971.152,1816.000,true
current,1,mybatis_repeated_names,2,872,21296.101,30536.000,true
current,1,named_union_builder,2,4436,5969.319,6864.000,true
current,1,raw_where_16,2,4731,3113.464,3272.000,true
current,1,named_where_128,2,634,32938.328,47920.000,true
current,1,named_derived,2,5191,4371.932,7256.000,true
current,1,named_update_map,2,16855,1185.963,2976.000,true
current,1,raw_subquery_raw,2,16927,910.793,1344.000,true
current,1,raw_naming_CAMEL_CASE,2,7286,2206.135,1504.000,true
current,1,named_repeated_names,2,1038,19908.189,42584.000,true
current,1,named_select_star,2,105683,206.303,880.000,true
current,1,mybatis_naming_SCREAMING_SNAKE_CASE,2,2161,5803.702,5352.000,true
current,1,mybatis_naming_CAMEL_CASE,2,4754,3265.103,3568.000,true
current,1,mybatis_delete,2,62207,354.685,1232.000,true
current,1,mybatis_insert_placeholders,2,28104,665.695,1616.000,true
current,1,raw_late_modifier,2,38622,493.385,1344.000,true
current,1,positional_naming_UPPER_CAMEL_CASE,2,3651,3266.721,3376.000,true
current,1,positional_batch_beans,2,4551,3020.611,6984.000,true
current,1,mybatis_subquery_raw,2,37814,493.661,1344.000,true
current,1,named_dialect_MySQL,2,17889,1129.320,2408.000,true
current,1,mybatis_naming_NO_CHANGE,2,3093,2824.410,3568.000,true
current,1,positional_union_raw,2,19528,1092.268,1472.000,true
current,1,positional_where_128,2,825,23332.727,20712.000,true
current,1,positional_nested,2,24124,850.170,1704.000,true
current,1,mybatis_batch_64,2,997,21794.885,54296.000,true
current,1,positional_subquery_raw,2,35721,493.934,1344.000,true
current,1,positional_insert_placeholders,2,45325,521.644,1208.000,true
current,1,positional_select_expressions,2,15389,1522.198,1936.000,true
current,1,named_in_17,2,10587,1861.764,5736.000,true
current,1,named_batch_4,2,9824,2118.954,5744.000,true
current,1,named_insert_placeholders,2,26783,746.384,1952.000,true
current,1,mybatis_select_star,2,100470,206.351,880.000,true
current,1,positional_batch_64,2,2064,9372.384,25496.000,true
current,1,positional_insert_entity,2,41098,609.949,1192.000,true
current,1,raw_naming_NO_CHANGE,2,9599,1882.519,1504.000,true
current,1,mybatis_row_in,2,20211,983.108,2272.000,true
current,1,named_raw_expression,2,21454,947.050,1744.000,true
current,1,positional_in_17,2,33161,651.443,1680.000,true
current,1,named_pagination,2,19038,986.101,2384.000,true
current,1,raw_naming_KEBAB_CASE,2,6168,2999.335,3272.000,true
current,1,mybatis_select_expressions,2,10764,1472.761,1936.000,true
current,1,raw_condition_only,2,7197,2651.730,2720.000,true
current,1,mybatis_select_entity,2,37826,576.852,1304.000,true
current,1,named_union_raw,2,16758,1196.724,1472.000,true
current,1,positional_select_star,2,109053,243.401,880.000,true
current,1,mybatis_mixed_literals,2,18223,1684.909,2080.000,true
current,1,raw_insert_values,2,31514,1391.569,1536.000,true
current,1,named_nested,2,20590,2417.149,2256.000,true
current,1,positional_union_builder,2,9683,5565.186,3992.000,true
current,1,positional_derived,2,6486,9221.492,5480.000,true
current,1,positional_batch_4,2,4473,2471.786,2968.000,true
current,1,raw_update_map,2,19504,1723.421,1960.000,true
current,1,mybatis_join_using,2,27582,1711.685,1976.000,true
current,1,mybatis_late_modifier,2,16744,1653.548,1656.000,true
current,1,named_naming_UPPER_CAMEL_CASE,2,2856,11948.739,6664.000,true
current,1,named_dialect_Oracle,2,18459,2573.531,2584.000,true
current,1,named_naming_CAMEL_CASE,2,4402,7156.565,5168.000,true
current,1,positional_insert_values,2,36577,1370.443,1464.000,true
current,1,mybatis_condition_only,2,5576,7857.927,4784.000,true
current,1,named_dialect_Microsoft_SQL_Server,2,8676,3102.628,2584.000,true
current,1,mybatis_where_128,2,585,73591.966,34848.000,true
current,1,mybatis_batch_4,2,10183,4818.109,4664.000,true
current,1,named_in_expression,2,941,41917.322,72456.000,true
current,1,named_between,2,19324,2472.992,2600.000,true
current,1,named_naming_KEBAB_CASE,2,2843,8597.292,6936.000,true
current,1,raw_derived,2,3703,9178.936,5216.000,true
current,1,raw_mixed_literals,2,9433,2394.169,1864.000,true
current,1,mybatis_nested,2,19935,2197.065,2024.000,true
current,1,mybatis_select_columns,2,37141,1325.112,1216.000,true
current,1,raw_raw_expression,2,19134,1981.008,1744.000,true
current,1,positional_dialect_MySQL,2,15190,1995.510,1848.000,true
current,1,raw_where_128,2,502,49458.765,17776.000,true
current,1,mybatis_batch_beans,2,3412,12950.176,14120.000,true
current,1,mybatis_in_1024,2,260,300762.308,182240.000,true
current,1,positional_join_using,2,30653,1507.399,1752.000,true
current,1,mybatis_derived,2,3763,8602.392,7208.000,true
current,1,positional_dialect_PostgreSQL,2,18184,1830.043,1848.000,true
current,1,mybatis_in_256,2,939,37251.651,47256.000,true
current,1,named_delete,2,59594,736.059,1384.000,true
current,1,mybatis_in_17,2,5801,3612.670,4192.000,true
current,1,positional_naming_KEBAB_CASE,2,3991,7857.554,3648.000,true
current,1,raw_in_expression,2,4392,9491.280,3712.000,true
current,1,raw_retry_rollback,2,4858,6406.340,3976.000,true
current,1,positional_row_in,2,29285,1319.635,1608.000,true
current,1,raw_batch_4,2,10117,1710.201,3432.000,true
current,1,raw_insert_entity,2,28158,652.539,1264.000,true
current,1,positional_group_order,2,13367,2440.338,3112.000,true
current,1,mybatis_update_chain_16,2,2486,8679.405,21304.000,true
current,1,positional_pagination,2,18134,759.088,1824.000,true
current,1,raw_row_in,2,14203,726.994,1608.000,true
current,1,mybatis_insert_values,2,23602,803.644,1840.000,true
current,1,raw_group_order,2,12349,1437.290,2952.000,true
current,1,positional_dialect_DB2,2,19001,819.799,2032.000,true
current,1,mybatis_update_map,2,19348,1167.557,2512.000,true
current,1,raw_in_17,2,18272,635.163,1352.000,true
current,1,positional_in_256,2,10536,2262.301,6208.000,true
current,1,mybatis_naming_UPPER_CAMEL_CASE,2,2476,4261.551,5064.000,true
current,1,named_select_columns,2,35370,686.271,1216.000,true
current,1,raw_subquery_structured,2,18972,1107.669,2720.000,true
current,1,mybatis_in_16,2,4391,1445.798,4048.000,true
current,1,raw_pagination,2,24433,652.867,1712.000,true
current,1,raw_naming_SCREAMING_SNAKE_CASE,2,2563,3258.213,3288.000,true
current,1,named_group_order,2,10488,2029.748,3936.000,true
current,1,positional_where_eq,2,27380,684.102,1592.000,true
current,1,named_subquery_structured,2,13992,1545.690,3568.000,true
current,1,positional_late_modifier,2,40451,511.389,1432.000,true
current,1,raw_update_chain_16,2,2401,4636.485,13856.000,true
current,1,named_join_on,2,16155,1197.202,2808.000,true
current,1,named_in_256,2,934,20316.381,71352.000,true
current,1,named_where_16,2,5095,3988.538,6936.000,true
current,1,positional_naming_CAMEL_CASE,2,7691,2469.484,1880.000,true
current,1,raw_union_raw,2,8788,1197.417,1472.000,true
current,1,positional_delete,2,79709,370.867,1000.000,true
current,1,positional_dialect_Microsoft_SQL_Server,2,11675,1012.480,2032.000,true
current,1,raw_select_expressions,2,12177,1451.203,1936.000,true
current,1,named_select_entity,2,29958,626.714,1304.000,true
current,1,named_insert_values,2,23999,797.429,2176.000,true
current,1,named_dialect_DB2,2,11494,1093.953,2584.000,true
current,1,raw_batch_64,2,1255,12129.004,32232.000,true
current,1,raw_select_columns,2,21726,603.065,1216.000,true
current,1,named_insert_entity,2,27591,758.197,1904.000,true
current,1,raw_delete,2,70707,259.574,912.000,true
current,1,positional_in_expression,2,6276,3109.178,7536.000,true
current,1,named_subquery_raw,2,41195,469.977,1344.000,true
current,1,named_row_in,2,20782,1017.010,2680.000,true
current,1,raw_in_1024,2,933,12257.878,6328.000,true
current,1,raw_union_builder,2,5061,2082.454,3776.000,true
current,1,mybatis_pagination,2,23531,881.357,2152.000,true
current,1,positional_dialect_Oracle,2,17297,854.668,2032.000,true
current,1,mybatis_insert_entity,2,26669,914.196,1568.000,true
current,1,mybatis_join_on,2,17976,1217.729,2648.000,true
current,1,raw_where_eq,2,12144,593.314,1504.000,true
current,1,raw_in_16,2,18848,592.912,1344.000,true
current,1,positional_in_16,2,27483,703.573,1728.000,true
current,1,named_update_chain_16,2,2116,8773.204,24072.000,true
current,1,named_in_16,2,12191,1805.857,5520.000,true
current,1,positional_naming_SCREAMING_SNAKE_CASE,2,3102,2968.117,3664.000,true
current,1,named_late_modifier,2,29610,604.985,1816.000,true
current,1,named_join_using,2,23727,827.555,2136.000,true
current,1,mybatis_subquery_structured,2,13675,1245.528,3312.000,true
current,1,mybatis_between,2,13977,1053.488,2344.000,true
current,1,positional_mixed_literals,2,24768,830.386,1696.000,true
current,1,named_where_eq,2,27271,775.542,1976.000,true
current,1,mybatis_in_expression,2,1080,20145.370,48432.000,true
current,1,mybatis_group_order,2,12039,1699.128,3608.000,true
current,1,positional_subquery_structured,2,16989,1086.756,2856.000,true
current,1,custom_handler_where,2,4381,3900.982,6968.000,true
current,1,raw_join_on,2,18949,1068.162,2336.000,true
current,1,mybatis_union_raw,2,19489,1003.269,1472.000,true
current,1,mybatis_union_builder,2,3439,3806.804,6840.000,true
current,1,raw_between,2,11459,765.521,1648.000,true
current,1,named_batch_64,2,873,21067.125,72360.000,true
current,1,named_in_1024,2,218,91961.927,278560.000,true
current,1,raw_batch_beans,2,2867,3507.743,8808.000,true
current,1,raw_naming_UPPER_CAMEL_CASE,2,2870,3073.728,3000.000,true
current,1,named_naming_NO_CHANGE,2,4751,3072.679,5168.000,true
current,1,positional_update_chain_16,2,4576,5524.869,14560.000,true
current,1,named_naming_SCREAMING_SNAKE_CASE,2,2365,3935.518,6952.000,true
current,1,mybatis_naming_KEBAB_CASE,2,3820,3832.382,5336.000,true
current,1,raw_nested,2,20999,839.183,1616.000,true
current,1,positional_join_on,2,13549,1003.070,2424.000,true
current,1,raw_insert_placeholders,2,24850,508.318,1208.000,true
current,1,named_batch_beans,2,3280,6206.921,18616.000,true
current,1,named_retry_rollback,2,6509,3913.520,5304.000,true
current,1,raw_in_256,2,3936,3589.431,2464.000,true
current,1,named_dialect_PostgreSQL,2,16083,1002.723,2408.000,true
current,1,named_mixed_literals,2,20029,1140.162,2416.000,true
current,1,positional_retry_rollback,2,6920,2420.087,3864.000,true
current,1,raw_join_using,2,28395,724.480,1664.000,true
current,1,raw_select_entity,2,35644,502.559,1304.000,true
current,1,positional_where_16,2,4987,3098.135,3648.000,true
current,1,positional_naming_NO_CHANGE,2,8002,1864.934,1880.000,true
current,1,positional_condition_only,2,7883,2971.584,3104.000,true
current,1,mybatis_raw_expression,2,16056,973.424,1744.000,true
current,1,mybatis_where_16,2,4986,3902.487,5336.000,true
current,1,named_select_expressions,2,14411,1347.269,1936.000,true
current,1,raw_repeated_names,2,1006,12401.491,14152.000,true
current,1,positional_select_columns,2,37378,590.698,1216.000,true
current,1,custom_handler_union,2,2412,4923.010,7320.000,true
current,1,raw_select_star,2,99421,240.755,880.000,true
current,1,positional_update_map,2,28407,950.583,1872.000,true
current,1,positional_between,2,24555,794.685,1736.000,true
current,1,positional_repeated_names,2,1780,11478.258,17240.000,true
current,1,positional_raw_expression,2,21154,1012.948,1744.000,true
current,1,raw_update_chain_16,3,2401,8212.078,13856.000,true
current,1,named_where_128,3,634,54637.539,47920.000,true
current,1,raw_row_in,3,14203,1600.401,1608.000,true
current,1,raw_insert_entity,3,28158,1415.956,1264.000,true
current,1,named_naming_KEBAB_CASE,3,2843,11219.311,6936.000,true
current,1,named_in_17,3,10587,4309.285,5736.000,true
current,1,mybatis_late_modifier,3,16744,1335.625,1656.000,true
current,1,raw_naming_UPPER_CAMEL_CASE,3,2870,8372.056,3000.000,true
current,1,named_mixed_literals,3,20029,2619.666,2416.000,true
current,1,positional_union_builder,3,9683,5112.537,3992.000,true
current,1,mybatis_mixed_literals,3,18223,2558.986,2080.000,true
current,1,positional_row_in,3,29285,1904.217,1608.000,true
current,1,positional_mixed_literals,3,24768,2169.614,1696.000,true
current,1,named_nested,3,20590,2178.689,2256.000,true
current,1,raw_where_eq,3,12144,1451.672,1504.000,true
current,1,named_union_raw,3,16758,2348.228,1472.000,true
current,1,positional_dialect_MySQL,3,15190,1901.356,1848.000,true
current,1,positional_insert_placeholders,3,45325,1112.395,1208.000,true
current,1,positional_dialect_Oracle,3,17297,1621.102,2032.000,true
current,1,raw_subquery_raw,3,16927,1131.400,1344.000,true
current,1,positional_naming_KEBAB_CASE,3,3991,7331.646,3648.000,true
current,1,named_group_order,3,10488,4715.008,3936.000,true
current,1,named_select_star,3,105683,435.422,880.000,true
current,1,positional_in_256,3,10536,4463.316,6208.000,true
current,1,positional_batch_beans,3,4551,6684.047,6984.000,true
current,1,named_late_modifier,3,29610,1481.857,1816.000,true
current,1,positional_naming_NO_CHANGE,3,8002,4687.453,1880.000,true
current,1,mybatis_batch_4,3,10183,4209.791,4664.000,true
current,1,named_select_entity,3,29958,1143.544,1304.000,true
current,1,named_subquery_raw,3,41195,1143.940,1344.000,true
current,1,raw_join_on,3,18949,2445.095,2336.000,true
current,1,named_insert_entity,3,27591,1732.449,1904.000,true
current,1,mybatis_condition_only,3,5576,9517.575,4784.000,true
current,1,mybatis_union_raw,3,19489,2241.095,1472.000,true
current,1,named_repeated_names,3,1038,49334.297,42584.000,true
current,1,mybatis_select_entity,3,37826,1457.550,1304.000,true
current,1,named_between,3,19324,2313.615,2600.000,true
current,1,raw_delete,3,70707,303.978,912.000,true
current,1,mybatis_group_order,3,12039,1784.193,3608.000,true
current,1,raw_union_builder,3,5061,2144.517,3776.000,true
current,1,positional_join_on,3,13549,1139.848,2424.000,true
current,1,named_pagination,3,19038,999.144,2384.000,true
current,1,raw_in_expression,3,4392,5097.108,3712.000,true
current,1,raw_pagination,3,24433,652.310,1712.000,true
current,1,positional_group_order,3,13367,1558.001,3112.000,true
current,1,mybatis_union_builder,3,3439,3812.823,6840.000,true
current,1,raw_in_16,3,18848,577.287,1344.000,true
current,1,raw_insert_values,3,31514,622.415,1536.000,true
current,1,named_batch_beans,3,3280,6359.360,18616.000,true
current,1,mybatis_naming_UPPER_CAMEL_CASE,3,2476,4167.165,5064.000,true
current,1,named_condition_only,3,5497,3489.522,6384.000,true
current,1,named_update_chain_16,3,2116,9136.106,24072.000,true
current,1,named_join_on,3,16155,1174.955,2808.000,true
current,1,mybatis_update_map,3,19348,1050.367,2512.000,true
current,1,positional_union_raw,3,19528,1078.544,1472.000,true
current,1,positional_select_entity,3,41581,474.500,1304.000,true
current,1,mybatis_join_on,3,17976,1194.120,2648.000,true
current,1,named_naming_NO_CHANGE,3,4751,2872.785,5168.000,true
current,1,raw_join_using,3,28395,655.711,1664.000,true
current,1,raw_batch_4,3,10117,1330.928,3432.000,true
current,1,named_in_1024,3,218,112727.523,278560.000,true
current,1,named_update_map,3,16855,1178.535,2976.000,true
current,1,positional_in_17,3,33161,613.935,1680.000,true
current,1,named_delete,3,59594,359.556,1384.000,true
current,1,mybatis_insert_entity,3,26669,720.897,1568.000,true
current,1,raw_in_256,3,3936,3383.181,2464.000,true
current,1,named_dialect_Microsoft_SQL_Server,3,8676,1119.744,2584.000,true
current,1,raw_union_raw,3,8788,1017.683,1472.000,true
current,1,positional_in_1024,3,3484,6167.882,20800.000,true
current,1,positional_raw_expression,3,21154,921.187,1744.000,true
current,1,named_row_in,3,20782,991.055,2680.000,true
current,1,positional_pagination,3,18134,692.142,1824.000,true
current,1,raw_derived,3,3703,3309.965,5216.000,true
current,1,positional_batch_4,3,4473,1091.125,2968.000,true
current,1,positional_select_expressions,3,15389,1412.171,1936.000,true
current,1,mybatis_where_128,3,585,28753.846,34848.000,true
current,1,raw_repeated_names,3,1006,11035.388,14152.000,true
current,1,mybatis_in_1024,3,260,76734.231,182240.000,true
current,1,mybatis_where_eq,3,28324,671.847,1816.000,true
current,1,raw_raw_expression,3,19134,970.905,1744.000,true
current,1,mybatis_pagination,3,23531,913.782,2152.000,true
current,1,positional_between,3,24555,724.011,1736.000,true
current,1,named_select_columns,3,35370,607.795,1216.000,true
current,1,mybatis_naming_CAMEL_CASE,3,4754,2880.606,3568.000,true
current,1,named_retry_rollback,3,6509,3306.622,5304.000,true
current,1,mybatis_select_expressions,3,10764,1418.292,1936.000,true
current,1,mybatis_naming_SCREAMING_SNAKE_CASE,3,2161,4133.549,5352.000,true
current,1,named_dialect_MySQL,3,17889,905.260,2408.000,true
current,1,raw_naming_CAMEL_CASE,3,7286,2145.334,1504.000,true
current,1,named_insert_values,3,23999,799.783,2176.000,true
current,1,mybatis_select_star,3,100470,208.031,880.000,true
current,1,raw_between,3,11459,687.521,1648.000,true
current,1,positional_dialect_DB2,3,19001,834.677,2032.000,true
current,1,positional_retry_rollback,3,6920,3040.910,3864.000,true
current,1,named_where_16,3,5095,4083.297,6936.000,true
current,1,named_batch_64,3,873,21983.505,72360.000,true
current,1,mybatis_retry_rollback,3,4205,3508.395,4784.000,true
current,1,mybatis_in_16,3,4391,1387.839,4048.000,true
current,1,mybatis_batch_64,3,997,21682.949,54296.000,true
current,1,mybatis_between,3,13977,986.700,2344.000,true
current,1,raw_insert_placeholders,3,24850,495.276,1208.000,true
current,1,named_in_expression,3,941,22230.074,72456.000,true
current,1,mybatis_in_17,3,5801,1671.539,4192.000,true
current,1,raw_where_128,3,502,22318.526,17776.000,true
current,1,positional_nested,3,24124,833.647,1704.000,true
current,1,positional_where_eq,3,27380,668.524,1592.000,true
current,1,positional_delete,3,79709,274.288,1000.000,true
current,1,raw_naming_KEBAB_CASE,3,6168,2826.216,3272.000,true
current,1,positional_naming_CAMEL_CASE,3,7691,2158.822,1880.000,true
current,1,raw_retry_rollback,3,4858,3124.557,3976.000,true
current,1,positional_subquery_structured,3,16989,1044.623,2856.000,true
current,1,mybatis_row_in,3,20211,971.565,2272.000,true
current,1,raw_nested,3,20999,906.391,1616.000,true
current,1,raw_select_star,3,99421,197.925,880.000,true
current,1,raw_in_1024,3,933,12159.486,6328.000,true
current,1,positional_subquery_raw,3,35721,504.258,1344.000,true
current,1,raw_mixed_literals,3,9433,1045.871,1864.000,true
current,1,named_insert_placeholders,3,26783,711.130,1952.000,true
current,1,raw_update_map,3,19504,744.145,1960.000,true
current,1,raw_condition_only,3,7197,2559.566,2720.000,true
current,1,named_in_16,3,12191,1649.709,5520.000,true
current,1,mybatis_raw_expression,3,16056,931.708,1744.000,true
current,1,positional_insert_values,3,36577,585.278,1464.000,true
current,1,mybatis_batch_beans,3,3412,5958.558,14120.000,true
current,1,positional_dialect_Microsoft_SQL_Server,3,11675,940.480,2032.000,true
current,1,raw_batch_beans,3,2867,4023.614,8808.000,true
current,1,custom_handler_union,3,2412,4298.922,7320.000,true
current,1,raw_batch_64,3,1255,11278.088,32232.000,true
current,1,named_in_256,3,934,20430.193,71352.000,true
current,1,positional_update_chain_16,3,4576,4889.663,14560.000,true
current,1,named_where_eq,3,27271,750.163,1976.000,true
current,1,raw_naming_SCREAMING_SNAKE_CASE,3,2563,2890.480,3288.000,true
current,1,mybatis_naming_KEBAB_CASE,3,3820,4522.932,5336.000,true
current,1,raw_in_17,3,18272,676.773,1352.000,true
current,1,raw_select_entity,3,35644,491.819,1304.000,true
current,1,positional_in_16,3,27483,724.015,1728.000,true
current,1,raw_late_modifier,3,38622,501.028,1344.000,true
current,1,raw_select_columns,3,21726,611.562,1216.000,true
current,1,positional_condition_only,3,7883,2980.705,3104.000,true
current,1,positional_in_expression,3,6276,3616.300,7536.000,true
current,1,mybatis_update_chain_16,3,2486,7585.278,21304.000,true
current,1,named_dialect_Oracle,3,18459,989.414,2584.000,true
current,1,positional_dialect_PostgreSQL,3,18184,776.072,1848.000,true
current,1,raw_where_16,3,4731,3096.491,3272.000,true
current,1,named_dialect_PostgreSQL,3,16083,966.915,2408.000,true
current,1,positional_select_star,3,109053,193.062,880.000,true
current,1,mybatis_subquery_raw,3,37814,489.004,1344.000,true
current,1,named_derived,3,5191,3825.178,7256.000,true
current,1,mybatis_in_expression,3,1080,18545.833,48432.000,true
current,1,named_naming_CAMEL_CASE,3,4402,3151.000,5168.000,true
current,1,positional_insert_entity,3,41098,562.015,1192.000,true
current,1,mybatis_delete,3,62207,334.501,1232.000,true
current,1,mybatis_insert_values,3,23602,797.581,1840.000,true
current,1,positional_naming_SCREAMING_SNAKE_CASE,3,3102,2999.774,3664.000,true
current,1,mybatis_where_16,3,4986,3936.262,5336.000,true
current,1,named_raw_expression,3,21454,871.180,1744.000,true
current,1,named_naming_SCREAMING_SNAKE_CASE,3,2365,4723.636,6952.000,true
current,1,named_naming_UPPER_CAMEL_CASE,3,2856,4043.732,6664.000,true
current,1,mybatis_derived,3,3763,4221.366,7208.000,true
current,1,positional_repeated_names,3,1780,12125.955,17240.000,true
current,1,positional_select_columns,3,37378,569.503,1216.000,true
current,1,raw_select_expressions,3,12177,1429.556,1936.000,true
current,1,mybatis_in_256,3,939,17501.810,47256.000,true
current,1,mybatis_select_columns,3,37141,589.629,1216.000,true
current,1,mybatis_repeated_names,3,872,17120.298,30536.000,true
current,1,named_union_builder,3,4436,3891.885,6864.000,true
current,1,mybatis_join_using,3,27582,770.397,1976.000,true
current,1,custom_handler_where,3,4381,3973.476,6968.000,true
current,1,mybatis_naming_NO_CHANGE,3,3093,3031.781,3568.000,true
current,1,positional_batch_64,3,2064,9178.828,25496.000,true
current,1,named_dialect_DB2,3,11494,1080.137,2584.000,true
current,1,positional_update_map,3,28407,726.490,1872.000,true
current,1,mybatis_nested,3,19935,983.903,2024.000,true
current,1,mybatis_insert_placeholders,3,28104,652.644,1616.000,true
current,1,named_subquery_structured,3,13992,1426.751,3568.000,true
current,1,raw_naming_NO_CHANGE,3,9599,1808.699,1504.000,true
current,1,raw_subquery_structured,3,18972,1083.818,2720.000,true
current,1,positional_where_128,3,825,21350.424,20712.000,true
current,1,positional_where_16,3,4987,2879.647,3648.000,true
current,1,positional_derived,3,6486,3355.381,5480.000,true
current,1,positional_join_using,3,30653,634.832,1752.000,true
current,1,positional_late_modifier,3,40451,513.577,1432.000,true
current,1,named_batch_4,3,9824,2057.441,5744.000,true
current,1,raw_group_order,3,12349,1427.241,2952.000,true
current,1,named_join_using,3,23727,834.851,2136.000,true
current,1,named_select_expressions,3,14411,1404.413,1936.000,true
current,1,positional_naming_UPPER_CAMEL_CASE,3,3651,3469.351,3376.000,true
current,1,mybatis_subquery_structured,3,13675,1307.715,3312.000,true
current,1,raw_batch_beans,4,2867,3378.793,8808.000,true
current,1,mybatis_subquery_structured,4,13675,1448.366,3312.000,true
current,1,named_insert_placeholders,4,26783,693.141,1952.000,true
current,1,positional_pagination,4,18134,706.435,1824.000,true
current,1,mybatis_batch_beans,4,3412,5681.741,14120.000,true
current,1,named_nested,4,20590,986.115,2256.000,true
current,1,raw_update_chain_16,4,2401,5193.086,13856.000,true
current,1,mybatis_union_builder,4,3439,4037.889,6840.000,true
current,1,raw_in_256,4,3936,3565.752,2464.000,true
current,1,positional_select_expressions,4,15389,1399.727,1936.000,true
current,1,custom_handler_where,4,4381,3967.222,6968.000,true
current,1,positional_dialect_MySQL,4,15190,732.205,1848.000,true
current,1,named_delete,4,59594,350.559,1384.000,true
current,1,mybatis_subquery_raw,4,37814,472.880,1344.000,true
current,1,positional_subquery_raw,4,35721,496.156,1344.000,true
current,1,mybatis_raw_expression,4,16056,860.046,1744.000,true
current,1,positional_dialect_Oracle,4,17297,801.104,2032.000,true
current,1,named_where_eq,4,27271,742.631,1976.000,true
current,1,raw_in_17,4,18272,591.851,1352.000,true
current,1,mybatis_select_star,4,100470,249.858,880.000,true
current,1,raw_raw_expression,4,19134,878.954,1744.000,true
current,1,raw_insert_placeholders,4,24850,468.101,1208.000,true
current,1,raw_naming_UPPER_CAMEL_CASE,4,2870,3015.087,3000.000,true
current,1,mybatis_insert_placeholders,4,28104,687.678,1616.000,true
current,1,mybatis_where_16,4,4986,3709.988,5336.000,true
current,1,named_select_star,4,105683,219.441,880.000,true
current,1,mybatis_in_16,4,4391,1451.606,4048.000,true
current,1,raw_derived,4,3703,3191.925,5216.000,true
current,1,named_in_1024,4,218,92639.450,278560.000,true
current,1,raw_naming_KEBAB_CASE,4,6168,2848.184,3272.000,true
current,1,positional_row_in,4,29285,711.706,1608.000,true
current,1,positional_delete,4,79709,284.678,1000.000,true
current,1,positional_in_17,4,33161,567.432,1680.000,true
current,1,raw_insert_values,4,31514,629.631,1536.000,true
current,1,named_naming_SCREAMING_SNAKE_CASE,4,2365,3938.562,6952.000,true
current,1,mybatis_batch_64,4,997,20948.345,54296.000,true
current,1,named_batch_4,4,9824,2148.616,5744.000,true
current,1,named_mixed_literals,4,20029,1049.139,2416.000,true
current,1,positional_where_128,4,825,21416.970,20712.000,true
current,1,named_where_128,4,634,32559.621,47920.000,true
current,1,raw_select_entity,4,35644,479.797,1304.000,true
current,1,named_join_using,4,23727,789.716,2136.000,true
current,1,raw_select_columns,4,21726,550.838,1216.000,true
current,1,positional_union_builder,4,9683,2322.927,3992.000,true
current,1,raw_join_on,4,18949,973.154,2336.000,true
current,1,raw_naming_CAMEL_CASE,4,7286,2391.477,1504.000,true
current,1,raw_subquery_raw,4,16927,470.769,1344.000,true
current,1,raw_union_raw,4,8788,1007.670,1472.000,true
current,1,mybatis_delete,4,62207,347.067,1232.000,true
current,1,mybatis_in_expression,4,1080,17908.333,48432.000,true
current,1,raw_union_builder,4,5061,1927.188,3776.000,true
current,1,positional_insert_placeholders,4,45325,463.212,1208.000,true
current,1,positional_in_256,4,10536,1933.295,6208.000,true
current,1,mybatis_repeated_names,4,872,17548.853,30536.000,true
current,1,mybatis_where_eq,4,28324,687.410,1816.000,true
current,1,raw_update_map,4,19504,815.289,1960.000,true
current,1,raw_row_in,4,14203,690.333,1608.000,true
current,1,mybatis_select_expressions,4,10764,1398.681,1936.000,true
current,1,mybatis_nested,4,19935,971.342,2024.000,true
current,1,positional_naming_CAMEL_CASE,4,7691,2192.654,1880.000,true
current,1,positional_naming_SCREAMING_SNAKE_CASE,4,3102,3018.891,3664.000,true
current,1,positional_group_order,4,13367,1696.880,3112.000,true
current,1,positional_between,4,24555,707.485,1736.000,true
current,1,mybatis_naming_KEBAB_CASE,4,3820,4285.340,5336.000,true
current,1,positional_mixed_literals,4,24768,811.398,1696.000,true
current,1,positional_condition_only,4,7883,2683.039,3104.000,true
current,1,named_in_16,4,12191,1561.168,5520.000,true
current,1,mybatis_in_17,4,5801,1563.075,4192.000,true
current,1,mybatis_select_columns,4,37141,569.042,1216.000,true
current,1,mybatis_derived,4,3763,4284.666,7208.000,true
current,1,positional_late_modifier,4,40451,504.813,1432.000,true
current,1,positional_derived,4,6486,3304.641,5480.000,true
current,1,raw_subquery_structured,4,18972,1029.844,2720.000,true
current,1,positional_where_eq,4,27380,667.779,1592.000,true
current,1,named_select_entity,4,29958,544.255,1304.000,true
current,1,named_batch_beans,4,3280,6026.951,18616.000,true
current,1,named_in_256,4,934,21981.906,71352.000,true
current,1,raw_nested,4,20999,935.964,1616.000,true
current,1,named_between,4,19324,1092.838,2600.000,true
current,1,raw_condition_only,4,7197,2560.900,2720.000,true
current,1,named_update_chain_16,4,2116,10459.310,24072.000,true
current,1,raw_in_1024,4,933,13266.345,6328.000,true
current,1,positional_nested,4,24124,944.773,1704.000,true
current,1,raw_select_star,4,99421,228.442,880.000,true
current,1,named_insert_entity,4,27591,764.771,1904.000,true
current,1,raw_insert_entity,4,28158,625.666,1264.000,true
current,1,mybatis_insert_values,4,23602,846.127,1840.000,true
current,1,positional_naming_UPPER_CAMEL_CASE,4,3651,3399.124,3376.000,true
current,1,positional_select_star,4,109053,223.644,880.000,true
current,1,named_row_in,4,20782,1153.200,2680.000,true
current,1,raw_group_order,4,12349,1496.575,2952.000,true
current,1,raw_pagination,4,24433,753.571,1712.000,true
current,1,raw_delete,4,70707,250.439,912.000,true
current,1,mybatis_row_in,4,20211,1036.317,2272.000,true
current,1,positional_batch_64,4,2064,10261.870,25496.000,true
current,1,mybatis_mixed_literals,4,18223,1019.464,2080.000,true
current,1,mybatis_batch_4,4,10183,1949.514,4664.000,true
current,1,named_where_16,4,5095,4157.291,6936.000,true
current,1,positional_select_columns,4,37378,626.505,1216.000,true
current,1,mybatis_join_using,4,27582,753.633,1976.000,true
current,1,named_select_expressions,4,14411,1563.028,1936.000,true
current,1,mybatis_naming_UPPER_CAMEL_CASE,4,2476,4051.696,5064.000,true
current,1,named_batch_64,4,873,24577.892,72360.000,true
current,1,named_union_builder,4,4436,4075.000,6864.000,true
current,1,named_subquery_structured,4,13992,1475.093,3568.000,true
current,1,mybatis_naming_NO_CHANGE,4,3093,2669.221,3568.000,true
current,1,mybatis_between,4,13977,1056.629,2344.000,true
current,1,named_derived,4,5191,4456.521,7256.000,true
current,1,named_naming_CAMEL_CASE,4,4402,3298.932,5168.000,true
current,1,positional_where_16,4,4987,3083.938,3648.000,true
current,1,positional_repeated_names,4,1780,12600.281,17240.000,true
current,1,positional_update_map,4,28407,771.387,1872.000,true
current,1,named_pagination,4,19038,996.948,2384.000,true
current,1,named_condition_only,4,5497,3872.094,6384.000,true
current,1,raw_select_expressions,4,12177,1483.535,1936.000,true
current,1,raw_where_16,4,4731,3117.015,3272.000,true
current,1,named_repeated_names,4,1038,20657.900,42584.000,true
current,1,positional_join_using,4,30653,717.819,1752.000,true
current,1,positional_raw_expression,4,21154,1016.068,1744.000,true
current,1,named_group_order,4,10488,1919.842,3936.000,true
current,1,mybatis_select_entity,4,37826,541.128,1304.000,true
current,1,positional_in_expression,4,6276,3080.609,7536.000,true
current,1,named_dialect_PostgreSQL,4,16083,1106.410,2408.000,true
current,1,mybatis_naming_CAMEL_CASE,4,4754,3417.038,3568.000,true
current,1,raw_naming_NO_CHANGE,4,9599,1886.947,1504.000,true
current,1,mybatis_update_chain_16,4,2486,8416.653,21304.000,true
current,1,named_in_expression,4,941,23887.141,72456.000,true
current,1,named_join_on,4,16155,1122.996,2808.000,true
current,1,mybatis_pagination,4,23531,922.715,2152.000,true
current,1,positional_retry_rollback,4,6920,2633.714,3864.000,true
current,1,mybatis_where_128,4,585,30397.265,34848.000,true
current,1,raw_in_16,4,18848,603.167,1344.000,true
current,1,named_update_map,4,16855,1282.444,2976.000,true
current,1,mybatis_in_256,4,939,16912.993,47256.000,true
current,1,positional_insert_values,4,36577,626.025,1464.000,true
current,1,raw_where_128,4,502,21630.677,17776.000,true
current,1,named_naming_UPPER_CAMEL_CASE,4,2856,4316.562,6664.000,true
current,1,raw_repeated_names,4,1006,11967.594,14152.000,true
current,1,raw_late_modifier,4,38622,481.314,1344.000,true
current,1,positional_batch_beans,4,4551,3273.281,6984.000,true
current,1,custom_handler_union,4,2412,4818.574,7320.000,true
current,1,raw_between,4,11459,685.365,1648.000,true
current,1,named_union_raw,4,16758,1067.800,1472.000,true
current,1,positional_dialect_Microsoft_SQL_Server,4,11675,1006.278,2032.000,true
current,1,raw_where_eq,4,12144,577.676,1504.000,true
current,1,mybatis_union_raw,4,19489,1024.886,1472.000,true
current,1,raw_mixed_literals,4,9433,926.535,1864.000,true
current,1,raw_retry_rollback,4,4858,2578.036,3976.000,true
current,1,positional_naming_KEBAB_CASE,4,3991,3017.715,3648.000,true
current,1,positional_batch_4,4,4473,1098.793,2968.000,true
current,1,named_dialect_Oracle,4,18459,1137.488,2584.000,true
current,1,mybatis_late_modifier,4,16744,536.204,1656.000,true
current,1,raw_in_expression,4,4392,4209.199,3712.000,true
current,1,positional_dialect_DB2,4,19001,838.424,2032.000,true
current,1,named_dialect_Microsoft_SQL_Server,4,8676,1101.187,2584.000,true
current,1,named_subquery_raw,4,41195,494.868,1344.000,true
current,1,named_naming_NO_CHANGE,4,4751,2855.546,5168.000,true
current,1,positional_in_1024,4,3484,6168.685,20800.000,true
current,1,mybatis_naming_SCREAMING_SNAKE_CASE,4,2161,3671.865,5352.000,true
current,1,raw_join_using,4,28395,668.987,1664.000,true
current,1,positional_in_16,4,27483,659.120,1728.000,true
current,1,raw_batch_64,4,1255,12833.944,32232.000,true
current,1,named_in_17,4,10587,1645.169,5736.000,true
current,1,positional_naming_NO_CHANGE,4,8002,1897.351,1880.000,true
current,1,named_dialect_DB2,4,11494,939.046,2584.000,true
current,1,positional_update_chain_16,4,4576,5099.585,14560.000,true
current,1,raw_naming_SCREAMING_SNAKE_CASE,4,2563,3466.368,3288.000,true
current,1,mybatis_condition_only,4,5576,3305.506,4784.000,true
current,1,positional_insert_entity,4,41098,559.198,1192.000,true
current,1,mybatis_join_on,4,17976,1720.199,2648.000,true
current,1,mybatis_in_1024,4,260,136656.154,182240.000,true
current,1,positional_join_on,4,13549,1992.088,2424.000,true
current,1,mybatis_group_order,4,12039,3347.919,3608.000,true
current,1,named_raw_expression,4,21454,1159.886,1744.000,true
current,1,named_insert_values,4,23999,797.267,2176.000,true
current,1,mybatis_retry_rollback,4,4205,3254.887,4784.000,true
current,1,named_late_modifier,4,29610,536.525,1816.000,true
current,1,named_select_columns,4,35370,596.732,1216.000,true
current,1,raw_batch_4,4,10117,1290.946,3432.000,true
current,1,positional_select_entity,4,41581,509.815,1304.000,true
current,1,named_retry_rollback,4,6509,3382.255,5304.000,true
current,1,positional_subquery_structured,4,16989,1114.451,2856.000,true
current,1,mybatis_insert_entity,4,26669,771.577,1568.000,true
current,1,positional_dialect_PostgreSQL,4,18184,770.375,1848.000,true
current,1,named_naming_KEBAB_CASE,4,2843,4188.639,6936.000,true
current,1,positional_union_raw,4,19528,1074.851,1472.000,true
current,1,mybatis_update_map,4,19348,1053.504,2512.000,true
current,1,named_dialect_MySQL,4,17889,1033.099,2408.000,true
current,1,positional_dialect_Microsoft_SQL_Server,5,11675,911.906,2032.000,true
current,1,named_update_chain_16,5,2116,9461.720,24072.000,true
current,1,named_subquery_raw,5,41195,493.871,1344.000,true
current,1,positional_retry_rollback,5,6920,2402.254,3864.000,true
current,1,positional_nested,5,24124,810.429,1704.000,true
current,1,mybatis_union_raw,5,19489,1065.709,1472.000,true
current,1,mybatis_in_17,5,5801,1417.790,4192.000,true
current,1,raw_naming_UPPER_CAMEL_CASE,5,2870,2997.317,3000.000,true
current,1,raw_subquery_structured,5,18972,1091.203,2720.000,true
current,1,raw_union_raw,5,8788,1004.768,1472.000,true
current,1,raw_update_chain_16,5,2401,4808.580,13856.000,true
current,1,named_select_expressions,5,14411,1398.251,1936.000,true
current,1,named_batch_64,5,873,21973.196,72360.000,true
current,1,mybatis_pagination,5,23531,870.656,2152.000,true
current,1,named_insert_values,5,23999,849.523,2176.000,true
current,1,named_condition_only,5,5497,3573.513,6384.000,true
current,1,raw_subquery_raw,5,16927,587.322,1344.000,true
current,1,named_retry_rollback,5,6509,3722.354,5304.000,true
current,1,raw_row_in,5,14203,679.624,1608.000,true
current,1,named_where_eq,5,27271,747.743,1976.000,true
current,1,positional_in_1024,5,3484,5937.227,20800.000,true
current,1,positional_dialect_PostgreSQL,5,18184,782.754,1848.000,true
current,1,raw_in_256,5,3936,3666.108,2464.000,true
current,1,mybatis_select_columns,5,37141,615.872,1216.000,true
current,1,named_update_map,5,16855,1198.849,2976.000,true
current,1,named_insert_placeholders,5,26783,652.190,1952.000,true
current,1,named_repeated_names,5,1038,18820.906,42584.000,true
current,1,mybatis_naming_CAMEL_CASE,5,4754,3079.975,3568.000,true
current,1,mybatis_derived,5,3763,3811.879,7208.000,true
current,1,positional_insert_entity,5,41098,544.170,1192.000,true
current,1,mybatis_condition_only,5,5576,3262.984,4784.000,true
current,1,named_select_star,5,105683,216.894,880.000,true
current,1,raw_mixed_literals,5,9433,962.504,1864.000,true
current,1,raw_join_using,5,28395,629.364,1664.000,true
current,1,positional_repeated_names,5,1780,11527.528,17240.000,true
current,1,positional_naming_KEBAB_CASE,5,3991,2884.941,3648.000,true
current,1,named_dialect_MySQL,5,17889,999.592,2408.000,true
current,1,mybatis_mixed_literals,5,18223,977.748,2080.000,true
current,1,positional_mixed_literals,5,24768,917.078,1696.000,true
current,1,mybatis_subquery_raw,5,37814,487.584,1344.000,true
current,1,positional_between,5,24555,744.867,1736.000,true
current,1,mybatis_subquery_structured,5,13675,1327.693,3312.000,true
current,1,mybatis_between,5,13977,1395.292,2344.000,true
current,1,positional_batch_64,5,2064,14025.678,25496.000,true
current,1,positional_condition_only,5,7883,4441.964,3104.000,true
current,1,mybatis_insert_placeholders,5,28104,1325.594,1616.000,true
current,1,mybatis_in_expression,5,1080,31240.093,48432.000,true
current,1,mybatis_update_map,5,19348,2359.608,2512.000,true
current,1,named_union_builder,5,4436,8228.900,6864.000,true
current,1,raw_union_builder,5,5061,4660.107,3776.000,true
current,1,named_select_entity,5,29958,995.781,1304.000,true
current,1,named_between,5,19324,1907.840,2600.000,true
current,1,raw_insert_values,5,31514,1268.452,1536.000,true
current,1,positional_select_columns,5,37378,1189.304,1216.000,true
current,1,raw_in_expression,5,4392,7316.735,3712.000,true
current,1,positional_dialect_MySQL,5,15190,1372.212,1848.000,true
current,1,mybatis_naming_UPPER_CAMEL_CASE,5,2476,7364.418,5064.000,true
current,1,positional_subquery_structured,5,16989,2197.710,2856.000,true
current,1,named_join_on,5,16155,2452.813,2808.000,true
current,1,named_pagination,5,19038,1672.145,2384.000,true
current,1,positional_dialect_DB2,5,19001,1385.306,2032.000,true
current,1,positional_insert_values,5,36577,1105.129,1464.000,true
current,1,custom_handler_where,5,4381,8398.493,6968.000,true
current,1,raw_late_modifier,5,38622,916.001,1344.000,true
current,1,mybatis_where_16,5,4986,8876.996,5336.000,true
current,1,mybatis_naming_NO_CHANGE,5,3093,4623.828,3568.000,true
current,1,raw_naming_NO_CHANGE,5,9599,3509.334,1504.000,true
current,1,mybatis_join_using,5,27582,1566.431,1976.000,true
current,1,positional_in_256,5,10536,3703.493,6208.000,true
current,1,positional_select_star,5,109053,374.311,880.000,true
current,1,named_in_expression,5,941,35535.494,72456.000,true
current,1,named_dialect_PostgreSQL,5,16083,1810.719,2408.000,true
current,1,raw_nested,5,20999,1585.333,1616.000,true
current,1,raw_in_1024,5,933,23254.341,6328.000,true
current,1,named_in_256,5,934,49869.058,71352.000,true
current,1,positional_select_expressions,5,15389,2493.593,1936.000,true
current,1,raw_derived,5,3703,5131.677,5216.000,true
current,1,named_dialect_Microsoft_SQL_Server,5,8676,2226.360,2584.000,true
current,1,positional_join_on,5,13549,1986.811,2424.000,true
current,1,raw_insert_placeholders,5,24850,880.105,1208.000,true
current,1,positional_in_expression,5,6276,4513.018,7536.000,true
current,1,mybatis_naming_KEBAB_CASE,5,3820,6076.099,5336.000,true
current,1,mybatis_raw_expression,5,16056,1499.483,1744.000,true
current,1,raw_condition_only,5,7197,2821.801,2720.000,true
current,1,raw_select_entity,5,35644,490.593,1304.000,true
current,1,positional_where_16,5,4987,3250.551,3648.000,true
current,1,positional_batch_beans,5,4551,3072.094,6984.000,true
current,1,mybatis_nested,5,19935,1099.814,2024.000,true
current,1,positional_late_modifier,5,40451,830.832,1432.000,true
current,1,named_where_128,5,634,46748.738,47920.000,true
current,1,positional_where_128,5,825,35970.667,20712.000,true
current,1,positional_update_map,5,28407,1244.827,1872.000,true
current,1,raw_group_order,5,12349,3055.438,2952.000,true
current,1,raw_naming_CAMEL_CASE,5,7286,2354.735,1504.000,true
current,1,mybatis_in_1024,5,260,71692.692,182240.000,true
current,1,custom_handler_union,5,2412,6750.166,7320.000,true
current,1,named_batch_beans,5,3280,9324.482,18616.000,true
current,1,named_insert_entity,5,27591,1205.683,1904.000,true
current,1,mybatis_select_expressions,5,10764,2410.405,1936.000,true
current,1,positional_union_builder,5,9683,2790.189,3992.000,true
current,1,named_select_columns,5,35370,614.244,1216.000,true
current,1,raw_naming_SCREAMING_SNAKE_CASE,5,2563,2945.103,3288.000,true
current,1,positional_join_using,5,30653,669.432,1752.000,true
current,1,named_group_order,5,10488,1892.715,3936.000,true
current,1,named_mixed_literals,5,20029,1046.892,2416.000,true
current,1,named_in_1024,5,218,86025.229,278560.000,true
current,1,raw_in_16,5,18848,655.916,1344.000,true
current,1,positional_derived,5,6486,3120.043,5480.000,true
current,1,raw_retry_rollback,5,4858,2539.481,3976.000,true
current,1,raw_where_16,5,4731,2923.061,3272.000,true
current,1,mybatis_late_modifier,5,16744,621.835,1656.000,true
current,1,named_in_17,5,10587,1786.427,5736.000,true
current,1,raw_join_on,5,18949,996.881,2336.000,true
current,1,named_where_16,5,5095,4038.921,6936.000,true
current,1,raw_select_star,5,99421,195.400,880.000,true
current,1,positional_naming_UPPER_CAMEL_CASE,5,3651,3094.440,3376.000,true
current,1,raw_select_expressions,5,12177,1342.408,1936.000,true
current,1,mybatis_join_on,5,17976,1258.873,2648.000,true
current,1,raw_select_columns,5,21726,551.919,1216.000,true
current,1,mybatis_row_in,5,20211,965.618,2272.000,true
current,1,positional_naming_NO_CHANGE,5,8002,1890.152,1880.000,true
current,1,mybatis_retry_rollback,5,4205,2820.262,4784.000,true
current,1,raw_in_17,5,18272,592.032,1352.000,true
current,1,mybatis_select_star,5,100470,205.192,880.000,true
current,1,positional_batch_4,5,4473,1090.431,2968.000,true
current,1,mybatis_select_entity,5,37826,480.902,1304.000,true
current,1,raw_naming_KEBAB_CASE,5,6168,2991.683,3272.000,true
current,1,mybatis_insert_entity,5,26669,659.121,1568.000,true
current,1,positional_dialect_Oracle,5,17297,850.130,2032.000,true
current,1,mybatis_where_128,5,585,27781.197,34848.000,true
current,1,positional_row_in,5,29285,669.295,1608.000,true
current,1,named_naming_CAMEL_CASE,5,4402,3268.991,5168.000,true
current,1,raw_delete,5,70707,267.620,912.000,true
current,1,raw_batch_beans,5,2867,3217.998,8808.000,true
current,1,mybatis_where_eq,5,28324,734.960,1816.000,true
current,1,mybatis_batch_64,5,997,19214.644,54296.000,true
current,1,raw_repeated_names,5,1006,11360.239,14152.000,true
current,1,positional_update_chain_16,5,4576,4948.798,14560.000,true
current,1,mybatis_in_256,5,939,17026.944,47256.000,true
current,1,mybatis_batch_beans,5,3412,5064.449,14120.000,true
current,1,named_delete,5,59594,383.559,1384.000,true
current,1,mybatis_in_16,5,4391,1449.100,4048.000,true
current,1,mybatis_batch_4,5,10183,1804.105,4664.000,true
current,1,positional_naming_SCREAMING_SNAKE_CASE,5,3102,3006.705,3664.000,true
current,1,mybatis_naming_SCREAMING_SNAKE_CASE,5,2161,4333.272,5352.000,true
current,1,named_dialect_DB2,5,11494,1028.650,2584.000,true
current,1,raw_batch_4,5,10117,1250.222,3432.000,true
current,1,positional_union_raw,5,19528,1128.513,1472.000,true
current,1,raw_raw_expression,5,19134,880.877,1744.000,true
current,1,mybatis_group_order,5,12039,1758.942,3608.000,true
current,1,positional_in_16,5,27483,661.554,1728.000,true
current,1,named_subquery_structured,5,13992,1471.877,3568.000,true
current,1,named_in_16,5,12191,1709.368,5520.000,true
current,1,named_join_using,5,23727,768.369,2136.000,true
current,1,mybatis_repeated_names,5,872,17267.775,30536.000,true
current,1,named_raw_expression,5,21454,874.853,1744.000,true
current,1,named_late_modifier,5,29610,580.196,1816.000,true
current,1,positional_raw_expression,5,21154,875.314,1744.000,true
current,1,raw_insert_entity,5,28158,578.436,1264.000,true
current,1,positional_naming_CAMEL_CASE,5,7691,2136.952,1880.000,true
current,1,raw_update_map,5,19504,880.230,1960.000,true
current,1,named_derived,5,5191,3905.972,7256.000,true
current,1,positional_subquery_raw,5,35721,490.919,1344.000,true
current,1,named_nested,5,20590,990.403,2256.000,true
current,1,mybatis_delete,5,62207,325.835,1232.000,true
current,1,named_naming_SCREAMING_SNAKE_CASE,5,2365,3965.708,6952.000,true
current,1,named_naming_UPPER_CAMEL_CASE,5,2856,4418.522,6664.000,true
current,1,raw_where_128,5,502,21542.629,17776.000,true
current,1,raw_between,5,11459,711.301,1648.000,true
current,1,named_naming_KEBAB_CASE,5,2843,4339.008,6936.000,true
current,1,raw_batch_64,5,1255,13145.976,32232.000,true
current,1,mybatis_insert_values,5,23602,734.256,1840.000,true
current,1,positional_in_17,5,33161,619.963,1680.000,true
current,1,positional_group_order,5,13367,1513.848,3112.000,true
current,1,positional_where_eq,5,27380,604.445,1592.000,true
current,1,raw_pagination,5,24433,672.762,1712.000,true
current,1,positional_delete,5,79709,293.245,1000.000,true
current,1,positional_pagination,5,18134,672.797,1824.000,true
current,1,named_union_raw,5,16758,1040.076,1472.000,true
current,1,mybatis_update_chain_16,5,2486,8584.714,21304.000,true
current,1,named_batch_4,5,9824,1923.840,5744.000,true
current,1,named_dialect_Oracle,5,18459,994.420,2584.000,true
current,1,named_row_in,5,20782,1025.561,2680.000,true
current,1,raw_where_eq,5,12144,593.519,1504.000,true
current,1,mybatis_union_builder,5,3439,4120.035,6840.000,true
current,1,positional_insert_placeholders,5,45325,443.393,1208.000,true
current,1,positional_select_entity,5,41581,484.166,1304.000,true
current,1,named_naming_NO_CHANGE,5,4751,2890.991,5168.000,true
current,1,raw_in_256,6,3936,3820.884,2464.000,true
current,1,mybatis_naming_CAMEL_CASE,6,4754,3001.767,3568.000,true
current,1,named_condition_only,6,5497,3484.646,6384.000,true
current,1,named_in_1024,6,218,94358.716,278560.000,true
current,1,mybatis_union_builder,6,3439,3773.946,6840.000,true
current,1,positional_row_in,6,29285,703.585,1608.000,true
current,1,positional_where_128,6,825,20964.121,20712.000,true
current,1,mybatis_nested,6,19935,982.257,2024.000,true
current,1,mybatis_retry_rollback,6,4205,3908.347,4784.000,true
current,1,positional_dialect_MySQL,6,15190,735.951,1848.000,true
current,1,positional_select_entity,6,41581,492.117,1304.000,true
current,1,raw_batch_4,6,10117,1274.568,3432.000,true
current,1,mybatis_naming_UPPER_CAMEL_CASE,6,2476,4421.325,5064.000,true
current,1,positional_insert_placeholders,6,45325,452.883,1208.000,true
current,1,positional_in_expression,6,6276,3120.076,7536.000,true
current,1,mybatis_pagination,6,23531,833.458,2152.000,true
current,1,named_in_16,6,12191,1667.542,5520.000,true
current,1,raw_pagination,6,24433,655.421,1712.000,true
current,1,raw_batch_64,6,1255,11560.239,32232.000,true
current,1,positional_where_eq,6,27380,686.056,1592.000,true
current,1,positional_naming_UPPER_CAMEL_CASE,6,3651,3063.325,3376.000,true
current,1,raw_derived,6,3703,3308.642,5216.000,true
current,1,named_row_in,6,20782,1006.583,2680.000,true
current,1,positional_subquery_raw,6,35721,483.783,1344.000,true
current,1,positional_delete,6,79709,282.892,1000.000,true
current,1,raw_subquery_structured,6,18972,967.109,2720.000,true
current,1,positional_dialect_Oracle,6,17297,937.232,2032.000,true
current,1,positional_in_256,6,10536,2210.070,6208.000,true
current,1,mybatis_delete,6,62207,339.621,1232.000,true
current,1,positional_select_expressions,6,15389,1301.326,1936.000,true
current,1,named_between,6,19324,1073.287,2600.000,true
current,1,named_join_on,6,16155,1143.578,2808.000,true
current,1,named_dialect_PostgreSQL,6,16083,1061.189,2408.000,true
current,1,mybatis_group_order,6,12039,1757.596,3608.000,true
current,1,positional_dialect_DB2,6,19001,819.936,2032.000,true
current,1,positional_mixed_literals,6,24768,805.531,1696.000,true
current,1,mybatis_insert_entity,6,26669,714.830,1568.000,true
current,1,raw_join_on,6,18949,981.688,2336.000,true
current,1,mybatis_update_map,6,19348,1163.154,2512.000,true
current,1,raw_naming_SCREAMING_SNAKE_CASE,6,2563,2915.607,3288.000,true
current,1,mybatis_condition_only,6,5576,3249.157,4784.000,true
current,1,named_union_builder,6,4436,4057.619,6864.000,true
current,1,mybatis_update_chain_16,6,2486,7891.955,21304.000,true
current,1,positional_naming_CAMEL_CASE,6,7691,2187.505,1880.000,true
current,1,raw_where_16,6,4731,2997.950,3272.000,true
current,1,mybatis_naming_SCREAMING_SNAKE_CASE,6,2161,4007.682,5352.000,true
current,1,raw_naming_UPPER_CAMEL_CASE,6,2870,2989.756,3000.000,true
current,1,raw_repeated_names,6,1006,10794.831,14152.000,true
current,1,positional_update_map,6,28407,773.947,1872.000,true
current,1,positional_naming_NO_CHANGE,6,8002,1915.809,1880.000,true
current,1,named_where_16,6,5095,3987.026,6936.000,true
current,1,mybatis_union_raw,6,19489,1029.771,1472.000,true
current,1,positional_derived,6,6486,3153.176,5480.000,true
current,1,named_naming_NO_CHANGE,6,4751,2941.402,5168.000,true
current,1,named_join_using,6,23727,750.095,2136.000,true
current,1,named_naming_SCREAMING_SNAKE_CASE,6,2365,4558.562,6952.000,true
current,1,positional_batch_64,6,2064,9102.374,25496.000,true
current,1,positional_join_on,6,13549,1064.684,2424.000,true
current,1,raw_select_star,6,99421,206.692,880.000,true
current,1,named_delete,6,59594,335.530,1384.000,true
current,1,positional_repeated_names,6,1780,11408.820,17240.000,true
current,1,positional_late_modifier,6,40451,520.541,1432.000,true
current,1,raw_union_builder,6,5061,1945.861,3776.000,true
current,1,named_retry_rollback,6,6509,3429.528,5304.000,true
current,1,named_dialect_DB2,6,11494,945.859,2584.000,true
current,1,raw_mixed_literals,6,9433,952.518,1864.000,true
current,1,positional_naming_KEBAB_CASE,6,3991,2906.364,3648.000,true
current,1,mybatis_subquery_raw,6,37814,490.908,1344.000,true
current,1,positional_in_1024,6,3484,6021.814,20800.000,true
current,1,raw_naming_NO_CHANGE,6,9599,1927.763,1504.000,true
current,1,named_in_expression,6,941,21155.154,72456.000,true
current,1,named_select_entity,6,29958,497.333,1304.000,true
current,1,mybatis_in_expression,6,1080,17754.259,48432.000,true
current,1,mybatis_batch_beans,6,3412,5565.944,14120.000,true
current,1,positional_in_16,6,27483,659.193,1728.000,true
current,1,mybatis_in_256,6,939,18929.286,47256.000,true
current,1,mybatis_in_16,6,4391,1437.736,4048.000,true
current,1,mybatis_join_using,6,27582,789.551,1976.000,true
current,1,positional_between,6,24555,722.374,1736.000,true
current,1,named_late_modifier,6,29610,612.861,1816.000,true
current,1,raw_insert_entity,6,28158,583.578,1264.000,true
current,1,mybatis_select_expressions,6,10764,1368.729,1936.000,true
current,1,mybatis_batch_64,6,997,21146.941,54296.000,true
current,1,named_in_17,6,10587,1828.752,5736.000,true
current,1,raw_in_1024,6,933,12532.154,6328.000,true
current,1,named_subquery_structured,6,13992,1400.808,3568.000,true
current,1,mybatis_subquery_structured,6,13675,1439.547,3312.000,true
current,1,named_batch_64,6,873,21256.930,72360.000,true
current,1,named_union_raw,6,16758,1095.005,1472.000,true
current,1,positional_update_chain_16,6,4576,4893.226,14560.000,true
current,1,raw_where_128,6,502,20943.227,17776.000,true
current,1,named_dialect_MySQL,6,17889,1038.135,2408.000,true
current,1,named_batch_4,6,9824,2078.634,5744.000,true
current,1,positional_where_16,6,4987,2892.120,3648.000,true
current,1,named_select_star,6,105683,196.602,880.000,true
current,1,mybatis_late_modifier,6,16744,586.264,1656.000,true
current,1,mybatis_row_in,6,20211,926.773,2272.000,true
current,1,named_naming_CAMEL_CASE,6,4402,3373.217,5168.000,true
current,1,raw_update_chain_16,6,2401,4610.037,13856.000,true
current,1,raw_in_16,6,18848,590.689,1344.000,true
current,1,mybatis_join_on,6,17976,1163.368,2648.000,true
current,1,named_subquery_raw,6,41195,539.036,1344.000,true
current,1,mybatis_insert_placeholders,6,28104,628.882,1616.000,true
current,1,raw_row_in,6,14203,779.272,1608.000,true
current,1,named_repeated_names,6,1038,18789.692,42584.000,true
current,1,mybatis_raw_expression,6,16056,886.061,1744.000,true
current,1,mybatis_between,6,13977,1086.027,2344.000,true
current,1,raw_select_expressions,6,12177,1364.310,1936.000,true
current,1,raw_in_expression,6,4392,4221.858,3712.000,true
current,1,named_derived,6,5191,4127.894,7256.000,true
current,1,positional_dialect_PostgreSQL,6,18184,779.839,1848.000,true
current,1,mybatis_select_star,6,100470,199.292,880.000,true
current,1,positional_condition_only,6,7883,2700.698,3104.000,true
current,1,mybatis_repeated_names,6,872,17591.972,30536.000,true
current,1,raw_subquery_raw,6,16927,452.803,1344.000,true
current,1,raw_where_eq,6,12144,675.296,1504.000,true
current,1,raw_batch_beans,6,2867,3365.364,8808.000,true
current,1,named_insert_placeholders,6,26783,691.457,1952.000,true
current,1,named_insert_entity,6,27591,688.812,1904.000,true
current,1,mybatis_select_entity,6,37826,500.299,1304.000,true
current,1,raw_update_map,6,19504,753.128,1960.000,true
current,1,positional_insert_entity,6,41098,538.985,1192.000,true
current,1,named_where_128,6,634,30353.943,47920.000,true
current,1,positional_batch_4,6,4473,1396.714,2968.000,true
current,1,positional_batch_beans,6,4551,2649.440,6984.000,true
current,1,named_naming_KEBAB_CASE,6,2843,4121.808,6936.000,true
current,1,named_in_256,6,934,20746.146,71352.000,true
current,1,named_dialect_Microsoft_SQL_Server,6,8676,1103.227,2584.000,true
current,1,mybatis_where_eq,6,28324,740.393,1816.000,true
current,1,raw_late_modifier,6,38622,473.937,1344.000,true
current,1,raw_select_columns,6,21726,556.904,1216.000,true
current,1,raw_naming_KEBAB_CASE,6,6168,2983.252,3272.000,true
current,1,mybatis_where_128,6,585,30032.821,34848.000,true
current,1,custom_handler_where,6,4381,4146.656,6968.000,true
current,1,raw_naming_CAMEL_CASE,6,7286,2068.693,1504.000,true
current,1,positional_naming_SCREAMING_SNAKE_CASE,6,3102,2981.979,3664.000,true
current,1,raw_in_17,6,18272,628.771,1352.000,true
current,1,named_mixed_literals,6,20029,1029.582,2416.000,true
current,1,raw_select_entity,6,35644,590.773,1304.000,true
current,1,raw_nested,6,20999,809.081,1616.000,true
current,1,mybatis_batch_4,6,10183,1925.002,4664.000,true
current,1,named_batch_beans,6,3280,6070.579,18616.000,true
current,1,positional_in_17,6,33161,565.785,1680.000,true
current,1,mybatis_where_16,6,4986,3880.305,5336.000,true
current,1,raw_raw_expression,6,19134,871.031,1744.000,true
current,1,raw_group_order,6,12349,1425.184,2952.000,true
current,1,mybatis_insert_values,6,23602,805.813,1840.000,true
current,1,mybatis_naming_NO_CHANGE,6,3093,2672.228,3568.000,true
current,1,named_select_expressions,6,14411,1358.143,1936.000,true
current,1,raw_join_using,6,28395,653.735,1664.000,true
current,1,positional_nested,6,24124,865.744,1704.000,true
current,1,named_dialect_Oracle,6,18459,964.803,2584.000,true
current,1,positional_join_using,6,30653,709.148,1752.000,true
current,1,named_update_chain_16,6,2116,9202.930,24072.000,true
current,1,positional_pagination,6,18134,692.793,1824.000,true
current,1,raw_delete,6,70707,243.409,912.000,true
current,1,mybatis_select_columns,6,37141,580.359,1216.000,true
current,1,raw_insert_values,6,31514,652.278,1536.000,true
current,1,positional_select_columns,6,37378,588.929,1216.000,true
current,1,positional_subquery_structured,6,16989,1070.975,2856.000,true
current,1,named_insert_values,6,23999,794.425,2176.000,true
current,1,positional_insert_values,6,36577,611.502,1464.000,true
current,1,mybatis_derived,6,3763,3835.822,7208.000,true
current,1,named_select_columns,6,35370,558.519,1216.000,true
current,1,positional_select_star,6,109053,215.579,880.000,true
current,1,positional_raw_expression,6,21154,886.253,1744.000,true
current,1,custom_handler_union,6,2412,4612.769,7320.000,true
current,1,positional_group_order,6,13367,1514.693,3112.000,true
current,1,named_where_eq,6,27271,750.882,1976.000,true
current,1,named_nested,6,20590,986.455,2256.000,true
current,1,mybatis_in_1024,6,260,74514.231,182240.000,true
current,1,positional_union_builder,6,9683,2098.585,3992.000,true
current,1,named_raw_expression,6,21454,929.006,1744.000,true
current,1,named_group_order,6,10488,1790.217,3936.000,true
current,1,positional_dialect_Microsoft_SQL_Server,6,11675,1002.989,2032.000,true
current,1,raw_condition_only,6,7197,2455.426,2720.000,true
current,1,named_pagination,6,19038,880.486,2384.000,true
current,1,named_naming_UPPER_CAMEL_CASE,6,2856,4396.429,6664.000,true
current,1,mybatis_mixed_literals,6,18223,965.697,2080.000,true
current,1,raw_between,6,11459,702.252,1648.000,true
current,1,named_update_map,6,16855,1141.839,2976.000,true
current,1,mybatis_in_17,6,5801,1504.878,4192.000,true
current,1,raw_union_raw,6,8788,988.063,1472.000,true
current,1,mybatis_naming_KEBAB_CASE,6,3820,3948.691,5336.000,true
current,1,positional_retry_rollback,6,6920,2757.587,3864.000,true
current,1,raw_insert_placeholders,6,24850,435.907,1208.000,true
current,1,raw_retry_rollback,6,4858,3081.268,3976.000,true
current,1,positional_union_raw,6,19528,1024.826,1472.000,true
current,1,raw_update_map,7,19504,813.161,1960.000,true
current,1,mybatis_naming_CAMEL_CASE,7,4754,2876.904,3568.000,true
current,1,positional_update_map,7,28407,744.640,1872.000,true
current,1,positional_dialect_MySQL,7,15190,807.057,1848.000,true
current,1,mybatis_union_builder,7,3439,3934.370,6840.000,true
current,1,named_in_expression,7,941,22268.013,72456.000,true
current,1,named_join_using,7,23727,807.721,2136.000,true
current,1,named_select_expressions,7,14411,1307.584,1936.000,true
current,1,mybatis_raw_expression,7,16056,921.089,1744.000,true
current,1,positional_select_columns,7,37378,605.867,1216.000,true
current,1,positional_where_16,7,4987,3082.555,3648.000,true
current,1,positional_in_256,7,10536,2011.247,6208.000,true
current,1,positional_delete,7,79709,282.667,1000.000,true
current,1,named_naming_NO_CHANGE,7,4751,2948.516,5168.000,true
current,1,raw_where_16,7,4731,2909.279,3272.000,true
current,1,mybatis_retry_rollback,7,4205,3658.954,4784.000,true
current,1,mybatis_where_128,7,585,27824.786,34848.000,true
current,1,positional_between,7,24555,750.409,1736.000,true
current,1,raw_nested,7,20999,789.647,1616.000,true
current,1,raw_row_in,7,14203,681.553,1608.000,true
current,1,named_select_columns,7,35370,577.357,1216.000,true
current,1,positional_group_order,7,13367,1435.460,3112.000,true
current,1,raw_insert_entity,7,28158,587.659,1264.000,true
current,1,named_late_modifier,7,29610,581.158,1816.000,true
current,1,raw_in_1024,7,933,13329.153,6328.000,true
current,1,positional_late_modifier,7,40451,513.421,1432.000,true
current,1,mybatis_row_in,7,20211,1134.264,2272.000,true
current,1,raw_select_expressions,7,12177,1356.878,1936.000,true
current,1,raw_in_17,7,18272,632.947,1352.000,true
current,1,mybatis_join_on,7,17976,1179.094,2648.000,true
current,1,named_row_in,7,20782,1031.234,2680.000,true
current,1,positional_pagination,7,18134,681.025,1824.000,true
current,1,mybatis_mixed_literals,7,18223,1059.403,2080.000,true
current,1,positional_where_eq,7,27380,627.757,1592.000,true
current,1,raw_select_columns,7,21726,628.003,1216.000,true
current,1,mybatis_in_expression,7,1080,17276.481,48432.000,true
current,1,mybatis_group_order,7,12039,1844.156,3608.000,true
current,1,named_insert_values,7,23999,748.698,2176.000,true
current,1,positional_naming_CAMEL_CASE,7,7691,2235.834,1880.000,true
current,1,positional_insert_placeholders,7,45325,435.572,1208.000,true
current,1,positional_raw_expression,7,21154,947.452,1744.000,true
current,1,mybatis_condition_only,7,5576,3365.065,4784.000,true
current,1,raw_subquery_raw,7,16927,500.526,1344.000,true
current,1,positional_batch_4,7,4473,1246.568,2968.000,true
current,1,positional_row_in,7,29285,685.907,1608.000,true
current,1,raw_insert_values,7,31514,643.460,1536.000,true
current,1,named_batch_beans,7,3280,6004.543,18616.000,true
current,1,named_nested,7,20590,950.515,2256.000,true
current,1,positional_in_17,7,33161,605.151,1680.000,true
current,1,named_select_star,7,105683,202.533,880.000,true
current,1,named_naming_SCREAMING_SNAKE_CASE,7,2365,3988.245,6952.000,true
current,1,mybatis_union_raw,7,19489,1107.789,1472.000,true
current,1,positional_retry_rollback,7,6920,2669.971,3864.000,true
current,1,mybatis_late_modifier,7,16744,529.127,1656.000,true
current,1,raw_update_chain_16,7,2401,5094.794,13856.000,true
current,1,mybatis_where_16,7,4986,3850.341,5336.000,true
current,1,positional_naming_UPPER_CAMEL_CASE,7,3651,3022.761,3376.000,true
current,1,raw_delete,7,70707,243.611,912.000,true
current,1,named_insert_entity,7,27591,709.670,1904.000,true
current,1,mybatis_naming_UPPER_CAMEL_CASE,7,2476,4024.596,5064.000,true
current,1,positional_select_expressions,7,15389,1293.996,1936.000,true
current,1,mybatis_select_star,7,100470,194.335,880.000,true
current,1,raw_pagination,7,24433,676.495,1712.000,true
current,1,positional_naming_SCREAMING_SNAKE_CASE,7,3102,2931.979,3664.000,true
current,1,named_between,7,19324,1086.814,2600.000,true
current,1,mybatis_select_expressions,7,10764,1313.824,1936.000,true
current,1,raw_batch_4,7,10117,1231.343,3432.000,true
current,1,mybatis_update_chain_16,7,2486,8098.351,21304.000,true
current,1,named_where_16,7,5095,3985.770,6936.000,true
current,1,raw_late_modifier,7,38622,471.415,1344.000,true
current,1,mybatis_repeated_names,7,872,17976.376,30536.000,true
current,1,raw_naming_KEBAB_CASE,7,6168,2954.296,3272.000,true
current,1,mybatis_pagination,7,23531,1006.307,2152.000,true
current,1,raw_naming_UPPER_CAMEL_CASE,7,2870,3057.944,3000.000,true
current,1,positional_dialect_Oracle,7,17297,775.938,2032.000,true
current,1,mybatis_update_map,7,19348,1119.790,2512.000,true
current,1,named_naming_UPPER_CAMEL_CASE,7,2856,5808.648,6664.000,true
current,1,positional_select_entity,7,41581,493.682,1304.000,true
current,1,named_subquery_raw,7,41195,452.618,1344.000,true
current,1,named_naming_KEBAB_CASE,7,2843,4320.542,6936.000,true
current,1,mybatis_select_entity,7,37826,481.574,1304.000,true
current,1,positional_dialect_PostgreSQL,7,18184,889.414,1848.000,true
current,1,positional_repeated_names,7,1780,11375.843,17240.000,true
current,1,mybatis_naming_KEBAB_CASE,7,3820,3734.058,5336.000,true
current,1,raw_subquery_structured,7,18972,1087.966,2720.000,true
current,1,raw_group_order,7,12349,1353.348,2952.000,true
current,1,positional_in_16,7,27483,695.313,1728.000,true
current,1,mybatis_where_eq,7,28324,725.999,1816.000,true
current,1,named_dialect_Microsoft_SQL_Server,7,8676,1127.732,2584.000,true
current,1,positional_mixed_literals,7,24768,862.435,1696.000,true
current,1,mybatis_between,7,13977,1077.499,2344.000,true
current,1,named_dialect_DB2,7,11494,947.581,2584.000,true
current,1,named_in_17,7,10587,1792.963,5736.000,true
current,1,mybatis_in_1024,7,260,73995.769,182240.000,true
current,1,raw_between,7,11459,678.742,1648.000,true
current,1,mybatis_subquery_structured,7,13675,1297.192,3312.000,true
current,1,named_repeated_names,7,1038,19909.345,42584.000,true
current,1,raw_join_using,7,28395,672.231,1664.000,true
current,1,named_group_order,7,10488,1791.981,3936.000,true
current,1,mybatis_derived,7,3763,4058.092,7208.000,true
current,1,named_in_256,7,934,19476.874,71352.000,true
current,1,named_where_128,7,634,31045.899,47920.000,true
current,1,raw_in_256,7,3936,3590.396,2464.000,true
current,1,positional_insert_entity,7,41098,507.470,1192.000,true
current,1,positional_derived,7,6486,3239.685,5480.000,true
current,1,raw_naming_SCREAMING_SNAKE_CASE,7,2563,2880.960,3288.000,true
current,1,raw_naming_CAMEL_CASE,7,7286,2175.007,1504.000,true
current,1,raw_batch_64,7,1255,11952.191,32232.000,true
current,1,mybatis_join_using,7,27582,753.038,1976.000,true
current,1,raw_in_expression,7,4392,4373.383,3712.000,true
current,1,mybatis_naming_SCREAMING_SNAKE_CASE,7,2161,3876.122,5352.000,true
current,1,raw_repeated_names,7,1006,10784.592,14152.000,true
current,1,positional_condition_only,7,7883,2458.100,3104.000,true
current,1,positional_naming_KEBAB_CASE,7,3991,2875.996,3648.000,true
current,1,positional_select_star,7,109053,229.393,880.000,true
current,1,named_in_16,7,12191,1650.890,5520.000,true
current,1,raw_union_raw,7,8788,1129.711,1472.000,true
current,1,named_retry_rollback,7,6509,3036.672,5304.000,true
current,1,named_update_chain_16,7,2116,9630.955,24072.000,true
current,1,mybatis_insert_values,7,23602,728.663,1840.000,true
current,1,mybatis_insert_placeholders,7,28104,660.219,1616.000,true
current,1,positional_join_on,7,13549,1011.573,2424.000,true
current,1,named_where_eq,7,27271,750.358,1976.000,true
current,1,mybatis_nested,7,19935,1011.036,2024.000,true
current,1,named_dialect_PostgreSQL,7,16083,965.516,2408.000,true
current,1,custom_handler_where,7,4381,3921.251,6968.000,true
current,1,positional_union_raw,7,19528,1049.048,1472.000,true
current,1,raw_where_128,7,502,22948.406,17776.000,true
current,1,named_batch_64,7,873,22998.855,72360.000,true
current,1,positional_update_chain_16,7,4576,4965.210,14560.000,true
current,1,named_pagination,7,19038,866.945,2384.000,true
current,1,raw_retry_rollback,7,4858,2374.887,3976.000,true
current,1,mybatis_batch_64,7,997,19762.688,54296.000,true
current,1,mybatis_insert_entity,7,26669,736.649,1568.000,true
current,1,raw_join_on,7,18949,1025.600,2336.000,true
current,1,custom_handler_union,7,2412,4401.949,7320.000,true
current,1,named_dialect_Oracle,7,18459,1021.794,2584.000,true
current,1,raw_batch_beans,7,2867,3376.073,8808.000,true
current,1,mybatis_in_256,7,939,17869.649,47256.000,true
current,1,named_delete,7,59594,336.457,1384.000,true
current,1,raw_insert_placeholders,7,24850,437.690,1208.000,true
current,1,raw_where_eq,7,12144,736.042,1504.000,true
current,1,raw_condition_only,7,7197,2634.487,2720.000,true
current,1,positional_insert_values,7,36577,598.674,1464.000,true
current,1,named_in_1024,7,218,85600.000,278560.000,true
current,1,positional_union_builder,7,9683,2297.893,3992.000,true
current,1,raw_naming_NO_CHANGE,7,9599,1836.785,1504.000,true
current,1,named_mixed_literals,7,20029,1147.471,2416.000,true
current,1,positional_dialect_Microsoft_SQL_Server,7,11675,915.375,2032.000,true
current,1,raw_select_entity,7,35644,481.537,1304.000,true
current,1,named_naming_CAMEL_CASE,7,4402,3456.020,5168.000,true
current,1,positional_subquery_raw,7,35721,468.495,1344.000,true
current,1,mybatis_naming_NO_CHANGE,7,3093,2882.380,3568.000,true
current,1,named_insert_placeholders,7,26783,728.003,1952.000,true
current,1,named_subquery_structured,7,13992,1440.266,3568.000,true
current,1,positional_subquery_structured,7,16989,1038.943,2856.000,true
current,1,raw_raw_expression,7,19134,1007.688,1744.000,true
current,1,raw_union_builder,7,5061,1942.304,3776.000,true
current,1,mybatis_delete,7,62207,332.591,1232.000,true
current,1,mybatis_batch_4,7,10183,1887.322,4664.000,true
current,1,named_union_builder,7,4436,3893.237,6864.000,true
current,1,named_derived,7,5191,3824.600,7256.000,true
current,1,mybatis_subquery_raw,7,37814,480.851,1344.000,true
current,1,positional_naming_NO_CHANGE,7,8002,1863.397,1880.000,true
current,1,positional_nested,7,24124,867.978,1704.000,true
current,1,mybatis_in_16,7,4391,1388.545,4048.000,true
current,1,named_select_entity,7,29958,513.853,1304.000,true
current,1,mybatis_batch_beans,7,3412,5100.762,14120.000,true
current,1,positional_batch_beans,7,4551,2969.633,6984.000,true
current,1,named_join_on,7,16155,1132.343,2808.000,true
current,1,named_dialect_MySQL,7,17889,1009.414,2408.000,true
current,1,named_union_raw,7,16758,1012.030,1472.000,true
current,1,positional_in_1024,7,3484,6628.990,20800.000,true
current,1,named_batch_4,7,9824,1993.994,5744.000,true
current,1,positional_in_expression,7,6276,2957.425,7536.000,true
current,1,positional_batch_64,7,2064,9911.386,25496.000,true
current,1,named_raw_expression,7,21454,873.907,1744.000,true
current,1,mybatis_in_17,7,5801,1534.959,4192.000,true
current,1,named_update_map,7,16855,1160.979,2976.000,true
current,1,positional_dialect_DB2,7,19001,805.116,2032.000,true
current,1,raw_select_star,7,99421,198.375,880.000,true
current,1,mybatis_select_columns,7,37141,589.615,1216.000,true
current,1,positional_where_128,7,825,21201.091,20712.000,true
current,1,named_condition_only,7,5497,3518.010,6384.000,true
current,1,raw_in_16,7,18848,632.852,1344.000,true
current,1,raw_derived,7,3703,3016.743,5216.000,true
current,1,raw_mixed_literals,7,9433,936.383,1864.000,true
current,1,positional_join_using,7,30653,677.030,1752.000,true
current,1,raw_insert_entity,8,28158,576.884,1264.000,true
current,1,named_update_chain_16,8,2116,9631.474,24072.000,true
current,1,positional_condition_only,8,7883,2516.884,3104.000,true
current,1,raw_in_17,8,18272,597.488,1352.000,true
current,1,raw_select_entity,8,35644,500.067,1304.000,true
current,1,named_select_star,8,105683,213.549,880.000,true
current,1,raw_retry_rollback,8,4858,2233.779,3976.000,true
current,1,raw_repeated_names,8,1006,12012.624,14152.000,true
current,1,raw_between,8,11459,715.228,1648.000,true
current,1,positional_derived,8,6486,3171.369,5480.000,true
current,1,raw_delete,8,70707,250.995,912.000,true
current,1,mybatis_pagination,8,23531,883.690,2152.000,true
current,1,named_group_order,8,10488,1814.769,3936.000,true
current,1,raw_batch_beans,8,2867,3834.043,8808.000,true
current,1,positional_dialect_Oracle,8,17297,817.448,2032.000,true
current,1,positional_where_128,8,825,21088.848,20712.000,true
current,1,mybatis_subquery_structured,8,13675,1302.442,3312.000,true
current,1,positional_naming_NO_CHANGE,8,8002,1871.832,1880.000,true
current,1,positional_dialect_Microsoft_SQL_Server,8,11675,995.169,2032.000,true
current,1,named_dialect_MySQL,8,17889,981.995,2408.000,true
current,1,positional_select_entity,8,41581,496.929,1304.000,true
current,1,raw_where_eq,8,12144,598.790,1504.000,true
current,1,positional_delete,8,79709,270.711,1000.000,true
current,1,mybatis_naming_KEBAB_CASE,8,3820,3706.283,5336.000,true
current,1,raw_late_modifier,8,38622,506.473,1344.000,true
current,1,mybatis_in_17,8,5801,1442.855,4192.000,true
current,1,named_where_16,8,5095,4243.925,6936.000,true
current,1,mybatis_insert_placeholders,8,28104,634.034,1616.000,true
current,1,raw_update_map,8,19504,808.086,1960.000,true
current,1,positional_insert_placeholders,8,45325,433.635,1208.000,true
current,1,mybatis_union_builder,8,3439,4221.809,6840.000,true
current,1,raw_subquery_raw,8,16927,448.124,1344.000,true
current,1,mybatis_where_16,8,4986,3808.644,5336.000,true
current,1,positional_batch_64,8,2064,9543.169,25496.000,true
current,1,raw_where_16,8,4731,2994.568,3272.000,true
current,1,mybatis_naming_SCREAMING_SNAKE_CASE,8,2161,3839.519,5352.000,true
current,1,positional_batch_4,8,4473,1099.642,2968.000,true
current,1,named_dialect_PostgreSQL,8,16083,1060.772,2408.000,true
current,1,positional_group_order,8,13367,1515.127,3112.000,true
current,1,raw_in_1024,8,933,13423.151,6328.000,true
current,1,raw_where_128,8,502,20852.988,17776.000,true
current,1,positional_naming_SCREAMING_SNAKE_CASE,8,3102,2954.126,3664.000,true
current,1,mybatis_update_map,8,19348,1051.897,2512.000,true
current,1,named_raw_expression,8,21454,927.869,1744.000,true
current,1,named_where_eq,8,27271,756.419,1976.000,true
current,1,named_condition_only,8,5497,3512.170,6384.000,true
current,1,mybatis_late_modifier,8,16744,606.713,1656.000,true
current,1,raw_derived,8,3703,3439.103,5216.000,true
current,1,named_in_17,8,10587,1671.295,5736.000,true
current,1,named_subquery_raw,8,41195,479.760,1344.000,true
current,1,named_union_builder,8,4436,3879.711,6864.000,true
current,1,mybatis_insert_values,8,23602,795.153,1840.000,true
current,1,named_select_columns,8,35370,630.181,1216.000,true
current,1,mybatis_derived,8,3763,3773.585,7208.000,true
current,1,named_repeated_names,8,1038,17883.911,42584.000,true
current,1,mybatis_batch_beans,8,3412,5599.091,14120.000,true
current,1,named_late_modifier,8,29610,607.197,1816.000,true
current,1,mybatis_select_star,8,100470,206.432,880.000,true
current,1,named_between,8,19324,1055.185,2600.000,true
current,1,raw_group_order,8,12349,1370.176,2952.000,true
current,1,positional_naming_UPPER_CAMEL_CASE,8,3651,3097.179,3376.000,true
current,1,raw_in_256,8,3936,3416.870,2464.000,true
current,1,positional_in_256,8,10536,1986.276,6208.000,true
current,1,positional_where_16,8,4987,2836.655,3648.000,true
current,1,raw_subquery_structured,8,18972,1058.887,2720.000,true
current,1,mybatis_condition_only,8,5576,3237.518,4784.000,true
current,1,positional_update_map,8,28407,773.292,1872.000,true
current,1,raw_select_columns,8,21726,562.257,1216.000,true
current,1,mybatis_row_in,8,20211,983.029,2272.000,true
current,1,positional_dialect_DB2,8,19001,755.160,2032.000,true
current,1,raw_union_builder,8,5061,2432.681,3776.000,true
current,1,positional_mixed_literals,8,24768,929.219,1696.000,true
current,1,raw_select_expressions,8,12177,1497.027,1936.000,true
current,1,mybatis_in_256,8,939,16222.684,47256.000,true
current,1,mybatis_union_raw,8,19489,1033.455,1472.000,true
current,1,mybatis_where_eq,8,28324,710.458,1816.000,true
current,1,named_insert_entity,8,27591,719.271,1904.000,true
current,1,mybatis_mixed_literals,8,18223,962.059,2080.000,true
current,1,raw_update_chain_16,8,2401,5386.922,13856.000,true
current,1,raw_insert_placeholders,8,24850,463.211,1208.000,true
current,1,mybatis_in_1024,8,260,81474.231,182240.000,true
current,1,named_naming_SCREAMING_SNAKE_CASE,8,2365,4142.199,6952.000,true
current,1,raw_batch_4,8,10117,1296.234,3432.000,true
current,1,mybatis_select_expressions,8,10764,1432.451,1936.000,true
current,1,named_where_128,8,634,30195.426,47920.000,true
current,1,mybatis_join_using,8,27582,781.194,1976.000,true
current,1,named_dialect_Microsoft_SQL_Server,8,8676,1208.656,2584.000,true
current,1,positional_nested,8,24124,808.353,1704.000,true
current,1,named_in_256,8,934,21926.017,71352.000,true
current,1,named_in_16,8,12191,1634.796,5520.000,true
current,1,raw_raw_expression,8,19134,911.811,1744.000,true
current,1,mybatis_naming_CAMEL_CASE,8,4754,2988.031,3568.000,true
current,1,mybatis_retry_rollback,8,4205,2730.440,4784.000,true
current,1,named_insert_values,8,23999,816.609,2176.000,true
current,1,mybatis_select_entity,8,37826,470.608,1304.000,true
current,1,mybatis_delete,8,62207,346.424,1232.000,true
current,1,positional_insert_entity,8,41098,560.597,1192.000,true
current,1,mybatis_subquery_raw,8,37814,497.728,1344.000,true
current,1,positional_naming_KEBAB_CASE,8,3991,3070.133,3648.000,true
current,1,positional_update_chain_16,8,4576,4850.874,14560.000,true
current,1,named_naming_UPPER_CAMEL_CASE,8,2856,4122.199,6664.000,true
current,1,mybatis_raw_expression,8,16056,870.073,1744.000,true
current,1,named_in_expression,8,941,21989.798,72456.000,true
current,1,named_mixed_literals,8,20029,1065.171,2416.000,true
current,1,positional_select_star,8,109053,214.471,880.000,true
current,1,raw_join_on,8,18949,1008.650,2336.000,true
current,1,named_delete,8,59594,382.918,1384.000,true
current,1,raw_naming_SCREAMING_SNAKE_CASE,8,2563,3184.588,3288.000,true
current,1,named_pagination,8,19038,966.415,2384.000,true
current,1,mybatis_batch_4,8,10183,1828.273,4664.000,true
current,1,positional_in_expression,8,6276,2674.283,7536.000,true
current,1,named_join_using,8,23727,778.982,2136.000,true
current,1,named_select_entity,8,29958,491.882,1304.000,true
current,1,raw_batch_64,8,1255,12470.837,32232.000,true
current,1,raw_row_in,8,14203,732.838,1608.000,true
current,1,raw_in_expression,8,4392,4856.466,3712.000,true
current,1,raw_insert_values,8,31514,602.856,1536.000,true
current,1,positional_in_17,8,33161,605.778,1680.000,true
current,1,positional_subquery_structured,8,16989,1127.771,2856.000,true
current,1,positional_union_raw,8,19528,1012.433,1472.000,true
current,1,mybatis_where_128,8,585,29472.137,34848.000,true
current,1,raw_naming_UPPER_CAMEL_CASE,8,2870,3045.157,3000.000,true
current,1,named_row_in,8,20782,1032.345,2680.000,true
current,1,raw_join_using,8,28395,640.454,1664.000,true
current,1,named_dialect_DB2,8,11494,995.284,2584.000,true
current,1,positional_batch_beans,8,4551,2594.485,6984.000,true
current,1,named_nested,8,20590,1017.169,2256.000,true
current,1,positional_retry_rollback,8,6920,2484.769,3864.000,true
current,1,raw_union_raw,8,8788,991.056,1472.000,true
current,1,named_batch_beans,8,3280,6443.750,18616.000,true
current,1,raw_mixed_literals,8,9433,956.483,1864.000,true
current,1,positional_join_using,8,30653,681.963,1752.000,true
current,1,named_retry_rollback,8,6509,2974.635,5304.000,true
current,1,positional_in_1024,8,3484,5941.963,20800.000,true
current,1,named_naming_NO_CHANGE,8,4751,2930.415,5168.000,true
current,1,named_select_expressions,8,14411,1302.484,1936.000,true
current,1,positional_union_builder,8,9683,2144.356,3992.000,true
current,1,mybatis_join_on,8,17976,1061.026,2648.000,true
current,1,mybatis_repeated_names,8,872,21324.541,30536.000,true
current,1,positional_between,8,24555,750.503,1736.000,true
current,1,positional_repeated_names,8,1780,11671.124,17240.000,true
current,1,named_union_raw,8,16758,1019.555,1472.000,true
current,1,positional_raw_expression,8,21154,869.987,1744.000,true
current,1,positional_where_eq,8,27380,684.843,1592.000,true
current,1,mybatis_update_chain_16,8,2486,8129.364,21304.000,true
current,1,mybatis_group_order,8,12039,1678.046,3608.000,true
current,1,positional_subquery_raw,8,35721,501.291,1344.000,true
current,1,raw_nested,8,20999,811.315,1616.000,true
current,1,raw_naming_CAMEL_CASE,8,7286,2523.278,1504.000,true
current,1,mybatis_batch_64,8,997,20737.813,54296.000,true
current,1,named_subquery_structured,8,13992,1478.952,3568.000,true
current,1,raw_in_16,8,18848,577.133,1344.000,true
current,1,mybatis_nested,8,19935,931.021,2024.000,true
current,1,mybatis_select_columns,8,37141,593.778,1216.000,true
current,1,positional_row_in,8,29285,704.019,1608.000,true
current,1,positional_dialect_MySQL,8,15190,725.135,1848.000,true
current,1,raw_naming_KEBAB_CASE,8,6168,2865.516,3272.000,true
current,1,mybatis_in_expression,8,1080,18198.981,48432.000,true
current,1,named_batch_64,8,873,23522.337,72360.000,true
current,1,named_update_map,8,16855,1132.311,2976.000,true
current,1,named_naming_KEBAB_CASE,8,2843,4204.045,6936.000,true
current,1,mybatis_between,8,13977,1001.510,2344.000,true
current,1,raw_naming_NO_CHANGE,8,9599,1781.186,1504.000,true
current,1,positional_dialect_PostgreSQL,8,18184,823.301,1848.000,true
current,1,positional_in_16,8,27483,712.138,1728.000,true
current,1,named_naming_CAMEL_CASE,8,4402,3568.333,5168.000,true
current,1,mybatis_in_16,8,4391,1401.321,4048.000,true
current,1,positional_select_columns,8,37378,568.685,1216.000,true
current,1,mybatis_insert_entity,8,26669,713.094,1568.000,true
current,1,positional_naming_CAMEL_CASE,8,7691,2114.784,1880.000,true
current,1,named_dialect_Oracle,8,18459,1021.740,2584.000,true
current,1,named_join_on,8,16155,1131.173,2808.000,true
current,1,custom_handler_union,8,2412,4226.783,7320.000,true
current,1,named_insert_placeholders,8,26783,726.707,1952.000,true
current,1,raw_condition_only,8,7197,2429.679,2720.000,true
current,1,named_in_1024,8,218,93163.303,278560.000,true
current,1,positional_select_expressions,8,15389,1415.745,1936.000,true
current,1,positional_pagination,8,18134,668.915,1824.000,true
current,1,named_derived,8,5191,3920.150,7256.000,true
current,1,custom_handler_where,8,4381,4112.486,6968.000,true
current,1,mybatis_naming_UPPER_CAMEL_CASE,8,2476,3988.974,5064.000,true
current,1,raw_pagination,8,24433,682.221,1712.000,true
current,1,positional_late_modifier,8,40451,465.220,1432.000,true
current,1,positional_join_on,8,13549,1101.948,2424.000,true
current,1,positional_insert_values,8,36577,620.021,1464.000,true
current,1,named_batch_4,8,9824,1899.094,5744.000,true
current,1,raw_select_star,8,99421,210.166,880.000,true
current,1,mybatis_naming_NO_CHANGE,8,3093,2629.518,3568.000,true
current,1,positional_update_map,9,28407,764.481,1872.000,true
current,1,positional_select_columns,9,37378,591.286,1216.000,true
current,1,positional_insert_values,9,36577,594.311,1464.000,true
current,1,positional_pagination,9,18134,814.079,1824.000,true
current,1,raw_insert_values,9,31514,611.525,1536.000,true
current,1,named_select_expressions,9,14411,1416.140,1936.000,true
current,1,named_derived,9,5191,3851.454,7256.000,true
current,1,raw_in_17,9,18272,626.866,1352.000,true
current,1,positional_dialect_Oracle,9,17297,816.043,2032.000,true
current,1,mybatis_in_16,9,4391,1387.178,4048.000,true
current,1,named_row_in,9,20782,1004.865,2680.000,true
current,1,mybatis_select_columns,9,37141,556.202,1216.000,true
current,1,mybatis_naming_KEBAB_CASE,9,3820,4264.267,5336.000,true
current,1,positional_join_on,9,13549,1012.953,2424.000,true
current,1,positional_insert_entity,9,41098,552.336,1192.000,true
current,1,mybatis_join_on,9,17976,1171.818,2648.000,true
current,1,named_subquery_structured,9,13992,1626.115,3568.000,true
current,1,mybatis_naming_NO_CHANGE,9,3093,2629.389,3568.000,true
current,1,named_select_entity,9,29958,489.388,1304.000,true
current,1,mybatis_where_128,9,585,30591.453,34848.000,true
current,1,named_delete,9,59594,434.609,1384.000,true
current,1,positional_batch_4,9,4473,1116.968,2968.000,true
current,1,mybatis_subquery_raw,9,37814,593.034,1344.000,true
current,1,mybatis_naming_SCREAMING_SNAKE_CASE,9,2161,6730.217,5352.000,true
current,1,raw_batch_beans,9,2867,5999.616,8808.000,true
current,1,positional_where_16,9,4987,4915.240,3648.000,true
current,1,named_in_expression,9,941,32495.962,72456.000,true
current,1,mybatis_repeated_names,9,872,27206.995,30536.000,true
current,1,positional_condition_only,9,7883,3626.614,3104.000,true
current,1,raw_mixed_literals,9,9433,1214.121,1864.000,true
current,1,named_naming_KEBAB_CASE,9,2843,6686.071,6936.000,true
current,1,named_retry_rollback,9,6509,5831.387,5304.000,true
current,1,named_dialect_DB2,9,11494,1980.755,2584.000,true
current,1,raw_between,9,11459,802.339,1648.000,true
current,1,named_update_map,9,16855,1215.977,2976.000,true
current,1,named_late_modifier,9,29610,578.950,1816.000,true
current,1,named_where_eq,9,27271,681.618,1976.000,true
current,1,named_insert_entity,9,27591,772.824,1904.000,true
current,1,named_where_16,9,5095,4293.346,6936.000,true
current,1,named_naming_SCREAMING_SNAKE_CASE,9,2365,4002.241,6952.000,true
current,1,raw_nested,9,20999,803.705,1616.000,true
current,1,raw_naming_UPPER_CAMEL_CASE,9,2870,3061.847,3000.000,true
current,1,mybatis_in_17,9,5801,1705.706,4192.000,true
current,1,positional_group_order,9,13367,1478.215,3112.000,true
current,1,positional_in_16,9,27483,678.325,1728.000,true
current,1,named_batch_4,9,9824,1965.279,5744.000,true
current,1,raw_batch_4,9,10117,1254.789,3432.000,true
current,1,raw_naming_NO_CHANGE,9,9599,1795.302,1504.000,true
current,1,mybatis_insert_values,9,23602,792.984,1840.000,true
current,1,named_where_128,9,634,31435.489,47920.000,true
current,1,mybatis_row_in,9,20211,1011.137,2272.000,true
current,1,raw_in_1024,9,933,12137.835,6328.000,true
current,1,mybatis_nested,9,19935,928.528,2024.000,true
current,1,named_raw_expression,9,21454,926.149,1744.000,true
current,1,named_in_17,9,10587,1738.698,5736.000,true
current,1,named_join_on,9,16155,1122.173,2808.000,true
current,1,positional_delete,9,79709,288.725,1000.000,true
current,1,named_join_using,9,23727,783.205,2136.000,true
current,1,named_in_16,9,12191,1740.177,5520.000,true
current,1,mybatis_select_entity,9,37826,464.128,1304.000,true
current,1,named_dialect_MySQL,9,17889,1007.848,2408.000,true
current,1,raw_union_builder,9,5061,2047.026,3776.000,true
current,1,raw_select_star,9,99421,203.649,880.000,true
current,1,mybatis_pagination,9,23531,854.486,2152.000,true
current,1,named_repeated_names,9,1038,18016.667,42584.000,true
current,1,positional_row_in,9,29285,696.415,1608.000,true
current,1,raw_retry_rollback,9,4858,2361.980,3976.000,true
current,1,mybatis_delete,9,62207,346.172,1232.000,true
current,1,raw_batch_64,9,1255,11918.406,32232.000,true
current,1,positional_union_builder,9,9683,2038.439,3992.000,true
current,1,mybatis_join_using,9,27582,742.557,1976.000,true
current,1,named_mixed_literals,9,20029,1158.166,2416.000,true
current,1,mybatis_between,9,13977,1113.300,2344.000,true
current,1,mybatis_in_1024,9,260,89603.846,182240.000,true
current,1,custom_handler_union,9,2412,4580.929,7320.000,true
current,1,raw_update_chain_16,9,2401,4690.129,13856.000,true
current,1,named_condition_only,9,5497,3664.453,6384.000,true
current,1,mybatis_derived,9,3763,3738.028,7208.000,true
current,1,mybatis_in_256,9,939,17615.761,47256.000,true
current,1,positional_dialect_PostgreSQL,9,18184,769.066,1848.000,true
current,1,named_dialect_PostgreSQL,9,16083,1006.560,2408.000,true
current,1,positional_naming_KEBAB_CASE,9,3991,3010.699,3648.000,true
current,1,raw_raw_expression,9,19134,921.673,1744.000,true
current,1,raw_in_expression,9,4392,4472.222,3712.000,true
current,1,raw_insert_placeholders,9,24850,489.429,1208.000,true
current,1,positional_where_eq,9,27380,615.179,1592.000,true
current,1,named_between,9,19324,1084.113,2600.000,true
current,1,raw_subquery_raw,9,16927,446.009,1344.000,true
current,1,raw_pagination,9,24433,709.995,1712.000,true
current,1,named_dialect_Microsoft_SQL_Server,9,8676,1135.708,2584.000,true
current,1,mybatis_retry_rollback,9,4205,3684.185,4784.000,true
current,1,mybatis_group_order,9,12039,1734.438,3608.000,true
current,1,positional_batch_64,9,2064,9765.795,25496.000,true
current,1,named_update_chain_16,9,2116,9710.870,24072.000,true
current,1,raw_insert_entity,9,28158,622.104,1264.000,true
current,1,mybatis_raw_expression,9,16056,876.856,1744.000,true
current,1,named_pagination,9,19038,918.206,2384.000,true
current,1,mybatis_in_expression,9,1080,18102.037,48432.000,true
current,1,positional_retry_rollback,9,6920,2392.500,3864.000,true
current,1,positional_naming_CAMEL_CASE,9,7691,2218.515,1880.000,true
current,1,raw_where_128,9,502,23559.562,17776.000,true
current,1,raw_in_256,9,3936,3732.800,2464.000,true
current,1,positional_update_chain_16,9,4576,4982.102,14560.000,true
current,1,positional_nested,9,24124,828.822,1704.000,true
current,1,raw_where_16,9,4731,2862.376,3272.000,true
current,1,mybatis_where_16,9,4986,4068.512,5336.000,true
current,1,raw_condition_only,9,7197,2428.303,2720.000,true
current,1,raw_derived,9,3703,3084.715,5216.000,true
current,1,mybatis_union_builder,9,3439,4173.015,6840.000,true
current,1,raw_delete,9,70707,266.938,912.000,true
current,1,raw_subquery_structured,9,18972,1077.124,2720.000,true
current,1,positional_dialect_DB2,9,19001,821.278,2032.000,true
current,1,positional_naming_SCREAMING_SNAKE_CASE,9,3102,2946.551,3664.000,true
current,1,positional_naming_UPPER_CAMEL_CASE,9,3651,3032.156,3376.000,true
current,1,raw_join_using,9,28395,662.821,1664.000,true
current,1,positional_select_star,9,109053,200.350,880.000,true
current,1,positional_in_expression,9,6276,2825.701,7536.000,true
current,1,named_insert_placeholders,9,26783,727.271,1952.000,true
current,1,positional_in_17,9,33161,600.208,1680.000,true
current,1,mybatis_condition_only,9,5576,3379.322,4784.000,true
current,1,positional_between,9,24555,766.035,1736.000,true
current,1,named_nested,9,20590,1032.360,2256.000,true
current,1,mybatis_insert_entity,9,26669,736.263,1568.000,true
current,1,positional_late_modifier,9,40451,464.053,1432.000,true
current,1,positional_select_entity,9,41581,508.280,1304.000,true
current,1,positional_insert_placeholders,9,45325,460.929,1208.000,true
current,1,positional_mixed_literals,9,24768,881.460,1696.000,true
current,1,positional_subquery_raw,9,35721,499.896,1344.000,true
current,1,mybatis_batch_64,9,997,21185.155,54296.000,true
current,1,positional_join_using,9,30653,666.020,1752.000,true
current,1,positional_naming_NO_CHANGE,9,8002,1824.331,1880.000,true
current,1,raw_union_raw,9,8788,1240.146,1472.000,true
current,1,mybatis_update_map,9,19348,1049.266,2512.000,true
current,1,raw_naming_KEBAB_CASE,9,6168,3082.117,3272.000,true
current,1,positional_select_expressions,9,15389,1358.516,1936.000,true
current,1,named_select_star,9,105683,207.707,880.000,true
current,1,mybatis_select_expressions,9,10764,1361.873,1936.000,true
current,1,positional_repeated_names,9,1780,11843.708,17240.000,true
current,1,positional_in_256,9,10536,2273.719,6208.000,true
current,1,raw_late_modifier,9,38622,456.126,1344.000,true
current,1,mybatis_select_star,9,100470,204.881,880.000,true
current,1,mybatis_batch_4,9,10183,1882.373,4664.000,true
current,1,positional_subquery_structured,9,16989,1095.279,2856.000,true
current,1,mybatis_naming_UPPER_CAMEL_CASE,9,2476,4342.326,5064.000,true
current,1,raw_join_on,9,18949,969.355,2336.000,true
current,1,named_in_1024,9,218,95928.440,278560.000,true
current,1,raw_select_expressions,9,12177,1304.853,1936.000,true
current,1,named_group_order,9,10488,1915.770,3936.000,true
current,1,named_union_raw,9,16758,1034.067,1472.000,true
current,1,raw_select_entity,9,35644,491.323,1304.000,true
current,1,raw_naming_SCREAMING_SNAKE_CASE,9,2563,2886.890,3288.000,true
current,1,positional_raw_expression,9,21154,883.294,1744.000,true
current,1,mybatis_union_raw,9,19489,1172.333,1472.000,true
current,1,raw_naming_CAMEL_CASE,9,7286,2721.425,1504.000,true
current,1,positional_derived,9,6486,3120.737,5480.000,true
current,1,mybatis_where_eq,9,28324,700.773,1816.000,true
current,1,named_batch_beans,9,3280,5976.372,18616.000,true
current,1,positional_dialect_Microsoft_SQL_Server,9,11675,917.011,2032.000,true
current,1,mybatis_insert_placeholders,9,28104,675.882,1616.000,true
current,1,mybatis_naming_CAMEL_CASE,9,4754,2883.319,3568.000,true
current,1,named_dialect_Oracle,9,18459,1042.895,2584.000,true
current,1,mybatis_subquery_structured,9,13675,1289.346,3312.000,true
current,1,named_naming_UPPER_CAMEL_CASE,9,2856,4235.854,6664.000,true
current,1,positional_union_raw,9,19528,1084.059,1472.000,true
current,1,raw_repeated_names,9,1006,10770.378,14152.000,true
current,1,named_subquery_raw,9,41195,505.056,1344.000,true
current,1,raw_in_16,9,18848,578.258,1344.000,true
current,1,named_insert_values,9,23999,783.549,2176.000,true
current,1,positional_where_128,9,825,22032.242,20712.000,true
current,1,raw_update_map,9,19504,748.421,1960.000,true
current,1,named_naming_NO_CHANGE,9,4751,2934.182,5168.000,true
current,1,mybatis_mixed_literals,9,18223,947.237,2080.000,true
current,1,custom_handler_where,9,4381,3907.852,6968.000,true
current,1,mybatis_update_chain_16,9,2486,8075.583,21304.000,true
current,1,raw_where_eq,9,12144,588.002,1504.000,true
current,1,named_naming_CAMEL_CASE,9,4402,3331.577,5168.000,true
current,1,named_in_256,9,934,20768.522,71352.000,true
current,1,positional_batch_beans,9,4551,2899.319,6984.000,true
current,1,positional_in_1024,9,3484,5790.299,20800.000,true
current,1,named_batch_64,9,873,22470.447,72360.000,true
current,1,raw_select_columns,9,21726,583.490,1216.000,true
current,1,named_union_builder,9,4436,3970.942,6864.000,true
current,1,mybatis_batch_beans,9,3412,5381.975,14120.000,true
current,1,named_select_columns,9,35370,583.387,1216.000,true
current,1,mybatis_late_modifier,9,16744,539.357,1656.000,true
current,1,raw_row_in,9,14203,690.678,1608.000,true
current,1,raw_group_order,9,12349,1497.498,2952.000,true
current,1,positional_dialect_MySQL,9,15190,744.773,1848.000,true
