version,fork,case,round,operations,ns_per_op,bytes_per_op,equivalent
current,2,named_in_1024,1,234,108014.957,278560.000,true
current,2,positional_select_columns,1,34325,775.878,1216.000,true
current,2,mybatis_naming_UPPER_CAMEL_CASE,1,4383,5294.000,5064.000,true
current,2,positional_batch_beans,1,7597,4179.413,6984.000,true
current,2,named_derived,1,5329,6414.393,7256.000,true
current,2,named_delete,1,50462,560.727,1384.000,true
current,2,mybatis_naming_CAMEL_CASE,1,6344,4195.271,3568.000,true
current,2,mybatis_between,1,16795,1388.449,2344.000,true
current,2,raw_mixed_literals,1,15162,1352.229,1864.000,true
current,2,positional_select_entity,1,40527,636.173,1304.000,true
current,2,named_nested,1,19403,1438.128,2256.000,true
current,2,mybatis_select_columns,1,35048,944.134,1216.000,true
current,2,named_dialect_DB2,1,20187,1166.890,2584.000,true
current,2,positional_late_modifier,1,42884,500.763,1432.000,true
current,2,positional_naming_SCREAMING_SNAKE_CASE,1,6264,3266.012,3664.000,true
current,2,raw_union_builder,1,7860,2094.669,3704.000,true
current,2,named_join_using,1,28347,859.149,2136.000,true
current,2,mybatis_in_16,1,12852,1431.411,4048.000,true
current,2,mybatis_row_in,1,20683,978.412,2272.000,true
current,2,mybatis_union_builder,1,4365,4053.517,6768.000,true
current,2,mybatis_where_eq,1,28625,744.625,1816.000,true
current,2,positional_pagination,1,29856,769.906,1824.000,true
current,2,mybatis_select_star,1,100371,221.064,880.000,true
current,2,positional_nested,1,25923,1438.495,1704.000,true
current,2,mybatis_where_16,1,5415,4455.420,5336.000,true
current,2,named_naming_CAMEL_CASE,1,3676,3359.902,5168.000,true
current,2,named_naming_KEBAB_CASE,1,4923,4195.328,6936.000,true
current,2,positional_dialect_Oracle,1,23632,882.858,2032.000,true
current,2,mybatis_in_256,1,1095,18856.804,47256.000,true
current,2,named_subquery_structured,1,15300,1509.150,3568.000,true
current,2,positional_where_16,1,5798,3175.509,3648.000,true
current,2,mybatis_pagination,1,22336,840.858,2152.000,true
current,2,positional_dialect_MySQL,1,26670,790.037,1848.000,true
current,2,raw_update_map,1,23233,864.314,1960.000,true
current,2,named_dialect_PostgreSQL,1,10561,1015.784,2408.000,true
current,2,mybatis_subquery_raw,1,46325,478.329,1344.000,true
current,2,positional_in_16,1,27554,647.565,1728.000,true
current,2,raw_batch_4,1,9107,1421.236,3304.000,true
current,2,positional_in_17,1,38700,577.594,1680.000,true
current,2,raw_batch_64,1,1522,12553.351,30184.000,true
current,2,named_naming_SCREAMING_SNAKE_CASE,1,4901,4287.268,6952.000,true
current,2,mybatis_union_raw,1,19609,1173.160,1472.000,true
current,2,mybatis_update_map,1,12890,1148.317,2512.000,true
current,2,positional_insert_values,1,38766,601.850,1464.000,true
current,2,raw_between,1,17535,772.883,1648.000,true
current,2,named_between,1,17175,1202.527,2600.000,true
current,2,named_union_builder,1,4433,4189.059,6792.000,true
current,2,custom_handler_where,1,4989,6573.301,6968.000,true
current,2,positional_row_in,1,31418,763.028,1608.000,true
current,2,raw_row_in,1,8247,910.161,1608.000,true
current,2,positional_naming_KEBAB_CASE,1,6466,3267.662,3648.000,true
current,2,named_dialect_Oracle,1,20460,1108.299,2584.000,true
current,2,positional_update_chain_16,1,4268,4533.458,14560.000,true
current,2,raw_subquery_structured,1,18813,1111.450,2720.000,true
current,2,positional_dialect_DB2,1,25552,828.370,2032.000,true
current,2,mybatis_raw_expression,1,23464,891.966,1744.000,true
current,2,positional_mixed_literals,1,23788,869.884,1696.000,true
current,2,positional_batch_64,1,2315,8588.337,23448.000,true
current,2,mybatis_insert_placeholders,1,31843,712.684,1616.000,true
current,2,named_in_16,1,13079,4434.536,5520.000,true
current,2,positional_insert_entity,1,43115,608.264,1192.000,true
current,2,raw_where_128,1,762,21759.318,17776.000,true
current,2,mybatis_in_1024,1,261,78340.996,182240.000,true
current,2,raw_in_16,1,28181,597.835,1344.000,true
current,2,named_union_raw,1,21176,1024.348,1472.000,true
current,2,mybatis_nested,1,21180,1016.468,2024.000,true
current,2,mybatis_in_17,1,9514,1501.987,4192.000,true
current,2,mybatis_insert_entity,1,27856,757.905,1568.000,true
current,2,positional_union_raw,1,21831,1071.110,1472.000,true
current,2,mybatis_join_on,1,16846,1261.160,2648.000,true
current,2,named_in_256,1,967,21406.722,71352.000,true
current,2,named_in_17,1,12137,1876.650,5736.000,true
current,2,raw_select_star,1,79895,213.154,880.000,true
current,2,mybatis_derived,1,5470,4218.702,7208.000,true
current,2,raw_naming_SCREAMING_SNAKE_CASE,1,5816,3105.536,3288.000,true
current,2,named_dialect_MySQL,1,17419,1035.255,2408.000,true
current,2,raw_delete,1,60581,250.410,912.000,true
current,2,raw_retry_rollback,1,6011,2956.962,3976.000,true
current,2,mybatis_repeated_names,1,1087,17456.854,30536.000,true
current,2,raw_derived,1,6292,3442.594,5216.000,true
current,2,mybatis_naming_SCREAMING_SNAKE_CASE,1,4931,4244.190,5352.000,true
current,2,mybatis_delete,1,66073,347.354,1232.000,true
current,2,named_group_order,1,11381,2006.353,3936.000,true
current,2,mybatis_condition_only,1,6014,3728.035,4784.000,true
current,2,positional_derived,1,6246,3587.752,5480.000,true
current,2,named_insert_values,1,26454,878.192,2176.000,true
current,2,positional_subquery_structured,1,18827,1173.076,2856.000,true
current,2,mybatis_update_chain_16,1,2640,8859.280,21304.000,true
current,2,positional_where_128,1,971,23604.119,20712.000,true
current,2,named_naming_NO_CHANGE,1,6070,3243.196,5168.000,true
current,2,named_subquery_raw,1,46986,721.085,1344.000,true
current,2,raw_naming_KEBAB_CASE,1,5721,4980.283,3272.000,true
current,2,raw_select_columns,1,32700,1584.544,1216.000,true
current,2,mybatis_join_using,1,27107,2205.670,1976.000,true
current,2,raw_join_using,1,26622,1308.504,1664.000,true
current,2,named_naming_UPPER_CAMEL_CASE,1,4628,8202.506,6664.000,true
current,2,positional_select_expressions,1,12867,3503.645,1936.000,true
current,2,raw_insert_entity,1,12378,1902.189,1264.000,true
current,2,positional_raw_expression,1,12906,2677.383,1744.000,true
current,2,raw_union_raw,1,18613,3143.652,1472.000,true
current,2,mybatis_group_order,1,11555,4764.483,3608.000,true
current,2,raw_repeated_names,1,908,33449.339,14152.000,true
current,2,raw_batch_beans,1,2921,12074.358,8808.000,true
current,2,mybatis_select_expressions,1,15399,4614.144,1936.000,true
current,2,positional_in_expression,1,7138,6887.812,7536.000,true
current,2,raw_naming_NO_CHANGE,1,4931,10239.242,1504.000,true
current,2,positional_insert_placeholders,1,48064,1504.463,1208.000,true
current,2,mybatis_where_128,1,728,50699.038,34848.000,true
current,2,custom_handler_union,1,3832,6799.034,7248.000,true
current,2,named_update_chain_16,1,2358,16150.763,24072.000,true
current,2,positional_repeated_names,1,1866,19117.899,17240.000,true
current,2,raw_where_eq,1,33169,1128.177,1504.000,true
current,2,positional_join_on,1,18385,2338.156,2424.000,true
current,2,mybatis_batch_beans,1,3581,17842.642,14120.000,true
current,2,raw_join_on,1,10048,2376.722,2336.000,true
current,2,named_where_eq,1,27272,1956.263,1976.000,true
current,2,positional_group_order,1,13971,3796.264,3112.000,true
current,2,positional_batch_4,1,4184,2379.804,2840.000,true
current,2,named_batch_beans,1,3453,14195.946,18616.000,true
current,2,positional_naming_CAMEL_CASE,1,8898,4203.945,1880.000,true
current,2,positional_select_star,1,112889,434.331,880.000,true
current,2,positional_dialect_PostgreSQL,1,23802,1899.109,1848.000,true
current,2,mybatis_batch_4,1,10104,3511.619,4536.000,true
current,2,named_select_columns,1,27625,1223.348,1216.000,true
current,2,positional_delete,1,72435,635.350,1000.000,true
current,2,positional_in_1024,1,3972,8445.921,20800.000,true
current,2,raw_naming_UPPER_CAMEL_CASE,1,4296,5280.377,3000.000,true
current,2,mybatis_select_entity,1,39658,803.046,1304.000,true
current,2,named_repeated_names,1,1065,28371.737,42584.000,true
current,2,named_where_128,1,634,41633.912,47920.000,true
current,2,positional_dialect_Microsoft_SQL_Server,1,11728,1840.962,2032.000,true
current,2,raw_in_1024,1,1254,22952.552,6328.000,true
current,2,raw_in_expression,1,4169,7705.205,3712.000,true
current,2,raw_update_chain_16,1,3723,8110.314,13856.000,true
current,2,named_batch_64,1,888,40576.239,70312.000,true
current,2,named_pagination,1,22790,3589.188,2384.000,true
current,2,named_batch_4,1,10110,3867.814,5616.000,true
current,2,mybatis_mixed_literals,1,19690,1587.918,2080.000,true
current,2,raw_nested,1,13954,1280.672,1616.000,true
current,2,raw_where_16,1,6619,5611.769,3272.000,true
current,2,named_select_star,1,87669,425.388,880.000,true
current,2,positional_condition_only,1,8551,4333.797,3104.000,true
current,2,named_select_expressions,1,15258,2788.229,1936.000,true
current,2,raw_select_entity,1,39387,1026.610,1304.000,true
current,2,raw_insert_values,1,15505,867.430,1536.000,true
current,2,mybatis_in_expression,1,1107,27286.089,48432.000,true
current,2,named_insert_placeholders,1,30549,1300.190,1952.000,true
current,2,named_raw_expression,1,22970,1525.864,1744.000,true
current,2,positional_update_map,1,29681,1521.205,1872.000,true
current,2,positional_between,1,29444,1461.843,1736.000,true
current,2,named_in_expression,1,896,40288.393,72456.000,true
current,2,raw_group_order,1,14526,1884.958,2952.000,true
current,2,named_join_on,1,18200,1973.363,2808.000,true
current,2,raw_in_17,1,27517,1125.664,1352.000,true
current,2,mybatis_naming_NO_CHANGE,1,6474,5528.962,3568.000,true
current,2,named_mixed_literals,1,19478,1989.932,2416.000,true
current,2,named_dialect_Microsoft_SQL_Server,1,13769,2096.260,2584.000,true
current,2,raw_naming_CAMEL_CASE,1,7587,2882.628,1504.000,true
current,2,mybatis_naming_KEBAB_CASE,1,4756,5895.648,5336.000,true
current,2,positional_naming_UPPER_CAMEL_CASE,1,6015,5087.315,3376.000,true
current,2,positional_in_256,1,11119,2339.671,6208.000,true
current,2,mybatis_batch_64,1,1053,25349.478,52248.000,true
current,2,mybatis_late_modifier,1,38367,878.508,1656.000,true
current,2,named_late_modifier,1,36688,693.892,1816.000,true
current,2,positional_naming_NO_CHANGE,1,9888,2780.542,1880.000,true
current,2,raw_subquery_raw,1,44411,632.170,1344.000,true
current,2,raw_condition_only,1,4805,3556.087,2720.000,true
current,2,named_condition_only,1,6007,5373.897,6384.000,true
current,2,positional_join_using,1,32416,1689.808,1752.000,true
current,2,named_where_16,1,4851,7757.328,6936.000,true
current,2,named_update_map,1,18668,1828.712,2976.000,true
current,2,positional_subquery_raw,1,44142,548.951,1344.000,true
current,2,named_retry_rollback,1,5896,3574.050,5304.000,true
current,2,positional_retry_rollback,1,7162,2784.418,3864.000,true
current,2,positional_union_builder,1,8761,2433.763,3920.000,true
current,2,raw_insert_placeholders,1,26302,605.308,1208.000,true
current,2,named_insert_entity,1,27356,1349.485,1904.000,true
current,2,mybatis_retry_rollback,1,7189,4244.832,4784.000,true
current,2,named_row_in,1,20402,1376.233,2680.000,true
current,2,raw_late_modifier,1,37227,587.901,1344.000,true
current,2,mybatis_insert_values,1,27445,1006.927,1840.000,true
current,2,raw_pagination,1,18336,757.919,1712.000,true
current,2,named_select_entity,1,41337,878.782,1304.000,true
current,2,raw_select_expressions,1,14627,2111.048,1936.000,true
current,2,mybatis_subquery_structured,1,15291,1641.711,3312.000,true
current,2,raw_in_256,1,5145,4563.304,2464.000,true
current,2,raw_raw_expression,1,22447,1603.903,1744.000,true
current,2,positional_where_eq,1,29039,1055.398,1592.000,true
current,2,raw_retry_rollback,2,6011,3332.441,3976.000,true
current,2,raw_in_256,2,5145,4640.894,2464.000,true
current,2,mybatis_select_expressions,2,15399,2094.117,1936.000,true
current,2,named_where_16,2,4851,5163.471,6936.000,true
current,2,named_in_expression,2,896,26063.393,72456.000,true
current,2,raw_union_raw,2,18613,1433.665,1472.000,true
current,2,positional_in_256,2,11119,2541.101,6208.000,true
current,2,mybatis_insert_entity,2,27856,858.318,1568.000,true
current,2,raw_derived,2,6292,3480.849,5216.000,true
current,2,positional_nested,2,25923,1013.876,1704.000,true
current,2,positional_dialect_DB2,2,25552,934.670,2032.000,true
current,2,mybatis_naming_NO_CHANGE,2,6474,3932.051,3568.000,true
current,2,positional_in_16,2,27554,751.517,1728.000,true
current,2,named_select_entity,2,41337,567.588,1304.000,true
current,2,raw_batch_64,2,1522,16796.386,30184.000,true
current,2,positional_union_builder,2,8761,2484.511,3920.000,true
current,2,raw_pagination,2,18336,826.123,1712.000,true
current,2,named_naming_SCREAMING_SNAKE_CASE,2,4901,4976.229,6952.000,true
current,2,raw_subquery_structured,2,18813,1386.302,2720.000,true
current,2,raw_naming_NO_CHANGE,2,4931,3463.902,1504.000,true
current,2,named_in_17,2,12137,2315.020,5736.000,true
current,2,positional_between,2,29444,1579.830,1736.000,true
current,2,raw_naming_CAMEL_CASE,2,7587,5092.131,1504.000,true
current,2,raw_repeated_names,2,908,22254.626,14152.000,true
current,2,named_naming_KEBAB_CASE,2,4923,7071.501,6936.000,true
current,2,raw_insert_values,2,15505,724.431,1536.000,true
current,2,mybatis_update_map,2,12890,1271.792,2512.000,true
current,2,positional_batch_64,2,2315,9375.680,23448.000,true
current,2,mybatis_union_builder,2,4365,4826.369,6768.000,true
current,2,raw_batch_4,2,9107,1506.874,3304.000,true
current,2,raw_in_17,2,27517,753.320,1352.000,true
current,2,named_join_using,2,28347,952.157,2136.000,true
current,2,named_in_1024,2,234,115355.556,278560.000,true
current,2,named_dialect_PostgreSQL,2,10561,1877.843,2408.000,true
current,2,mybatis_raw_expression,2,23464,1188.553,1744.000,true
current,2,positional_in_expression,2,7138,4200.322,7536.000,true
current,2,raw_select_expressions,2,14627,1658.980,1936.000,true
current,2,named_union_builder,2,4433,4700.316,6792.000,true
current,2,named_naming_CAMEL_CASE,2,3676,3558.705,5168.000,true
current,2,positional_dialect_PostgreSQL,2,23802,897.975,1848.000,true
current,2,raw_naming_UPPER_CAMEL_CASE,2,4296,3591.015,3000.000,true
current,2,mybatis_batch_64,2,1053,21407.882,52248.000,true
current,2,positional_group_order,2,13971,1589.170,3112.000,true
current,2,named_between,2,17175,1117.927,2600.000,true
current,2,raw_update_map,2,23233,840.176,1960.000,true
current,2,named_raw_expression,2,22970,987.140,1744.000,true
current,2,positional_select_star,2,112889,246.444,880.000,true
current,2,named_nested,2,19403,1260.805,2256.000,true
current,2,positional_join_using,2,32416,1073.698,1752.000,true
current,2,mybatis_repeated_names,2,1087,23124.195,30536.000,true
current,2,named_naming_UPPER_CAMEL_CASE,2,4628,5492.373,6664.000,true
current,2,named_delete,2,50462,415.887,1384.000,true
current,2,positional_select_entity,2,40527,543.741,1304.000,true
current,2,positional_condition_only,2,8551,3584.201,3104.000,true
current,2,named_naming_NO_CHANGE,2,6070,3626.771,5168.000,true
current,2,raw_insert_placeholders,2,26302,478.005,1208.000,true
current,2,named_select_columns,2,27625,627.341,1216.000,true
current,2,raw_select_entity,2,39387,583.220,1304.000,true
current,2,mybatis_condition_only,2,6014,3842.750,4784.000,true
current,2,mybatis_naming_UPPER_CAMEL_CASE,2,4383,4803.605,5064.000,true
current,2,mybatis_naming_CAMEL_CASE,2,6344,3323.471,3568.000,true
current,2,named_union_raw,2,21176,1170.405,1472.000,true
current,2,raw_union_builder,2,7860,2269.326,3704.000,true
current,2,named_dialect_Oracle,2,20460,1073.138,2584.000,true
current,2,named_dialect_DB2,2,20187,1119.557,2584.000,true
current,2,mybatis_join_using,2,27107,797.713,1976.000,true
current,2,mybatis_select_entity,2,39658,558.109,1304.000,true
current,2,mybatis_select_star,2,100371,265.983,880.000,true
current,2,positional_naming_NO_CHANGE,2,9888,2114.867,1880.000,true
current,2,mybatis_naming_SCREAMING_SNAKE_CASE,2,4931,4402.150,5352.000,true
current,2,custom_handler_where,2,4989,5062.117,6968.000,true
current,2,named_derived,2,5329,6310.415,7256.000,true
current,2,positional_where_16,2,5798,5602.587,3648.000,true
current,2,positional_select_expressions,2,12867,1920.432,1936.000,true
current,2,raw_group_order,2,14526,1536.769,2952.000,true
current,2,positional_where_eq,2,29039,647.732,1592.000,true
current,2,positional_naming_CAMEL_CASE,2,8898,2609.081,1880.000,true
current,2,raw_where_eq,2,33169,657.469,1504.000,true
current,2,positional_union_raw,2,21831,1228.666,1472.000,true
current,2,raw_insert_entity,2,12378,584.044,1264.000,true
current,2,mybatis_in_1024,2,261,81948.659,182240.000,true
current,2,named_batch_64,2,888,26946.734,70312.000,true
current,2,raw_where_128,2,762,23896.325,17776.000,true
current,2,positional_naming_KEBAB_CASE,2,6466,4453.495,3648.000,true
current,2,raw_join_using,2,26622,828.131,1664.000,true
current,2,mybatis_naming_KEBAB_CASE,2,4756,6837.868,5336.000,true
current,2,positional_dialect_Oracle,2,23632,1014.167,2032.000,true
current,2,positional_where_128,2,971,24942.430,20712.000,true
current,2,named_mixed_literals,2,19478,1229.315,2416.000,true
current,2,raw_naming_KEBAB_CASE,2,5721,5691.103,3272.000,true
current,2,raw_mixed_literals,2,15162,1653.522,1864.000,true
current,2,positional_retry_rollback,2,7162,3062.664,3864.000,true
current,2,mybatis_batch_beans,2,3581,9044.261,14120.000,true
current,2,mybatis_between,2,16795,1212.468,2344.000,true
current,2,mybatis_batch_4,2,10104,2461.708,4536.000,true
current,2,positional_dialect_Microsoft_SQL_Server,2,11728,1253.453,2032.000,true
current,2,mybatis_pagination,2,22336,1411.931,2152.000,true
current,2,mybatis_delete,2,66073,486.954,1232.000,true
current,2,named_in_16,2,13079,2601.047,5520.000,true
current,2,positional_pagination,2,29856,878.792,1824.000,true
current,2,raw_raw_expression,2,22447,1336.905,1744.000,true
current,2,named_where_eq,2,27272,907.598,1976.000,true
current,2,raw_update_chain_16,2,3723,7016.385,13856.000,true
current,2,positional_subquery_raw,2,44142,588.566,1344.000,true
current,2,positional_join_on,2,18385,1132.864,2424.000,true
current,2,mybatis_subquery_structured,2,15291,1359.133,3312.000,true
current,2,named_subquery_raw,2,46986,470.717,1344.000,true
current,2,positional_insert_values,2,38766,620.123,1464.000,true
current,2,positional_insert_entity,2,43115,539.710,1192.000,true
current,2,named_select_star,2,87669,236.894,880.000,true
current,2,mybatis_join_on,2,16846,1829.081,2648.000,true
current,2,positional_mixed_literals,2,23788,909.614,1696.000,true
current,2,positional_repeated_names,2,1866,12742.122,17240.000,true
current,2,mybatis_retry_rollback,2,7189,3217.443,4784.000,true
current,2,positional_insert_placeholders,2,48064,479.122,1208.000,true
current,2,named_pagination,2,22790,1184.090,2384.000,true
current,2,named_late_modifier,2,36688,1096.631,1816.000,true
current,2,mybatis_in_17,2,9514,2459.796,4192.000,true
current,2,named_group_order,2,11381,2201.397,3936.000,true
current,2,mybatis_insert_values,2,27445,824.474,1840.000,true
current,2,positional_subquery_structured,2,18827,1158.995,2856.000,true
current,2,named_insert_entity,2,27356,791.622,1904.000,true
current,2,custom_handler_union,2,3832,5073.460,7248.000,true
current,2,raw_join_on,2,10048,1064.739,2336.000,true
current,2,raw_between,2,17535,752.518,1648.000,true
current,2,positional_dialect_MySQL,2,26670,730.311,1848.000,true
current,2,raw_in_expression,2,4169,4590.046,3712.000,true
current,2,positional_in_17,2,38700,585.413,1680.000,true
current,2,mybatis_in_256,2,1095,18314.886,47256.000,true
current,2,positional_update_map,2,29681,755.402,1872.000,true
current,2,named_select_expressions,2,15258,1392.083,1936.000,true
current,2,mybatis_update_chain_16,2,2640,8848.826,21304.000,true
current,2,mybatis_in_expression,2,1107,24450.407,48432.000,true
current,2,positional_batch_4,2,4184,1254.015,2840.000,true
current,2,mybatis_nested,2,21180,1143.598,2024.000,true
current,2,named_subquery_structured,2,15300,1574.680,3568.000,true
current,2,named_row_in,2,20402,1152.559,2680.000,true
current,2,raw_naming_SCREAMING_SNAKE_CASE,2,5816,3633.855,3288.000,true
current,2,raw_select_columns,2,32700,648.346,1216.000,true
current,2,positional_delete,2,72435,300.104,1000.000,true
current,2,mybatis_derived,2,5470,5081.170,7208.000,true
current,2,named_repeated_names,2,1065,20708.920,42584.000,true
current,2,positional_row_in,2,31418,749.456,1608.000,true
current,2,mybatis_where_128,2,728,30839.286,34848.000,true
current,2,mybatis_late_modifier,2,38367,629.231,1656.000,true
current,2,mybatis_where_eq,2,28625,847.752,1816.000,true
current,2,positional_batch_beans,2,7597,3301.672,6984.000,true
current,2,named_insert_values,2,26454,905.969,2176.000,true
current,2,positional_update_chain_16,2,4268,5172.915,14560.000,true
current,2,positional_naming_UPPER_CAMEL_CASE,2,6015,3647.914,3376.000,true
current,2,named_batch_4,2,10110,2174.491,5616.000,true
current,2,named_where_128,2,634,38373.502,47920.000,true
current,2,positional_in_1024,2,3972,6438.041,20800.000,true
current,2,raw_subquery_raw,2,44411,500.621,1344.000,true
current,2,named_dialect_MySQL,2,17419,1000.597,2408.000,true
current,2,mybatis_select_columns,2,35048,591.674,1216.000,true
current,2,mybatis_where_16,2,5415,4189.511,5336.000,true
current,2,positional_raw_expression,2,12906,1059.918,1744.000,true
current,2,mybatis_insert_placeholders,2,31843,671.513,1616.000,true
current,2,mybatis_union_raw,2,19609,1263.287,1472.000,true
current,2,raw_row_in,2,8247,719.995,1608.000,true
current,2,raw_select_star,2,79895,233.879,880.000,true
current,2,mybatis_mixed_literals,2,19690,1138.847,2080.000,true
current,2,named_retry_rollback,2,5896,3516.045,5304.000,true
current,2,named_update_chain_16,2,2358,11133.418,24072.000,true
current,2,raw_late_modifier,2,37227,521.595,1344.000,true
current,2,named_insert_placeholders,2,30549,717.578,1952.000,true
current,2,raw_in_1024,2,1254,14407.815,6328.000,true
current,2,raw_where_16,2,6619,2971.944,3272.000,true
current,2,named_update_map,2,18668,1218.358,2976.000,true
current,2,positional_late_modifier,2,42884,531.683,1432.000,true
current,2,positional_derived,2,6246,3250.112,5480.000,true
current,2,positional_select_columns,2,34325,610.820,1216.000,true
current,2,raw_batch_beans,2,2921,3986.101,8808.000,true
current,2,mybatis_subquery_raw,2,46325,501.815,1344.000,true
current,2,named_condition_only,2,6007,3756.634,6384.000,true
current,2,mybatis_in_16,2,12852,1579.295,4048.000,true
current,2,raw_delete,2,60581,259.250,912.000,true
current,2,mybatis_row_in,2,20683,941.430,2272.000,true
current,2,named_dialect_Microsoft_SQL_Server,2,13769,1200.842,2584.000,true
current,2,named_batch_beans,2,3453,6232.870,18616.000,true
current,2,named_in_256,2,967,20885.936,71352.000,true
current,2,raw_nested,2,13954,937.960,1616.000,true
current,2,raw_condition_only,2,4805,2611.675,2720.000,true
current,2,raw_in_16,2,28181,957.361,1344.000,true
current,2,mybatis_group_order,2,11555,2075.266,3608.000,true
current,2,positional_naming_SCREAMING_SNAKE_CASE,2,6264,3577.554,3664.000,true
current,2,named_join_on,2,18200,1270.011,2808.000,true
current,2,mybatis_in_1024,3,261,76411.494,182240.000,true
current,2,named_where_eq,3,27272,766.827,1976.000,true
current,2,mybatis_join_on,3,16846,1259.925,2648.000,true
current,2,named_in_17,3,12137,1850.540,5736.000,true
current,2,mybatis_group_order,3,11555,2992.704,3608.000,true
current,2,positional_late_modifier,3,42884,820.616,1432.000,true
current,2,mybatis_insert_entity,3,27856,818.104,1568.000,true
current,2,mybatis_union_raw,3,19609,1086.149,1472.000,true
current,2,named_select_star,3,87669,216.585,880.000,true
current,2,positional_dialect_Oracle,3,23632,848.515,2032.000,true
current,2,raw_insert_entity,3,12378,624.196,1264.000,true
current,2,positional_subquery_structured,3,18827,1120.168,2856.000,true
current,2,positional_group_order,3,13971,1611.066,3112.000,true
current,2,positional_naming_KEBAB_CASE,3,6466,3186.112,3648.000,true
current,2,raw_insert_placeholders,3,26302,479.758,1208.000,true
current,2,named_union_builder,3,4433,4543.447,6792.000,true
current,2,named_update_chain_16,3,2358,10280.704,24072.000,true
current,2,mybatis_where_eq,3,28625,772.175,1816.000,true
current,2,positional_pagination,3,29856,787.996,1824.000,true
current,2,named_dialect_Microsoft_SQL_Server,3,13769,1209.834,2584.000,true
current,2,named_dialect_Oracle,3,20460,1103.954,2584.000,true
current,2,raw_where_16,3,6619,3047.651,3272.000,true
current,2,raw_subquery_structured,3,18813,1161.404,2720.000,true
current,2,raw_batch_64,3,1522,14194.612,30184.000,true
current,2,raw_where_128,3,762,24690.026,17776.000,true
current,2,raw_condition_only,3,4805,2836.712,2720.000,true
current,2,raw_group_order,3,14526,1516.612,2952.000,true
current,2,positional_select_entity,3,40527,545.392,1304.000,true
current,2,named_insert_entity,3,27356,773.238,1904.000,true
current,2,raw_naming_KEBAB_CASE,3,5721,3099.371,3272.000,true
current,2,mybatis_retry_rollback,3,7189,3143.761,4784.000,true
current,2,named_retry_rollback,3,5896,3313.195,5304.000,true
current,2,mybatis_naming_CAMEL_CASE,3,6344,3187.216,3568.000,true
current,2,positional_dialect_DB2,3,25552,828.428,2032.000,true
current,2,raw_naming_UPPER_CAMEL_CASE,3,4296,3359.148,3000.000,true
current,2,raw_batch_beans,3,2921,3430.469,8808.000,true
current,2,positional_raw_expression,3,12906,987.215,1744.000,true
current,2,mybatis_update_chain_16,3,2640,8288.902,21304.000,true
current,2,positional_in_256,3,11119,2209.902,6208.000,true
current,2,mybatis_in_17,3,9514,1970.086,4192.000,true
current,2,raw_late_modifier,3,37227,511.151,1344.000,true
current,2,positional_in_1024,3,3972,6259.265,20800.000,true
current,2,named_in_16,3,13079,1737.289,5520.000,true
current,2,named_subquery_structured,3,15300,2317.778,3568.000,true
current,2,raw_in_17,3,27517,606.113,1352.000,true
current,2,raw_mixed_literals,3,15162,983.135,1864.000,true
current,2,positional_in_16,3,27554,683.585,1728.000,true
current,2,positional_delete,3,72435,431.257,1000.000,true
current,2,mybatis_delete,3,66073,415.537,1232.000,true
current,2,mybatis_naming_KEBAB_CASE,3,4756,6927.881,5336.000,true
current,2,positional_join_using,3,32416,878.446,1752.000,true
current,2,custom_handler_union,3,3832,5846.242,7248.000,true
current,2,raw_batch_4,3,9107,1550.796,3304.000,true
current,2,named_mixed_literals,3,19478,1508.132,2416.000,true
current,2,named_union_raw,3,21176,1886.815,1472.000,true
current,2,positional_nested,3,25923,1891.128,1704.000,true
current,2,mybatis_subquery_raw,3,46325,673.781,1344.000,true
current,2,mybatis_naming_SCREAMING_SNAKE_CASE,3,4931,5174.387,5352.000,true
current,2,raw_update_map,3,23233,1057.552,1960.000,true
current,2,raw_insert_values,3,15505,826.011,1536.000,true
current,2,raw_derived,3,6292,5732.533,5216.000,true
current,2,raw_in_1024,3,1254,19433.573,6328.000,true
current,2,mybatis_repeated_names,3,1087,21530.267,30536.000,true
current,2,positional_where_16,3,5798,3047.430,3648.000,true
current,2,raw_join_using,3,26622,693.622,1664.000,true
current,2,named_between,3,17175,1160.099,2600.000,true
current,2,named_select_expressions,3,15258,1636.204,1936.000,true
current,2,mybatis_condition_only,3,6014,3980.479,4784.000,true
current,2,positional_mixed_literals,3,23788,1033.958,1696.000,true
current,2,raw_nested,3,13954,963.115,1616.000,true
current,2,positional_join_on,3,18385,1248.115,2424.000,true
current,2,positional_union_builder,3,8761,2489.271,3920.000,true
current,2,raw_pagination,3,18336,682.668,1712.000,true
current,2,raw_update_chain_16,3,3723,4982.702,13856.000,true
current,2,named_update_map,3,18668,1203.487,2976.000,true
current,2,named_select_columns,3,27625,621.169,1216.000,true
current,2,named_raw_expression,3,22970,950.509,1744.000,true
current,2,positional_repeated_names,3,1866,13067.149,17240.000,true
current,2,named_dialect_DB2,3,20187,1125.130,2584.000,true
current,2,named_naming_NO_CHANGE,3,6070,3483.064,5168.000,true
current,2,positional_condition_only,3,8551,2687.721,3104.000,true
current,2,mybatis_in_256,3,1095,18633.699,47256.000,true
current,2,raw_repeated_names,3,908,11822.577,14152.000,true
current,2,mybatis_derived,3,5470,4236.399,7208.000,true
current,2,positional_row_in,3,31418,971.831,1608.000,true
current,2,mybatis_where_128,3,728,32543.132,34848.000,true
current,2,named_naming_UPPER_CAMEL_CASE,3,4628,5065.147,6664.000,true
current,2,mybatis_select_star,3,100371,234.103,880.000,true
current,2,mybatis_insert_values,3,27445,859.537,1840.000,true
current,2,positional_in_expression,3,7138,3442.379,7536.000,true
current,2,raw_join_on,3,10048,1305.822,2336.000,true
current,2,positional_insert_entity,3,43115,573.299,1192.000,true
current,2,named_late_modifier,3,36688,641.796,1816.000,true
current,2,mybatis_raw_expression,3,23464,1086.882,1744.000,true
current,2,positional_insert_values,3,38766,802.830,1464.000,true
current,2,raw_naming_SCREAMING_SNAKE_CASE,3,5816,3484.027,3288.000,true
current,2,named_subquery_raw,3,46986,464.521,1344.000,true
current,2,mybatis_batch_beans,3,3581,5734.934,14120.000,true
current,2,mybatis_naming_NO_CHANGE,3,6474,2991.489,3568.000,true
current,2,positional_update_chain_16,3,4268,4835.333,14560.000,true
current,2,raw_naming_CAMEL_CASE,3,7587,4213.141,1504.000,true
current,2,named_batch_beans,3,3453,8507.761,18616.000,true
current,2,mybatis_select_entity,3,39658,830.206,1304.000,true
current,2,positional_batch_64,3,2315,13122.721,23448.000,true
current,2,named_dialect_MySQL,3,17419,1598.812,2408.000,true
current,2,named_dialect_PostgreSQL,3,10561,1306.278,2408.000,true
current,2,mybatis_select_columns,3,35048,704.831,1216.000,true
current,2,named_where_128,3,634,33081.703,47920.000,true
current,2,positional_subquery_raw,3,44142,548.457,1344.000,true
current,2,named_batch_4,3,10110,2301.286,5616.000,true
current,2,raw_select_expressions,3,14627,1536.378,1936.000,true
current,2,positional_in_17,3,38700,678.855,1680.000,true
current,2,mybatis_between,3,16795,1108.866,2344.000,true
current,2,mybatis_select_expressions,3,15399,1634.515,1936.000,true
current,2,mybatis_pagination,3,22336,879.952,2152.000,true
current,2,named_in_expression,3,896,23531.027,72456.000,true
current,2,positional_naming_NO_CHANGE,3,9888,2133.596,1880.000,true
current,2,raw_in_expression,3,4169,4985.800,3712.000,true
current,2,positional_naming_SCREAMING_SNAKE_CASE,3,6264,3356.801,3664.000,true
current,2,named_group_order,3,11381,2076.338,3936.000,true
current,2,mybatis_mixed_literals,3,19690,1116.546,2080.000,true
current,2,named_insert_values,3,26454,918.515,2176.000,true
current,2,raw_in_256,3,5145,3979.553,2464.000,true
current,2,named_join_using,3,28347,896.973,2136.000,true
current,2,positional_naming_CAMEL_CASE,3,8898,2566.476,1880.000,true
current,2,named_derived,3,5329,4459.354,7256.000,true
current,2,named_naming_SCREAMING_SNAKE_CASE,3,4901,4769.435,6952.000,true
current,2,positional_retry_rollback,3,7162,2970.176,3864.000,true
current,2,mybatis_batch_4,3,10104,2200.861,4536.000,true
current,2,raw_delete,3,60581,260.278,912.000,true
current,2,mybatis_batch_64,3,1053,22601.330,52248.000,true
current,2,positional_dialect_Microsoft_SQL_Server,3,11728,1054.988,2032.000,true
current,2,raw_between,3,17535,805.224,1648.000,true
current,2,positional_where_eq,3,29039,670.233,1592.000,true
current,2,mybatis_insert_placeholders,3,31843,744.644,1616.000,true
current,2,named_naming_CAMEL_CASE,3,3676,3985.174,5168.000,true
current,2,raw_in_16,3,28181,702.264,1344.000,true
current,2,raw_union_builder,3,7860,2230.115,3704.000,true
current,2,mybatis_update_map,3,12890,1231.102,2512.000,true
current,2,raw_naming_NO_CHANGE,3,4931,2047.942,1504.000,true
current,2,positional_batch_4,3,4184,1205.880,2840.000,true
current,2,custom_handler_where,3,4989,5328.743,6968.000,true
current,2,mybatis_in_expression,3,1107,31189.702,48432.000,true
current,2,named_in_1024,3,234,105320.085,278560.000,true
current,2,positional_select_columns,3,34325,848.213,1216.000,true
current,2,positional_between,3,29444,795.099,1736.000,true
current,2,raw_select_star,3,79895,223.339,880.000,true
current,2,raw_retry_rollback,3,6011,2915.472,3976.000,true
current,2,named_pagination,3,22790,1050.693,2384.000,true
current,2,named_where_16,3,4851,4653.329,6936.000,true
current,2,named_condition_only,3,6007,4030.681,6384.000,true
current,2,named_batch_64,3,888,24386.036,70312.000,true
current,2,named_delete,3,50462,372.581,1384.000,true
current,2,positional_derived,3,6246,3530.435,5480.000,true
current,2,mybatis_naming_UPPER_CAMEL_CASE,3,4383,4540.269,5064.000,true
current,2,raw_raw_expression,3,22447,950.724,1744.000,true
current,2,positional_dialect_MySQL,3,26670,740.585,1848.000,true
current,2,mybatis_subquery_structured,3,15291,1490.230,3312.000,true
current,2,mybatis_in_16,3,12852,1677.529,4048.000,true
current,2,positional_where_128,3,971,23524.717,20712.000,true
current,2,mybatis_join_using,3,27107,848.534,1976.000,true
current,2,raw_where_eq,3,33169,598.833,1504.000,true
current,2,raw_union_raw,3,18613,1107.731,1472.000,true
current,2,positional_batch_beans,3,7597,2860.985,6984.000,true
current,2,named_nested,3,19403,1099.619,2256.000,true
current,2,positional_dialect_PostgreSQL,3,23802,779.838,1848.000,true
current,2,raw_select_entity,3,39387,525.148,1304.000,true
current,2,mybatis_nested,3,21180,998.385,2024.000,true
current,2,positional_select_expressions,3,12867,1380.718,1936.000,true
current,2,named_naming_KEBAB_CASE,3,4923,4262.442,6936.000,true
current,2,named_select_entity,3,41337,556.054,1304.000,true
current,2,mybatis_late_modifier,3,38367,626.802,1656.000,true
current,2,named_row_in,3,20402,1121.581,2680.000,true
current,2,positional_update_map,3,29681,784.782,1872.000,true
current,2,raw_select_columns,3,32700,596.003,1216.000,true
current,2,raw_row_in,3,8247,716.927,1608.000,true
current,2,mybatis_where_16,3,5415,4065.355,5336.000,true
current,2,mybatis_row_in,3,20683,1008.480,2272.000,true
current,2,named_in_256,3,967,21789.555,71352.000,true
current,2,named_insert_placeholders,3,30549,718.744,1952.000,true
current,2,named_join_on,3,18200,1299.231,2808.000,true
current,2,named_repeated_names,3,1065,20344.225,42584.000,true
current,2,positional_insert_placeholders,3,48064,468.165,1208.000,true
current,2,positional_naming_UPPER_CAMEL_CASE,3,6015,6024.223,3376.000,true
current,2,positional_select_star,3,112889,317.033,880.000,true
current,2,raw_subquery_raw,3,44411,610.347,1344.000,true
current,2,positional_union_raw,3,21831,1380.441,1472.000,true
current,2,mybatis_union_builder,3,4365,5029.530,6768.000,true
current,2,positional_in_16,4,27554,805.451,1728.000,true
current,2,named_dialect_MySQL,4,17419,1243.395,2408.000,true
current,2,named_join_using,4,28347,1178.848,2136.000,true
current,2,named_in_expression,4,896,47917.299,72456.000,true
current,2,raw_repeated_names,4,908,20042.952,14152.000,true
current,2,positional_raw_expression,4,12906,1818.627,1744.000,true
current,2,named_select_star,4,87669,321.069,880.000,true
current,2,mybatis_subquery_structured,4,15291,2279.838,3312.000,true
current,2,positional_insert_values,4,38766,762.565,1464.000,true
current,2,mybatis_batch_64,4,1053,39368.376,52248.000,true
current,2,mybatis_insert_values,4,27445,1209.350,1840.000,true
current,2,named_insert_entity,4,27356,872.964,1904.000,true
current,2,raw_where_16,4,6619,3241.139,3272.000,true
current,2,positional_join_using,4,32416,783.178,1752.000,true
current,2,positional_batch_64,4,2315,9927.775,23448.000,true
current,2,positional_insert_placeholders,4,48064,465.444,1208.000,true
current,2,mybatis_retry_rollback,4,7189,3375.657,4784.000,true
current,2,named_in_17,4,12137,1840.512,5736.000,true
current,2,named_batch_beans,4,3453,6615.001,18616.000,true
current,2,positional_repeated_names,4,1866,12145.123,17240.000,true
current,2,named_union_raw,4,21176,1162.155,1472.000,true
current,2,positional_select_columns,4,34325,685.515,1216.000,true
current,2,positional_select_expressions,4,12867,1528.841,1936.000,true
current,2,mybatis_in_17,4,9514,1696.395,4192.000,true
current,2,named_batch_64,4,888,22553.153,70312.000,true
current,2,mybatis_join_using,4,27107,793.142,1976.000,true
current,2,raw_insert_values,4,15505,677.059,1536.000,true
current,2,named_join_on,4,18200,1168.698,2808.000,true
current,2,named_repeated_names,4,1065,19773.521,42584.000,true
current,2,named_update_chain_16,4,2358,9951.993,24072.000,true
current,2,mybatis_update_chain_16,4,2640,8214.432,21304.000,true
current,2,raw_group_order,4,14526,1511.517,2952.000,true
current,2,mybatis_repeated_names,4,1087,17877.645,30536.000,true
current,2,named_raw_expression,4,22970,953.052,1744.000,true
current,2,mybatis_condition_only,4,6014,6181.011,4784.000,true
current,2,mybatis_union_raw,4,19609,1253.062,1472.000,true
current,2,mybatis_group_order,4,11555,1851.207,3608.000,true
current,2,raw_naming_CAMEL_CASE,4,7587,2124.713,1504.000,true
current,2,positional_dialect_DB2,4,25552,814.355,2032.000,true
current,2,raw_naming_KEBAB_CASE,4,5721,3053.330,3272.000,true
current,2,mybatis_where_128,4,728,29753.709,34848.000,true
current,2,named_naming_SCREAMING_SNAKE_CASE,4,4901,4360.233,6952.000,true
current,2,mybatis_update_map,4,12890,1152.552,2512.000,true
current,2,positional_batch_beans,4,7597,3096.854,6984.000,true
current,2,named_insert_placeholders,4,30549,737.324,1952.000,true
current,2,positional_row_in,4,31418,737.765,1608.000,true
current,2,positional_in_1024,4,3972,6374.773,20800.000,true
current,2,named_union_builder,4,4433,4633.747,6792.000,true
current,2,raw_where_128,4,762,23248.163,17776.000,true
current,2,named_delete,4,50462,364.770,1384.000,true
current,2,raw_pagination,4,18336,1062.473,1712.000,true
current,2,raw_in_256,4,5145,5106.725,2464.000,true
current,2,named_dialect_DB2,4,20187,1691.257,2584.000,true
current,2,raw_in_16,4,28181,679.791,1344.000,true
current,2,mybatis_naming_KEBAB_CASE,4,4756,4115.685,5336.000,true
current,2,named_in_256,4,967,21588.108,71352.000,true
current,2,raw_select_columns,4,32700,608.202,1216.000,true
current,2,positional_update_chain_16,4,4268,5317.291,14560.000,true
current,2,mybatis_naming_CAMEL_CASE,4,6344,3165.936,3568.000,true
current,2,mybatis_pagination,4,22336,927.382,2152.000,true
current,2,mybatis_late_modifier,4,38367,602.734,1656.000,true
current,2,raw_batch_beans,4,2921,3264.533,8808.000,true
current,2,raw_union_builder,4,7860,2013.715,3704.000,true
current,2,positional_naming_NO_CHANGE,4,9888,2040.615,1880.000,true
current,2,mybatis_in_expression,4,1107,19775.158,48432.000,true
current,2,mybatis_batch_4,4,10104,1932.304,4536.000,true
current,2,mybatis_raw_expression,4,23464,966.698,1744.000,true
current,2,raw_row_in,4,8247,947.957,1608.000,true
current,2,raw_naming_UPPER_CAMEL_CASE,4,4296,3256.355,3000.000,true
current,2,raw_retry_rollback,4,6011,2698.885,3976.000,true
current,2,named_where_16,4,4851,3926.160,6936.000,true
current,2,positional_retry_rollback,4,7162,2585.758,3864.000,true
current,2,positional_subquery_structured,4,18827,1218.670,2856.000,true
current,2,raw_union_raw,4,18613,1114.108,1472.000,true
current,2,mybatis_subquery_raw,4,46325,871.901,1344.000,true
current,2,positional_in_17,4,38700,672.610,1680.000,true
current,2,positional_join_on,4,18385,1213.223,2424.000,true
current,2,positional_dialect_Oracle,4,23632,972.546,2032.000,true
current,2,named_derived,4,5329,4439.201,7256.000,true
current,2,raw_mixed_literals,4,15162,1088.168,1864.000,true
current,2,raw_join_on,4,10048,1077.189,2336.000,true
current,2,raw_derived,4,6292,3279.196,5216.000,true
current,2,named_naming_UPPER_CAMEL_CASE,4,4628,4427.010,6664.000,true
current,2,mybatis_where_16,4,5415,4048.384,5336.000,true
current,2,mybatis_where_eq,4,28625,791.284,1816.000,true
current,2,raw_insert_entity,4,12378,600.315,1264.000,true
current,2,positional_naming_UPPER_CAMEL_CASE,4,6015,3532.552,3376.000,true
current,2,positional_naming_CAMEL_CASE,4,8898,2334.008,1880.000,true
current,2,named_dialect_PostgreSQL,4,10561,1143.575,2408.000,true
current,2,positional_delete,4,72435,280.973,1000.000,true
current,2,mybatis_select_entity,4,39658,490.289,1304.000,true
current,2,positional_batch_4,4,4184,1121.511,2840.000,true
current,2,mybatis_select_star,4,100371,242.107,880.000,true
current,2,named_select_columns,4,27625,553.698,1216.000,true
current,2,positional_union_raw,4,21831,1014.214,1472.000,true
current,2,mybatis_insert_placeholders,4,31843,685.168,1616.000,true
current,2,mybatis_derived,4,5470,4291.627,7208.000,true
current,2,raw_condition_only,4,4805,2555.650,2720.000,true
current,2,raw_subquery_structured,4,18813,1092.606,2720.000,true
current,2,positional_derived,4,6246,3468.668,5480.000,true
current,2,named_insert_values,4,26454,838.319,2176.000,true
current,2,named_in_1024,4,234,90329.060,278560.000,true
current,2,positional_select_entity,4,40527,533.669,1304.000,true
current,2,mybatis_naming_UPPER_CAMEL_CASE,4,4383,4227.424,5064.000,true
current,2,raw_where_eq,4,33169,1082.583,1504.000,true
current,2,named_nested,4,19403,1982.152,2256.000,true
current,2,custom_handler_where,4,4989,5642.413,6968.000,true
current,2,named_naming_KEBAB_CASE,4,4923,4143.612,6936.000,true
current,2,named_subquery_raw,4,46986,491.512,1344.000,true
current,2,mybatis_batch_beans,4,3581,5871.572,14120.000,true
current,2,named_row_in,4,20402,1108.661,2680.000,true
current,2,mybatis_in_1024,4,261,80875.862,182240.000,true
current,2,positional_dialect_PostgreSQL,4,23802,842.202,1848.000,true
current,2,positional_subquery_raw,4,44142,435.232,1344.000,true
current,2,raw_select_star,4,79895,219.078,880.000,true
current,2,mybatis_select_expressions,4,15399,2206.526,1936.000,true
current,2,named_batch_4,4,10110,2891.335,5616.000,true
current,2,named_subquery_structured,4,15300,1725.961,3568.000,true
current,2,raw_nested,4,13954,969.729,1616.000,true
current,2,mybatis_delete,4,66073,417.441,1232.000,true
current,2,named_select_expressions,4,15258,1725.272,1936.000,true
current,2,mybatis_nested,4,21180,1895.930,2024.000,true
current,2,mybatis_insert_entity,4,27856,1181.864,1568.000,true
current,2,mybatis_mixed_literals,4,19690,1257.257,2080.000,true
current,2,mybatis_row_in,4,20683,1329.367,2272.000,true
current,2,mybatis_between,4,16795,1457.404,2344.000,true
current,2,named_dialect_Oracle,4,20460,1586.241,2584.000,true
current,2,named_retry_rollback,4,5896,5112.924,5304.000,true
current,2,named_late_modifier,4,36688,751.134,1816.000,true
current,2,mybatis_join_on,4,16846,2450.505,2648.000,true
current,2,raw_naming_NO_CHANGE,4,4931,2407.382,1504.000,true
current,2,named_mixed_literals,4,19478,1472.086,2416.000,true
current,2,named_where_128,4,634,34734.700,47920.000,true
current,2,named_in_16,4,13079,1796.062,5520.000,true
current,2,named_dialect_Microsoft_SQL_Server,4,13769,1240.678,2584.000,true
current,2,raw_in_17,4,27517,660.490,1352.000,true
current,2,mybatis_union_builder,4,4365,4100.229,6768.000,true
current,2,custom_handler_union,4,3832,5019.494,7248.000,true
current,2,positional_group_order,4,13971,1783.995,3112.000,true
current,2,raw_update_map,4,23233,957.500,1960.000,true
current,2,mybatis_in_256,4,1095,17012.877,47256.000,true
current,2,positional_select_star,4,112889,244.381,880.000,true
current,2,raw_raw_expression,4,22447,949.000,1744.000,true
current,2,positional_dialect_Microsoft_SQL_Server,4,11728,1128.581,2032.000,true
current,2,named_naming_CAMEL_CASE,4,3676,3403.400,5168.000,true
current,2,raw_select_entity,4,39387,507.868,1304.000,true
current,2,named_between,4,17175,1274.550,2600.000,true
current,2,raw_insert_placeholders,4,26302,480.846,1208.000,true
current,2,mybatis_select_columns,4,35048,628.524,1216.000,true
current,2,positional_where_16,4,5798,3408.261,3648.000,true
current,2,positional_nested,4,25923,1298.322,1704.000,true
current,2,positional_dialect_MySQL,4,26670,1086.828,1848.000,true
current,2,raw_late_modifier,4,37227,522.760,1344.000,true
current,2,raw_delete,4,60581,273.663,912.000,true
current,2,positional_where_eq,4,29039,755.219,1592.000,true
current,2,named_select_entity,4,41337,692.692,1304.000,true
current,2,named_pagination,4,22790,1450.145,2384.000,true
current,2,positional_pagination,4,29856,751.581,1824.000,true
current,2,positional_union_builder,4,8761,2249.595,3920.000,true
current,2,raw_in_expression,4,4169,4420.916,3712.000,true
current,2,raw_in_1024,4,1254,12908.692,6328.000,true
current,2,raw_select_expressions,4,14627,1551.767,1936.000,true
current,2,named_group_order,4,11381,1804.604,3936.000,true
current,2,positional_where_128,4,971,21297.116,20712.000,true
current,2,mybatis_naming_SCREAMING_SNAKE_CASE,4,4931,4195.315,5352.000,true
current,2,raw_subquery_raw,4,44411,450.645,1344.000,true
current,2,positional_between,4,29444,731.331,1736.000,true
current,2,named_naming_NO_CHANGE,4,6070,2854.942,5168.000,true
current,2,named_condition_only,4,6007,3778.175,6384.000,true
current,2,positional_naming_SCREAMING_SNAKE_CASE,4,6264,3041.411,3664.000,true
current,2,raw_join_using,4,26622,701.927,1664.000,true
current,2,positional_late_modifier,4,42884,530.839,1432.000,true
current,2,named_where_eq,4,27272,710.348,1976.000,true
current,2,positional_mixed_literals,4,23788,838.116,1696.000,true
current,2,raw_between,4,17535,677.177,1648.000,true
current,2,raw_batch_4,4,9107,1414.692,3304.000,true
current,2,raw_naming_SCREAMING_SNAKE_CASE,4,5816,3019.464,3288.000,true
current,2,positional_in_expression,4,7138,3255.422,7536.000,true
current,2,positional_insert_entity,4,43115,527.693,1192.000,true
current,2,positional_in_256,4,11119,2133.429,6208.000,true
current,2,raw_batch_64,4,1522,11959.133,30184.000,true
current,2,mybatis_naming_NO_CHANGE,4,6474,2813.917,3568.000,true
current,2,positional_condition_only,4,8551,2422.266,3104.000,true
current,2,raw_update_chain_16,4,3723,4668.171,13856.000,true
current,2,positional_naming_KEBAB_CASE,4,6466,3008.398,3648.000,true
current,2,positional_update_map,4,29681,826.620,1872.000,true
current,2,mybatis_in_16,4,12852,1507.197,4048.000,true
current,2,named_update_map,4,18668,1160.847,2976.000,true
current,2,positional_update_chain_16,5,4268,4758.060,14560.000,true
current,2,named_update_chain_16,5,2358,9683.206,24072.000,true
current,2,positional_subquery_structured,5,18827,1133.962,2856.000,true
current,2,named_pagination,5,22790,1003.870,2384.000,true
current,2,positional_mixed_literals,5,23788,891.664,1696.000,true
current,2,raw_repeated_names,5,908,11824.890,14152.000,true
current,2,raw_union_builder,5,7860,2137.595,3704.000,true
current,2,raw_raw_expression,5,22447,2110.041,1744.000,true
current,2,positional_select_columns,5,34325,639.688,1216.000,true
current,2,mybatis_join_using,5,27107,843.207,1976.000,true
current,2,mybatis_repeated_names,5,1087,23656.118,30536.000,true
current,2,named_subquery_raw,5,46986,530.164,1344.000,true
current,2,positional_nested,5,25923,1118.767,1704.000,true
current,2,mybatis_between,5,16795,1627.234,2344.000,true
current,2,raw_where_eq,5,33169,719.892,1504.000,true
current,2,named_in_1024,5,234,91993.162,278560.000,true
current,2,positional_derived,5,6246,3506.676,5480.000,true
current,2,raw_in_1024,5,1254,13317.305,6328.000,true
current,2,named_between,5,17175,1176.320,2600.000,true
current,2,raw_naming_NO_CHANGE,5,4931,1981.322,1504.000,true
current,2,positional_subquery_raw,5,44142,503.018,1344.000,true
current,2,raw_between,5,17535,734.845,1648.000,true
current,2,positional_select_star,5,112889,223.781,880.000,true
current,2,mybatis_in_256,5,1095,18943.470,47256.000,true
current,2,named_dialect_DB2,5,20187,1054.694,2584.000,true
current,2,named_mixed_literals,5,19478,1017.594,2416.000,true
current,2,positional_in_16,5,27554,726.156,1728.000,true
current,2,named_insert_entity,5,27356,749.554,1904.000,true
current,2,mybatis_insert_values,5,27445,823.676,1840.000,true
current,2,positional_naming_CAMEL_CASE,5,8898,2258.148,1880.000,true
current,2,raw_insert_placeholders,5,26302,464.767,1208.000,true
current,2,positional_in_17,5,38700,589.855,1680.000,true
current,2,raw_nested,5,13954,791.035,1616.000,true
current,2,positional_update_map,5,29681,729.426,1872.000,true
current,2,named_naming_CAMEL_CASE,5,3676,3243.770,5168.000,true
current,2,named_insert_placeholders,5,30549,724.194,1952.000,true
current,2,raw_union_raw,5,18613,1017.934,1472.000,true
current,2,positional_dialect_MySQL,5,26670,795.381,1848.000,true
current,2,raw_batch_64,5,1522,11488.568,30184.000,true
current,2,named_in_16,5,13079,1785.175,5520.000,true
current,2,mybatis_naming_SCREAMING_SNAKE_CASE,5,4931,4011.580,5352.000,true
current,2,raw_where_128,5,762,22683.465,17776.000,true
current,2,mybatis_batch_64,5,1053,19399.050,52248.000,true
current,2,mybatis_insert_placeholders,5,31843,692.752,1616.000,true
current,2,named_batch_64,5,888,23454.167,70312.000,true
current,2,named_retry_rollback,5,5896,3483.836,5304.000,true
current,2,positional_union_raw,5,21831,1052.219,1472.000,true
current,2,raw_in_17,5,27517,640.306,1352.000,true
current,2,raw_naming_KEBAB_CASE,5,5721,3073.798,3272.000,true
current,2,raw_mixed_literals,5,15162,1156.351,1864.000,true
current,2,raw_in_expression,5,4169,6639.554,3712.000,true
current,2,named_batch_4,5,10110,2825.678,5616.000,true
current,2,mybatis_naming_CAMEL_CASE,5,6344,5855.627,3568.000,true
current,2,positional_batch_64,5,2315,10667.603,23448.000,true
current,2,mybatis_select_star,5,100371,320.178,880.000,true
current,2,named_dialect_Oracle,5,20460,1253.113,2584.000,true
current,2,named_insert_values,5,26454,1136.138,2176.000,true
current,2,positional_naming_NO_CHANGE,5,9888,2461.903,1880.000,true
current,2,positional_join_using,5,32416,858.847,1752.000,true
current,2,raw_join_using,5,26622,774.615,1664.000,true
current,2,named_select_star,5,87669,232.409,880.000,true
current,2,named_in_256,5,967,35769.183,71352.000,true
current,2,positional_in_expression,5,7138,5742.393,7536.000,true
current,2,raw_group_order,5,14526,2873.902,2952.000,true
current,2,named_select_expressions,5,15258,2201.095,1936.000,true
current,2,raw_condition_only,5,4805,4286.660,2720.000,true
current,2,raw_retry_rollback,5,6011,3870.754,3976.000,true
current,2,mybatis_condition_only,5,6014,4690.173,4784.000,true
current,2,mybatis_pagination,5,22336,1075.716,2152.000,true
current,2,positional_where_eq,5,29039,1259.486,1592.000,true
current,2,positional_raw_expression,5,12906,1092.081,1744.000,true
current,2,named_raw_expression,5,22970,1078.106,1744.000,true
current,2,mybatis_derived,5,5470,4246.435,7208.000,true
current,2,named_update_map,5,18668,1338.837,2976.000,true
current,2,named_join_using,5,28347,879.179,2136.000,true
current,2,positional_join_on,5,18385,1169.763,2424.000,true
current,2,named_naming_UPPER_CAMEL_CASE,5,4628,4851.966,6664.000,true
current,2,mybatis_nested,5,21180,969.542,2024.000,true
current,2,positional_batch_beans,5,7597,2749.954,6984.000,true
current,2,mybatis_select_expressions,5,15399,1424.287,1936.000,true
current,2,positional_retry_rollback,5,7162,3690.380,3864.000,true
current,2,positional_between,5,29444,784.887,1736.000,true
current,2,positional_dialect_Oracle,5,23632,892.832,2032.000,true
current,2,named_batch_beans,5,3453,6587.837,18616.000,true
current,2,named_delete,5,50462,530.837,1384.000,true
current,2,mybatis_in_16,5,12852,1595.604,4048.000,true
current,2,mybatis_union_builder,5,4365,4736.243,6768.000,true
current,2,mybatis_subquery_raw,5,46325,582.487,1344.000,true
current,2,raw_join_on,5,10048,1373.736,2336.000,true
current,2,raw_naming_CAMEL_CASE,5,7587,2582.180,1504.000,true
current,2,positional_pagination,5,29856,786.495,1824.000,true
current,2,positional_naming_SCREAMING_SNAKE_CASE,5,6264,3410.345,3664.000,true
current,2,mybatis_where_eq,5,28625,830.735,1816.000,true
current,2,named_union_builder,5,4433,5376.337,6792.000,true
current,2,named_dialect_Microsoft_SQL_Server,5,13769,1416.915,2584.000,true
current,2,mybatis_retry_rollback,5,7189,3886.785,4784.000,true
current,2,named_group_order,5,11381,2053.124,3936.000,true
current,2,mybatis_naming_KEBAB_CASE,5,4756,4630.677,5336.000,true
current,2,custom_handler_union,5,3832,4972.469,7248.000,true
current,2,mybatis_late_modifier,5,38367,758.206,1656.000,true
current,2,raw_late_modifier,5,37227,530.505,1344.000,true
current,2,positional_union_builder,5,8761,2917.384,3920.000,true
current,2,named_union_raw,5,21176,1244.111,1472.000,true
current,2,positional_repeated_names,5,1866,12540.729,17240.000,true
current,2,mybatis_mixed_literals,5,19690,1035.780,2080.000,true
current,2,raw_in_256,5,5145,4114.422,2464.000,true
current,2,positional_condition_only,5,8551,3554.368,3104.000,true
current,2,mybatis_join_on,5,16846,2040.235,2648.000,true
current,2,mybatis_union_raw,5,19609,1277.597,1472.000,true
current,2,raw_update_chain_16,5,3723,7729.412,13856.000,true
current,2,mybatis_insert_entity,5,27856,960.073,1568.000,true
current,2,raw_subquery_raw,5,44411,491.957,1344.000,true
current,2,positional_naming_UPPER_CAMEL_CASE,5,6015,3434.580,3376.000,true
current,2,named_select_columns,5,27625,597.506,1216.000,true
current,2,raw_update_map,5,23233,939.375,1960.000,true
current,2,positional_batch_4,5,4184,1197.228,2840.000,true
current,2,positional_insert_values,5,38766,649.518,1464.000,true
current,2,positional_insert_entity,5,43115,592.696,1192.000,true
current,2,named_join_on,5,18200,1292.692,2808.000,true
current,2,mybatis_row_in,5,20683,1076.372,2272.000,true
current,2,mybatis_select_columns,5,35048,595.580,1216.000,true
current,2,named_select_entity,5,41337,563.485,1304.000,true
current,2,raw_naming_UPPER_CAMEL_CASE,5,4296,3412.593,3000.000,true
current,2,raw_insert_values,5,15505,669.023,1536.000,true
current,2,positional_insert_placeholders,5,48064,503.795,1208.000,true
current,2,named_in_expression,5,896,23336.719,72456.000,true
current,2,named_derived,5,5329,4390.749,7256.000,true
current,2,raw_select_expressions,5,14627,1423.826,1936.000,true
current,2,named_in_17,5,12137,2140.010,5736.000,true
current,2,mybatis_select_entity,5,39658,536.774,1304.000,true
current,2,raw_pagination,5,18336,815.483,1712.000,true
current,2,named_where_16,5,4851,4272.336,6936.000,true
current,2,raw_in_16,5,28181,685.991,1344.000,true
current,2,mybatis_naming_NO_CHANGE,5,6474,3370.188,3568.000,true
current,2,positional_late_modifier,5,42884,563.175,1432.000,true
current,2,mybatis_update_map,5,12890,1373.274,2512.000,true
current,2,positional_dialect_PostgreSQL,5,23802,1037.320,1848.000,true
current,2,named_nested,5,19403,1139.009,2256.000,true
current,2,mybatis_where_16,5,5415,4352.853,5336.000,true
current,2,custom_handler_where,5,4989,4469.573,6968.000,true
current,2,named_where_128,5,634,41509.464,47920.000,true
current,2,named_naming_NO_CHANGE,5,6070,3253.245,5168.000,true
current,2,raw_select_columns,5,32700,576.829,1216.000,true
current,2,raw_delete,5,60581,273.705,912.000,true
current,2,named_where_eq,5,27272,788.167,1976.000,true
current,2,mybatis_delete,5,66073,360.544,1232.000,true
current,2,raw_select_entity,5,39387,680.915,1304.000,true
current,2,positional_select_expressions,5,12867,2253.175,1936.000,true
current,2,named_naming_KEBAB_CASE,5,4923,4542.596,6936.000,true
current,2,mybatis_subquery_structured,5,15291,1913.590,3312.000,true
current,2,named_dialect_PostgreSQL,5,10561,1048.499,2408.000,true
current,2,positional_in_1024,5,3972,6153.751,20800.000,true
current,2,positional_row_in,5,31418,707.935,1608.000,true
current,2,named_naming_SCREAMING_SNAKE_CASE,5,4901,4344.011,6952.000,true
current,2,named_subquery_structured,5,15300,2639.203,3568.000,true
current,2,mybatis_in_1024,5,261,123603.448,182240.000,true
current,2,mybatis_batch_beans,5,3581,6109.411,14120.000,true
current,2,raw_naming_SCREAMING_SNAKE_CASE,5,5816,3541.730,3288.000,true
current,2,positional_where_128,5,971,23689.804,20712.000,true
current,2,positional_dialect_Microsoft_SQL_Server,5,11728,1021.265,2032.000,true
current,2,positional_group_order,5,13971,1580.567,3112.000,true
current,2,mybatis_in_17,5,9514,1474.522,4192.000,true
current,2,mybatis_in_expression,5,1107,19670.099,48432.000,true
current,2,positional_delete,5,72435,290.408,1000.000,true
current,2,raw_derived,5,6292,3358.551,5216.000,true
current,2,raw_insert_entity,5,12378,547.714,1264.000,true
current,2,raw_batch_4,5,9107,1431.492,3304.000,true
current,2,mybatis_where_128,5,728,29431.181,34848.000,true
current,2,mybatis_batch_4,5,10104,1975.881,4536.000,true
current,2,mybatis_group_order,5,11555,1818.996,3608.000,true
current,2,named_row_in,5,20402,1063.636,2680.000,true
current,2,named_dialect_MySQL,5,17419,1004.346,2408.000,true
current,2,named_late_modifier,5,36688,623.904,1816.000,true
current,2,raw_row_in,5,8247,790.033,1608.000,true
current,2,positional_select_entity,5,40527,536.899,1304.000,true
current,2,named_repeated_names,5,1065,21286.948,42584.000,true
current,2,mybatis_update_chain_16,5,2640,9218.523,21304.000,true
current,2,mybatis_naming_UPPER_CAMEL_CASE,5,4383,4609.856,5064.000,true
current,2,mybatis_raw_expression,5,23464,903.848,1744.000,true
current,2,named_condition_only,5,6007,3788.414,6384.000,true
current,2,positional_naming_KEBAB_CASE,5,6466,3651.361,3648.000,true
current,2,positional_dialect_DB2,5,25552,972.707,2032.000,true
current,2,raw_subquery_structured,5,18813,1035.592,2720.000,true
current,2,positional_in_256,5,11119,2575.160,6208.000,true
current,2,raw_where_16,5,6619,5656.383,3272.000,true
current,2,raw_select_star,5,79895,254.313,880.000,true
current,2,raw_batch_beans,5,2921,6350.736,8808.000,true
current,2,positional_where_16,5,5798,3680.390,3648.000,true
current,2,raw_in_expression,6,4169,5534.733,3712.000,true
current,2,raw_insert_values,6,15505,973.260,1536.000,true
current,2,positional_delete,6,72435,368.250,1000.000,true
current,2,mybatis_in_256,6,1095,23507.123,47256.000,true
current,2,named_mixed_literals,6,19478,1327.621,2416.000,true
current,2,positional_dialect_MySQL,6,26670,1203.472,1848.000,true
current,2,mybatis_union_builder,6,4365,6856.999,6768.000,true
current,2,positional_in_1024,6,3972,8820.670,20800.000,true
current,2,named_batch_64,6,888,27569.707,70312.000,true
current,2,named_delete,6,50462,392.321,1384.000,true
current,2,positional_batch_beans,6,7597,4399.539,6984.000,true
current,2,positional_dialect_DB2,6,25552,1111.682,2032.000,true
current,2,positional_subquery_raw,6,44142,834.072,1344.000,true
current,2,raw_delete,6,60581,571.471,912.000,true
current,2,mybatis_row_in,6,20683,1930.411,2272.000,true
current,2,mybatis_naming_SCREAMING_SNAKE_CASE,6,4931,6142.851,5352.000,true
current,2,named_naming_UPPER_CAMEL_CASE,6,4628,7235.761,6664.000,true
current,2,raw_naming_KEBAB_CASE,6,5721,3308.827,3272.000,true
current,2,named_select_columns,6,27625,584.872,1216.000,true
current,2,positional_in_17,6,38700,656.212,1680.000,true
current,2,raw_in_17,6,27517,709.431,1352.000,true
current,2,named_in_expression,6,896,21623.326,72456.000,true
current,2,mybatis_insert_entity,6,27856,765.045,1568.000,true
current,2,named_dialect_PostgreSQL,6,10561,1136.815,2408.000,true
current,2,named_where_16,6,4851,4559.781,6936.000,true
current,2,raw_union_builder,6,7860,2260.573,3704.000,true
current,2,mybatis_insert_placeholders,6,31843,742.694,1616.000,true
current,2,positional_in_16,6,27554,651.354,1728.000,true
current,2,positional_select_entity,6,40527,522.170,1304.000,true
current,2,named_between,6,17175,1167.295,2600.000,true
current,2,positional_mixed_literals,6,23788,847.389,1696.000,true
current,2,positional_between,6,29444,823.597,1736.000,true
current,2,positional_select_expressions,6,12867,1564.763,1936.000,true
current,2,raw_naming_SCREAMING_SNAKE_CASE,6,5816,3335.935,3288.000,true
current,2,positional_late_modifier,6,42884,519.117,1432.000,true
current,2,mybatis_join_on,6,16846,1242.491,2648.000,true
current,2,mybatis_delete,6,66073,359.359,1232.000,true
current,2,named_in_16,6,13079,1869.386,5520.000,true
current,2,raw_join_using,6,26622,712.035,1664.000,true
current,2,mybatis_join_using,6,27107,812.613,1976.000,true
current,2,named_naming_CAMEL_CASE,6,3676,8360.147,5168.000,true
current,2,positional_naming_CAMEL_CASE,6,8898,2722.578,1880.000,true
current,2,positional_join_on,6,18385,1300.397,2424.000,true
current,2,raw_repeated_names,6,908,12388.216,14152.000,true
current,2,named_where_128,6,634,31990.221,47920.000,true
current,2,raw_condition_only,6,4805,2729.886,2720.000,true
current,2,raw_subquery_raw,6,44411,471.284,1344.000,true
current,2,raw_where_16,6,6619,4041.472,3272.000,true
current,2,raw_batch_64,6,1522,13068.331,30184.000,true
current,2,positional_insert_placeholders,6,48064,656.000,1208.000,true
current,2,raw_union_raw,6,18613,1274.281,1472.000,true
current,2,mybatis_where_128,6,728,32133.516,34848.000,true
current,2,named_insert_placeholders,6,30549,779.577,1952.000,true
current,2,raw_late_modifier,6,37227,555.248,1344.000,true
current,2,positional_dialect_Oracle,6,23632,910.388,2032.000,true
current,2,mybatis_select_expressions,6,15399,1450.549,1936.000,true
current,2,mybatis_select_columns,6,35048,599.466,1216.000,true
current,2,named_dialect_Oracle,6,20460,1763.280,2584.000,true
current,2,mybatis_in_16,6,12852,1552.062,4048.000,true
current,2,named_repeated_names,6,1065,19614.178,42584.000,true
current,2,raw_retry_rollback,6,6011,4046.531,3976.000,true
current,2,mybatis_union_raw,6,19609,1738.498,1472.000,true
current,2,raw_where_128,6,762,33024.409,17776.000,true
current,2,named_batch_4,6,10110,2281.474,5616.000,true
current,2,mybatis_naming_CAMEL_CASE,6,6344,3259.206,3568.000,true
current,2,mybatis_batch_4,6,10104,2188.183,4536.000,true
current,2,named_dialect_DB2,6,20187,1104.721,2584.000,true
current,2,mybatis_repeated_names,6,1087,18925.943,30536.000,true
current,2,raw_select_expressions,6,14627,2204.751,1936.000,true
current,2,mybatis_batch_beans,6,3581,5754.342,14120.000,true
current,2,named_row_in,6,20402,1313.352,2680.000,true
current,2,mybatis_nested,6,21180,1251.780,2024.000,true
current,2,raw_batch_4,6,9107,1570.451,3304.000,true
current,2,mybatis_late_modifier,6,38367,583.238,1656.000,true
current,2,raw_insert_placeholders,6,26302,1160.965,1208.000,true
current,2,positional_union_raw,6,21831,1357.331,1472.000,true
current,2,positional_batch_4,6,4184,1280.712,2840.000,true
current,2,named_union_builder,6,4433,4874.780,6792.000,true
current,2,positional_dialect_Microsoft_SQL_Server,6,11728,1061.289,2032.000,true
current,2,named_insert_entity,6,27356,800.439,1904.000,true
current,2,named_update_chain_16,6,2358,10736.090,24072.000,true
current,2,raw_update_chain_16,6,3723,4871.770,13856.000,true
current,2,mybatis_naming_NO_CHANGE,6,6474,2928.777,3568.000,true
current,2,positional_where_16,6,5798,3345.809,3648.000,true
current,2,positional_update_map,6,29681,895.448,1872.000,true
current,2,mybatis_update_chain_16,6,2640,9631.136,21304.000,true
current,2,named_naming_KEBAB_CASE,6,4923,5045.684,6936.000,true
current,2,mybatis_select_star,6,100371,253.623,880.000,true
current,2,mybatis_subquery_raw,6,46325,482.927,1344.000,true
current,2,mybatis_naming_UPPER_CAMEL_CASE,6,4383,4311.910,5064.000,true
current,2,mybatis_insert_values,6,27445,726.566,1840.000,true
current,2,named_union_raw,6,21176,1268.700,1472.000,true
current,2,mybatis_in_17,6,9514,1651.661,4192.000,true
current,2,positional_where_eq,6,29039,730.500,1592.000,true
current,2,mybatis_pagination,6,22336,1063.848,2152.000,true
current,2,named_late_modifier,6,36688,834.096,1816.000,true
current,2,positional_insert_values,6,38766,623.686,1464.000,true
current,2,positional_naming_NO_CHANGE,6,9888,2101.689,1880.000,true
current,2,positional_where_128,6,971,24993.718,20712.000,true
current,2,raw_mixed_literals,6,15162,1063.712,1864.000,true
current,2,named_dialect_MySQL,6,17419,1112.308,2408.000,true
current,2,raw_select_columns,6,32700,636.706,1216.000,true
current,2,positional_naming_UPPER_CAMEL_CASE,6,6015,3382.943,3376.000,true
current,2,raw_in_256,6,5145,3587.716,2464.000,true
current,2,named_naming_NO_CHANGE,6,6070,4362.867,5168.000,true
current,2,mybatis_naming_KEBAB_CASE,6,4756,4259.399,5336.000,true
current,2,raw_where_eq,6,33169,636.818,1504.000,true
current,2,raw_pagination,6,18336,653.463,1712.000,true
current,2,named_group_order,6,11381,2525.499,3936.000,true
current,2,mybatis_in_expression,6,1107,28275.248,48432.000,true
current,2,positional_repeated_names,6,1866,17686.549,17240.000,true
current,2,named_update_map,6,18668,1337.738,2976.000,true
current,2,named_subquery_structured,6,15300,1524.804,3568.000,true
current,2,raw_naming_CAMEL_CASE,6,7587,3740.675,1504.000,true
current,2,positional_nested,6,25923,1285.515,1704.000,true
current,2,positional_join_using,6,32416,896.159,1752.000,true
current,2,custom_handler_union,6,3832,6261.430,7248.000,true
current,2,positional_raw_expression,6,12906,1122.362,1744.000,true
current,2,raw_naming_UPPER_CAMEL_CASE,6,4296,4871.764,3000.000,true
current,2,named_raw_expression,6,22970,1202.965,1744.000,true
current,2,positional_select_star,6,112889,295.698,880.000,true
current,2,raw_update_map,6,23233,1220.071,1960.000,true
current,2,named_retry_rollback,6,5896,4410.109,5304.000,true
current,2,positional_row_in,6,31418,1142.288,1608.000,true
current,2,positional_derived,6,6246,4167.723,5480.000,true
current,2,positional_in_expression,6,7138,4873.998,7536.000,true
current,2,positional_condition_only,6,8551,2997.638,3104.000,true
current,2,named_in_17,6,12137,2077.812,5736.000,true
current,2,named_subquery_raw,6,46986,633.016,1344.000,true
current,2,raw_insert_entity,6,12378,753.530,1264.000,true
current,2,positional_subquery_structured,6,18827,1682.180,2856.000,true
current,2,mybatis_where_eq,6,28625,862.491,1816.000,true
current,2,positional_in_256,6,11119,2418.644,6208.000,true
current,2,positional_batch_64,6,2315,12063.672,23448.000,true
current,2,raw_derived,6,6292,4393.055,5216.000,true
current,2,mybatis_batch_64,6,1053,25583.286,52248.000,true
current,2,mybatis_mixed_literals,6,19690,1183.809,2080.000,true
current,2,raw_between,6,17535,723.678,1648.000,true
current,2,named_insert_values,6,26454,843.698,2176.000,true
current,2,named_condition_only,6,6007,3565.174,6384.000,true
current,2,raw_raw_expression,6,22447,931.920,1744.000,true
current,2,named_select_entity,6,41337,485.887,1304.000,true
current,2,named_join_using,6,28347,872.516,2136.000,true
current,2,positional_dialect_PostgreSQL,6,23802,819.961,1848.000,true
current,2,named_where_eq,6,27272,773.669,1976.000,true
current,2,raw_subquery_structured,6,18813,1052.405,2720.000,true
current,2,custom_handler_where,6,4989,4012.948,6968.000,true
current,2,positional_naming_KEBAB_CASE,6,6466,3088.401,3648.000,true
current,2,positional_union_builder,6,8761,2025.716,3920.000,true
current,2,named_derived,6,5329,4459.636,7256.000,true
current,2,mybatis_select_entity,6,39658,817.795,1304.000,true
current,2,named_batch_beans,6,3453,8735.390,18616.000,true
current,2,positional_select_columns,6,34325,848.880,1216.000,true
current,2,named_in_1024,6,234,131853.846,278560.000,true
current,2,named_nested,6,19403,1148.513,2256.000,true
current,2,raw_in_16,6,28181,657.074,1344.000,true
current,2,raw_row_in,6,8247,716.188,1608.000,true
current,2,positional_retry_rollback,6,7162,2602.779,3864.000,true
current,2,mybatis_derived,6,5470,4349.781,7208.000,true
current,2,positional_pagination,6,29856,706.093,1824.000,true
current,2,mybatis_condition_only,6,6014,3409.079,4784.000,true
current,2,positional_group_order,6,13971,1612.490,3112.000,true
current,2,mybatis_between,6,16795,1154.308,2344.000,true
current,2,named_in_256,6,967,22244.261,71352.000,true
current,2,raw_naming_NO_CHANGE,6,4931,2188.461,1504.000,true
current,2,named_pagination,6,22790,1004.796,2384.000,true
current,2,named_dialect_Microsoft_SQL_Server,6,13769,1301.837,2584.000,true
current,2,raw_select_star,6,79895,218.738,880.000,true
current,2,mybatis_in_1024,6,261,81819.157,182240.000,true
current,2,mybatis_retry_rollback,6,7189,3143.831,4784.000,true
current,2,mybatis_update_map,6,12890,1098.254,2512.000,true
current,2,raw_batch_beans,6,2921,3773.845,8808.000,true
current,2,positional_naming_SCREAMING_SNAKE_CASE,6,6264,3084.579,3664.000,true
current,2,mybatis_subquery_structured,6,15291,1507.037,3312.000,true
current,2,raw_select_entity,6,39387,500.015,1304.000,true
current,2,mybatis_raw_expression,6,23464,1097.119,1744.000,true
current,2,mybatis_group_order,6,11555,1669.156,3608.000,true
current,2,mybatis_where_16,6,5415,3923.398,5336.000,true
current,2,raw_in_1024,6,1254,13345.534,6328.000,true
current,2,raw_join_on,6,10048,1037.878,2336.000,true
current,2,named_select_expressions,6,15258,1393.879,1936.000,true
current,2,positional_insert_entity,6,43115,569.208,1192.000,true
current,2,raw_group_order,6,14526,1596.998,2952.000,true
current,2,named_join_on,6,18200,1242.060,2808.000,true
current,2,raw_nested,6,13954,915.802,1616.000,true
current,2,named_select_star,6,87669,285.206,880.000,true
current,2,named_naming_SCREAMING_SNAKE_CASE,6,4901,4048.868,6952.000,true
current,2,positional_update_chain_16,6,4268,8722.352,14560.000,true
current,2,mybatis_where_eq,7,28625,832.695,1816.000,true
current,2,raw_in_256,7,5145,3910.845,2464.000,true
current,2,mybatis_nested,7,21180,952.195,2024.000,true
current,2,mybatis_union_builder,7,4365,4019.496,6768.000,true
current,2,mybatis_batch_4,7,10104,1740.241,4536.000,true
current,2,raw_naming_SCREAMING_SNAKE_CASE,7,5816,2877.218,3288.000,true
current,2,positional_naming_NO_CHANGE,7,9888,1963.157,1880.000,true
current,2,named_in_17,7,12137,1698.245,5736.000,true
current,2,raw_select_expressions,7,14627,1488.986,1936.000,true
current,2,named_in_expression,7,896,22376.339,72456.000,true
current,2,positional_delete,7,72435,287.459,1000.000,true
current,2,positional_raw_expression,7,12906,897.180,1744.000,true
current,2,raw_join_on,7,10048,1066.561,2336.000,true
current,2,named_in_16,7,13079,1679.287,5520.000,true
current,2,mybatis_subquery_raw,7,46325,474.610,1344.000,true
current,2,raw_delete,7,60581,257.884,912.000,true
current,2,named_in_1024,7,234,88347.863,278560.000,true
current,2,raw_between,7,17535,755.900,1648.000,true
current,2,mybatis_retry_rollback,7,7189,3164.293,4784.000,true
current,2,positional_insert_values,7,38766,588.779,1464.000,true
current,2,positional_derived,7,6246,4644.156,5480.000,true
current,2,mybatis_row_in,7,20683,1418.455,2272.000,true
current,2,named_mixed_literals,7,19478,1487.386,2416.000,true
current,2,named_dialect_Oracle,7,20460,1076.476,2584.000,true
current,2,mybatis_group_order,7,11555,1948.343,3608.000,true
current,2,raw_repeated_names,7,908,11768.172,14152.000,true
current,2,mybatis_naming_CAMEL_CASE,7,6344,3333.890,3568.000,true
current,2,named_union_builder,7,4433,4630.679,6792.000,true
current,2,positional_where_16,7,5798,2968.420,3648.000,true
current,2,mybatis_select_columns,7,35048,570.763,1216.000,true
current,2,named_naming_KEBAB_CASE,7,4923,4404.814,6936.000,true
current,2,positional_dialect_PostgreSQL,7,23802,831.863,1848.000,true
current,2,positional_condition_only,7,8551,2793.942,3104.000,true
current,2,raw_subquery_raw,7,44411,481.385,1344.000,true
current,2,named_row_in,7,20402,1011.126,2680.000,true
current,2,positional_insert_entity,7,43115,523.980,1192.000,true
current,2,positional_row_in,7,31418,1120.205,1608.000,true
current,2,mybatis_where_16,7,5415,6549.529,5336.000,true
current,2,raw_naming_CAMEL_CASE,7,7587,2791.393,1504.000,true
current,2,positional_in_1024,7,3972,7040.358,20800.000,true
current,2,named_select_columns,7,27625,681.915,1216.000,true
current,2,raw_in_1024,7,1254,14884.131,6328.000,true
current,2,raw_union_builder,7,7860,2459.975,3704.000,true
current,2,mybatis_in_256,7,1095,21467.580,47256.000,true
current,2,positional_select_columns,7,34325,645.072,1216.000,true
current,2,raw_in_17,7,27517,734.230,1352.000,true
current,2,named_naming_SCREAMING_SNAKE_CASE,7,4901,4656.764,6952.000,true
current,2,raw_batch_4,7,9107,1942.012,3304.000,true
current,2,named_insert_placeholders,7,30549,777.220,1952.000,true
current,2,positional_where_128,7,971,25079.094,20712.000,true
current,2,positional_select_expressions,7,12867,1675.690,1936.000,true
current,2,named_select_star,7,87669,278.138,880.000,true
current,2,named_update_chain_16,7,2358,11119.593,24072.000,true
current,2,named_naming_CAMEL_CASE,7,3676,4392.029,5168.000,true
current,2,mybatis_select_entity,7,39658,561.518,1304.000,true
current,2,positional_naming_UPPER_CAMEL_CASE,7,6015,3854.148,3376.000,true
current,2,positional_naming_SCREAMING_SNAKE_CASE,7,6264,3314.831,3664.000,true
current,2,named_join_using,7,28347,947.243,2136.000,true
current,2,mybatis_insert_placeholders,7,31843,841.824,1616.000,true
current,2,mybatis_naming_NO_CHANGE,7,6474,4289.280,3568.000,true
current,2,mybatis_naming_KEBAB_CASE,7,4756,5312.027,5336.000,true
current,2,raw_mixed_literals,7,15162,1517.016,1864.000,true
current,2,raw_naming_NO_CHANGE,7,4931,2076.070,1504.000,true
current,2,named_dialect_MySQL,7,17419,1046.926,2408.000,true
current,2,raw_retry_rollback,7,6011,2957.561,3976.000,true
current,2,mybatis_in_expression,7,1107,19427.100,48432.000,true
current,2,raw_select_entity,7,39387,648.805,1304.000,true
current,2,mybatis_insert_values,7,27445,930.545,1840.000,true
current,2,raw_naming_KEBAB_CASE,7,5721,5232.180,3272.000,true
current,2,named_where_eq,7,27272,1221.531,1976.000,true
current,2,mybatis_join_on,7,16846,1446.201,2648.000,true
current,2,positional_batch_beans,7,7597,2887.508,6984.000,true
current,2,named_subquery_structured,7,15300,1597.209,3568.000,true
current,2,mybatis_naming_SCREAMING_SNAKE_CASE,7,4931,4362.503,5352.000,true
current,2,positional_select_entity,7,40527,728.273,1304.000,true
current,2,raw_late_modifier,7,37227,675.292,1344.000,true
current,2,raw_group_order,7,14526,1563.500,2952.000,true
current,2,named_insert_entity,7,27356,826.294,1904.000,true
current,2,mybatis_derived,7,5470,4145.137,7208.000,true
current,2,raw_insert_entity,7,12378,698.619,1264.000,true
current,2,named_union_raw,7,21176,1097.124,1472.000,true
current,2,raw_join_using,7,26622,703.561,1664.000,true
current,2,raw_select_star,7,79895,224.957,880.000,true
current,2,named_where_16,7,4851,4008.576,6936.000,true
current,2,mybatis_raw_expression,7,23464,907.301,1744.000,true
current,2,named_naming_UPPER_CAMEL_CASE,7,4628,4851.599,6664.000,true
current,2,positional_naming_CAMEL_CASE,7,8898,2230.310,1880.000,true
current,2,positional_dialect_DB2,7,25552,828.538,2032.000,true
current,2,raw_batch_64,7,1522,11328.252,30184.000,true
current,2,raw_where_16,7,6619,2960.991,3272.000,true
current,2,raw_pagination,7,18336,614.502,1712.000,true
current,2,positional_join_using,7,32416,727.866,1752.000,true
current,2,raw_update_chain_16,7,3723,4685.469,13856.000,true
current,2,mybatis_update_chain_16,7,2640,8378.030,21304.000,true
current,2,positional_in_17,7,38700,595.928,1680.000,true
current,2,named_select_entity,7,41337,514.583,1304.000,true
current,2,raw_batch_beans,7,2921,3444.574,8808.000,true
current,2,named_naming_NO_CHANGE,7,6070,3047.974,5168.000,true
current,2,positional_group_order,7,13971,1536.898,3112.000,true
current,2,named_join_on,7,18200,1170.143,2808.000,true
current,2,mybatis_between,7,16795,993.879,2344.000,true
current,2,named_dialect_DB2,7,20187,1026.279,2584.000,true
current,2,positional_dialect_Microsoft_SQL_Server,7,11728,996.947,2032.000,true
current,2,named_repeated_names,7,1065,21739.061,42584.000,true
current,2,mybatis_late_modifier,7,38367,811.724,1656.000,true
current,2,positional_union_raw,7,21831,1461.298,1472.000,true
current,2,named_between,7,17175,1185.491,2600.000,true
current,2,raw_update_map,7,23233,942.001,1960.000,true
current,2,positional_repeated_names,7,1866,12573.955,17240.000,true
current,2,mybatis_select_expressions,7,15399,1516.254,1936.000,true
current,2,positional_union_builder,7,8761,2296.838,3920.000,true
current,2,raw_nested,7,13954,908.686,1616.000,true
current,2,named_in_256,7,967,22564.323,71352.000,true
current,2,positional_between,7,29444,752.000,1736.000,true
current,2,positional_in_16,7,27554,708.108,1728.000,true
current,2,raw_select_columns,7,32700,605.391,1216.000,true
current,2,named_raw_expression,7,22970,1026.064,1744.000,true
current,2,raw_in_16,7,28181,636.943,1344.000,true
current,2,custom_handler_union,7,3832,7449.582,7248.000,true
current,2,raw_insert_values,7,15505,1184.502,1536.000,true
current,2,positional_dialect_MySQL,7,26670,1188.249,1848.000,true
current,2,custom_handler_where,7,4989,5583.985,6968.000,true
current,2,positional_insert_placeholders,7,48064,497.634,1208.000,true
current,2,mybatis_in_1024,7,261,88039.080,182240.000,true
current,2,named_nested,7,19403,1183.064,2256.000,true
current,2,raw_in_expression,7,4169,4560.350,3712.000,true
current,2,mybatis_union_raw,7,19609,1056.469,1472.000,true
current,2,positional_naming_KEBAB_CASE,7,6466,3457.918,3648.000,true
current,2,positional_update_chain_16,7,4268,4915.183,14560.000,true
current,2,named_batch_4,7,10110,2266.677,5616.000,true
current,2,positional_subquery_raw,7,44142,523.558,1344.000,true
current,2,named_condition_only,7,6007,3916.847,6384.000,true
current,2,mybatis_repeated_names,7,1087,20845.814,30536.000,true
current,2,raw_where_128,7,762,23327.165,17776.000,true
current,2,positional_batch_4,7,4184,1208.031,2840.000,true
current,2,named_derived,7,5329,5146.331,7256.000,true
current,2,mybatis_in_16,7,12852,1539.659,4048.000,true
current,2,raw_derived,7,6292,3490.099,5216.000,true
current,2,raw_condition_only,7,4805,2527.825,2720.000,true
current,2,positional_update_map,7,29681,783.734,1872.000,true
current,2,named_delete,7,50462,364.437,1384.000,true
current,2,positional_retry_rollback,7,7162,2625.663,3864.000,true
current,2,positional_batch_64,7,2315,9455.464,23448.000,true
current,2,positional_select_star,7,112889,230.648,880.000,true
current,2,named_dialect_Microsoft_SQL_Server,7,13769,1342.095,2584.000,true
current,2,raw_subquery_structured,7,18813,2173.029,2720.000,true
current,2,mybatis_update_map,7,12890,1683.949,2512.000,true
current,2,mybatis_condition_only,7,6014,5277.320,4784.000,true
current,2,positional_subquery_structured,7,18827,1491.608,2856.000,true
current,2,raw_naming_UPPER_CAMEL_CASE,7,4296,4558.194,3000.000,true
current,2,mybatis_join_using,7,27107,1090.364,1976.000,true
current,2,named_subquery_raw,7,46986,586.949,1344.000,true
current,2,named_dialect_PostgreSQL,7,10561,1298.779,2408.000,true
current,2,positional_dialect_Oracle,7,23632,1022.385,2032.000,true
current,2,named_batch_64,7,888,29645.721,70312.000,true
current,2,positional_pagination,7,29856,1045.760,1824.000,true
current,2,named_late_modifier,7,36688,1049.204,1816.000,true
current,2,mybatis_mixed_literals,7,19690,1464.911,2080.000,true
current,2,positional_in_256,7,11119,2982.426,6208.000,true
current,2,positional_join_on,7,18385,1625.956,2424.000,true
current,2,positional_nested,7,25923,1627.586,1704.000,true
current,2,named_where_128,7,634,39428.233,47920.000,true
current,2,raw_insert_placeholders,7,26302,688.111,1208.000,true
current,2,named_retry_rollback,7,5896,6790.299,5304.000,true
current,2,mybatis_delete,7,66073,694.677,1232.000,true
current,2,mybatis_subquery_structured,7,15291,2204.957,3312.000,true
current,2,named_select_expressions,7,15258,2165.487,1936.000,true
current,2,mybatis_pagination,7,22336,1233.309,2152.000,true
current,2,mybatis_in_17,7,9514,2288.238,4192.000,true
current,2,positional_where_eq,7,29039,946.227,1592.000,true
current,2,positional_in_expression,7,7138,4182.138,7536.000,true
current,2,raw_union_raw,7,18613,1305.867,1472.000,true
current,2,positional_mixed_literals,7,23788,885.535,1696.000,true
current,2,mybatis_naming_UPPER_CAMEL_CASE,7,4383,4703.970,5064.000,true
current,2,mybatis_insert_entity,7,27856,739.514,1568.000,true
current,2,named_pagination,7,22790,1012.431,2384.000,true
current,2,mybatis_where_128,7,728,29097.940,34848.000,true
current,2,positional_late_modifier,7,42884,592.498,1432.000,true
current,2,mybatis_batch_64,7,1053,21912.061,52248.000,true
current,2,named_batch_beans,7,3453,6573.096,18616.000,true
current,2,named_group_order,7,11381,2009.525,3936.000,true
current,2,raw_where_eq,7,33169,668.501,1504.000,true
current,2,named_update_map,7,18668,1207.028,2976.000,true
current,2,named_insert_values,7,26454,845.347,2176.000,true
current,2,raw_row_in,7,8247,764.824,1608.000,true
current,2,mybatis_batch_beans,7,3581,5994.275,14120.000,true
current,2,raw_raw_expression,7,22447,987.597,1744.000,true
current,2,mybatis_select_star,7,100371,241.785,880.000,true
current,2,named_derived,8,5329,4396.810,7256.000,true
current,2,raw_union_builder,8,7860,3104.529,3704.000,true
current,2,named_union_builder,8,4433,5682.675,6792.000,true
current,2,raw_in_17,8,27517,698.630,1352.000,true
current,2,named_insert_placeholders,8,30549,951.010,1952.000,true
current,2,positional_in_1024,8,3972,7674.421,20800.000,true
current,2,mybatis_insert_values,8,27445,1026.457,1840.000,true
current,2,raw_in_expression,8,4169,5566.299,3712.000,true
current,2,positional_subquery_structured,8,18827,1286.588,2856.000,true
current,2,raw_naming_CAMEL_CASE,8,7587,2699.394,1504.000,true
current,2,mybatis_subquery_raw,8,46325,578.467,1344.000,true
current,2,positional_retry_rollback,8,7162,2953.491,3864.000,true
current,2,raw_subquery_structured,8,18813,1272.503,2720.000,true
current,2,raw_group_order,8,14526,1601.900,2952.000,true
current,2,positional_dialect_DB2,8,25552,914.958,2032.000,true
current,2,raw_late_modifier,8,37227,500.897,1344.000,true
current,2,mybatis_nested,8,21180,1125.996,2024.000,true
current,2,named_update_chain_16,8,2358,11344.656,24072.000,true
current,2,positional_select_star,8,112889,241.478,880.000,true
current,2,positional_row_in,8,31418,991.998,1608.000,true
current,2,raw_raw_expression,8,22447,957.326,1744.000,true
current,2,raw_update_map,8,23233,1462.751,1960.000,true
current,2,raw_join_using,8,26622,1871.013,1664.000,true
current,2,mybatis_join_on,8,16846,1718.598,2648.000,true
current,2,positional_batch_64,8,2315,10506.955,23448.000,true
current,2,mybatis_in_16,8,12852,1915.990,4048.000,true
current,2,named_dialect_Oracle,8,20460,1499.570,2584.000,true
current,2,positional_nested,8,25923,1157.856,1704.000,true
current,2,named_row_in,8,20402,1232.159,2680.000,true
current,2,mybatis_batch_4,8,10104,2275.099,4536.000,true
current,2,raw_where_eq,8,33169,673.653,1504.000,true
current,2,named_in_17,8,12137,1930.584,5736.000,true
current,2,positional_delete,8,72435,297.715,1000.000,true
current,2,mybatis_naming_UPPER_CAMEL_CASE,8,4383,4647.890,5064.000,true
current,2,positional_insert_entity,8,43115,582.987,1192.000,true
current,2,mybatis_condition_only,8,6014,6471.117,4784.000,true
current,2,mybatis_repeated_names,8,1087,22480.497,30536.000,true
current,2,raw_update_chain_16,8,3723,5012.356,13856.000,true
current,2,custom_handler_union,8,3832,5398.826,7248.000,true
current,2,positional_dialect_MySQL,8,26670,824.057,1848.000,true
current,2,raw_mixed_literals,8,15162,1174.984,1864.000,true
current,2,named_naming_UPPER_CAMEL_CASE,8,4628,4818.042,6664.000,true
current,2,mybatis_join_using,8,27107,951.286,1976.000,true
current,2,named_in_16,8,13079,2123.893,5520.000,true
current,2,named_select_columns,8,27625,960.420,1216.000,true
current,2,named_naming_NO_CHANGE,8,6070,4108.880,5168.000,true
current,2,named_union_raw,8,21176,1291.358,1472.000,true
current,2,positional_derived,8,6246,4743.500,5480.000,true
current,2,raw_nested,8,13954,1225.441,1616.000,true
current,2,positional_in_16,8,27554,1062.332,1728.000,true
current,2,mybatis_subquery_structured,8,15291,1675.607,3312.000,true
current,2,mybatis_mixed_literals,8,19690,1969.314,2080.000,true
current,2,positional_join_on,8,18385,1895.643,2424.000,true
current,2,positional_dialect_Microsoft_SQL_Server,8,11728,1240.834,2032.000,true
current,2,raw_batch_beans,8,2921,4941.287,8808.000,true
current,2,named_join_using,8,28347,974.308,2136.000,true
current,2,raw_select_expressions,8,14627,1725.323,1936.000,true
current,2,positional_pagination,8,29856,918.844,1824.000,true
current,2,named_where_128,8,634,47354.732,47920.000,true
current,2,positional_dialect_PostgreSQL,8,23802,1088.568,1848.000,true
current,2,positional_update_chain_16,8,4268,5381.584,14560.000,true
current,2,raw_where_16,8,6619,3653.331,3272.000,true
current,2,mybatis_between,8,16795,1177.946,2344.000,true
current,2,mybatis_union_builder,8,4365,4511.317,6768.000,true
current,2,raw_between,8,17535,1315.210,1648.000,true
current,2,raw_insert_values,8,15505,1165.592,1536.000,true
current,2,positional_repeated_names,8,1866,16778.725,17240.000,true
current,2,named_repeated_names,8,1065,25804.883,42584.000,true
current,2,positional_in_expression,8,7138,3596.007,7536.000,true
current,2,named_mixed_literals,8,19478,2257.598,2416.000,true
current,2,raw_derived,8,6292,4305.865,5216.000,true
current,2,positional_join_using,8,32416,858.036,1752.000,true
current,2,mybatis_in_17,8,9514,1947.004,4192.000,true
current,2,mybatis_raw_expression,8,23464,1189.226,1744.000,true
current,2,named_select_entity,8,41337,602.712,1304.000,true
current,2,positional_naming_NO_CHANGE,8,9888,2287.146,1880.000,true
current,2,named_in_1024,8,234,104992.735,278560.000,true
current,2,positional_late_modifier,8,42884,658.169,1432.000,true
current,2,positional_raw_expression,8,12906,1585.201,1744.000,true
current,2,raw_select_star,8,79895,404.284,880.000,true
current,2,named_naming_KEBAB_CASE,8,4923,6257.465,6936.000,true
current,2,named_in_expression,8,896,31533.705,72456.000,true
current,2,named_subquery_structured,8,15300,2310.065,3568.000,true
current,2,raw_insert_placeholders,8,26302,544.438,1208.000,true
current,2,raw_in_16,8,28181,838.544,1344.000,true
current,2,named_subquery_raw,8,46986,921.400,1344.000,true
current,2,named_where_16,8,4851,5117.852,6936.000,true
current,2,positional_in_256,8,11119,3320.155,6208.000,true
current,2,mybatis_naming_CAMEL_CASE,8,6344,4888.288,3568.000,true
current,2,mybatis_group_order,8,11555,2415.024,3608.000,true
current,2,mybatis_in_expression,8,1107,22412.647,48432.000,true
current,2,named_condition_only,8,6007,4388.563,6384.000,true
current,2,named_select_star,8,87669,278.364,880.000,true
current,2,positional_where_16,8,5798,3851.000,3648.000,true
current,2,raw_repeated_names,8,908,15124.449,14152.000,true
current,2,mybatis_union_raw,8,19609,1478.377,1472.000,true
current,2,named_retry_rollback,8,5896,4461.364,5304.000,true
current,2,named_where_eq,8,27272,829.444,1976.000,true
current,2,raw_row_in,8,8247,726.373,1608.000,true
current,2,raw_in_1024,8,1254,13485.327,6328.000,true
current,2,raw_condition_only,8,4805,2648.075,2720.000,true
current,2,positional_naming_CAMEL_CASE,8,8898,2515.048,1880.000,true
current,2,custom_handler_where,8,4989,4382.582,6968.000,true
current,2,positional_select_expressions,8,12867,1754.154,1936.000,true
current,2,named_dialect_DB2,8,20187,1722.886,2584.000,true
current,2,mybatis_derived,8,5470,4563.967,7208.000,true
current,2,raw_retry_rollback,8,6011,3325.903,3976.000,true
current,2,raw_select_entity,8,39387,796.491,1304.000,true
current,2,mybatis_late_modifier,8,38367,853.424,1656.000,true
current,2,positional_batch_beans,8,7597,3746.874,6984.000,true
current,2,raw_union_raw,8,18613,1140.074,1472.000,true
current,2,positional_union_raw,8,21831,1229.508,1472.000,true
current,2,mybatis_retry_rollback,8,7189,3374.892,4784.000,true
current,2,mybatis_insert_entity,8,27856,770.882,1568.000,true
current,2,mybatis_delete,8,66073,438.053,1232.000,true
current,2,raw_where_128,8,762,22636.483,17776.000,true
current,2,positional_naming_KEBAB_CASE,8,6466,3279.261,3648.000,true
current,2,named_naming_CAMEL_CASE,8,3676,3668.308,5168.000,true
current,2,mybatis_row_in,8,20683,1004.680,2272.000,true
current,2,positional_union_builder,8,8761,2378.587,3920.000,true
current,2,named_join_on,8,18200,1206.231,2808.000,true
current,2,positional_update_map,8,29681,748.984,1872.000,true
current,2,positional_batch_4,8,4184,1284.512,2840.000,true
current,2,raw_pagination,8,18336,719.813,1712.000,true
current,2,mybatis_naming_SCREAMING_SNAKE_CASE,8,4931,4117.968,5352.000,true
current,2,mybatis_where_eq,8,28625,776.332,1816.000,true
current,2,mybatis_insert_placeholders,8,31843,699.372,1616.000,true
current,2,raw_in_256,8,5145,3574.247,2464.000,true
current,2,named_late_modifier,8,36688,614.531,1816.000,true
current,2,raw_batch_64,8,1522,12070.105,30184.000,true
current,2,mybatis_select_entity,8,39658,659.968,1304.000,true
current,2,mybatis_naming_KEBAB_CASE,8,4756,4515.791,5336.000,true
current,2,named_batch_beans,8,3453,6843.672,18616.000,true
current,2,mybatis_in_256,8,1095,25685.205,47256.000,true
current,2,positional_select_columns,8,34325,1000.594,1216.000,true
current,2,named_nested,8,19403,1346.029,2256.000,true
current,2,named_update_map,8,18668,1954.468,2976.000,true
current,2,raw_select_columns,8,32700,780.905,1216.000,true
current,2,raw_naming_KEBAB_CASE,8,5721,3533.561,3272.000,true
current,2,mybatis_update_chain_16,8,2640,8828.788,21304.000,true
current,2,raw_naming_SCREAMING_SNAKE_CASE,8,5816,4696.406,3288.000,true
current,2,mybatis_in_1024,8,261,83872.797,182240.000,true
current,2,mybatis_select_columns,8,35048,667.074,1216.000,true
current,2,positional_subquery_raw,8,44142,529.704,1344.000,true
current,2,mybatis_select_star,8,100371,236.340,880.000,true
current,2,positional_in_17,8,38700,625.726,1680.000,true
current,2,mybatis_batch_64,8,1053,22204.843,52248.000,true
current,2,mybatis_pagination,8,22336,965.007,2152.000,true
current,2,positional_between,8,29444,826.793,1736.000,true
current,2,positional_insert_values,8,38766,634.381,1464.000,true
current,2,named_insert_values,8,26454,907.594,2176.000,true
current,2,mybatis_where_128,8,728,31033.242,34848.000,true
current,2,mybatis_where_16,8,5415,4186.519,5336.000,true
current,2,named_batch_4,8,10110,2951.444,5616.000,true
current,2,named_insert_entity,8,27356,1275.322,1904.000,true
current,2,positional_where_128,8,971,37374.871,20712.000,true
current,2,mybatis_naming_NO_CHANGE,8,6474,3545.243,3568.000,true
current,2,mybatis_update_map,8,12890,1204.003,2512.000,true
current,2,positional_naming_SCREAMING_SNAKE_CASE,8,6264,3385.904,3664.000,true
current,2,positional_naming_UPPER_CAMEL_CASE,8,6015,3571.904,3376.000,true
current,2,positional_dialect_Oracle,8,23632,838.977,2032.000,true
current,2,positional_where_eq,8,29039,697.307,1592.000,true
current,2,named_pagination,8,22790,1007.696,2384.000,true
current,2,named_in_256,8,967,21698.242,71352.000,true
current,2,raw_subquery_raw,8,44411,507.784,1344.000,true
current,2,raw_naming_UPPER_CAMEL_CASE,8,4296,3383.543,3000.000,true
current,2,raw_batch_4,8,9107,1414.483,3304.000,true
current,2,named_dialect_Microsoft_SQL_Server,8,13769,1733.873,2584.000,true
current,2,named_group_order,8,11381,2609.841,3936.000,true
current,2,named_naming_SCREAMING_SNAKE_CASE,8,4901,4980.677,6952.000,true
current,2,named_between,8,17175,1327.499,2600.000,true
current,2,raw_delete,8,60581,302.691,912.000,true
current,2,named_select_expressions,8,15258,1898.932,1936.000,true
current,2,positional_insert_placeholders,8,48064,541.482,1208.000,true
current,2,raw_insert_entity,8,12378,609.008,1264.000,true
current,2,named_dialect_MySQL,8,17419,1121.190,2408.000,true
current,2,positional_condition_only,8,8551,3129.973,3104.000,true
current,2,named_delete,8,50462,434.781,1384.000,true
current,2,raw_naming_NO_CHANGE,8,4931,2652.870,1504.000,true
current,2,named_raw_expression,8,22970,1192.547,1744.000,true
current,2,positional_select_entity,8,40527,748.252,1304.000,true
current,2,mybatis_batch_beans,8,3581,7772.047,14120.000,true
current,2,named_dialect_PostgreSQL,8,10561,1660.420,2408.000,true
current,2,positional_group_order,8,13971,2137.628,3112.000,true
current,2,raw_join_on,8,10048,1311.992,2336.000,true
current,2,positional_mixed_literals,8,23788,990.735,1696.000,true
current,2,named_batch_64,8,888,35612.387,70312.000,true
current,2,mybatis_select_expressions,8,15399,1887.577,1936.000,true
current,2,named_late_modifier,9,36688,850.144,1816.000,true
current,2,named_insert_entity,9,27356,993.808,1904.000,true
current,2,named_in_expression,9,896,31580.246,72456.000,true
current,2,named_naming_CAMEL_CASE,9,3676,5465.778,5168.000,true
current,2,raw_select_star,9,79895,302.488,880.000,true
current,2,named_batch_64,9,888,26317.455,70312.000,true
current,2,mybatis_nested,9,21180,1171.407,2024.000,true
current,2,mybatis_mixed_literals,9,19690,1499.802,2080.000,true
current,2,named_derived,9,5329,5935.035,7256.000,true
current,2,named_dialect_Oracle,9,20460,1456.711,2584.000,true
current,2,raw_batch_64,9,1522,19793.101,30184.000,true
current,2,mybatis_batch_64,9,1053,34220.513,52248.000,true
current,2,custom_handler_where,9,4989,5959.451,6968.000,true
current,2,named_mixed_literals,9,19478,1145.693,2416.000,true
current,2,positional_naming_UPPER_CAMEL_CASE,9,6015,3774.214,3376.000,true
current,2,positional_update_map,9,29681,1188.060,1872.000,true
current,2,mybatis_between,9,16795,1362.465,2344.000,true
current,2,positional_retry_rollback,9,7162,2286.973,3864.000,true
current,2,raw_late_modifier,9,37227,482.271,1344.000,true
current,2,positional_where_eq,9,29039,624.071,1592.000,true
current,2,mybatis_insert_placeholders,9,31843,643.937,1616.000,true
current,2,positional_condition_only,9,8551,2469.477,3104.000,true
current,2,raw_where_eq,9,33169,645.184,1504.000,true
current,2,raw_naming_NO_CHANGE,9,4931,1999.371,1504.000,true
current,2,raw_in_1024,9,1254,13269.856,6328.000,true
current,2,mybatis_select_star,9,100371,220.776,880.000,true
current,2,positional_insert_values,9,38766,716.956,1464.000,true
current,2,positional_in_17,9,38700,613.264,1680.000,true
current,2,named_dialect_PostgreSQL,9,10561,1069.709,2408.000,true
current,2,mybatis_where_16,9,5415,4248.735,5336.000,true
current,2,raw_in_expression,9,4169,4781.674,3712.000,true
current,2,positional_naming_SCREAMING_SNAKE_CASE,9,6264,2963.809,3664.000,true
current,2,mybatis_subquery_structured,9,15291,1282.885,3312.000,true
current,2,mybatis_naming_CAMEL_CASE,9,6344,3193.443,3568.000,true
current,2,positional_where_128,9,971,21748.610,20712.000,true
current,2,named_update_map,9,18668,1181.305,2976.000,true
current,2,positional_join_on,9,18385,1073.266,2424.000,true
current,2,raw_select_entity,9,39387,532.336,1304.000,true
current,2,raw_nested,9,13954,820.173,1616.000,true
current,2,raw_naming_CAMEL_CASE,9,7587,2150.797,1504.000,true
current,2,raw_union_builder,9,7860,2645.204,3704.000,true
current,2,raw_in_16,9,28181,549.313,1344.000,true
current,2,raw_update_chain_16,9,3723,4990.196,13856.000,true
current,2,named_in_17,9,12137,1808.544,5736.000,true
current,2,positional_select_entity,9,40527,520.423,1304.000,true
current,2,mybatis_row_in,9,20683,983.581,2272.000,true
current,2,named_group_order,9,11381,1844.592,3936.000,true
current,2,raw_batch_4,9,9107,1295.322,3304.000,true
current,2,mybatis_batch_4,9,10104,1889.400,4536.000,true
current,2,named_naming_NO_CHANGE,9,6070,3185.799,5168.000,true
current,2,positional_pagination,9,29856,758.146,1824.000,true
current,2,named_dialect_DB2,9,20187,996.453,2584.000,true
current,2,mybatis_condition_only,9,6014,3627.336,4784.000,true
current,2,raw_group_order,9,14526,1986.727,2952.000,true
current,2,mybatis_delete,9,66073,508.188,1232.000,true
current,2,named_update_chain_16,9,2358,10235.835,24072.000,true
current,2,mybatis_subquery_raw,9,46325,472.609,1344.000,true
current,2,raw_derived,9,6292,3236.650,5216.000,true
current,2,positional_batch_4,9,4184,1286.663,2840.000,true
current,2,mybatis_in_256,9,1095,18749.224,47256.000,true
current,2,positional_raw_expression,9,12906,971.230,1744.000,true
current,2,raw_repeated_names,9,908,12251.872,14152.000,true
current,2,named_dialect_Microsoft_SQL_Server,9,13769,1432.159,2584.000,true
current,2,named_select_expressions,9,15258,2387.888,1936.000,true
current,2,mybatis_in_1024,9,261,117316.858,182240.000,true
current,2,mybatis_insert_entity,9,27856,828.762,1568.000,true
current,2,named_batch_beans,9,3453,6472.140,18616.000,true
current,2,named_select_entity,9,41337,527.694,1304.000,true
current,2,raw_batch_beans,9,2921,3406.060,8808.000,true
current,2,custom_handler_union,9,3832,4857.150,7248.000,true
current,2,named_join_using,9,28347,751.960,2136.000,true
current,2,positional_repeated_names,9,1866,12001.233,17240.000,true
current,2,positional_late_modifier,9,42884,533.159,1432.000,true
current,2,named_between,9,17175,1086.638,2600.000,true
current,2,positional_dialect_MySQL,9,26670,802.463,1848.000,true
current,2,positional_update_chain_16,9,4268,4853.913,14560.000,true
current,2,named_where_16,9,4851,4279.674,6936.000,true
current,2,raw_update_map,9,23233,843.675,1960.000,true
current,2,positional_join_using,9,32416,996.998,1752.000,true
current,2,mybatis_join_on,9,16846,1562.371,2648.000,true
current,2,mybatis_update_chain_16,9,2640,9643.295,21304.000,true
current,2,mybatis_in_16,9,12852,1710.209,4048.000,true
current,2,raw_retry_rollback,9,6011,3090.384,3976.000,true
current,2,raw_subquery_structured,9,18813,1119.906,2720.000,true
current,2,mybatis_group_order,9,11555,1984.483,3608.000,true
current,2,mybatis_join_using,9,27107,850.592,1976.000,true
current,2,mybatis_late_modifier,9,38367,650.942,1656.000,true
current,2,mybatis_derived,9,5470,4740.622,7208.000,true
current,2,named_row_in,9,20402,1568.846,2680.000,true
current,2,positional_in_256,9,11119,2440.022,6208.000,true
current,2,positional_subquery_structured,9,18827,1255.128,2856.000,true
current,2,raw_mixed_literals,9,15162,1451.016,1864.000,true
current,2,named_join_on,9,18200,1434.352,2808.000,true
current,2,raw_row_in,9,8247,825.003,1608.000,true
current,2,raw_join_on,9,10048,1226.244,2336.000,true
current,2,mybatis_pagination,9,22336,1173.088,2152.000,true
current,2,mybatis_naming_NO_CHANGE,9,6474,3239.697,3568.000,true
current,2,raw_insert_entity,9,12378,680.215,1264.000,true
current,2,named_naming_KEBAB_CASE,9,4923,4579.626,6936.000,true
current,2,raw_in_256,9,5145,4051.351,2464.000,true
current,2,positional_union_builder,9,8761,2484.454,3920.000,true
current,2,mybatis_in_17,9,9514,1742.611,4192.000,true
current,2,raw_raw_expression,9,22447,1111.587,1744.000,true
current,2,positional_batch_beans,9,7597,3080.558,6984.000,true
current,2,named_subquery_raw,9,46986,528.398,1344.000,true
current,2,positional_in_1024,9,3972,7454.456,20800.000,true
current,2,mybatis_where_128,9,728,59687.500,34848.000,true
current,2,raw_naming_UPPER_CAMEL_CASE,9,4296,7010.033,3000.000,true
current,2,positional_batch_64,9,2315,12538.056,23448.000,true
current,2,named_retry_rollback,9,5896,4199.915,5304.000,true
current,2,mybatis_raw_expression,9,23464,1052.029,1744.000,true
current,2,positional_naming_CAMEL_CASE,9,8898,3685.693,1880.000,true
current,2,mybatis_batch_beans,9,3581,7695.336,14120.000,true
current,2,positional_nested,9,25923,930.124,1704.000,true
current,2,mybatis_select_entity,9,39658,559.234,1304.000,true
current,2,mybatis_insert_values,9,27445,790.636,1840.000,true
current,2,named_delete,9,50462,372.149,1384.000,true
current,2,positional_insert_placeholders,9,48064,1041.457,1208.000,true
current,2,positional_union_raw,9,21831,1457.886,1472.000,true
current,2,positional_in_expression,9,7138,3858.490,7536.000,true
current,2,raw_join_using,9,26622,703.178,1664.000,true
current,2,named_raw_expression,9,22970,1025.242,1744.000,true
current,2,named_where_eq,9,27272,777.284,1976.000,true
current,2,raw_between,9,17535,789.165,1648.000,true
current,2,positional_select_expressions,9,12867,1525.919,1936.000,true
current,2,positional_row_in,9,31418,758.727,1608.000,true
current,2,raw_insert_placeholders,9,26302,439.157,1208.000,true
current,2,raw_select_expressions,9,14627,1806.919,1936.000,true
current,2,named_in_16,9,13079,1953.353,5520.000,true
current,2,positional_select_columns,9,34325,604.690,1216.000,true
current,2,positional_dialect_Microsoft_SQL_Server,9,11728,966.439,2032.000,true
current,2,named_in_256,9,967,21655.636,71352.000,true
current,2,positional_where_16,9,5798,3061.556,3648.000,true
current,2,raw_naming_KEBAB_CASE,9,5721,3369.009,3272.000,true
current,2,positional_derived,9,6246,3579.667,5480.000,true
current,2,named_pagination,9,22790,995.423,2384.000,true
current,2,positional_subquery_raw,9,44142,495.526,1344.000,true
current,2,positional_naming_NO_CHANGE,9,9888,1938.744,1880.000,true
current,2,named_insert_placeholders,9,30549,772.025,1952.000,true
current,2,named_naming_UPPER_CAMEL_CASE,9,4628,4229.062,6664.000,true
current,2,raw_where_128,9,762,23400.000,17776.000,true
current,2,raw_union_raw,9,18613,1085.849,1472.000,true
current,2,named_union_builder,9,4433,4018.520,6792.000,true
current,2,named_repeated_names,9,1065,18821.690,42584.000,true
current,2,named_union_raw,9,21176,1465.943,1472.000,true
current,2,raw_delete,9,60581,305.289,912.000,true
current,2,positional_dialect_Oracle,9,23632,849.471,2032.000,true
current,2,named_select_star,9,87669,230.341,880.000,true
current,2,mybatis_naming_SCREAMING_SNAKE_CASE,9,4931,4346.745,5352.000,true
current,2,positional_mixed_literals,9,23788,849.882,1696.000,true
current,2,mybatis_select_expressions,9,15399,1434.132,1936.000,true
current,2,positional_dialect_PostgreSQL,9,23802,872.410,1848.000,true
current,2,positional_between,9,29444,758.239,1736.000,true
current,2,mybatis_union_builder,9,4365,3783.459,6768.000,true
current,2,mybatis_repeated_names,9,1087,17318.859,30536.000,true
current,2,positional_insert_entity,9,43115,543.150,1192.000,true
current,2,mybatis_retry_rollback,9,7189,3528.391,4784.000,true
current,2,named_batch_4,9,10110,2788.210,5616.000,true
current,2,named_select_columns,9,27625,972.927,1216.000,true
current,2,positional_delete,9,72435,453.596,1000.000,true
current,2,positional_select_star,9,112889,312.902,880.000,true
current,2,named_naming_SCREAMING_SNAKE_CASE,9,4901,4627.749,6952.000,true
current,2,mybatis_update_map,9,12890,1202.684,2512.000,true
current,2,named_subquery_structured,9,15300,1456.654,3568.000,true
current,2,named_where_128,9,634,33236.909,47920.000,true
current,2,mybatis_select_columns,9,35048,1145.112,1216.000,true
current,2,raw_pagination,9,18336,1020.495,1712.000,true
current,2,positional_naming_KEBAB_CASE,9,6466,4069.285,3648.000,true
current,2,mybatis_in_expression,9,1107,23491.238,48432.000,true
current,2,named_condition_only,9,6007,4292.043,6384.000,true
current,2,raw_subquery_raw,9,44411,704.089,1344.000,true
current,2,mybatis_where_eq,9,28625,990.372,1816.000,true
current,2,named_in_1024,9,234,100382.906,278560.000,true
current,2,raw_select_columns,9,32700,768.789,1216.000,true
current,2,named_dialect_MySQL,9,17419,1114.036,2408.000,true
current,2,positional_dialect_DB2,9,25552,1057.052,2032.000,true
current,2,mybatis_naming_UPPER_CAMEL_CASE,9,4383,4976.865,5064.000,true
current,2,raw_in_17,9,27517,737.991,1352.000,true
current,2,raw_condition_only,9,4805,3172.945,2720.000,true
current,2,positional_group_order,9,13971,2016.448,3112.000,true
current,2,raw_naming_SCREAMING_SNAKE_CASE,9,5816,3687.397,3288.000,true
current,2,named_insert_values,9,26454,998.949,2176.000,true
current,2,raw_insert_values,9,15505,760.684,1536.000,true
current,2,raw_where_16,9,6619,3963.816,3272.000,true
current,2,mybatis_union_raw,9,19609,1253.445,1472.000,true
current,2,mybatis_naming_KEBAB_CASE,9,4756,4494.849,5336.000,true
current,2,positional_in_16,9,27554,706.213,1728.000,true
current,2,named_nested,9,19403,1199.268,2256.000,true
