version,fork,case,round,operations,ns_per_op,bytes_per_op,equivalent
current,5,raw_join_using,1,30370,657.998,1664.000,true
current,5,raw_batch_64,1,1375,11778.764,32232.000,true
current,5,positional_repeated_names,1,1801,12009.439,17240.000,true
current,5,raw_naming_KEBAB_CASE,1,6966,2983.879,3272.000,true
current,5,raw_in_1024,1,1492,12797.855,6328.000,true
current,5,mybatis_naming_KEBAB_CASE,1,5084,3896.204,5336.000,true
current,5,named_dialect_Oracle,1,20908,993.916,2584.000,true
current,5,raw_in_16,1,32693,617.261,1344.000,true
current,5,mybatis_insert_placeholders,1,17757,619.378,1616.000,true
current,5,raw_update_map,1,15565,787.228,1960.000,true
current,5,mybatis_naming_NO_CHANGE,1,7414,3148.746,3568.000,true
current,5,mybatis_batch_4,1,7070,1932.008,4664.000,true
current,5,mybatis_select_entity,1,33934,496.246,1304.000,true
current,5,positional_in_1024,1,3558,5750.309,20800.000,true
current,5,named_between,1,7799,1019.746,2600.000,true
current,5,positional_naming_KEBAB_CASE,1,6834,2981.065,3648.000,true
current,5,positional_raw_expression,1,23300,925.790,1744.000,true
current,5,raw_late_modifier,1,42763,475.013,1344.000,true
current,5,mybatis_in_17,1,7704,1739.901,4192.000,true
current,5,named_update_chain_16,1,1154,10389.775,24072.000,true
current,5,positional_dialect_Microsoft_SQL_Server,1,16231,1022.512,2032.000,true
current,5,raw_retry_rollback,1,8690,2413.383,3976.000,true
current,5,named_dialect_PostgreSQL,1,19805,1100.333,2408.000,true
current,5,named_insert_values,1,19557,851.322,2176.000,true
current,5,positional_in_16,1,30703,742.273,1728.000,true
current,5,mybatis_naming_CAMEL_CASE,1,6768,2914.391,3568.000,true
current,5,raw_raw_expression,1,22906,921.911,1744.000,true
current,5,positional_mixed_literals,1,24594,847.056,1696.000,true
current,5,raw_subquery_raw,1,40445,476.966,1344.000,true
current,5,raw_mixed_literals,1,12793,1152.763,1864.000,true
current,5,custom_handler_where,1,4921,4633.570,6968.000,true
current,5,positional_dialect_Oracle,1,25835,912.317,2032.000,true
current,5,positional_subquery_structured,1,18455,1180.282,2856.000,true
current,5,positional_where_16,1,7098,2938.194,3648.000,true
current,5,positional_in_expression,1,5842,3302.174,7536.000,true
current,5,mybatis_subquery_structured,1,7807,1347.483,3312.000,true
current,5,positional_insert_entity,1,40936,567.552,1192.000,true
current,5,named_naming_NO_CHANGE,1,7096,2996.125,5168.000,true
current,5,mybatis_join_on,1,9278,1298.513,2648.000,true
current,5,mybatis_select_star,1,87971,219.124,880.000,true
current,5,raw_select_entity,1,38855,457.823,1304.000,true
current,5,mybatis_where_eq,1,11820,807.030,1816.000,true
current,5,positional_naming_CAMEL_CASE,1,8218,2251.253,1880.000,true
current,5,raw_naming_SCREAMING_SNAKE_CASE,1,6898,2856.640,3288.000,true
current,5,mybatis_union_builder,1,4084,3874.731,6768.000,true
current,5,named_in_17,1,3194,1843.801,5736.000,true
current,5,raw_repeated_names,1,1842,10982.573,14152.000,true
current,5,mybatis_batch_beans,1,3345,5815.994,14120.000,true
current,5,positional_retry_rollback,1,6733,2292.321,3864.000,true
current,5,raw_naming_NO_CHANGE,1,10903,1929.396,1504.000,true
current,5,raw_where_128,1,770,21331.688,17776.000,true
current,5,named_late_modifier,1,15849,727.289,1816.000,true
current,5,raw_select_expressions,1,14978,1430.371,1936.000,true
current,5,named_insert_entity,1,10868,733.254,1904.000,true
current,5,raw_naming_CAMEL_CASE,1,9571,2244.969,1504.000,true
current,5,raw_nested,1,9416,940.718,1616.000,true
current,5,named_raw_expression,1,9667,992.655,1744.000,true
current,5,named_in_256,1,407,19987.715,71352.000,true
current,5,raw_batch_beans,1,5380,5123.829,8808.000,true
current,5,mybatis_naming_UPPER_CAMEL_CASE,1,4904,5220.432,5064.000,true
current,5,named_subquery_raw,1,21000,530.562,1344.000,true
current,5,mybatis_subquery_raw,1,17287,482.033,1344.000,true
current,5,mybatis_in_1024,1,168,79569.643,182240.000,true
current,5,mybatis_mixed_literals,1,15790,1047.099,2080.000,true
current,5,mybatis_union_raw,1,19281,1034.365,1472.000,true
current,5,positional_update_map,1,25161,750.403,1872.000,true
current,5,named_in_16,1,4934,1714.532,5520.000,true
current,5,named_dialect_DB2,1,19357,1041.086,2584.000,true
current,5,mybatis_row_in,1,12330,1001.395,2272.000,true
current,5,positional_dialect_DB2,1,23029,845.495,2032.000,true
current,5,raw_update_chain_16,1,4092,4884.726,13856.000,true
current,5,named_batch_4,1,4789,2219.044,5744.000,true
current,5,named_join_using,1,17896,826.380,2136.000,true
current,5,positional_dialect_PostgreSQL,1,23766,1125.751,1848.000,true
current,5,named_dialect_MySQL,1,17859,1850.944,2408.000,true
current,5,positional_join_on,1,18745,1226.743,2424.000,true
current,5,named_batch_64,1,490,22938.367,72360.000,true
current,5,positional_naming_SCREAMING_SNAKE_CASE,1,6779,3566.175,3664.000,true
current,5,named_where_eq,1,12191,743.786,1976.000,true
current,5,raw_row_in,1,26730,716.506,1608.000,true
current,5,mybatis_pagination,1,21329,949.599,2152.000,true
current,5,named_select_columns,1,27676,568.048,1216.000,true
current,5,positional_join_using,1,29258,733.690,1752.000,true
current,5,named_dialect_Microsoft_SQL_Server,1,16610,1195.930,2584.000,true
current,5,positional_in_17,1,37305,560.367,1680.000,true
current,5,named_naming_SCREAMING_SNAKE_CASE,1,4885,4371.505,6952.000,true
current,5,named_condition_only,1,2389,3420.092,6384.000,true
current,5,named_union_builder,1,1795,3847.242,6792.000,true
current,5,raw_pagination,1,27100,723.325,1712.000,true
current,5,positional_insert_placeholders,1,35761,420.438,1208.000,true
current,5,mybatis_naming_SCREAMING_SNAKE_CASE,1,3458,4411.452,5352.000,true
current,5,mybatis_nested,1,16869,916.006,2024.000,true
current,5,positional_where_eq,1,32974,676.363,1592.000,true
current,5,raw_between,1,26335,708.415,1648.000,true
current,5,positional_batch_64,1,2040,9669.804,25496.000,true
current,5,named_join_on,1,13270,1126.797,2808.000,true
current,5,positional_select_expressions,1,14620,1376.724,1936.000,true
current,5,raw_where_16,1,6878,2853.082,3272.000,true
current,5,named_pagination,1,16575,870.546,2384.000,true
current,5,raw_union_builder,1,8908,2191.255,3704.000,true
current,5,positional_union_builder,1,9977,2066.894,3920.000,true
current,5,raw_join_on,1,18448,1050.575,2336.000,true
current,5,named_repeated_names,1,473,18943.340,42584.000,true
current,5,mybatis_update_chain_16,1,2068,8699.371,21304.000,true
current,5,raw_batch_4,1,13238,1328.380,3432.000,true
current,5,positional_row_in,1,30297,713.028,1608.000,true
current,5,mybatis_in_expression,1,824,18017.961,48432.000,true
current,5,mybatis_select_expressions,1,11964,1356.068,1936.000,true
current,5,raw_insert_placeholders,1,46256,459.761,1208.000,true
current,5,raw_union_raw,1,18267,1043.822,1472.000,true
current,5,raw_subquery_structured,1,19206,1036.207,2720.000,true
current,5,raw_select_columns,1,26933,538.514,1216.000,true
current,5,named_group_order,1,9425,1854.027,3936.000,true
current,5,mybatis_where_16,1,4479,3950.569,5336.000,true
current,5,raw_derived,1,5989,3295.993,5216.000,true
current,5,mybatis_late_modifier,1,31235,625.699,1656.000,true
current,5,positional_select_columns,1,35232,624.052,1216.000,true
current,5,raw_insert_values,1,17378,801.203,1536.000,true
current,5,mybatis_raw_expression,1,19306,988.138,1744.000,true
current,5,mybatis_delete,1,54333,348.663,1232.000,true
current,5,mybatis_insert_entity,1,17181,709.318,1568.000,true
current,5,named_mixed_literals,1,10215,1225.707,2416.000,true
current,5,positional_union_raw,1,21022,1027.990,1472.000,true
current,5,mybatis_select_columns,1,33254,563.746,1216.000,true
current,5,mybatis_batch_64,1,857,21293.582,54296.000,true
current,5,named_batch_beans,1,1673,6225.344,18616.000,true
current,5,raw_in_expression,1,2789,5162.926,3712.000,true
current,5,raw_in_17,1,30668,619.939,1352.000,true
current,5,positional_naming_UPPER_CAMEL_CASE,1,6496,3318.257,3376.000,true
current,5,named_where_16,1,2363,5077.402,6936.000,true
current,5,named_update_map,1,10363,1169.825,2976.000,true
current,5,custom_handler_union,1,4569,4652.878,7248.000,true
current,5,named_select_star,1,89732,213.325,880.000,true
current,5,mybatis_between,1,13285,1093.361,2344.000,true
current,5,mybatis_insert_values,1,12221,706.333,1840.000,true
current,5,raw_where_eq,1,24625,688.690,1504.000,true
current,5,mybatis_join_using,1,20476,820.805,1976.000,true
current,5,raw_select_star,1,102018,217.162,880.000,true
current,5,positional_group_order,1,13584,1700.236,3112.000,true
current,5,raw_group_order,1,12823,1405.677,2952.000,true
current,5,positional_delete,1,83870,268.839,1000.000,true
current,5,named_union_raw,1,13883,1060.239,1472.000,true
current,5,mybatis_in_256,1,817,17512.485,47256.000,true
current,5,named_naming_CAMEL_CASE,1,6111,3603.846,5168.000,true
current,5,positional_select_star,1,101695,222.617,880.000,true
current,5,positional_subquery_raw,1,42657,450.944,1344.000,true
current,5,positional_naming_NO_CHANGE,1,10470,2000.630,1880.000,true
current,5,positional_insert_values,1,32577,568.380,1464.000,true
current,5,positional_dialect_MySQL,1,13385,779.880,1848.000,true
current,5,named_derived,1,2383,3944.440,7256.000,true
current,5,named_subquery_structured,1,6639,1435.969,3568.000,true
current,5,positional_late_modifier,1,37644,505.950,1432.000,true
current,5,mybatis_repeated_names,1,699,18245.780,30536.000,true
current,5,mybatis_update_map,1,15418,1115.287,2512.000,true
current,5,positional_derived,1,6140,3296.531,5480.000,true
current,5,positional_in_256,1,9343,2237.183,6208.000,true
current,5,raw_insert_entity,1,32265,550.721,1264.000,true
current,5,named_delete,1,28003,375.910,1384.000,true
current,5,named_select_expressions,1,6827,1304.878,1936.000,true
current,5,positional_nested,1,24154,861.182,1704.000,true
current,5,positional_select_entity,1,44022,490.689,1304.000,true
current,5,mybatis_where_128,1,395,27538.228,34848.000,true
current,5,positional_update_chain_16,1,3675,5277.224,14560.000,true
current,5,named_naming_KEBAB_CASE,1,4826,4143.867,6936.000,true
current,5,mybatis_derived,1,4776,4184.129,7208.000,true
current,5,named_in_expression,1,444,21191.216,72456.000,true
current,5,mybatis_condition_only,1,5601,3526.495,4784.000,true
current,5,named_nested,1,5664,1011.688,2256.000,true
current,5,raw_in_256,1,4428,3395.912,2464.000,true
current,5,named_insert_placeholders,1,9523,666.387,1952.000,true
current,5,positional_where_128,1,967,20390.383,20712.000,true
current,5,named_where_128,1,309,33850.485,47920.000,true
current,5,positional_batch_beans,1,4591,2632.956,6984.000,true
current,5,mybatis_in_16,1,8799,1519.730,4048.000,true
current,5,mybatis_group_order,1,10235,1837.841,3608.000,true
current,5,named_retry_rollback,1,3472,3095.795,5304.000,true
current,5,raw_naming_UPPER_CAMEL_CASE,1,6530,3367.351,3000.000,true
current,5,positional_batch_4,1,4482,1392.035,2968.000,true
current,5,positional_condition_only,1,8470,2436.895,3104.000,true
current,5,raw_delete,1,92571,244.617,912.000,true
current,5,named_select_entity,1,15868,474.779,1304.000,true
current,5,positional_pagination,1,26867,739.111,1824.000,true
current,5,named_in_1024,1,97,90490.722,278560.000,true
current,5,raw_condition_only,1,7929,2428.730,2720.000,true
current,5,mybatis_retry_rollback,1,5061,3203.458,4784.000,true
current,5,positional_between,1,28291,728.182,1736.000,true
current,5,named_naming_UPPER_CAMEL_CASE,1,4429,4641.454,6664.000,true
current,5,named_row_in,1,10595,962.520,2680.000,true
current,5,mybatis_row_in,2,12330,989.919,2272.000,true
current,5,mybatis_join_using,2,20476,725.400,1976.000,true
current,5,named_derived,2,2383,4148.888,7256.000,true
current,5,mybatis_pagination,2,21329,904.281,2152.000,true
current,5,named_insert_entity,2,10868,731.993,1904.000,true
current,5,positional_naming_UPPER_CAMEL_CASE,2,6496,3528.310,3376.000,true
current,5,raw_in_1024,2,1492,13134.115,6328.000,true
current,5,named_union_builder,2,1795,4565.682,6792.000,true
current,5,mybatis_batch_beans,2,3345,5614.170,14120.000,true
current,5,raw_naming_UPPER_CAMEL_CASE,2,6530,3417.626,3000.000,true
current,5,named_batch_4,2,4789,2328.962,5744.000,true
current,5,mybatis_insert_placeholders,2,17757,666.515,1616.000,true
current,5,raw_late_modifier,2,42763,495.220,1344.000,true
current,5,raw_delete,2,92571,243.180,912.000,true
current,5,raw_pagination,2,27100,745.292,1712.000,true
current,5,named_insert_placeholders,2,9523,722.797,1952.000,true
current,5,named_in_1024,2,97,84823.711,278560.000,true
current,5,positional_insert_entity,2,40936,772.015,1192.000,true
current,5,named_in_17,2,3194,4246.963,5736.000,true
current,5,named_pagination,2,16575,1315.499,2384.000,true
current,5,mybatis_batch_4,2,7070,1983.324,4664.000,true
current,5,named_between,2,7799,1065.829,2600.000,true
current,5,positional_naming_KEBAB_CASE,2,6834,3263.667,3648.000,true
current,5,positional_join_using,2,29258,642.631,1752.000,true
current,5,mybatis_select_columns,2,33254,615.751,1216.000,true
current,5,mybatis_select_star,2,87971,225.375,880.000,true
current,5,positional_subquery_structured,2,18455,1105.744,2856.000,true
current,5,custom_handler_where,2,4921,4371.266,6968.000,true
current,5,positional_mixed_literals,2,24594,845.942,1696.000,true
current,5,raw_derived,2,5989,3296.878,5216.000,true
current,5,raw_in_17,2,30668,615.296,1352.000,true
current,5,named_in_256,2,407,22401.720,71352.000,true
current,5,positional_batch_64,2,2040,9359.510,25496.000,true
current,5,mybatis_derived,2,4776,4532.035,7208.000,true
current,5,raw_subquery_structured,2,19206,1059.117,2720.000,true
current,5,raw_where_16,2,6878,3319.555,3272.000,true
current,5,mybatis_nested,2,16869,1005.400,2024.000,true
current,5,positional_where_16,2,7098,2913.187,3648.000,true
current,5,mybatis_naming_UPPER_CAMEL_CASE,2,4904,4583.850,5064.000,true
current,5,positional_dialect_MySQL,2,13385,705.417,1848.000,true
current,5,raw_join_using,2,30370,651.370,1664.000,true
current,5,positional_union_raw,2,21022,1053.839,1472.000,true
current,5,named_mixed_literals,2,10215,1128.341,2416.000,true
current,5,named_condition_only,2,2389,3762.997,6384.000,true
current,5,mybatis_select_expressions,2,11964,1333.509,1936.000,true
current,5,raw_between,2,26335,715.956,1648.000,true
current,5,named_update_map,2,10363,1227.637,2976.000,true
current,5,positional_in_16,2,30703,717.744,1728.000,true
current,5,mybatis_late_modifier,2,31235,588.106,1656.000,true
current,5,mybatis_update_chain_16,2,2068,10731.335,21304.000,true
current,5,raw_where_eq,2,24625,742.071,1504.000,true
current,5,mybatis_mixed_literals,2,15790,1094.940,2080.000,true
current,5,positional_repeated_names,2,1801,11377.290,17240.000,true
current,5,raw_select_entity,2,38855,522.689,1304.000,true
current,5,raw_subquery_raw,2,40445,458.714,1344.000,true
current,5,mybatis_insert_entity,2,17181,723.078,1568.000,true
current,5,raw_mixed_literals,2,12793,1015.454,1864.000,true
current,5,positional_batch_4,2,4482,1199.777,2968.000,true
current,5,positional_derived,2,6140,3496.075,5480.000,true
current,5,positional_naming_CAMEL_CASE,2,8218,2290.886,1880.000,true
current,5,raw_batch_4,2,13238,1300.098,3432.000,true
current,5,named_update_chain_16,2,1154,10169.844,24072.000,true
current,5,named_subquery_raw,2,21000,437.619,1344.000,true
current,5,positional_select_star,2,101695,219.324,880.000,true
current,5,raw_update_chain_16,2,4092,4854.448,13856.000,true
current,5,raw_in_256,2,4428,3649.119,2464.000,true
current,5,mybatis_naming_NO_CHANGE,2,7414,3171.972,3568.000,true
current,5,raw_nested,2,9416,1067.778,1616.000,true
current,5,mybatis_union_builder,2,4084,4577.767,6768.000,true
current,5,positional_naming_NO_CHANGE,2,10470,2165.941,1880.000,true
current,5,positional_naming_SCREAMING_SNAKE_CASE,2,6779,3421.449,3664.000,true
current,5,positional_union_builder,2,9977,2103.438,3920.000,true
current,5,positional_dialect_Microsoft_SQL_Server,2,16231,930.473,2032.000,true
current,5,positional_join_on,2,18745,1140.165,2424.000,true
current,5,named_dialect_Microsoft_SQL_Server,2,16610,1174.425,2584.000,true
current,5,named_in_16,2,4934,1548.379,5520.000,true
current,5,positional_delete,2,83870,271.180,1000.000,true
current,5,raw_select_columns,2,26933,592.091,1216.000,true
current,5,named_dialect_MySQL,2,17859,1053.883,2408.000,true
current,5,mybatis_update_map,2,15418,1199.137,2512.000,true
current,5,mybatis_naming_CAMEL_CASE,2,6768,3240.618,3568.000,true
current,5,positional_batch_beans,2,4591,2775.343,6984.000,true
current,5,positional_raw_expression,2,23300,918.369,1744.000,true
current,5,positional_where_128,2,967,20500.931,20712.000,true
current,5,positional_dialect_PostgreSQL,2,23766,827.817,1848.000,true
current,5,named_insert_values,2,19557,747.236,2176.000,true
current,5,positional_select_columns,2,35232,604.519,1216.000,true
current,5,raw_naming_KEBAB_CASE,2,6966,2962.001,3272.000,true
current,5,named_nested,2,5664,1040.978,2256.000,true
current,5,mybatis_between,2,13285,990.516,2344.000,true
current,5,positional_group_order,2,13584,1551.067,3112.000,true
current,5,mybatis_join_on,2,9278,1098.825,2648.000,true
current,5,raw_row_in,2,26730,722.447,1608.000,true
current,5,mybatis_in_expression,2,824,17395.631,48432.000,true
current,5,raw_union_builder,2,8908,2132.948,3704.000,true
current,5,named_group_order,2,9425,1762.419,3936.000,true
current,5,mybatis_group_order,2,10235,1812.623,3608.000,true
current,5,positional_between,2,28291,715.090,1736.000,true
current,5,mybatis_select_entity,2,33934,496.767,1304.000,true
current,5,named_dialect_DB2,2,19357,1152.513,2584.000,true
current,5,positional_in_1024,2,3558,5525.098,20800.000,true
current,5,named_batch_beans,2,1673,7147.938,18616.000,true
current,5,named_late_modifier,2,15849,648.659,1816.000,true
current,5,mybatis_delete,2,54333,345.192,1232.000,true
current,5,positional_update_map,2,25161,816.072,1872.000,true
current,5,positional_retry_rollback,2,6733,2815.847,3864.000,true
current,5,positional_in_expression,2,5842,3095.635,7536.000,true
current,5,named_where_eq,2,12191,744.221,1976.000,true
current,5,named_in_expression,2,444,24107.207,72456.000,true
current,5,positional_dialect_Oracle,2,25835,933.110,2032.000,true
current,5,named_select_expressions,2,6827,1443.914,1936.000,true
current,5,mybatis_subquery_structured,2,7807,1520.430,3312.000,true
current,5,positional_row_in,2,30297,808.974,1608.000,true
current,5,named_naming_CAMEL_CASE,2,6111,3869.923,5168.000,true
current,5,raw_insert_placeholders,2,46256,443.521,1208.000,true
current,5,mybatis_raw_expression,2,19306,958.671,1744.000,true
current,5,named_select_columns,2,27676,594.324,1216.000,true
current,5,raw_naming_NO_CHANGE,2,10903,2074.952,1504.000,true
current,5,raw_raw_expression,2,22906,962.150,1744.000,true
current,5,mybatis_in_16,2,8799,1421.832,4048.000,true
current,5,mybatis_where_128,2,395,28745.063,34848.000,true
current,5,mybatis_where_16,2,4479,3958.741,5336.000,true
current,5,raw_join_on,2,18448,1065.324,2336.000,true
current,5,named_join_on,2,13270,1272.954,2808.000,true
current,5,mybatis_batch_64,2,857,22235.706,54296.000,true
current,5,mybatis_union_raw,2,19281,1157.559,1472.000,true
current,5,mybatis_in_17,2,7704,1562.617,4192.000,true
current,5,positional_select_expressions,2,14620,1411.005,1936.000,true
current,5,raw_update_map,2,15565,830.652,1960.000,true
current,5,mybatis_in_256,2,817,17434.149,47256.000,true
current,5,raw_batch_64,2,1375,12784.582,32232.000,true
current,5,positional_where_eq,2,32974,657.285,1592.000,true
current,5,positional_in_256,2,9343,1974.291,6208.000,true
current,5,named_delete,2,28003,398.325,1384.000,true
current,5,positional_late_modifier,2,37644,507.977,1432.000,true
current,5,named_row_in,2,10595,978.924,2680.000,true
current,5,named_dialect_Oracle,2,20908,989.545,2584.000,true
current,5,named_batch_64,2,490,21666.735,72360.000,true
current,5,named_select_star,2,89732,211.221,880.000,true
current,5,positional_update_chain_16,2,3675,5125.252,14560.000,true
current,5,positional_in_17,2,37305,1144.809,1680.000,true
current,5,positional_condition_only,2,8470,3895.502,3104.000,true
current,5,named_naming_NO_CHANGE,2,7096,3215.445,5168.000,true
current,5,named_repeated_names,2,473,22167.653,42584.000,true
current,5,positional_select_entity,2,44022,486.062,1304.000,true
current,5,raw_batch_beans,2,5380,3532.528,8808.000,true
current,5,named_naming_UPPER_CAMEL_CASE,2,4429,4402.822,6664.000,true
current,5,raw_insert_values,2,17378,693.331,1536.000,true
current,5,mybatis_where_eq,2,11820,728.536,1816.000,true
current,5,positional_nested,2,24154,1058.843,1704.000,true
current,5,mybatis_condition_only,2,5601,3800.089,4784.000,true
current,5,raw_group_order,2,12823,1361.312,2952.000,true
current,5,named_join_using,2,17896,811.908,2136.000,true
current,5,raw_in_expression,2,2789,4181.140,3712.000,true
current,5,named_union_raw,2,13883,1067.817,1472.000,true
current,5,named_naming_KEBAB_CASE,2,4826,4777.103,6936.000,true
current,5,raw_repeated_names,2,1842,11374.539,14152.000,true
current,5,raw_naming_SCREAMING_SNAKE_CASE,2,6898,3116.222,3288.000,true
current,5,raw_select_star,2,102018,221.710,880.000,true
current,5,mybatis_naming_KEBAB_CASE,2,5084,4525.688,5336.000,true
current,5,named_dialect_PostgreSQL,2,19805,1070.740,2408.000,true
current,5,named_raw_expression,2,9667,1014.141,1744.000,true
current,5,named_subquery_structured,2,6639,1653.095,3568.000,true
current,5,positional_pagination,2,26867,755.875,1824.000,true
current,5,positional_subquery_raw,2,42657,481.363,1344.000,true
current,5,mybatis_subquery_raw,2,17287,518.135,1344.000,true
current,5,mybatis_naming_SCREAMING_SNAKE_CASE,2,3458,4362.753,5352.000,true
current,5,named_retry_rollback,2,3472,3594.902,5304.000,true
current,5,raw_select_expressions,2,14978,1364.515,1936.000,true
current,5,raw_insert_entity,2,32265,603.924,1264.000,true
current,5,positional_insert_values,2,32577,588.627,1464.000,true
current,5,named_where_16,2,2363,4636.564,6936.000,true
current,5,raw_union_raw,2,18267,1062.238,1472.000,true
current,5,mybatis_in_1024,2,168,76697.024,182240.000,true
current,5,raw_naming_CAMEL_CASE,2,9571,2364.382,1504.000,true
current,5,raw_in_16,2,32693,612.409,1344.000,true
current,5,positional_dialect_DB2,2,23029,871.731,2032.000,true
current,5,raw_retry_rollback,2,8690,2792.071,3976.000,true
current,5,named_where_128,2,309,34164.078,47920.000,true
current,5,raw_condition_only,2,7929,2792.332,2720.000,true
current,5,mybatis_repeated_names,2,699,20691.559,30536.000,true
current,5,named_select_entity,2,15868,574.653,1304.000,true
current,5,mybatis_retry_rollback,2,5061,3454.554,4784.000,true
current,5,named_naming_SCREAMING_SNAKE_CASE,2,4885,4624.626,6952.000,true
current,5,mybatis_insert_values,2,12221,762.384,1840.000,true
current,5,raw_where_128,2,770,22047.273,17776.000,true
current,5,positional_insert_placeholders,2,35761,493.006,1208.000,true
current,5,custom_handler_union,2,4569,5101.379,7248.000,true
current,5,raw_update_map,3,15565,1084.857,1960.000,true
current,5,mybatis_naming_CAMEL_CASE,3,6768,3332.255,3568.000,true
current,5,mybatis_naming_NO_CHANGE,3,7414,2967.804,3568.000,true
current,5,raw_in_expression,3,2789,4832.413,3712.000,true
current,5,positional_select_columns,3,35232,666.150,1216.000,true
current,5,positional_derived,3,6140,4004.023,5480.000,true
current,5,mybatis_in_expression,3,824,21765.413,48432.000,true
current,5,mybatis_join_on,3,9278,1278.950,2648.000,true
current,5,positional_batch_4,3,4482,1326.082,2968.000,true
current,5,named_naming_KEBAB_CASE,3,4826,4846.871,6936.000,true
current,5,named_dialect_MySQL,3,17859,1050.400,2408.000,true
current,5,positional_insert_entity,3,40936,563.680,1192.000,true
current,5,raw_late_modifier,3,42763,518.472,1344.000,true
current,5,named_condition_only,3,2389,3945.877,6384.000,true
current,5,raw_naming_NO_CHANGE,3,10903,2080.611,1504.000,true
current,5,named_batch_beans,3,1673,6789.600,18616.000,true
current,5,raw_derived,3,5989,3596.393,5216.000,true
current,5,positional_group_order,3,13584,1781.066,3112.000,true
current,5,raw_naming_KEBAB_CASE,3,6966,3554.206,3272.000,true
current,5,positional_batch_beans,3,4591,2935.482,6984.000,true
current,5,mybatis_union_builder,3,4084,4299.951,6768.000,true
current,5,positional_select_expressions,3,14620,1427.483,1936.000,true
current,5,raw_in_256,3,4428,3913.053,2464.000,true
current,5,named_dialect_PostgreSQL,3,19805,1085.059,2408.000,true
current,5,positional_condition_only,3,8470,2575.018,3104.000,true
current,5,positional_late_modifier,3,37644,530.135,1432.000,true
current,5,named_where_16,3,2363,4209.056,6936.000,true
current,5,positional_update_chain_16,3,3675,4863.565,14560.000,true
current,5,mybatis_union_raw,3,19281,1052.658,1472.000,true
current,5,mybatis_in_16,3,8799,1480.157,4048.000,true
current,5,mybatis_row_in,3,12330,1098.856,2272.000,true
current,5,mybatis_pagination,3,21329,887.369,2152.000,true
current,5,positional_where_16,3,7098,3362.299,3648.000,true
current,5,raw_naming_SCREAMING_SNAKE_CASE,3,6898,3152.218,3288.000,true
current,5,positional_batch_64,3,2040,9871.324,25496.000,true
current,5,positional_subquery_raw,3,42657,490.489,1344.000,true
current,5,mybatis_derived,3,4776,4343.677,7208.000,true
current,5,positional_join_using,3,29258,656.443,1752.000,true
current,5,raw_between,3,26335,742.073,1648.000,true
current,5,raw_in_17,3,30668,616.799,1352.000,true
current,5,mybatis_repeated_names,3,699,20178.112,30536.000,true
current,5,named_dialect_DB2,3,19357,1042.259,2584.000,true
current,5,raw_select_expressions,3,14978,1500.167,1936.000,true
current,5,mybatis_insert_entity,3,17181,728.118,1568.000,true
current,5,mybatis_join_using,3,20476,839.124,1976.000,true
current,5,raw_insert_placeholders,3,46256,479.216,1208.000,true
current,5,mybatis_update_map,3,15418,1199.468,2512.000,true
current,5,raw_insert_entity,3,32265,661.974,1264.000,true
current,5,positional_row_in,3,30297,742.862,1608.000,true
current,5,raw_batch_64,3,1375,11983.127,32232.000,true
current,5,mybatis_late_modifier,3,31235,569.028,1656.000,true
current,5,named_update_chain_16,3,1154,10481.716,24072.000,true
current,5,raw_where_16,3,6878,2812.867,3272.000,true
current,5,named_in_expression,3,444,22541.441,72456.000,true
current,5,named_naming_CAMEL_CASE,3,6111,3681.983,5168.000,true
current,5,named_select_expressions,3,6827,1389.117,1936.000,true
current,5,raw_union_builder,3,8908,2105.602,3704.000,true
current,5,positional_where_128,3,967,21291.934,20712.000,true
current,5,raw_group_order,3,12823,1525.228,2952.000,true
current,5,positional_in_expression,3,5842,2903.475,7536.000,true
current,5,named_raw_expression,3,9667,899.772,1744.000,true
current,5,mybatis_mixed_literals,3,15790,1072.609,2080.000,true
current,5,mybatis_where_eq,3,11820,718.942,1816.000,true
current,5,named_insert_values,3,19557,880.120,2176.000,true
current,5,positional_mixed_literals,3,24594,825.213,1696.000,true
current,5,raw_batch_beans,3,5380,3773.996,8808.000,true
current,5,raw_in_16,3,32693,656.826,1344.000,true
current,5,raw_where_128,3,770,22454.805,17776.000,true
current,5,named_repeated_names,3,473,20334.038,42584.000,true
current,5,positional_dialect_Oracle,3,25835,922.044,2032.000,true
current,5,raw_row_in,3,26730,851.942,1608.000,true
current,5,named_subquery_raw,3,21000,576.410,1344.000,true
current,5,named_retry_rollback,3,3472,4039.775,5304.000,true
current,5,named_nested,3,5664,1129.220,2256.000,true
current,5,mybatis_select_star,3,87971,241.073,880.000,true
current,5,mybatis_retry_rollback,3,5061,3803.932,4784.000,true
current,5,positional_repeated_names,3,1801,12460.244,17240.000,true
current,5,positional_subquery_structured,3,18455,1119.366,2856.000,true
current,5,positional_dialect_DB2,3,23029,930.114,2032.000,true
current,5,raw_select_star,3,102018,225.935,880.000,true
current,5,raw_nested,3,9416,923.811,1616.000,true
current,5,raw_naming_CAMEL_CASE,3,9571,2435.211,1504.000,true
current,5,positional_in_17,3,37305,773.524,1680.000,true
current,5,positional_naming_KEBAB_CASE,3,6834,4124.012,3648.000,true
current,5,named_row_in,3,10595,1095.894,2680.000,true
current,5,named_union_raw,3,13883,1297.320,1472.000,true
current,5,raw_batch_4,3,13238,1995.037,3432.000,true
current,5,positional_retry_rollback,3,6733,4053.824,3864.000,true
current,5,positional_dialect_MySQL,3,13385,932.275,1848.000,true
current,5,positional_select_entity,3,44022,537.102,1304.000,true
current,5,raw_where_eq,3,24625,699.090,1504.000,true
current,5,named_derived,3,2383,4196.643,7256.000,true
current,5,named_in_17,3,3194,1747.026,5736.000,true
current,5,positional_where_eq,3,32974,691.900,1592.000,true
current,5,mybatis_select_entity,3,33934,1119.644,1304.000,true
current,5,positional_union_builder,3,9977,3409.762,3920.000,true
current,5,positional_pagination,3,26867,820.453,1824.000,true
current,5,mybatis_batch_beans,3,3345,5840.299,14120.000,true
current,5,positional_join_on,3,18745,1206.994,2424.000,true
current,5,named_select_columns,3,27676,571.304,1216.000,true
current,5,positional_naming_CAMEL_CASE,3,8218,2325.103,1880.000,true
current,5,positional_insert_values,3,32577,743.497,1464.000,true
current,5,mybatis_subquery_structured,3,7807,1333.995,3312.000,true
current,5,raw_raw_expression,3,22906,998.874,1744.000,true
current,5,raw_in_1024,3,1492,12883.311,6328.000,true
current,5,raw_delete,3,92571,247.424,912.000,true
current,5,raw_pagination,3,27100,767.860,1712.000,true
current,5,named_dialect_Microsoft_SQL_Server,3,16610,1310.096,2584.000,true
current,5,raw_subquery_structured,3,19206,1098.329,2720.000,true
current,5,mybatis_delete,3,54333,344.851,1232.000,true
current,5,named_group_order,3,9425,2055.194,3936.000,true
current,5,raw_condition_only,3,7929,2751.116,2720.000,true
current,5,named_join_using,3,17896,868.485,2136.000,true
current,5,mybatis_naming_SCREAMING_SNAKE_CASE,3,3458,4399.537,5352.000,true
current,5,named_update_map,3,10363,1165.705,2976.000,true
current,5,mybatis_insert_placeholders,3,17757,762.054,1616.000,true
current,5,positional_in_256,3,9343,1991.769,6208.000,true
current,5,mybatis_insert_values,3,12221,702.381,1840.000,true
current,5,named_naming_NO_CHANGE,3,7096,2818.828,5168.000,true
current,5,named_where_eq,3,12191,828.505,1976.000,true
current,5,named_where_128,3,309,31802.265,47920.000,true
current,5,named_late_modifier,3,15849,580.876,1816.000,true
current,5,mybatis_in_1024,3,168,81407.738,182240.000,true
current,5,named_subquery_structured,3,6639,1443.485,3568.000,true
current,5,raw_subquery_raw,3,40445,468.117,1344.000,true
current,5,mybatis_select_expressions,3,11964,1328.285,1936.000,true
current,5,mybatis_update_chain_16,3,2068,7827.998,21304.000,true
current,5,positional_dialect_Microsoft_SQL_Server,3,16231,1091.208,2032.000,true
current,5,named_insert_placeholders,3,9523,667.038,1952.000,true
current,5,mybatis_in_256,3,817,18118.605,47256.000,true
current,5,mybatis_between,3,13285,970.177,2344.000,true
current,5,positional_naming_UPPER_CAMEL_CASE,3,6496,3228.356,3376.000,true
current,5,positional_union_raw,3,21022,1032.271,1472.000,true
current,5,named_in_1024,3,97,90150.515,278560.000,true
current,5,positional_in_16,3,30703,675.283,1728.000,true
current,5,raw_select_columns,3,26933,572.458,1216.000,true
current,5,custom_handler_union,3,4569,4981.090,7248.000,true
current,5,named_delete,3,28003,351.805,1384.000,true
current,5,positional_naming_NO_CHANGE,3,10470,1873.266,1880.000,true
current,5,positional_select_star,3,101695,257.631,880.000,true
current,5,mybatis_group_order,3,10235,1990.493,3608.000,true
current,5,positional_delete,3,83870,274.527,1000.000,true
current,5,named_in_256,3,407,20877.641,71352.000,true
current,5,raw_retry_rollback,3,8690,2763.026,3976.000,true
current,5,custom_handler_where,3,4921,4278.175,6968.000,true
current,5,positional_dialect_PostgreSQL,3,23766,887.650,1848.000,true
current,5,positional_insert_placeholders,3,35761,463.717,1208.000,true
current,5,named_between,3,7799,1273.920,2600.000,true
current,5,positional_in_1024,3,3558,5872.962,20800.000,true
current,5,named_join_on,3,13270,1308.493,2808.000,true
current,5,mybatis_where_128,3,395,30546.835,34848.000,true
current,5,raw_repeated_names,3,1842,11601.520,14152.000,true
current,5,mybatis_select_columns,3,33254,609.518,1216.000,true
current,5,named_pagination,3,16575,946.401,2384.000,true
current,5,mybatis_naming_UPPER_CAMEL_CASE,3,4904,4748.409,5064.000,true
current,5,named_dialect_Oracle,3,20908,1127.999,2584.000,true
current,5,raw_union_raw,3,18267,1228.822,1472.000,true
current,5,mybatis_in_17,3,7704,1598.105,4192.000,true
current,5,positional_raw_expression,3,23300,988.369,1744.000,true
current,5,named_mixed_literals,3,10215,1121.439,2416.000,true
current,5,raw_join_on,3,18448,1113.367,2336.000,true
current,5,named_select_entity,3,15868,481.283,1304.000,true
current,5,mybatis_subquery_raw,3,17287,472.928,1344.000,true
current,5,raw_update_chain_16,3,4092,4816.178,13856.000,true
current,5,mybatis_batch_64,3,857,20204.084,54296.000,true
current,5,mybatis_raw_expression,3,19306,885.419,1744.000,true
current,5,named_select_star,3,89732,206.928,880.000,true
current,5,named_naming_SCREAMING_SNAKE_CASE,3,4885,4121.638,6952.000,true
current,5,positional_between,3,28291,752.964,1736.000,true
current,5,named_batch_64,3,490,22635.714,72360.000,true
current,5,raw_mixed_literals,3,12793,1125.858,1864.000,true
current,5,named_union_builder,3,1795,3845.460,6792.000,true
current,5,named_insert_entity,3,10868,683.852,1904.000,true
current,5,positional_naming_SCREAMING_SNAKE_CASE,3,6779,2963.077,3664.000,true
current,5,raw_naming_UPPER_CAMEL_CASE,3,6530,3177.764,3000.000,true
current,5,positional_update_map,3,25161,732.892,1872.000,true
current,5,raw_insert_values,3,17378,686.201,1536.000,true
current,5,mybatis_condition_only,3,5601,3219.086,4784.000,true
current,5,raw_select_entity,3,38855,500.420,1304.000,true
current,5,mybatis_batch_4,3,7070,1798.359,4664.000,true
current,5,named_naming_UPPER_CAMEL_CASE,3,4429,4198.103,6664.000,true
current,5,raw_join_using,3,30370,660.981,1664.000,true
current,5,mybatis_naming_KEBAB_CASE,3,5084,3925.865,5336.000,true
current,5,mybatis_nested,3,16869,962.416,2024.000,true
current,5,positional_nested,3,24154,826.236,1704.000,true
current,5,mybatis_where_16,3,4479,4100.848,5336.000,true
current,5,named_in_16,3,4934,1735.732,5520.000,true
current,5,named_batch_4,3,4789,1872.019,5744.000,true
current,5,mybatis_in_expression,4,824,18525.364,48432.000,true
current,5,named_select_star,4,89732,217.822,880.000,true
current,5,named_select_entity,4,15868,467.419,1304.000,true
current,5,positional_dialect_PostgreSQL,4,23766,921.720,1848.000,true
current,5,raw_update_map,4,15565,749.399,1960.000,true
current,5,named_insert_placeholders,4,9523,660.076,1952.000,true
current,5,positional_dialect_MySQL,4,13385,781.599,1848.000,true
current,5,raw_update_chain_16,4,4092,4552.126,13856.000,true
current,5,raw_join_using,4,30370,694.939,1664.000,true
current,5,mybatis_naming_NO_CHANGE,4,7414,2665.295,3568.000,true
current,5,raw_in_17,4,30668,632.337,1352.000,true
current,5,raw_subquery_raw,4,40445,484.641,1344.000,true
current,5,raw_batch_beans,4,5380,3330.019,8808.000,true
current,5,positional_nested,4,24154,884.106,1704.000,true
current,5,mybatis_retry_rollback,4,5061,3132.741,4784.000,true
current,5,raw_batch_64,4,1375,11980.655,32232.000,true
current,5,positional_join_on,4,18745,1026.973,2424.000,true
current,5,named_between,4,7799,1094.153,2600.000,true
current,5,positional_subquery_structured,4,18455,1139.924,2856.000,true
current,5,positional_repeated_names,4,1801,11637.535,17240.000,true
current,5,positional_dialect_DB2,4,23029,826.193,2032.000,true
current,5,mybatis_in_1024,4,168,79358.929,182240.000,true
current,5,mybatis_insert_entity,4,17181,739.026,1568.000,true
current,5,named_in_256,4,407,20470.270,71352.000,true
current,5,named_condition_only,4,2389,3525.157,6384.000,true
current,5,mybatis_late_modifier,4,31235,613.706,1656.000,true
current,5,raw_naming_NO_CHANGE,4,10903,1900.284,1504.000,true
current,5,positional_row_in,4,30297,707.073,1608.000,true
current,5,mybatis_update_chain_16,4,2068,8174.178,21304.000,true
current,5,positional_select_columns,4,35232,684.298,1216.000,true
current,5,positional_where_16,4,7098,2836.362,3648.000,true
current,5,positional_where_128,4,967,22319.855,20712.000,true
current,5,named_naming_KEBAB_CASE,4,4826,4110.153,6936.000,true
current,5,raw_naming_KEBAB_CASE,4,6966,2985.774,3272.000,true
current,5,mybatis_between,4,13285,1082.868,2344.000,true
current,5,raw_delete,4,92571,244.227,912.000,true
current,5,positional_dialect_Oracle,4,25835,785.787,2032.000,true
current,5,positional_in_17,4,37305,610.580,1680.000,true
current,5,named_derived,4,2383,4199.622,7256.000,true
current,5,positional_batch_beans,4,4591,3022.871,6984.000,true
current,5,named_in_17,4,3194,1784.941,5736.000,true
current,5,mybatis_subquery_raw,4,17287,434.124,1344.000,true
current,5,mybatis_batch_4,4,7070,1928.953,4664.000,true
current,5,named_retry_rollback,4,3472,3121.889,5304.000,true
current,5,raw_mixed_literals,4,12793,993.113,1864.000,true
current,5,custom_handler_where,4,4921,4275.391,6968.000,true
current,5,positional_in_1024,4,3558,5598.567,20800.000,true
current,5,named_dialect_PostgreSQL,4,19805,991.704,2408.000,true
current,5,positional_select_star,4,101695,206.079,880.000,true
current,5,raw_select_entity,4,38855,484.697,1304.000,true
current,5,positional_update_chain_16,4,3675,4835.864,14560.000,true
current,5,positional_condition_only,4,8470,2407.993,3104.000,true
current,5,raw_where_128,4,770,20026.494,17776.000,true
current,5,positional_dialect_Microsoft_SQL_Server,4,16231,1019.155,2032.000,true
current,5,named_insert_values,4,19557,785.908,2176.000,true
current,5,positional_batch_4,4,4482,1139.469,2968.000,true
current,5,named_where_16,4,2363,4514.896,6936.000,true
current,5,named_pagination,4,16575,919.819,2384.000,true
current,5,mybatis_select_columns,4,33254,601.302,1216.000,true
current,5,raw_in_1024,4,1492,14526.609,6328.000,true
current,5,mybatis_derived,4,4776,7601.089,7208.000,true
current,5,mybatis_where_eq,4,11820,1003.706,1816.000,true
current,5,named_union_builder,4,1795,4550.919,6792.000,true
current,5,positional_naming_KEBAB_CASE,4,6834,3170.939,3648.000,true
current,5,named_dialect_DB2,4,19357,1019.554,2584.000,true
current,5,named_where_eq,4,12191,702.313,1976.000,true
current,5,mybatis_condition_only,4,5601,3336.636,4784.000,true
current,5,mybatis_delete,4,54333,351.670,1232.000,true
current,5,mybatis_in_17,4,7704,1666.109,4192.000,true
current,5,positional_mixed_literals,4,24594,871.013,1696.000,true
current,5,named_subquery_raw,4,21000,433.610,1344.000,true
current,5,mybatis_raw_expression,4,19306,958.676,1744.000,true
current,5,positional_naming_CAMEL_CASE,4,8218,2257.958,1880.000,true
current,5,positional_batch_64,4,2040,9587.941,25496.000,true
current,5,mybatis_union_builder,4,4084,3872.111,6768.000,true
current,5,mybatis_group_order,4,10235,1808.207,3608.000,true
current,5,named_dialect_Oracle,4,20908,956.414,2584.000,true
current,5,positional_join_using,4,29258,687.121,1752.000,true
current,5,raw_where_eq,4,24625,574.802,1504.000,true
current,5,positional_insert_entity,4,40936,540.937,1192.000,true
current,5,raw_subquery_structured,4,19206,1084.546,2720.000,true
current,5,raw_raw_expression,4,22906,855.413,1744.000,true
current,5,named_naming_CAMEL_CASE,4,6111,3572.705,5168.000,true
current,5,named_group_order,4,9425,1805.740,3936.000,true
current,5,named_insert_entity,4,10868,849.577,1904.000,true
current,5,named_raw_expression,4,9667,859.957,1744.000,true
current,5,mybatis_row_in,4,12330,1053.747,2272.000,true
current,5,raw_nested,4,9416,871.665,1616.000,true
current,5,raw_row_in,4,26730,748.668,1608.000,true
current,5,positional_insert_values,4,32577,592.485,1464.000,true
current,5,positional_raw_expression,4,23300,965.850,1744.000,true
current,5,named_row_in,4,10595,959.424,2680.000,true
current,5,positional_update_map,4,25161,758.197,1872.000,true
current,5,positional_insert_placeholders,4,35761,423.503,1208.000,true
current,5,positional_in_16,4,30703,689.369,1728.000,true
current,5,mybatis_where_128,4,395,27354.177,34848.000,true
current,5,raw_union_raw,4,18267,990.715,1472.000,true
current,5,mybatis_mixed_literals,4,15790,1052.666,2080.000,true
current,5,named_dialect_Microsoft_SQL_Server,4,16610,1217.502,2584.000,true
current,5,mybatis_in_256,4,817,18704.651,47256.000,true
current,5,mybatis_select_entity,4,33934,496.841,1304.000,true
current,5,positional_where_eq,4,32974,642.288,1592.000,true
current,5,mybatis_batch_64,4,857,22103.967,54296.000,true
current,5,named_join_on,4,13270,1100.038,2808.000,true
current,5,positional_naming_SCREAMING_SNAKE_CASE,4,6779,3019.457,3664.000,true
current,5,named_select_expressions,4,6827,1444.837,1936.000,true
current,5,named_nested,4,5664,997.634,2256.000,true
current,5,positional_union_builder,4,9977,2031.873,3920.000,true
current,5,mybatis_in_16,4,8799,1550.710,4048.000,true
current,5,positional_select_entity,4,44022,460.149,1304.000,true
current,5,raw_group_order,4,12823,1490.790,2952.000,true
current,5,raw_select_columns,4,26933,561.816,1216.000,true
current,5,mybatis_naming_UPPER_CAMEL_CASE,4,4904,4506.485,5064.000,true
current,5,raw_between,4,26335,676.522,1648.000,true
current,5,positional_between,4,28291,782.235,1736.000,true
current,5,named_where_128,4,309,29017.476,47920.000,true
current,5,raw_insert_placeholders,4,46256,486.296,1208.000,true
current,5,named_update_chain_16,4,1154,9043.414,24072.000,true
current,5,mybatis_repeated_names,4,699,17458.798,30536.000,true
current,5,mybatis_naming_KEBAB_CASE,4,5084,4038.002,5336.000,true
current,5,mybatis_insert_placeholders,4,17757,689.491,1616.000,true
current,5,raw_in_16,4,32693,606.264,1344.000,true
current,5,mybatis_join_on,4,9278,1196.917,2648.000,true
current,5,named_mixed_literals,4,10215,1040.705,2416.000,true
current,5,mybatis_batch_beans,4,3345,5498.565,14120.000,true
current,5,raw_batch_4,4,13238,1276.877,3432.000,true
current,5,raw_select_expressions,4,14978,1405.441,1936.000,true
current,5,named_join_using,4,17896,754.213,2136.000,true
current,5,named_batch_beans,4,1673,6353.078,18616.000,true
current,5,named_delete,4,28003,366.450,1384.000,true
current,5,mybatis_naming_SCREAMING_SNAKE_CASE,4,3458,3969.954,5352.000,true
current,5,positional_delete,4,83870,283.990,1000.000,true
current,5,named_naming_SCREAMING_SNAKE_CASE,4,4885,4010.624,6952.000,true
current,5,named_repeated_names,4,473,19786.469,42584.000,true
current,5,named_late_modifier,4,15849,710.625,1816.000,true
current,5,raw_naming_SCREAMING_SNAKE_CASE,4,6898,3007.248,3288.000,true
current,5,positional_late_modifier,4,37644,504.686,1432.000,true
current,5,mybatis_nested,4,16869,1017.174,2024.000,true
current,5,raw_condition_only,4,7929,2414.542,2720.000,true
current,5,raw_select_star,4,102018,212.549,880.000,true
current,5,raw_repeated_names,4,1842,11668.730,14152.000,true
current,5,raw_join_on,4,18448,1001.193,2336.000,true
current,5,positional_in_expression,4,5842,3145.173,7536.000,true
current,5,named_in_expression,4,444,19459.009,72456.000,true
current,5,raw_union_builder,4,8908,2205.141,3704.000,true
current,5,raw_in_256,4,4428,3782.588,2464.000,true
current,5,positional_retry_rollback,4,6733,2374.989,3864.000,true
current,5,raw_where_16,4,6878,2847.296,3272.000,true
current,5,mybatis_pagination,4,21329,904.459,2152.000,true
current,5,custom_handler_union,4,4569,4346.794,7248.000,true
current,5,named_in_1024,4,97,98055.670,278560.000,true
current,5,mybatis_update_map,4,15418,1037.314,2512.000,true
current,5,positional_union_raw,4,21022,1096.742,1472.000,true
current,5,raw_naming_UPPER_CAMEL_CASE,4,6530,3104.288,3000.000,true
current,5,positional_naming_NO_CHANGE,4,10470,1916.380,1880.000,true
current,5,named_batch_4,4,4789,2143.892,5744.000,true
current,5,named_naming_NO_CHANGE,4,7096,2965.121,5168.000,true
current,5,mybatis_subquery_structured,4,7807,1283.797,3312.000,true
current,5,mybatis_select_expressions,4,11964,1445.846,1936.000,true
current,5,positional_naming_UPPER_CAMEL_CASE,4,6496,3178.248,3376.000,true
current,5,named_batch_64,4,490,21734.898,72360.000,true
current,5,named_dialect_MySQL,4,17859,975.043,2408.000,true
current,5,positional_in_256,4,9343,2108.402,6208.000,true
current,5,positional_subquery_raw,4,42657,432.951,1344.000,true
current,5,raw_pagination,4,27100,686.635,1712.000,true
current,5,positional_pagination,4,26867,753.437,1824.000,true
current,5,mybatis_where_16,4,4479,3783.300,5336.000,true
current,5,mybatis_join_using,4,20476,743.216,1976.000,true
current,5,named_select_columns,4,27676,585.894,1216.000,true
current,5,raw_late_modifier,4,42763,493.548,1344.000,true
current,5,mybatis_naming_CAMEL_CASE,4,6768,3024.985,3568.000,true
current,5,raw_naming_CAMEL_CASE,4,9571,2130.321,1504.000,true
current,5,mybatis_union_raw,4,19281,1004.274,1472.000,true
current,5,mybatis_insert_values,4,12221,818.182,1840.000,true
current,5,named_subquery_structured,4,6639,1325.651,3568.000,true
current,5,raw_in_expression,4,2789,4582.323,3712.000,true
current,5,named_update_map,4,10363,1193.757,2976.000,true
current,5,raw_insert_entity,4,32265,569.747,1264.000,true
current,5,named_union_raw,4,13883,995.448,1472.000,true
current,5,raw_derived,4,5989,3321.890,5216.000,true
current,5,positional_derived,4,6140,3333.062,5480.000,true
current,5,raw_retry_rollback,4,8690,2997.572,3976.000,true
current,5,positional_group_order,4,13584,1629.748,3112.000,true
current,5,positional_select_expressions,4,14620,1438.926,1936.000,true
current,5,named_naming_UPPER_CAMEL_CASE,4,4429,4652.766,6664.000,true
current,5,mybatis_select_star,4,87971,224.410,880.000,true
current,5,named_in_16,4,4934,1753.162,5520.000,true
current,5,raw_insert_values,4,17378,722.103,1536.000,true
current,5,named_delete,5,28003,385.684,1384.000,true
current,5,mybatis_batch_4,5,7070,1902.730,4664.000,true
current,5,raw_repeated_names,5,1842,12819.707,14152.000,true
current,5,mybatis_retry_rollback,5,5061,3953.191,4784.000,true
current,5,named_naming_UPPER_CAMEL_CASE,5,4429,4789.049,6664.000,true
current,5,raw_retry_rollback,5,8690,3193.763,3976.000,true
current,5,raw_where_eq,5,24625,621.401,1504.000,true
current,5,positional_subquery_raw,5,42657,523.595,1344.000,true
current,5,named_row_in,5,10595,1477.168,2680.000,true
current,5,custom_handler_union,5,4569,14406.938,7248.000,true
current,5,raw_where_128,5,770,24518.571,17776.000,true
current,5,named_in_17,5,3194,1842.642,5736.000,true
current,5,mybatis_in_256,5,817,19625.459,47256.000,true
current,5,raw_union_raw,5,18267,1118.104,1472.000,true
current,5,named_nested,5,5664,1185.805,2256.000,true
current,5,named_batch_4,5,4789,2376.175,5744.000,true
current,5,raw_update_chain_16,5,4092,5174.267,13856.000,true
current,5,raw_delete,5,92571,258.441,912.000,true
current,5,positional_update_chain_16,5,3675,5777.959,14560.000,true
current,5,positional_naming_CAMEL_CASE,5,8218,2246.654,1880.000,true
current,5,named_group_order,5,9425,2026.653,3936.000,true
current,5,mybatis_union_raw,5,19281,1081.448,1472.000,true
current,5,positional_naming_UPPER_CAMEL_CASE,5,6496,3301.693,3376.000,true
current,5,named_dialect_MySQL,5,17859,1141.408,2408.000,true
current,5,raw_nested,5,9416,851.168,1616.000,true
current,5,raw_batch_4,5,13238,1558.302,3432.000,true
current,5,named_subquery_structured,5,6639,1359.512,3568.000,true
current,5,mybatis_in_1024,5,168,87232.143,182240.000,true
current,5,raw_mixed_literals,5,12793,1150.645,1864.000,true
current,5,named_select_entity,5,15868,471.282,1304.000,true
current,5,mybatis_insert_entity,5,17181,748.571,1568.000,true
current,5,mybatis_row_in,5,12330,1126.715,2272.000,true
current,5,mybatis_where_16,5,4479,3974.481,5336.000,true
current,5,raw_where_16,5,6878,2869.453,3272.000,true
current,5,mybatis_pagination,5,21329,943.439,2152.000,true
current,5,positional_in_1024,5,3558,5682.574,20800.000,true
current,5,raw_naming_CAMEL_CASE,5,9571,2538.220,1504.000,true
current,5,named_where_eq,5,12191,734.476,1976.000,true
current,5,mybatis_naming_SCREAMING_SNAKE_CASE,5,3458,4665.095,5352.000,true
current,5,named_select_star,5,89732,232.446,880.000,true
current,5,positional_union_builder,5,9977,2262.203,3920.000,true
current,5,raw_select_expressions,5,14978,1593.617,1936.000,true
current,5,raw_insert_placeholders,5,46256,470.309,1208.000,true
current,5,positional_group_order,5,13584,1646.592,3112.000,true
current,5,raw_select_columns,5,26933,582.438,1216.000,true
current,5,raw_subquery_structured,5,19206,1087.056,2720.000,true
current,5,positional_dialect_MySQL,5,13385,800.695,1848.000,true
current,5,mybatis_derived,5,4776,4205.423,7208.000,true
current,5,positional_insert_entity,5,40936,544.338,1192.000,true
current,5,raw_naming_KEBAB_CASE,5,6966,3503.230,3272.000,true
current,5,positional_dialect_Microsoft_SQL_Server,5,16231,1110.061,2032.000,true
current,5,named_batch_64,5,490,23997.347,72360.000,true
current,5,positional_join_using,5,29258,774.735,1752.000,true
current,5,mybatis_select_entity,5,33934,517.410,1304.000,true
current,5,raw_join_using,5,30370,667.251,1664.000,true
current,5,positional_select_star,5,101695,204.934,880.000,true
current,5,named_in_1024,5,97,117977.320,278560.000,true
current,5,raw_update_map,5,15565,817.013,1960.000,true
current,5,named_insert_values,5,19557,932.694,2176.000,true
current,5,raw_condition_only,5,7929,2540.762,2720.000,true
current,5,positional_select_expressions,5,14620,1562.551,1936.000,true
current,5,positional_derived,5,6140,3745.896,5480.000,true
current,5,named_between,5,7799,1234.684,2600.000,true
current,5,positional_naming_KEBAB_CASE,5,6834,3592.888,3648.000,true
current,5,raw_insert_entity,5,32265,1233.051,1264.000,true
current,5,raw_in_17,5,30668,836.579,1352.000,true
current,5,named_subquery_raw,5,21000,608.205,1344.000,true
current,5,named_select_columns,5,27676,620.841,1216.000,true
current,5,named_repeated_names,5,473,21531.712,42584.000,true
current,5,positional_repeated_names,5,1801,13908.717,17240.000,true
current,5,raw_naming_SCREAMING_SNAKE_CASE,5,6898,3404.958,3288.000,true
current,5,positional_in_16,5,30703,757.789,1728.000,true
current,5,mybatis_raw_expression,5,19306,987.424,1744.000,true
current,5,positional_select_entity,5,44022,565.429,1304.000,true
current,5,mybatis_update_chain_16,5,2068,10397.147,21304.000,true
current,5,named_pagination,5,16575,1535.602,2384.000,true
current,5,named_derived,5,2383,7886.026,7256.000,true
current,5,mybatis_subquery_structured,5,7807,1814.769,3312.000,true
current,5,mybatis_where_128,5,395,36457.722,34848.000,true
current,5,positional_batch_4,5,4482,1399.487,2968.000,true
current,5,named_condition_only,5,2389,4482.796,6384.000,true
current,5,raw_row_in,5,26730,898.586,1608.000,true
current,5,positional_where_128,5,967,28273.320,20712.000,true
current,5,mybatis_join_using,5,20476,861.428,1976.000,true
current,5,named_insert_placeholders,5,9523,1361.262,1952.000,true
current,5,raw_union_builder,5,8908,2719.926,3704.000,true
current,5,raw_insert_values,5,17378,1039.452,1536.000,true
current,5,raw_raw_expression,5,22906,1532.210,1744.000,true
current,5,raw_in_expression,5,2789,6337.038,3712.000,true
current,5,positional_dialect_DB2,5,23029,1162.291,2032.000,true
current,5,named_naming_SCREAMING_SNAKE_CASE,5,4885,5558.014,6952.000,true
current,5,named_insert_entity,5,10868,892.262,1904.000,true
current,5,mybatis_delete,5,54333,403.123,1232.000,true
current,5,raw_subquery_raw,5,40445,620.087,1344.000,true
current,5,raw_batch_64,5,1375,13214.836,32232.000,true
current,5,mybatis_condition_only,5,5601,3878.932,4784.000,true
current,5,mybatis_insert_values,5,12221,807.577,1840.000,true
current,5,named_union_builder,5,1795,4455.487,6792.000,true
current,5,named_naming_KEBAB_CASE,5,4826,4818.110,6936.000,true
current,5,raw_join_on,5,18448,1132.139,2336.000,true
current,5,positional_dialect_PostgreSQL,5,23766,929.096,1848.000,true
current,5,positional_join_on,5,18745,1168.061,2424.000,true
current,5,mybatis_between,5,13285,1390.952,2344.000,true
current,5,mybatis_in_16,5,8799,1517.366,4048.000,true
current,5,raw_between,5,26335,784.598,1648.000,true
current,5,mybatis_late_modifier,5,31235,563.967,1656.000,true
current,5,raw_group_order,5,12823,1554.940,2952.000,true
current,5,positional_naming_SCREAMING_SNAKE_CASE,5,6779,3099.174,3664.000,true
current,5,named_raw_expression,5,9667,960.329,1744.000,true
current,5,mybatis_where_eq,5,11820,843.003,1816.000,true
current,5,positional_batch_64,5,2040,9921.225,25496.000,true
current,5,mybatis_select_expressions,5,11964,1473.596,1936.000,true
current,5,mybatis_nested,5,16869,1083.532,2024.000,true
current,5,custom_handler_where,5,4921,4189.555,6968.000,true
current,5,named_naming_CAMEL_CASE,5,6111,3573.589,5168.000,true
current,5,raw_select_star,5,102018,218.289,880.000,true
current,5,named_in_256,5,407,19686.732,71352.000,true
current,5,named_where_16,5,2363,4489.716,6936.000,true
current,5,mybatis_select_columns,5,33254,595.026,1216.000,true
current,5,named_join_on,5,13270,1440.075,2808.000,true
current,5,positional_in_expression,5,5842,3200.377,7536.000,true
current,5,raw_in_1024,5,1492,14504.826,6328.000,true
current,5,positional_union_raw,5,21022,1228.009,1472.000,true
current,5,named_union_raw,5,13883,1055.024,1472.000,true
current,5,named_retry_rollback,5,3472,3112.874,5304.000,true
current,5,raw_naming_NO_CHANGE,5,10903,1971.283,1504.000,true
current,5,mybatis_naming_CAMEL_CASE,5,6768,3338.593,3568.000,true
current,5,positional_dialect_Oracle,5,25835,829.487,2032.000,true
current,5,named_dialect_PostgreSQL,5,19805,1118.268,2408.000,true
current,5,named_in_expression,5,444,42361.937,72456.000,true
current,5,raw_pagination,5,27100,1330.878,1712.000,true
current,5,positional_update_map,5,25161,844.366,1872.000,true
current,5,positional_between,5,28291,774.904,1736.000,true
current,5,named_dialect_Microsoft_SQL_Server,5,16610,1270.108,2584.000,true
current,5,positional_batch_beans,5,4591,2784.557,6984.000,true
current,5,named_join_using,5,17896,855.823,2136.000,true
current,5,named_update_chain_16,5,1154,9797.314,24072.000,true
current,5,mybatis_repeated_names,5,699,18154.649,30536.000,true
current,5,positional_delete,5,83870,277.223,1000.000,true
current,5,positional_insert_placeholders,5,35761,490.990,1208.000,true
current,5,named_mixed_literals,5,10215,1121.733,2416.000,true
current,5,positional_in_17,5,37305,611.768,1680.000,true
current,5,raw_in_256,5,4428,4079.313,2464.000,true
current,5,positional_naming_NO_CHANGE,5,10470,1976.638,1880.000,true
current,5,positional_retry_rollback,5,6733,2745.626,3864.000,true
current,5,positional_mixed_literals,5,24594,892.470,1696.000,true
current,5,raw_late_modifier,5,42763,521.042,1344.000,true
current,5,mybatis_in_expression,5,824,17956.553,48432.000,true
current,5,mybatis_update_map,5,15418,1182.754,2512.000,true
current,5,mybatis_join_on,5,9278,1252.026,2648.000,true
current,5,positional_condition_only,5,8470,2802.704,3104.000,true
current,5,mybatis_naming_KEBAB_CASE,5,5084,4114.280,5336.000,true
current,5,mybatis_group_order,5,10235,1691.500,3608.000,true
current,5,mybatis_naming_NO_CHANGE,5,7414,2891.894,3568.000,true
current,5,named_select_expressions,5,6827,1326.981,1936.000,true
current,5,named_dialect_DB2,5,19357,949.321,2584.000,true
current,5,raw_batch_beans,5,5380,3704.331,8808.000,true
current,5,mybatis_in_17,5,7704,1503.634,4192.000,true
current,5,positional_select_columns,5,35232,593.560,1216.000,true
current,5,positional_where_16,5,7098,2825.542,3648.000,true
current,5,raw_select_entity,5,38855,492.305,1304.000,true
current,5,named_dialect_Oracle,5,20908,1049.431,2584.000,true
current,5,mybatis_mixed_literals,5,15790,992.502,2080.000,true
current,5,positional_insert_values,5,32577,607.496,1464.000,true
current,5,raw_in_16,5,32693,585.205,1344.000,true
current,5,mybatis_select_star,5,87971,213.789,880.000,true
current,5,named_update_map,5,10363,1194.500,2976.000,true
current,5,named_batch_beans,5,1673,7550.329,18616.000,true
current,5,raw_naming_UPPER_CAMEL_CASE,5,6530,3183.660,3000.000,true
current,5,named_where_128,5,309,33088.026,47920.000,true
current,5,positional_raw_expression,5,23300,891.481,1744.000,true
current,5,positional_subquery_structured,5,18455,1146.508,2856.000,true
current,5,mybatis_batch_beans,5,3345,5049.716,14120.000,true
current,5,raw_derived,5,5989,3309.067,5216.000,true
current,5,positional_late_modifier,5,37644,498.677,1432.000,true
current,5,mybatis_insert_placeholders,5,17757,715.819,1616.000,true
current,5,positional_where_eq,5,32974,671.444,1592.000,true
current,5,mybatis_union_builder,5,4084,4172.209,6768.000,true
current,5,positional_pagination,5,26867,717.784,1824.000,true
current,5,mybatis_batch_64,5,857,21101.984,54296.000,true
current,5,positional_in_256,5,9343,2117.168,6208.000,true
current,5,positional_nested,5,24154,847.003,1704.000,true
current,5,named_in_16,5,4934,1876.611,5520.000,true
current,5,named_naming_NO_CHANGE,5,7096,2823.661,5168.000,true
current,5,mybatis_naming_UPPER_CAMEL_CASE,5,4904,4142.659,5064.000,true
current,5,positional_row_in,5,30297,720.487,1608.000,true
current,5,named_late_modifier,5,15849,558.786,1816.000,true
current,5,mybatis_subquery_raw,5,17287,496.425,1344.000,true
current,5,named_dialect_PostgreSQL,6,19805,1025.655,2408.000,true
current,5,named_pagination,6,16575,928.917,2384.000,true
current,5,mybatis_insert_placeholders,6,17757,664.977,1616.000,true
current,5,mybatis_row_in,6,12330,888.191,2272.000,true
current,5,positional_join_using,6,29258,684.831,1752.000,true
current,5,raw_select_entity,6,38855,477.329,1304.000,true
current,5,named_naming_CAMEL_CASE,6,6111,3269.743,5168.000,true
current,5,positional_retry_rollback,6,6733,2469.078,3864.000,true
current,5,custom_handler_union,6,4569,4521.252,7248.000,true
current,5,named_between,6,7799,1102.359,2600.000,true
current,5,mybatis_repeated_names,6,699,17418.312,30536.000,true
current,5,mybatis_where_eq,6,11820,742.445,1816.000,true
current,5,raw_union_builder,6,8908,2107.914,3704.000,true
current,5,positional_naming_KEBAB_CASE,6,6834,3271.232,3648.000,true
current,5,positional_in_expression,6,5842,3251.523,7536.000,true
current,5,raw_union_raw,6,18267,1093.841,1472.000,true
current,5,named_subquery_raw,6,21000,557.190,1344.000,true
current,5,named_insert_entity,6,10868,762.367,1904.000,true
current,5,positional_subquery_structured,6,18455,1200.797,2856.000,true
current,5,mybatis_update_chain_16,6,2068,8532.447,21304.000,true
current,5,positional_select_expressions,6,14620,1510.964,1936.000,true
current,5,mybatis_in_expression,6,824,17756.432,48432.000,true
current,5,named_group_order,6,9425,1905.263,3936.000,true
current,5,mybatis_batch_beans,6,3345,5201.046,14120.000,true
current,5,mybatis_naming_NO_CHANGE,6,7414,2989.304,3568.000,true
current,5,raw_naming_SCREAMING_SNAKE_CASE,6,6898,3109.293,3288.000,true
current,5,mybatis_subquery_raw,6,17287,447.365,1344.000,true
current,5,named_repeated_names,6,473,19180.973,42584.000,true
current,5,named_naming_SCREAMING_SNAKE_CASE,6,4885,4430.051,6952.000,true
current,5,raw_select_star,6,102018,224.831,880.000,true
current,5,raw_batch_beans,6,5380,3362.472,8808.000,true
current,5,mybatis_batch_4,6,7070,1726.832,4664.000,true
current,5,named_subquery_structured,6,6639,1474.333,3568.000,true
current,5,named_insert_values,6,19557,848.300,2176.000,true
current,5,named_update_map,6,10363,1102.692,2976.000,true
current,5,mybatis_update_map,6,15418,1141.776,2512.000,true
current,5,mybatis_insert_values,6,12221,714.581,1840.000,true
current,5,mybatis_select_entity,6,33934,510.594,1304.000,true
current,5,raw_naming_KEBAB_CASE,6,6966,3065.174,3272.000,true
current,5,raw_in_expression,6,2789,4492.578,3712.000,true
current,5,mybatis_between,6,13285,1036.071,2344.000,true
current,5,positional_batch_64,6,2040,9761.422,25496.000,true
current,5,named_in_1024,6,97,84329.897,278560.000,true
current,5,raw_subquery_raw,6,40445,492.345,1344.000,true
current,5,positional_row_in,6,30297,716.734,1608.000,true
current,5,positional_update_chain_16,6,3675,4506.340,14560.000,true
current,5,raw_where_16,6,6878,3219.352,3272.000,true
current,5,raw_insert_entity,6,32265,580.685,1264.000,true
current,5,named_where_eq,6,12191,720.999,1976.000,true
current,5,positional_union_raw,6,21022,1084.702,1472.000,true
current,5,raw_in_1024,6,1492,12403.351,6328.000,true
current,5,raw_batch_64,6,1375,11800.291,32232.000,true
current,5,mybatis_join_using,6,20476,712.859,1976.000,true
current,5,named_naming_KEBAB_CASE,6,4826,3958.661,6936.000,true
current,5,mybatis_pagination,6,21329,962.731,2152.000,true
current,5,named_select_entity,6,15868,449.968,1304.000,true
current,5,named_select_expressions,6,6827,1427.611,1936.000,true
current,5,positional_late_modifier,6,37644,469.039,1432.000,true
current,5,raw_join_using,6,30370,671.752,1664.000,true
current,5,raw_repeated_names,6,1842,10612.378,14152.000,true
current,5,mybatis_join_on,6,9278,1091.140,2648.000,true
current,5,raw_in_17,6,30668,643.893,1352.000,true
current,5,named_mixed_literals,6,10215,1068.556,2416.000,true
current,5,positional_repeated_names,6,1801,11463.687,17240.000,true
current,5,positional_select_entity,6,44022,508.023,1304.000,true
current,5,positional_naming_NO_CHANGE,6,10470,1984.222,1880.000,true
current,5,mybatis_insert_entity,6,17181,669.944,1568.000,true
current,5,raw_update_chain_16,6,4092,4813.930,13856.000,true
current,5,positional_dialect_MySQL,6,13385,736.900,1848.000,true
current,5,positional_where_eq,6,32974,628.234,1592.000,true
current,5,named_select_star,6,89732,216.735,880.000,true
current,5,mybatis_in_256,6,817,16558.629,47256.000,true
current,5,positional_between,6,28291,741.819,1736.000,true
current,5,raw_condition_only,6,7929,2451.104,2720.000,true
current,5,raw_where_128,6,770,21002.078,17776.000,true
current,5,positional_insert_entity,6,40936,534.937,1192.000,true
current,5,raw_where_eq,6,24625,600.187,1504.000,true
current,5,raw_derived,6,5989,3336.767,5216.000,true
current,5,raw_pagination,6,27100,630.760,1712.000,true
current,5,positional_insert_values,6,32577,596.292,1464.000,true
current,5,named_in_expression,6,444,21203.604,72456.000,true
current,5,mybatis_condition_only,6,5601,3542.957,4784.000,true
current,5,positional_union_builder,6,9977,2070.642,3920.000,true
current,5,named_row_in,6,10595,1070.269,2680.000,true
current,5,positional_select_columns,6,35232,540.639,1216.000,true
current,5,raw_naming_UPPER_CAMEL_CASE,6,6530,3487.443,3000.000,true
current,5,raw_insert_values,6,17378,778.433,1536.000,true
current,5,positional_select_star,6,101695,222.950,880.000,true
current,5,raw_naming_NO_CHANGE,6,10903,1918.426,1504.000,true
current,5,mybatis_where_128,6,395,27183.544,34848.000,true
current,5,named_raw_expression,6,9667,864.208,1744.000,true
current,5,positional_nested,6,24154,876.116,1704.000,true
current,5,raw_select_expressions,6,14978,1356.837,1936.000,true
current,5,positional_condition_only,6,8470,2524.557,3104.000,true
current,5,raw_batch_4,6,13238,1260.319,3432.000,true
current,5,mybatis_batch_64,6,857,21188.331,54296.000,true
current,5,positional_pagination,6,26867,751.785,1824.000,true
current,5,named_retry_rollback,6,3472,2892.022,5304.000,true
current,5,positional_batch_4,6,4482,1306.381,2968.000,true
current,5,mybatis_union_builder,6,4084,3854.750,6768.000,true
current,5,mybatis_nested,6,16869,1059.980,2024.000,true
current,5,named_where_128,6,309,31160.518,47920.000,true
current,5,positional_dialect_PostgreSQL,6,23766,1142.401,1848.000,true
current,5,positional_in_256,6,9343,4357.134,6208.000,true
current,5,positional_where_16,6,7098,3509.355,3648.000,true
current,5,positional_update_map,6,25161,744.692,1872.000,true
current,5,named_nested,6,5664,1009.622,2256.000,true
current,5,raw_naming_CAMEL_CASE,6,9571,2193.543,1504.000,true
current,5,mybatis_select_columns,6,33254,567.243,1216.000,true
current,5,named_condition_only,6,2389,3664.127,6384.000,true
current,5,positional_group_order,6,13584,1542.234,3112.000,true
current,5,positional_mixed_literals,6,24594,830.564,1696.000,true
current,5,named_join_on,6,13270,1191.643,2808.000,true
current,5,positional_raw_expression,6,23300,890.841,1744.000,true
current,5,raw_late_modifier,6,42763,472.759,1344.000,true
current,5,named_dialect_DB2,6,19357,1000.672,2584.000,true
current,5,named_dialect_MySQL,6,17859,931.883,2408.000,true
current,5,named_insert_placeholders,6,9523,650.478,1952.000,true
current,5,named_naming_UPPER_CAMEL_CASE,6,4429,4642.899,6664.000,true
current,5,named_union_raw,6,13883,1003.177,1472.000,true
current,5,named_dialect_Microsoft_SQL_Server,6,16610,1284.256,2584.000,true
current,5,positional_in_17,6,37305,568.476,1680.000,true
current,5,raw_retry_rollback,6,8690,2912.865,3976.000,true
current,5,named_late_modifier,6,15849,559.026,1816.000,true
current,5,mybatis_select_expressions,6,11964,1314.259,1936.000,true
current,5,positional_naming_CAMEL_CASE,6,8218,2336.505,1880.000,true
current,5,positional_naming_UPPER_CAMEL_CASE,6,6496,3067.580,3376.000,true
current,5,named_update_chain_16,6,1154,8862.565,24072.000,true
current,5,positional_where_128,6,967,21673.837,20712.000,true
current,5,named_in_16,6,4934,1594.345,5520.000,true
current,5,named_batch_64,6,490,22776.327,72360.000,true
current,5,raw_in_16,6,32693,621.638,1344.000,true
current,5,named_batch_beans,6,1673,5845.248,18616.000,true
current,5,raw_subquery_structured,6,19206,1023.389,2720.000,true
current,5,mybatis_mixed_literals,6,15790,1026.979,2080.000,true
current,5,mybatis_union_raw,6,19281,1060.246,1472.000,true
current,5,positional_join_on,6,18745,1102.438,2424.000,true
current,5,named_where_16,6,2363,4260.305,6936.000,true
current,5,positional_in_16,6,30703,647.074,1728.000,true
current,5,named_in_256,6,407,22585.749,71352.000,true
current,5,mybatis_select_star,6,87971,219.217,880.000,true
current,5,mybatis_raw_expression,6,19306,869.864,1744.000,true
current,5,raw_row_in,6,26730,753.921,1608.000,true
current,5,mybatis_retry_rollback,6,5061,2761.589,4784.000,true
current,5,mybatis_in_1024,6,168,76570.238,182240.000,true
current,5,positional_dialect_Oracle,6,25835,813.397,2032.000,true
current,5,raw_in_256,6,4428,3398.058,2464.000,true
current,5,named_dialect_Oracle,6,20908,1070.925,2584.000,true
current,5,raw_mixed_literals,6,12793,1112.249,1864.000,true
current,5,named_union_builder,6,1795,3970.251,6792.000,true
current,5,named_join_using,6,17896,939.204,2136.000,true
current,5,mybatis_delete,6,54333,419.625,1232.000,true
current,5,raw_update_map,6,15565,799.364,1960.000,true
current,5,raw_select_columns,6,26933,546.838,1216.000,true
current,5,raw_insert_placeholders,6,46256,494.146,1208.000,true
current,5,mybatis_naming_SCREAMING_SNAKE_CASE,6,3458,3863.592,5352.000,true
current,5,mybatis_late_modifier,6,31235,613.120,1656.000,true
current,5,positional_naming_SCREAMING_SNAKE_CASE,6,6779,3425.535,3664.000,true
current,5,mybatis_naming_KEBAB_CASE,6,5084,4272.836,5336.000,true
current,5,mybatis_in_16,6,8799,1542.028,4048.000,true
current,5,positional_dialect_DB2,6,23029,810.982,2032.000,true
current,5,positional_subquery_raw,6,42657,437.628,1344.000,true
current,5,mybatis_in_17,6,7704,1691.809,4192.000,true
current,5,positional_batch_beans,6,4591,2881.137,6984.000,true
current,5,raw_raw_expression,6,22906,980.979,1744.000,true
current,5,raw_delete,6,92571,248.301,912.000,true
current,5,named_in_17,6,3194,1623.575,5736.000,true
current,5,positional_derived,6,6140,3322.915,5480.000,true
current,5,positional_insert_placeholders,6,35761,445.463,1208.000,true
current,5,positional_dialect_Microsoft_SQL_Server,6,16231,967.722,2032.000,true
current,5,named_naming_NO_CHANGE,6,7096,3018.574,5168.000,true
current,5,positional_in_1024,6,3558,5551.743,20800.000,true
current,5,custom_handler_where,6,4921,4020.910,6968.000,true
current,5,mybatis_where_16,6,4479,3947.712,5336.000,true
current,5,mybatis_derived,6,4776,3825.084,7208.000,true
current,5,raw_between,6,26335,707.712,1648.000,true
current,5,named_derived,6,2383,4066.974,7256.000,true
current,5,mybatis_subquery_structured,6,7807,1271.295,3312.000,true
current,5,mybatis_group_order,6,10235,1719.814,3608.000,true
current,5,raw_join_on,6,18448,1015.855,2336.000,true
current,5,raw_group_order,6,12823,1438.961,2952.000,true
current,5,named_delete,6,28003,363.886,1384.000,true
current,5,mybatis_naming_UPPER_CAMEL_CASE,6,4904,4109.217,5064.000,true
current,5,mybatis_naming_CAMEL_CASE,6,6768,3242.671,3568.000,true
current,5,named_batch_4,6,4789,1925.099,5744.000,true
current,5,positional_delete,6,83870,274.125,1000.000,true
current,5,raw_nested,6,9416,811.194,1616.000,true
current,5,named_select_columns,6,27676,599.617,1216.000,true
current,5,named_in_1024,7,97,85885.567,278560.000,true
current,5,positional_naming_UPPER_CAMEL_CASE,7,6496,3230.480,3376.000,true
current,5,positional_select_star,7,101695,216.290,880.000,true
current,5,named_delete,7,28003,352.527,1384.000,true
current,5,mybatis_naming_SCREAMING_SNAKE_CASE,7,3458,3918.681,5352.000,true
current,5,positional_select_columns,7,35232,609.281,1216.000,true
current,5,positional_pagination,7,26867,695.065,1824.000,true
current,5,raw_insert_placeholders,7,46256,448.279,1208.000,true
current,5,named_select_star,7,89732,226.675,880.000,true
current,5,positional_dialect_PostgreSQL,7,23766,825.099,1848.000,true
current,5,mybatis_insert_placeholders,7,17757,653.776,1616.000,true
current,5,raw_select_entity,7,38855,486.861,1304.000,true
current,5,positional_between,7,28291,697.720,1736.000,true
current,5,positional_delete,7,83870,276.405,1000.000,true
current,5,mybatis_update_map,7,15418,1138.896,2512.000,true
current,5,named_repeated_names,7,473,18195.560,42584.000,true
current,5,raw_where_16,7,6878,2970.224,3272.000,true
current,5,named_nested,7,5664,1257.027,2256.000,true
current,5,positional_naming_CAMEL_CASE,7,8218,2170.930,1880.000,true
current,5,raw_insert_entity,7,32265,553.150,1264.000,true
current,5,raw_raw_expression,7,22906,973.160,1744.000,true
current,5,positional_insert_placeholders,7,35761,423.573,1208.000,true
current,5,named_join_on,7,13270,1202.675,2808.000,true
current,5,named_derived,7,2383,4337.348,7256.000,true
current,5,named_naming_SCREAMING_SNAKE_CASE,7,4885,4379.058,6952.000,true
current,5,named_row_in,7,10595,949.250,2680.000,true
current,5,named_in_16,7,4934,1617.937,5520.000,true
current,5,raw_union_raw,7,18267,1124.760,1472.000,true
current,5,named_dialect_PostgreSQL,7,19805,1072.573,2408.000,true
current,5,named_union_raw,7,13883,1150.162,1472.000,true
current,5,positional_dialect_MySQL,7,13385,899.036,1848.000,true
current,5,positional_join_using,7,29258,650.314,1752.000,true
current,5,positional_subquery_raw,7,42657,486.884,1344.000,true
current,5,mybatis_where_128,7,395,30330.127,34848.000,true
current,5,raw_retry_rollback,7,8690,2625.788,3976.000,true
current,5,named_between,7,7799,1114.810,2600.000,true
current,5,mybatis_naming_CAMEL_CASE,7,6768,3133.141,3568.000,true
current,5,mybatis_batch_4,7,7070,1915.446,4664.000,true
current,5,named_dialect_Microsoft_SQL_Server,7,16610,1156.689,2584.000,true
current,5,mybatis_where_eq,7,11820,838.190,1816.000,true
current,5,named_naming_UPPER_CAMEL_CASE,7,4429,4341.477,6664.000,true
current,5,named_pagination,7,16575,877.864,2384.000,true
current,5,positional_batch_beans,7,4591,3176.672,6984.000,true
current,5,raw_batch_beans,7,5380,6093.234,8808.000,true
current,5,positional_union_raw,7,21022,1599.643,1472.000,true
current,5,mybatis_union_raw,7,19281,1262.414,1472.000,true
current,5,positional_in_1024,7,3558,6138.730,20800.000,true
current,5,named_in_expression,7,444,25302.703,72456.000,true
current,5,raw_select_columns,7,26933,616.682,1216.000,true
current,5,positional_in_16,7,30703,776.846,1728.000,true
current,5,raw_subquery_raw,7,40445,504.532,1344.000,true
current,5,positional_raw_expression,7,23300,1046.348,1744.000,true
current,5,named_subquery_raw,7,21000,491.310,1344.000,true
current,5,mybatis_join_using,7,20476,876.421,1976.000,true
current,5,positional_batch_4,7,4482,1286.479,2968.000,true
current,5,positional_naming_NO_CHANGE,7,10470,2239.570,1880.000,true
current,5,named_batch_64,7,490,27857.347,72360.000,true
current,5,mybatis_in_1024,7,168,81562.500,182240.000,true
current,5,named_select_columns,7,27676,648.132,1216.000,true
current,5,positional_where_16,7,7098,3818.357,3648.000,true
current,5,mybatis_naming_NO_CHANGE,7,7414,3110.399,3568.000,true
current,5,custom_handler_union,7,4569,5362.158,7248.000,true
current,5,positional_condition_only,7,8470,2860.531,3104.000,true
current,5,raw_select_expressions,7,14978,1534.290,1936.000,true
current,5,named_batch_beans,7,1673,7134.369,18616.000,true
current,5,named_insert_placeholders,7,9523,767.143,1952.000,true
current,5,mybatis_select_entity,7,33934,539.541,1304.000,true
current,5,named_update_map,7,10363,1433.822,2976.000,true
current,5,mybatis_union_builder,7,4084,4588.541,6768.000,true
current,5,mybatis_row_in,7,12330,1168.832,2272.000,true
current,5,positional_naming_KEBAB_CASE,7,6834,3658.150,3648.000,true
current,5,named_late_modifier,7,15849,810.240,1816.000,true
current,5,positional_dialect_DB2,7,23029,1009.175,2032.000,true
current,5,named_insert_values,7,19557,985.386,2176.000,true
current,5,mybatis_raw_expression,7,19306,1148.021,1744.000,true
current,5,named_insert_entity,7,10868,863.103,1904.000,true
current,5,mybatis_group_order,7,10235,2057.870,3608.000,true
current,5,positional_update_chain_16,7,3675,5765.007,14560.000,true
current,5,raw_late_modifier,7,42763,584.171,1344.000,true
current,5,raw_select_star,7,102018,253.223,880.000,true
current,5,raw_naming_KEBAB_CASE,7,6966,3755.584,3272.000,true
current,5,named_select_entity,7,15868,602.540,1304.000,true
current,5,raw_where_eq,7,24625,639.163,1504.000,true
current,5,raw_mixed_literals,7,12793,1054.710,1864.000,true
current,5,mybatis_subquery_raw,7,17287,499.815,1344.000,true
current,5,positional_retry_rollback,7,6733,2199.153,3864.000,true
current,5,positional_union_builder,7,9977,2357.332,3920.000,true
current,5,positional_batch_64,7,2040,10316.618,25496.000,true
current,5,positional_group_order,7,13584,1598.594,3112.000,true
current,5,raw_naming_NO_CHANGE,7,10903,1912.529,1504.000,true
current,5,mybatis_subquery_structured,7,7807,1298.822,3312.000,true
current,5,raw_in_expression,7,2789,4269.308,3712.000,true
current,5,positional_row_in,7,30297,724.880,1608.000,true
current,5,mybatis_batch_64,7,857,21247.491,54296.000,true
current,5,mybatis_between,7,13285,1039.052,2344.000,true
current,5,mybatis_naming_UPPER_CAMEL_CASE,7,4904,3961.195,5064.000,true
current,5,named_select_expressions,7,6827,1305.976,1936.000,true
current,5,named_dialect_MySQL,7,17859,967.355,2408.000,true
current,5,named_naming_KEBAB_CASE,7,4826,3996.747,6936.000,true
current,5,positional_subquery_structured,7,18455,1095.958,2856.000,true
current,5,named_where_16,7,2363,4053.999,6936.000,true
current,5,mybatis_select_columns,7,33254,580.574,1216.000,true
current,5,mybatis_nested,7,16869,928.318,2024.000,true
current,5,positional_derived,7,6140,3260.065,5480.000,true
current,5,raw_subquery_structured,7,19206,1012.246,2720.000,true
current,5,raw_naming_SCREAMING_SNAKE_CASE,7,6898,3087.054,3288.000,true
current,5,mybatis_delete,7,54333,326.426,1232.000,true
current,5,named_group_order,7,9425,1778.822,3936.000,true
current,5,named_raw_expression,7,9667,857.639,1744.000,true
current,5,mybatis_insert_entity,7,17181,712.677,1568.000,true
current,5,mybatis_update_chain_16,7,2068,8027.418,21304.000,true
current,5,mybatis_mixed_literals,7,15790,1092.761,2080.000,true
current,5,raw_insert_values,7,17378,600.437,1536.000,true
current,5,raw_where_128,7,770,21106.104,17776.000,true
current,5,mybatis_in_256,7,817,17646.022,47256.000,true
current,5,mybatis_naming_KEBAB_CASE,7,5084,3908.674,5336.000,true
current,5,named_subquery_structured,7,6639,1315.876,3568.000,true
current,5,positional_nested,7,24154,893.686,1704.000,true
current,5,mybatis_in_17,7,7704,1424.429,4192.000,true
current,5,positional_join_on,7,18745,1084.588,2424.000,true
current,5,raw_delete,7,92571,251.699,912.000,true
current,5,raw_row_in,7,26730,677.591,1608.000,true
current,5,named_union_builder,7,1795,3911.922,6792.000,true
current,5,named_batch_4,7,4789,2130.695,5744.000,true
current,5,positional_repeated_names,7,1801,10750.083,17240.000,true
current,5,raw_join_using,7,30370,631.801,1664.000,true
current,5,mybatis_late_modifier,7,31235,582.171,1656.000,true
current,5,named_condition_only,7,2389,3828.715,6384.000,true
current,5,mybatis_repeated_names,7,699,17058.226,30536.000,true
current,5,raw_between,7,26335,740.816,1648.000,true
current,5,positional_in_256,7,9343,1911.099,6208.000,true
current,5,positional_dialect_Oracle,7,25835,837.534,2032.000,true
current,5,named_where_128,7,309,38607.443,47920.000,true
current,5,mybatis_retry_rollback,7,5061,3362.754,4784.000,true
current,5,positional_mixed_literals,7,24594,848.593,1696.000,true
current,5,raw_naming_UPPER_CAMEL_CASE,7,6530,3122.542,3000.000,true
current,5,positional_select_entity,7,44022,512.519,1304.000,true
current,5,positional_select_expressions,7,14620,1314.562,1936.000,true
current,5,raw_naming_CAMEL_CASE,7,9571,2135.064,1504.000,true
current,5,positional_update_map,7,25161,742.681,1872.000,true
current,5,mybatis_select_expressions,7,11964,1358.584,1936.000,true
current,5,positional_in_expression,7,5842,3172.937,7536.000,true
current,5,mybatis_join_on,7,9278,1081.160,2648.000,true
current,5,positional_naming_SCREAMING_SNAKE_CASE,7,6779,3124.325,3664.000,true
current,5,positional_dialect_Microsoft_SQL_Server,7,16231,977.056,2032.000,true
current,5,named_join_using,7,17896,731.381,2136.000,true
current,5,raw_in_17,7,30668,646.899,1352.000,true
current,5,positional_insert_values,7,32577,629.146,1464.000,true
current,5,raw_nested,7,9416,828.749,1616.000,true
current,5,mybatis_in_expression,7,824,17438.471,48432.000,true
current,5,mybatis_condition_only,7,5601,3642.492,4784.000,true
current,5,named_dialect_Oracle,7,20908,1020.298,2584.000,true
current,5,positional_where_eq,7,32974,642.870,1592.000,true
current,5,named_retry_rollback,7,3472,3489.660,5304.000,true
current,5,mybatis_batch_beans,7,3345,5455.575,14120.000,true
current,5,mybatis_in_16,7,8799,1506.830,4048.000,true
current,5,raw_update_chain_16,7,4092,4848.754,13856.000,true
current,5,positional_late_modifier,7,37644,525.640,1432.000,true
current,5,positional_where_128,7,967,20691.624,20712.000,true
current,5,mybatis_insert_values,7,12221,770.346,1840.000,true
current,5,named_in_256,7,407,23408.845,71352.000,true
current,5,mybatis_where_16,7,4479,3824.983,5336.000,true
current,5,mybatis_select_star,7,87971,206.761,880.000,true
current,5,positional_insert_entity,7,40936,534.608,1192.000,true
current,5,raw_union_builder,7,8908,1983.577,3704.000,true
current,5,mybatis_pagination,7,21329,853.702,2152.000,true
current,5,raw_update_map,7,15565,769.990,1960.000,true
current,5,raw_condition_only,7,7929,2396.128,2720.000,true
current,5,named_update_chain_16,7,1154,9567.938,24072.000,true
current,5,named_dialect_DB2,7,19357,986.687,2584.000,true
current,5,raw_repeated_names,7,1842,11570.847,14152.000,true
current,5,positional_in_17,7,37305,563.415,1680.000,true
current,5,raw_pagination,7,27100,703.469,1712.000,true
current,5,raw_batch_64,7,1375,11355.127,32232.000,true
current,5,named_naming_NO_CHANGE,7,7096,3149.718,5168.000,true
current,5,named_in_17,7,3194,1756.450,5736.000,true
current,5,raw_in_256,7,4428,3314.747,2464.000,true
current,5,raw_batch_4,7,13238,1383.668,3432.000,true
current,5,raw_group_order,7,12823,1370.522,2952.000,true
current,5,raw_derived,7,5989,3161.546,5216.000,true
current,5,named_where_eq,7,12191,699.754,1976.000,true
current,5,mybatis_derived,7,4776,4223.953,7208.000,true
current,5,named_naming_CAMEL_CASE,7,6111,7045.066,5168.000,true
current,5,raw_in_16,7,32693,913.847,1344.000,true
current,5,raw_in_1024,7,1492,14484.853,6328.000,true
current,5,custom_handler_where,7,4921,4251.047,6968.000,true
current,5,raw_join_on,7,18448,1096.309,2336.000,true
current,5,named_mixed_literals,7,10215,1053.705,2416.000,true
current,5,named_mixed_literals,8,10215,1151.992,2416.000,true
current,5,positional_row_in,8,30297,691.134,1608.000,true
current,5,raw_raw_expression,8,22906,894.115,1744.000,true
current,5,mybatis_union_raw,8,19281,1098.864,1472.000,true
current,5,named_select_columns,8,27676,522.312,1216.000,true
current,5,raw_subquery_structured,8,19206,1096.912,2720.000,true
current,5,mybatis_condition_only,8,5601,3175.040,4784.000,true
current,5,mybatis_select_expressions,8,11964,1297.643,1936.000,true
current,5,named_dialect_Microsoft_SQL_Server,8,16610,1184.955,2584.000,true
current,5,named_where_128,8,309,29543.689,47920.000,true
current,5,mybatis_where_eq,8,11820,688.223,1816.000,true
current,5,mybatis_subquery_raw,8,17287,523.920,1344.000,true
current,5,positional_where_16,8,7098,2840.237,3648.000,true
current,5,raw_naming_NO_CHANGE,8,10903,1877.153,1504.000,true
current,5,positional_pagination,8,26867,718.595,1824.000,true
current,5,positional_delete,8,83870,255.696,1000.000,true
current,5,mybatis_retry_rollback,8,5061,3110.670,4784.000,true
current,5,named_update_map,8,10363,1358.381,2976.000,true
current,5,mybatis_select_columns,8,33254,560.943,1216.000,true
current,5,mybatis_select_star,8,87971,214.739,880.000,true
current,5,raw_union_raw,8,18267,1056.287,1472.000,true
current,5,mybatis_naming_UPPER_CAMEL_CASE,8,4904,4024.082,5064.000,true
current,5,mybatis_in_17,8,7704,1446.846,4192.000,true
current,5,positional_condition_only,8,8470,2497.910,3104.000,true
current,5,named_where_16,8,2363,3885.865,6936.000,true
current,5,mybatis_pagination,8,21329,859.257,2152.000,true
current,5,mybatis_batch_64,8,857,21002.217,54296.000,true
current,5,positional_where_eq,8,32974,662.473,1592.000,true
current,5,positional_update_chain_16,8,3675,4636.136,14560.000,true
current,5,mybatis_late_modifier,8,31235,582.920,1656.000,true
current,5,raw_select_expressions,8,14978,1305.561,1936.000,true
current,5,positional_derived,8,6140,3259.072,5480.000,true
current,5,raw_select_star,8,102018,210.644,880.000,true
current,5,positional_subquery_raw,8,42657,466.620,1344.000,true
current,5,raw_insert_placeholders,8,46256,428.651,1208.000,true
current,5,raw_naming_UPPER_CAMEL_CASE,8,6530,3190.322,3000.000,true
current,5,raw_naming_SCREAMING_SNAKE_CASE,8,6898,2865.773,3288.000,true
current,5,mybatis_between,8,13285,1018.720,2344.000,true
current,5,positional_between,8,28291,732.562,1736.000,true
current,5,raw_select_columns,8,26933,559.637,1216.000,true
current,5,positional_raw_expression,8,23300,915.906,1744.000,true
current,5,raw_update_map,8,15565,770.935,1960.000,true
current,5,named_select_expressions,8,6827,1326.527,1936.000,true
current,5,named_dialect_MySQL,8,17859,993.969,2408.000,true
current,5,positional_batch_4,8,4482,1109.192,2968.000,true
current,5,mybatis_repeated_names,8,699,17069.957,30536.000,true
current,5,raw_where_128,8,770,21640.779,17776.000,true
current,5,mybatis_where_16,8,4479,3700.826,5336.000,true
current,5,positional_nested,8,24154,814.494,1704.000,true
current,5,positional_batch_64,8,2040,9723.676,25496.000,true
current,5,positional_late_modifier,8,37644,520.341,1432.000,true
current,5,named_insert_entity,8,10868,685.269,1904.000,true
current,5,raw_delete,8,92571,239.937,912.000,true
current,5,raw_join_using,8,30370,649.463,1664.000,true
current,5,named_naming_NO_CHANGE,8,7096,2875.691,5168.000,true
current,5,positional_in_256,8,9343,2008.959,6208.000,true
current,5,named_in_1024,8,97,82243.299,278560.000,true
current,5,raw_row_in,8,26730,744.688,1608.000,true
current,5,positional_select_columns,8,35232,557.329,1216.000,true
current,5,raw_update_chain_16,8,4092,5186.388,13856.000,true
current,5,mybatis_join_on,8,9278,1083.218,2648.000,true
current,5,named_select_star,8,89732,232.418,880.000,true
current,5,named_delete,8,28003,401.836,1384.000,true
current,5,raw_nested,8,9416,863.148,1616.000,true
current,5,raw_condition_only,8,7929,2410.443,2720.000,true
current,5,named_in_expression,8,444,22880.180,72456.000,true
current,5,mybatis_batch_4,8,7070,1827.454,4664.000,true
current,5,named_naming_UPPER_CAMEL_CASE,8,4429,4355.069,6664.000,true
current,5,raw_retry_rollback,8,8690,2680.564,3976.000,true
current,5,positional_update_map,8,25161,795.549,1872.000,true
current,5,raw_in_1024,8,1492,12573.794,6328.000,true
current,5,positional_join_on,8,18745,1044.460,2424.000,true
current,5,mybatis_in_1024,8,168,102617.857,182240.000,true
current,5,named_union_raw,8,13883,1073.457,1472.000,true
current,5,mybatis_group_order,8,10235,1637.313,3608.000,true
current,5,raw_subquery_raw,8,40445,478.158,1344.000,true
current,5,named_batch_64,8,490,23826.327,72360.000,true
current,5,named_in_16,8,4934,1691.123,5520.000,true
current,5,named_repeated_names,8,473,19314.799,42584.000,true
current,5,positional_select_entity,8,44022,509.286,1304.000,true
current,5,positional_union_builder,8,9977,2111.907,3920.000,true
current,5,positional_in_16,8,30703,716.503,1728.000,true
current,5,positional_naming_KEBAB_CASE,8,6834,2908.428,3648.000,true
current,5,named_batch_4,8,4789,2081.771,5744.000,true
current,5,positional_naming_CAMEL_CASE,8,8218,2120.224,1880.000,true
current,5,named_insert_values,8,19557,787.401,2176.000,true
current,5,mybatis_subquery_structured,8,7807,1369.335,3312.000,true
current,5,named_pagination,8,16575,918.787,2384.000,true
current,5,positional_select_expressions,8,14620,1384.699,1936.000,true
current,5,positional_dialect_DB2,8,23029,818.407,2032.000,true
current,5,positional_union_raw,8,21022,1082.423,1472.000,true
current,5,positional_dialect_Oracle,8,25835,783.929,2032.000,true
current,5,custom_handler_union,8,4569,4696.848,7248.000,true
current,5,positional_in_17,8,37305,580.759,1680.000,true
current,5,raw_repeated_names,8,1842,16035.342,14152.000,true
current,5,named_where_eq,8,12191,1536.953,1976.000,true
current,5,mybatis_mixed_literals,8,15790,1776.339,2080.000,true
current,5,raw_in_256,8,4428,3535.095,2464.000,true
current,5,mybatis_update_map,8,15418,1111.629,2512.000,true
current,5,raw_batch_64,8,1375,12399.709,32232.000,true
current,5,positional_dialect_PostgreSQL,8,23766,810.847,1848.000,true
current,5,raw_in_expression,8,2789,4912.191,3712.000,true
current,5,mybatis_insert_placeholders,8,17757,683.680,1616.000,true
current,5,named_batch_beans,8,1673,6025.643,18616.000,true
current,5,raw_batch_beans,8,5380,3488.903,8808.000,true
current,5,named_in_17,8,3194,1607.420,5736.000,true
current,5,positional_naming_SCREAMING_SNAKE_CASE,8,6779,2930.152,3664.000,true
current,5,raw_naming_CAMEL_CASE,8,9571,2260.140,1504.000,true
current,5,positional_group_order,8,13584,1492.211,3112.000,true
current,5,mybatis_naming_CAMEL_CASE,8,6768,2977.763,3568.000,true
current,5,positional_in_expression,8,5842,3136.597,7536.000,true
current,5,named_subquery_structured,8,6639,1503.314,3568.000,true
current,5,named_row_in,8,10595,1190.203,2680.000,true
current,5,raw_late_modifier,8,42763,483.214,1344.000,true
current,5,named_join_using,8,17896,851.285,2136.000,true
current,5,mybatis_where_128,8,395,28476.203,34848.000,true
current,5,named_update_chain_16,8,1154,9399.913,24072.000,true
current,5,named_subquery_raw,8,21000,506.590,1344.000,true
current,5,named_derived,8,2383,3889.845,7256.000,true
current,5,mybatis_insert_values,8,12221,696.678,1840.000,true
current,5,positional_dialect_Microsoft_SQL_Server,8,16231,997.160,2032.000,true
current,5,positional_repeated_names,8,1801,10930.983,17240.000,true
current,5,named_group_order,8,9425,1986.960,3936.000,true
current,5,positional_dialect_MySQL,8,13385,722.010,1848.000,true
current,5,raw_pagination,8,27100,682.461,1712.000,true
current,5,mybatis_nested,8,16869,1024.246,2024.000,true
current,5,raw_between,8,26335,725.673,1648.000,true
current,5,named_retry_rollback,8,3472,3843.721,5304.000,true
current,5,raw_insert_entity,8,32265,559.904,1264.000,true
current,5,positional_select_star,8,101695,219.715,880.000,true
current,5,raw_where_eq,8,24625,629.113,1504.000,true
current,5,raw_in_16,8,32693,600.385,1344.000,true
current,5,named_condition_only,8,2389,3994.935,6384.000,true
current,5,mybatis_row_in,8,12330,944.023,2272.000,true
current,5,named_union_builder,8,1795,3823.454,6792.000,true
current,5,positional_insert_placeholders,8,35761,453.326,1208.000,true
current,5,named_in_256,8,407,20223.833,71352.000,true
current,5,named_naming_KEBAB_CASE,8,4826,4359.490,6936.000,true
current,5,positional_join_using,8,29258,710.390,1752.000,true
current,5,mybatis_naming_KEBAB_CASE,8,5084,3863.493,5336.000,true
current,5,custom_handler_where,8,4921,4266.043,6968.000,true
current,5,mybatis_update_chain_16,8,2068,7808.511,21304.000,true
current,5,positional_in_1024,8,3558,5602.220,20800.000,true
current,5,mybatis_in_256,8,817,17575.520,47256.000,true
current,5,mybatis_in_16,8,8799,1488.851,4048.000,true
current,5,raw_mixed_literals,8,12793,1078.105,1864.000,true
current,5,named_dialect_PostgreSQL,8,19805,1038.213,2408.000,true
current,5,raw_derived,8,5989,3257.055,5216.000,true
current,5,named_dialect_Oracle,8,20908,1009.666,2584.000,true
current,5,raw_insert_values,8,17378,659.431,1536.000,true
current,5,raw_in_17,8,30668,605.850,1352.000,true
current,5,mybatis_batch_beans,8,3345,5407.265,14120.000,true
current,5,positional_retry_rollback,8,6733,2284.747,3864.000,true
current,5,named_dialect_DB2,8,19357,1001.906,2584.000,true
current,5,mybatis_delete,8,54333,344.715,1232.000,true
current,5,positional_where_128,8,967,21001.551,20712.000,true
current,5,mybatis_derived,8,4776,3727.387,7208.000,true
current,5,mybatis_naming_NO_CHANGE,8,7414,2789.830,3568.000,true
current,5,raw_group_order,8,12823,1379.779,2952.000,true
current,5,positional_insert_entity,8,40936,528.320,1192.000,true
current,5,named_nested,8,5664,975.724,2256.000,true
current,5,named_join_on,8,13270,1176.835,2808.000,true
current,5,positional_naming_NO_CHANGE,8,10470,1968.109,1880.000,true
current,5,named_naming_SCREAMING_SNAKE_CASE,8,4885,4140.594,6952.000,true
current,5,raw_select_entity,8,38855,516.242,1304.000,true
current,5,mybatis_in_expression,8,824,17808.495,48432.000,true
current,5,mybatis_naming_SCREAMING_SNAKE_CASE,8,3458,3888.751,5352.000,true
current,5,positional_batch_beans,8,4591,2979.242,6984.000,true
current,5,named_raw_expression,8,9667,865.625,1744.000,true
current,5,positional_insert_values,8,32577,592.832,1464.000,true
current,5,mybatis_insert_entity,8,17181,655.526,1568.000,true
current,5,raw_batch_4,8,13238,1428.630,3432.000,true
current,5,named_insert_placeholders,8,9523,658.122,1952.000,true
current,5,mybatis_join_using,8,20476,714.627,1976.000,true
current,5,named_between,8,7799,1238.979,2600.000,true
current,5,raw_naming_KEBAB_CASE,8,6966,2950.632,3272.000,true
current,5,raw_join_on,8,18448,1013.443,2336.000,true
current,5,raw_where_16,8,6878,2925.662,3272.000,true
current,5,named_late_modifier,8,15849,612.323,1816.000,true
current,5,raw_union_builder,8,8908,2165.862,3704.000,true
current,5,mybatis_union_builder,8,4084,4002.889,6768.000,true
current,5,positional_subquery_structured,8,18455,1107.153,2856.000,true
current,5,mybatis_select_entity,8,33934,503.831,1304.000,true
current,5,mybatis_raw_expression,8,19306,957.697,1744.000,true
current,5,named_select_entity,8,15868,501.538,1304.000,true
current,5,positional_mixed_literals,8,24594,823.046,1696.000,true
current,5,positional_naming_UPPER_CAMEL_CASE,8,6496,3301.770,3376.000,true
current,5,named_naming_CAMEL_CASE,8,6111,3299.705,5168.000,true
current,5,mybatis_where_16,9,4479,3641.058,5336.000,true
current,5,positional_select_star,9,101695,228.453,880.000,true
current,5,positional_union_raw,9,21022,1082.523,1472.000,true
current,5,mybatis_pagination,9,21329,814.562,2152.000,true
current,5,mybatis_select_columns,9,33254,612.504,1216.000,true
current,5,named_dialect_Microsoft_SQL_Server,9,16610,1175.045,2584.000,true
current,5,named_nested,9,5664,997.970,2256.000,true
current,5,raw_select_entity,9,38855,526.074,1304.000,true
current,5,named_insert_values,9,19557,898.261,2176.000,true
current,5,raw_delete,9,92571,239.238,912.000,true
current,5,raw_batch_4,9,13238,1379.967,3432.000,true
current,5,raw_mixed_literals,9,12793,973.462,1864.000,true
current,5,positional_subquery_structured,9,18455,1103.392,2856.000,true
current,5,named_subquery_raw,9,21000,462.219,1344.000,true
current,5,positional_in_1024,9,3558,5906.408,20800.000,true
current,5,named_in_17,9,3194,1607.201,5736.000,true
current,5,raw_raw_expression,9,22906,952.231,1744.000,true
current,5,raw_select_expressions,9,14978,1310.081,1936.000,true
current,5,raw_in_256,9,4428,3448.216,2464.000,true
current,5,named_update_map,9,10363,1122.300,2976.000,true
current,5,mybatis_where_eq,9,11820,812.301,1816.000,true
current,5,raw_in_expression,9,2789,4645.393,3712.000,true
current,5,mybatis_select_star,9,87971,213.976,880.000,true
current,5,positional_dialect_DB2,9,23029,817.105,2032.000,true
current,5,positional_where_eq,9,32974,640.474,1592.000,true
current,5,raw_late_modifier,9,42763,467.813,1344.000,true
current,5,positional_nested,9,24154,833.556,1704.000,true
current,5,named_naming_KEBAB_CASE,9,4826,4166.370,6936.000,true
current,5,custom_handler_union,9,4569,4457.037,7248.000,true
current,5,raw_where_16,9,6878,2800.000,3272.000,true
current,5,raw_derived,9,5989,3240.424,5216.000,true
current,5,raw_naming_CAMEL_CASE,9,9571,2235.587,1504.000,true
current,5,named_naming_CAMEL_CASE,9,6111,3353.445,5168.000,true
current,5,named_naming_SCREAMING_SNAKE_CASE,9,4885,4483.746,6952.000,true
current,5,positional_raw_expression,9,23300,880.326,1744.000,true
current,5,mybatis_naming_CAMEL_CASE,9,6768,3142.243,3568.000,true
current,5,named_repeated_names,9,473,19897.040,42584.000,true
current,5,raw_naming_NO_CHANGE,9,10903,1829.579,1504.000,true
current,5,raw_join_on,9,18448,1078.176,2336.000,true
current,5,raw_batch_beans,9,5380,3168.810,8808.000,true
current,5,mybatis_union_raw,9,19281,1095.602,1472.000,true
current,5,raw_insert_entity,9,32265,569.375,1264.000,true
current,5,raw_in_17,9,30668,684.844,1352.000,true
current,5,positional_update_chain_16,9,3675,5279.102,14560.000,true
current,5,positional_insert_placeholders,9,35761,457.554,1208.000,true
current,5,named_insert_placeholders,9,9523,681.224,1952.000,true
current,5,named_union_builder,9,1795,4487.465,6792.000,true
current,5,named_select_entity,9,15868,592.948,1304.000,true
current,5,named_union_raw,9,13883,1188.598,1472.000,true
current,5,positional_naming_NO_CHANGE,9,10470,2250.688,1880.000,true
current,5,positional_in_16,9,30703,787.630,1728.000,true
current,5,named_dialect_MySQL,9,17859,1009.401,2408.000,true
current,5,raw_insert_values,9,17378,727.374,1536.000,true
current,5,mybatis_update_map,9,15418,1224.043,2512.000,true
current,5,positional_select_columns,9,35232,638.431,1216.000,true
current,5,positional_union_builder,9,9977,2380.485,3920.000,true
current,5,named_dialect_Oracle,9,20908,1410.288,2584.000,true
current,5,named_late_modifier,9,15849,749.719,1816.000,true
current,5,named_in_1024,9,97,105823.711,278560.000,true
current,5,raw_union_raw,9,18267,1138.775,1472.000,true
current,5,named_retry_rollback,9,3472,3844.124,5304.000,true
current,5,mybatis_where_128,9,395,32013.418,34848.000,true
current,5,positional_row_in,9,30297,823.151,1608.000,true
current,5,named_between,9,7799,1297.410,2600.000,true
current,5,named_in_256,9,407,25390.663,71352.000,true
current,5,mybatis_in_16,9,8799,1707.751,4048.000,true
current,5,mybatis_between,9,13285,1547.189,2344.000,true
current,5,named_dialect_DB2,9,19357,1230.997,2584.000,true
current,5,positional_in_256,9,9343,2321.792,6208.000,true
current,5,positional_join_using,9,29258,753.298,1752.000,true
current,5,mybatis_mixed_literals,9,15790,1466.073,2080.000,true
current,5,named_where_128,9,309,36108.091,47920.000,true
current,5,named_join_using,9,17896,981.074,2136.000,true
current,5,positional_batch_beans,9,4591,3187.846,6984.000,true
current,5,named_select_expressions,9,6827,1627.054,1936.000,true
current,5,raw_update_chain_16,9,4092,6805.132,13856.000,true
current,5,positional_pagination,9,26867,911.404,1824.000,true
current,5,mybatis_group_order,9,10235,2032.223,3608.000,true
current,5,positional_dialect_MySQL,9,13385,1057.602,1848.000,true
current,5,raw_union_builder,9,8908,3165.952,3704.000,true
current,5,raw_subquery_raw,9,40445,692.726,1344.000,true
current,5,named_insert_entity,9,10868,1072.497,1904.000,true
current,5,raw_naming_KEBAB_CASE,9,6966,3164.643,3272.000,true
current,5,positional_batch_64,9,2040,9609.020,25496.000,true
current,5,named_join_on,9,13270,1218.757,2808.000,true
current,5,positional_insert_values,9,32577,668.082,1464.000,true
current,5,mybatis_late_modifier,9,31235,608.093,1656.000,true
current,5,mybatis_naming_NO_CHANGE,9,7414,3170.637,3568.000,true
current,5,positional_subquery_raw,9,42657,473.135,1344.000,true
current,5,positional_dialect_PostgreSQL,9,23766,894.400,1848.000,true
current,5,raw_condition_only,9,7929,2594.489,2720.000,true
current,5,positional_late_modifier,9,37644,614.114,1432.000,true
current,5,named_select_star,9,89732,251.789,880.000,true
current,5,positional_group_order,9,13584,1783.046,3112.000,true
current,5,mybatis_insert_entity,9,17181,841.656,1568.000,true
current,5,mybatis_join_on,9,9278,1324.725,2648.000,true
current,5,positional_derived,9,6140,4587.476,5480.000,true
current,5,mybatis_batch_64,9,857,27247.491,54296.000,true
current,5,raw_select_columns,9,26933,933.791,1216.000,true
current,5,mybatis_naming_KEBAB_CASE,9,5084,5156.471,5336.000,true
current,5,raw_naming_UPPER_CAMEL_CASE,9,6530,3735.896,3000.000,true
current,5,raw_insert_placeholders,9,46256,503.504,1208.000,true
current,5,raw_repeated_names,9,1842,12224.756,14152.000,true
current,5,positional_delete,9,83870,351.969,1000.000,true
current,5,positional_naming_CAMEL_CASE,9,8218,2716.196,1880.000,true
current,5,named_where_eq,9,12191,863.580,1976.000,true
current,5,mybatis_retry_rollback,9,5061,3774.709,4784.000,true
current,5,positional_condition_only,9,8470,3113.070,3104.000,true
current,5,named_naming_NO_CHANGE,9,7096,4597.238,5168.000,true
current,5,named_derived,9,2383,5915.653,7256.000,true
current,5,positional_repeated_names,9,1801,19246.030,17240.000,true
current,5,raw_subquery_structured,9,19206,1882.032,2720.000,true
current,5,named_raw_expression,9,9667,1171.822,1744.000,true
current,5,named_batch_64,9,490,43138.571,72360.000,true
current,5,raw_between,9,26335,953.024,1648.000,true
current,5,named_naming_UPPER_CAMEL_CASE,9,4429,7715.399,6664.000,true
current,5,named_row_in,9,10595,1744.851,2680.000,true
current,5,mybatis_subquery_raw,9,17287,848.719,1344.000,true
current,5,named_in_expression,9,444,40032.432,72456.000,true
current,5,positional_naming_UPPER_CAMEL_CASE,9,6496,4020.874,3376.000,true
current,5,raw_join_using,9,30370,916.401,1664.000,true
current,5,positional_between,9,28291,1192.598,1736.000,true
current,5,raw_select_star,9,102018,412.761,880.000,true
current,5,mybatis_row_in,9,12330,1789.059,2272.000,true
current,5,named_in_16,9,4934,2328.679,5520.000,true
current,5,mybatis_raw_expression,9,19306,1399.984,1744.000,true
current,5,mybatis_join_using,9,20476,1080.348,1976.000,true
current,5,mybatis_update_chain_16,9,2068,11505.126,21304.000,true
current,5,positional_retry_rollback,9,6733,3585.074,3864.000,true
current,5,positional_select_expressions,9,14620,2122.367,1936.000,true
current,5,raw_pagination,9,27100,956.801,1712.000,true
current,5,named_condition_only,9,2389,4584.847,6384.000,true
current,5,raw_in_16,9,32693,900.985,1344.000,true
current,5,raw_batch_64,9,1375,15905.382,32232.000,true
current,5,raw_nested,9,9416,1187.479,1616.000,true
current,5,mybatis_naming_UPPER_CAMEL_CASE,9,4904,5026.122,5064.000,true
current,5,mybatis_derived,9,4776,4632.998,7208.000,true
current,5,positional_batch_4,9,4482,1357.006,2968.000,true
current,5,positional_join_on,9,18745,1370.808,2424.000,true
current,5,mybatis_in_expression,9,824,22982.524,48432.000,true
current,5,named_select_columns,9,27676,685.435,1216.000,true
current,5,mybatis_naming_SCREAMING_SNAKE_CASE,9,3458,5024.523,5352.000,true
current,5,positional_insert_entity,9,40936,687.173,1192.000,true
current,5,mybatis_insert_values,9,12221,957.221,1840.000,true
current,5,named_where_16,9,2363,5378.417,6936.000,true
current,5,positional_dialect_Microsoft_SQL_Server,9,16231,1252.338,2032.000,true
current,5,positional_naming_KEBAB_CASE,9,6834,3663.199,3648.000,true
current,5,raw_row_in,9,26730,861.781,1608.000,true
current,5,mybatis_batch_4,9,7070,2029.052,4664.000,true
current,5,raw_where_128,9,770,22401.039,17776.000,true
current,5,positional_update_map,9,25161,893.140,1872.000,true
current,5,mybatis_repeated_names,9,699,24503.290,30536.000,true
current,5,raw_naming_SCREAMING_SNAKE_CASE,9,6898,3542.592,3288.000,true
current,5,named_subquery_structured,9,6639,1892.830,3568.000,true
current,5,named_mixed_literals,9,10215,1131.268,2416.000,true
current,5,mybatis_in_17,9,7704,1577.336,4192.000,true
current,5,named_group_order,9,9425,2351.714,3936.000,true
current,5,named_update_chain_16,9,1154,14183.189,24072.000,true
current,5,mybatis_condition_only,9,5601,4668.345,4784.000,true
current,5,named_dialect_PostgreSQL,9,19805,1255.365,2408.000,true
current,5,mybatis_delete,9,54333,396.562,1232.000,true
current,5,positional_select_entity,9,44022,571.994,1304.000,true
current,5,mybatis_select_expressions,9,11964,1495.319,1936.000,true
current,5,raw_update_map,9,15565,799.647,1960.000,true
current,5,mybatis_select_entity,9,33934,570.599,1304.000,true
current,5,positional_mixed_literals,9,24594,1000.988,1696.000,true
current,5,positional_in_expression,9,5842,3505.289,7536.000,true
current,5,raw_in_1024,9,1492,18900.201,6328.000,true
current,5,named_batch_beans,9,1673,6989.181,18616.000,true
current,5,named_pagination,9,16575,1016.772,2384.000,true
current,5,positional_in_17,9,37305,657.716,1680.000,true
current,5,positional_where_16,9,7098,3159.735,3648.000,true
current,5,named_batch_4,9,4789,2300.063,5744.000,true
current,5,custom_handler_where,9,4921,4468.665,6968.000,true
current,5,positional_where_128,9,967,22765.357,20712.000,true
current,5,mybatis_insert_placeholders,9,17757,767.207,1616.000,true
current,5,mybatis_batch_beans,9,3345,5639.133,14120.000,true
current,5,mybatis_in_256,9,817,19047.980,47256.000,true
current,5,positional_naming_SCREAMING_SNAKE_CASE,9,6779,3191.031,3664.000,true
current,5,raw_group_order,9,12823,1502.636,2952.000,true
current,5,mybatis_nested,9,16869,1032.254,2024.000,true
current,5,raw_where_eq,9,24625,729.775,1504.000,true
current,5,named_delete,9,28003,434.961,1384.000,true
current,5,mybatis_in_1024,9,168,81260.119,182240.000,true
current,5,mybatis_subquery_structured,9,7807,1539.798,3312.000,true
current,5,positional_dialect_Oracle,9,25835,830.973,2032.000,true
current,5,raw_retry_rollback,9,8690,2924.891,3976.000,true
current,5,mybatis_union_builder,9,4084,4246.131,6768.000,true
