version,fork,case,round,operations,ns_per_op,bytes_per_op,equivalent
current,3,named_subquery_structured,1,15322,1386.725,3568.000,true
current,3,mybatis_in_1024,1,283,85647.703,182240.000,true
current,3,positional_retry_rollback,1,7047,2432.468,3864.000,true
current,3,mybatis_between,1,20774,1324.872,2344.000,true
current,3,named_batch_4,1,10174,1808.325,5584.000,true
current,3,named_batch_beans,1,3001,6322.792,18616.000,true
current,3,positional_join_using,1,31474,718.749,1752.000,true
current,3,mybatis_repeated_names,1,1081,18192.692,30536.000,true
current,3,positional_select_star,1,104307,215.294,880.000,true
current,3,raw_select_entity,1,39721,535.349,1304.000,true
current,3,mybatis_naming_CAMEL_CASE,1,6658,3059.973,3568.000,true
current,3,raw_in_1024,1,1602,14062.984,6328.000,true
current,3,named_derived,1,4319,4463.255,7256.000,true
current,3,raw_where_16,1,7306,2931.782,3272.000,true
current,3,positional_join_on,1,20469,1131.272,2424.000,true
current,3,positional_naming_CAMEL_CASE,1,8983,2086.408,1880.000,true
current,3,mybatis_subquery_raw,1,37778,483.472,1344.000,true
current,3,mybatis_in_16,1,14314,1489.074,4048.000,true
current,3,named_in_1024,1,210,90720.476,278560.000,true
current,3,named_in_expression,1,882,24071.995,72456.000,true
current,3,positional_condition_only,1,7904,2394.446,3104.000,true
current,3,mybatis_retry_rollback,1,7488,3676.856,4784.000,true
current,3,positional_naming_SCREAMING_SNAKE_CASE,1,5047,3127.184,3664.000,true
current,3,named_dialect_DB2,1,20609,1046.388,2584.000,true
current,3,positional_insert_entity,1,20057,581.627,1192.000,true
current,3,mybatis_batch_4,1,11642,2596.075,4504.000,true
current,3,named_insert_placeholders,1,22790,651.961,1952.000,true
current,3,mybatis_naming_UPPER_CAMEL_CASE,1,4824,4373.155,5064.000,true
current,3,raw_batch_4,1,16887,1230.378,3272.000,true
current,3,mybatis_insert_entity,1,28024,774.907,1568.000,true
current,3,positional_in_expression,1,5855,3462.391,7536.000,true
current,3,raw_derived,1,6193,3365.913,5216.000,true
current,3,mybatis_join_using,1,28307,751.298,1976.000,true
current,3,named_mixed_literals,1,14403,1059.252,2416.000,true
current,3,mybatis_derived,1,5124,4151.483,7208.000,true
current,3,positional_mixed_literals,1,24618,905.979,1696.000,true
current,3,named_select_star,1,80632,222.221,880.000,true
current,3,mybatis_insert_values,1,26520,769.525,1840.000,true
current,3,positional_late_modifier,1,38910,507.764,1432.000,true
current,3,positional_union_builder,1,9268,2309.614,3992.000,true
current,3,raw_where_eq,1,34461,620.705,1504.000,true
current,3,named_late_modifier,1,37181,605.729,1816.000,true
current,3,mybatis_join_on,1,18602,1199.226,2648.000,true
current,3,named_insert_values,1,23805,828.868,2176.000,true
current,3,named_batch_64,1,954,22769.078,70280.000,true
current,3,raw_in_16,1,31109,611.582,1344.000,true
current,3,raw_batch_64,1,1848,11510.444,30152.000,true
current,3,raw_delete,1,81859,274.583,912.000,true
current,3,named_select_entity,1,38897,512.829,1304.000,true
current,3,positional_derived,1,5618,3678.640,5480.000,true
current,3,mybatis_update_map,1,19430,1055.244,2512.000,true
current,3,raw_update_map,1,27294,816.319,1960.000,true
current,3,raw_where_128,1,1030,21205.437,17776.000,true
current,3,named_repeated_names,1,1000,19203.400,42584.000,true
current,3,positional_naming_KEBAB_CASE,1,6898,3000.246,3648.000,true
current,3,mybatis_naming_SCREAMING_SNAKE_CASE,1,4907,3955.513,5352.000,true
current,3,named_where_eq,1,26014,771.092,1976.000,true
current,3,named_dialect_Microsoft_SQL_Server,1,18205,1209.261,2584.000,true
current,3,positional_naming_NO_CHANGE,1,11048,1872.330,1880.000,true
current,3,mybatis_group_order,1,12342,2019.503,3608.000,true
current,3,named_nested,1,19112,1105.410,2256.000,true
current,3,positional_update_chain_16,1,4980,6210.301,14560.000,true
current,3,raw_naming_SCREAMING_SNAKE_CASE,1,5445,4190.597,3288.000,true
current,3,mybatis_condition_only,1,6514,4203.316,4784.000,true
current,3,positional_in_17,1,26351,690.076,1680.000,true
current,3,positional_raw_expression,1,21902,1023.906,1744.000,true
current,3,raw_in_256,1,5827,3626.515,2464.000,true
current,3,positional_where_16,1,5886,3234.642,3648.000,true
current,3,positional_batch_64,1,2275,9187.341,23416.000,true
current,3,positional_subquery_raw,1,44067,507.282,1344.000,true
current,3,mybatis_where_16,1,5404,4866.118,5336.000,true
current,3,named_raw_expression,1,23781,1090.320,1744.000,true
current,3,mybatis_select_star,1,83823,232.038,880.000,true
current,3,mybatis_row_in,1,21771,1053.222,2272.000,true
current,3,mybatis_in_expression,1,1186,20630.438,48432.000,true
current,3,positional_select_expressions,1,13491,1671.285,1936.000,true
current,3,positional_dialect_DB2,1,26535,989.380,2032.000,true
current,3,mybatis_select_entity,1,31396,689.123,1304.000,true
current,3,named_in_256,1,938,22981.983,71352.000,true
current,3,raw_naming_KEBAB_CASE,1,6698,3450.657,3272.000,true
current,3,raw_select_star,1,101208,228.737,880.000,true
current,3,mybatis_late_modifier,1,33503,851.321,1656.000,true
current,3,named_dialect_Oracle,1,20887,1138.297,2584.000,true
current,3,named_row_in,1,14272,1081.495,2680.000,true
current,3,raw_select_columns,1,37539,624.082,1216.000,true
current,3,raw_condition_only,1,8737,2657.972,2720.000,true
current,3,positional_where_eq,1,19445,795.274,1592.000,true
current,3,raw_nested,1,25898,945.100,1616.000,true
current,3,positional_insert_placeholders,1,33981,491.601,1208.000,true
current,3,positional_insert_values,1,36282,640.723,1464.000,true
current,3,positional_dialect_Oracle,1,26523,925.962,2032.000,true
current,3,raw_select_expressions,1,14539,1589.607,1936.000,true
current,3,named_dialect_PostgreSQL,1,19345,1145.991,2408.000,true
current,3,mybatis_union_builder,1,4958,5110.670,6840.000,true
current,3,positional_naming_UPPER_CAMEL_CASE,1,5345,3562.544,3376.000,true
current,3,named_union_builder,1,4939,4777.789,6864.000,true
current,3,raw_batch_beans,1,5970,4104.489,8808.000,true
current,3,named_select_expressions,1,13986,1465.794,1936.000,true
current,3,raw_mixed_literals,1,20425,1413.704,1864.000,true
current,3,raw_naming_NO_CHANGE,1,10840,2239.714,1504.000,true
current,3,positional_in_16,1,31513,733.389,1728.000,true
current,3,raw_pagination,1,30236,755.067,1712.000,true
current,3,raw_subquery_raw,1,25238,592.238,1344.000,true
current,3,positional_batch_beans,1,4694,3276.864,6984.000,true
current,3,raw_in_expression,1,4694,6309.523,3712.000,true
current,3,named_subquery_raw,1,45018,723.639,1344.000,true
current,3,mybatis_nested,1,21583,1269.759,2024.000,true
current,3,mybatis_select_columns,1,33995,698.673,1216.000,true
current,3,positional_in_256,1,9700,2261.711,6208.000,true
current,3,named_select_columns,1,34798,671.487,1216.000,true
current,3,named_in_16,1,11401,2029.217,5520.000,true
current,3,positional_union_raw,1,21319,1311.863,1472.000,true
current,3,mybatis_pagination,1,22707,960.695,2152.000,true
current,3,mybatis_naming_KEBAB_CASE,1,5024,4506.409,5336.000,true
current,3,raw_union_builder,1,8297,2808.256,3776.000,true
current,3,named_retry_rollback,1,4999,3804.621,5304.000,true
current,3,named_join_using,1,27474,895.075,2136.000,true
current,3,custom_handler_union,1,4312,5611.317,7320.000,true
current,3,mybatis_raw_expression,1,23317,1228.554,1744.000,true
current,3,positional_between,1,27384,797.006,1736.000,true
current,3,named_dialect_MySQL,1,17688,1335.793,2408.000,true
current,3,raw_insert_entity,1,36213,846.271,1264.000,true
current,3,mybatis_in_256,1,1130,25558.053,47256.000,true
current,3,positional_select_entity,1,28217,820.310,1304.000,true
current,3,mybatis_insert_placeholders,1,31132,725.511,1616.000,true
current,3,positional_dialect_MySQL,1,27364,946.101,1848.000,true
current,3,positional_update_map,1,30252,970.501,1872.000,true
current,3,raw_naming_CAMEL_CASE,1,9015,2910.793,1504.000,true
current,3,named_naming_UPPER_CAMEL_CASE,1,4621,5862.000,6664.000,true
current,3,named_between,1,17145,1730.055,2600.000,true
current,3,mybatis_naming_NO_CHANGE,1,6301,3389.779,3568.000,true
current,3,named_naming_NO_CHANGE,1,5842,4698.631,5168.000,true
current,3,mybatis_where_128,1,755,35025.033,34848.000,true
current,3,positional_select_columns,1,27670,976.885,1216.000,true
current,3,named_update_chain_16,1,2367,19444.064,24072.000,true
current,3,raw_insert_placeholders,1,45121,1075.419,1208.000,true
current,3,raw_raw_expression,1,18989,2053.673,1744.000,true
current,3,named_join_on,1,18332,2964.074,2808.000,true
current,3,raw_naming_UPPER_CAMEL_CASE,1,5919,5561.767,3000.000,true
current,3,named_union_raw,1,20305,2118.301,1472.000,true
current,3,raw_join_using,1,34073,1664.500,1664.000,true
current,3,named_group_order,1,11872,4087.197,3936.000,true
current,3,named_delete,1,59890,839.314,1384.000,true
current,3,named_in_17,1,10125,3580.820,5736.000,true
current,3,raw_in_17,1,35809,1229.071,1352.000,true
current,3,raw_group_order,1,13367,2622.286,2952.000,true
current,3,raw_subquery_structured,1,20870,1605.831,2720.000,true
current,3,raw_repeated_names,1,1948,20705.287,14152.000,true
current,3,named_naming_KEBAB_CASE,1,4624,7805.558,6936.000,true
current,3,custom_handler_where,1,5026,7310.068,6968.000,true
current,3,positional_delete,1,86851,415.280,1000.000,true
current,3,mybatis_update_chain_16,1,2680,12671.604,21304.000,true
current,3,positional_row_in,1,23344,1454.421,1608.000,true
current,3,raw_union_raw,1,21016,2004.872,1472.000,true
current,3,named_update_map,1,18557,2088.737,2976.000,true
current,3,raw_between,1,29374,1292.755,1648.000,true
current,3,raw_late_modifier,1,37916,991.347,1344.000,true
current,3,mybatis_subquery_structured,1,16109,2093.445,3312.000,true
current,3,positional_dialect_PostgreSQL,1,24990,1047.223,1848.000,true
current,3,positional_subquery_structured,1,19960,1418.492,2856.000,true
current,3,positional_nested,1,21480,1479.078,1704.000,true
current,3,mybatis_batch_64,1,1070,22385.047,52216.000,true
current,3,named_where_16,1,4906,4801.712,6936.000,true
current,3,positional_in_1024,1,3717,6318.994,20800.000,true
current,3,named_where_128,1,614,32865.635,47920.000,true
current,3,positional_where_128,1,955,27439.162,20712.000,true
current,3,mybatis_in_17,1,14055,1853.974,4192.000,true
current,3,named_condition_only,1,6177,4006.832,6384.000,true
current,3,positional_dialect_Microsoft_SQL_Server,1,21658,1027.754,2032.000,true
current,3,positional_pagination,1,30354,777.331,1824.000,true
current,3,mybatis_delete,1,69374,350.259,1232.000,true
current,3,positional_batch_4,1,4533,1150.629,2808.000,true
current,3,mybatis_batch_beans,1,3900,6142.051,14120.000,true
current,3,named_naming_SCREAMING_SNAKE_CASE,1,5024,4329.538,6952.000,true
current,3,raw_retry_rollback,1,5650,2978.867,3976.000,true
current,3,raw_row_in,1,30942,1119.107,1608.000,true
current,3,raw_insert_values,1,33920,765.218,1536.000,true
current,3,positional_repeated_names,1,1655,12286.042,17240.000,true
current,3,mybatis_mixed_literals,1,20623,1421.854,2080.000,true
current,3,mybatis_select_expressions,1,14648,1700.014,1936.000,true
current,3,named_pagination,1,23213,990.484,2384.000,true
current,3,mybatis_where_eq,1,30009,787.840,1816.000,true
current,3,named_naming_CAMEL_CASE,1,5900,3340.322,5168.000,true
current,3,positional_group_order,1,14656,1651.774,3112.000,true
current,3,mybatis_union_raw,1,20341,1098.540,1472.000,true
current,3,named_insert_entity,1,26742,820.051,1904.000,true
current,3,raw_join_on,1,20646,1167.427,2336.000,true
current,3,raw_update_chain_16,1,4669,4826.023,13856.000,true
current,3,positional_late_modifier,2,38910,562.406,1432.000,true
current,3,named_raw_expression,2,23781,1003.532,1744.000,true
current,3,named_retry_rollback,2,4999,3897.279,5304.000,true
current,3,mybatis_in_16,2,14314,1592.392,4048.000,true
current,3,named_union_raw,2,20305,1327.648,1472.000,true
current,3,named_mixed_literals,2,14403,1329.070,2416.000,true
current,3,positional_in_17,2,26351,631.547,1680.000,true
current,3,mybatis_join_on,2,18602,1405.784,2648.000,true
current,3,mybatis_union_builder,2,4958,4858.673,6840.000,true
current,3,mybatis_batch_64,2,1070,24366.168,52216.000,true
current,3,raw_select_entity,2,39721,573.326,1304.000,true
current,3,named_repeated_names,2,1000,22082.500,42584.000,true
current,3,positional_derived,2,5618,3800.303,5480.000,true
current,3,named_dialect_MySQL,2,17688,1134.227,2408.000,true
current,3,named_insert_placeholders,2,22790,739.890,1952.000,true
current,3,named_select_columns,2,34798,797.707,1216.000,true
current,3,raw_union_builder,2,8297,2893.431,3776.000,true
current,3,raw_retry_rollback,2,5650,3517.558,3976.000,true
current,3,named_in_16,2,11401,2008.148,5520.000,true
current,3,raw_insert_entity,2,36213,1013.978,1264.000,true
current,3,named_subquery_raw,2,45018,692.181,1344.000,true
current,3,positional_select_star,2,104307,377.299,880.000,true
current,3,mybatis_subquery_structured,2,16109,1856.167,3312.000,true
current,3,positional_join_on,2,20469,1669.163,2424.000,true
current,3,named_between,2,17145,1884.538,2600.000,true
current,3,named_dialect_PostgreSQL,2,19345,4956.661,2408.000,true
current,3,positional_union_raw,2,21319,3774.342,1472.000,true
current,3,raw_naming_KEBAB_CASE,2,6698,6100.015,3272.000,true
current,3,raw_mixed_literals,2,20425,1697.856,1864.000,true
current,3,positional_where_eq,2,19445,1151.170,1592.000,true
current,3,raw_naming_CAMEL_CASE,2,9015,3466.855,1504.000,true
current,3,named_where_16,2,4906,8682.572,6936.000,true
current,3,raw_in_expression,2,4694,12052.535,3712.000,true
current,3,positional_select_expressions,2,13491,6707.294,1936.000,true
current,3,raw_select_expressions,2,14539,4862.542,1936.000,true
current,3,named_in_17,2,10125,4826.588,5736.000,true
current,3,positional_dialect_DB2,2,26535,1886.915,2032.000,true
current,3,mybatis_retry_rollback,2,7488,7683.614,4784.000,true
current,3,positional_raw_expression,2,21902,2510.958,1744.000,true
current,3,positional_batch_4,2,4533,2559.541,2808.000,true
current,3,raw_in_16,2,31109,1400.929,1344.000,true
current,3,positional_repeated_names,2,1655,24523.988,17240.000,true
current,3,positional_subquery_raw,2,44067,1142.833,1344.000,true
current,3,mybatis_derived,2,5124,8651.308,7208.000,true
current,3,raw_select_star,2,101208,441.883,880.000,true
current,3,raw_late_modifier,2,37916,1004.747,1344.000,true
current,3,positional_join_using,2,31474,1512.404,1752.000,true
current,3,mybatis_naming_SCREAMING_SNAKE_CASE,2,4907,8322.356,5352.000,true
current,3,positional_batch_beans,2,4694,6411.951,6984.000,true
current,3,raw_repeated_names,2,1948,22845.226,14152.000,true
current,3,raw_row_in,2,30942,1313.276,1608.000,true
current,3,mybatis_raw_expression,2,23317,1896.595,1744.000,true
current,3,mybatis_insert_values,2,26520,1158.563,1840.000,true
current,3,mybatis_batch_beans,2,3900,12613.615,14120.000,true
current,3,named_pagination,2,23213,1926.106,2384.000,true
current,3,mybatis_naming_KEBAB_CASE,2,5024,8080.374,5336.000,true
current,3,mybatis_mixed_literals,2,20623,2320.909,2080.000,true
current,3,named_dialect_Microsoft_SQL_Server,2,18205,2366.778,2584.000,true
current,3,named_batch_4,2,10174,4259.308,5584.000,true
current,3,mybatis_select_columns,2,33995,1204.724,1216.000,true
current,3,raw_subquery_structured,2,20870,2273.230,2720.000,true
current,3,named_batch_beans,2,3001,10477.308,18616.000,true
current,3,positional_dialect_Oracle,2,26523,1618.218,2032.000,true
current,3,mybatis_subquery_raw,2,37778,651.316,1344.000,true
current,3,mybatis_naming_NO_CHANGE,2,6301,3443.231,3568.000,true
current,3,positional_dialect_Microsoft_SQL_Server,2,21658,1176.780,2032.000,true
current,3,raw_pagination,2,30236,807.861,1712.000,true
current,3,positional_naming_NO_CHANGE,2,11048,2206.725,1880.000,true
current,3,positional_between,2,27384,912.935,1736.000,true
current,3,positional_group_order,2,14656,1698.977,3112.000,true
current,3,named_join_using,2,27474,1073.946,2136.000,true
current,3,raw_join_on,2,20646,1336.598,2336.000,true
current,3,raw_update_chain_16,2,4669,4952.688,13856.000,true
current,3,mybatis_where_16,2,5404,4678.238,5336.000,true
current,3,positional_select_columns,2,27670,691.413,1216.000,true
current,3,mybatis_group_order,2,12342,2289.199,3608.000,true
current,3,raw_select_columns,2,37539,711.519,1216.000,true
current,3,named_subquery_structured,2,15322,2066.858,3568.000,true
current,3,raw_insert_placeholders,2,45121,549.307,1208.000,true
current,3,raw_derived,2,6193,5329.275,5216.000,true
current,3,named_in_expression,2,882,27265.193,72456.000,true
current,3,named_in_1024,2,210,104007.143,278560.000,true
current,3,positional_insert_entity,2,20057,637.024,1192.000,true
current,3,mybatis_delete,2,69374,499.054,1232.000,true
current,3,mybatis_select_expressions,2,14648,2039.057,1936.000,true
current,3,raw_batch_beans,2,5970,4804.322,8808.000,true
current,3,raw_join_using,2,34073,909.409,1664.000,true
current,3,mybatis_union_raw,2,20341,1278.669,1472.000,true
current,3,named_naming_CAMEL_CASE,2,5900,4767.915,5168.000,true
current,3,named_select_star,2,80632,317.838,880.000,true
current,3,named_delete,2,59890,539.885,1384.000,true
current,3,mybatis_in_1024,2,283,104190.106,182240.000,true
current,3,named_naming_KEBAB_CASE,2,4624,5573.962,6936.000,true
current,3,named_select_entity,2,38897,596.162,1304.000,true
current,3,raw_where_128,2,1030,27886.019,17776.000,true
current,3,raw_insert_values,2,33920,743.163,1536.000,true
current,3,mybatis_repeated_names,2,1081,21232.470,30536.000,true
current,3,raw_where_16,2,7306,3238.544,3272.000,true
current,3,mybatis_naming_CAMEL_CASE,2,6658,3276.194,3568.000,true
current,3,positional_update_map,2,30252,804.972,1872.000,true
current,3,positional_naming_CAMEL_CASE,2,8983,2376.734,1880.000,true
current,3,named_union_builder,2,4939,5090.686,6864.000,true
current,3,raw_naming_SCREAMING_SNAKE_CASE,2,5445,3270.744,3288.000,true
current,3,mybatis_late_modifier,2,33503,717.772,1656.000,true
current,3,mybatis_in_17,2,14055,1724.845,4192.000,true
current,3,named_update_chain_16,2,2367,10856.992,24072.000,true
current,3,raw_where_eq,2,34461,736.485,1504.000,true
current,3,raw_naming_NO_CHANGE,2,10840,2083.948,1504.000,true
current,3,named_nested,2,19112,1197.342,2256.000,true
current,3,positional_select_entity,2,28217,580.239,1304.000,true
current,3,mybatis_pagination,2,22707,934.558,2152.000,true
current,3,named_naming_SCREAMING_SNAKE_CASE,2,5024,4590.267,6952.000,true
current,3,mybatis_between,2,20774,1140.406,2344.000,true
current,3,mybatis_update_map,2,19430,1108.230,2512.000,true
current,3,positional_nested,2,21480,971.997,1704.000,true
current,3,mybatis_join_using,2,28307,785.608,1976.000,true
current,3,mybatis_naming_UPPER_CAMEL_CASE,2,4824,4549.378,5064.000,true
current,3,raw_nested,2,25898,925.751,1616.000,true
current,3,raw_in_1024,2,1602,13790.637,6328.000,true
current,3,mybatis_where_eq,2,30009,771.435,1816.000,true
current,3,positional_row_in,2,23344,845.639,1608.000,true
current,3,positional_pagination,2,30354,759.066,1824.000,true
current,3,named_join_on,2,18332,1262.579,2808.000,true
current,3,mybatis_row_in,2,21771,1013.596,2272.000,true
current,3,positional_where_16,2,5886,3083.554,3648.000,true
current,3,mybatis_insert_placeholders,2,31132,668.184,1616.000,true
current,3,positional_naming_SCREAMING_SNAKE_CASE,2,5047,3284.783,3664.000,true
current,3,raw_in_17,2,35809,609.093,1352.000,true
current,3,raw_raw_expression,2,18989,951.798,1744.000,true
current,3,positional_batch_64,2,2275,9384.791,23416.000,true
current,3,positional_in_1024,2,3717,6550.444,20800.000,true
current,3,named_dialect_Oracle,2,20887,1106.655,2584.000,true
current,3,mybatis_update_chain_16,2,2680,8697.201,21304.000,true
current,3,named_where_eq,2,26014,770.431,1976.000,true
current,3,raw_union_raw,2,21016,1106.024,1472.000,true
current,3,positional_dialect_PostgreSQL,2,24990,804.238,1848.000,true
current,3,raw_delete,2,81859,278.496,912.000,true
current,3,mybatis_select_star,2,83823,220.851,880.000,true
current,3,positional_in_16,2,31513,816.390,1728.000,true
current,3,positional_in_expression,2,5855,3472.861,7536.000,true
current,3,positional_update_chain_16,2,4980,4652.912,14560.000,true
current,3,raw_group_order,2,13367,1473.143,2952.000,true
current,3,positional_mixed_literals,2,24618,946.998,1696.000,true
current,3,named_select_expressions,2,13986,1500.079,1936.000,true
current,3,positional_in_256,2,9700,2125.031,6208.000,true
current,3,named_naming_UPPER_CAMEL_CASE,2,4621,4399.372,6664.000,true
current,3,positional_condition_only,2,7904,2601.468,3104.000,true
current,3,positional_naming_KEBAB_CASE,2,6898,3258.829,3648.000,true
current,3,named_where_128,2,614,31283.388,47920.000,true
current,3,mybatis_select_entity,2,31396,585.813,1304.000,true
current,3,raw_batch_4,2,16887,1310.487,3272.000,true
current,3,raw_subquery_raw,2,25238,528.627,1344.000,true
current,3,raw_between,2,29374,730.067,1648.000,true
current,3,positional_subquery_structured,2,19960,1245.451,2856.000,true
current,3,mybatis_where_128,2,755,30714.834,34848.000,true
current,3,mybatis_batch_4,2,11642,1902.663,4504.000,true
current,3,positional_retry_rollback,2,7047,2629.800,3864.000,true
current,3,named_update_map,2,18557,1224.142,2976.000,true
current,3,mybatis_condition_only,2,6514,3543.230,4784.000,true
current,3,named_in_256,2,938,20470.576,71352.000,true
current,3,custom_handler_union,2,4312,4945.292,7320.000,true
current,3,positional_insert_values,2,36282,609.897,1464.000,true
current,3,named_derived,2,4319,4806.113,7256.000,true
current,3,positional_naming_UPPER_CAMEL_CASE,2,5345,3283.761,3376.000,true
current,3,mybatis_in_expression,2,1186,20208.179,48432.000,true
current,3,positional_where_128,2,955,21561.466,20712.000,true
current,3,mybatis_in_256,2,1130,19879.735,47256.000,true
current,3,positional_insert_placeholders,2,33981,451.773,1208.000,true
current,3,mybatis_insert_entity,2,28024,813.742,1568.000,true
current,3,named_late_modifier,2,37181,634.875,1816.000,true
current,3,raw_update_map,2,27294,794.585,1960.000,true
current,3,positional_union_builder,2,9268,3000.906,3992.000,true
current,3,raw_in_256,2,5827,3578.737,2464.000,true
current,3,named_insert_entity,2,26742,949.877,1904.000,true
current,3,named_condition_only,2,6177,3548.600,6384.000,true
current,3,positional_delete,2,86851,294.616,1000.000,true
current,3,raw_naming_UPPER_CAMEL_CASE,2,5919,3195.675,3000.000,true
current,3,named_naming_NO_CHANGE,2,5842,3016.210,5168.000,true
current,3,named_insert_values,2,23805,868.444,2176.000,true
current,3,raw_batch_64,2,1848,11201.407,30152.000,true
current,3,raw_condition_only,2,8737,2601.808,2720.000,true
current,3,named_group_order,2,11872,1956.553,3936.000,true
current,3,named_row_in,2,14272,1088.208,2680.000,true
current,3,named_dialect_DB2,2,20609,1047.770,2584.000,true
current,3,named_batch_64,2,954,23326.205,70280.000,true
current,3,custom_handler_where,2,5026,4172.284,6968.000,true
current,3,positional_dialect_MySQL,2,27364,724.857,1848.000,true
current,3,mybatis_nested,2,21583,1017.134,2024.000,true
current,3,named_between,3,17145,1102.543,2600.000,true
current,3,raw_pagination,3,30236,710.673,1712.000,true
current,3,positional_dialect_DB2,3,26535,943.192,2032.000,true
current,3,named_naming_UPPER_CAMEL_CASE,3,4621,4495.997,6664.000,true
current,3,raw_batch_64,3,1848,11507.900,30152.000,true
current,3,raw_union_builder,3,8297,2140.943,3776.000,true
current,3,positional_select_expressions,3,13491,1462.820,1936.000,true
current,3,positional_repeated_names,3,1655,11613.535,17240.000,true
current,3,raw_naming_KEBAB_CASE,3,6698,3293.670,3272.000,true
current,3,mybatis_delete,3,69374,357.350,1232.000,true
current,3,positional_insert_values,3,36282,687.374,1464.000,true
current,3,raw_union_raw,3,21016,1121.683,1472.000,true
current,3,raw_in_256,3,5827,4174.550,2464.000,true
current,3,custom_handler_union,3,4312,4737.825,7320.000,true
current,3,mybatis_join_on,3,18602,1251.527,2648.000,true
current,3,mybatis_select_entity,3,31396,521.503,1304.000,true
current,3,positional_where_16,3,5886,3044.173,3648.000,true
current,3,mybatis_between,3,20774,1110.248,2344.000,true
current,3,mybatis_nested,3,21583,1056.160,2024.000,true
current,3,mybatis_in_expression,3,1186,18846.037,48432.000,true
current,3,raw_where_128,3,1030,21561.359,17776.000,true
current,3,positional_join_using,3,31474,668.774,1752.000,true
current,3,positional_raw_expression,3,21902,954.908,1744.000,true
current,3,named_in_16,3,11401,1794.272,5520.000,true
current,3,raw_join_on,3,20646,1202.315,2336.000,true
current,3,named_in_expression,3,882,24346.372,72456.000,true
current,3,positional_subquery_structured,3,19960,1181.147,2856.000,true
current,3,mybatis_naming_KEBAB_CASE,3,5024,4158.340,5336.000,true
current,3,named_insert_values,3,23805,835.005,2176.000,true
current,3,positional_in_expression,3,5855,4909.872,7536.000,true
current,3,mybatis_select_columns,3,33995,616.891,1216.000,true
current,3,raw_insert_values,3,33920,642.462,1536.000,true
current,3,mybatis_naming_UPPER_CAMEL_CASE,3,4824,4500.808,5064.000,true
current,3,custom_handler_where,3,5026,4099.781,6968.000,true
current,3,raw_between,3,29374,737.155,1648.000,true
current,3,raw_delete,3,81859,267.982,912.000,true
current,3,raw_in_expression,3,4694,5261.078,3712.000,true
current,3,raw_where_16,3,7306,2786.135,3272.000,true
current,3,raw_update_chain_16,3,4669,4729.664,13856.000,true
current,3,named_in_256,3,938,21947.335,71352.000,true
current,3,positional_batch_beans,3,4694,2940.349,6984.000,true
current,3,named_retry_rollback,3,4999,3954.411,5304.000,true
current,3,positional_in_16,3,31513,648.726,1728.000,true
current,3,positional_update_map,3,30252,783.294,1872.000,true
current,3,positional_in_17,3,26351,652.340,1680.000,true
current,3,positional_dialect_Microsoft_SQL_Server,3,21658,1074.185,2032.000,true
current,3,mybatis_insert_entity,3,28024,806.940,1568.000,true
current,3,mybatis_in_1024,3,283,82142.049,182240.000,true
current,3,positional_insert_placeholders,3,33981,476.107,1208.000,true
current,3,named_select_entity,3,38897,562.648,1304.000,true
current,3,positional_select_star,3,104307,224.955,880.000,true
current,3,named_naming_NO_CHANGE,3,5842,2890.140,5168.000,true
current,3,positional_join_on,3,20469,1145.249,2424.000,true
current,3,named_raw_expression,3,23781,924.663,1744.000,true
current,3,positional_select_entity,3,28217,565.450,1304.000,true
current,3,named_naming_SCREAMING_SNAKE_CASE,3,5024,4116.779,6952.000,true
current,3,named_select_expressions,3,13986,1476.348,1936.000,true
current,3,named_subquery_structured,3,15322,1513.680,3568.000,true
current,3,positional_between,3,27384,825.537,1736.000,true
current,3,raw_select_star,3,101208,216.021,880.000,true
current,3,raw_select_expressions,3,14539,1402.091,1936.000,true
current,3,raw_update_map,3,27294,825.581,1960.000,true
current,3,raw_select_columns,3,37539,595.882,1216.000,true
current,3,named_batch_4,3,10174,1966.837,5584.000,true
current,3,named_batch_beans,3,3001,6703.232,18616.000,true
current,3,named_group_order,3,11872,1897.043,3936.000,true
current,3,mybatis_where_eq,3,30009,712.686,1816.000,true
current,3,mybatis_where_16,3,5404,4053.294,5336.000,true
current,3,raw_naming_CAMEL_CASE,3,9015,2119.135,1504.000,true
current,3,named_dialect_MySQL,3,17688,935.250,2408.000,true
current,3,positional_update_chain_16,3,4980,4694.639,14560.000,true
current,3,mybatis_in_256,3,1130,19054.513,47256.000,true
current,3,positional_mixed_literals,3,24618,914.936,1696.000,true
current,3,positional_delete,3,86851,295.340,1000.000,true
current,3,raw_late_modifier,3,37916,473.346,1344.000,true
current,3,mybatis_where_128,3,755,30887.152,34848.000,true
current,3,raw_nested,3,25898,883.481,1616.000,true
current,3,raw_in_1024,3,1602,13119.164,6328.000,true
current,3,mybatis_in_16,3,14314,1590.080,4048.000,true
current,3,mybatis_derived,3,5124,4342.077,7208.000,true
current,3,positional_batch_4,3,4533,1120.229,2808.000,true
current,3,named_join_using,3,27474,786.959,2136.000,true
current,3,mybatis_join_using,3,28307,764.408,1976.000,true
current,3,named_mixed_literals,3,14403,1194.008,2416.000,true
current,3,mybatis_group_order,3,12342,1739.110,3608.000,true
current,3,named_union_builder,3,4939,4486.819,6864.000,true
current,3,raw_in_16,3,31109,596.181,1344.000,true
current,3,mybatis_union_builder,3,4958,4411.597,6840.000,true
current,3,mybatis_condition_only,3,6514,3425.913,4784.000,true
current,3,positional_subquery_raw,3,44067,526.712,1344.000,true
current,3,positional_derived,3,5618,3551.353,5480.000,true
current,3,mybatis_insert_placeholders,3,31132,707.173,1616.000,true
current,3,named_dialect_PostgreSQL,3,19345,997.121,2408.000,true
current,3,positional_dialect_Oracle,3,26523,849.534,2032.000,true
current,3,mybatis_in_17,3,14055,1587.343,4192.000,true
current,3,raw_join_using,3,34073,644.217,1664.000,true
current,3,mybatis_naming_SCREAMING_SNAKE_CASE,3,4907,4143.428,5352.000,true
current,3,raw_where_eq,3,34461,639.125,1504.000,true
current,3,raw_repeated_names,3,1948,11944.918,14152.000,true
current,3,raw_insert_entity,3,36213,598.931,1264.000,true
current,3,mybatis_insert_values,3,26520,848.333,1840.000,true
current,3,positional_union_raw,3,21319,1042.300,1472.000,true
current,3,positional_naming_UPPER_CAMEL_CASE,3,5345,3415.341,3376.000,true
current,3,mybatis_subquery_structured,3,16109,1414.861,3312.000,true
current,3,named_derived,3,4319,4497.638,7256.000,true
current,3,named_subquery_raw,3,45018,517.651,1344.000,true
current,3,named_dialect_DB2,3,20609,1034.475,2584.000,true
current,3,mybatis_select_star,3,83823,228.607,880.000,true
current,3,positional_condition_only,3,7904,2548.988,3104.000,true
current,3,named_condition_only,3,6177,3681.577,6384.000,true
current,3,mybatis_union_raw,3,20341,1051.954,1472.000,true
current,3,positional_naming_NO_CHANGE,3,11048,2056.236,1880.000,true
current,3,named_dialect_Microsoft_SQL_Server,3,18205,1240.577,2584.000,true
current,3,named_where_128,3,614,33036.319,47920.000,true
current,3,named_insert_entity,3,26742,776.423,1904.000,true
current,3,mybatis_update_map,3,19430,1186.727,2512.000,true
current,3,raw_batch_beans,3,5970,3563.668,8808.000,true
current,3,mybatis_retry_rollback,3,7488,3171.888,4784.000,true
current,3,named_select_columns,3,34798,631.134,1216.000,true
current,3,raw_batch_4,3,16887,1320.122,3272.000,true
current,3,positional_union_builder,3,9268,2480.028,3992.000,true
current,3,raw_retry_rollback,3,5650,2773.965,3976.000,true
current,3,named_pagination,3,23213,960.285,2384.000,true
current,3,named_repeated_names,3,1000,19397.000,42584.000,true
current,3,positional_naming_KEBAB_CASE,3,6898,3287.678,3648.000,true
current,3,positional_naming_CAMEL_CASE,3,8983,2156.195,1880.000,true
current,3,positional_row_in,3,23344,675.386,1608.000,true
current,3,mybatis_pagination,3,22707,939.367,2152.000,true
current,3,named_in_17,3,10125,1844.780,5736.000,true
current,3,mybatis_batch_64,3,1070,20315.421,52216.000,true
current,3,mybatis_row_in,3,21771,1023.439,2272.000,true
current,3,positional_pagination,3,30354,756.121,1824.000,true
current,3,raw_raw_expression,3,18989,937.021,1744.000,true
current,3,mybatis_select_expressions,3,14648,1368.658,1936.000,true
current,3,named_where_16,3,4906,4182.878,6936.000,true
current,3,named_batch_64,3,954,23398.113,70280.000,true
current,3,positional_dialect_MySQL,3,27364,748.710,1848.000,true
current,3,positional_retry_rollback,3,7047,2529.999,3864.000,true
current,3,named_join_on,3,18332,1207.037,2808.000,true
current,3,raw_naming_SCREAMING_SNAKE_CASE,3,5445,3192.727,3288.000,true
current,3,raw_mixed_literals,3,20425,1011.819,1864.000,true
current,3,mybatis_naming_NO_CHANGE,3,6301,2734.296,3568.000,true
current,3,raw_condition_only,3,8737,2587.330,2720.000,true
current,3,named_naming_CAMEL_CASE,3,5900,3264.424,5168.000,true
current,3,mybatis_batch_4,3,11642,1887.296,4504.000,true
current,3,mybatis_late_modifier,3,33503,556.114,1656.000,true
current,3,raw_derived,3,6193,3509.333,5216.000,true
current,3,positional_select_columns,3,27670,597.528,1216.000,true
current,3,raw_subquery_raw,3,25238,519.106,1344.000,true
current,3,named_dialect_Oracle,3,20887,975.363,2584.000,true
current,3,raw_select_entity,3,39721,559.072,1304.000,true
current,3,raw_group_order,3,13367,1596.581,2952.000,true
current,3,mybatis_batch_beans,3,3900,5660.564,14120.000,true
current,3,positional_nested,3,21480,946.145,1704.000,true
current,3,raw_naming_UPPER_CAMEL_CASE,3,5919,3261.818,3000.000,true
current,3,named_naming_KEBAB_CASE,3,4624,5283.088,6936.000,true
current,3,named_select_star,3,80632,217.396,880.000,true
current,3,positional_where_eq,3,19445,685.076,1592.000,true
current,3,named_update_map,3,18557,1171.057,2976.000,true
current,3,mybatis_update_chain_16,3,2680,8078.358,21304.000,true
current,3,positional_batch_64,3,2275,9101.407,23416.000,true
current,3,mybatis_naming_CAMEL_CASE,3,6658,3157.525,3568.000,true
current,3,raw_naming_NO_CHANGE,3,10840,1953.026,1504.000,true
current,3,positional_in_256,3,9700,2020.670,6208.000,true
current,3,positional_dialect_PostgreSQL,3,24990,832.577,1848.000,true
current,3,positional_in_1024,3,3717,6463.896,20800.000,true
current,3,mybatis_mixed_literals,3,20623,1066.993,2080.000,true
current,3,mybatis_subquery_raw,3,37778,502.499,1344.000,true
current,3,raw_row_in,3,30942,763.710,1608.000,true
current,3,named_in_1024,3,210,89434.286,278560.000,true
current,3,positional_naming_SCREAMING_SNAKE_CASE,3,5047,3134.951,3664.000,true
current,3,named_nested,3,19112,1125.094,2256.000,true
current,3,mybatis_repeated_names,3,1081,18970.305,30536.000,true
current,3,named_insert_placeholders,3,22790,711.944,1952.000,true
current,3,named_row_in,3,14272,1040.205,2680.000,true
current,3,named_update_chain_16,3,2367,9638.065,24072.000,true
current,3,named_late_modifier,3,37181,642.745,1816.000,true
current,3,named_where_eq,3,26014,1310.806,1976.000,true
current,3,mybatis_raw_expression,3,23317,1351.932,1744.000,true
current,3,named_union_raw,3,20305,1634.701,1472.000,true
current,3,named_delete,3,59890,684.056,1384.000,true
current,3,raw_subquery_structured,3,20870,1510.724,2720.000,true
current,3,positional_group_order,3,14656,2886.013,3112.000,true
current,3,raw_insert_placeholders,3,45121,813.506,1208.000,true
current,3,raw_in_17,3,35809,1100.922,1352.000,true
current,3,positional_late_modifier,3,38910,753.045,1432.000,true
current,3,positional_insert_entity,3,20057,711.343,1192.000,true
current,3,positional_where_128,3,955,30576.963,20712.000,true
current,3,named_select_entity,4,38897,705.245,1304.000,true
current,3,named_group_order,4,11872,3360.318,3936.000,true
current,3,raw_repeated_names,4,1948,18653.337,14152.000,true
current,3,raw_join_using,4,34073,1027.030,1664.000,true
current,3,named_update_map,4,18557,1735.566,2976.000,true
current,3,positional_update_chain_16,4,4980,7070.863,14560.000,true
current,3,named_row_in,4,14272,1855.353,2680.000,true
current,3,raw_in_256,4,5827,5804.754,2464.000,true
current,3,raw_join_on,4,20646,2159.823,2336.000,true
current,3,positional_condition_only,4,7904,4309.919,3104.000,true
current,3,named_select_columns,4,34798,1243.962,1216.000,true
current,3,raw_insert_placeholders,4,45121,675.688,1208.000,true
current,3,raw_retry_rollback,4,5650,3316.319,3976.000,true
current,3,positional_batch_4,4,4533,1258.615,2808.000,true
current,3,named_in_256,4,938,24332.623,71352.000,true
current,3,positional_repeated_names,4,1655,12432.205,17240.000,true
current,3,mybatis_where_16,4,5404,4197.132,5336.000,true
current,3,mybatis_raw_expression,4,23317,1406.639,1744.000,true
current,3,mybatis_mixed_literals,4,20623,2312.452,2080.000,true
current,3,mybatis_select_columns,4,33995,1322.415,1216.000,true
current,3,raw_insert_values,4,33920,2146.736,1536.000,true
current,3,positional_subquery_structured,4,19960,2207.620,2856.000,true
current,3,positional_dialect_DB2,4,26535,1383.953,2032.000,true
current,3,raw_nested,4,25898,1420.550,1616.000,true
current,3,mybatis_select_star,4,83823,412.699,880.000,true
current,3,mybatis_retry_rollback,4,7488,4332.212,4784.000,true
current,3,raw_batch_4,4,16887,2114.526,3272.000,true
current,3,raw_delete,4,81859,294.232,912.000,true
current,3,positional_join_using,4,31474,733.094,1752.000,true
current,3,mybatis_batch_4,4,11642,2330.304,4504.000,true
current,3,named_batch_beans,4,3001,6627.891,18616.000,true
current,3,positional_nested,4,21480,1360.773,1704.000,true
current,3,raw_update_map,4,27294,1478.515,1960.000,true
current,3,named_late_modifier,4,37181,815.731,1816.000,true
current,3,raw_in_16,4,31109,830.544,1344.000,true
current,3,positional_join_on,4,20469,1318.013,2424.000,true
current,3,named_dialect_Microsoft_SQL_Server,4,18205,1406.383,2584.000,true
current,3,positional_delete,4,86851,316.173,1000.000,true
current,3,mybatis_in_1024,4,283,79139.223,182240.000,true
current,3,mybatis_naming_CAMEL_CASE,4,6658,3131.346,3568.000,true
current,3,named_retry_rollback,4,4999,3084.297,5304.000,true
current,3,raw_late_modifier,4,37916,499.214,1344.000,true
current,3,positional_where_16,4,5886,3244.614,3648.000,true
current,3,named_condition_only,4,6177,3773.078,6384.000,true
current,3,mybatis_in_17,4,14055,1659.488,4192.000,true
current,3,mybatis_union_raw,4,20341,1158.178,1472.000,true
current,3,raw_naming_CAMEL_CASE,4,9015,2231.658,1504.000,true
current,3,mybatis_insert_placeholders,4,31132,644.494,1616.000,true
current,3,positional_insert_entity,4,20057,577.439,1192.000,true
current,3,named_subquery_structured,4,15322,1519.456,3568.000,true
current,3,mybatis_insert_entity,4,28024,763.478,1568.000,true
current,3,positional_union_raw,4,21319,1009.203,1472.000,true
current,3,positional_select_expressions,4,13491,1393.774,1936.000,true
current,3,named_batch_64,4,954,23967.086,70280.000,true
current,3,named_select_star,4,80632,219.104,880.000,true
current,3,named_insert_placeholders,4,22790,681.716,1952.000,true
current,3,positional_union_builder,4,9268,2135.822,3992.000,true
current,3,positional_select_star,4,104307,223.134,880.000,true
current,3,mybatis_where_eq,4,30009,739.268,1816.000,true
current,3,named_naming_NO_CHANGE,4,5842,3133.002,5168.000,true
current,3,raw_condition_only,4,8737,2449.479,2720.000,true
current,3,positional_group_order,4,14656,1519.801,3112.000,true
current,3,named_join_using,4,27474,807.312,2136.000,true
current,3,raw_batch_beans,4,5970,3839.464,8808.000,true
current,3,mybatis_repeated_names,4,1081,19431.822,30536.000,true
current,3,positional_insert_values,4,36282,769.608,1464.000,true
current,3,raw_where_128,4,1030,26443.301,17776.000,true
current,3,named_between,4,17145,1353.963,2600.000,true
current,3,mybatis_update_map,4,19430,1788.487,2512.000,true
current,3,raw_between,4,29374,976.329,1648.000,true
current,3,mybatis_where_128,4,755,32896.026,34848.000,true
current,3,raw_insert_entity,4,36213,662.085,1264.000,true
current,3,raw_naming_UPPER_CAMEL_CASE,4,5919,3202.652,3000.000,true
current,3,positional_in_256,4,9700,2304.577,6208.000,true
current,3,mybatis_between,4,20774,1742.861,2344.000,true
current,3,named_naming_KEBAB_CASE,4,4624,7263.235,6936.000,true
current,3,raw_derived,4,6193,6343.452,5216.000,true
current,3,mybatis_late_modifier,4,33503,1345.614,1656.000,true
current,3,mybatis_naming_KEBAB_CASE,4,5024,8567.257,5336.000,true
current,3,positional_where_eq,4,19445,1335.690,1592.000,true
current,3,named_in_expression,4,882,34333.107,72456.000,true
current,3,raw_union_raw,4,21016,2002.684,1472.000,true
current,3,raw_naming_NO_CHANGE,4,10840,2649.022,1504.000,true
current,3,positional_pagination,4,30354,1578.955,1824.000,true
current,3,positional_naming_SCREAMING_SNAKE_CASE,4,5047,6206.519,3664.000,true
current,3,positional_dialect_Microsoft_SQL_Server,4,21658,1428.502,2032.000,true
current,3,named_insert_values,4,23805,1350.893,2176.000,true
current,3,raw_where_16,4,7306,5512.524,3272.000,true
current,3,positional_raw_expression,4,21902,1754.424,1744.000,true
current,3,positional_in_17,4,26351,1151.046,1680.000,true
current,3,positional_dialect_PostgreSQL,4,24990,1072.925,1848.000,true
current,3,raw_update_chain_16,4,4669,6825.209,13856.000,true
current,3,positional_batch_64,4,2275,11006.066,23416.000,true
current,3,mybatis_select_expressions,4,14648,2341.398,1936.000,true
current,3,positional_mixed_literals,4,24618,1709.188,1696.000,true
current,3,raw_pagination,4,30236,1382.901,1712.000,true
current,3,positional_in_expression,4,5855,5452.588,7536.000,true
current,3,mybatis_condition_only,4,6514,5354.084,4784.000,true
current,3,named_where_128,4,614,61737.622,47920.000,true
current,3,positional_late_modifier,4,38910,912.357,1432.000,true
current,3,named_batch_4,4,10174,3552.595,5584.000,true
current,3,named_dialect_Oracle,4,20887,1733.159,2584.000,true
current,3,named_repeated_names,4,1000,26007.600,42584.000,true
current,3,raw_in_17,4,35809,881.574,1352.000,true
current,3,named_naming_SCREAMING_SNAKE_CASE,4,5024,8191.799,6952.000,true
current,3,positional_dialect_MySQL,4,27364,1260.876,1848.000,true
current,3,named_union_raw,4,20305,1481.980,1472.000,true
current,3,raw_select_star,4,101208,343.382,880.000,true
current,3,named_where_16,4,4906,4265.552,6936.000,true
current,3,mybatis_update_chain_16,4,2680,8350.933,21304.000,true
current,3,raw_row_in,4,30942,772.671,1608.000,true
current,3,mybatis_pagination,4,22707,1778.412,2152.000,true
current,3,custom_handler_where,4,5026,5324.871,6968.000,true
current,3,raw_select_entity,4,39721,584.764,1304.000,true
current,3,named_in_17,4,10125,1853.383,5736.000,true
current,3,named_pagination,4,23213,961.366,2384.000,true
current,3,named_select_expressions,4,13986,1786.301,1936.000,true
current,3,raw_raw_expression,4,18989,1131.192,1744.000,true
current,3,positional_subquery_raw,4,44067,541.505,1344.000,true
current,3,mybatis_derived,4,5124,4395.863,7208.000,true
current,3,mybatis_nested,4,21583,1051.346,2024.000,true
current,3,positional_derived,4,5618,3548.932,5480.000,true
current,3,named_join_on,4,18332,1267.609,2808.000,true
current,3,mybatis_subquery_structured,4,16109,1373.301,3312.000,true
current,3,positional_between,4,27384,718.975,1736.000,true
current,3,mybatis_join_on,4,18602,1293.098,2648.000,true
current,3,raw_union_builder,4,8297,2551.055,3776.000,true
current,3,mybatis_in_16,4,14314,1640.443,4048.000,true
current,3,positional_insert_placeholders,4,33981,494.317,1208.000,true
current,3,mybatis_subquery_raw,4,37778,483.496,1344.000,true
current,3,mybatis_delete,4,69374,372.876,1232.000,true
current,3,positional_dialect_Oracle,4,26523,951.966,2032.000,true
current,3,named_delete,4,59890,388.789,1384.000,true
current,3,mybatis_batch_beans,4,3900,7504.256,14120.000,true
current,3,named_raw_expression,4,23781,1062.171,1744.000,true
current,3,raw_select_columns,4,37539,662.362,1216.000,true
current,3,positional_select_columns,4,27670,608.666,1216.000,true
current,3,named_naming_CAMEL_CASE,4,5900,4143.559,5168.000,true
current,3,raw_batch_64,4,1848,11803.463,30152.000,true
current,3,raw_in_expression,4,4694,5408.415,3712.000,true
current,3,raw_subquery_raw,4,25238,528.200,1344.000,true
current,3,custom_handler_union,4,4312,5418.878,7320.000,true
current,3,named_dialect_MySQL,4,17688,1208.418,2408.000,true
current,3,raw_group_order,4,13367,1529.707,2952.000,true
current,3,raw_in_1024,4,1602,13464.107,6328.000,true
current,3,raw_subquery_structured,4,20870,1037.336,2720.000,true
current,3,positional_update_map,4,30252,757.894,1872.000,true
current,3,positional_naming_KEBAB_CASE,4,6898,3234.401,3648.000,true
current,3,positional_in_16,4,31513,720.582,1728.000,true
current,3,mybatis_naming_NO_CHANGE,4,6301,3022.600,3568.000,true
current,3,mybatis_batch_64,4,1070,22172.150,52216.000,true
current,3,mybatis_join_using,4,28307,785.919,1976.000,true
current,3,mybatis_insert_values,4,26520,797.523,1840.000,true
current,3,positional_retry_rollback,4,7047,2755.158,3864.000,true
current,3,mybatis_naming_SCREAMING_SNAKE_CASE,4,4907,3939.658,5352.000,true
current,3,mybatis_select_entity,4,31396,582.221,1304.000,true
current,3,named_in_1024,4,210,98150.000,278560.000,true
current,3,positional_where_128,4,955,23846.911,20712.000,true
current,3,named_nested,4,19112,1027.867,2256.000,true
current,3,named_derived,4,4319,4435.054,7256.000,true
current,3,positional_naming_NO_CHANGE,4,11048,2005.069,1880.000,true
current,3,mybatis_naming_UPPER_CAMEL_CASE,4,4824,4432.069,5064.000,true
current,3,raw_naming_KEBAB_CASE,4,6698,3212.078,3272.000,true
current,3,named_update_chain_16,4,2367,10021.166,24072.000,true
current,3,named_subquery_raw,4,45018,501.033,1344.000,true
current,3,positional_batch_beans,4,4694,2819.791,6984.000,true
current,3,named_where_eq,4,26014,769.893,1976.000,true
current,3,named_insert_entity,4,26742,824.142,1904.000,true
current,3,named_naming_UPPER_CAMEL_CASE,4,4621,4276.737,6664.000,true
current,3,positional_select_entity,4,28217,568.140,1304.000,true
current,3,positional_row_in,4,23344,706.837,1608.000,true
current,3,positional_naming_UPPER_CAMEL_CASE,4,5345,4031.300,3376.000,true
current,3,named_in_16,4,11401,2053.960,5520.000,true
current,3,mybatis_in_expression,4,1186,19727.403,48432.000,true
current,3,raw_mixed_literals,4,20425,1039.001,1864.000,true
current,3,positional_in_1024,4,3717,6604.385,20800.000,true
current,3,mybatis_in_256,4,1130,17704.071,47256.000,true
current,3,mybatis_row_in,4,21771,1027.174,2272.000,true
current,3,raw_where_eq,4,34461,625.472,1504.000,true
current,3,raw_select_expressions,4,14539,1567.150,1936.000,true
current,3,raw_naming_SCREAMING_SNAKE_CASE,4,5445,3436.492,3288.000,true
current,3,named_dialect_DB2,4,20609,1174.681,2584.000,true
current,3,named_union_builder,4,4939,4625.106,6864.000,true
current,3,positional_naming_CAMEL_CASE,4,8983,2297.417,1880.000,true
current,3,named_mixed_literals,4,14403,1179.963,2416.000,true
current,3,mybatis_group_order,4,12342,2179.185,3608.000,true
current,3,mybatis_union_builder,4,4958,4873.134,6840.000,true
current,3,named_dialect_PostgreSQL,4,19345,1011.822,2408.000,true
current,3,mybatis_naming_KEBAB_CASE,5,5024,4224.582,5336.000,true
current,3,named_late_modifier,5,37181,592.725,1816.000,true
current,3,raw_retry_rollback,5,5650,2836.938,3976.000,true
current,3,positional_group_order,5,14656,1472.510,3112.000,true
current,3,mybatis_update_chain_16,5,2680,9131.493,21304.000,true
current,3,raw_in_expression,5,4694,4795.143,3712.000,true
current,3,raw_naming_CAMEL_CASE,5,9015,2516.617,1504.000,true
current,3,named_dialect_PostgreSQL,5,19345,1102.828,2408.000,true
current,3,named_derived,5,4319,4612.202,7256.000,true
current,3,raw_insert_values,5,33920,706.412,1536.000,true
current,3,mybatis_group_order,5,12342,1816.521,3608.000,true
current,3,raw_subquery_raw,5,25238,629.808,1344.000,true
current,3,raw_condition_only,5,8737,2447.476,2720.000,true
current,3,positional_between,5,27384,759.334,1736.000,true
current,3,positional_join_using,5,31474,749.279,1752.000,true
current,3,mybatis_between,5,20774,1091.730,2344.000,true
current,3,raw_group_order,5,13367,2267.352,2952.000,true
current,3,positional_subquery_structured,5,19960,1403.627,2856.000,true
current,3,mybatis_batch_64,5,1070,43559.159,52216.000,true
current,3,positional_select_entity,5,28217,1127.253,1304.000,true
current,3,mybatis_select_entity,5,31396,908.157,1304.000,true
current,3,positional_naming_CAMEL_CASE,5,8983,3946.911,1880.000,true
current,3,mybatis_where_eq,5,30009,1297.831,1816.000,true
current,3,named_nested,5,19112,1642.649,2256.000,true
current,3,positional_late_modifier,5,38910,628.949,1432.000,true
current,3,positional_batch_4,5,4533,1569.049,2808.000,true
current,3,mybatis_select_expressions,5,14648,2133.636,1936.000,true
current,3,raw_select_expressions,5,14539,2004.766,1936.000,true
current,3,named_where_16,5,4906,7186.466,6936.000,true
current,3,mybatis_select_star,5,83823,298.283,880.000,true
current,3,named_select_star,5,80632,351.026,880.000,true
current,3,mybatis_naming_SCREAMING_SNAKE_CASE,5,4907,6775.239,5352.000,true
current,3,positional_pagination,5,30354,1331.136,1824.000,true
current,3,mybatis_where_16,5,5404,7168.949,5336.000,true
current,3,raw_naming_SCREAMING_SNAKE_CASE,5,5445,5632.287,3288.000,true
current,3,named_join_on,5,18332,2376.004,2808.000,true
current,3,mybatis_select_columns,5,33995,1087.916,1216.000,true
current,3,positional_select_expressions,5,13491,2035.038,1936.000,true
current,3,mybatis_derived,5,5124,7288.759,7208.000,true
current,3,positional_join_on,5,20469,2411.315,2424.000,true
current,3,positional_insert_placeholders,5,33981,1009.417,1208.000,true
current,3,positional_dialect_MySQL,5,27364,2246.236,1848.000,true
current,3,named_in_expression,5,882,46796.939,72456.000,true
current,3,named_insert_placeholders,5,22790,1568.039,1952.000,true
current,3,raw_select_entity,5,39721,1265.832,1304.000,true
current,3,mybatis_join_using,5,28307,1596.534,1976.000,true
current,3,positional_where_16,5,5886,3559.701,3648.000,true
current,3,named_retry_rollback,5,4999,3685.537,5304.000,true
current,3,named_batch_64,5,954,24334.277,70280.000,true
current,3,raw_batch_64,5,1848,15887.825,30152.000,true
current,3,custom_handler_union,5,4312,4820.431,7320.000,true
current,3,named_pagination,5,23213,937.987,2384.000,true
current,3,positional_naming_NO_CHANGE,5,11048,1883.300,1880.000,true
current,3,mybatis_subquery_raw,5,37778,483.559,1344.000,true
current,3,raw_nested,5,25898,835.173,1616.000,true
current,3,mybatis_in_1024,5,283,84836.396,182240.000,true
current,3,mybatis_naming_CAMEL_CASE,5,6658,3005.873,3568.000,true
current,3,mybatis_union_builder,5,4958,4362.808,6840.000,true
current,3,mybatis_repeated_names,5,1081,18139.778,30536.000,true
current,3,positional_union_builder,5,9268,2304.748,3992.000,true
current,3,named_between,5,17145,1023.348,2600.000,true
current,3,raw_where_eq,5,34461,634.343,1504.000,true
current,3,positional_dialect_DB2,5,26535,827.880,2032.000,true
current,3,positional_naming_KEBAB_CASE,5,6898,2941.809,3648.000,true
current,3,raw_naming_KEBAB_CASE,5,6698,2960.526,3272.000,true
current,3,positional_update_map,5,30252,961.566,1872.000,true
current,3,positional_in_1024,5,3717,5839.763,20800.000,true
current,3,raw_select_columns,5,37539,585.540,1216.000,true
current,3,positional_in_17,5,26351,588.505,1680.000,true
current,3,named_dialect_MySQL,5,17688,972.925,2408.000,true
current,3,named_update_map,5,18557,1095.479,2976.000,true
current,3,positional_dialect_Microsoft_SQL_Server,5,21658,1073.511,2032.000,true
current,3,raw_in_17,5,35809,713.298,1352.000,true
current,3,mybatis_insert_entity,5,28024,878.072,1568.000,true
current,3,named_insert_values,5,23805,887.120,2176.000,true
current,3,positional_insert_values,5,36282,729.775,1464.000,true
current,3,positional_update_chain_16,5,4980,4547.912,14560.000,true
current,3,raw_batch_4,5,16887,1277.646,3272.000,true
current,3,mybatis_union_raw,5,20341,1037.550,1472.000,true
current,3,named_subquery_structured,5,15322,1460.965,3568.000,true
current,3,positional_delete,5,86851,286.415,1000.000,true
current,3,raw_naming_UPPER_CAMEL_CASE,5,5919,3304.967,3000.000,true
current,3,positional_derived,5,5618,3645.870,5480.000,true
current,3,positional_in_256,5,9700,2286.041,6208.000,true
current,3,positional_batch_64,5,2275,8365.538,23416.000,true
current,3,raw_in_16,5,31109,613.196,1344.000,true
current,3,positional_union_raw,5,21319,1027.797,1472.000,true
current,3,raw_mixed_literals,5,20425,1012.661,1864.000,true
current,3,raw_in_1024,5,1602,13208.677,6328.000,true
current,3,mybatis_raw_expression,5,23317,902.380,1744.000,true
current,3,positional_nested,5,21480,905.903,1704.000,true
current,3,raw_delete,5,81859,266.442,912.000,true
current,3,raw_join_on,5,20646,1144.139,2336.000,true
current,3,named_in_17,5,10125,2010.173,5736.000,true
current,3,raw_raw_expression,5,18989,1040.360,1744.000,true
current,3,mybatis_pagination,5,22707,858.748,2152.000,true
current,3,mybatis_batch_beans,5,3900,5767.538,14120.000,true
current,3,raw_repeated_names,5,1948,11126.745,14152.000,true
current,3,raw_between,5,29374,733.805,1648.000,true
current,3,raw_naming_NO_CHANGE,5,10840,1864.631,1504.000,true
current,3,raw_where_16,5,7306,2922.461,3272.000,true
current,3,raw_select_star,5,101208,207.984,880.000,true
current,3,positional_subquery_raw,5,44067,491.586,1344.000,true
current,3,positional_naming_UPPER_CAMEL_CASE,5,5345,5719.439,3376.000,true
current,3,named_naming_UPPER_CAMEL_CASE,5,4621,6947.890,6664.000,true
current,3,raw_derived,5,6193,4035.540,5216.000,true
current,3,positional_in_16,5,31513,797.899,1728.000,true
current,3,named_naming_NO_CHANGE,5,5842,4365.286,5168.000,true
current,3,positional_mixed_literals,5,24618,1109.201,1696.000,true
current,3,positional_retry_rollback,5,7047,2825.145,3864.000,true
current,3,named_join_using,5,27474,834.811,2136.000,true
current,3,mybatis_batch_4,5,11642,1926.327,4504.000,true
current,3,named_update_chain_16,5,2367,9070.046,24072.000,true
current,3,raw_insert_placeholders,5,45121,444.372,1208.000,true
current,3,mybatis_insert_values,5,26520,791.210,1840.000,true
current,3,positional_raw_expression,5,21902,889.800,1744.000,true
current,3,named_batch_4,5,10174,1940.839,5584.000,true
current,3,positional_where_eq,5,19445,636.765,1592.000,true
current,3,named_row_in,5,14272,1088.264,2680.000,true
current,3,positional_insert_entity,5,20057,548.876,1192.000,true
current,3,mybatis_retry_rollback,5,7488,3614.049,4784.000,true
current,3,named_subquery_raw,5,45018,480.186,1344.000,true
current,3,named_naming_SCREAMING_SNAKE_CASE,5,5024,4372.253,6952.000,true
current,3,mybatis_in_256,5,1130,24424.867,47256.000,true
current,3,custom_handler_where,5,5026,4287.684,6968.000,true
current,3,named_union_raw,5,20305,1084.940,1472.000,true
current,3,positional_select_star,5,104307,247.385,880.000,true
current,3,named_select_columns,5,34798,617.533,1216.000,true
current,3,named_where_eq,5,26014,842.450,1976.000,true
current,3,mybatis_late_modifier,5,33503,588.431,1656.000,true
current,3,named_repeated_names,5,1000,19689.600,42584.000,true
current,3,named_select_expressions,5,13986,1412.756,1936.000,true
current,3,mybatis_join_on,5,18602,1181.615,2648.000,true
current,3,positional_batch_beans,5,4694,2833.447,6984.000,true
current,3,named_mixed_literals,5,14403,1181.205,2416.000,true
current,3,named_dialect_Oracle,5,20887,971.939,2584.000,true
current,3,positional_dialect_PostgreSQL,5,24990,848.715,1848.000,true
current,3,raw_update_chain_16,5,4669,4600.621,13856.000,true
current,3,named_dialect_Microsoft_SQL_Server,5,18205,1167.300,2584.000,true
current,3,positional_row_in,5,23344,739.646,1608.000,true
current,3,named_select_entity,5,38897,538.137,1304.000,true
current,3,named_union_builder,5,4939,4883.782,6864.000,true
current,3,positional_where_128,5,955,23509.215,20712.000,true
current,3,mybatis_nested,5,21583,1174.869,2024.000,true
current,3,named_raw_expression,5,23781,1073.681,1744.000,true
current,3,raw_in_256,5,5827,4760.958,2464.000,true
current,3,raw_insert_entity,5,36213,770.591,1264.000,true
current,3,positional_in_expression,5,5855,5591.067,7536.000,true
current,3,positional_naming_SCREAMING_SNAKE_CASE,5,5047,5652.744,3664.000,true
current,3,named_condition_only,5,6177,4640.813,6384.000,true
current,3,raw_union_builder,5,8297,2404.459,3776.000,true
current,3,mybatis_row_in,5,21771,1002.232,2272.000,true
current,3,positional_repeated_names,5,1655,12142.900,17240.000,true
current,3,mybatis_where_128,5,755,30194.834,34848.000,true
current,3,mybatis_condition_only,5,6514,3859.042,4784.000,true
current,3,mybatis_delete,5,69374,415.747,1232.000,true
current,3,named_insert_entity,5,26742,1253.653,1904.000,true
current,3,mybatis_naming_UPPER_CAMEL_CASE,5,4824,5121.103,5064.000,true
current,3,named_naming_KEBAB_CASE,5,4624,4514.987,6936.000,true
current,3,raw_pagination,5,30236,751.210,1712.000,true
current,3,raw_where_128,5,1030,21648.641,17776.000,true
current,3,mybatis_naming_NO_CHANGE,5,6301,2843.628,3568.000,true
current,3,mybatis_in_expression,5,1186,21066.358,48432.000,true
current,3,named_dialect_DB2,5,20609,1100.839,2584.000,true
current,3,raw_late_modifier,5,37916,547.745,1344.000,true
current,3,raw_batch_beans,5,5970,4008.157,8808.000,true
current,3,mybatis_subquery_structured,5,16109,1585.114,3312.000,true
current,3,raw_union_raw,5,21016,1349.648,1472.000,true
current,3,raw_subquery_structured,5,20870,1229.851,2720.000,true
current,3,mybatis_in_16,5,14314,1703.151,4048.000,true
current,3,named_in_16,5,11401,2027.901,5520.000,true
current,3,named_in_1024,5,210,129854.286,278560.000,true
current,3,positional_dialect_Oracle,5,26523,977.043,2032.000,true
current,3,raw_update_map,5,27294,951.326,1960.000,true
current,3,mybatis_update_map,5,19430,1449.357,2512.000,true
current,3,mybatis_insert_placeholders,5,31132,856.373,1616.000,true
current,3,positional_select_columns,5,27670,882.776,1216.000,true
current,3,raw_row_in,5,30942,895.492,1608.000,true
current,3,named_batch_beans,5,3001,6567.244,18616.000,true
current,3,named_group_order,5,11872,2082.884,3936.000,true
current,3,mybatis_in_17,5,14055,1827.947,4192.000,true
current,3,positional_condition_only,5,7904,2945.711,3104.000,true
current,3,raw_join_using,5,34073,728.697,1664.000,true
current,3,mybatis_mixed_literals,5,20623,1320.657,2080.000,true
current,3,named_where_128,5,614,42225.570,47920.000,true
current,3,named_in_256,5,938,28343.177,71352.000,true
current,3,named_delete,5,59890,457.497,1384.000,true
current,3,named_naming_CAMEL_CASE,5,5900,3501.610,5168.000,true
current,3,named_join_on,6,18332,1291.239,2808.000,true
current,3,raw_mixed_literals,6,20425,1030.262,1864.000,true
current,3,mybatis_batch_64,6,1070,21556.636,52216.000,true
current,3,positional_dialect_PostgreSQL,6,24990,846.271,1848.000,true
current,3,raw_nested,6,25898,880.937,1616.000,true
current,3,named_insert_values,6,23805,850.103,2176.000,true
current,3,named_derived,6,4319,4095.555,7256.000,true
current,3,raw_condition_only,6,8737,2427.034,2720.000,true
current,3,raw_insert_entity,6,36213,613.260,1264.000,true
current,3,named_in_expression,6,882,23615.873,72456.000,true
current,3,mybatis_derived,6,5124,3945.101,7208.000,true
current,3,named_select_columns,6,34798,577.165,1216.000,true
current,3,raw_in_17,6,35809,667.008,1352.000,true
current,3,mybatis_raw_expression,6,23317,939.606,1744.000,true
current,3,raw_subquery_structured,6,20870,975.515,2720.000,true
current,3,mybatis_insert_values,6,26520,755.400,1840.000,true
current,3,raw_where_128,6,1030,19896.311,17776.000,true
current,3,named_delete,6,59890,364.867,1384.000,true
current,3,positional_delete,6,86851,273.860,1000.000,true
current,3,positional_derived,6,5618,3454.005,5480.000,true
current,3,mybatis_select_star,6,83823,206.805,880.000,true
current,3,named_dialect_PostgreSQL,6,19345,986.658,2408.000,true
current,3,mybatis_join_using,6,28307,708.645,1976.000,true
current,3,named_dialect_Oracle,6,20887,1001.230,2584.000,true
current,3,mybatis_pagination,6,22707,894.755,2152.000,true
current,3,custom_handler_where,6,5026,5050.259,6968.000,true
current,3,positional_naming_CAMEL_CASE,6,8983,2936.547,1880.000,true
current,3,mybatis_in_1024,6,283,94670.318,182240.000,true
current,3,raw_naming_UPPER_CAMEL_CASE,6,5919,3877.564,3000.000,true
current,3,positional_batch_beans,6,4694,3787.239,6984.000,true
current,3,raw_select_columns,6,37539,867.833,1216.000,true
current,3,positional_batch_4,6,4533,1470.792,2808.000,true
current,3,mybatis_subquery_structured,6,16109,1747.266,3312.000,true
current,3,positional_union_raw,6,21319,1214.921,1472.000,true
current,3,named_naming_KEBAB_CASE,6,4624,4773.984,6936.000,true
current,3,raw_subquery_raw,6,25238,599.160,1344.000,true
current,3,positional_late_modifier,6,38910,549.856,1432.000,true
current,3,positional_dialect_MySQL,6,27364,791.547,1848.000,true
current,3,named_raw_expression,6,23781,1345.667,1744.000,true
current,3,positional_join_on,6,20469,1693.463,2424.000,true
current,3,positional_retry_rollback,6,7047,5142.699,3864.000,true
current,3,positional_naming_SCREAMING_SNAKE_CASE,6,5047,6259.639,3664.000,true
current,3,mybatis_repeated_names,6,1081,30101.110,30536.000,true
current,3,mybatis_insert_placeholders,6,31132,860.651,1616.000,true
current,3,mybatis_in_256,6,1130,21880.531,47256.000,true
current,3,named_in_16,6,11401,1846.777,5520.000,true
current,3,positional_where_16,6,5886,3294.699,3648.000,true
current,3,positional_join_using,6,31474,790.186,1752.000,true
current,3,named_between,6,17145,1151.805,2600.000,true
current,3,positional_condition_only,6,7904,2870.091,3104.000,true
current,3,named_select_entity,6,38897,573.201,1304.000,true
current,3,named_retry_rollback,6,4999,4354.691,5304.000,true
current,3,raw_where_16,6,7306,3320.613,3272.000,true
current,3,raw_late_modifier,6,37916,651.208,1344.000,true
current,3,raw_select_star,6,101208,261.290,880.000,true
current,3,named_naming_UPPER_CAMEL_CASE,6,4621,4414.196,6664.000,true
current,3,named_late_modifier,6,37181,642.234,1816.000,true
current,3,positional_between,6,27384,764.596,1736.000,true
current,3,mybatis_in_16,6,14314,1620.518,4048.000,true
current,3,raw_update_chain_16,6,4669,4690.341,13856.000,true
current,3,mybatis_row_in,6,21771,1054.141,2272.000,true
current,3,positional_subquery_structured,6,19960,1521.268,2856.000,true
current,3,raw_union_builder,6,8297,3107.340,3776.000,true
current,3,positional_pagination,6,30354,905.963,1824.000,true
current,3,raw_insert_placeholders,6,45121,494.945,1208.000,true
current,3,mybatis_select_entity,6,31396,799.936,1304.000,true
current,3,raw_raw_expression,6,18989,1322.950,1744.000,true
current,3,positional_select_star,6,104307,300.421,880.000,true
current,3,mybatis_update_chain_16,6,2680,8705.560,21304.000,true
current,3,named_in_17,6,10125,1742.351,5736.000,true
current,3,positional_insert_values,6,36282,571.642,1464.000,true
current,3,positional_select_expressions,6,13491,1434.630,1936.000,true
current,3,raw_update_map,6,27294,810.680,1960.000,true
current,3,raw_group_order,6,13367,1552.832,2952.000,true
current,3,named_pagination,6,23213,927.519,2384.000,true
current,3,raw_select_entity,6,39721,512.057,1304.000,true
current,3,positional_in_256,6,9700,3032.567,6208.000,true
current,3,named_where_16,6,4906,4447.697,6936.000,true
current,3,mybatis_mixed_literals,6,20623,1126.708,2080.000,true
current,3,custom_handler_union,6,4312,6111.248,7320.000,true
current,3,named_repeated_names,6,1000,19970.000,42584.000,true
current,3,mybatis_naming_SCREAMING_SNAKE_CASE,6,4907,4111.107,5352.000,true
current,3,named_where_eq,6,26014,793.527,1976.000,true
current,3,mybatis_where_128,6,755,28623.576,34848.000,true
current,3,positional_where_128,6,955,22861.466,20712.000,true
current,3,raw_select_expressions,6,14539,1473.554,1936.000,true
current,3,positional_repeated_names,6,1655,11363.927,17240.000,true
current,3,mybatis_in_17,6,14055,1606.503,4192.000,true
current,3,raw_repeated_names,6,1948,11392.659,14152.000,true
current,3,named_subquery_raw,6,45018,495.822,1344.000,true
current,3,mybatis_between,6,20774,1079.084,2344.000,true
current,3,raw_retry_rollback,6,5650,3055.752,3976.000,true
current,3,positional_group_order,6,14656,1576.317,3112.000,true
current,3,named_nested,6,19112,995.144,2256.000,true
current,3,positional_select_entity,6,28217,533.094,1304.000,true
current,3,named_update_chain_16,6,2367,9129.827,24072.000,true
current,3,raw_in_1024,6,1602,13765.293,6328.000,true
current,3,positional_subquery_raw,6,44067,456.314,1344.000,true
current,3,positional_naming_KEBAB_CASE,6,6898,3088.852,3648.000,true
current,3,positional_raw_expression,6,21902,912.611,1744.000,true
current,3,named_dialect_Microsoft_SQL_Server,6,18205,1197.891,2584.000,true
current,3,mybatis_insert_entity,6,28024,773.962,1568.000,true
current,3,mybatis_naming_NO_CHANGE,6,6301,2817.077,3568.000,true
current,3,mybatis_condition_only,6,6514,3255.312,4784.000,true
current,3,positional_in_expression,6,5855,3562.323,7536.000,true
current,3,mybatis_join_on,6,18602,1227.551,2648.000,true
current,3,positional_insert_entity,6,20057,564.775,1192.000,true
current,3,named_row_in,6,14272,1034.571,2680.000,true
current,3,named_subquery_structured,6,15322,1501.599,3568.000,true
current,3,positional_dialect_Oracle,6,26523,754.651,2032.000,true
current,3,named_naming_CAMEL_CASE,6,5900,3476.525,5168.000,true
current,3,positional_row_in,6,23344,676.722,1608.000,true
current,3,raw_insert_values,6,33920,687.506,1536.000,true
current,3,raw_row_in,6,30942,736.850,1608.000,true
current,3,mybatis_union_builder,6,4958,4273.356,6840.000,true
current,3,mybatis_delete,6,69374,332.270,1232.000,true
current,3,mybatis_naming_CAMEL_CASE,6,6658,2992.490,3568.000,true
current,3,positional_naming_NO_CHANGE,6,11048,2036.350,1880.000,true
current,3,raw_batch_4,6,16887,1220.525,3272.000,true
current,3,raw_join_using,6,34073,647.475,1664.000,true
current,3,mybatis_naming_KEBAB_CASE,6,5024,4068.969,5336.000,true
current,3,raw_naming_SCREAMING_SNAKE_CASE,6,5445,3051.699,3288.000,true
current,3,positional_select_columns,6,27670,617.416,1216.000,true
current,3,positional_where_eq,6,19445,660.386,1592.000,true
current,3,mybatis_where_eq,6,30009,763.658,1816.000,true
current,3,raw_derived,6,6193,3383.772,5216.000,true
current,3,raw_naming_KEBAB_CASE,6,6698,3399.716,3272.000,true
current,3,raw_batch_64,6,1848,11329.329,30152.000,true
current,3,named_dialect_DB2,6,20609,1075.365,2584.000,true
current,3,named_naming_SCREAMING_SNAKE_CASE,6,5024,5299.781,6952.000,true
current,3,positional_batch_64,6,2275,8893.451,23416.000,true
current,3,mybatis_in_expression,6,1186,19418.550,48432.000,true
current,3,mybatis_retry_rollback,6,7488,3191.012,4784.000,true
current,3,named_batch_beans,6,3001,6514.562,18616.000,true
current,3,positional_update_map,6,30252,792.959,1872.000,true
current,3,positional_dialect_Microsoft_SQL_Server,6,21658,962.439,2032.000,true
current,3,positional_nested,6,21480,1427.416,1704.000,true
current,3,positional_naming_UPPER_CAMEL_CASE,6,5345,5225.482,3376.000,true
current,3,positional_insert_placeholders,6,33981,517.872,1208.000,true
current,3,raw_where_eq,6,34461,771.182,1504.000,true
current,3,positional_in_1024,6,3717,7622.168,20800.000,true
current,3,named_select_expressions,6,13986,1925.862,1936.000,true
current,3,positional_in_17,6,26351,675.504,1680.000,true
current,3,mybatis_naming_UPPER_CAMEL_CASE,6,4824,4791.667,5064.000,true
current,3,named_naming_NO_CHANGE,6,5842,3229.579,5168.000,true
current,3,raw_in_256,6,5827,3637.755,2464.000,true
current,3,raw_delete,6,81859,285.363,912.000,true
current,3,mybatis_select_expressions,6,14648,1715.572,1936.000,true
current,3,mybatis_select_columns,6,33995,712.122,1216.000,true
current,3,raw_batch_beans,6,5970,3747.303,8808.000,true
current,3,named_union_raw,6,20305,1039.744,1472.000,true
current,3,named_in_256,6,938,21231.557,71352.000,true
current,3,mybatis_batch_4,6,11642,1798.153,4504.000,true
current,3,named_union_builder,6,4939,4223.912,6864.000,true
current,3,positional_update_chain_16,6,4980,4715.442,14560.000,true
current,3,mybatis_update_map,6,19430,1059.593,2512.000,true
current,3,raw_in_expression,6,4694,4799.063,3712.000,true
current,3,positional_mixed_literals,6,24618,860.919,1696.000,true
current,3,raw_pagination,6,30236,702.983,1712.000,true
current,3,mybatis_union_raw,6,20341,1078.270,1472.000,true
current,3,raw_naming_CAMEL_CASE,6,9015,2286.522,1504.000,true
current,3,named_mixed_literals,6,14403,1123.738,2416.000,true
current,3,mybatis_where_16,6,5404,4068.024,5336.000,true
current,3,named_dialect_MySQL,6,17688,1031.321,2408.000,true
current,3,named_where_128,6,614,33971.498,47920.000,true
current,3,named_insert_entity,6,26742,941.979,1904.000,true
current,3,mybatis_group_order,6,12342,1830.935,3608.000,true
current,3,positional_union_builder,6,9268,2680.514,3992.000,true
current,3,named_select_star,6,80632,316.156,880.000,true
current,3,raw_naming_NO_CHANGE,6,10840,2052.315,1504.000,true
current,3,mybatis_nested,6,21583,1123.898,2024.000,true
current,3,raw_between,6,29374,751.951,1648.000,true
current,3,named_batch_4,6,10174,2080.008,5584.000,true
current,3,raw_join_on,6,20646,1301.070,2336.000,true
current,3,named_update_map,6,18557,1326.071,2976.000,true
current,3,named_in_1024,6,210,102065.714,278560.000,true
current,3,raw_in_16,6,31109,680.806,1344.000,true
current,3,named_insert_placeholders,6,22790,730.325,1952.000,true
current,3,positional_dialect_DB2,6,26535,943.576,2032.000,true
current,3,mybatis_late_modifier,6,33503,618.240,1656.000,true
current,3,positional_in_16,6,31513,720.741,1728.000,true
current,3,named_group_order,6,11872,1932.244,3936.000,true
current,3,named_join_using,6,27474,764.617,2136.000,true
current,3,named_condition_only,6,6177,3628.687,6384.000,true
current,3,named_batch_64,6,954,23730.608,70280.000,true
current,3,raw_union_raw,6,21016,1060.121,1472.000,true
current,3,mybatis_batch_beans,6,3900,5784.179,14120.000,true
current,3,mybatis_subquery_raw,6,37778,470.361,1344.000,true
current,3,raw_raw_expression,7,18989,922.466,1744.000,true
current,3,named_in_256,7,938,22307.889,71352.000,true
current,3,raw_union_raw,7,21016,1041.630,1472.000,true
current,3,raw_select_columns,7,37539,625.912,1216.000,true
current,3,raw_insert_entity,7,36213,641.725,1264.000,true
current,3,positional_in_1024,7,3717,6063.304,20800.000,true
current,3,named_in_expression,7,882,22411.791,72456.000,true
current,3,named_dialect_DB2,7,20609,1153.273,2584.000,true
current,3,positional_derived,7,5618,3466.981,5480.000,true
current,3,positional_where_128,7,955,21167.853,20712.000,true
current,3,named_delete,7,59890,368.284,1384.000,true
current,3,raw_select_entity,7,39721,505.549,1304.000,true
current,3,named_subquery_structured,7,15322,1455.143,3568.000,true
current,3,named_where_16,7,4906,4577.191,6936.000,true
current,3,named_raw_expression,7,23781,1000.849,1744.000,true
current,3,mybatis_naming_UPPER_CAMEL_CASE,7,4824,4200.187,5064.000,true
current,3,named_derived,7,4319,4604.538,7256.000,true
current,3,named_batch_64,7,954,23307.023,70280.000,true
current,3,named_batch_beans,7,3001,6643.352,18616.000,true
current,3,raw_row_in,7,30942,852.964,1608.000,true
current,3,positional_dialect_DB2,7,26535,880.810,2032.000,true
current,3,raw_update_chain_16,7,4669,5136.282,13856.000,true
current,3,raw_naming_NO_CHANGE,7,10840,2204.502,1504.000,true
current,3,positional_naming_SCREAMING_SNAKE_CASE,7,5047,3024.569,3664.000,true
current,3,raw_select_star,7,101208,213.995,880.000,true
current,3,named_insert_placeholders,7,22790,662.523,1952.000,true
current,3,positional_subquery_raw,7,44067,480.974,1344.000,true
current,3,positional_in_expression,7,5855,3405.448,7536.000,true
current,3,named_naming_UPPER_CAMEL_CASE,7,4621,4012.054,6664.000,true
current,3,mybatis_naming_NO_CHANGE,7,6301,2813.315,3568.000,true
current,3,mybatis_batch_beans,7,3900,5784.385,14120.000,true
current,3,mybatis_group_order,7,12342,1719.827,3608.000,true
current,3,positional_dialect_Oracle,7,26523,767.753,2032.000,true
current,3,positional_in_256,7,9700,2018.660,6208.000,true
current,3,named_mixed_literals,7,14403,1132.091,2416.000,true
current,3,mybatis_union_builder,7,4958,4013.433,6840.000,true
current,3,named_select_expressions,7,13986,1364.822,1936.000,true
current,3,raw_group_order,7,13367,1435.932,2952.000,true
current,3,raw_condition_only,7,8737,2398.421,2720.000,true
current,3,mybatis_join_on,7,18602,1198.871,2648.000,true
current,3,raw_late_modifier,7,37916,502.324,1344.000,true
current,3,positional_dialect_PostgreSQL,7,24990,821.096,1848.000,true
current,3,positional_in_16,7,31513,677.200,1728.000,true
current,3,named_dialect_Microsoft_SQL_Server,7,18205,1178.072,2584.000,true
current,3,positional_batch_4,7,4533,1432.980,2808.000,true
current,3,mybatis_in_1024,7,283,74923.675,182240.000,true
current,3,raw_batch_64,7,1848,11846.050,30152.000,true
current,3,mybatis_where_16,7,5404,3612.879,5336.000,true
current,3,raw_insert_placeholders,7,45121,454.735,1208.000,true
current,3,mybatis_insert_values,7,26520,796.071,1840.000,true
current,3,mybatis_condition_only,7,6514,3181.025,4784.000,true
current,3,raw_naming_CAMEL_CASE,7,9015,2091.303,1504.000,true
current,3,named_select_star,7,80632,208.763,880.000,true
current,3,mybatis_retry_rollback,7,7488,3672.703,4784.000,true
current,3,named_group_order,7,11872,1723.181,3936.000,true
current,3,positional_delete,7,86851,274.500,1000.000,true
current,3,mybatis_where_128,7,755,29648.079,34848.000,true
current,3,raw_nested,7,25898,871.268,1616.000,true
current,3,mybatis_naming_KEBAB_CASE,7,5024,4234.713,5336.000,true
current,3,positional_update_map,7,30252,766.878,1872.000,true
current,3,mybatis_join_using,7,28307,836.913,1976.000,true
current,3,raw_in_1024,7,1602,15541.323,6328.000,true
current,3,named_join_using,7,27474,1135.823,2136.000,true
current,3,raw_insert_values,7,33920,904.832,1536.000,true
current,3,mybatis_raw_expression,7,23317,1426.659,1744.000,true
current,3,mybatis_in_17,7,14055,1747.883,4192.000,true
current,3,positional_naming_UPPER_CAMEL_CASE,7,5345,3228.775,3376.000,true
current,3,named_naming_KEBAB_CASE,7,4624,4240.290,6936.000,true
current,3,raw_where_128,7,1030,23061.650,17776.000,true
current,3,mybatis_naming_SCREAMING_SNAKE_CASE,7,4907,3930.834,5352.000,true
current,3,named_naming_SCREAMING_SNAKE_CASE,7,5024,4033.838,6952.000,true
current,3,named_where_eq,7,26014,832.544,1976.000,true
current,3,raw_retry_rollback,7,5650,2568.000,3976.000,true
current,3,positional_condition_only,7,7904,2687.867,3104.000,true
current,3,positional_raw_expression,7,21902,953.534,1744.000,true
current,3,raw_naming_UPPER_CAMEL_CASE,7,5919,3162.848,3000.000,true
current,3,named_condition_only,7,6177,3733.220,6384.000,true
current,3,positional_batch_64,7,2275,9144.615,23416.000,true
current,3,raw_where_eq,7,34461,658.843,1504.000,true
current,3,mybatis_between,7,20774,1031.443,2344.000,true
current,3,custom_handler_union,7,4312,4651.786,7320.000,true
current,3,named_dialect_PostgreSQL,7,19345,1042.859,2408.000,true
current,3,mybatis_repeated_names,7,1081,18564.940,30536.000,true
current,3,named_select_columns,7,34798,602.411,1216.000,true
current,3,positional_naming_CAMEL_CASE,7,8983,2218.112,1880.000,true
current,3,mybatis_subquery_structured,7,16109,1503.638,3312.000,true
current,3,named_join_on,7,18332,1572.502,2808.000,true
current,3,named_insert_values,7,23805,838.425,2176.000,true
current,3,mybatis_derived,7,5124,4029.430,7208.000,true
current,3,mybatis_in_256,7,1130,17353.540,47256.000,true
current,3,named_update_map,7,18557,1183.634,2976.000,true
current,3,mybatis_select_expressions,7,14648,1375.860,1936.000,true
current,3,named_union_raw,7,20305,1026.742,1472.000,true
current,3,raw_in_expression,7,4694,4978.973,3712.000,true
current,3,named_nested,7,19112,979.296,2256.000,true
current,3,positional_select_columns,7,27670,570.383,1216.000,true
current,3,named_pagination,7,23213,952.117,2384.000,true
current,3,named_where_128,7,614,31891.042,47920.000,true
current,3,positional_insert_placeholders,7,33981,433.704,1208.000,true
current,3,mybatis_select_star,7,83823,220.098,880.000,true
current,3,positional_subquery_structured,7,19960,1142.154,2856.000,true
current,3,mybatis_delete,7,69374,335.124,1232.000,true
current,3,named_late_modifier,7,37181,623.622,1816.000,true
current,3,named_in_17,7,10125,1906.044,5736.000,true
current,3,named_subquery_raw,7,45018,488.947,1344.000,true
current,3,named_retry_rollback,7,4999,3258.392,5304.000,true
current,3,positional_join_using,7,31474,726.053,1752.000,true
current,3,positional_insert_values,7,36282,715.934,1464.000,true
current,3,named_in_1024,7,210,99256.667,278560.000,true
current,3,named_in_16,7,11401,1934.927,5520.000,true
current,3,raw_join_using,7,34073,769.809,1664.000,true
current,3,named_update_chain_16,7,2367,12109.632,24072.000,true
current,3,raw_batch_beans,7,5970,3829.598,8808.000,true
current,3,raw_delete,7,81859,318.291,912.000,true
current,3,positional_union_builder,7,9268,2984.441,3992.000,true
current,3,raw_pagination,7,30236,780.761,1712.000,true
current,3,mybatis_late_modifier,7,33503,650.276,1656.000,true
current,3,named_batch_4,7,10174,2262.660,5584.000,true
current,3,positional_retry_rollback,7,7047,2542.841,3864.000,true
current,3,mybatis_in_16,7,14314,1452.312,4048.000,true
current,3,raw_join_on,7,20646,1104.635,2336.000,true
current,3,raw_between,7,29374,757.527,1648.000,true
current,3,mybatis_where_eq,7,30009,847.632,1816.000,true
current,3,positional_select_expressions,7,13491,1522.459,1936.000,true
current,3,raw_in_256,7,5827,3781.191,2464.000,true
current,3,positional_select_star,7,104307,211.073,880.000,true
current,3,positional_where_16,7,5886,2844.190,3648.000,true
current,3,raw_batch_4,7,16887,1258.554,3272.000,true
current,3,mybatis_nested,7,21583,1015.443,2024.000,true
current,3,positional_between,7,27384,716.721,1736.000,true
current,3,raw_where_16,7,7306,2804.531,3272.000,true
current,3,positional_dialect_Microsoft_SQL_Server,7,21658,964.013,2032.000,true
current,3,mybatis_subquery_raw,7,37778,484.449,1344.000,true
current,3,positional_naming_NO_CHANGE,7,11048,1909.468,1880.000,true
current,3,named_repeated_names,7,1000,19700.600,42584.000,true
current,3,named_dialect_Oracle,7,20887,1073.807,2584.000,true
current,3,mybatis_update_chain_16,7,2680,8270.709,21304.000,true
current,3,named_naming_CAMEL_CASE,7,5900,3266.661,5168.000,true
current,3,positional_union_raw,7,21319,1111.956,1472.000,true
current,3,positional_pagination,7,30354,732.529,1824.000,true
current,3,raw_subquery_raw,7,25238,511.079,1344.000,true
current,3,raw_subquery_structured,7,20870,1000.839,2720.000,true
current,3,raw_union_builder,7,8297,2124.382,3776.000,true
current,3,positional_join_on,7,20469,1104.392,2424.000,true
current,3,positional_select_entity,7,28217,490.197,1304.000,true
current,3,mybatis_mixed_literals,7,20623,1086.190,2080.000,true
current,3,positional_repeated_names,7,1655,10648.338,17240.000,true
current,3,raw_mixed_literals,7,20425,994.854,1864.000,true
current,3,mybatis_pagination,7,22707,843.335,2152.000,true
current,3,named_union_builder,7,4939,4020.024,6864.000,true
current,3,positional_update_chain_16,7,4980,4624.378,14560.000,true
current,3,raw_derived,7,6193,3385.887,5216.000,true
current,3,mybatis_in_expression,7,1186,19685.497,48432.000,true
current,3,raw_in_17,7,35809,591.522,1352.000,true
current,3,mybatis_select_columns,7,33995,592.275,1216.000,true
current,3,mybatis_union_raw,7,20341,1048.911,1472.000,true
current,3,positional_where_eq,7,19445,672.332,1592.000,true
current,3,mybatis_batch_64,7,1070,20878.037,52216.000,true
current,3,raw_in_16,7,31109,642.158,1344.000,true
current,3,named_between,7,17145,1025.745,2600.000,true
current,3,named_dialect_MySQL,7,17688,992.243,2408.000,true
current,3,positional_dialect_MySQL,7,27364,713.792,1848.000,true
current,3,raw_naming_SCREAMING_SNAKE_CASE,7,5445,3160.478,3288.000,true
current,3,raw_repeated_names,7,1948,10889.579,14152.000,true
current,3,mybatis_row_in,7,21771,971.660,2272.000,true
current,3,mybatis_insert_placeholders,7,31132,650.816,1616.000,true
current,3,mybatis_select_entity,7,31396,526.494,1304.000,true
current,3,mybatis_naming_CAMEL_CASE,7,6658,3162.631,3568.000,true
current,3,positional_batch_beans,7,4694,3164.572,6984.000,true
current,3,raw_update_map,7,27294,862.036,1960.000,true
current,3,positional_late_modifier,7,38910,645.716,1432.000,true
current,3,positional_in_17,7,26351,692.323,1680.000,true
current,3,named_row_in,7,14272,1145.565,2680.000,true
current,3,raw_naming_KEBAB_CASE,7,6698,3133.741,3272.000,true
current,3,named_select_entity,7,38897,530.321,1304.000,true
current,3,named_insert_entity,7,26742,813.069,1904.000,true
current,3,positional_nested,7,21480,800.517,1704.000,true
current,3,mybatis_batch_4,7,11642,1787.073,4504.000,true
current,3,positional_insert_entity,7,20057,557.371,1192.000,true
current,3,positional_naming_KEBAB_CASE,7,6898,2947.651,3648.000,true
current,3,raw_select_expressions,7,14539,1440.188,1936.000,true
current,3,positional_group_order,7,14656,1407.540,3112.000,true
current,3,positional_mixed_literals,7,24618,882.432,1696.000,true
current,3,named_naming_NO_CHANGE,7,5842,2863.437,5168.000,true
current,3,custom_handler_where,7,5026,4180.422,6968.000,true
current,3,mybatis_update_map,7,19430,1114.128,2512.000,true
current,3,mybatis_insert_entity,7,28024,720.197,1568.000,true
current,3,positional_row_in,7,23344,663.374,1608.000,true
current,3,raw_subquery_structured,8,20870,1032.041,2720.000,true
current,3,mybatis_condition_only,8,6514,3200.722,4784.000,true
current,3,named_join_on,8,18332,1191.616,2808.000,true
current,3,mybatis_row_in,8,21771,1047.389,2272.000,true
current,3,named_pagination,8,23213,892.823,2384.000,true
current,3,named_mixed_literals,8,14403,1054.808,2416.000,true
current,3,named_dialect_PostgreSQL,8,19345,1361.117,2408.000,true
current,3,named_raw_expression,8,23781,919.019,1744.000,true
current,3,named_dialect_MySQL,8,17688,900.628,2408.000,true
current,3,raw_where_eq,8,34461,623.130,1504.000,true
current,3,positional_where_16,8,5886,2756.286,3648.000,true
current,3,named_batch_beans,8,3001,6065.511,18616.000,true
current,3,positional_in_16,8,31513,646.904,1728.000,true
current,3,raw_retry_rollback,8,5650,2713.558,3976.000,true
current,3,mybatis_in_1024,8,283,84330.035,182240.000,true
current,3,positional_in_256,8,9700,2090.175,6208.000,true
current,3,positional_in_1024,8,3717,6047.538,20800.000,true
current,3,named_subquery_structured,8,15322,1369.227,3568.000,true
current,3,raw_where_128,8,1030,21687.087,17776.000,true
current,3,mybatis_update_chain_16,8,2680,8119.366,21304.000,true
current,3,mybatis_union_raw,8,20341,1108.800,1472.000,true
current,3,positional_dialect_PostgreSQL,8,24990,803.902,1848.000,true
current,3,named_in_16,8,11401,1698.088,5520.000,true
current,3,named_between,8,17145,1075.252,2600.000,true
current,3,mybatis_in_256,8,1130,16964.336,47256.000,true
current,3,mybatis_nested,8,21583,1009.535,2024.000,true
current,3,positional_where_eq,8,19445,765.775,1592.000,true
current,3,raw_naming_SCREAMING_SNAKE_CASE,8,5445,2979.174,3288.000,true
current,3,raw_mixed_literals,8,20425,1036.690,1864.000,true
current,3,named_in_expression,8,882,23237.302,72456.000,true
current,3,mybatis_naming_SCREAMING_SNAKE_CASE,8,4907,3777.665,5352.000,true
current,3,mybatis_join_on,8,18602,1162.972,2648.000,true
current,3,positional_dialect_Microsoft_SQL_Server,8,21658,941.223,2032.000,true
current,3,mybatis_select_columns,8,33995,607.195,1216.000,true
current,3,raw_update_chain_16,8,4669,5152.688,13856.000,true
current,3,positional_dialect_MySQL,8,27364,991.401,1848.000,true
current,3,raw_insert_entity,8,36213,694.786,1264.000,true
current,3,positional_insert_placeholders,8,33981,495.742,1208.000,true
current,3,positional_union_builder,8,9268,2464.243,3992.000,true
current,3,positional_naming_KEBAB_CASE,8,6898,2952.450,3648.000,true
current,3,named_in_17,8,10125,1823.793,5736.000,true
current,3,raw_batch_64,8,1848,11265.801,30152.000,true
current,3,named_in_1024,8,210,88983.333,278560.000,true
current,3,mybatis_insert_placeholders,8,31132,647.466,1616.000,true
current,3,named_dialect_Oracle,8,20887,1007.229,2584.000,true
current,3,positional_dialect_Oracle,8,26523,809.705,2032.000,true
current,3,raw_batch_beans,8,5970,3537.990,8808.000,true
current,3,named_repeated_names,8,1000,19407.800,42584.000,true
current,3,named_where_128,8,614,31308.958,47920.000,true
current,3,positional_select_expressions,8,13491,1344.044,1936.000,true
current,3,raw_in_17,8,35809,614.896,1352.000,true
current,3,mybatis_in_expression,8,1186,18439.376,48432.000,true
current,3,custom_handler_union,8,4312,4563.822,7320.000,true
current,3,mybatis_group_order,8,12342,1824.178,3608.000,true
current,3,raw_nested,8,25898,858.595,1616.000,true
current,3,mybatis_in_17,8,14055,1555.489,4192.000,true
current,3,positional_repeated_names,8,1655,11327.795,17240.000,true
current,3,named_dialect_Microsoft_SQL_Server,8,18205,1163.389,2584.000,true
current,3,mybatis_naming_NO_CHANGE,8,6301,2547.246,3568.000,true
current,3,mybatis_naming_CAMEL_CASE,8,6658,2847.732,3568.000,true
current,3,raw_update_map,8,27294,863.413,1960.000,true
current,3,raw_delete,8,81859,303.486,912.000,true
current,3,mybatis_select_star,8,83823,235.849,880.000,true
current,3,named_row_in,8,14272,1054.169,2680.000,true
current,3,positional_update_map,8,30252,789.954,1872.000,true
current,3,positional_update_chain_16,8,4980,4528.916,14560.000,true
current,3,raw_in_16,8,31109,632.258,1344.000,true
current,3,positional_pagination,8,30354,782.197,1824.000,true
current,3,mybatis_retry_rollback,8,7488,3247.650,4784.000,true
current,3,positional_batch_beans,8,4694,2853.153,6984.000,true
current,3,named_select_expressions,8,13986,1497.247,1936.000,true
current,3,raw_naming_KEBAB_CASE,8,6698,2865.139,3272.000,true
current,3,positional_join_using,8,31474,662.846,1752.000,true
current,3,raw_select_star,8,101208,217.732,880.000,true
current,3,positional_where_128,8,955,20236.126,20712.000,true
current,3,raw_in_256,8,5827,3495.795,2464.000,true
current,3,mybatis_where_128,8,755,27935.894,34848.000,true
current,3,named_join_using,8,27474,810.901,2136.000,true
current,3,raw_in_1024,8,1602,12948.689,6328.000,true
current,3,positional_late_modifier,8,38910,517.615,1432.000,true
current,3,raw_raw_expression,8,18989,895.044,1744.000,true
current,3,raw_naming_CAMEL_CASE,8,9015,2237.870,1504.000,true
current,3,named_where_eq,8,26014,752.714,1976.000,true
current,3,raw_pagination,8,30236,722.344,1712.000,true
current,3,positional_join_on,8,20469,1202.853,2424.000,true
current,3,named_naming_CAMEL_CASE,8,5900,3474.356,5168.000,true
current,3,positional_retry_rollback,8,7047,2417.639,3864.000,true
current,3,named_dialect_DB2,8,20609,1088.078,2584.000,true
current,3,named_nested,8,19112,1051.727,2256.000,true
current,3,positional_naming_UPPER_CAMEL_CASE,8,5345,3236.109,3376.000,true
current,3,mybatis_select_entity,8,31396,505.045,1304.000,true
current,3,mybatis_subquery_structured,8,16109,1415.141,3312.000,true
current,3,mybatis_insert_entity,8,28024,787.207,1568.000,true
current,3,raw_late_modifier,8,37916,517.628,1344.000,true
current,3,positional_naming_NO_CHANGE,8,11048,1914.754,1880.000,true
current,3,raw_insert_placeholders,8,45121,452.262,1208.000,true
current,3,raw_naming_UPPER_CAMEL_CASE,8,5919,3258.270,3000.000,true
current,3,positional_naming_CAMEL_CASE,8,8983,2266.069,1880.000,true
current,3,named_where_16,8,4906,3971.239,6936.000,true
current,3,mybatis_batch_beans,8,3900,5720.333,14120.000,true
current,3,mybatis_join_using,8,28307,732.158,1976.000,true
current,3,mybatis_repeated_names,8,1081,19227.660,30536.000,true
current,3,mybatis_batch_64,8,1070,21292.617,52216.000,true
current,3,raw_select_expressions,8,14539,1445.340,1936.000,true
current,3,positional_group_order,8,14656,1424.741,3112.000,true
current,3,named_union_builder,8,4939,4365.033,6864.000,true
current,3,positional_between,8,27384,684.297,1736.000,true
current,3,mybatis_delete,8,69374,339.874,1232.000,true
current,3,named_delete,8,59890,378.985,1384.000,true
current,3,mybatis_raw_expression,8,23317,861.766,1744.000,true
current,3,named_select_entity,8,38897,546.338,1304.000,true
current,3,named_late_modifier,8,37181,583.290,1816.000,true
current,3,positional_dialect_DB2,8,26535,755.007,2032.000,true
current,3,positional_nested,8,21480,840.414,1704.000,true
current,3,raw_between,8,29374,653.333,1648.000,true
current,3,named_select_star,8,80632,199.617,880.000,true
current,3,positional_in_17,8,26351,584.004,1680.000,true
current,3,named_group_order,8,11872,1684.880,3936.000,true
current,3,named_naming_UPPER_CAMEL_CASE,8,4621,4199.329,6664.000,true
current,3,positional_batch_64,8,2275,8641.802,23416.000,true
current,3,raw_condition_only,8,8737,2366.270,2720.000,true
current,3,positional_select_entity,8,28217,483.067,1304.000,true
current,3,positional_select_star,8,104307,210.000,880.000,true
current,3,positional_subquery_raw,8,44067,457.994,1344.000,true
current,3,named_subquery_raw,8,45018,449.063,1344.000,true
current,3,mybatis_update_map,8,19430,1067.885,2512.000,true
current,3,positional_insert_values,8,36282,560.564,1464.000,true
current,3,mybatis_in_16,8,14314,1477.309,4048.000,true
current,3,positional_subquery_structured,8,19960,1111.919,2856.000,true
current,3,positional_batch_4,8,4533,1031.017,2808.000,true
current,3,named_insert_placeholders,8,22790,661.738,1952.000,true
current,3,named_insert_entity,8,26742,728.274,1904.000,true
current,3,positional_union_raw,8,21319,1048.023,1472.000,true
current,3,named_derived,8,4319,3897.337,7256.000,true
current,3,raw_select_columns,8,37539,592.307,1216.000,true
current,3,named_union_raw,8,20305,962.290,1472.000,true
current,3,mybatis_naming_KEBAB_CASE,8,5024,3775.259,5336.000,true
current,3,mybatis_subquery_raw,8,37778,459.471,1344.000,true
current,3,named_retry_rollback,8,4999,2708.462,5304.000,true
current,3,named_select_columns,8,34798,583.798,1216.000,true
current,3,named_batch_64,8,954,21509.958,70280.000,true
current,3,raw_derived,8,6193,3197.110,5216.000,true
current,3,raw_group_order,8,13367,1425.750,2952.000,true
current,3,raw_union_raw,8,21016,1014.437,1472.000,true
current,3,named_in_256,8,938,21369.723,71352.000,true
current,3,named_update_map,8,18557,1082.492,2976.000,true
current,3,raw_subquery_raw,8,25238,500.527,1344.000,true
current,3,raw_where_16,8,7306,2682.398,3272.000,true
current,3,named_update_chain_16,8,2367,8987.157,24072.000,true
current,3,custom_handler_where,8,5026,3922.125,6968.000,true
current,3,mybatis_insert_values,8,26520,770.241,1840.000,true
current,3,positional_select_columns,8,27670,558.103,1216.000,true
current,3,raw_union_builder,8,8297,2086.489,3776.000,true
current,3,raw_join_using,8,34073,642.092,1664.000,true
current,3,mybatis_naming_UPPER_CAMEL_CASE,8,4824,4044.237,5064.000,true
current,3,positional_in_expression,8,5855,3282.784,7536.000,true
current,3,raw_row_in,8,30942,679.549,1608.000,true
current,3,positional_condition_only,8,7904,2350.595,3104.000,true
current,3,positional_mixed_literals,8,24618,868.511,1696.000,true
current,3,mybatis_batch_4,8,11642,1771.740,4504.000,true
current,3,raw_batch_4,8,16887,1197.004,3272.000,true
current,3,named_naming_SCREAMING_SNAKE_CASE,8,5024,4137.619,6952.000,true
current,3,named_naming_NO_CHANGE,8,5842,2847.501,5168.000,true
current,3,positional_row_in,8,23344,744.984,1608.000,true
current,3,positional_delete,8,86851,304.399,1000.000,true
current,3,mybatis_pagination,8,22707,802.387,2152.000,true
current,3,mybatis_select_expressions,8,14648,1377.144,1936.000,true
current,3,mybatis_between,8,20774,980.375,2344.000,true
current,3,raw_select_entity,8,39721,531.744,1304.000,true
current,3,positional_raw_expression,8,21902,884.111,1744.000,true
current,3,mybatis_derived,8,5124,4180.796,7208.000,true
current,3,raw_naming_NO_CHANGE,8,10840,1749.631,1504.000,true
current,3,raw_in_expression,8,4694,4635.599,3712.000,true
current,3,positional_derived,8,5618,3325.543,5480.000,true
current,3,mybatis_mixed_literals,8,20623,975.343,2080.000,true
current,3,mybatis_where_16,8,5404,4317.469,5336.000,true
current,3,raw_insert_values,8,33920,726.383,1536.000,true
current,3,named_insert_values,8,23805,972.741,2176.000,true
current,3,mybatis_late_modifier,8,33503,753.243,1656.000,true
current,3,named_naming_KEBAB_CASE,8,4624,6715.203,6936.000,true
current,3,raw_repeated_names,8,1948,14112.782,14152.000,true
current,3,named_batch_4,8,10174,2660.753,5584.000,true
current,3,positional_insert_entity,8,20057,906.980,1192.000,true
current,3,mybatis_where_eq,8,30009,970.266,1816.000,true
current,3,named_condition_only,8,6177,4840.554,6384.000,true
current,3,positional_naming_SCREAMING_SNAKE_CASE,8,5047,4832.713,3664.000,true
current,3,raw_join_on,8,20646,1258.922,2336.000,true
current,3,mybatis_union_builder,8,4958,5015.147,6840.000,true
current,3,raw_naming_CAMEL_CASE,9,9015,2638.436,1504.000,true
current,3,mybatis_in_1024,9,283,94992.580,182240.000,true
current,3,named_delete,9,59890,400.766,1384.000,true
current,3,positional_group_order,9,14656,1561.313,3112.000,true
current,3,named_select_star,9,80632,217.011,880.000,true
current,3,mybatis_union_raw,9,20341,1106.022,1472.000,true
current,3,named_in_256,9,938,22591.365,71352.000,true
current,3,mybatis_retry_rollback,9,7488,3042.775,4784.000,true
current,3,named_nested,9,19112,1098.048,2256.000,true
current,3,positional_naming_UPPER_CAMEL_CASE,9,5345,3235.398,3376.000,true
current,3,mybatis_batch_beans,9,3900,5442.821,14120.000,true
current,3,raw_retry_rollback,9,5650,3062.637,3976.000,true
current,3,raw_nested,9,25898,901.031,1616.000,true
current,3,mybatis_mixed_literals,9,20623,1183.053,2080.000,true
current,3,raw_where_eq,9,34461,629.018,1504.000,true
current,3,mybatis_union_builder,9,4958,4075.010,6840.000,true
current,3,raw_in_1024,9,1602,12517.541,6328.000,true
current,3,custom_handler_where,9,5026,3974.453,6968.000,true
current,3,positional_batch_64,9,2275,8631.341,23416.000,true
current,3,mybatis_nested,9,21583,981.300,2024.000,true
current,3,raw_insert_values,9,33920,610.781,1536.000,true
current,3,mybatis_between,9,20774,996.053,2344.000,true
current,3,mybatis_insert_values,9,26520,749.668,1840.000,true
current,3,positional_join_on,9,20469,1017.021,2424.000,true
current,3,mybatis_naming_CAMEL_CASE,9,6658,2993.196,3568.000,true
current,3,named_pagination,9,23213,908.861,2384.000,true
current,3,positional_in_17,9,26351,740.837,1680.000,true
current,3,raw_update_chain_16,9,4669,4294.303,13856.000,true
current,3,positional_derived,9,5618,3195.781,5480.000,true
current,3,positional_naming_NO_CHANGE,9,11048,1763.297,1880.000,true
current,3,mybatis_naming_SCREAMING_SNAKE_CASE,9,4907,3970.043,5352.000,true
current,3,named_derived,9,4319,3928.571,7256.000,true
current,3,positional_subquery_raw,9,44067,476.465,1344.000,true
current,3,positional_select_star,9,104307,212.062,880.000,true
current,3,raw_where_128,9,1030,19674.175,17776.000,true
current,3,raw_update_map,9,27294,776.526,1960.000,true
current,3,mybatis_select_star,9,83823,202.767,880.000,true
current,3,mybatis_select_entity,9,31396,475.459,1304.000,true
current,3,named_between,9,17145,1068.860,2600.000,true
current,3,named_where_16,9,4906,3828.414,6936.000,true
current,3,positional_naming_KEBAB_CASE,9,6898,3101.769,3648.000,true
current,3,raw_batch_beans,9,5970,3229.615,8808.000,true
current,3,positional_select_entity,9,28217,514.169,1304.000,true
current,3,raw_between,9,29374,665.177,1648.000,true
current,3,raw_insert_entity,9,36213,602.552,1264.000,true
current,3,named_naming_CAMEL_CASE,9,5900,3083.407,5168.000,true
current,3,positional_in_1024,9,3717,5919.747,20800.000,true
current,3,raw_batch_4,9,16887,1380.559,3272.000,true
current,3,named_row_in,9,14272,1126.640,2680.000,true
current,3,named_update_chain_16,9,2367,9352.260,24072.000,true
current,3,mybatis_insert_placeholders,9,31132,727.139,1616.000,true
current,3,named_subquery_structured,9,15322,1599.289,3568.000,true
current,3,mybatis_batch_4,9,11642,1880.287,4504.000,true
current,3,positional_naming_CAMEL_CASE,9,8983,2404.219,1880.000,true
current,3,mybatis_naming_KEBAB_CASE,9,5024,4052.508,5336.000,true
current,3,raw_group_order,9,13367,1345.635,2952.000,true
current,3,named_select_entity,9,38897,518.675,1304.000,true
current,3,mybatis_update_map,9,19430,1158.230,2512.000,true
current,3,positional_where_eq,9,19445,616.765,1592.000,true
current,3,positional_repeated_names,9,1655,10600.906,17240.000,true
current,3,named_repeated_names,9,1000,19111.500,42584.000,true
current,3,positional_late_modifier,9,38910,525.335,1432.000,true
current,3,positional_batch_4,9,4533,1194.838,2808.000,true
current,3,raw_naming_NO_CHANGE,9,10840,1849.114,1504.000,true
current,3,raw_condition_only,9,8737,2324.940,2720.000,true
current,3,raw_where_16,9,7306,3042.636,3272.000,true
current,3,raw_naming_SCREAMING_SNAKE_CASE,9,5445,2779.853,3288.000,true
current,3,raw_raw_expression,9,18989,869.635,1744.000,true
current,3,named_union_raw,9,20305,1029.569,1472.000,true
current,3,named_select_expressions,9,13986,1295.288,1936.000,true
current,3,positional_row_in,9,23344,639.762,1608.000,true
current,3,raw_in_17,9,35809,613.159,1352.000,true
current,3,positional_delete,9,86851,282.364,1000.000,true
current,3,mybatis_in_256,9,1130,17083.982,47256.000,true
current,3,positional_insert_placeholders,9,33981,423.313,1208.000,true
current,3,named_dialect_Oracle,9,20887,980.706,2584.000,true
current,3,positional_insert_values,9,36282,601.596,1464.000,true
current,3,positional_dialect_Oracle,9,26523,771.089,2032.000,true
current,3,named_naming_UPPER_CAMEL_CASE,9,4621,4253.408,6664.000,true
current,3,named_insert_values,9,23805,906.725,2176.000,true
current,3,named_dialect_PostgreSQL,9,19345,970.328,2408.000,true
current,3,raw_union_raw,9,21016,1000.852,1472.000,true
current,3,named_batch_4,9,10174,1838.392,5584.000,true
current,3,raw_join_using,9,34073,627.732,1664.000,true
current,3,raw_subquery_raw,9,25238,434.892,1344.000,true
current,3,positional_nested,9,21480,873.850,1704.000,true
current,3,named_dialect_DB2,9,20609,1008.744,2584.000,true
current,3,mybatis_update_chain_16,9,2680,8023.433,21304.000,true
current,3,positional_insert_entity,9,20057,611.856,1192.000,true
current,3,positional_where_16,9,5886,2853.296,3648.000,true
current,3,named_raw_expression,9,23781,894.777,1744.000,true
current,3,raw_repeated_names,9,1948,11432.546,14152.000,true
current,3,raw_in_256,9,5827,3616.063,2464.000,true
current,3,named_batch_64,9,954,23678.826,70280.000,true
current,3,mybatis_subquery_structured,9,16109,1283.984,3312.000,true
current,3,raw_mixed_literals,9,20425,976.729,1864.000,true
current,3,positional_raw_expression,9,21902,906.821,1744.000,true
current,3,mybatis_row_in,9,21771,1040.862,2272.000,true
current,3,named_group_order,9,11872,1782.741,3936.000,true
current,3,named_naming_SCREAMING_SNAKE_CASE,9,5024,4023.567,6952.000,true
current,3,mybatis_join_using,9,28307,739.305,1976.000,true
current,3,named_dialect_MySQL,9,17688,1130.806,2408.000,true
current,3,positional_subquery_structured,9,19960,1098.252,2856.000,true
current,3,raw_join_on,9,20646,1112.840,2336.000,true
current,3,positional_condition_only,9,7904,2365.827,3104.000,true
current,3,mybatis_group_order,9,12342,1703.589,3608.000,true
current,3,raw_derived,9,6193,3075.327,5216.000,true
current,3,positional_select_columns,9,27670,573.596,1216.000,true
current,3,mybatis_where_eq,9,30009,702.253,1816.000,true
current,3,mybatis_naming_NO_CHANGE,9,6301,3095.826,3568.000,true
current,3,mybatis_delete,9,69374,436.114,1232.000,true
current,3,named_select_columns,9,34798,819.392,1216.000,true
current,3,named_in_16,9,11401,2149.373,5520.000,true
current,3,named_retry_rollback,9,4999,3735.287,5304.000,true
current,3,raw_row_in,9,30942,1025.318,1608.000,true
current,3,custom_handler_union,9,4312,6195.107,7320.000,true
current,3,named_update_map,9,18557,1396.438,2976.000,true
current,3,positional_dialect_PostgreSQL,9,24990,832.865,1848.000,true
current,3,mybatis_where_16,9,5404,4125.074,5336.000,true
current,3,positional_naming_SCREAMING_SNAKE_CASE,9,5047,3238.756,3664.000,true
current,3,named_insert_placeholders,9,22790,706.832,1952.000,true
current,3,named_where_eq,9,26014,750.223,1976.000,true
current,3,named_in_17,9,10125,1759.091,5736.000,true
current,3,named_in_expression,9,882,22271.882,72456.000,true
current,3,mybatis_subquery_raw,9,37778,475.086,1344.000,true
current,3,mybatis_insert_entity,9,28024,793.545,1568.000,true
current,3,positional_dialect_MySQL,9,27364,803.852,1848.000,true
current,3,named_join_on,9,18332,1145.674,2808.000,true
current,3,mybatis_select_expressions,9,14648,1820.330,1936.000,true
current,3,named_mixed_literals,9,14403,1266.153,2416.000,true
current,3,mybatis_pagination,9,22707,969.578,2152.000,true
current,3,mybatis_repeated_names,9,1081,19265.865,30536.000,true
current,3,mybatis_raw_expression,9,23317,1002.668,1744.000,true
current,3,named_in_1024,9,210,86826.667,278560.000,true
current,3,positional_dialect_Microsoft_SQL_Server,9,21658,1026.618,2032.000,true
current,3,named_condition_only,9,6177,3539.777,6384.000,true
current,3,positional_union_raw,9,21319,987.429,1472.000,true
current,3,raw_union_builder,9,8297,2065.723,3776.000,true
current,3,mybatis_where_128,9,755,28563.709,34848.000,true
current,3,named_insert_entity,9,26742,737.851,1904.000,true
current,3,positional_in_16,9,31513,680.332,1728.000,true
current,3,named_late_modifier,9,37181,618.111,1816.000,true
current,3,positional_update_chain_16,9,4980,4821.827,14560.000,true
current,3,raw_subquery_structured,9,20870,1126.234,2720.000,true
current,3,raw_delete,9,81859,300.079,912.000,true
current,3,mybatis_condition_only,9,6514,3885.754,4784.000,true
current,3,named_dialect_Microsoft_SQL_Server,9,18205,1407.756,2584.000,true
current,3,mybatis_join_on,9,18602,1428.336,2648.000,true
current,3,mybatis_select_columns,9,33995,586.992,1216.000,true
current,3,positional_pagination,9,30354,691.998,1824.000,true
current,3,mybatis_in_expression,9,1186,19041.231,48432.000,true
current,3,mybatis_naming_UPPER_CAMEL_CASE,9,4824,4140.361,5064.000,true
current,3,positional_between,9,27384,729.050,1736.000,true
current,3,positional_in_256,9,9700,2099.052,6208.000,true
current,3,raw_select_star,9,101208,218.990,880.000,true
current,3,positional_where_128,9,955,20953.613,20712.000,true
current,3,mybatis_batch_64,9,1070,20165.327,52216.000,true
current,3,positional_retry_rollback,9,7047,2116.347,3864.000,true
current,3,positional_in_expression,9,5855,3411.170,7536.000,true
current,3,raw_select_entity,9,39721,511.626,1304.000,true
current,3,raw_pagination,9,30236,667.327,1712.000,true
current,3,raw_select_expressions,9,14539,1396.884,1936.000,true
current,3,mybatis_late_modifier,9,33503,552.843,1656.000,true
current,3,named_subquery_raw,9,45018,472.298,1344.000,true
current,3,mybatis_in_17,9,14055,1510.160,4192.000,true
current,3,positional_dialect_DB2,9,26535,755.350,2032.000,true
current,3,positional_select_expressions,9,13491,1401.927,1936.000,true
current,3,named_naming_NO_CHANGE,9,5842,2743.667,5168.000,true
current,3,named_join_using,9,27474,794.966,2136.000,true
current,3,raw_insert_placeholders,9,45121,416.963,1208.000,true
current,3,positional_update_map,9,30252,701.428,1872.000,true
current,3,raw_in_16,9,31109,597.422,1344.000,true
current,3,positional_batch_beans,9,4694,2877.354,6984.000,true
current,3,raw_select_columns,9,37539,615.648,1216.000,true
current,3,named_where_128,9,614,29373.616,47920.000,true
current,3,positional_union_builder,9,9268,2256.107,3992.000,true
current,3,raw_naming_UPPER_CAMEL_CASE,9,5919,3085.133,3000.000,true
current,3,raw_batch_64,9,1848,10994.589,30152.000,true
current,3,named_naming_KEBAB_CASE,9,4624,3908.802,6936.000,true
current,3,raw_late_modifier,9,37916,480.407,1344.000,true
current,3,raw_naming_KEBAB_CASE,9,6698,2849.642,3272.000,true
current,3,mybatis_derived,9,5124,3795.589,7208.000,true
current,3,mybatis_in_16,9,14314,1476.960,4048.000,true
current,3,named_batch_beans,9,3001,6123.792,18616.000,true
current,3,named_union_builder,9,4939,4148.735,6864.000,true
current,3,raw_in_expression,9,4694,4490.861,3712.000,true
current,3,positional_join_using,9,31474,663.630,1752.000,true
current,3,positional_mixed_literals,9,24618,864.952,1696.000,true
