version,case,fork,ns,bytes,median_batch_ms
baseline,mybatis_where_128,1,45273.031,58208,18.969399989
baseline,mybatis_where_128,2,44674.558,61280,20.192900215999998
baseline,mybatis_where_128,3,50076.19,61280,18.928799820000002
baseline,mybatis_where_128,4,42117.593,58208,18.194800175999998
baseline,mybatis_where_128,5,51482.628,58208,23.115699971999998
baseline,mybatis_raw_expression,1,1576.788,2624,10.406800800000001
baseline,mybatis_raw_expression,2,1552.911,2624,19.206403248
baseline,mybatis_raw_expression,3,1794.916,2624,11.72080148
baseline,mybatis_raw_expression,4,1536.748,2624,20.971999956
baseline,mybatis_raw_expression,5,1662.764,2624,16.557803911999997
baseline,mybatis_between,1,1397.963,3544,17.15300601
baseline,mybatis_between,2,1387.962,3592,21.595300758
baseline,mybatis_between,3,1507.024,3592,12.315400127999999
baseline,mybatis_between,4,1260.458,3544,18.344705732
baseline,mybatis_between,5,1575.19,3544,21.98650202
baseline,named_dialect_MySQL,1,1305.255,4144,21.710306415
baseline,named_dialect_MySQL,2,1309.549,4144,17.512598776999997
baseline,named_dialect_MySQL,3,1443.858,4144,18.570901596000002
baseline,named_dialect_MySQL,4,1301.229,4144,20.222399889000002
baseline,named_dialect_MySQL,5,1700.625,4144,24.776405625
baseline,named_pagination,1,1256.323,4072,20.086092124
baseline,named_pagination,2,1254.246,4072,21.280791882000003
baseline,named_pagination,3,1413.313,4072,19.872594093000004
baseline,named_pagination,4,1209.281,4072,21.133394755999998
baseline,named_pagination,5,1457.119,4072,14.676102568
baseline,positional_union_builder,1,5343.386,9768,21.085001156000004
baseline,positional_union_builder,2,5257.862,9768,19.427800089999998
baseline,positional_union_builder,3,5879.133,9768,22.229001873
baseline,positional_union_builder,4,5094.046,9768,9.668499308
baseline,positional_union_builder,5,6104.57,9768,23.374398529999997
baseline,raw_between,1,1251.412,3384,19.764801128000002
baseline,raw_between,2,1233.89,3384,21.663406730000002
baseline,raw_between,3,1327.422,3384,11.4822003
baseline,raw_between,4,1232.943,3384,20.719607115
baseline,raw_between,5,1403.285,3384,19.69370169
baseline,named_naming_KEBAB_CASE,1,5896.059,10584,20.942801568
baseline,named_naming_KEBAB_CASE,2,6144.584,10584,17.075798936
baseline,named_naming_KEBAB_CASE,3,6739.198,10584,20.338899564
baseline,named_naming_KEBAB_CASE,4,6083.028,10584,20.572800696
baseline,named_naming_KEBAB_CASE,5,8238.979,10584,28.894099352999998
baseline,named_update_chain_16,1,17135.48,47000,15.69609968
baseline,named_update_chain_16,2,16611.236,47000,22.176000060000003
baseline,named_update_chain_16,3,18833.201,47000,9.473100103
baseline,named_update_chain_16,4,16041.444,47000,20.436799655999998
baseline,named_update_chain_16,5,20204.541,47000,21.356199837000002
baseline,raw_subquery_structured,1,1415.002,4616,22.552301875999998
baseline,raw_subquery_structured,2,1405.425,4616,20.64569325
baseline,raw_subquery_structured,3,1617.103,4616,20.394903036000002
baseline,raw_subquery_structured,4,1305.811,4616,16.33569561
baseline,raw_subquery_structured,5,1666.311,4616,23.726602329
baseline,mybatis_subquery_raw,1,629.39,2272,9.518894359999999
baseline,mybatis_subquery_raw,2,627.525,2272,21.056601375
baseline,mybatis_subquery_raw,3,623.474,2272,17.994706588
baseline,mybatis_subquery_raw,4,616.948,2272,20.676395272
baseline,mybatis_subquery_raw,5,745.318,2272,18.847601584
baseline,positional_in_1024,1,14026.563,28504,20.647100736000002
baseline,positional_in_1024,2,14040.69,28504,12.2154003
baseline,positional_in_1024,3,15680.187,28504,21.842500491
baseline,positional_in_1024,4,14876.8,28504,20.4556
baseline,positional_in_1024,5,16677.007,28504,25.966099899000003
baseline,named_retry_rollback,1,4372.25,8264,20.15170025
baseline,named_retry_rollback,2,4326.425,8264,11.919300875
baseline,named_retry_rollback,3,5179.149,8264,20.814999831
baseline,named_retry_rollback,4,4697.998,8264,20.417499308
baseline,named_retry_rollback,5,5213.084,8264,18.287498671999998
baseline,named_dialect_Oracle,1,1373.393,4272,20.131194594
baseline,named_dialect_Oracle,2,1362.021,4272,19.028795391
baseline,named_dialect_Oracle,3,1509.272,4272,18.589703224
baseline,named_dialect_Oracle,4,1359.142,4272,20.055499352000002
baseline,named_dialect_Oracle,5,1622.507,4272,23.868700477
baseline,named_mixed_literals,1,1576.534,3768,15.747998126
baseline,named_mixed_literals,2,1535.62,3768,19.87399404
baseline,named_mixed_literals,3,1676.487,3768,18.99459771
baseline,named_mixed_literals,4,1497.181,3768,20.713499135000003
baseline,named_mixed_literals,5,1966.79,3768,12.721197720000001
baseline,raw_raw_expression,1,1536.254,2624,21.106593706
baseline,raw_raw_expression,2,1486.561,2624,19.744503202
baseline,raw_raw_expression,3,1572.455,2624,17.622503185
baseline,raw_raw_expression,4,1591.252,2624,17.771102336
baseline,raw_raw_expression,5,2104.546,2624,14.026799089999997
baseline,named_dialect_DB2,1,1364.51,4320,20.85789986
baseline,named_dialect_DB2,2,1359.816,4320,11.10289764
baseline,named_dialect_DB2,3,1506.468,4320,21.869395956
baseline,named_dialect_DB2,4,1336.829,4320,19.056497395
baseline,named_dialect_DB2,5,1875.723,4320,26.385795441
baseline,mybatis_join_on,1,1825.127,4128,11.135099827
baseline,mybatis_join_on,2,1700.181,4152,18.807402222
baseline,mybatis_join_on,3,1854.963,4152,20.033600399999997
baseline,mybatis_join_on,4,1675.944,4128,17.312501519999998
baseline,mybatis_join_on,5,2209.621,4128,22.186804460999998
baseline,positional_naming_CAMEL_CASE,1,3342.193,4928,21.363297656
baseline,positional_naming_CAMEL_CASE,2,3197.355,4928,17.646202245
baseline,positional_naming_CAMEL_CASE,3,3666.895,4928,23.061102655000003
baseline,positional_naming_CAMEL_CASE,4,3209.177,4928,14.967601528000001
baseline,positional_naming_CAMEL_CASE,5,4967.212,4928,29.753599880000003
baseline,raw_condition_only,1,4833.113,7816,21.908501229000002
baseline,raw_condition_only,2,4752.643,7816,21.667299437
baseline,raw_condition_only,3,5051.19,7816,9.97610025
baseline,raw_condition_only,4,4666.796,7816,21.588598296
baseline,raw_condition_only,5,5370.039,7816,11.040800184
baseline,raw_insert_placeholders,1,677.952,1944,21.579890112
baseline,raw_insert_placeholders,2,675.328,1944,20.477295616
baseline,raw_insert_placeholders,3,759.672,1944,22.111013232
baseline,raw_insert_placeholders,4,660.084,1944,21.054699347999996
baseline,raw_insert_placeholders,5,801.444,1944,13.650194207999998
baseline,raw_repeated_names,1,23071.884,53896,15.181299671999998
baseline,raw_repeated_names,2,22266.19,53896,21.798600009999998
baseline,raw_repeated_names,3,25208.215,53896,8.898499894999999
baseline,raw_repeated_names,4,21270.552,53896,20.441000472
baseline,raw_repeated_names,5,33231.507,53896,14.555400065999999
baseline,positional_dialect_PostgreSQL,1,1106.676,3360,22.328294976
baseline,positional_dialect_PostgreSQL,2,1085.181,3360,9.446500605
baseline,positional_dialect_PostgreSQL,3,1194.55,3360,19.2011967
baseline,positional_dialect_PostgreSQL,4,1058.624,3360,17.822993664000002
baseline,positional_dialect_PostgreSQL,5,1529.647,3360,28.671703367999996
baseline,raw_insert_values,1,1055.422,2464,22.513206682
baseline,raw_insert_values,2,1008.658,2464,20.795501986
baseline,raw_insert_values,3,1244.473,2464,9.637198912
baseline,raw_insert_values,4,1011.507,2464,20.999896827
baseline,raw_insert_values,5,1259.223,2464,10.403700425999999
baseline,raw_late_modifier,1,727.458,2480,19.896703757999997
baseline,raw_late_modifier,2,733.115,2480,19.10790936
baseline,raw_late_modifier,3,838.337,2480,22.085988265
baseline,raw_late_modifier,4,719.957,2480,17.092499136999997
baseline,raw_late_modifier,5,1027.857,2480,15.566894264999998
baseline,raw_update_map,1,1381.488,3592,21.842706768
baseline,raw_update_map,2,1339.88,3592,21.388504440000002
baseline,raw_update_map,3,1534.682,3592,20.824100058000003
baseline,raw_update_map,4,1337.475,3592,21.249802799999998
baseline,raw_update_map,5,1939.346,3592,29.460605085999997
baseline,mybatis_update_map,1,1726.039,4200,15.278897228
baseline,mybatis_update_map,2,1621.134,4224,21.133102824
baseline,mybatis_update_map,3,1799.763,4224,21.303794631
baseline,mybatis_update_map,4,1571.085,4200,18.680200650000003
baseline,mybatis_update_map,5,2022.775,4200,18.22520275
baseline,named_subquery_structured,1,1813.761,5488,20.745798318
baseline,named_subquery_structured,2,1706.035,5488,16.396702385
baseline,named_subquery_structured,3,1966.41,5488,17.39879568
baseline,named_subquery_structured,4,1742.109,5488,21.624799016999997
baseline,named_subquery_structured,5,1948.671,5488,13.340601666000001
baseline,named_insert_values,1,1125.31,3048,11.24859876
baseline,named_insert_values,2,1140.738,3048,19.545404892
baseline,named_insert_values,3,1168.47,3048,13.08920094
baseline,named_insert_values,4,1105.847,3048,17.155004511
baseline,named_insert_values,5,1355.547,3048,12.365299734
baseline,mybatis_select_star,1,290.472,1424,20.450971631999998
baseline,mybatis_select_star,2,302.424,1424,21.80628252
baseline,mybatis_select_star,3,303.88,1424,20.65198868
baseline,mybatis_select_star,4,281.756,1424,22.770674652
baseline,mybatis_select_star,5,338.934,1424,11.998602534000002
baseline,mybatis_repeated_names,1,24815.783,52872,19.182600259
baseline,mybatis_repeated_names,2,28113.916,55944,22.828499792
baseline,mybatis_repeated_names,3,27068.082,55944,19.759699859999998
baseline,mybatis_repeated_names,4,24207.042,52872,20.624399784
baseline,mybatis_repeated_names,5,27833.21,52872,15.08559982
baseline,mybatis_insert_placeholders,1,977.862,2584,19.563107172
baseline,mybatis_insert_placeholders,2,960.1,2584,20.8936962
baseline,mybatis_insert_placeholders,3,1090.451,2584,21.822105412
baseline,mybatis_insert_placeholders,4,954.975,2584,20.4059058
baseline,mybatis_insert_placeholders,5,1287.151,2584,23.200896775000004
baseline,positional_mixed_literals,1,1228.332,2800,21.816404652000003
baseline,positional_mixed_literals,2,1154.114,2800,20.181991518
baseline,positional_mixed_literals,3,1369.53,2800,22.397293620000003
baseline,positional_mixed_literals,4,1136.162,2800,18.358105596
baseline,positional_mixed_literals,5,1378.971,2800,23.128101612
baseline,positional_update_chain_16,1,6484.615,22360,18.71459889
baseline,positional_update_chain_16,2,5760.505,22360,8.44490033
baseline,positional_update_chain_16,3,6689.687,22360,20.109199122
baseline,positional_update_chain_16,4,6449.836,22360,17.691900148000002
baseline,positional_update_chain_16,5,8722.888,22360,28.811699064000003
baseline,raw_batch_4,1,2616.581,7584,22.944798789
baseline,raw_batch_4,2,2650.209,7488,22.147796612999997
baseline,raw_batch_4,3,2846.906,7688,20.107697077999998
baseline,raw_batch_4,4,2545.741,7584,22.384700613
baseline,raw_batch_4,5,3585.885,7584,24.947001945
baseline,positional_dialect_MySQL,1,1058.131,3360,22.032403682
baseline,positional_dialect_MySQL,2,1060.987,3360,17.503102539
baseline,positional_dialect_MySQL,3,1198.352,3360,19.268301808
baseline,positional_dialect_MySQL,4,1006.132,3360,19.88619898
baseline,positional_dialect_MySQL,5,1295.717,3360,25.081193969
baseline,mybatis_retry_rollback,1,4720.513,7568,13.255200504000001
baseline,mybatis_retry_rollback,2,4532.51,7592,21.289199470000003
baseline,mybatis_retry_rollback,3,4739.992,7592,12.314499216
baseline,mybatis_retry_rollback,4,3968.399,7568,16.337898683
baseline,mybatis_retry_rollback,5,4953.781,7568,19.260300528000002
baseline,positional_where_eq,1,923.863,2664,20.991091223
baseline,positional_where_eq,2,918.15,2664,17.8010922
baseline,positional_where_eq,3,1003.595,2664,21.77600431
baseline,positional_where_eq,4,913.956,2664,16.699804032
baseline,positional_where_eq,5,1210.54,2664,27.19720218
baseline,positional_batch_64,1,18058.062,72176,22.175300136000004
baseline,positional_batch_64,2,16651.442,70160,3.463499936
baseline,positional_batch_64,3,19882.224,73720,21.810799727999996
baseline,positional_batch_64,4,18009.259,72176,8.752499874
baseline,positional_batch_64,5,24599.265,72176,3.34550004
baseline,positional_between,1,1146.702,3056,21.872193948
baseline,positional_between,2,1087.224,3056,11.344095216
baseline,positional_between,3,1210.308,3056,19.690500852
baseline,positional_between,4,1107.245,3056,18.203107799999998
baseline,positional_between,5,1286.01,3056,24.000804629999998
baseline,named_join_using,1,996.201,3512,17.699503167
baseline,named_join_using,2,975.048,3512,18.799900488000002
baseline,named_join_using,3,1132.341,3512,15.860700386999998
baseline,named_join_using,4,964.234,3512,17.609805542
baseline,named_join_using,5,1166.035,3512,12.613000595
baseline,named_between,1,1368.327,3800,19.725802032
baseline,named_between,2,1370.572,3800,21.358994047999996
baseline,named_between,3,1542.454,3800,19.99020384
baseline,named_between,4,1273.876,3800,19.212597832
baseline,named_between,5,1641.862,3800,14.970497716
baseline,raw_in_16,1,1714.27,5600,20.03810203
baseline,raw_in_16,2,1680.036,5600,20.634202152000004
baseline,raw_in_16,3,1673.488,5600,10.263501904000002
baseline,raw_in_16,4,1737.908,5600,20.488197412
baseline,raw_in_16,5,2075.54,5600,15.57900324
baseline,positional_naming_KEBAB_CASE,1,4363.935,5888,20.98179948
baseline,positional_naming_KEBAB_CASE,2,4265.671,5888,17.284498892000002
baseline,positional_naming_KEBAB_CASE,3,4576.897,5888,20.50449856
baseline,positional_naming_KEBAB_CASE,4,4215.393,5888,11.748300291
baseline,positional_naming_KEBAB_CASE,5,5459.47,5888,25.539400660000002
baseline,named_naming_UPPER_CAMEL_CASE,1,6195.702,10584,21.480498834000002
baseline,named_naming_UPPER_CAMEL_CASE,2,6314.777,10584,16.879398921
baseline,named_naming_UPPER_CAMEL_CASE,3,6864.242,10584,22.555899212
baseline,named_naming_UPPER_CAMEL_CASE,4,5997.521,10584,19.593901107
baseline,named_naming_UPPER_CAMEL_CASE,5,7969.488,10584,20.99960088
baseline,mybatis_in_17,1,2105.891,6344,19.483703532
baseline,mybatis_in_17,2,2187.655,6752,21.353700455000002
baseline,mybatis_in_17,3,2441.001,6752,13.454797512000003
baseline,mybatis_in_17,4,1922.922,6344,19.731102642
baseline,mybatis_in_17,5,2776.852,6344,24.364099447999997
baseline,named_dialect_PostgreSQL,1,1380.704,4144,21.77370208
baseline,named_dialect_PostgreSQL,2,1407.83,4144,10.87830241
baseline,named_dialect_PostgreSQL,3,1554.442,4144,21.73109916
baseline,named_dialect_PostgreSQL,4,1323.768,4144,11.823895776
baseline,named_dialect_PostgreSQL,5,1712.03,4144,24.80560267
baseline,mybatis_pagination,1,1116.528,3808,8.74799688
baseline,mybatis_pagination,2,1197.185,3832,21.260808415
baseline,mybatis_pagination,3,1361.653,3832,13.227097242000001
baseline,mybatis_pagination,4,1144.718,3808,18.484906264000003
baseline,mybatis_pagination,5,1417.471,3808,21.905596833999997
baseline,mybatis_naming_SCREAMING_SNAKE_CASE,1,5786.634,9000,21.040201224
baseline,mybatis_naming_SCREAMING_SNAKE_CASE,2,6013.195,9384,12.212799045
baseline,mybatis_naming_SCREAMING_SNAKE_CASE,3,6480.057,9384,20.340898923
baseline,mybatis_naming_SCREAMING_SNAKE_CASE,4,5500.174,9000,12.672400896
baseline,mybatis_naming_SCREAMING_SNAKE_CASE,5,7135.79,9000,24.78259867
baseline,positional_dialect_DB2,1,1123.416,3544,20.480997095999996
baseline,positional_dialect_DB2,2,1070.849,3544,11.615499103
baseline,positional_dialect_DB2,3,1184.573,3544,17.338595001
baseline,positional_dialect_DB2,4,1094.401,3544,20.737804549000003
baseline,positional_dialect_DB2,5,1582.429,3544,28.170401058000003
baseline,mybatis_in_1024,1,96090.955,256896,19.122100045000003
baseline,mybatis_in_1024,2,107904.902,281472,22.012600008
baseline,mybatis_in_1024,3,112825.352,281472,16.021199984
baseline,mybatis_in_1024,4,94515.152,256896,18.714000096
baseline,mybatis_in_1024,5,105055.357,256896,17.649299976
baseline,named_in_17,1,2312.441,7888,20.409604266
baseline,named_in_17,2,2233.001,7888,19.737495839
baseline,named_in_17,3,2456.167,7888,21.528303755
baseline,named_in_17,4,2286.364,7888,13.967397676000001
baseline,named_in_17,5,3105.427,7888,24.663301234000002
baseline,raw_pagination,1,986.491,3400,20.256606194
baseline,raw_pagination,2,1030.388,3400,20.660309788
baseline,raw_pagination,3,1110.721,3400,19.477603456
baseline,raw_pagination,4,979.964,3400,20.488107348
baseline,raw_pagination,5,1187.274,3400,10.253298263999998
baseline,custom_handler_union,1,10760.466,16536,20.304999342
baseline,custom_handler_union,2,10751.172,16536,19.728400620000002
baseline,custom_handler_union,3,10807.958,16536,15.347300360000002
baseline,custom_handler_union,4,10105.606,16536,17.664599287999998
baseline,custom_handler_union,5,13543.461,16536,23.714600211
baseline,mybatis_select_expressions,1,2129.243,2728,12.181399203
baseline,mybatis_select_expressions,2,2124.131,2728,21.513198768
baseline,mybatis_select_expressions,3,2310.254,2728,8.358498972
baseline,mybatis_select_expressions,4,2031.443,2728,20.958397430999998
baseline,mybatis_select_expressions,5,2757.328,2728,14.65519832
baseline,raw_select_entity,1,575.336,2000,19.603998864
baseline,raw_select_entity,2,583.952,2000,21.04271032
baseline,raw_select_entity,3,585.977,2000,4.496201521
baseline,raw_select_entity,4,573.451,2000,20.37471403
baseline,raw_select_entity,5,689.722,2000,13.327498206
baseline,positional_naming_SCREAMING_SNAKE_CASE,1,4606.453,5904,21.415399997
baseline,positional_naming_SCREAMING_SNAKE_CASE,2,4410.342,5904,15.991900091999998
baseline,positional_naming_SCREAMING_SNAKE_CASE,3,4547.047,5904,19.938801095
baseline,positional_naming_SCREAMING_SNAKE_CASE,4,4254.18,5904,7.836199560000001
baseline,positional_naming_SCREAMING_SNAKE_CASE,5,5483.249,5904,26.122198236
baseline,positional_group_order,1,3125.057,6336,20.566000116999998
baseline,positional_group_order,2,3054.729,6336,17.955697062
baseline,positional_group_order,3,3518.234,6336,16.690502096
baseline,positional_group_order,4,3156.65,6336,11.2503006
baseline,positional_group_order,5,3658.885,6336,18.634701305
baseline,positional_batch_beans,1,4105.887,10464,20.225599362
baseline,positional_batch_beans,2,4442.692,11264,8.08569944
baseline,positional_batch_beans,3,4286.256,10536,10.291300656
baseline,positional_batch_beans,4,3855.867,10464,11.401798719
baseline,positional_batch_beans,5,4864.628,10464,26.254397316
baseline,named_in_16,1,2171.107,7600,21.137897752
baseline,named_in_16,2,2196.227,7600,21.364896255999998
baseline,named_in_16,3,2430.792,7600,19.703999952
baseline,named_in_16,4,2125.852,7600,19.842702568
baseline,named_in_16,5,3108.208,7600,21.698400048
baseline,named_select_expressions,1,2155.324,2728,19.167296332000003
baseline,named_select_expressions,2,2129.048,2728,21.628998632
baseline,named_select_expressions,3,2186.867,2728,14.120600219
baseline,named_select_expressions,4,2144.119,2728,18.029896671
baseline,named_select_expressions,5,2817.996,2728,23.285100948
baseline,positional_raw_expression,1,1498.355,2624,19.40070054
baseline,positional_raw_expression,2,1495.408,2624,20.286704928
baseline,positional_raw_expression,3,1623.157,2624,20.677397022999997
baseline,positional_raw_expression,4,1571.028,2624,9.928896960000001
baseline,positional_raw_expression,5,2145.053,2624,29.161995535
baseline,named_row_in,1,1360.673,4016,9.051196796
baseline,named_row_in,2,1382.476,4016,21.174002416
baseline,named_row_in,3,1382.541,4016,19.662498101999997
baseline,named_row_in,4,1336.595,4016,19.996797795000003
baseline,named_row_in,5,1568.226,4016,11.49509658
baseline,custom_handler_where,1,6444.66,10616,20.57779938
baseline,custom_handler_where,2,6153.901,10616,19.957100943
baseline,custom_handler_where,3,6805.591,10616,22.397199981000004
baseline,custom_handler_where,4,5871.817,10616,20.292999552
baseline,custom_handler_where,5,6743.356,10616,23.547799152
baseline,mybatis_nested,1,1424.752,3416,20.284194224
baseline,mybatis_nested,2,1384.61,3464,20.863303479999995
baseline,mybatis_nested,3,1553.036,3464,19.077494224
baseline,mybatis_nested,4,1314.605,3416,7.18300172
baseline,mybatis_nested,5,1502.832,3416,9.658701264000001
baseline,raw_in_expression,1,18566.968,56616,20.572200544
baseline,raw_in_expression,2,17656.292,56616,21.046300064000004
baseline,raw_in_expression,3,18691.354,56616,12.971799676
baseline,raw_in_expression,4,18920.284,56616,22.666500232
baseline,raw_in_expression,5,25206.803,56616,23.341499578
baseline,raw_where_16,1,5299.916,8840,18.862401044
baseline,raw_where_16,2,4975.65,8840,20.106601649999998
baseline,raw_where_16,3,5808.764,8840,14.847200784
baseline,raw_where_16,4,5077.628,8840,20.721799867999998
baseline,raw_where_16,5,7272.982,8840,16.851499294
baseline,raw_select_expressions,1,2105.168,2728,21.060100672
baseline,raw_select_expressions,2,2094.844,2728,17.875303852000002
baseline,raw_select_expressions,3,2192.047,2728,20.535096296
baseline,raw_select_expressions,4,2031.902,2728,18.120502036
baseline,raw_select_expressions,5,2625.192,2728,20.529001440000002
baseline,mybatis_insert_entity,1,861.546,2456,18.573208668000003
baseline,mybatis_insert_entity,2,882.38,2456,20.57180732
baseline,mybatis_insert_entity,3,923.784,2456,20.709389712
baseline,mybatis_insert_entity,4,837.102,2456,17.435997557999997
baseline,mybatis_insert_entity,5,1051.786,2456,11.928305026
baseline,mybatis_union_builder,1,10981.28,16648,9.09249984
baseline,mybatis_union_builder,2,10718.717,16696,20.044000790000002
baseline,mybatis_union_builder,3,11708.926,16696,18.101999596000002
baseline,mybatis_union_builder,4,10494.318,16648,20.316999648
baseline,mybatis_union_builder,5,12835.632,16648,20.100599712
baseline,raw_union_builder,1,5395.029,10160,17.798200671
baseline,raw_union_builder,2,5552.034,10160,21.286498356
baseline,raw_union_builder,3,6416.487,10160,23.157101583
baseline,raw_union_builder,4,5368.843,10160,21.953199027
baseline,raw_union_builder,5,6003.207,10160,13.477199715
baseline,positional_naming_NO_CHANGE,1,3243.822,4928,21.318398184
baseline,positional_naming_NO_CHANGE,2,3197.822,4928,16.74059817
baseline,positional_naming_NO_CHANGE,3,3370.657,4928,20.412698792
baseline,positional_naming_NO_CHANGE,4,3140.544,4928,19.728897407999998
baseline,positional_naming_NO_CHANGE,5,4586.205,4928,29.888297984999998
baseline,mybatis_naming_CAMEL_CASE,1,4821.96,8024,21.6506004
baseline,mybatis_naming_CAMEL_CASE,2,5013.078,8408,19.395598782
baseline,mybatis_naming_CAMEL_CASE,3,5312.616,8408,22.275798888
baseline,mybatis_naming_CAMEL_CASE,4,4732.422,8024,10.217299098
baseline,mybatis_naming_CAMEL_CASE,5,7029.523,8024,32.096802018
baseline,positional_insert_placeholders,1,684.647,1944,20.588704584000002
baseline,positional_insert_placeholders,2,720.045,1944,19.476497204999998
baseline,positional_insert_placeholders,3,771.258,1944,23.136197484
baseline,positional_insert_placeholders,4,654.621,1944,19.32441192
baseline,positional_insert_placeholders,5,1095.758,1944,21.128405756
baseline,positional_select_columns,1,849.344,1952,21.612407424000004
baseline,positional_select_columns,2,818.495,1952,21.685206530000002
baseline,positional_select_columns,3,850.148,1952,22.120000812
baseline,positional_select_columns,4,797.387,1952,18.093508417
baseline,positional_select_columns,5,1147.228,1952,21.726203864
baseline,positional_update_map,1,1089.092,3024,23.473199876000002
baseline,positional_update_map,2,1038.098,3024,20.261596764
baseline,positional_update_map,3,1153.392,3024,22.91789904
baseline,positional_update_map,4,1043.783,3024,19.148199135
baseline,positional_update_map,5,1317.986,3024,23.272996788000004
baseline,positional_naming_UPPER_CAMEL_CASE,1,4541.279,5888,20.099700854
baseline,positional_naming_UPPER_CAMEL_CASE,2,4324.624,5888,17.808801631999998
baseline,positional_naming_UPPER_CAMEL_CASE,3,4847.973,5888,22.000101474
baseline,positional_naming_UPPER_CAMEL_CASE,4,4394.526,5888,17.740701461999997
baseline,positional_naming_UPPER_CAMEL_CASE,5,4974.043,5888,11.171700578
baseline,raw_join_on,1,1726.046,3952,22.240102710000002
baseline,raw_join_on,2,1627.809,3952,20.616200985
baseline,raw_join_on,3,1880.648,3952,19.688503912
baseline,raw_join_on,4,1742.101,3952,19.804204168000002
baseline,raw_join_on,5,2194.225,3952,14.2098011
baseline,positional_union_raw,1,3122.763,5200,20.138698587
baseline,positional_union_raw,2,3241.631,5200,15.261598747999999
baseline,positional_union_raw,3,3705.624,5200,21.414801095999998
baseline,positional_union_raw,4,3282.281,5200,9.095200651
baseline,positional_union_raw,5,4082.443,5200,25.135601551000004
baseline,named_insert_placeholders,1,979.277,2920,7.527702299
baseline,named_insert_placeholders,2,942.46,2888,9.18710008
baseline,named_insert_placeholders,3,1096.09,2888,9.9524972
baseline,named_insert_placeholders,4,918.241,2888,9.544196954
baseline,named_insert_placeholders,5,1393.94,2920,22.52049464
baseline,raw_batch_64,1,28357.125,97344,22.090200375
baseline,raw_batch_64,2,28635.402,95328,20.302500018
baseline,raw_batch_64,3,30378.211,98888,21.052100223
baseline,raw_batch_64,4,27470.755,97344,20.38330021
baseline,raw_batch_64,5,33995.016,97344,21.824800272000004
baseline,named_in_256,1,26595.056,90712,18.829299648000003
baseline,named_in_256,2,26047.826,90712,17.97299994
baseline,named_in_256,3,28916.23,90712,22.09199972
baseline,named_in_256,4,27110.313,90712,14.720899958999999
baseline,named_in_256,5,31070.439,90712,13.453500087
baseline,positional_delete,1,339.444,1504,20.372410548
baseline,positional_delete,2,340.099,1504,21.393927594999997
baseline,positional_delete,3,370.774,1504,22.655403722
baseline,positional_delete,4,339.323,1504,12.465709051
baseline,positional_delete,5,508.298,1504,21.850714424
baseline,positional_insert_values,1,833.029,2104,22.648392452
baseline,positional_insert_values,2,798.553,2104,8.334497661
baseline,positional_insert_values,3,921.183,2104,23.134589862
baseline,positional_insert_values,4,838.444,2104,13.628907219999999
baseline,positional_insert_values,5,978.739,2104,24.816906084000003
baseline,positional_late_modifier,1,670.595,2360,20.90781091
baseline,positional_late_modifier,2,665.323,2360,21.187210935
baseline,positional_late_modifier,3,791.074,2360,21.314697856
baseline,positional_late_modifier,4,667.572,2360,9.906100907999999
baseline,positional_late_modifier,5,808.13,2360,23.52789682
baseline,positional_in_16,1,873.842,2656,22.068005868
baseline,positional_in_16,2,872.895,2656,20.243307945
baseline,positional_in_16,3,894.564,2656,21.770109504
baseline,positional_in_16,4,844.248,2656,11.146606344
baseline,positional_in_16,5,1036.635,2656,25.755196575
baseline,named_union_raw,1,3145.67,5200,20.05050058
baseline,named_union_raw,2,3248.274,5200,19.856698961999996
baseline,named_union_raw,3,3703.714,5200,12.066700211999999
baseline,named_union_raw,4,3161.106,5200,20.977099416
baseline,named_union_raw,5,4280.621,5200,13.09870026
baseline,named_condition_only,1,5561.348,9560,10.560999852
baseline,named_condition_only,2,5638.139,9560,21.509500285
baseline,named_condition_only,3,5745.231,9560,19.815301719
baseline,named_condition_only,4,5460.149,9560,20.524700091000003
baseline,named_condition_only,5,6488.601,9560,11.270699937
baseline,named_union_builder,1,10683.608,17272,22.029599696
baseline,named_union_builder,2,10136.332,17272,20.171300679999998
baseline,named_union_builder,3,11241.752,17272,11.039400464
baseline,named_union_builder,4,9910.509,17272,21.030100098000002
baseline,named_union_builder,5,11907.32,17272,9.59729992
baseline,named_naming_CAMEL_CASE,1,4989.585,9624,21.510100934999997
baseline,named_naming_CAMEL_CASE,2,5031.847,9624,14.899298967
baseline,named_naming_CAMEL_CASE,3,5640.851,9624,22.659298467
baseline,named_naming_CAMEL_CASE,4,5026.766,9624,14.235801312
baseline,named_naming_CAMEL_CASE,5,5617.575,9624,21.959100675000002
baseline,positional_dialect_Oracle,1,1109.627,3496,22.717393571
baseline,positional_dialect_Oracle,2,1070.978,3496,20.178296497999998
baseline,positional_dialect_Oracle,3,1137.988,3496,20.771694964
baseline,positional_dialect_Oracle,4,1057.243,3496,9.378802653
baseline,positional_dialect_Oracle,5,1551.552,3496,29.4406992
baseline,positional_join_using,1,855.365,3056,21.373005255
baseline,positional_join_using,2,875.6,3056,19.9199
baseline,positional_join_using,3,1034.587,3056,21.255589914999998
baseline,positional_join_using,4,855.858,3056,13.192195212
baseline,positional_join_using,5,1126.849,3056,23.032793559999998
baseline,named_late_modifier,1,792.421,2816,17.962599228
baseline,named_late_modifier,2,760.364,2816,19.665294132
baseline,named_late_modifier,3,869.679,2816,18.660702303
baseline,named_late_modifier,4,755.611,2816,14.179796026
baseline,named_late_modifier,5,948.595,2816,21.33200436
baseline,mybatis_insert_values,1,1138.197,2744,20.912093481
baseline,mybatis_insert_values,2,1092.5,2744,21.166095
baseline,mybatis_insert_values,3,1175.081,2744,18.583906014999997
baseline,mybatis_insert_values,4,1099.189,2744,19.524894207000003
baseline,mybatis_insert_values,5,1277.15,2744,22.200698450000004
baseline,positional_subquery_raw,1,623.462,2272,21.059299436
baseline,positional_subquery_raw,2,631.621,2272,20.558000307999997
baseline,positional_subquery_raw,3,665.467,2272,19.567391668
baseline,positional_subquery_raw,4,604.072,2272,10.651601576
baseline,positional_subquery_raw,5,818.284,2272,25.737486651999998
baseline,named_nested,1,1434.201,3648,6.99890088
baseline,named_nested,2,1405.831,3648,21.603404976999997
baseline,named_nested,3,1624.286,3648,21.382100903999998
baseline,named_nested,4,1408.333,3648,19.960303609
baseline,named_nested,5,1670.836,3648,12.678303568
baseline,named_update_map,1,1778.837,4752,17.953801840999997
baseline,named_update_map,2,1769.412,4752,22.4272971
baseline,named_update_map,3,1928.752,4752,18.876695824000002
baseline,named_update_map,4,1729.787,4752,16.452004157
baseline,named_update_map,5,2187.045,4752,13.472197200000002
baseline,raw_derived,1,9008.799,15848,20.477000127
baseline,raw_derived,2,9578.52,15848,21.22600032
baseline,raw_derived,3,10217.441,15848,18.044000806000003
baseline,raw_derived,4,9451.771,15848,22.948899988
baseline,raw_derived,5,10675.216,15848,12.361900128
baseline,mybatis_naming_KEBAB_CASE,1,5856.609,8984,21.798298698000004
baseline,mybatis_naming_KEBAB_CASE,2,5910.708,9368,10.763399267999999
baseline,mybatis_naming_KEBAB_CASE,3,6706.346,9368,17.858999397999998
baseline,mybatis_naming_KEBAB_CASE,4,5585.653,8984,14.366299516000002
baseline,mybatis_naming_KEBAB_CASE,5,8057.333,8984,29.062800130999996
baseline,positional_select_expressions,1,2095.419,2728,20.76560229
baseline,positional_select_expressions,2,2076.53,2728,21.10169786
baseline,positional_select_expressions,3,2260.259,2728,21.680404328
baseline,positional_select_expressions,4,1977.03,2728,8.49529791
baseline,positional_select_expressions,5,2660.402,2728,23.709502624000002
baseline,raw_in_256,1,18827.066,56640,19.824900497999998
baseline,raw_in_256,2,17805.556,56640,21.794000544
baseline,raw_in_256,3,18587.679,56640,10.40910024
baseline,raw_in_256,4,18590.665,56640,20.115099530000002
baseline,raw_in_256,5,23647.416,56640,26.083099848
baseline,named_select_entity,1,589.475,2000,22.402407900000004
baseline,named_select_entity,2,584.624,2000,20.645996560000004
baseline,named_select_entity,3,609.924,2000,19.20040752
baseline,named_select_entity,4,591.489,2000,11.466605754000001
baseline,named_select_entity,5,687.286,2000,23.444012746
baseline,raw_subquery_raw,1,624.079,2272,20.573388314
baseline,raw_subquery_raw,2,643.29,2272,21.14880204
baseline,raw_subquery_raw,3,638.401,2272,16.069191570999998
baseline,raw_subquery_raw,4,603.334,2272,17.732589593999997
baseline,raw_subquery_raw,5,989.75,2272,32.16390575
baseline,mybatis_condition_only,1,5407.207,7960,18.757601083
baseline,mybatis_condition_only,2,5363.079,8344,20.728300334999997
baseline,mybatis_condition_only,3,5875.318,8344,13.853999844
baseline,mybatis_condition_only,4,4979.361,7960,17.298300114
baseline,mybatis_condition_only,5,5797.726,7960,16.575698634
baseline,raw_nested,1,1318.949,3280,21.376206443
baseline,raw_nested,2,1298.671,3280,19.935898521000002
baseline,raw_nested,3,1460.331,3280,14.552198415
baseline,raw_nested,4,1359.399,3280,22.228892448
baseline,raw_nested,5,1641.611,3280,14.245900258
baseline,named_select_star,1,280.007,1424,21.285572126
baseline,named_select_star,2,301.444,1424,23.205762008
baseline,named_select_star,3,302.723,1424,19.130882708
baseline,named_select_star,4,285.019,1424,10.699898279000001
baseline,named_select_star,5,328.765,1424,25.751833684999998
baseline,raw_naming_NO_CHANGE,1,4239.38,7880,22.01510034
baseline,raw_naming_NO_CHANGE,2,4082.857,7880,13.861299515
baseline,raw_naming_NO_CHANGE,3,4489.296,7880,20.969501616
baseline,raw_naming_NO_CHANGE,4,3889.687,7880,10.673301128
baseline,raw_naming_NO_CHANGE,5,6719.149,7880,29.544098153
baseline,named_batch_beans,1,8255.915,26064,20.937000440000002
baseline,named_batch_beans,2,8413.684,26864,21.581099459999997
baseline,named_batch_beans,3,8712.385,26136,18.9929993
baseline,named_batch_beans,4,8115.919,26064,21.718199243999997
baseline,named_batch_beans,5,9248.989,26064,11.894199854
baseline,named_where_128,1,47806.373,71280,19.505000184
baseline,named_where_128,2,48434.163,71280,21.407900046
baseline,named_where_128,3,51009.091,71280,21.321800038
baseline,named_where_128,4,46351.591,71280,20.39470004
baseline,named_where_128,5,51284.848,71280,10.154399904
baseline,positional_condition_only,1,3923.18,4872,19.835598079999997
baseline,positional_condition_only,2,3728.127,4872,17.257499883
baseline,positional_condition_only,3,3798.859,4872,19.651497607
baseline,positional_condition_only,4,3771.437,4872,12.438199226
baseline,positional_condition_only,5,4919.003,4872,28.13669716
baseline,raw_update_chain_16,1,8112.712,25448,21.952998672000003
baseline,raw_update_chain_16,2,7944.358,25448,18.303800832000004
baseline,raw_update_chain_16,3,8726.087,25448,21.073500105
baseline,raw_update_chain_16,4,8045.484,25448,22.004398740000003
baseline,raw_update_chain_16,5,9891.939,25448,24.175898916
baseline,raw_mixed_literals,1,1543.405,3192,21.402397134999998
baseline,raw_mixed_literals,2,1433.906,3192,20.51919486
baseline,raw_mixed_literals,3,1976.703,3192,16.044898251
baseline,raw_mixed_literals,4,1493.529,3192,21.234995322
baseline,raw_mixed_literals,5,1812.018,3192,12.649697658
baseline,raw_naming_KEBAB_CASE,1,5381.087,8840,21.395201912
baseline,raw_naming_KEBAB_CASE,2,4889.697,8840,10.962700674
baseline,raw_naming_KEBAB_CASE,3,5621.069,8840,20.303301228
baseline,raw_naming_KEBAB_CASE,4,5030.666,8840,19.931498692
baseline,raw_naming_KEBAB_CASE,5,6436.756,8840,22.81830002
baseline,raw_insert_entity,1,848.693,2176,21.500788462000003
baseline,raw_insert_entity,2,844.486,2176,21.701601228
baseline,raw_insert_entity,3,872.42,2176,21.89250748
baseline,raw_insert_entity,4,844.896,2176,22.307789088
baseline,raw_insert_entity,5,1054.083,2176,13.838001624000002
baseline,raw_group_order,1,3306.579,6432,21.763902978
baseline,raw_group_order,2,3163.015,6432,19.430401145
baseline,raw_group_order,3,3680.157,6432,21.532598607
baseline,raw_group_order,4,3216.434,6432,22.605098152000004
baseline,raw_group_order,5,3931.449,6432,18.914201139
baseline,named_naming_NO_CHANGE,1,4928.042,9624,21.791801724000003
baseline,named_naming_NO_CHANGE,2,4858.716,9624,9.309299856
baseline,named_naming_NO_CHANGE,3,5273.154,9624,21.134801232
baseline,named_naming_NO_CHANGE,4,4926.496,9624,18.444801024
baseline,named_naming_NO_CHANGE,5,6999.662,9624,24.869799086
baseline,mybatis_join_using,1,935.814,3352,15.066605399999998
baseline,mybatis_join_using,2,971.835,3376,21.120890055
baseline,mybatis_join_using,3,1069.792,3376,20.217999007999996
baseline,mybatis_join_using,4,958.147,3352,17.417196166
baseline,mybatis_join_using,5,1064.934,3352,17.80569648
baseline,named_where_16,1,6429.854,10584,20.202601268
baseline,named_where_16,2,5956.279,10584,20.584900224000002
baseline,named_where_16,3,6760.746,10584,20.85690141
baseline,named_where_16,4,5728.671,10584,19.82120166
baseline,named_where_16,5,6926.904,10584,15.370799976000002
baseline,positional_select_entity,1,605.194,2000,19.820708693999997
baseline,positional_select_entity,2,599.782,2000,19.557691456
baseline,positional_select_entity,3,616.914,2000,22.9492008
baseline,positional_select_entity,4,584.824,2000,19.260593616
baseline,positional_select_entity,5,692.105,2000,26.457097835000003
baseline,named_delete,1,446.114,1960,15.055009157999999
baseline,named_delete,2,466.6,1960,21.478997800000002
baseline,named_delete,3,490.618,1960,19.129686438
baseline,named_delete,4,450.627,1960,22.9369143
baseline,named_delete,5,639.413,1960,26.416708682
baseline,positional_where_128,1,33105.505,32808,14.43400018
baseline,positional_where_128,2,30560.274,32808,15.616300014
baseline,positional_where_128,3,34354.899,32808,20.338100207999997
baseline,positional_where_128,4,31170.344,32808,17.237200232
baseline,positional_where_128,5,37459.847,32808,24.536199785
baseline,positional_join_on,1,1617.415,3832,20.209600425
baseline,positional_join_on,2,1564.02,3832,18.65719458
baseline,positional_join_on,3,1738.797,3832,20.907295127999998
baseline,positional_join_on,4,1592.824,3832,10.388398128
baseline,positional_join_on,5,2016.116,3832,23.993796516
baseline,raw_where_eq,1,1000.865,2784,18.979402995
baseline,raw_where_eq,2,982.85,2784,21.46249545
baseline,raw_where_eq,3,1099.674,2784,10.467796805999999
baseline,raw_where_eq,4,980.808,2784,17.033692536
baseline,raw_where_eq,5,1225.816,2784,16.81819552
baseline,raw_union_raw,1,3283.333,5200,21.551797812
baseline,raw_union_raw,2,3469.008,5200,21.826998336
baseline,raw_union_raw,3,3548.425,5200,21.514100775000003
baseline,raw_union_raw,4,3209.726,5200,21.749103376
baseline,raw_union_raw,5,3856.517,5200,19.467697816
baseline,mybatis_where_16,1,6140.875,8984,17.126900375
baseline,mybatis_where_16,2,5974.848,9368,20.666999232000002
baseline,mybatis_where_16,3,6313.858,9368,10.752500174000001
baseline,mybatis_where_16,4,5639.167,8984,15.564100920000001
baseline,mybatis_where_16,5,6615.11,8984,22.59060065
baseline,mybatis_update_chain_16,1,14041.124,39936,10.994200092
baseline,mybatis_update_chain_16,2,13362.741,39960,20.084199723
baseline,mybatis_update_chain_16,3,15538.223,39960,22.033200214
baseline,mybatis_update_chain_16,4,13917.106,39936,21.641099829999998
baseline,mybatis_update_chain_16,5,15783.935,39936,20.534899435
baseline,mybatis_select_entity,1,595.181,2000,11.264395606
baseline,mybatis_select_entity,2,605.451,2000,20.416413171
baseline,mybatis_select_entity,3,617.833,2000,18.62148662
baseline,mybatis_select_entity,4,579.641,2000,18.950203212999998
baseline,mybatis_select_entity,5,720.241,2000,23.509386481
baseline,named_repeated_names,1,27233.643,64920,17.565699735
baseline,named_repeated_names,2,25627.248,64920,19.09229976
baseline,named_repeated_names,3,28583.312,64920,22.094900176000003
baseline,named_repeated_names,4,26093.011,64920,19.413200184
baseline,named_repeated_names,5,34781.338,64920,19.755799984
baseline,named_join_on,1,1731.295,4288,18.317101100000002
baseline,named_join_on,2,1699.369,4288,19.107705036
baseline,named_join_on,3,2005.971,4288,11.993700609
baseline,named_join_on,4,1627.116,4288,18.643495127999998
baseline,named_join_on,5,2243.307,4288,25.672405308
baseline,positional_retry_rollback,1,3191.668,5872,18.004199188
baseline,positional_retry_rollback,2,2970.528,5872,24.875201472
baseline,positional_retry_rollback,3,3774.739,5872,17.707300649
baseline,positional_retry_rollback,4,3028.178,5872,7.361500717999999
baseline,positional_retry_rollback,5,4283.854,5872,27.673696840000005
baseline,named_subquery_raw,1,623.791,2272,20.231413503000002
baseline,named_subquery_raw,2,637.687,2272,19.431598263999998
baseline,named_subquery_raw,3,673.685,2272,11.530792459999999
baseline,named_subquery_raw,4,598.692,2272,21.096708696
baseline,named_subquery_raw,5,804.289,2272,24.115801375999997
baseline,mybatis_in_16,1,1946.734,6128,19.878100873999998
baseline,mybatis_in_16,2,2130.67,6512,17.20089891
baseline,mybatis_in_16,3,2232.443,6512,8.77350099
baseline,mybatis_in_16,4,1920.222,6128,20.196894996
baseline,mybatis_in_16,5,2377.302,6128,23.104998138
baseline,named_insert_entity,1,939.934,2760,8.240401378
baseline,named_insert_entity,2,937.371,2760,22.215692699999998
baseline,named_insert_entity,3,1000.952,2760,20.086103784
baseline,named_insert_entity,4,929.709,2760,20.913803955
baseline,named_insert_entity,5,1211.184,2760,18.594096768
baseline,mybatis_late_modifier,1,826.835,2656,8.525495685000001
baseline,mybatis_late_modifier,2,778.496,2680,21.246712832
baseline,mybatis_late_modifier,3,883.658,2680,9.241295364
baseline,mybatis_late_modifier,4,755.848,2656,20.070787792
baseline,mybatis_late_modifier,5,855.974,2656,13.189703366
baseline,raw_in_17,1,1795.463,5816,21.252895531
baseline,raw_in_17,2,1737.606,5816,19.277000964000003
baseline,raw_in_17,3,1918.934,5816,10.905301922
baseline,raw_in_17,4,1743.192,5816,19.779999624000002
baseline,raw_in_17,5,2054.743,5816,20.989199745
baseline,named_naming_SCREAMING_SNAKE_CASE,1,6098.202,10600,21.368099808000004
baseline,named_naming_SCREAMING_SNAKE_CASE,2,6171.375,10600,17.95870125
baseline,named_naming_SCREAMING_SNAKE_CASE,3,6537.368,10600,21.658300184
baseline,named_naming_SCREAMING_SNAKE_CASE,4,6031.151,10600,15.19850052
baseline,named_naming_SCREAMING_SNAKE_CASE,5,8264.422,10600,26.504001354000003
baseline,raw_batch_beans,1,6440.702,16896,22.02720084
baseline,raw_batch_beans,2,6472.574,17696,17.676599594
baseline,raw_batch_beans,3,7662.278,16968,15.071700826
baseline,raw_batch_beans,4,6492.052,16896,19.112601087999998
baseline,raw_batch_beans,5,9515.833,16896,23.018800027
baseline,named_where_eq,1,1036.665,3120,20.4223005
baseline,named_where_eq,2,981.913,3120,18.843892383
baseline,named_where_eq,3,1098.631,3120,20.703701195
baseline,named_where_eq,4,1003.922,3120,18.610706036000003
baseline,named_where_eq,5,1466.614,3120,21.257103316
baseline,positional_row_in,1,982.059,2624,21.790907151
baseline,positional_row_in,2,964.031,2624,14.703400811999998
baseline,positional_row_in,3,1008.632,2624,14.313496712
baseline,positional_row_in,4,909.561,2624,17.828305161000003
baseline,positional_row_in,5,1081.812,2624,20.573900615999996
baseline,mybatis_batch_64,1,34955.064,118896,18.980599752
baseline,mybatis_batch_64,2,34335.968,116880,21.28830016
baseline,mybatis_batch_64,3,36618.182,120440,20.945600104
baseline,mybatis_batch_64,4,34434.397,118896,19.420999908
baseline,mybatis_batch_64,5,45729.794,118896,28.855500014000004
baseline,mybatis_union_raw,1,3276.134,5200,9.320601230000001
baseline,mybatis_union_raw,2,3265.544,5200,20.661096888
baseline,mybatis_union_raw,3,3444.677,5200,21.095201948000003
baseline,mybatis_union_raw,4,3135.812,5200,19.482799956
baseline,mybatis_union_raw,5,4084.226,5200,22.500001034
baseline,positional_dialect_Microsoft_SQL_Server,1,1316.173,3544,22.534197932999998
baseline,positional_dialect_Microsoft_SQL_Server,2,1231.761,3544,17.575997709
baseline,positional_dialect_Microsoft_SQL_Server,3,1360.54,3544,19.94959802
baseline,positional_dialect_Microsoft_SQL_Server,4,1229.545,3544,18.54399769
baseline,positional_dialect_Microsoft_SQL_Server,5,1594.891,3544,27.033402450000004
baseline,mybatis_derived,1,11095.264,17144,10.074499712
baseline,mybatis_derived,2,10734.762,17192,20.782499232
baseline,mybatis_derived,3,11922.036,17192,19.206399996
baseline,mybatis_derived,4,10673.54,17144,20.290399540000003
baseline,mybatis_derived,5,12505.171,17144,12.092500357
baseline,mybatis_subquery_structured,1,1824.135,5232,9.651498285
baseline,mybatis_subquery_structured,2,1655.328,5256,20.817404928
baseline,mybatis_subquery_structured,3,1870.349,5256,19.485295882
baseline,mybatis_subquery_structured,4,1661.972,5232,19.684396368
baseline,mybatis_subquery_structured,5,1993.288,5232,14.046700536
baseline,named_select_columns,1,802.237,1952,20.509188905
baseline,named_select_columns,2,829.204,1952,22.067606052
baseline,named_select_columns,3,829.085,1952,20.837393305
baseline,named_select_columns,4,801.959,1952,9.701298023
baseline,named_select_columns,5,978.123,1952,21.005191425
baseline,raw_row_in,1,1178.412,3136,21.654498912
baseline,raw_row_in,2,1247.543,3136,19.294500038
baseline,raw_row_in,3,1236.914,3136,9.523000886
baseline,raw_row_in,4,1142.604,3136,21.018200580000002
baseline,raw_row_in,5,1443.661,3136,20.520197454
baseline,mybatis_in_expression,1,22561.502,66656,18.929100178
baseline,mybatis_in_expression,2,24656.677,72776,16.618600298
baseline,mybatis_in_expression,3,26647.082,72776,20.544900222
baseline,mybatis_in_expression,4,21643.938,66656,18.029400354
baseline,mybatis_in_expression,5,29037.857,66656,20.326499899999998
baseline,named_dialect_Microsoft_SQL_Server,1,1541.884,4320,18.314498152
baseline,named_dialect_Microsoft_SQL_Server,2,1503.743,4320,19.243399171
baseline,named_dialect_Microsoft_SQL_Server,3,1717.544,4320,22.966998368000002
baseline,named_dialect_Microsoft_SQL_Server,4,1553.963,4320,10.03860098
baseline,named_dialect_Microsoft_SQL_Server,5,2113.585,4320,27.13420423
baseline,raw_join_using,1,931.948,3176,15.227098372
baseline,raw_join_using,2,927.146,3176,20.482509432
baseline,raw_join_using,3,1092.95,3176,19.6577987
baseline,raw_join_using,4,923.427,3176,20.836206828
baseline,raw_join_using,5,1143.36,3176,13.086898559999998
baseline,raw_in_1024,1,77428.975,220248,21.912399925
baseline,raw_in_1024,2,70023.333,220248,21.0069999
baseline,raw_in_1024,3,79969.032,220248,12.395199960000001
baseline,raw_in_1024,4,71710.702,220248,21.441499898000004
baseline,raw_in_1024,5,85581.667,220248,20.539600080000003
baseline,positional_insert_entity,1,607.385,1816,18.948589844999997
baseline,positional_insert_entity,2,601.979,1816,18.004589911000004
baseline,positional_insert_entity,3,622.98,1816,23.72058648
baseline,positional_insert_entity,4,611.561,1816,20.777784975000003
baseline,positional_insert_entity,5,701.973,1816,25.295597054999998
baseline,named_batch_64,1,38395.802,134912,20.119400248000005
baseline,named_batch_64,2,36684.547,132896,20.653399960999998
baseline,named_batch_64,3,40373.042,136456,22.164800058
baseline,named_batch_64,4,37064.068,134912,21.867800120000002
baseline,named_batch_64,5,40732.081,134912,14.093300025999998
baseline,mybatis_in_256,1,22034.928,66616,18.421199807999997
baseline,mybatis_in_256,2,25801.734,72760,22.31849991
baseline,mybatis_in_256,3,26776.868,72760,15.048599816
baseline,mybatis_in_256,4,22092.448,66616,15.79610032
baseline,mybatis_in_256,5,29846.599,66616,23.698199606
baseline,mybatis_naming_NO_CHANGE,1,4738.769,8024,21.940500470000003
baseline,mybatis_naming_NO_CHANGE,2,4867.503,8408,11.832899793
baseline,mybatis_naming_NO_CHANGE,3,5233.411,8408,17.95059973
baseline,mybatis_naming_NO_CHANGE,4,4696.329,8024,19.316001176999997
baseline,mybatis_naming_NO_CHANGE,5,5746.161,8024,23.128298025
baseline,positional_where_16,1,4463.342,5888,20.272499364
baseline,positional_where_16,2,4307.998,5888,18.744099298
baseline,positional_where_16,3,4782.446,5888,21.11449909
baseline,positional_where_16,4,4277.051,5888,17.984999455
baseline,positional_where_16,5,5468.876,5888,26.409202204
baseline,mybatis_batch_beans,1,7729.091,22080,19.129500225
baseline,mybatis_batch_beans,2,7673.961,22880,20.865499958999997
baseline,mybatis_batch_beans,3,7896.239,22152,20.782901048
baseline,mybatis_batch_beans,4,8192.419,22080,12.968599277000001
baseline,mybatis_batch_beans,5,8408.211,22080,14.335999755
baseline,mybatis_delete,1,429.908,1808,17.347217708000002
baseline,mybatis_delete,2,476.748,1832,21.9184893
baseline,mybatis_delete,3,468.73,1832,21.059101440000003
baseline,mybatis_delete,4,428.766,1808,21.971684904
baseline,mybatis_delete,5,511.814,1808,20.843113336
baseline,positional_batch_4,1,1937.929,5968,12.482200689
baseline,positional_batch_4,2,1855.599,5872,5.633598564000001
baseline,positional_batch_4,3,2017.601,6072,21.241303328
baseline,positional_batch_4,4,1928.25,5968,6.0817005
baseline,positional_batch_4,5,2206.819,5968,4.045099227
baseline,positional_pagination,1,969.696,3288,20.626403616
baseline,positional_pagination,2,988.238,3288,18.256708812000003
baseline,positional_pagination,3,1093.696,3288,20.125100095999997
baseline,positional_pagination,4,954.367,3288,8.206601832999999
baseline,positional_pagination,5,1141.463,3288,21.902392044
baseline,mybatis_group_order,1,3312.098,7264,8.13120059
baseline,mybatis_group_order,2,3799.454,7288,20.862801914000002
baseline,mybatis_group_order,3,3983.189,7288,15.661899148
baseline,mybatis_group_order,4,3587.123,7264,19.750699238000003
baseline,mybatis_group_order,5,5347.193,7264,28.666301673
baseline,positional_repeated_names,1,16276.412,30360,21.322099719999997
baseline,positional_repeated_names,2,15158.612,30360,19.008899447999998
baseline,positional_repeated_names,3,17039.484,30360,21.793500036
baseline,positional_repeated_names,4,14877.764,30360,11.842700144
baseline,positional_repeated_names,5,18273.609,30360,25.619599818
baseline,named_in_1024,1,123666.038,353216,19.662900042
baseline,named_in_1024,2,136087.5,353216,22.8627
baseline,named_in_1024,3,130085.714,353216,17.301399962
baseline,named_in_1024,4,122906.612,353216,14.871700052
baseline,named_in_1024,5,149375,353216,13.7425
baseline,named_in_expression,1,26819.526,90680,19.229600142000002
baseline,named_in_expression,2,26858.846,90680,20.949899880000004
baseline,named_in_expression,3,28693.521,90680,20.37239991
baseline,named_in_expression,4,27734.888,90680,14.865899968
baseline,named_in_expression,5,35998.201,90680,14.003300189
baseline,raw_naming_CAMEL_CASE,1,4126.273,7880,12.642900472000001
baseline,raw_naming_CAMEL_CASE,2,3960.562,7880,18.056202158
baseline,raw_naming_CAMEL_CASE,3,4374.733,7880,21.746797743000002
baseline,raw_naming_CAMEL_CASE,4,4057.139,7880,16.991298132
baseline,raw_naming_CAMEL_CASE,5,5213.393,7880,25.769801599
baseline,positional_in_17,1,857.236,2672,19.113791092
baseline,positional_in_17,2,902.725,2672,14.408393725
baseline,positional_in_17,3,862.471,2672,20.350003245
baseline,positional_in_17,4,817.539,2672,13.247401956000001
baseline,positional_in_17,5,1205.638,2672,29.937197177999998
baseline,named_batch_4,1,2931.627,9736,13.746399003
baseline,named_batch_4,2,2964.048,9640,20.940999119999997
baseline,named_batch_4,3,3301.812,9840,20.411801783999998
baseline,named_batch_4,4,2965.767,9736,21.424700807999997
baseline,named_batch_4,5,3833.275,9736,13.121300325000002
baseline,positional_derived,1,9216.044,15296,20.9665001
baseline,positional_derived,2,9257.584,15296,20.385199968000002
baseline,positional_derived,3,9698.408,15296,21.317100783999997
baseline,positional_derived,4,9326.505,15296,10.380400065
baseline,positional_derived,5,11413.069,15296,25.063099524000002
baseline,positional_in_expression,1,4541.39,9760,22.811401970000002
baseline,positional_in_expression,2,4291.536,9760,20.230300704
baseline,positional_in_expression,3,4444.189,9760,17.398999935000003
baseline,positional_in_expression,4,4469.849,9760,17.78999902
baseline,positional_in_expression,5,6313.242,9760,30.511898586
baseline,mybatis_batch_4,1,2949.837,8784,18.946803051
baseline,mybatis_batch_4,2,2883.964,8688,20.052201691999997
baseline,mybatis_batch_4,3,2983.48,8888,20.01020036
baseline,mybatis_batch_4,4,2839.492,8784,19.887801968
baseline,mybatis_batch_4,5,3951.783,8784,22.940100315
baseline,raw_select_star,1,279.351,1424,11.767102173
baseline,raw_select_star,2,307.761,1424,24.725518740000002
baseline,raw_select_star,3,320.375,1424,8.4925005
baseline,raw_select_star,4,293.523,1424,23.734563303
baseline,raw_select_star,5,345.616,1424,17.269394671999997
baseline,raw_select_columns,1,828.505,1952,18.973593004999998
baseline,raw_select_columns,2,823.148,1952,21.542606308000003
baseline,raw_select_columns,3,933.056,1952,8.19689696
baseline,raw_select_columns,4,784.311,1952,18.751307388
baseline,raw_select_columns,5,1055.236,1952,11.286804256000002
baseline,mybatis_mixed_literals,1,1576.289,3432,19.870699134
baseline,mybatis_mixed_literals,2,1548.056,3504,21.776503752
baseline,mybatis_mixed_literals,3,1815.779,3504,21.622296331999998
baseline,mybatis_mixed_literals,4,1454.485,3432,16.47349711
baseline,mybatis_mixed_literals,5,1931.374,3432,18.332602008000002
baseline,mybatis_select_columns,1,834.493,1952,17.605298821
baseline,mybatis_select_columns,2,824.679,1952,21.857292215999998
baseline,mybatis_select_columns,3,851.205,1952,21.299702715
baseline,mybatis_select_columns,4,796.203,1952,18.014889078
baseline,mybatis_select_columns,5,978.158,1952,22.266788712
baseline,mybatis_row_in,1,1319.201,3608,19.580900443
baseline,mybatis_row_in,2,1408.279,3704,21.755093992
baseline,mybatis_row_in,3,1594.188,3704,11.054099592
baseline,mybatis_row_in,4,1199.178,3608,7.444497024000001
baseline,mybatis_row_in,5,1587.122,3608,12.76839649
baseline,positional_in_256,1,4430.321,9576,22.940202138
baseline,positional_in_256,2,4348.904,9576,21.831498080000003
baseline,positional_in_256,3,4518.966,9576,18.179800218
baseline,positional_in_256,4,4339.742,9576,19.841300424000003
baseline,positional_in_256,5,5431.48,9576,25.79409852
baseline,raw_delete,1,430.617,1624,22.326199599
baseline,raw_delete,2,432.534,1624,21.545383607999998
baseline,raw_delete,3,437.598,1624,22.386200886
baseline,raw_delete,4,418.505,1624,23.77610606
baseline,raw_delete,5,581.183,1624,22.410416480000002
baseline,positional_subquery_structured,1,1450.369,4704,20.412493306
baseline,positional_subquery_structured,2,1412.465,4704,21.20109965
baseline,positional_subquery_structured,3,1627.944,4704,20.448604583999998
baseline,positional_subquery_structured,4,1408.039,4704,10.229403334999999
baseline,positional_subquery_structured,5,2173.988,4704,31.366298863999997
baseline,positional_nested,1,1214.983,2952,21.570808182
baseline,positional_nested,2,1181.823,2952,17.359798047
baseline,positional_nested,3,1362.249,2952,19.724003271
baseline,positional_nested,4,1158.059,2952,16.906503340999997
baseline,positional_nested,5,1637.627,2952,28.64209623
baseline,raw_naming_UPPER_CAMEL_CASE,1,5400.599,8840,21.629398995000003
baseline,raw_naming_UPPER_CAMEL_CASE,2,5204.418,8840,19.43850123
baseline,raw_naming_UPPER_CAMEL_CASE,3,6233.912,8840,21.563101608
baseline,raw_naming_UPPER_CAMEL_CASE,4,5273.119,8840,19.341800491999997
baseline,raw_naming_UPPER_CAMEL_CASE,5,6266.19,8840,14.474898899999998
baseline,named_derived,1,10571.996,17800,20.499100243999997
baseline,named_derived,2,10635.161,17800,21.142700068
baseline,named_derived,3,11290.409,17800,8.004899981
baseline,named_derived,4,9949.3,17800,18.465900799999996
baseline,named_derived,5,13198.567,17800,24.866100228
baseline,raw_naming_SCREAMING_SNAKE_CASE,1,5290.884,8856,20.835501192000002
baseline,raw_naming_SCREAMING_SNAKE_CASE,2,5339.213,8856,10.443500627999999
baseline,raw_naming_SCREAMING_SNAKE_CASE,3,5890.368,8856,19.20259968
baseline,raw_naming_SCREAMING_SNAKE_CASE,4,5339.805,8856,19.69320084
baseline,raw_naming_SCREAMING_SNAKE_CASE,5,6676.186,8856,23.072898816
baseline,mybatis_naming_UPPER_CAMEL_CASE,1,6092.752,8984,22.02529848
baseline,mybatis_naming_UPPER_CAMEL_CASE,2,6268.348,9368,20.002298468
baseline,mybatis_naming_UPPER_CAMEL_CASE,3,6664.974,9368,21.921099486000003
baseline,mybatis_naming_UPPER_CAMEL_CASE,4,5875.9,8984,20.894700399999998
baseline,mybatis_naming_UPPER_CAMEL_CASE,5,7563.356,8984,19.876499568
baseline,named_raw_expression,1,1529.139,2624,15.653795942999999
baseline,named_raw_expression,2,1505.215,2624,20.43479884
baseline,named_raw_expression,3,1640.209,2624,17.883198727000003
baseline,named_raw_expression,4,1454.403,2624,19.900596249000003
baseline,named_raw_expression,5,2051.381,2624,26.222803322999997
baseline,raw_where_128,1,39734.183,56496,18.714800193
baseline,raw_where_128,2,38318.478,56496,21.151799856000004
baseline,raw_where_128,3,41778.378,56496,9.274799916
baseline,raw_where_128,4,38414.217,56496,15.941900054999998
baseline,raw_where_128,5,48266.169,56496,19.402999938
baseline,positional_select_star,1,288.214,1424,23.376172897999997
baseline,positional_select_star,2,288.06,1424,22.628265239999998
baseline,positional_select_star,3,308.445,1424,25.237586789999998
baseline,positional_select_star,4,279.209,1424,20.618467814
baseline,positional_select_star,5,349.615,1424,28.292593875
baseline,mybatis_where_eq,1,993.339,2960,17.567200215
baseline,mybatis_where_eq,2,1051.105,2984,20.220106885
baseline,mybatis_where_eq,3,1070.126,2984,9.506999384
baseline,mybatis_where_eq,4,976.763,2960,20.723003808
baseline,mybatis_where_eq,5,1380.007,2960,24.586204712
baseline,raw_retry_rollback,1,3797.829,6376,22.391999784000003
baseline,raw_retry_rollback,2,3919.662,6376,17.842301424
baseline,raw_retry_rollback,3,4149.198,6376,17.845700598
baseline,raw_retry_rollback,4,3395.042,6376,13.627698588
baseline,raw_retry_rollback,5,4213.985,6376,14.432898624999998
baseline,named_group_order,1,3964.89,7688,18.52000119
baseline,named_group_order,2,3943.976,7688,19.999902296
baseline,named_group_order,3,4166.583,7688,13.266400271999998
baseline,named_group_order,4,3830.553,7688,22.780298691
baseline,named_group_order,5,4475.48,7688,11.42590044
before,mybatis_where_128,1,45267.532,64392,20.913599784
before,mybatis_where_128,2,40465.302,64392,20.758699926000002
before,mybatis_where_128,3,41876.268,64392,20.645000124
before,mybatis_where_128,4,42769.414,64392,19.716699853999998
before,mybatis_where_128,5,44070.042,67464,20.889199908
before,mybatis_raw_expression,1,1015.709,2616,9.931602602
before,mybatis_raw_expression,2,1006.584,2616,19.92029736
before,mybatis_raw_expression,3,1050.118,2616,20.95510469
before,mybatis_raw_expression,4,1007.239,2616,20.259605246
before,mybatis_raw_expression,5,1014.665,2616,19.31719227
before,mybatis_between,1,1464.422,3592,23.873007444000002
before,mybatis_between,2,1152.54,3592,20.05880616
before,mybatis_between,3,1209.897,3592,21.064306769999998
before,mybatis_between,4,1243.595,3592,20.13380305
before,mybatis_between,5,1276.137,3640,20.64789666
before,named_dialect_MySQL,1,1380.673,4216,21.93889397
before,named_dialect_MySQL,2,1269.416,4216,21.363001864
before,named_dialect_MySQL,3,1321.477,4216,21.240099821
before,named_dialect_MySQL,4,1311.386,4216,21.376903186
before,named_dialect_MySQL,5,1265.467,4216,20.572697019
before,named_pagination,1,1406.359,4192,22.691602465
before,named_pagination,2,1215.492,4192,20.156503836
before,named_pagination,3,1240.573,4192,20.128296925
before,named_pagination,4,1266.747,4192,19.934797539
before,named_pagination,5,1243.117,4192,20.444302182
before,positional_union_builder,1,2991.895,5920,26.798403515
before,positional_union_builder,2,2340.274,5992,20.837799695999998
before,positional_union_builder,3,2447.164,5920,21.226700536000003
before,positional_union_builder,4,2364.408,5920,20.660197103999998
before,positional_union_builder,5,2458.255,5920,21.55889635
before,raw_between,1,1283.213,3432,17.474794634
before,raw_between,2,1162.32,3432,21.259995119999996
before,raw_between,3,1138.956,3432,20.919204851999996
before,raw_between,4,1187.825,3432,20.75130275
before,raw_between,5,1142.414,3432,20.753092724
before,named_naming_KEBAB_CASE,1,7147.74,11392,23.71620132
before,named_naming_KEBAB_CASE,2,5851.018,11392,20.987601566
before,named_naming_KEBAB_CASE,3,5823.641,11392,21.110698625
before,named_naming_KEBAB_CASE,4,5964.936,11392,21.0263994
before,named_naming_KEBAB_CASE,5,6022.412,11392,21.120598884
before,named_update_chain_16,1,17646.74,47808,20.84079994
before,named_update_chain_16,2,15878.801,47808,21.722199768
before,named_update_chain_16,3,16270.182,47808,21.444099876000003
before,named_update_chain_16,4,16747.122,47808,21.821499965999998
before,named_update_chain_16,5,15663.643,47808,20.550699616
before,raw_subquery_structured,1,1427.792,4720,21.823800719999998
before,raw_subquery_structured,2,1329.243,4720,20.572693910999998
before,raw_subquery_structured,3,1364.868,4720,20.870196588
before,raw_subquery_structured,4,1343.395,4720,21.100705265000002
before,raw_subquery_structured,5,1295.322,4720,19.383198408
before,mybatis_subquery_raw,1,651.312,2352,16.35118776
before,mybatis_subquery_raw,2,636.539,2352,20.702794436
before,mybatis_subquery_raw,3,629.715,2352,20.251004685
before,mybatis_subquery_raw,4,621.216,2352,20.988403776000002
before,mybatis_subquery_raw,5,637.547,2352,20.744504286
before,positional_in_1024,1,15276.263,28584,22.074200035
before,positional_in_1024,2,14163.1,28584,19.4600994
before,positional_in_1024,3,14356.337,28584,22.654299786
before,positional_in_1024,4,14169.005,28584,21.211000485
before,positional_in_1024,5,14358.979,28584,21.667699311
before,named_retry_rollback,1,4920.246,8432,23.622101046
before,named_retry_rollback,2,4945.015,8432,25.145401275
before,named_retry_rollback,3,4537.261,8432,17.327799759000005
before,named_retry_rollback,4,4590.874,8432,23.895499169999997
before,named_retry_rollback,5,4442.642,8432,20.982598166
before,named_dialect_Oracle,1,1385.373,4392,20.978703339000003
before,named_dialect_Oracle,2,1304.325,4392,21.715706925
before,named_dialect_Oracle,3,1364.842,4392,21.118200266000002
before,named_dialect_Oracle,4,1365.394,4392,22.37880766
before,named_dialect_Oracle,5,1326.605,4392,21.077100240000004
before,named_mixed_literals,1,1791.319,3944,24.102197144999998
before,named_mixed_literals,2,1377.673,3944,20.103004416
before,named_mixed_literals,3,1440.218,3944,20.913405578000003
before,named_mixed_literals,4,1464.629,3944,20.989598198999996
before,named_mixed_literals,5,1396.954,3944,20.044892945999997
before,raw_raw_expression,1,1101.251,2616,11.623704305
before,raw_raw_expression,2,1026.161,2616,20.797204987
before,raw_raw_expression,3,1042.336,2616,20.843592991999998
before,raw_raw_expression,4,1016.72,2616,18.89879136
before,raw_raw_expression,5,1005.942,2616,20.366301732
before,named_dialect_DB2,1,1498.783,4392,19.954796862
before,named_dialect_DB2,2,1335.869,4392,21.776000568999997
before,named_dialect_DB2,3,1349.537,4392,21.707302645
before,named_dialect_DB2,4,1333.136,4392,21.640796688000002
before,named_dialect_DB2,5,1362.148,4392,21.893804804
before,mybatis_join_on,1,1539.997,4192,21.361298387
before,mybatis_join_on,2,1408.386,4192,20.607503952
before,mybatis_join_on,3,1391.581,4192,21.637692968999996
before,mybatis_join_on,4,1431.537,4192,20.884693293
before,mybatis_join_on,5,1354.741,4216,20.417301611000003
before,positional_naming_CAMEL_CASE,1,5049.406,6408,22.54559779
before,positional_naming_CAMEL_CASE,2,4337.099,6408,20.540500864
before,positional_naming_CAMEL_CASE,3,4580.118,6408,20.917398906000003
before,positional_naming_CAMEL_CASE,4,4410.215,6408,20.50749975
before,positional_naming_CAMEL_CASE,5,4438.574,6408,20.723702005999996
before,raw_condition_only,1,4924.272,8584,20.470198704
before,raw_condition_only,2,4598.94,8584,21.25630068
before,raw_condition_only,3,4505.993,8584,21.051999296
before,raw_condition_only,4,4376.133,8584,20.755998819
before,raw_condition_only,5,4478.573,8584,20.462600037
before,raw_insert_placeholders,1,775.543,2096,21.705897484
before,raw_insert_placeholders,2,686.133,2096,22.235512131
before,raw_insert_placeholders,3,670.743,2096,21.527496585
before,raw_insert_placeholders,4,696.939,2096,21.222489489
before,raw_insert_placeholders,5,679.137,2096,20.507899989
before,raw_repeated_names,1,25104.564,59056,18.150599772
before,raw_repeated_names,2,21508.325,59056,21.443800025
before,raw_repeated_names,3,21727.697,59056,20.945499908
before,raw_repeated_names,4,21756.757,59056,21.735000243
before,raw_repeated_names,5,22681.99,59056,21.661300450000002
before,positional_dialect_PostgreSQL,1,1105.24,3432,21.2813962
before,positional_dialect_PostgreSQL,2,1025.166,3432,20.47769085
before,positional_dialect_PostgreSQL,3,1075.841,3432,20.510908665
before,positional_dialect_PostgreSQL,4,1017.18,3432,19.78720254
before,positional_dialect_PostgreSQL,5,1015.957,3432,20.348602752999998
before,raw_insert_values,1,1162.562,2544,20.212302932
before,raw_insert_values,2,964.544,2544,21.4369904
before,raw_insert_values,3,960.583,2544,21.474793548
before,raw_insert_values,4,952.895,2544,20.688303344999998
before,raw_insert_values,5,959.802,2544,21.630097872
before,raw_late_modifier,1,740.992,2560,20.672194816
before,raw_late_modifier,2,711.033,2560,20.23599918
before,raw_late_modifier,3,727.222,2560,21.037805237999997
before,raw_late_modifier,4,723.784,2560,20.681404016
before,raw_late_modifier,5,692.742,2560,19.976601053999996
before,raw_update_map,1,1365.994,3712,19.972198274
before,raw_update_map,2,1273.815,3712,20.47020705
before,raw_update_map,3,1262.3,3712,20.9099995
before,raw_update_map,4,1269.593,3712,21.160306531
before,raw_update_map,5,1250.958,3712,21.406393296
before,mybatis_update_map,1,1979.85,4368,21.09530175
before,mybatis_update_map,2,1559.159,4368,21.31370353
before,mybatis_update_map,3,1574.822,4368,21.190804831999998
before,mybatis_update_map,4,1552.267,4368,20.406101982
before,mybatis_update_map,5,1623.683,4392,20.828605524
before,named_subquery_structured,1,1942.605,5640,22.93439463
before,named_subquery_structured,2,1680.267,5640,20.759698785
before,named_subquery_structured,3,1725.355,5640,21.244296115
before,named_subquery_structured,4,1741.739,5640,20.968795820999997
before,named_subquery_structured,5,1712.54,5640,20.25249804
before,named_insert_values,1,1182.413,3176,23.330190903000002
before,named_insert_values,2,1141.706,3176,20.517598525999997
before,named_insert_values,3,1087.698,3176,21.326494686
before,named_insert_values,4,1130.615,3176,20.212004355
before,named_insert_values,5,1108.861,3176,21.748090793000003
before,mybatis_select_star,1,243.367,1240,20.758231631999998
before,mybatis_select_star,2,245.888,1240,19.962663168000002
before,mybatis_select_star,3,248.806,1240,22.366166564
before,mybatis_select_star,4,231.656,1240,22.779197791999998
before,mybatis_select_star,5,250.767,1240,23.068307096999998
before,mybatis_repeated_names,1,25304.924,58032,21.585100171999997
before,mybatis_repeated_names,2,22984.633,58032,20.341400205000003
before,mybatis_repeated_names,3,23508.432,58032,21.745299600000003
before,mybatis_repeated_names,4,24051.57,58032,21.45400044
before,mybatis_repeated_names,5,25832.566,61104,22.448499853999998
before,mybatis_insert_placeholders,1,1124.291,2736,23.702302862
before,mybatis_insert_placeholders,2,951.873,2736,21.550404720000003
before,mybatis_insert_placeholders,3,984.155,2736,21.59039239
before,mybatis_insert_placeholders,4,988.029,2736,21.615110432999998
before,mybatis_insert_placeholders,5,989.999,2736,21.847297932
before,positional_mixed_literals,1,1224.073,2976,22.246302702000005
before,positional_mixed_literals,2,1106.517,2976,20.781495777000003
before,positional_mixed_literals,3,1187.733,2976,21.01099677
before,positional_mixed_literals,4,1143.401,2976,21.120903272
before,positional_mixed_literals,5,1102.65,2976,19.681199850000002
before,positional_update_chain_16,1,6740.096,23168,16.910900864
before,positional_update_chain_16,2,6176.702,23168,21.686400722
before,positional_update_chain_16,3,6344.572,23168,22.675500328000002
before,positional_update_chain_16,4,6551.174,23168,20.649300447999998
before,positional_update_chain_16,5,6259.83,23168,21.36479979
before,raw_batch_4,1,2458.901,7424,18.756496828
before,raw_batch_4,2,2326.528,7456,21.890301951999998
before,raw_batch_4,3,2290.628,7456,20.849296056
before,raw_batch_4,4,2330.036,7424,21.200997563999998
before,raw_batch_4,5,2209.39,7520,21.364801299999996
before,positional_dialect_MySQL,1,1033.867,3432,20.404399112
before,positional_dialect_MySQL,2,970.286,3432,21.114393645999996
before,positional_dialect_MySQL,3,969.168,3432,19.837899791999998
before,positional_dialect_MySQL,4,986.208,3432,20.014105152
before,positional_dialect_MySQL,5,962.014,3432,20.503404382
before,mybatis_retry_rollback,1,4328.392,7736,15.183999136
before,mybatis_retry_rollback,2,3963.868,7736,17.278500612
before,mybatis_retry_rollback,3,4298.892,7736,22.900197684000002
before,mybatis_retry_rollback,4,4251.794,7736,18.372001874
before,mybatis_retry_rollback,5,3967.234,7760,20.062302338
before,positional_where_eq,1,903.905,2816,17.404690775
before,positional_where_eq,2,905.865,2816,21.422801385000003
before,positional_where_eq,3,893.22,2816,21.39440544
before,positional_where_eq,4,889.306,2816,20.782191914000002
before,positional_where_eq,5,853.05,2816,20.43140055
before,positional_batch_64,1,18992.094,70288,17.776599984
before,positional_batch_64,2,18200,70320,22.5134
before,positional_batch_64,3,17622.757,70320,19.050200317
before,positional_batch_64,4,18647.76,70288,22.060300079999998
before,positional_batch_64,5,17849.011,72304,20.758399793
before,positional_between,1,1103.03,3104,22.3142969
before,positional_between,2,1003.869,3104,20.341397547000003
before,positional_between,3,1042.446,3104,21.570292632
before,positional_between,4,1025.052,3104,20.827006536
before,positional_between,5,1010.033,3104,20.385496039
before,named_join_using,1,1147.842,3680,23.212808766000002
before,named_join_using,2,972.965,3680,20.82339693
before,named_join_using,3,984.7,3680,21.0391002
before,named_join_using,4,1010.998,3704,20.7760089
before,named_join_using,5,976.167,3680,20.426294475000002
before,named_between,1,1361.208,3848,19.310096688
before,named_between,2,1228.176,3848,20.338594559999997
before,named_between,3,1231.044,3848,20.394705948000002
before,named_between,4,1296.565,3848,20.232896825
before,named_between,5,1248.338,3848,19.110806441999998
before,raw_in_16,1,2045.993,5680,15.013496634
before,raw_in_16,2,1586.391,5680,20.726198415000002
before,raw_in_16,3,1739.365,5680,21.597695205
before,raw_in_16,4,1690.792,5680,21.116301288
before,raw_in_16,5,1640.271,5680,21.17589861
before,positional_naming_KEBAB_CASE,1,4771.317,6696,23.288798276999998
before,positional_naming_KEBAB_CASE,2,4294.949,6696,21.00230061
before,positional_naming_KEBAB_CASE,3,4461.156,6696,21.074500943999997
before,positional_naming_KEBAB_CASE,4,4120.515,6696,20.145197835
before,positional_naming_KEBAB_CASE,5,4286.758,6696,20.589298674
before,named_naming_UPPER_CAMEL_CASE,1,7981.679,11120,24.439901098
before,named_naming_UPPER_CAMEL_CASE,2,6115.842,11120,21.503300472
before,named_naming_UPPER_CAMEL_CASE,3,6109.309,11120,19.885800795
before,named_naming_UPPER_CAMEL_CASE,4,6282.447,11120,20.794899570000002
before,named_naming_UPPER_CAMEL_CASE,5,6376.714,11120,21.387498756
before,mybatis_in_17,1,2317.927,6424,23.195495489
before,mybatis_in_17,2,1855.299,6424,19.606799832
before,mybatis_in_17,3,1865.534,6424,21.30439828
before,mybatis_in_17,4,1895.942,6424,19.059904925999998
before,mybatis_in_17,5,2114.958,6832,21.124200504
before,named_dialect_PostgreSQL,1,1484.489,4216,22.605798491999998
before,named_dialect_PostgreSQL,2,1320.824,4216,20.410693272
before,named_dialect_PostgreSQL,3,1377.533,4216,21.275997184999998
before,named_dialect_PostgreSQL,4,1338.949,4216,20.615797753000003
before,named_dialect_PostgreSQL,5,1322.308,4216,19.785694604
before,mybatis_pagination,1,1510.596,3928,24.477697583999998
before,mybatis_pagination,2,1145.402,3928,20.127003944000002
before,mybatis_pagination,3,1163.053,3928,20.681408446000002
before,mybatis_pagination,4,1181.494,3928,21.214906264
before,mybatis_pagination,5,1152.267,3952,20.610599829
before,mybatis_naming_SCREAMING_SNAKE_CASE,1,6407.222,9808,23.0659992
before,mybatis_naming_SCREAMING_SNAKE_CASE,2,5458.425,9808,21.413401275000002
before,mybatis_naming_SCREAMING_SNAKE_CASE,3,5622.679,9808,21.073800892
before,mybatis_naming_SCREAMING_SNAKE_CASE,4,5601.771,9808,20.564101340999997
before,mybatis_naming_SCREAMING_SNAKE_CASE,5,5861.79,10192,20.75659839
before,positional_dialect_DB2,1,1108.583,3616,22.576292795
before,positional_dialect_DB2,2,1011.178,3616,19.286197994
before,positional_dialect_DB2,3,1041.69,3616,20.50150089
before,positional_dialect_DB2,4,1031.379,3616,21.623892113999997
before,positional_dialect_DB2,5,1024.029,3616,21.218904909
before,mybatis_in_1024,1,111311.616,256976,22.039699967999997
before,mybatis_in_1024,2,94404.184,256976,22.562599976
before,mybatis_in_1024,3,97123.558,256976,20.201700064
before,mybatis_in_1024,4,94298.113,256976,19.991199956
before,mybatis_in_1024,5,107364.078,281552,22.117000068
before,named_in_17,1,2405.596,7968,21.106699304000003
before,named_in_17,2,2154.069,7968,20.832001298999998
before,named_in_17,3,2115.169,7968,20.66520113
before,named_in_17,4,2230.071,7968,21.439902594
before,named_in_17,5,2233.246,7968,21.374397466
before,raw_pagination,1,1077.261,3520,20.333301375
before,raw_pagination,2,998.178,3520,20.484608916000003
before,raw_pagination,3,999.873,3520,20.405408184
before,raw_pagination,4,1006.385,3520,20.144808544999997
before,raw_pagination,5,990.01,3520,20.018002199999998
before,custom_handler_union,1,4932.952,9368,18.113799743999998
before,custom_handler_union,2,4847.37,9440,21.46900173
before,custom_handler_union,3,4596.536,9368,20.698201607999998
before,custom_handler_union,4,4804.774,9368,20.732599810000004
before,custom_handler_union,5,4870.021,9392,21.150501202999997
before,mybatis_select_expressions,1,1666.387,2512,15.670703348
before,mybatis_select_expressions,2,1539.303,2512,21.246999309
before,mybatis_select_expressions,3,1531.6,2512,20.967604
before,mybatis_select_expressions,4,1613.424,2512,21.669897744
before,mybatis_select_expressions,5,1524.524,2512,20.99269548
before,raw_select_entity,1,682.892,1992,12.957192808
before,raw_select_entity,2,575.065,1992,18.878808885
before,raw_select_entity,3,583.353,1992,20.955206466
before,raw_select_entity,4,593.259,1992,19.941808026
before,raw_select_entity,5,569.65,1992,21.21661425
before,positional_naming_SCREAMING_SNAKE_CASE,1,4214.201,6712,19.882600318
before,positional_naming_SCREAMING_SNAKE_CASE,2,4119.682,6712,18.670398823999996
before,positional_naming_SCREAMING_SNAKE_CASE,3,4423.319,6712,20.979802017
before,positional_naming_SCREAMING_SNAKE_CASE,4,4160.485,6712,20.59440075
before,positional_naming_SCREAMING_SNAKE_CASE,5,4221.447,6712,21.001698825
before,positional_group_order,1,2314.499,6160,22.316399357999998
before,positional_group_order,2,2119.723,6160,20.537996147
before,positional_group_order,3,2169.419,6160,21.594396726
before,positional_group_order,4,2257.02,6160,21.509400600000003
before,positional_group_order,5,2129.273,6160,20.854099762
before,positional_batch_beans,1,5659.765,11128,10.578100785
before,positional_batch_beans,2,4715.664,11200,18.966400608
before,positional_batch_beans,3,4567.442,11128,19.429898268
before,positional_batch_beans,4,4888.103,11200,22.187099517
before,positional_batch_beans,5,4341.253,10456,16.626998989999997
before,named_in_16,1,2302.899,7680,20.33459817
before,named_in_16,2,2043.684,7680,19.91570058
before,named_in_16,3,2072.756,7680,21.865503044
before,named_in_16,4,2167.229,7680,21.327700589
before,named_in_16,5,2140.493,7680,21.006798302
before,named_select_expressions,1,1645.927,2512,22.086694413
before,named_select_expressions,2,1520.651,2512,20.699101412
before,named_select_expressions,3,1560.196,2512,21.291994812
before,named_select_expressions,4,1535.364,2512,20.891697947999997
before,named_select_expressions,5,1514.167,2512,20.840994588
before,positional_raw_expression,1,1129.469,2616,21.620295598000002
before,positional_raw_expression,2,1057.51,2616,20.29890445
before,positional_raw_expression,3,998.837,2616,20.445194553
before,positional_raw_expression,4,1036.94,2616,21.15150212
before,positional_raw_expression,5,1021.287,2616,20.855701827
before,named_row_in,1,1383.81,4144,20.69349474
before,named_row_in,2,1315.283,4144,18.666496335999998
before,named_row_in,3,1316.779,4144,21.158004972
before,named_row_in,4,1382.473,4144,19.813603036
before,named_row_in,5,1308.432,4144,20.995099872
before,custom_handler_where,1,6631.604,11424,19.304599244
before,custom_handler_where,2,5658.526,11424,21.734398366
before,custom_handler_where,3,5611.315,11424,19.88650036
before,custom_handler_where,4,5600.307,11424,20.037898446
before,custom_handler_where,5,5950.682,11424,20.934499276
before,mybatis_nested,1,1381.309,3584,20.958601456999997
before,mybatis_nested,2,1291.55,3584,21.000603
before,mybatis_nested,3,1310.148,3584,21.160200347999996
before,mybatis_nested,4,1343.362,3584,21.249300116
before,mybatis_nested,5,1309.274,3632,21.248207746
before,raw_in_expression,1,20760.201,57760,18.621900297000003
before,raw_in_expression,2,18935.121,57760,21.888999876
before,raw_in_expression,3,19718.314,57760,21.749300342
before,raw_in_expression,4,18935.829,57760,21.246000138
before,raw_in_expression,5,18955.386,57760,21.116300003999996
before,raw_where_16,1,5364.198,9648,10.937599722000002
before,raw_where_16,2,5082.439,9648,21.214100386
before,raw_where_16,3,5207.214,9648,20.860099283999997
before,raw_where_16,4,5129.542,9648,21.513299148
before,raw_where_16,5,4932.204,9648,20.675799167999998
before,raw_select_expressions,1,1647.049,2512,15.126498016
before,raw_select_expressions,2,1488.249,2512,20.351805074999998
before,raw_select_expressions,3,1511.899,2512,20.749301875999997
before,raw_select_expressions,4,1503.494,2512,20.656504066
before,raw_select_expressions,5,1546.228,2512,21.048801764000004
before,mybatis_insert_entity,1,895.244,2456,21.685495412
before,mybatis_insert_entity,2,870.446,2456,19.632909530000003
before,mybatis_insert_entity,3,873.829,2456,20.397790347
before,mybatis_insert_entity,4,915.673,2456,21.785692016
before,mybatis_insert_entity,5,877.996,2456,21.754106892
before,mybatis_union_builder,1,4398.718,8912,19.213600224
before,mybatis_union_builder,2,4173.374,8984,21.300900895999998
before,mybatis_union_builder,3,4237.217,8912,21.131001179
before,mybatis_union_builder,4,4229.253,8912,20.558398833
before,mybatis_union_builder,5,4317.508,8960,21.13420166
before,raw_union_builder,1,2975.67,6120,23.31139878
before,raw_union_builder,2,2467.639,6192,20.474000783
before,raw_union_builder,3,2482.699,6120,20.678399971
before,raw_union_builder,4,2509.618,6120,20.847396726
before,raw_union_builder,5,2543.192,6120,21.367899184
before,positional_naming_NO_CHANGE,1,3695.898,4928,24.596201190000002
before,positional_naming_NO_CHANGE,2,3183.55,4928,21.5590006
before,positional_naming_NO_CHANGE,3,3348.158,4928,20.905898552
before,positional_naming_NO_CHANGE,4,3092.559,4928,20.738700654000002
before,positional_naming_NO_CHANGE,5,3069.573,4928,20.630600132999998
before,mybatis_naming_CAMEL_CASE,1,6418.617,9504,16.893799944
before,mybatis_naming_CAMEL_CASE,2,5512.738,9504,20.816098688
before,mybatis_naming_CAMEL_CASE,3,5663.122,9504,19.118699872
before,mybatis_naming_CAMEL_CASE,4,5713.632,9504,20.117698272
before,mybatis_naming_CAMEL_CASE,5,6129.317,9888,20.907100287000002
before,positional_insert_placeholders,1,763.677,2096,22.212309222
before,positional_insert_placeholders,2,670.696,2096,20.337514808
before,positional_insert_placeholders,3,668.447,2096,21.555410409
before,positional_insert_placeholders,4,704.034,2096,22.198896054000002
before,positional_insert_placeholders,5,697.668,2096,21.872589467999997
before,positional_select_columns,1,836.418,2104,18.28409748
before,positional_select_columns,2,786.67,2104,20.41329983
before,positional_select_columns,3,834.725,2104,22.437408
before,positional_select_columns,4,808.76,2104,21.96349532
before,positional_select_columns,5,779.979,2104,21.883090824
before,positional_update_map,1,1126.322,3192,23.265307231999998
before,positional_update_map,2,1035.436,3192,21.57330906
before,positional_update_map,3,1042.39,3192,21.84640962
before,positional_update_map,4,1022.387,3192,22.304394792
before,positional_update_map,5,1026.365,3192,20.846499515
before,positional_naming_UPPER_CAMEL_CASE,1,4857.702,6424,19.994301432
before,positional_naming_UPPER_CAMEL_CASE,2,4593.569,6424,21.144198107
before,positional_naming_UPPER_CAMEL_CASE,3,4879.377,6424,18.478200699000002
before,positional_naming_UPPER_CAMEL_CASE,4,4369.263,6424,19.858300335
before,positional_naming_UPPER_CAMEL_CASE,5,4431.157,6424,20.906198726
before,raw_join_on,1,1580.181,4016,15.70699914
before,raw_join_on,2,1336.552,4016,20.012193095999997
before,raw_join_on,3,1355.016,4016,21.341502
before,raw_join_on,4,1396.811,4016,20.850197797
before,raw_join_on,5,1349.657,4016,20.667297640999998
before,positional_union_raw,1,1162.751,1968,22.163196811000002
before,positional_union_raw,2,1122.664,1968,22.489205248
before,positional_union_raw,3,1145.559,1968,21.654501777
before,positional_union_raw,4,1130.773,1968,20.728199862999997
before,positional_union_raw,5,1127.743,1968,22.040609191999998
before,named_insert_placeholders,1,1110.43,3040,11.55180329
before,named_insert_placeholders,2,990.05,3040,12.91520225
before,named_insert_placeholders,3,971.766,3040,11.915794692
before,named_insert_placeholders,4,1021.738,3072,21.066194084000003
before,named_insert_placeholders,5,975.438,3040,10.750302198
before,raw_batch_64,1,25683.439,92384,16.129199692
before,raw_batch_64,2,23535.231,92416,21.911300061000002
before,raw_batch_64,3,23126.636,92416,20.143299956
before,raw_batch_64,4,24744.919,92384,21.429099854
before,raw_batch_64,5,22964.92,94400,21.4722002
before,named_in_256,1,28231.701,90792,20.750300235
before,named_in_256,2,24654.598,90792,21.178299682
before,named_in_256,3,24663.595,90792,21.679300005
before,named_in_256,4,25293.154,90792,20.689799972
before,named_in_256,5,27339.576,90792,21.899000376000004
before,positional_delete,1,391.169,1544,23.357874496999997
before,positional_delete,2,365.069,1544,24.703124023
before,positional_delete,3,376.535,1544,23.379811220000004
before,positional_delete,4,356.213,1544,23.860215379
before,positional_delete,5,358.661,1544,19.973472429
before,positional_insert_values,1,818.661,2232,22.870113695999997
before,positional_insert_values,2,848.29,2232,22.4712021
before,positional_insert_values,3,805.27,2232,22.02010815
before,positional_insert_values,4,792.381,2232,21.143894604
before,positional_insert_values,5,802.226,2232,22.268189307999997
before,positional_late_modifier,1,745.256,2440,22.002192888
before,positional_late_modifier,2,637.481,2440,21.214092718
before,positional_late_modifier,3,634.756,2440,21.011693112
before,positional_late_modifier,4,674.406,2440,22.874502707999998
before,positional_late_modifier,5,627.104,2440,21.204894656000004
before,positional_in_16,1,831.029,2736,20.536388648
before,positional_in_16,2,812.545,2736,20.953097915
before,positional_in_16,3,813.751,2736,20.404806325
before,positional_in_16,4,799.964,2736,19.979100900000002
before,positional_in_16,5,806.212,2736,20.85670444
before,named_union_raw,1,1183.351,1968,23.142795507000002
before,named_union_raw,2,1083.959,1968,21.069995042
before,named_union_raw,3,1168.975,1968,22.200004224999997
before,named_union_raw,4,1115.643,1968,21.223992432
before,named_union_raw,5,1119.324,1968,22.150302636
before,named_condition_only,1,6156.208,10328,22.759500975999998
before,named_condition_only,2,4935.066,10328,20.50519923
before,named_condition_only,3,5009.895,10328,21.061598580000002
before,named_condition_only,4,4976.653,10328,16.413001594
before,named_condition_only,5,5288.113,10328,20.597200135
before,named_union_builder,1,4650.828,8912,21.90539988
before,named_union_builder,2,4295.994,8984,20.698099092
before,named_union_builder,3,4113.966,8912,20.561602068
before,named_union_builder,4,4375.606,8912,21.668000912
before,named_union_builder,5,4215.095,8936,21.19349766
before,named_naming_CAMEL_CASE,1,7152.212,11104,20.369499776
before,named_naming_CAMEL_CASE,2,5843.265,11104,20.866299315000003
before,named_naming_CAMEL_CASE,3,6032.646,11104,20.492898461999996
before,named_naming_CAMEL_CASE,4,6119.577,11104,20.537300412
before,named_naming_CAMEL_CASE,5,6118.229,11104,19.969899456
before,positional_dialect_Oracle,1,1260.588,3616,24.2348043
before,positional_dialect_Oracle,2,1026.714,3616,21.941904893999997
before,positional_dialect_Oracle,3,1063.971,3616,21.640106169
before,positional_dialect_Oracle,4,1041.85,3616,18.6637009
before,positional_dialect_Oracle,5,1021.995,3616,20.88548982
before,positional_join_using,1,990.309,3224,22.481994917999998
before,positional_join_using,2,852.355,3224,20.501694815
before,positional_join_using,3,888.122,3224,21.623106334
before,positional_join_using,4,861.11,3248,20.399695899999998
before,positional_join_using,5,868.598,3224,21.113011586
before,named_late_modifier,1,825.883,2896,22.428504631000003
before,named_late_modifier,2,795.929,2896,18.80780227
before,named_late_modifier,3,761.706,2896,20.994902478
before,named_late_modifier,4,811.964,2896,21.927899784
before,named_late_modifier,5,746.367,2896,20.186988249
before,mybatis_insert_values,1,1155.298,2872,22.221001732
before,mybatis_insert_values,2,1090.583,2872,21.30999182
before,mybatis_insert_values,3,1094.321,2872,21.948796296999998
before,mybatis_insert_values,4,1097.765,2872,21.709400640000002
before,mybatis_insert_values,5,1077.371,2872,21.291005702000003
before,positional_subquery_raw,1,671.108,2352,19.690308719999997
before,positional_subquery_raw,2,618.764,2352,21.734704263999998
before,positional_subquery_raw,3,643.181,2352,21.530483975000003
before,positional_subquery_raw,4,637.642,2352,17.947709374000002
before,positional_subquery_raw,5,629.063,2352,21.322090385
before,named_nested,1,1595.01,3816,23.62050309
before,named_nested,2,1278.785,3816,20.397899535
before,named_nested,3,1323.155,3816,20.594907575
before,named_nested,4,1387.712,3816,15.946198592
before,named_nested,5,1287.596,3816,20.365905932
before,named_update_map,1,1840.073,4920,20.566495921
before,named_update_map,2,1673.575,4920,21.2610968
before,named_update_map,3,1659.068,4920,20.720100252
before,named_update_map,4,1677.161,4920,20.392600598999998
before,named_update_map,5,1705.173,4920,21.227698677
before,raw_derived,1,4003.036,7632,23.469800068
before,raw_derived,2,3600.104,7632,20.761799768
before,raw_derived,3,3659.99,7632,21.19500209
before,raw_derived,4,3612.199,7632,19.957399475000003
before,raw_derived,5,3640.23,7632,21.535600679999998
before,mybatis_naming_KEBAB_CASE,1,6273.966,9792,21.231100944
before,mybatis_naming_KEBAB_CASE,2,5474.275,9792,20.194600474999998
before,mybatis_naming_KEBAB_CASE,3,5799.493,9792,21.719101285
before,mybatis_naming_KEBAB_CASE,4,5554.826,9792,20.313998682
before,mybatis_naming_KEBAB_CASE,5,5900.171,10176,20.70960021
before,positional_select_expressions,1,1597.906,2512,21.213800055999997
before,positional_select_expressions,2,1479.594,2512,20.613703607999998
before,positional_select_expressions,3,1563.411,2512,21.625100952
before,positional_select_expressions,4,1571.166,2512,21.381998094
before,positional_select_expressions,5,1516.012,2512,21.075598824
before,raw_in_256,1,20487.709,56720,7.3345998219999995
before,raw_in_256,2,17865.787,56720,21.671199631
before,raw_in_256,3,18952.028,56720,21.965400452
before,raw_in_256,4,17626.258,56720,21.010499536
before,raw_in_256,5,18104.766,56720,20.892899963999998
before,named_select_entity,1,675.34,1992,23.979297380000002
before,named_select_entity,2,574.072,1992,19.293985848000002
before,named_select_entity,3,572.35,1992,20.968614600000002
before,named_select_entity,4,607.515,1992,22.666384649999998
before,named_select_entity,5,555.521,1992,19.704885390999998
before,raw_subquery_raw,1,697.692,2352,22.610104644
before,raw_subquery_raw,2,629.006,2352,20.869790073999997
before,raw_subquery_raw,3,624.822,2352,20.675984802000002
before,raw_subquery_raw,4,622.371,2352,20.954609199
before,raw_subquery_raw,5,627.344,2352,20.86859816
before,mybatis_condition_only,1,5449.95,8728,21.8760993
before,mybatis_condition_only,2,4703.566,8728,20.709801097999996
before,mybatis_condition_only,3,4793.338,8728,20.721600174
before,mybatis_condition_only,4,4716.112,8728,18.996499136
before,mybatis_condition_only,5,5269.334,9112,21.135298673999998
before,raw_nested,1,1423.021,3448,18.716995213
before,raw_nested,2,1226.511,3448,20.980697166000002
before,raw_nested,3,1255.666,3448,20.808896952
before,raw_nested,4,1275.409,3448,21.275097529000004
before,raw_nested,5,1261.077,3448,21.597204702
before,named_select_star,1,247.348,1240,19.001768056000003
before,named_select_star,2,239.677,1240,21.418735105
before,named_select_star,3,253.455,1240,23.281615935
before,named_select_star,4,231.31,1240,18.36647662
before,named_select_star,5,258.42,1240,20.1115365
before,raw_naming_NO_CHANGE,1,4197.968,7880,21.485200224
before,raw_naming_NO_CHANGE,2,3936.497,7880,21.150798381
before,raw_naming_NO_CHANGE,3,4216.454,7880,20.858797938
before,raw_naming_NO_CHANGE,4,4059.625,7880,21.235898375
before,raw_naming_NO_CHANGE,5,3927.511,7880,20.642997816
before,named_batch_beans,1,8904.937,26728,22.004099327
before,named_batch_beans,2,8394.733,26800,22.153700387
before,named_batch_beans,3,8489.22,26728,20.79009978
before,named_batch_beans,4,8478.292,26800,21.051599036
before,named_batch_beans,5,8008.605,26056,20.381899724999997
before,named_where_128,1,51210,77464,22.0203
before,named_where_128,2,41899.113,77464,18.896499963
before,named_where_128,3,44603.766,77464,21.320600148
before,named_where_128,4,43677.007,77464,20.135100227
before,named_where_128,5,46530.377,77464,20.985200026999998
before,positional_condition_only,1,3724.729,5640,20.981398456999997
before,positional_condition_only,2,3614.87,5640,20.8577999
before,positional_condition_only,3,3623.323,5640,20.257998893
before,positional_condition_only,4,3588.67,5640,20.20780077
before,positional_condition_only,5,3534.047,5640,20.624698291999998
before,raw_update_chain_16,1,8917.148,26256,20.384600327999998
before,raw_update_chain_16,2,7877.126,26256,20.28359945
before,raw_update_chain_16,3,8261.486,26256,21.793800068000003
before,raw_update_chain_16,4,8206.76,26256,21.73150048
before,raw_update_chain_16,5,7910.317,26256,18.478500511999997
before,raw_mixed_literals,1,1599.204,3368,17.081097923999998
before,raw_mixed_literals,2,1421.792,3368,21.250103231999997
before,raw_mixed_literals,3,1455.471,3368,20.817601713
before,raw_mixed_literals,4,1460.909,3368,20.999105966000002
before,raw_mixed_literals,5,1349.022,3368,19.524395406
before,raw_naming_KEBAB_CASE,1,5759.144,9648,22.737100512
before,raw_naming_KEBAB_CASE,2,5091.199,9648,21.057199064
before,raw_naming_KEBAB_CASE,3,5292.223,9648,20.618500807999997
before,raw_naming_KEBAB_CASE,4,5164.551,9648,19.769901228
before,raw_naming_KEBAB_CASE,5,5038.526,9648,19.211899638000002
before,raw_insert_entity,1,814.483,2128,19.542705102
before,raw_insert_entity,2,894.974,2128,22.49069662
before,raw_insert_entity,3,782.737,2128,21.600410252
before,raw_insert_entity,4,866.211,2128,21.780009384
before,raw_insert_entity,5,739.726,2128,20.750793752
before,raw_group_order,1,2380.346,6256,20.080598855999998
before,raw_group_order,2,2237.445,6256,21.528695790000004
before,raw_group_order,3,2204.146,6256,20.895304080000003
before,raw_group_order,4,2287.486,6256,19.92400306
before,raw_group_order,5,2162.241,6256,20.975899940999998
before,named_naming_NO_CHANGE,1,5353.578,9624,22.142398608000004
before,named_naming_NO_CHANGE,2,4517.645,9624,20.943802220000002
before,named_naming_NO_CHANGE,3,4588.127,9624,19.939999942
before,named_naming_NO_CHANGE,4,4762.6,9624,20.7696986
before,named_naming_NO_CHANGE,5,4914.774,9624,15.235799400000001
before,mybatis_join_using,1,1026.504,3520,21.088498175999998
before,mybatis_join_using,2,957.885,3520,19.564801125
before,mybatis_join_using,3,958.2,3520,19.427505
before,mybatis_join_using,4,988.636,3544,18.799902176
before,mybatis_join_using,5,968.591,3544,20.821800727000003
before,named_where_16,1,6658.94,11392,22.607101299999997
before,named_where_16,2,5725.187,11392,21.458000876
before,named_where_16,3,5797.436,11392,21.479500379999998
before,named_where_16,4,5927.224,11392,20.857901256
before,named_where_16,5,5994.142,11392,21.285198242
before,positional_select_entity,1,601.982,1992,13.907590146
before,positional_select_entity,2,580.537,1992,21.896114029000003
before,positional_select_entity,3,587.19,1992,21.26860899
before,positional_select_entity,4,589.98,1992,21.98619468
before,positional_select_entity,5,567.961,1992,21.178697729000003
before,named_delete,1,502.609,2000,21.694112267
before,named_delete,2,484.074,2000,18.681383808000003
before,named_delete,3,455.906,2000,21.253881814
before,named_delete,4,503.355,2000,22.382686785
before,named_delete,5,453.021,2000,21.731417370000003
before,positional_where_128,1,33746.72,38992,21.0917
before,positional_where_128,2,29820.803,38992,20.785099691
before,positional_where_128,3,32035.338,38992,21.30349977
before,positional_where_128,4,30984.84,38992,21.25560024
before,positional_where_128,5,30223.088,38992,20.55169984
before,positional_join_on,1,1353.665,3896,20.000400375
before,positional_join_on,2,1319.229,3896,20.88339507
before,positional_join_on,3,1323.682,3896,19.959800878
before,positional_join_on,4,1317.222,3896,20.635599852
before,positional_join_on,5,1297.018,3896,21.18030394
before,raw_where_eq,1,981.686,2936,16.12419255
before,raw_where_eq,2,931.347,2936,19.752007176
before,raw_where_eq,3,951.988,2936,20.422998564000004
before,raw_where_eq,4,963.199,2936,20.936093464
before,raw_where_eq,5,934.93,2936,17.745906329999997
before,raw_union_raw,1,1233.16,1968,11.848201280000001
before,raw_union_raw,2,1120.021,1968,21.979292104
before,raw_union_raw,3,1161.828,1968,22.203694908
before,raw_union_raw,4,1136.637,1968,21.000505211999997
before,raw_union_raw,5,1140.639,1968,22.072505289
before,mybatis_where_16,1,6561.581,9792,23.825100611
before,mybatis_where_16,2,5205.187,9792,20.570899024
before,mybatis_where_16,3,5486.086,9792,21.291499766
before,mybatis_where_16,4,5385.745,9792,19.94879948
before,mybatis_where_16,5,5827.722,10176,21.084698195999998
before,mybatis_update_chain_16,1,15085.374,40744,21.556999446
before,mybatis_update_chain_16,2,13574.852,40744,20.620200188000002
before,mybatis_update_chain_16,3,13809.787,40744,20.742300074
before,mybatis_update_chain_16,4,13600.999,40744,21.788800398
before,mybatis_update_chain_16,5,13513.097,40768,20.945300349999997
before,mybatis_select_entity,1,602.916,1992,21.087590016000004
before,mybatis_select_entity,2,575.918,1992,20.172103868
before,mybatis_select_entity,3,587.327,1992,20.372611649
before,mybatis_select_entity,4,596.646,1992,21.470902956
before,mybatis_select_entity,5,569.525,1992,21.169813774999998
before,named_repeated_names,1,29098.777,70080,21.416699872
before,named_repeated_names,2,25365.217,70080,21.585799667
before,named_repeated_names,3,25060.646,70080,20.950700056000002
before,named_repeated_names,4,26454.11,70080,21.56009965
before,named_repeated_names,5,26322.317,70080,21.584299939999998
before,named_join_on,1,1493.099,4352,21.591704639
before,named_join_on,2,1396.497,4352,20.130504255
before,named_join_on,3,1392.581,4352,21.324592853
before,named_join_on,4,1481.475,4352,21.856200674999997
before,named_join_on,5,1376.714,4352,20.196394379999997
before,positional_retry_rollback,1,3101.773,6040,22.044300710999998
before,positional_retry_rollback,2,3131.907,6040,13.761599358000002
before,positional_retry_rollback,3,3030.128,6040,18.053502624
before,positional_retry_rollback,4,3200.534,6040,25.754697098
before,positional_retry_rollback,5,2994.799,6040,24.012298382
before,named_subquery_raw,1,642.445,2352,20.898093405
before,named_subquery_raw,2,629.207,2352,20.528507582
before,named_subquery_raw,3,645.844,2352,21.103598544000004
before,named_subquery_raw,4,626.814,2352,19.652499342
before,named_subquery_raw,5,625.79,2352,20.98211291
before,mybatis_in_16,1,2150.694,6208,22.917795264
before,mybatis_in_16,2,1716.356,6208,20.242702664
before,mybatis_in_16,3,1848.226,6208,22.029005694000002
before,mybatis_in_16,4,1821.186,6208,19.315498715999997
before,mybatis_in_16,5,2027.967,6592,20.884004166
before,named_insert_entity,1,961.976,2760,21.835893224
before,named_insert_entity,2,911.762,2760,21.727288459999997
before,named_insert_entity,3,926.059,2760,16.456994489
before,named_insert_entity,4,947.292,2760,21.44669088
before,named_insert_entity,5,880.67,2760,20.15149094
before,mybatis_late_modifier,1,783.259,2736,18.078400979
before,mybatis_late_modifier,2,723.865,2736,20.273287055
before,mybatis_late_modifier,3,740.058,2736,21.002105982
before,mybatis_late_modifier,4,750.89,2736,19.02529993
before,mybatis_late_modifier,5,734.712,2760,20.037800376
before,raw_in_17,1,1860.291,5896,8.189000982
before,raw_in_17,2,1677.906,5896,20.91509829
before,raw_in_17,3,1769.488,5896,20.819795808000002
before,raw_in_17,4,1728.451,5896,20.995494297
before,raw_in_17,5,1712.327,5896,20.669499217
before,named_naming_SCREAMING_SNAKE_CASE,1,7255.98,11408,22.203298799999995
before,named_naming_SCREAMING_SNAKE_CASE,2,5694.119,11408,21.108099132999996
before,named_naming_SCREAMING_SNAKE_CASE,3,5961.119,11408,20.989099998999997
before,named_naming_SCREAMING_SNAKE_CASE,4,5920.12,11408,20.80330168
before,named_naming_SCREAMING_SNAKE_CASE,5,5894.198,11408,20.824201534
before,raw_batch_beans,1,7313.835,16792,15.541899375
before,raw_batch_beans,2,6288.78,16864,23.09240016
before,raw_batch_beans,3,6031.404,16792,23.450098752
before,raw_batch_beans,4,6083.405,16864,15.579600205
before,raw_batch_beans,5,5313.704,16120,20.861601904
before,named_where_eq,1,1006.306,3272,21.385008806000002
before,named_where_eq,2,1031.86,3272,19.27720852
before,named_where_eq,3,1003.314,3272,21.436806924
before,named_where_eq,4,1045.92,3272,21.467508
before,named_where_eq,5,981.368,3272,20.199497544
before,positional_row_in,1,977.553,2752,14.950695582
before,positional_row_in,2,884.369,2752,17.771395055
before,positional_row_in,3,920.17,2752,21.53289817
before,positional_row_in,4,901.468,2752,21.182695064
before,positional_row_in,5,891.534,2752,20.566797846
before,mybatis_batch_64,1,35042.902,117008,22.462500182
before,mybatis_batch_64,2,33219.611,117040,22.190700147999998
before,mybatis_batch_64,3,34007.251,117040,20.166299842999997
before,mybatis_batch_64,4,34740.453,117008,21.469599954
before,mybatis_batch_64,5,32674.224,119024,21.042200255999997
before,mybatis_union_raw,1,1265.943,1968,24.36940275
before,mybatis_union_raw,2,1106.79,1968,21.221591460000003
before,mybatis_union_raw,3,1148.593,1968,21.469500356
before,mybatis_union_raw,4,1133.536,1968,21.818300928
before,mybatis_union_raw,5,1082.349,1968,21.185899325999998
before,positional_dialect_Microsoft_SQL_Server,1,1318.99,3616,23.16410238
before,positional_dialect_Microsoft_SQL_Server,2,1214.453,3616,21.687701674
before,positional_dialect_Microsoft_SQL_Server,3,1209.391,3616,20.643094979
before,positional_dialect_Microsoft_SQL_Server,4,1221.043,3616,21.406104832999997
before,positional_dialect_Microsoft_SQL_Server,5,1211.148,3616,18.501496848
before,mybatis_derived,1,4515.297,9456,17.916698496
before,mybatis_derived,2,4396.39,9456,21.31369872
before,mybatis_derived,3,4388.01,9456,21.409100790000004
before,mybatis_derived,4,4426.534,9456,21.570500182
before,mybatis_derived,5,4442.572,9504,22.008501688000003
before,mybatis_subquery_structured,1,1756.466,5384,16.094497957999998
before,mybatis_subquery_structured,2,1605.298,5384,20.936296516
before,mybatis_subquery_structured,3,1657.982,5384,21.177404086
before,mybatis_subquery_structured,4,1655.03,5384,20.59850338
before,mybatis_subquery_structured,5,1610.209,5408,20.80390028
before,named_select_columns,1,821.121,2104,22.404286485
before,named_select_columns,2,788.17,2104,19.041399029999997
before,named_select_columns,3,831.993,2104,20.477011716000003
before,named_select_columns,4,823.48,2104,21.7686938
before,named_select_columns,5,785.832,2104,21.15459744
before,raw_row_in,1,1195.053,3168,20.704293225
before,raw_row_in,2,1120.265,3168,21.216698835000003
before,raw_row_in,3,1142.568,3168,21.284899272
before,raw_row_in,4,1074.739,3168,20.600597152
before,raw_row_in,5,1116.643,3168,21.282098937
before,mybatis_in_expression,1,25765.385,67800,22.10670033
before,mybatis_in_expression,2,21441.212,67800,21.226799879999998
before,mybatis_in_expression,3,21547.812,67800,20.190299844000002
before,mybatis_in_expression,4,22766.631,67800,21.286799985
before,mybatis_in_expression,5,25843.602,73920,21.812000087999998
before,named_dialect_Microsoft_SQL_Server,1,1652.085,4392,21.990903435
before,named_dialect_Microsoft_SQL_Server,2,1506.191,4392,19.511198214
before,named_dialect_Microsoft_SQL_Server,3,1560.354,4392,22.288096536
before,named_dialect_Microsoft_SQL_Server,4,1521.151,4392,21.518202046
before,named_dialect_Microsoft_SQL_Server,5,1491.668,4392,20.767001895999996
before,raw_join_using,1,1006.081,3344,21.77159284
before,raw_join_using,2,920.32,3344,19.058906880000002
before,raw_join_using,3,923.847,3344,20.160189234
before,raw_join_using,4,952.476,3368,20.73540252
before,raw_join_using,5,946.342,3344,20.492089668000002
before,raw_in_1024,1,81147.26,220328,11.847499959999999
before,raw_in_1024,2,71393.421,220328,21.703599984
before,raw_in_1024,3,75980.623,220328,21.958400047
before,raw_in_1024,4,72276.712,220328,21.104799904
before,raw_in_1024,5,72098.976,220328,21.124999967999997
before,positional_insert_entity,1,620.159,1816,22.807587543
before,positional_insert_entity,2,632.18,1816,23.953300199999997
before,positional_insert_entity,3,633.862,1816,22.408289424
before,positional_insert_entity,4,633.398,1816,17.569193723999998
before,positional_insert_entity,5,607.29,1816,22.709609549999996
before,named_batch_64,1,37881.502,133024,20.683300092
before,named_batch_64,2,35881.117,133056,21.851600252999997
before,named_batch_64,3,37438.944,133056,22.688000064000004
before,named_batch_64,4,36531.81,133024,21.590299709999996
before,named_batch_64,5,35737.622,135040,21.942899908000005
before,mybatis_in_256,1,24212.427,66696,20.846899647
before,mybatis_in_256,2,20818.028,66696,22.17119982
before,mybatis_in_256,3,20550.617,66696,21.639799700999998
before,mybatis_in_256,4,21195.842,66696,19.881699796
before,mybatis_in_256,5,24636.15,72840,20.9899998
before,mybatis_naming_NO_CHANGE,1,4803.234,8024,21.239900748000004
before,mybatis_naming_NO_CHANGE,2,4266.796,8024,20.920100788000003
before,mybatis_naming_NO_CHANGE,3,4568.184,8024,20.776100832
before,mybatis_naming_NO_CHANGE,4,4208.869,8024,18.981999189999996
before,mybatis_naming_NO_CHANGE,5,4766.557,8408,20.295999706
before,positional_where_16,1,4309.932,6696,17.662101336
before,positional_where_16,2,4023.641,6696,20.951098686999998
before,positional_where_16,3,4267.373,6696,20.534598875999997
before,positional_where_16,4,4175.498,6696,21.182301354
before,positional_where_16,5,4105.196,6696,20.148301968
before,mybatis_batch_beans,1,7736.069,22744,20.26850078
before,mybatis_batch_beans,2,7590.22,22816,22.117901080000003
before,mybatis_batch_beans,3,7644.41,22744,22.42869894
before,mybatis_batch_beans,4,7785.676,22816,23.31809962
before,mybatis_batch_beans,5,7262.457,22072,21.337098666000003
before,mybatis_delete,1,469.456,1848,21.983216112
before,mybatis_delete,2,455.273,1848,22.096219782000002
before,mybatis_delete,3,449.457,1848,20.545578384
before,mybatis_delete,4,440.615,1848,21.92940855
before,mybatis_delete,5,468.504,1872,22.943109384
before,positional_batch_4,1,1948.209,6000,3.6977006820000002
before,positional_batch_4,2,1855.351,6032,21.462700368
before,positional_batch_4,3,1895.81,6032,21.31080021
before,positional_batch_4,4,1875.461,6000,19.1297022
before,positional_batch_4,5,1709.919,6096,9.464401665
before,positional_pagination,1,977.905,3408,20.9076089
before,positional_pagination,2,917.958,3408,16.05049563
before,positional_pagination,3,972.117,3408,20.824690374
before,positional_pagination,4,944.168,3408,20.38930796
before,positional_pagination,5,935.399,3408,20.600292177
before,mybatis_group_order,1,2827.498,7088,22.837701346
before,mybatis_group_order,2,2611.662,7088,21.162297185999996
before,mybatis_group_order,3,2500.236,7088,21.209501988
before,mybatis_group_order,4,2581.248,7088,20.771302656
before,mybatis_group_order,5,2567.849,7112,21.572499449000002
before,positional_repeated_names,1,15831.971,35520,19.362500533
before,positional_repeated_names,2,14991.926,35520,21.168599511999997
before,positional_repeated_names,3,15201.538,35520,20.75009937
before,positional_repeated_names,4,15317.945,35520,21.16939999
before,positional_repeated_names,5,15581.213,35520,21.315099384
before,named_in_1024,1,130974.566,353296,22.658599918
before,named_in_1024,2,115966.286,353296,20.294100049999997
before,named_in_1024,3,122266.474,353296,21.152100002
before,named_in_1024,4,126875.497,353296,19.158200047
before,named_in_1024,5,123917.877,353296,22.181299983
before,named_in_expression,1,29410.306,91824,21.116599708
before,named_in_expression,2,26656.606,91824,20.578899831999998
before,named_in_expression,3,25784.655,91824,20.163600210000002
before,named_in_expression,4,26463.007,91824,20.244200355
before,named_in_expression,5,28172.881,91824,21.608599727
before,raw_naming_CAMEL_CASE,1,5982.353,9360,20.034900197
before,raw_naming_CAMEL_CASE,2,5161.887,9360,20.518500825
before,raw_naming_CAMEL_CASE,3,5441.851,9360,18.698200036
before,raw_naming_CAMEL_CASE,4,5372.111,9360,21.150001007
before,raw_naming_CAMEL_CASE,5,5350.37,9360,20.989501509999997
before,positional_in_17,1,873.574,2752,21.870798664
before,positional_in_17,2,851.067,2752,20.935397133000002
before,positional_in_17,3,844.916,2752,20.285588244000003
before,positional_in_17,4,817.235,2752,18.583106665
before,positional_in_17,5,825.823,2752,20.988291545
before,named_batch_4,1,3115.899,9768,22.381502517
before,named_batch_4,2,2948.476,9800,21.768598308
before,named_batch_4,3,2979.228,9800,21.2269995
before,named_batch_4,4,2994.455,9768,17.442700375
before,named_batch_4,5,2905.449,9864,21.273697578
before,positional_derived,1,3986.149,7464,21.094700508
before,positional_derived,2,3524.094,7464,21.690798570000002
before,positional_derived,3,3552.484,7464,21.524500556
before,positional_derived,4,3569.88,7464,21.73699932
before,positional_derived,5,3584.938,7464,22.158501778
before,positional_in_expression,1,5290.946,10904,21.036801296
before,positional_in_expression,2,4977.56,10904,19.785801
before,positional_in_expression,3,5010.766,10904,19.221298376
before,positional_in_expression,4,4837.008,10904,15.488099615999998
before,positional_in_expression,5,5157.201,10904,20.303900337
before,mybatis_batch_4,1,2869.815,8816,21.36290286
before,mybatis_batch_4,2,2838.919,8848,21.379898989
before,mybatis_batch_4,3,2842.356,8848,21.809397588000003
before,mybatis_batch_4,4,2859.454,8816,21.142802876
before,mybatis_batch_4,5,2821.672,8912,21.066603152
before,raw_select_star,1,234.305,1240,15.971400325000001
before,raw_select_star,2,229.67,1240,19.39700952
before,raw_select_star,3,251.433,1240,24.298736552999998
before,raw_select_star,4,231.333,1240,22.704408618000002
before,raw_select_star,5,249.353,1240,20.479860596
before,raw_select_columns,1,824.972,2104,10.178504536
before,raw_select_columns,2,795.795,2104,19.77550575
before,raw_select_columns,3,822.832,2104,21.317108624
before,raw_select_columns,4,810.935,2104,21.581413154999996
before,raw_select_columns,5,800.892,2104,21.470312736
before,mybatis_mixed_literals,1,1464.583,3608,20.316695376000002
before,mybatis_mixed_literals,2,1353.782,3608,21.083800867999997
before,mybatis_mixed_literals,3,1376.309,3608,20.588206331
before,mybatis_mixed_literals,4,1380.024,3608,20.324993472
before,mybatis_mixed_literals,5,1403.821,3680,20.279598165999996
before,mybatis_select_columns,1,820.188,2104,22.291889652
before,mybatis_select_columns,2,789.858,2104,20.155596443999997
before,mybatis_select_columns,3,821.825,2104,21.08309855
before,mybatis_select_columns,4,823.17,2104,22.097998649999997
before,mybatis_select_columns,5,794.042,2104,21.591590064
before,mybatis_row_in,1,1353.934,3736,21.990596028000002
before,mybatis_row_in,2,1247.625,3736,21.329397
before,mybatis_row_in,3,1258.121,3736,21.42580063
before,mybatis_row_in,4,1241.121,3736,20.324597496000003
before,mybatis_row_in,5,1336.876,3832,21.686802472
before,positional_in_256,1,4517.032,9656,21.853400816
before,positional_in_256,2,4338.984,9656,22.037699736
before,positional_in_256,3,4676.232,9656,22.586200559999998
before,positional_in_256,4,4114.174,9656,17.851400986
before,positional_in_256,5,4289.511,9656,16.767698499
before,raw_delete,1,458.672,1664,19.161481472000002
before,raw_delete,2,417.856,1664,22.64988448
before,raw_delete,3,422.433,1664,21.422422296
before,raw_delete,4,405.178,1664,19.593597724
before,raw_delete,5,426.114,1664,23.501891555999997
before,positional_subquery_structured,1,1465.569,4856,21.265406189999997
before,positional_subquery_structured,2,1399.475,4856,19.991500375
before,positional_subquery_structured,3,1428.539,4856,21.088092718
before,positional_subquery_structured,4,1432.85,4856,21.229105599999997
before,positional_subquery_structured,5,1390.639,4856,20.842897332
before,positional_nested,1,1177.575,3120,20.910199275000004
before,positional_nested,2,1119.097,3120,19.853899877
before,positional_nested,3,1147.124,3120,21.0784035
before,positional_nested,4,1126.257,3120,20.871794724
before,positional_nested,5,1109.116,3120,21.036603172
before,raw_naming_UPPER_CAMEL_CASE,1,6677.489,9376,22.870399825
before,raw_naming_UPPER_CAMEL_CASE,2,5510.018,9376,21.285199534
before,raw_naming_UPPER_CAMEL_CASE,3,5882.216,9376,21.764199200000004
before,raw_naming_UPPER_CAMEL_CASE,4,5354.662,9376,20.845699166000003
before,raw_naming_UPPER_CAMEL_CASE,5,5167.128,9376,20.51349816
before,named_derived,1,4648.785,9536,21.993401835
before,named_derived,2,4426.745,9536,21.56710164
before,named_derived,3,4450.547,9536,21.571801308999998
before,named_derived,4,4427.652,9536,21.119900039999997
before,named_derived,5,4417.019,9536,20.89249987
before,raw_naming_SCREAMING_SNAKE_CASE,1,5543.742,9664,21.570700122
before,raw_naming_SCREAMING_SNAKE_CASE,2,5125.268,9664,21.034099872000002
before,raw_naming_SCREAMING_SNAKE_CASE,3,5373.148,9664,21.111098492
before,raw_naming_SCREAMING_SNAKE_CASE,4,5066.766,9664,20.505202002
before,raw_naming_SCREAMING_SNAKE_CASE,5,5148.476,9664,20.944000367999998
before,mybatis_naming_UPPER_CAMEL_CASE,1,6525.589,9520,20.757898609
before,mybatis_naming_UPPER_CAMEL_CASE,2,5795.64,9520,20.87009964
before,mybatis_naming_UPPER_CAMEL_CASE,3,5907.463,9520,20.817899612
before,mybatis_naming_UPPER_CAMEL_CASE,4,5869.607,9520,20.760799959
before,mybatis_naming_UPPER_CAMEL_CASE,5,6186.206,9904,20.853700426
before,named_raw_expression,1,1031.83,2616,20.63040902
before,named_raw_expression,2,1043.407,2616,20.446603571999997
before,named_raw_expression,3,1018.316,2616,20.648393532
before,named_raw_expression,4,1017.582,2616,20.384202624
before,named_raw_expression,5,1010.674,2616,20.499500742
before,raw_where_128,1,38697.264,62680,12.731399856000001
before,raw_where_128,2,36860.862,62680,20.531500133999998
before,raw_where_128,3,39222.468,62680,21.297800124000002
before,raw_where_128,4,37031.283,62680,21.070800027000004
before,raw_where_128,5,36494.326,62680,20.582799864000002
before,positional_select_star,1,248.479,1240,22.612085958
before,positional_select_star,2,248.193,1240,17.903402055
before,positional_select_star,3,243.222,1240,18.881567082000004
before,positional_select_star,4,242.187,1240,22.513461333000002
before,positional_select_star,5,246.177,1240,23.103957627
before,mybatis_where_eq,1,974.381,3112,21.146990842999998
before,mybatis_where_eq,2,991.631,3112,20.071603071
before,mybatis_where_eq,3,977.225,3112,21.299596100000002
before,mybatis_where_eq,4,958.083,3112,19.830401934
before,mybatis_where_eq,5,953.042,3136,17.651290881999998
before,raw_retry_rollback,1,3401.069,6400,18.77390088
before,raw_retry_rollback,2,3239.368,6400,19.180297927999998
before,raw_retry_rollback,3,3100.33,6400,16.91540048
before,raw_retry_rollback,4,3594.606,6400,19.126898526
before,raw_retry_rollback,5,3242.727,6400,15.315399621
before,named_group_order,1,3000.896,7512,23.097896512000002
before,named_group_order,2,2753.858,7512,20.417103212
before,named_group_order,3,2729.967,7512,20.734099365000002
before,named_group_order,4,2730.537,7512,21.549398003999997
before,named_group_order,5,2679.127,7512,20.870399329999998
current,mybatis_where_128,1,30032.821,34848,17.569200285
current,mybatis_where_128,2,31033.242,34848,22.592200176
current,mybatis_where_128,3,30194.834,34848,22.797099669999998
current,mybatis_where_128,4,30167.352,34872,13.213300175999999
current,mybatis_where_128,5,28745.063,34848,11.354299885
current,mybatis_raw_expression,1,921.089,1744,14.789004984000002
current,mybatis_raw_expression,2,1052.029,1744,24.684808456
current,mybatis_raw_expression,3,1228.554,1744,28.646193618
current,mybatis_raw_expression,4,966.882,1768,20.340296634
current,mybatis_raw_expression,5,958.676,1744,18.508198856000003
current,mybatis_between,1,1077.499,2344,15.060203523
current,mybatis_between,2,1212.468,2344,20.363400060000004
current,mybatis_between,3,1091.73,2344,22.67959902
current,mybatis_between,4,1085.388,2368,17.582200211999996
current,mybatis_between,5,1039.052,2344,13.80380582
current,named_dialect_MySQL,1,1009.414,2408,18.057407046
current,named_dialect_MySQL,2,1112.308,2408,19.375293052
current,named_dialect_MySQL,3,1031.321,2408,18.242005847999998
current,named_dialect_MySQL,4,1085.719,2432,18.170593184
current,named_dialect_MySQL,5,1009.401,2408,18.026892459
current,named_pagination,1,986.101,2384,18.773390838
current,named_pagination,2,1012.431,2384,23.073302490000003
current,named_pagination,3,952.117,2384,22.101491921
current,named_pagination,4,1031.398,2408,19.683199432
current,named_pagination,5,928.917,2384,15.396799275000001
current,positional_union_builder,1,2322.927,3992,22.492902141000002
current,positional_union_builder,2,2433.763,3920,21.322197643
current,positional_union_builder,3,2464.243,3992,22.838604124
current,positional_union_builder,4,2300.539,3968,17.935002044000004
current,positional_union_builder,5,2111.907,3920,21.070496139000003
current,raw_between,1,711.301,1648,8.150798159
current,raw_between,2,755.9,1648,13.2547065
current,raw_between,3,737.155,1648,21.653190969999997
current,raw_between,4,759.677,1672,19.621697233
current,raw_between,5,725.673,1648,19.110598454999998
current,named_naming_KEBAB_CASE,1,4339.008,6936,12.335799744
current,named_naming_KEBAB_CASE,2,4542.596,6936,22.363200107999997
current,named_naming_KEBAB_CASE,3,5283.088,6936,24.428998912
current,named_naming_KEBAB_CASE,4,4337.197,6960,21.139498178
current,named_naming_KEBAB_CASE,5,4166.37,6936,20.106901620000002
current,named_update_chain_16,1,9630.955,24072,20.37910078
current,named_update_chain_16,2,10736.09,24072,25.31570022
current,named_update_chain_16,3,9638.065,24072,22.813299855
current,named_update_chain_16,4,9642.593,24096,20.307300858
current,named_update_chain_16,5,9797.314,24072,11.306100356
current,raw_subquery_structured,1,1083.818,2720,20.562195096
current,raw_subquery_structured,2,1119.906,2720,21.068791578
current,raw_subquery_structured,3,1126.234,2720,23.504503579999998
current,raw_subquery_structured,4,1128.276,2768,17.401400748
current,raw_subquery_structured,5,1084.546,2720,20.829790476
current,mybatis_subquery_raw,1,490.908,1344,18.563195112
current,mybatis_subquery_raw,2,501.815,1344,23.246579875
current,mybatis_subquery_raw,3,483.496,1344,18.265511888
current,mybatis_subquery_raw,4,534.018,1368,20.866219332000004
current,mybatis_subquery_raw,5,496.425,1344,8.581698975
current,positional_in_1024,1,6167.882,20800,21.488900888
current,positional_in_1024,2,7040.358,20800,27.964301976
current,positional_in_1024,3,6318.994,20800,23.487700697999998
current,positional_in_1024,4,6166.903,20824,14.794400297000001
current,positional_in_1024,5,5682.574,20800,20.218598292
current,named_retry_rollback,1,3429.528,5304,22.322797752
current,named_retry_rollback,2,4199.915,5304,24.76269884
current,named_retry_rollback,3,3735.287,5304,18.672699713
current,named_retry_rollback,4,3276.506,5328,17.293398668
current,named_retry_rollback,5,3489.66,5304,12.116099519999999
current,named_dialect_Oracle,1,1021.794,2584,18.861295446
current,named_dialect_Oracle,2,1253.113,2584,25.63869198
current,named_dialect_Oracle,3,1007.229,2584,21.037992123
current,named_dialect_Oracle,4,1134.267,2608,21.873204828000002
current,named_dialect_Oracle,5,1020.298,2584,21.332390584
current,named_mixed_literals,1,1140.162,2416,22.836304698
current,named_mixed_literals,2,1472.086,2416,28.673291108
current,named_mixed_literals,3,1179.963,2416,16.995007088999998
current,named_mixed_literals,4,1101.576,2440,20.273404704
current,named_mixed_literals,5,1121.733,2416,11.458502594999999
current,raw_raw_expression,1,921.673,1744,17.635291182
current,raw_raw_expression,2,987.597,1744,22.168589859
current,raw_raw_expression,3,951.798,1744,18.073692222
current,raw_raw_expression,4,972.155,1768,20.445391805
current,raw_raw_expression,5,962.15,1744,22.039007899999998
current,named_dialect_DB2,1,1028.65,2584,11.823303100000002
current,named_dialect_DB2,2,1119.557,2584,22.600497159000003
current,named_dialect_DB2,3,1075.365,2584,22.162197285
current,named_dialect_DB2,4,1089.384,2608,19.691705184
current,named_dialect_DB2,5,1019.554,2584,19.735506778
current,mybatis_join_on,1,1194.12,2648,21.46550112
current,mybatis_join_on,2,1562.371,2648,26.319701866
current,mybatis_join_on,3,1227.551,2648,22.834903702
current,mybatis_join_on,4,1234.74,2672,21.74130192
current,mybatis_join_on,5,1196.917,2648,11.104995925999999
current,positional_naming_CAMEL_CASE,1,2192.654,1880,16.863701914
current,positional_naming_CAMEL_CASE,2,2566.476,1880,22.836503448000002
current,positional_naming_CAMEL_CASE,3,2297.417,1880,20.637696911
current,positional_naming_CAMEL_CASE,4,2327.905,1904,20.797503270000004
current,positional_naming_CAMEL_CASE,5,2257.958,1880,18.555898844
current,raw_condition_only,1,2560.9,2720,18.430797300000002
current,raw_condition_only,2,2729.886,2720,13.11710223
current,raw_condition_only,3,2447.476,2720,21.383597812
current,raw_condition_only,4,2643.233,2744,18.085000186000002
current,raw_condition_only,5,2451.104,2720,19.434803616
current,raw_insert_placeholders,1,489.429,1208,12.162310649999998
current,raw_insert_placeholders,2,480.846,1208,12.647211492
current,raw_insert_placeholders,3,494.945,1208,22.332413345
current,raw_insert_placeholders,4,476.129,1232,13.184488139
current,raw_insert_placeholders,5,470.309,1208,21.754613104
current,raw_repeated_names,1,11360.239,14152,11.428400434
current,raw_repeated_names,2,12388.216,14152,11.248500128
current,raw_repeated_names,3,11944.918,14152,23.268700264
current,raw_repeated_names,4,11911.184,14176,21.833200272
current,raw_repeated_names,5,11601.52,14152,21.36999984
current,positional_dialect_PostgreSQL,1,782.754,1848,14.233598736
current,positional_dialect_PostgreSQL,2,872.41,1848,20.76510282
current,positional_dialect_PostgreSQL,3,832.865,1848,20.81329635
current,positional_dialect_PostgreSQL,4,856.754,1872,19.688206920000002
current,positional_dialect_PostgreSQL,5,894.4,1848,21.2563104
current,raw_insert_values,1,643.46,1536,20.27799844
current,raw_insert_values,2,826.011,1536,12.807300555
current,raw_insert_values,3,726.383,1536,24.63891136
current,raw_insert_values,4,682.487,1560,15.435808478999999
current,raw_insert_values,5,722.103,1536,12.548705934
current,raw_late_modifier,1,493.385,1344,19.05551547
current,raw_late_modifier,2,522.76,1344,19.46078652
current,raw_late_modifier,3,517.628,1344,19.626383248000003
current,raw_late_modifier,4,479.538,1368,20.815785504
current,raw_late_modifier,5,493.548,1344,21.105593124000002
current,raw_update_map,1,813.161,1960,15.859892144
current,raw_update_map,2,942.001,1960,21.885509233
current,raw_update_map,3,825.581,1960,22.533407814
current,raw_update_map,4,848.953,1984,20.836702432
current,raw_update_map,5,799.364,1960,12.44210066
current,mybatis_update_map,1,1119.79,2512,21.66569692
current,mybatis_update_map,2,1204.003,2512,15.51959867
current,mybatis_update_map,3,1114.128,2512,21.64750704
current,mybatis_update_map,4,1191.239,2536,20.286800170000003
current,mybatis_update_map,5,1141.776,2512,17.603902368
current,named_subquery_structured,1,1475.093,3568,20.639501256000003
current,named_subquery_structured,2,1597.209,3568,24.4372977
current,named_subquery_structured,3,1501.599,3568,23.007499877999997
current,named_subquery_structured,4,1530.611,3616,20.355595689000005
current,named_subquery_structured,5,1443.485,3568,9.583296914999998
current,named_insert_values,1,797.429,2176,19.137498571
current,named_insert_values,2,905.969,2176,23.966503926
current,named_insert_values,3,868.444,2176,20.67330942
current,named_insert_values,4,841.46,2200,21.65329018
current,named_insert_values,5,851.322,2176,16.649304354
current,mybatis_select_star,1,206.351,880,20.73208497
current,mybatis_select_star,2,241.785,880,24.268202235
current,mybatis_select_star,3,228.607,880,19.162524561
current,mybatis_select_star,4,217.745,904,20.255728625
current,mybatis_select_star,5,219.124,880,19.276557404
current,mybatis_repeated_names,1,17976.376,30536,15.675399872
current,mybatis_repeated_names,2,20845.814,30536,22.659399818
current,mybatis_repeated_names,3,19227.66,30536,20.785100460000002
current,mybatis_repeated_names,4,18059.901,30560,18.330799515
current,mybatis_repeated_names,5,18154.649,30536,12.690099651
current,mybatis_insert_placeholders,1,665.695,1616,18.70869228
current,mybatis_insert_placeholders,2,699.372,1616,22.270102595999997
current,mybatis_insert_placeholders,3,707.173,1616,22.015709836
current,mybatis_insert_placeholders,4,696.896,1640,21.371709631999998
current,mybatis_insert_placeholders,5,683.68,1616,12.140105759999999
current,positional_mixed_literals,1,881.46,1696,21.83200128
current,positional_mixed_literals,2,885.535,1696,21.06510658
current,positional_mixed_literals,3,905.979,1696,22.303391022
current,positional_mixed_literals,4,929.079,1720,22.515300485999997
current,positional_mixed_literals,5,847.056,1696,20.832495264000002
current,positional_update_chain_16,1,4965.21,14560,22.720800960000002
current,positional_update_chain_16,2,4915.183,14560,20.978001044
current,positional_update_chain_16,3,4694.639,14560,23.37930222
current,positional_update_chain_16,4,4978.61,14584,12.103000909999999
current,positional_update_chain_16,5,5125.252,14560,18.835301100000002
current,raw_batch_4,1,1290.946,3432,13.060500682
current,raw_batch_4,2,1431.492,3304,13.036597643999999
current,raw_batch_4,3,1277.646,3272,21.575608002
current,raw_batch_4,4,1342.972,3296,21.2861062
current,raw_batch_4,5,1379.967,3432,18.268003146
current,positional_dialect_MySQL,1,807.057,1848,12.25919583
current,positional_dialect_MySQL,2,802.463,1848,21.40168821
current,positional_dialect_MySQL,3,803.852,1848,21.996606128
current,positional_dialect_MySQL,4,803.432,1872,19.35869404
current,positional_dialect_MySQL,5,781.599,1848,10.461702615
current,mybatis_retry_rollback,1,3658.954,4784,15.38590157
current,mybatis_retry_rollback,2,3374.892,4784,24.262098588
current,mybatis_retry_rollback,3,3614.049,4784,27.061998912
current,mybatis_retry_rollback,4,3249.319,4808,22.901200312
current,mybatis_retry_rollback,5,3362.754,4784,17.018897994
current,positional_where_eq,1,668.524,1592,18.30418712
current,positional_where_eq,2,730.5,1592,21.2129895
current,positional_where_eq,3,685.076,1592,13.32130282
current,positional_where_eq,4,700.812,1616,22.621510548
current,positional_where_eq,5,657.285,1592,21.67331559
current,positional_batch_64,1,9765.795,25496,20.15660088
current,positional_batch_64,2,10506.955,23448,24.323600825
current,positional_batch_64,3,9101.407,23416,20.705700925
current,positional_batch_64,4,8710.345,23440,1.5156000299999999
current,positional_batch_64,5,9723.676,25496,19.83629904
current,positional_between,1,750.409,1736,18.426292995
current,positional_between,2,795.099,1736,23.410894956
current,positional_between,3,759.334,1736,20.793602255999996
current,positional_between,4,788.861,1760,21.707088137
current,positional_between,5,741.819,1736,20.986801329
current,named_join_using,1,789.716,2136,18.737591532000003
current,named_join_using,2,896.973,2136,25.426493630999996
current,named_join_using,3,810.901,2136,22.278694073999997
current,named_join_using,4,828.034,2160,14.183394386
current,named_join_using,5,851.285,2136,15.23459636
current,named_between,1,1092.838,2600,21.118001512
current,named_between,2,1176.32,2600,20.203296
current,named_between,3,1102.543,2600,18.903099734999998
current,named_between,4,1166.479,2624,10.975400911
current,named_between,5,1114.81,2600,8.69440319
current,raw_in_16,1,592.912,1344,11.175205376000001
current,raw_in_16,2,679.791,1344,19.157190171
current,raw_in_16,3,632.258,1344,19.668914122
current,raw_in_16,4,649.272,1368,20.834489208
current,raw_in_16,5,617.261,1344,20.180113873
current,positional_naming_KEBAB_CASE,1,3017.715,3648,12.043700565000002
current,positional_naming_KEBAB_CASE,2,3279.261,3648,21.203701625999997
current,positional_naming_KEBAB_CASE,3,3088.852,3648,21.306901096
current,positional_naming_KEBAB_CASE,4,3330.548,3672,21.445398572
current,positional_naming_KEBAB_CASE,5,3271.232,3648,22.355599488
current,named_naming_UPPER_CAMEL_CASE,1,4396.429,6664,12.556201223999999
current,named_naming_UPPER_CAMEL_CASE,2,4851.966,6664,22.454898648
current,named_naming_UPPER_CAMEL_CASE,3,4399.372,6664,20.329498012000002
current,named_naming_UPPER_CAMEL_CASE,4,4616.645,6688,21.71669808
current,named_naming_UPPER_CAMEL_CASE,5,4641.454,6664,20.556999766
current,mybatis_in_17,1,1563.075,4192,9.067398075000002
current,mybatis_in_17,2,1742.611,4192,16.579201054000002
current,mybatis_in_17,3,1659.488,4192,23.32410384
current,mybatis_in_17,4,1682.157,4216,16.875399024
current,mybatis_in_17,5,1577.336,4192,12.151796544
current,named_dialect_PostgreSQL,1,1060.772,2408,17.060396075999996
current,named_dialect_PostgreSQL,2,1143.575,2408,12.077295575
current,named_dialect_PostgreSQL,3,1042.859,2408,20.174107354999997
current,named_dialect_PostgreSQL,4,1110.636,2432,20.112507324
current,named_dialect_PostgreSQL,5,1072.573,2408,21.242308265000002
current,mybatis_pagination,1,883.69,2152,20.79410939
current,mybatis_pagination,2,1063.848,2152,23.762108928
current,mybatis_pagination,3,934.558,2152,21.221008506
current,mybatis_pagination,4,908.041,2176,18.294302027000004
current,mybatis_pagination,5,904.281,2152,19.287409449
current,mybatis_naming_SCREAMING_SNAKE_CASE,1,4133.549,5352,8.932599389
current,mybatis_naming_SCREAMING_SNAKE_CASE,2,4346.745,5352,21.433799595
current,mybatis_naming_SCREAMING_SNAKE_CASE,3,3970.043,5352,19.481001001000003
current,mybatis_naming_SCREAMING_SNAKE_CASE,4,4205.861,5376,20.739100591
current,mybatis_naming_SCREAMING_SNAKE_CASE,5,4362.753,5352,15.086399874
current,positional_dialect_DB2,1,821.278,2032,15.605103278000001
current,positional_dialect_DB2,2,914.958,2032,23.379006816
current,positional_dialect_DB2,3,943.192,2032,25.027599719999998
current,positional_dialect_DB2,4,837,2056,18.085896
current,positional_dialect_DB2,5,845.495,2032,19.470904355000002
current,mybatis_in_1024,1,81474.231,182240,21.183300059999997
current,mybatis_in_1024,2,81948.659,182240,21.388599999
current,mybatis_in_1024,3,84836.396,182240,24.008700068
current,mybatis_in_1024,4,79499.576,182264,18.761899936
current,mybatis_in_1024,5,81260.119,182240,13.651699992000001
current,named_in_17,1,1792.963,5736,18.982099281
current,named_in_17,2,1876.65,5736,22.77690105
current,named_in_17,3,1853.383,5736,18.765502875
current,named_in_17,4,1802.982,5760,10.942297757999999
current,named_in_17,5,1756.45,5736,5.6101013
current,raw_pagination,1,676.495,1712,16.528802335
current,raw_pagination,2,757.919,1712,13.897202784
current,raw_pagination,3,751.21,1712,22.713585560000002
current,raw_pagination,4,691.905,1736,14.60749836
current,raw_pagination,5,723.325,1712,19.6021075
current,custom_handler_union,1,4612.769,7320,11.125998828
current,custom_handler_union,2,5398.826,7248,20.688301232
current,custom_handler_union,3,4945.292,7320,21.324099104000002
current,custom_handler_union,4,4822.042,7296,22.335698544000003
current,custom_handler_union,5,4696.848,7248,21.459898512
current,mybatis_select_expressions,1,1418.292,1936,15.266495088
current,mybatis_select_expressions,2,1634.515,1936,25.169896485000002
current,mybatis_select_expressions,3,1715.572,1936,25.129698656
current,mybatis_select_expressions,4,1430.366,1960,20.019402535999998
current,mybatis_select_expressions,5,1356.068,1936,16.223997552
current,raw_select_entity,1,491.819,1304,17.530396436
current,raw_select_entity,2,583.22,1304,22.97128614
current,raw_select_entity,3,535.349,1304,21.264597629
current,raw_select_entity,4,537.004,1328,21.47210494
current,raw_select_entity,5,492.305,1304,19.128510775
current,positional_naming_SCREAMING_SNAKE_CASE,1,2981.979,3664,9.250098858
current,positional_naming_SCREAMING_SNAKE_CASE,2,3314.831,3664,20.764101384
current,positional_naming_SCREAMING_SNAKE_CASE,3,3284.783,3664,16.578299801
current,positional_naming_SCREAMING_SNAKE_CASE,4,3205.333,3688,19.773699277
current,positional_naming_SCREAMING_SNAKE_CASE,5,3124.325,3664,21.179799174999996
current,positional_group_order,1,1515.127,3112,20.252702609
current,positional_group_order,2,1612.49,3112,22.52809779
current,positional_group_order,3,1561.313,3112,22.882603328000002
current,positional_group_order,4,1596.987,3136,20.514895002
current,positional_group_order,5,1629.748,3112,22.138496832
current,positional_batch_beans,1,3020.611,6984,13.746800661
current,positional_batch_beans,2,3096.854,6984,23.526799838
current,positional_batch_beans,3,2940.349,6984,13.801998206
current,positional_batch_beans,4,2788.534,7008,12.816102264000001
current,positional_batch_beans,5,2935.482,6984,13.476797862
current,named_in_16,1,1667.542,5520,20.329004521999998
current,named_in_16,2,1869.386,5520,24.449699494
current,named_in_16,3,2008.148,5520,22.894895348
current,named_in_16,4,1744.93,5544,11.546201810000001
current,named_in_16,5,1714.532,5520,8.459500888
current,named_select_expressions,1,1398.251,1936,20.150195161
current,named_select_expressions,2,1898.932,1936,28.973904456
current,named_select_expressions,3,1476.348,1936,20.648203128
current,named_select_expressions,4,1438.099,1960,19.364003035
current,named_select_expressions,5,1389.117,1936,9.483501759
current,positional_raw_expression,1,921.187,1744,19.486789798
current,positional_raw_expression,2,1092.081,1744,14.094397385999999
current,positional_raw_expression,3,953.534,1744,20.884301668000003
current,positional_raw_expression,4,990.576,1768,9.62839872
current,positional_raw_expression,5,918.369,1744,21.397997699999998
current,named_row_in,1,1025.561,2680,21.313208702
current,named_row_in,2,1152.559,2680,23.514508718
current,named_row_in,3,1088.208,2680,15.530904576000001
current,named_row_in,4,1134.453,2704,17.658895398
current,named_row_in,5,1070.269,2680,11.339500055
current,custom_handler_where,1,3973.476,6968,17.407798355999997
current,custom_handler_where,2,5328.743,6968,26.585098827000003
current,custom_handler_where,3,4180.422,6968,21.010800972
current,custom_handler_where,4,4288.317,6992,20.262297825
current,custom_handler_where,5,4275.391,6968,21.039199111
current,mybatis_nested,1,983.903,2024,19.614106305
current,mybatis_nested,2,1125.996,2024,23.84859528
current,mybatis_nested,3,1051.346,2024,22.691200717999997
current,mybatis_nested,4,1061.896,2048,18.755207152
current,mybatis_nested,5,1017.174,2024,17.158708206
current,raw_in_expression,1,4856.466,3712,21.329598672000003
current,raw_in_expression,2,4985.8,3712,20.7858002
current,raw_in_expression,3,4978.973,3712,23.371299261999997
current,raw_in_expression,4,4564.447,3736,21.658301015
current,raw_in_expression,5,4645.393,3712,12.956001077
current,raw_where_16,1,2997.95,3272,14.18330145
current,raw_where_16,2,3653.331,3272,24.181397889000003
current,raw_where_16,3,2931.782,3272,21.419599292
current,raw_where_16,4,3057.222,3296,19.767997452
current,raw_where_16,5,2869.453,3272,19.736097734
current,raw_select_expressions,1,1429.556,1936,17.407703412
current,raw_select_expressions,2,1658.98,1936,24.26590046
current,raw_select_expressions,3,1473.554,1936,21.424001606
current,raw_select_expressions,4,1459.424,1960,21.727904512
current,raw_select_expressions,5,1405.441,1936,21.050695298
current,mybatis_insert_entity,1,736.263,1568,19.635397947
current,mybatis_insert_entity,2,818.104,1568,22.789105024
current,mybatis_insert_entity,3,787.207,1568,22.060688967999997
current,mybatis_insert_entity,4,698.708,1592,21.362997099999998
current,mybatis_insert_entity,5,723.078,1568,12.423203117999998
current,mybatis_union_builder,1,4037.889,6840,13.886300271
current,mybatis_union_builder,2,4511.317,6768,19.691898705
current,mybatis_union_builder,3,4411.597,6840,21.872697926
current,mybatis_union_builder,4,4190.271,6816,17.486000883
current,mybatis_union_builder,5,4172.209,6768,17.039301555999998
current,raw_union_builder,1,2082.454,3776,10.539299694
current,raw_union_builder,2,2260.573,3704,17.768103779999997
current,raw_union_builder,3,2404.459,3776,19.949796322999997
current,raw_union_builder,4,2150.889,3752,13.305399354
current,raw_union_builder,5,2165.862,3704,19.293498696000004
current,positional_naming_NO_CHANGE,1,1890.152,1880,15.124996304
current,positional_naming_NO_CHANGE,2,2114.867,1880,20.911804896000003
current,positional_naming_NO_CHANGE,3,1914.754,1880,21.154202192
current,positional_naming_NO_CHANGE,4,2061.134,1904,20.252702684
current,positional_naming_NO_CHANGE,5,1984.222,1880,20.77480434
current,mybatis_naming_CAMEL_CASE,1,3001.767,3568,14.270400318
current,mybatis_naming_CAMEL_CASE,2,3323.471,3568,21.084100024
current,mybatis_naming_CAMEL_CASE,3,3059.973,3568,20.373300234000002
current,mybatis_naming_CAMEL_CASE,4,3197.857,3592,19.69879912
current,mybatis_naming_CAMEL_CASE,5,3142.243,3568,21.266700624
current,positional_insert_placeholders,1,460.929,1208,20.891606924999998
current,positional_insert_placeholders,2,503.795,1208,24.214402879999998
current,positional_insert_placeholders,3,491.601,1208,16.705093581
current,positional_insert_placeholders,4,479.903,1232,18.81699663
current,positional_insert_placeholders,5,453.326,1208,16.211391086000003
current,positional_select_columns,1,591.286,1216,22.101088108
current,positional_select_columns,2,685.515,1216,23.530302375
current,positional_select_columns,3,608.666,1216,16.84178822
current,positional_select_columns,4,611.22,1240,23.61631836
current,positional_select_columns,5,609.281,1216,21.466188191999997
current,positional_update_map,1,773.292,1872,21.966905844
current,positional_update_map,2,784.782,1872,23.293114541999998
current,positional_update_map,3,789.954,1872,23.897688408
current,positional_update_map,4,784.647,1896,15.035405814
current,positional_update_map,5,758.197,1872,19.076994717
current,positional_naming_UPPER_CAMEL_CASE,1,3097.179,3376,11.307800529000001
current,positional_naming_UPPER_CAMEL_CASE,2,3647.914,3376,21.94220271
current,positional_naming_UPPER_CAMEL_CASE,3,3415.341,3376,18.254997645
current,positional_naming_UPPER_CAMEL_CASE,4,3453.578,3400,20.510799742
current,positional_naming_UPPER_CAMEL_CASE,5,3301.693,3376,21.447797728
current,raw_join_on,1,1008.65,2336,19.112908849999997
current,raw_join_on,2,1226.244,2336,12.321299712
current,raw_join_on,3,1202.315,2336,24.822995490000004
current,raw_join_on,4,1115.875,2360,20.124805625
current,raw_join_on,5,1065.324,2336,19.653097152
current,positional_union_raw,1,1078.544,1472,21.061807232
current,positional_union_raw,2,1229.508,1472,26.841389148
current,positional_union_raw,3,1048.023,1472,22.342802337
current,positional_union_raw,4,1056.211,1496,21.706192260999998
current,positional_union_raw,5,1082.523,1472,22.756798505999996
current,named_insert_placeholders,1,726.707,1952,19.463393581000002
current,named_insert_placeholders,2,772.025,1952,23.584591725
current,named_insert_placeholders,3,706.832,1952,16.10870128
current,named_insert_placeholders,4,724.659,1976,22.031807577
current,named_insert_placeholders,5,667.038,1952,6.352202874
current,raw_batch_64,1,12129.004,32232,15.221900020000001
current,raw_batch_64,2,12553.351,30184,19.106200222
current,raw_batch_64,3,11507.9,30152,21.266599199999998
current,raw_batch_64,4,11798.8,30176,22.618299599999997
current,raw_batch_64,5,11983.127,32232,16.476799625
current,named_in_256,1,20768.522,71352,19.397799548000002
current,named_in_256,2,21698.242,71352,20.982200014
current,named_in_256,3,22307.889,71352,20.924799882
current,named_in_256,4,22006.688,71376,13.490099743999998
current,named_in_256,5,20877.641,71352,8.497199887
current,positional_delete,1,284.678,1000,22.691398702
current,positional_delete,2,300.104,1000,21.73803324
current,positional_delete,3,294.616,1000,25.587694216
current,positional_delete,4,286.867,1024,12.854797137
current,positional_delete,5,274.527,1000,23.024579489999997
current,positional_insert_values,1,620.021,1464,22.678508117
current,positional_insert_values,2,634.381,1464,24.592413845999996
current,positional_insert_values,3,640.723,1464,23.246711886
current,positional_insert_values,4,632.41,1488,20.320598119999996
current,positional_insert_values,5,596.292,1464,19.425404484
current,positional_late_modifier,1,513.421,1432,20.768392871000003
current,positional_late_modifier,2,533.159,1432,22.863990555999997
current,positional_late_modifier,3,562.406,1432,21.883217459999997
current,positional_late_modifier,4,515.057,1456,14.439107938000001
current,positional_late_modifier,5,507.977,1432,19.122286187999997
current,positional_in_16,1,695.313,1728,19.109287179000003
current,positional_in_16,2,708.108,1728,19.511207832
current,positional_in_16,3,720.582,1728,22.707700566
current,positional_in_16,4,701.842,1752,20.763293728
current,positional_in_16,5,717.744,1728,22.036894032000003
current,named_union_raw,1,1067.8,1472,17.894192399999998
current,named_union_raw,2,1244.111,1472,26.345294536
current,named_union_raw,3,1084.94,1472,22.0297067
current,named_union_raw,4,1072.349,1496,13.480499279
current,named_union_raw,5,1067.817,1472,14.824503411
current,named_condition_only,1,3573.513,6384,19.643600961
current,named_condition_only,2,3916.847,6384,23.528499929000002
current,named_condition_only,3,3733.22,6384,23.060099939999997
current,named_condition_only,4,3578.564,6408,19.581902208
current,named_condition_only,5,3828.715,6384,9.146800135
current,named_union_builder,1,4057.619,6864,17.999597884
current,named_union_builder,2,4633.747,6792,20.541400451
current,named_union_builder,3,4486.819,6864,22.160399041
current,named_union_builder,4,4338.309,6840,13.340300175000001
current,named_union_builder,5,3970.251,6792,7.126600545
current,named_naming_CAMEL_CASE,1,3373.217,5168,14.848901234000001
current,named_naming_CAMEL_CASE,2,3668.308,5168,13.484700208000001
current,named_naming_CAMEL_CASE,3,3474.356,5168,20.4987004
current,named_naming_CAMEL_CASE,4,3369.386,5192,19.161698182
current,named_naming_CAMEL_CASE,5,3573.589,5168,21.838202379000002
current,positional_dialect_Oracle,1,850.13,2032,14.70469861
current,positional_dialect_Oracle,2,892.832,2032,21.099405824
current,positional_dialect_Oracle,3,849.534,2032,22.532190282000002
current,positional_dialect_Oracle,4,852.479,2056,20.405789823000003
current,positional_dialect_Oracle,5,830.973,2032,21.468187455
current,positional_join_using,1,681.963,1752,20.904211839
current,positional_join_using,2,878.446,1752,28.475705536000003
current,positional_join_using,3,726.053,1752,22.851792122000003
current,positional_join_using,4,718.772,1776,13.240499012
current,positional_join_using,5,687.121,1752,20.103786218
current,named_late_modifier,1,604.985,1816,17.91360585
current,named_late_modifier,2,751.134,1816,27.557604192000003
current,named_late_modifier,3,623.622,1816,23.186889582
current,named_late_modifier,4,622.542,1840,21.900405018
current,named_late_modifier,5,648.659,1816,10.280596491
current,mybatis_insert_values,1,797.581,1840,18.824506762000002
current,mybatis_insert_values,2,859.537,1840,23.589992965
current,mybatis_insert_values,3,791.21,1840,20.9828892
current,mybatis_insert_values,4,785.214,1864,21.592599786
current,mybatis_insert_values,5,762.384,1840,9.317094864
current,positional_subquery_raw,1,496.156,1344,17.723188476
current,positional_subquery_raw,2,529.704,1344,23.382193968
current,positional_subquery_raw,3,491.586,1344,21.662720262
current,positional_subquery_raw,4,520.776,1368,21.01851936
current,positional_subquery_raw,5,473.135,1344,20.182519695
current,named_nested,1,1017.169,2256,20.94350971
current,named_nested,2,1199.268,2256,23.269397004
current,named_nested,3,1098.048,2256,20.985893376
current,named_nested,4,1086.446,2280,18.988903188
current,named_nested,5,1011.688,2256,5.7302008319999995
current,named_update_map,1,1185.963,2976,19.989406364999997
current,named_update_map,2,1218.358,2976,22.744307143999997
current,named_update_map,3,1224.142,2976,22.716403094
current,named_update_map,4,1251.728,3000,20.430704416
current,named_update_map,5,1193.757,2976,12.370903791000002
current,raw_derived,1,3309.965,5216,12.256800395
current,raw_derived,2,3480.849,5216,21.901501908
current,raw_derived,3,3385.887,5216,20.968798191
current,raw_derived,4,3431.366,5264,16.398498114
current,raw_derived,5,3296.878,5216,19.745002342
current,mybatis_naming_KEBAB_CASE,1,4264.267,5336,16.28949994
current,mybatis_naming_KEBAB_CASE,2,4630.677,5336,22.023499812
current,mybatis_naming_KEBAB_CASE,3,4224.582,5336,21.224299968000004
current,mybatis_naming_KEBAB_CASE,4,4126.309,5360,20.891502467
current,mybatis_naming_KEBAB_CASE,5,4038.002,5336,20.529202168
current,positional_select_expressions,1,1412.171,1936,21.731899519000002
current,positional_select_expressions,2,1675.69,1936,21.56110323
current,positional_select_expressions,3,1462.82,1936,19.73490462
current,positional_select_expressions,4,1409.548,1960,9.019697652000001
current,positional_select_expressions,5,1427.483,1936,20.86980146
current,raw_in_256,1,3590.396,2464,14.131798656
current,raw_in_256,2,4051.351,2464,20.844200895
current,raw_in_256,3,3637.755,2464,21.197198385
current,raw_in_256,4,3872.209,2488,20.704701522999997
current,raw_in_256,5,3535.095,2464,15.653400659999999
current,named_select_entity,1,544.255,1304,16.30479129
current,named_select_entity,2,563.485,1304,23.292779445
current,named_select_entity,3,546.338,1304,21.250909185999998
current,named_select_entity,4,544.837,1328,15.579614015
current,named_select_entity,5,481.283,1304,7.636998644
current,raw_subquery_raw,1,500.526,1344,8.472403602
current,raw_subquery_raw,2,500.621,1344,22.233079230999998
current,raw_subquery_raw,3,528.2,1344,13.3307116
current,raw_subquery_raw,4,510.133,1368,19.074893136
current,raw_subquery_raw,5,484.641,1344,19.601305245000002
current,mybatis_condition_only,1,3365.065,4784,18.76360244
current,mybatis_condition_only,2,3980.479,4784,23.938600706
current,mybatis_condition_only,3,3543.23,4784,23.080600219999997
current,mybatis_condition_only,4,3472.381,4808,18.431398348
current,mybatis_condition_only,5,3542.957,4784,19.844102157
current,raw_nested,1,839.183,1616,17.622003817000003
current,raw_nested,2,937.96,1616,13.08829384
current,raw_nested,3,883.481,1616,22.880390938
current,raw_nested,4,926.963,1640,12.407399754999998
current,raw_nested,5,871.665,1616,8.20759764
current,named_select_star,1,207.707,880,21.951098881
current,named_select_star,2,278.138,880,24.384080321999996
current,named_select_star,3,219.104,880,17.666793728000002
current,named_select_star,4,210.792,904,18.916684872
current,named_select_star,5,217.822,880,19.545603704
current,raw_naming_NO_CHANGE,1,1859.86,1504,17.852796140000002
current,raw_naming_NO_CHANGE,2,2188.461,1504,10.791301191
current,raw_naming_NO_CHANGE,3,2052.315,1504,22.2470946
current,raw_naming_NO_CHANGE,4,1952.551,1528,19.554798265000002
current,raw_naming_NO_CHANGE,5,1918.426,1504,20.916598678
current,named_batch_beans,1,6206.921,18616,20.358700880000004
current,named_batch_beans,2,6615.001,18616,22.841598453000003
current,named_batch_beans,3,6567.244,18616,19.708299244
current,named_batch_beans,4,6321.395,18640,17.579799495
current,named_batch_beans,5,6789.6,18616,11.3590008
current,named_where_128,1,32559.621,47920,20.642799714
current,named_where_128,2,38373.502,47920,24.328800268
current,named_where_128,3,32865.635,47920,20.17949989
current,named_where_128,4,32601.892,47944,22.397499804000002
current,named_where_128,5,33088.026,47920,10.224200034
current,positional_condition_only,1,2922.415,3104,23.037397445
current,positional_condition_only,2,2997.638,3104,25.632802538
current,positional_condition_only,3,2601.468,3104,20.562003072
current,positional_condition_only,4,2692.352,3128,19.891096576
current,positional_condition_only,5,2575.018,3104,21.810402460000002
current,raw_update_chain_16,1,5094.794,13856,12.232600393999999
current,raw_update_chain_16,2,4990.196,13856,18.578499708
current,raw_update_chain_16,3,4826.023,13856,22.532701387000003
current,raw_update_chain_16,4,4898.724,13880,21.887498832000002
current,raw_update_chain_16,5,4854.448,13856,19.864401216
current,raw_mixed_literals,1,962.504,1864,9.079300232000001
current,raw_mixed_literals,2,1174.984,1864,17.815107408
current,raw_mixed_literals,3,1030.262,1864,21.043101349999997
current,raw_mixed_literals,4,1062.057,1888,21.463109913
current,raw_mixed_literals,5,1078.105,1864,13.792197265
current,raw_naming_KEBAB_CASE,1,2983.252,3272,18.400698335999998
current,raw_naming_KEBAB_CASE,2,3369.009,3272,19.274100489
current,raw_naming_KEBAB_CASE,3,3212.078,3272,21.514498443999997
current,raw_naming_KEBAB_CASE,4,3168.789,3296,20.305599912
current,raw_naming_KEBAB_CASE,5,3065.174,3272,21.352002084
current,raw_insert_entity,1,622.104,1264,17.517204432
current,raw_insert_entity,2,624.196,1264,7.726298088
current,raw_insert_entity,3,662.085,1264,23.976084105
current,raw_insert_entity,4,576.882,1288,21.794601959999998
current,raw_insert_entity,5,569.747,1264,18.382886954999996
current,raw_group_order,1,1437.29,2952,17.749094210000003
current,raw_group_order,2,1596.998,2952,23.197992948
current,raw_group_order,3,1529.707,2952,20.447593469
current,raw_group_order,4,1505.802,2976,17.958194652
current,raw_group_order,5,1438.961,2952,18.451796903
current,named_naming_NO_CHANGE,1,2934.182,5168,13.940298681999998
current,named_naming_NO_CHANGE,2,3253.245,5168,19.747197149999998
current,named_naming_NO_CHANGE,3,3016.21,5168,17.62069882
current,named_naming_NO_CHANGE,4,3152.965,5192,20.09699891
current,named_naming_NO_CHANGE,5,2996.125,5168,21.260503
current,mybatis_join_using,1,781.194,1976,21.546892908
current,mybatis_join_using,2,848.534,1976,23.001211138
current,mybatis_join_using,3,764.408,1976,21.638097256000002
current,mybatis_join_using,4,781.336,2000,20.604611656
current,mybatis_join_using,5,820.805,1976,16.80680318
current,named_where_16,1,4083.297,6936,20.804398215
current,named_where_16,2,4559.781,6936,22.119497631
current,named_where_16,3,4447.697,6936,21.820401482
current,named_where_16,4,4286.656,6960,22.359197696
current,named_where_16,5,4489.716,6936,10.609198908000002
current,positional_select_entity,1,496.929,1304,20.662804749
current,positional_select_entity,2,543.741,1304,22.036191506999998
current,positional_select_entity,3,565.45,1304,15.95530265
current,positional_select_entity,4,547.397,1328,23.112196134000005
current,positional_select_entity,5,509.286,1304,22.419788292
current,named_delete,1,372.126,1384,22.176476843999996
current,named_delete,2,392.321,1384,19.797302302000002
current,named_delete,3,400.766,1384,24.001875740000003
current,named_delete,4,358.755,1408,22.3934871
current,named_delete,5,375.91,1384,10.52660773
current,positional_where_128,1,21416.97,20712,17.66900025
current,positional_where_128,2,23689.804,20712,23.002799684
current,positional_where_128,3,22861.466,20712,21.83270003
current,positional_where_128,4,22768.75,20736,21.4937
current,positional_where_128,5,21291.934,20712,20.589300178
current,positional_join_on,1,1064.684,2424,14.425403516
current,positional_join_on,2,1248.115,2424,22.946594275
current,positional_join_on,3,1202.853,2424,24.621198057
current,positional_join_on,4,1125.572,2448,18.610207448
current,positional_join_on,5,1140.165,2424,21.372392925
current,raw_where_eq,1,598.79,1504,7.27170576
current,raw_where_eq,2,668.501,1504,22.173509669
current,raw_where_eq,3,634.343,1504,21.860094123
current,raw_where_eq,4,686.228,1528,20.553901055999997
current,raw_where_eq,5,639.163,1504,15.739388875
current,raw_union_raw,1,1017.683,1472,8.943398204
current,raw_union_raw,2,1140.074,1472,21.220197362
current,raw_union_raw,3,1106.024,1472,23.244200383999996
current,raw_union_raw,4,1099.958,1496,15.759098266
current,raw_union_raw,5,1093.841,1472,19.981193547
current,mybatis_where_16,1,3902.487,5336,19.457800182
current,mybatis_where_16,2,4189.511,5336,22.686202065
current,mybatis_where_16,3,4197.132,5336,22.681301327999996
current,mybatis_where_16,4,4100.848,5360,14.029001008
current,mybatis_where_16,5,3947.712,5336,17.681802048
current,mybatis_update_chain_16,1,8129.364,21304,20.209598904
current,mybatis_update_chain_16,2,8848.826,21304,23.360900639999997
current,mybatis_update_chain_16,3,8350.933,21304,22.380500440000002
current,mybatis_update_chain_16,4,8480.221,21328,21.522800898
current,mybatis_update_chain_16,5,8532.447,21304,17.645100396
current,mybatis_select_entity,1,500.299,1304,18.924309974
current,mybatis_select_entity,2,561.518,1304,22.268680844000002
current,mybatis_select_entity,3,582.221,1304,18.279410516
current,mybatis_select_entity,4,551.431,1328,21.240019258
current,mybatis_select_entity,5,510.594,1304,17.326496796
current,named_repeated_names,1,19908.189,42584,20.664700182
current,named_repeated_names,2,20708.92,42584,22.054999799999997
current,named_repeated_names,3,19689.6,42584,19.6896
current,named_repeated_names,4,20464.08,42608,21.364499520000003
current,named_repeated_names,5,19786.469,42584,9.358999837
current,named_join_on,1,1143.578,2808,18.47450259
current,named_join_on,2,1270.011,2808,23.1142002
current,named_join_on,3,1267.609,2808,23.237808188
current,named_join_on,4,1286.966,2832,20.498794447999998
current,named_join_on,5,1202.675,2808,15.95949725
current,positional_retry_rollback,1,2484.769,3864,17.194601479999996
current,positional_retry_rollback,2,2784.418,3864,19.942001716000004
current,positional_retry_rollback,3,2542.841,3864,17.919400527
current,positional_retry_rollback,4,2545.233,3888,15.243400437
current,positional_retry_rollback,5,2469.078,3864,16.624302174
current,named_subquery_raw,1,493.871,1344,20.345015845
current,named_subquery_raw,2,530.164,1344,24.910285704
current,named_subquery_raw,3,495.822,1344,22.320914796
current,named_subquery_raw,4,506.011,1368,19.488001643
current,named_subquery_raw,5,506.59,1344,10.63839
current,mybatis_in_16,1,1437.736,4048,6.313098776
current,mybatis_in_16,2,1579.295,4048,20.29709934
current,mybatis_in_16,3,1590.08,4048,22.760405119999998
current,mybatis_in_16,4,1533.788,4072,19.238302884
current,mybatis_in_16,5,1517.366,4048,13.351303434
current,named_insert_entity,1,758.197,1904,20.919413427000002
current,named_insert_entity,2,826.294,1904,22.604098664000002
current,named_insert_entity,3,820.051,1904,21.929803842000002
current,named_insert_entity,4,764.629,1928,22.129892518
current,named_insert_entity,5,762.367,1904,8.285404556
current,mybatis_late_modifier,1,606.713,1656,10.158802472
current,mybatis_late_modifier,2,650.942,1656,24.974691714000002
current,mybatis_late_modifier,3,650.276,1656,21.786196827999998
current,mybatis_late_modifier,4,606.144,1680,15.468188736
current,mybatis_late_modifier,5,588.106,1656,18.36949091
current,raw_in_17,1,626.866,1352,11.454095552
current,raw_in_17,2,709.431,1352,19.521412827
current,raw_in_17,3,667.008,1352,23.884889472
current,raw_in_17,4,622.929,1376,19.990414539
current,raw_in_17,5,632.337,1352,19.392511116
current,named_naming_SCREAMING_SNAKE_CASE,1,4002.241,6952,9.465299965
current,named_naming_SCREAMING_SNAKE_CASE,2,4627.749,6952,22.680597848999998
current,named_naming_SCREAMING_SNAKE_CASE,3,4329.538,6952,21.751598911999995
current,named_naming_SCREAMING_SNAKE_CASE,4,4596.558,6976,21.76470213
current,named_naming_SCREAMING_SNAKE_CASE,5,4379.058,6952,21.391698329999997
current,raw_batch_beans,1,3507.743,8808,10.056699180999999
current,raw_batch_beans,2,3773.845,8808,11.023401244999999
current,raw_batch_beans,3,3829.598,8808,22.862700059999998
current,raw_batch_beans,4,3617.438,8832,21.719097752
current,raw_batch_beans,5,3532.528,8808,19.005000640000002
current,named_where_eq,1,750.358,1976,20.463013017999998
current,named_where_eq,2,788.167,1976,21.494890424
current,named_where_eq,3,771.092,1976,20.059187288
current,named_where_eq,4,805.302,2000,9.629801316
current,named_where_eq,5,743.786,1976,9.067495126
current,positional_row_in,1,704.019,1608,20.617196415
current,positional_row_in,2,763.028,1608,23.972813704
current,positional_row_in,3,706.837,1608,16.500402928
current,positional_row_in,4,760.958,1632,21.488692962
current,positional_row_in,5,720.487,1608,21.828594639
current,mybatis_batch_64,1,21146.941,54296,21.083500176999998
current,mybatis_batch_64,2,22601.33,52248,23.79920049
current,mybatis_batch_64,3,21556.636,52216,23.06560052
current,mybatis_batch_64,4,20762.779,52240,20.472100094
current,mybatis_batch_64,5,21247.491,54296,18.209099787
current,mybatis_union_raw,1,1065.709,1472,20.769602701
current,mybatis_union_raw,2,1253.445,1472,24.578803004999997
current,mybatis_union_raw,3,1098.54,1472,22.34540214
current,mybatis_union_raw,4,1076.196,1496,14.191796651999999
current,mybatis_union_raw,5,1081.448,1472,20.851398888
current,positional_dialect_Microsoft_SQL_Server,1,995.169,2032,11.618598075
current,positional_dialect_Microsoft_SQL_Server,2,1061.289,2032,12.446797391999999
current,positional_dialect_Microsoft_SQL_Server,3,1027.754,2032,22.259096132
current,positional_dialect_Microsoft_SQL_Server,4,1033.997,2056,19.413293675000002
current,positional_dialect_Microsoft_SQL_Server,5,1019.155,2032,16.541904804999998
current,mybatis_derived,1,4058.092,7208,15.270600196
current,mybatis_derived,2,4291.627,7208,23.47519969
current,mybatis_derived,3,4180.796,7208,21.422398704
current,mybatis_derived,4,4229.672,7256,21.567097527999998
current,mybatis_derived,5,4223.953,7208,20.173599528
current,mybatis_subquery_structured,1,1307.715,3312,17.883002625
current,mybatis_subquery_structured,2,1641.711,3312,25.103402901
current,mybatis_subquery_structured,3,1503.638,3312,24.222104542
current,mybatis_subquery_structured,4,1394.324,3360,19.406201432
current,mybatis_subquery_structured,5,1347.483,3312,10.519799781
current,named_select_columns,1,607.795,1216,21.49770915
current,named_select_columns,2,627.341,1216,17.330295125
current,named_select_columns,3,631.134,1216,21.962200932000002
current,named_select_columns,4,618.864,1240,15.815688384000001
current,named_select_columns,5,594.324,1216,16.448511024
current,raw_row_in,1,724.023,1608,10.283298669
current,raw_row_in,2,764.824,1608,6.307503528
current,raw_row_in,3,852.964,1608,26.392412088000004
current,raw_row_in,4,790.181,1632,21.969402343000002
current,raw_row_in,5,748.668,1608,20.011895640000002
current,mybatis_in_expression,1,18198.981,48432,19.65489948
current,mybatis_in_expression,2,23491.238,48432,26.004800466000003
current,mybatis_in_expression,3,19685.497,48432,23.346999441999998
current,mybatis_in_expression,4,19146.904,48456,18.859700439999997
current,mybatis_in_expression,5,17956.553,48432,14.796199672
current,named_dialect_Microsoft_SQL_Server,1,1135.708,2584,9.853402608000001
current,named_dialect_Microsoft_SQL_Server,2,1342.095,2584,18.479306055
current,named_dialect_Microsoft_SQL_Server,3,1209.261,2584,22.014596505
current,named_dialect_Microsoft_SQL_Server,4,1293.697,2608,21.223099284999996
current,named_dialect_Microsoft_SQL_Server,5,1195.93,2584,19.8643973
current,raw_join_using,1,662.821,1664,18.820802295
current,raw_join_using,2,712.035,1664,18.955795769999998
current,raw_join_using,3,728.697,1664,24.828892881
current,raw_join_using,4,683.573,1688,20.689703991000002
current,raw_join_using,5,660.981,1664,20.07399297
current,raw_in_1024,1,13266.345,6328,12.377499885
current,raw_in_1024,2,13485.327,6328,16.910600058
current,raw_in_1024,3,13464.107,6328,21.569499414
current,raw_in_1024,4,13926.698,6352,20.917900396
current,raw_in_1024,5,13134.115,6328,19.596099579999997
current,positional_insert_entity,1,559.198,1192,22.981919404
current,positional_insert_entity,2,569.208,1192,24.54140292
current,positional_insert_entity,3,581.627,1192,11.665692738999999
current,positional_insert_entity,4,536.676,1216,16.206005172
current,positional_insert_entity,5,544.338,1192,22.283020367999995
current,named_batch_64,1,22470.447,72360,19.616700231
current,named_batch_64,2,26946.734,70312,23.928699792
current,named_batch_64,3,23398.113,70280,22.321799802
current,named_batch_64,4,23639.604,70304,21.488400035999998
current,named_batch_64,5,22938.367,72360,11.23979983
current,mybatis_in_256,1,17615.761,47256,16.541199578999997
current,mybatis_in_256,2,18856.804,47256,20.64820038
current,mybatis_in_256,3,19054.513,47256,21.531599689999997
current,mybatis_in_256,4,18320.019,47280,19.767300501
current,mybatis_in_256,5,17646.022,47256,14.416799974000002
current,mybatis_naming_NO_CHANGE,1,2824.41,3568,8.73590013
current,mybatis_naming_NO_CHANGE,2,3370.188,3568,21.818597112
current,mybatis_naming_NO_CHANGE,3,2843.628,3568,17.917700028000002
current,mybatis_naming_NO_CHANGE,4,2997.397,3592,20.382299599999996
current,mybatis_naming_NO_CHANGE,5,2989.304,3568,22.162699856000003
current,positional_where_16,1,3083.938,3648,15.379598806
current,positional_where_16,2,3345.809,3648,19.399000582000003
current,positional_where_16,3,3083.554,3648,18.149798844
current,positional_where_16,4,3104.444,3672,13.69059804
current,positional_where_16,5,2938.194,3648,20.855301011999998
current,mybatis_batch_beans,1,5599.091,14120,19.104098492000002
current,mybatis_batch_beans,2,6109.411,14120,21.877800791000002
current,mybatis_batch_beans,3,5784.179,14120,22.558298100000002
current,mybatis_batch_beans,4,5756.538,14144,15.496600295999999
current,mybatis_batch_beans,5,5498.565,14120,18.392699925
current,mybatis_delete,1,346.172,1232,21.534321604000002
current,mybatis_delete,2,417.441,1232,27.581579193
current,mybatis_delete,3,357.35,1232,24.790798900000002
current,mybatis_delete,4,344.743,1256,22.186625251
current,mybatis_delete,5,348.663,1232,18.943906779
current,positional_batch_4,1,1116.968,2968,4.996197864
current,positional_batch_4,2,1254.015,2840,5.246798760000001
current,positional_batch_4,3,1258.615,2808,5.705301795
current,positional_batch_4,4,1115.78,2832,3.2524987
current,positional_batch_4,5,1306.381,2968,5.855199642
current,positional_pagination,1,692.793,1824,12.563108262
current,positional_pagination,2,786.495,1824,23.48159472
current,positional_pagination,3,777.331,1824,23.595105174
current,positional_pagination,4,759.301,1848,19.389510336000004
current,positional_pagination,5,751.785,1824,20.198207595
current,mybatis_group_order,1,1758.942,3608,21.175902738
current,mybatis_group_order,2,1984.483,3608,22.930701064999997
current,mybatis_group_order,3,1824.178,3608,22.514004876
current,mybatis_group_order,4,1775.965,3632,20.201601875
current,mybatis_group_order,5,1812.623,3608,18.552196405
current,positional_repeated_names,1,11671.124,17240,20.77460072
current,positional_repeated_names,2,12742.122,17240,23.776799651999998
current,positional_repeated_names,3,11613.535,17240,19.220400425
current,positional_repeated_names,4,12216.657,17264,20.389600533
current,positional_repeated_names,5,11637.535,17240,20.959200535
current,named_in_1024,1,93163.303,278560,20.309600054
current,named_in_1024,2,104992.735,278560,24.56829999
current,named_in_1024,3,98150,278560,20.6115
current,named_in_1024,4,92127.465,278584,13.08210003
current,named_in_1024,5,90150.515,278560,8.744599955
current,named_in_expression,1,23887.141,72456,22.477799680999997
current,named_in_expression,2,26063.393,72456,23.352800128
current,named_in_expression,3,24071.995,72456,21.23149959
current,named_in_expression,4,22633.138,72480,19.328699852
current,named_in_expression,5,22880.18,72456,10.15879992
current,raw_naming_CAMEL_CASE,1,2354.735,1504,17.15659921
current,raw_naming_CAMEL_CASE,2,2791.393,1504,21.178298691
current,raw_naming_CAMEL_CASE,3,2286.522,1504,20.61299583
current,raw_naming_CAMEL_CASE,4,2342.222,1528,20.65839804
current,raw_naming_CAMEL_CASE,5,2244.969,1504,21.486598298999997
current,positional_in_17,1,605.778,1680,20.088204258
current,positional_in_17,2,613.264,1680,23.7333168
current,positional_in_17,3,675.504,1680,17.800205904
current,positional_in_17,4,598.147,1704,17.523314512000002
current,positional_in_17,5,610.58,1680,22.777686900000003
current,named_batch_4,1,2057.441,5744,20.212300384
current,named_batch_4,2,2788.21,5616,28.1888031
current,named_batch_4,3,2080.008,5584,21.162001391999997
current,named_batch_4,4,2015.329,5608,19.943695784
current,named_batch_4,5,2143.892,5744,10.267098787999998
current,positional_derived,1,3239.685,5480,21.01259691
current,positional_derived,2,3579.667,5480,22.358600082
current,positional_derived,3,3548.932,5480,19.937899976
current,positional_derived,4,3537.585,5528,21.74199741
current,positional_derived,5,3333.062,5480,20.46500068
current,positional_in_expression,1,3109.178,7536,19.513201128
current,positional_in_expression,2,4182.138,7536,29.852101044
current,positional_in_expression,3,3472.861,7536,20.333601154999997
current,positional_in_expression,4,3107.25,7560,18.38559825
current,positional_in_expression,5,3172.937,7536,18.536297954
current,mybatis_batch_4,1,1925.002,4664,19.602295366
current,mybatis_batch_4,2,2188.183,4536,22.109401032
current,mybatis_batch_4,3,1887.296,4504,21.971900032
current,mybatis_batch_4,4,1924.891,4528,21.660798423
current,mybatis_batch_4,5,1915.446,4664,13.54220322
current,raw_select_star,1,206.692,880,20.549525332
current,raw_select_star,2,224.957,880,17.972939515
current,raw_select_star,3,218.99,880,22.16353992
current,raw_select_star,4,214.842,904,19.83313923
current,raw_select_star,5,221.71,880,22.61841078
current,raw_select_columns,1,583.49,1216,12.67690374
current,raw_select_columns,2,636.706,1216,20.820286199999998
current,raw_select_columns,3,624.082,1216,23.427414197999997
current,raw_select_columns,4,617.199,1240,20.942796467999997
current,raw_select_columns,5,572.458,1216,15.418011314
current,mybatis_mixed_literals,1,1019.464,2080,18.577692472000003
current,mybatis_mixed_literals,2,1257.257,2080,24.75539033
current,mybatis_mixed_literals,3,1183.053,2080,24.398102019
current,mybatis_mixed_literals,4,1106.348,2104,18.87429688
current,mybatis_mixed_literals,5,1072.609,2080,16.93649611
current,mybatis_select_columns,1,589.629,1216,21.899410689
current,mybatis_select_columns,2,628.524,1216,22.028509151999998
current,mybatis_select_columns,3,698.673,1216,23.751388635
current,mybatis_select_columns,4,626.83,1240,20.03850144
current,mybatis_select_columns,5,595.026,1216,19.786994603999997
current,mybatis_row_in,1,983.108,2272,19.869595787999998
current,mybatis_row_in,2,1008.48,2272,20.85839184
current,mybatis_row_in,3,1027.174,2272,22.362605154
current,mybatis_row_in,4,1071.554,2296,16.65730693
current,mybatis_row_in,5,1053.747,2272,12.992700510000002
current,positional_in_256,1,2262.301,6208,23.835603336
current,positional_in_256,2,2440.022,6208,27.130604618
current,positional_in_256,3,2125.031,6208,20.612800699999998
current,positional_in_256,4,2133.107,6232,21.680899548
current,positional_in_256,5,2108.402,6208,19.698799886
current,raw_delete,1,259.574,912,18.353698818
current,raw_delete,2,273.663,912,16.578778203
current,raw_delete,3,285.363,912,23.359529817000002
current,raw_delete,4,281.141,936,10.533790988
current,raw_delete,5,244.617,912,22.644440307
current,positional_subquery_structured,1,1095.279,2856,18.607694931
current,positional_subquery_structured,2,1218.67,2856,22.94390009
current,positional_subquery_structured,3,1245.451,2856,24.85920196
current,positional_subquery_structured,4,1111.813,2904,11.369399738000002
current,positional_subquery_structured,5,1119.366,2856,20.65789953
current,positional_nested,1,850.17,1704,20.50950108
current,positional_nested,2,1285.515,1704,33.324405345
current,positional_nested,3,946.145,1704,20.323194599999997
current,positional_nested,4,961.563,1728,17.759107046999997
current,positional_nested,5,861.182,1704,20.800990028
current,raw_naming_UPPER_CAMEL_CASE,1,3057.944,3000,8.77629928
current,raw_naming_UPPER_CAMEL_CASE,2,3591.015,3000,15.427000439999999
current,raw_naming_UPPER_CAMEL_CASE,3,3258.27,3000,19.28570013
current,raw_naming_UPPER_CAMEL_CASE,4,3322.645,3024,19.646799885
current,raw_naming_UPPER_CAMEL_CASE,5,3190.322,3000,20.83280266
current,named_derived,1,3920.15,7256,20.34949865
current,named_derived,2,4459.636,7256,23.765400244000002
current,named_derived,3,4463.255,7256,19.276798345
current,named_derived,4,4355.735,7304,18.037098635
current,named_derived,5,4196.643,7256,10.000600269
current,raw_naming_SCREAMING_SNAKE_CASE,1,2945.103,3288,7.548298989
current,raw_naming_SCREAMING_SNAKE_CASE,2,3484.027,3288,20.263101032
current,raw_naming_SCREAMING_SNAKE_CASE,3,3192.727,3288,17.384398515
current,raw_naming_SCREAMING_SNAKE_CASE,4,3161.838,3312,18.335498562
current,raw_naming_SCREAMING_SNAKE_CASE,5,3109.293,3288,21.447903114
current,mybatis_naming_UPPER_CAMEL_CASE,1,4261.551,5064,10.551600276
current,mybatis_naming_UPPER_CAMEL_CASE,2,4647.89,5064,20.371701870000003
current,mybatis_naming_UPPER_CAMEL_CASE,3,4432.069,5064,21.380300856
current,mybatis_naming_UPPER_CAMEL_CASE,4,4401.673,5088,21.317302338999998
current,mybatis_naming_UPPER_CAMEL_CASE,5,4506.485,5064,22.099802439999998
current,named_raw_expression,1,927.869,1744,19.906501526
current,named_raw_expression,2,1026.064,1744,23.568690080000003
current,named_raw_expression,3,1003.532,1744,23.864994492
current,named_raw_expression,4,942.916,1768,21.590890568
current,named_raw_expression,5,899.772,1744,8.698095924
current,raw_where_128,1,22318.526,17776,11.203900052000002
current,raw_where_128,2,23327.165,17776,17.77529973
current,raw_where_128,3,21648.641,17776,22.29810023
current,raw_where_128,4,22231.488,17800,20.475200448000002
current,raw_where_128,5,21640.779,17776,16.66339983
current,positional_select_star,1,223.644,880,24.389049132
current,positional_select_star,2,246.444,880,27.820816716
current,positional_select_star,3,223.134,880,23.274438138
current,positional_select_star,4,213.399,904,23.933551446
current,positional_select_star,5,219.715,880,22.343916925000002
current,mybatis_where_eq,1,725.999,1816,20.563195676
current,mybatis_where_eq,2,830.735,1816,23.779789375
current,mybatis_where_eq,3,771.435,1816,23.149992915
current,mybatis_where_eq,4,752.225,1840,20.777206725000003
current,mybatis_where_eq,5,807.03,1816,9.5390946
current,raw_retry_rollback,1,2578.036,3976,12.524098888000001
current,raw_retry_rollback,2,3090.384,3976,18.576298224
current,raw_retry_rollback,3,2978.867,3976,16.83059855
current,raw_retry_rollback,4,2736.195,4000,24.47800047
current,raw_retry_rollback,5,2792.071,3976,24.263096989999998
current,named_group_order,1,1915.77,3936,20.092595760000002
current,named_group_order,2,2053.124,3936,23.366604243999998
current,named_group_order,3,1932.244,3936,22.939600768
current,named_group_order,4,1969.048,3960,19.625501416000002
current,named_group_order,5,1905.263,3936,17.957103775
