version,fork,case,round,operations,ns_per_op,bytes_per_op,equivalent
baseline,1,mybatis_where_128,1,373,85541.287,58208.000,true
baseline,1,mybatis_raw_expression,1,7782,3332.074,2624.000,true
baseline,1,mybatis_between,1,11085,3896.942,3544.000,true
baseline,1,named_dialect_MySQL,1,8315,2723.019,4144.000,true
baseline,1,named_pagination,1,14893,2543.658,4072.000,true
baseline,1,positional_union_builder,1,3555,10279.437,9768.000,true
baseline,1,raw_between,1,6155,2152.413,3384.000,true
baseline,1,named_naming_KEBAB_CASE,1,1926,10778.609,10584.000,true
baseline,1,named_update_chain_16,1,943,31242.418,47000.000,true
baseline,1,raw_subquery_structured,1,7152,2888.157,4616.000,true
baseline,1,mybatis_subquery_raw,1,13159,1226.127,2272.000,true
baseline,1,positional_in_1024,1,1670,21313.892,28504.000,true
baseline,1,named_retry_rollback,1,4744,8030.122,8264.000,true
baseline,1,named_dialect_Oracle,1,8340,2847.050,4272.000,true
baseline,1,named_mixed_literals,1,9989,2888.798,3768.000,true
baseline,1,raw_raw_expression,1,5998,2652.334,2624.000,true
baseline,1,named_dialect_DB2,1,4508,2565.994,4320.000,true
baseline,1,mybatis_join_on,1,10530,2903.922,4128.000,true
baseline,1,positional_naming_CAMEL_CASE,1,2985,3809.514,4928.000,true
baseline,1,raw_condition_only,1,1892,5849.577,7816.000,true
baseline,1,raw_insert_placeholders,1,11356,1347.878,1944.000,true
baseline,1,raw_repeated_names,1,485,40926.804,53896.000,true
baseline,1,positional_dialect_PostgreSQL,1,8345,2347.693,3360.000,true
baseline,1,raw_insert_values,1,6253,2248.809,2464.000,false
baseline,1,raw_late_modifier,1,16004,1599.644,2480.000,true
baseline,1,raw_update_map,1,8495,2488.958,3592.000,false
baseline,1,mybatis_update_map,1,5843,2742.855,4200.000,true
baseline,1,named_subquery_structured,1,7635,2913.058,5488.000,true
baseline,1,named_insert_values,1,15486,1771.484,3048.000,true
baseline,1,mybatis_select_star,1,61715,445.051,1424.000,true
baseline,1,mybatis_repeated_names,1,638,36701.881,52872.000,true
baseline,1,mybatis_insert_placeholders,1,14740,1816.554,2584.000,true
baseline,1,positional_mixed_literals,1,17666,1766.070,2800.000,true
baseline,1,positional_update_chain_16,1,2081,10113.263,22360.000,true
baseline,1,raw_batch_4,1,4027,4149.193,7584.000,false
baseline,1,positional_dialect_MySQL,1,10440,1533.774,3360.000,true
baseline,1,mybatis_retry_rollback,1,3306,7017.423,7568.000,true
baseline,1,positional_where_eq,1,16506,1578.256,2664.000,true
baseline,1,positional_batch_64,1,226,23876.106,72176.000,true
baseline,1,positional_between,1,11816,1712.965,3056.000,true
baseline,1,named_join_using,1,19465,1571.790,3512.000,true
baseline,1,named_between,1,4140,1859.324,3800.000,true
baseline,1,raw_in_16,1,6189,2909.371,5600.000,true
baseline,1,positional_naming_KEBAB_CASE,1,2915,8353.928,5888.000,true
baseline,1,named_naming_UPPER_CAMEL_CASE,1,1647,10345.659,10584.000,true
baseline,1,mybatis_in_17,1,7220,2775.374,6344.000,true
baseline,1,named_dialect_PostgreSQL,1,8530,2349.343,4144.000,true
baseline,1,mybatis_pagination,1,14496,2044.012,3808.000,true
baseline,1,mybatis_naming_SCREAMING_SNAKE_CASE,1,1278,7956.416,9000.000,true
baseline,1,positional_dialect_DB2,1,10470,2014.928,3544.000,true
baseline,1,mybatis_in_1024,1,203,140103.941,256896.000,true
baseline,1,named_in_17,1,4525,4133.304,7888.000,true
baseline,1,raw_pagination,1,11437,2064.055,3400.000,true
baseline,1,custom_handler_union,1,985,19532.081,16536.000,true
baseline,1,mybatis_select_expressions,1,7678,3010.185,2728.000,true
baseline,1,raw_select_entity,1,18252,1191.519,2000.000,true
baseline,1,positional_naming_SCREAMING_SNAKE_CASE,1,2435,6837.043,5904.000,true
baseline,1,positional_group_order,1,6503,5401.845,6336.000,true
baseline,1,positional_batch_beans,1,2606,7337.068,10464.000,true
baseline,1,named_in_16,1,5034,3451.887,7600.000,true
baseline,1,named_select_expressions,1,7191,3546.224,2728.000,true
baseline,1,positional_raw_expression,1,12553,3030.335,2624.000,true
baseline,1,named_row_in,1,1464,2978.210,4016.000,true
baseline,1,custom_handler_where,1,1563,11760.909,10616.000,true
baseline,1,mybatis_nested,1,7084,2788.312,3416.000,true
baseline,1,raw_in_expression,1,404,34693.317,56616.000,true
baseline,1,raw_where_16,1,3559,10389.154,8840.000,true
baseline,1,raw_select_expressions,1,4449,4827.647,2728.000,true
baseline,1,mybatis_insert_entity,1,6811,2037.718,2456.000,true
baseline,1,mybatis_union_builder,1,1384,25853.613,16648.000,true
baseline,1,raw_union_builder,1,2063,10450.315,10160.000,true
baseline,1,positional_naming_NO_CHANGE,1,2704,6089.238,4928.000,true
baseline,1,mybatis_naming_CAMEL_CASE,1,2539,8628.161,8024.000,true
baseline,1,positional_insert_placeholders,1,18189,1353.087,1944.000,true
baseline,1,positional_select_columns,1,24393,1481.302,1952.000,true
baseline,1,positional_update_map,1,19265,1384.049,3024.000,true
baseline,1,positional_naming_UPPER_CAMEL_CASE,1,1440,7407.361,5888.000,true
baseline,1,raw_join_on,1,9922,3054.233,3952.000,true
baseline,1,positional_union_raw,1,6325,5264.854,5200.000,true
baseline,1,named_insert_placeholders,1,6581,1565.917,2888.000,true
baseline,1,raw_batch_64,1,456,35801.316,97344.000,false
baseline,1,named_in_256,1,372,37866.129,90712.000,true
baseline,1,positional_delete,1,51380,596.366,1504.000,true
baseline,1,positional_insert_values,1,27051,1132.790,2104.000,true
baseline,1,positional_late_modifier,1,25231,1077.793,2360.000,true
baseline,1,positional_in_16,1,17392,1300.609,2656.000,true
baseline,1,named_union_raw,1,4798,5866.632,5200.000,true
baseline,1,named_condition_only,1,2588,7274.420,9560.000,true
baseline,1,named_union_builder,1,1068,11626.966,17272.000,true
baseline,1,named_naming_CAMEL_CASE,1,2111,7737.660,9624.000,true
baseline,1,positional_dialect_Oracle,1,8833,1855.734,3496.000,true
baseline,1,positional_join_using,1,16228,1439.438,3056.000,true
baseline,1,named_late_modifier,1,13389,1278.393,2816.000,true
baseline,1,mybatis_insert_values,1,6971,2042.060,2744.000,true
baseline,1,positional_subquery_raw,1,22949,1307.586,2272.000,true
baseline,1,named_nested,1,3965,3131.122,3648.000,true
baseline,1,named_update_map,1,6031,3461.399,4752.000,true
baseline,1,raw_derived,1,1509,16604.970,15848.000,true
baseline,1,mybatis_naming_KEBAB_CASE,1,1841,10587.235,8984.000,true
baseline,1,positional_select_expressions,1,8677,3698.306,2728.000,true
baseline,1,raw_in_256,1,616,31641.721,56640.000,true
baseline,1,named_select_entity,1,31408,940.127,2000.000,true
baseline,1,raw_subquery_raw,1,9113,1254.472,2272.000,true
baseline,1,mybatis_condition_only,1,2012,6826.342,7960.000,true
baseline,1,raw_nested,1,6649,1713.912,3280.000,true
baseline,1,named_select_star,1,65576,420.524,1424.000,true
baseline,1,raw_naming_NO_CHANGE,1,4470,4744.474,7880.000,true
baseline,1,named_batch_beans,1,1897,9221.719,26064.000,true
baseline,1,named_where_128,1,282,48380.142,71280.000,true
baseline,1,positional_condition_only,1,5606,4550.107,4872.000,true
baseline,1,raw_update_chain_16,1,1083,10192.890,25448.000,true
baseline,1,raw_mixed_literals,1,7025,1989.068,3192.000,true
baseline,1,raw_naming_KEBAB_CASE,1,2907,6767.217,8840.000,true
baseline,1,raw_insert_entity,1,10341,1514.912,2176.000,false
baseline,1,raw_group_order,1,2822,5573.707,6432.000,true
baseline,1,named_naming_NO_CHANGE,1,2245,8482.004,9624.000,true
baseline,1,mybatis_join_using,1,12627,1839.740,3352.000,true
baseline,1,named_where_16,1,2148,9746.788,10584.000,true
baseline,1,positional_select_entity,1,34479,958.908,2000.000,true
baseline,1,named_delete,1,38640,666.876,1960.000,true
baseline,1,positional_where_128,1,612,48894.281,32808.000,true
baseline,1,positional_join_on,1,7898,3104.368,3832.000,true
baseline,1,raw_where_eq,1,19517,1785.044,2784.000,true
baseline,1,raw_union_raw,1,3682,6308.935,5200.000,true
baseline,1,mybatis_where_16,1,2434,9774.938,8984.000,true
baseline,1,mybatis_update_chain_16,1,781,24064.405,39936.000,true
baseline,1,mybatis_select_entity,1,34398,1066.129,2000.000,true
baseline,1,named_repeated_names,1,488,41221.721,64920.000,true
baseline,1,named_join_on,1,7524,2834.144,4288.000,true
baseline,1,positional_retry_rollback,1,6997,4553.466,5872.000,true
baseline,1,named_subquery_raw,1,15854,966.671,2272.000,true
baseline,1,mybatis_in_16,1,4173,2609.058,6128.000,true
baseline,1,named_insert_entity,1,6719,1177.020,2760.000,true
baseline,1,mybatis_late_modifier,1,14061,1254.185,2656.000,true
baseline,1,raw_in_17,1,5903,2582.958,5816.000,true
baseline,1,named_naming_SCREAMING_SNAKE_CASE,1,1501,9002.865,10600.000,true
baseline,1,raw_batch_beans,1,1634,9394.553,16896.000,false
baseline,1,named_where_eq,1,9732,1565.680,3120.000,true
baseline,1,positional_row_in,1,22021,1404.051,2624.000,true
baseline,1,mybatis_batch_64,1,512,50794.531,118896.000,true
baseline,1,mybatis_union_raw,1,4975,4616.060,5200.000,true
baseline,1,positional_dialect_Microsoft_SQL_Server,1,7077,2014.144,3544.000,true
baseline,1,mybatis_derived,1,759,18442.161,17144.000,true
baseline,1,mybatis_subquery_structured,1,9173,2519.383,5232.000,true
baseline,1,named_select_columns,1,25010,1376.078,1952.000,true
baseline,1,raw_row_in,1,7739,1448.456,3136.000,true
baseline,1,mybatis_in_expression,1,725,33856.414,66656.000,true
baseline,1,named_dialect_Microsoft_SQL_Server,1,6611,2399.909,4320.000,true
baseline,1,raw_join_using,1,17557,1723.250,3176.000,true
baseline,1,raw_in_1024,1,101,104049.505,220248.000,true
baseline,1,positional_insert_entity,1,33183,815.207,1816.000,true
baseline,1,named_batch_64,1,519,61451.060,134912.000,true
baseline,1,mybatis_in_256,1,543,31613.812,66616.000,true
baseline,1,mybatis_naming_NO_CHANGE,1,4315,8759.676,8024.000,true
baseline,1,positional_where_16,1,4610,7187.614,5888.000,true
baseline,1,mybatis_batch_beans,1,766,13032.245,22080.000,true
baseline,1,mybatis_delete,1,43406,640.133,1808.000,true
baseline,1,positional_batch_4,1,2984,2014.779,5968.000,true
baseline,1,positional_pagination,1,12847,1382.151,3288.000,true
baseline,1,mybatis_group_order,1,3641,5908.926,7264.000,true
baseline,1,positional_repeated_names,1,1276,28801.097,30360.000,true
baseline,1,named_in_1024,1,105,199592.381,353216.000,true
baseline,1,named_in_expression,1,452,41290.044,90680.000,true
baseline,1,raw_naming_CAMEL_CASE,1,2405,8001.830,7880.000,true
baseline,1,positional_in_17,1,17264,1513.212,2672.000,true
baseline,1,named_batch_4,1,3752,4465.858,9736.000,true
baseline,1,positional_derived,1,1758,16249.317,15296.000,true
baseline,1,positional_in_expression,1,4773,5463.440,9760.000,true
baseline,1,mybatis_batch_4,1,6411,4922.742,8784.000,true
baseline,1,raw_select_star,1,69286,514.664,1424.000,true
baseline,1,raw_select_columns,1,19406,1699.722,1952.000,true
baseline,1,mybatis_mixed_literals,1,9367,2835.123,3432.000,true
baseline,1,mybatis_select_columns,1,21766,1536.516,1952.000,true
baseline,1,mybatis_row_in,1,7894,2629.503,3608.000,true
baseline,1,positional_in_256,1,5699,5328.988,9576.000,true
baseline,1,raw_delete,1,26608,745.798,1624.000,true
baseline,1,positional_subquery_structured,1,11597,2788.971,4704.000,true
baseline,1,positional_nested,1,16618,2450.945,2952.000,true
baseline,1,raw_naming_UPPER_CAMEL_CASE,1,2530,8660.395,8840.000,true
baseline,1,named_derived,1,2044,13904.159,17800.000,true
baseline,1,raw_naming_SCREAMING_SNAKE_CASE,1,1726,8515.353,8856.000,true
baseline,1,mybatis_naming_UPPER_CAMEL_CASE,1,2741,9691.901,8984.000,true
baseline,1,named_raw_expression,1,13495,2036.762,2624.000,true
baseline,1,raw_where_128,1,330,44594.242,56496.000,true
baseline,1,positional_select_star,1,78049,309.442,1424.000,true
baseline,1,mybatis_where_eq,1,13269,1339.182,2960.000,true
baseline,1,raw_retry_rollback,1,2736,3420.285,6376.000,true
baseline,1,named_group_order,1,4430,6656.456,7688.000,true
baseline,1,positional_in_1024,2,1670,16083.653,28504.000,true
baseline,1,named_condition_only,2,2588,7538.060,9560.000,true
baseline,1,positional_select_entity,2,34479,834.856,2000.000,true
baseline,1,mybatis_retry_rollback,2,3306,6012.402,7568.000,true
baseline,1,mybatis_where_eq,2,13269,1418.313,2960.000,true
baseline,1,mybatis_repeated_names,2,638,36956.113,52872.000,true
baseline,1,named_union_builder,2,1068,14976.685,17272.000,true
baseline,1,raw_where_16,2,3559,9040.573,8840.000,true
baseline,1,named_where_128,2,282,79681.206,71280.000,true
baseline,1,named_derived,2,2044,15694.129,17800.000,true
baseline,1,named_update_map,2,6031,2326.613,4752.000,true
baseline,1,raw_subquery_raw,2,9113,811.720,2272.000,true
baseline,1,raw_naming_CAMEL_CASE,2,2405,5190.977,7880.000,true
baseline,1,named_repeated_names,2,488,45063.525,64920.000,true
baseline,1,named_select_star,2,65576,420.012,1424.000,true
baseline,1,mybatis_naming_SCREAMING_SNAKE_CASE,2,1278,8448.357,9000.000,true
baseline,1,mybatis_naming_CAMEL_CASE,2,2539,4983.379,8024.000,true
baseline,1,mybatis_delete,2,43406,520.751,1808.000,true
baseline,1,mybatis_insert_placeholders,2,14740,1279.274,2584.000,true
baseline,1,raw_late_modifier,2,16004,1147.669,2480.000,true
baseline,1,positional_naming_UPPER_CAMEL_CASE,2,1440,5039.167,5888.000,true
baseline,1,positional_batch_beans,2,2606,5836.838,10464.000,true
baseline,1,mybatis_subquery_raw,2,13159,987.947,2272.000,true
baseline,1,named_dialect_MySQL,2,8315,1440.421,4144.000,true
baseline,1,mybatis_naming_NO_CHANGE,2,4315,5796.547,8024.000,true
baseline,1,positional_union_raw,2,6325,4023.953,5200.000,true
baseline,1,positional_where_128,2,612,42926.634,32808.000,true
baseline,1,positional_nested,2,16618,1631.989,2952.000,true
baseline,1,mybatis_batch_64,2,512,49952.539,118896.000,true
baseline,1,positional_subquery_raw,2,22949,922.206,2272.000,true
baseline,1,positional_insert_placeholders,2,18189,1187.542,1944.000,true
baseline,1,positional_select_expressions,2,8677,3761.035,2728.000,true
baseline,1,named_in_17,2,4525,4575.867,7888.000,true
baseline,1,named_batch_4,2,3752,3808.369,9736.000,true
baseline,1,named_insert_placeholders,2,6581,1460.021,2888.000,true
baseline,1,mybatis_select_star,2,61715,369.604,1424.000,true
baseline,1,positional_batch_64,2,226,24697.788,72176.000,true
baseline,1,positional_insert_entity,2,33183,865.476,1816.000,true
baseline,1,raw_naming_NO_CHANGE,2,4470,7143.400,7880.000,true
baseline,1,mybatis_row_in,2,7894,2353.851,3608.000,true
baseline,1,named_raw_expression,2,13495,2252.316,2624.000,true
baseline,1,positional_in_17,2,17264,1457.322,2672.000,true
baseline,1,named_pagination,2,14893,1782.864,4072.000,true
baseline,1,raw_naming_KEBAB_CASE,2,2907,8307.052,8840.000,true
baseline,1,mybatis_select_expressions,2,7678,3546.653,2728.000,true
baseline,1,raw_condition_only,2,1892,8412.896,7816.000,true
baseline,1,mybatis_select_entity,2,34398,1030.516,2000.000,true
baseline,1,named_union_raw,2,4798,5003.481,5200.000,true
baseline,1,positional_select_star,2,78049,566.704,1424.000,true
baseline,1,mybatis_mixed_literals,2,9367,2960.404,3432.000,true
baseline,1,raw_insert_values,2,6253,2203.710,2464.000,false
baseline,1,named_nested,2,3965,2984.061,3648.000,true
baseline,1,positional_union_builder,2,3555,7788.776,9768.000,true
baseline,1,positional_derived,2,1758,17350.967,15296.000,true
baseline,1,positional_batch_4,2,2984,3549.363,5968.000,true
baseline,1,raw_update_map,2,8495,2696.539,3592.000,false
baseline,1,mybatis_join_using,2,12627,1853.576,3352.000,true
baseline,1,mybatis_late_modifier,2,14061,1515.404,2656.000,true
baseline,1,named_naming_UPPER_CAMEL_CASE,2,1647,12601.154,10584.000,true
baseline,1,named_dialect_Oracle,2,8340,2280.144,4272.000,true
baseline,1,named_naming_CAMEL_CASE,2,2111,9017.338,9624.000,true
baseline,1,positional_insert_values,2,27051,1097.538,2104.000,true
baseline,1,mybatis_condition_only,2,2012,7089.463,7960.000,true
baseline,1,named_dialect_Microsoft_SQL_Server,2,6611,2309.378,4320.000,true
baseline,1,mybatis_where_128,2,373,70287.399,58208.000,true
baseline,1,mybatis_batch_4,2,6411,4361.410,8784.000,true
baseline,1,named_in_expression,2,452,29484.513,90680.000,true
baseline,1,named_between,2,4140,2793.092,3800.000,true
baseline,1,named_naming_KEBAB_CASE,2,1926,11062.253,10584.000,true
baseline,1,raw_derived,2,1509,14637.641,15848.000,true
baseline,1,raw_mixed_literals,2,7025,1732.683,3192.000,true
baseline,1,mybatis_nested,2,7084,2010.107,3416.000,true
baseline,1,mybatis_select_columns,2,21766,1087.003,1952.000,true
baseline,1,raw_raw_expression,2,5998,1916.105,2624.000,true
baseline,1,positional_dialect_MySQL,2,10440,1351.418,3360.000,true
baseline,1,raw_where_128,2,330,49417.273,56496.000,true
baseline,1,mybatis_batch_beans,2,766,9378.851,22080.000,true
baseline,1,mybatis_in_1024,2,203,130901.970,256896.000,true
baseline,1,positional_join_using,2,16228,1632.955,3056.000,true
baseline,1,mybatis_derived,2,759,19562.978,17144.000,true
baseline,1,positional_dialect_PostgreSQL,2,8345,1800.132,3360.000,true
baseline,1,mybatis_in_256,2,543,29196.869,66616.000,true
baseline,1,named_delete,2,38640,813.978,1960.000,true
baseline,1,mybatis_in_17,2,7220,3538.837,6344.000,true
baseline,1,positional_naming_KEBAB_CASE,2,2915,6379.520,5888.000,true
baseline,1,raw_in_expression,2,404,28537.129,56616.000,true
baseline,1,raw_retry_rollback,2,2736,6131.469,6376.000,true
baseline,1,positional_row_in,2,22021,1817.229,2624.000,true
baseline,1,raw_batch_4,2,4027,4126.943,7584.000,false
baseline,1,raw_insert_entity,2,10341,1385.746,2176.000,false
baseline,1,positional_group_order,2,6503,4809.350,6336.000,true
baseline,1,mybatis_update_chain_16,2,781,25588.220,39936.000,true
baseline,1,positional_pagination,2,12847,1226.590,3288.000,true
baseline,1,raw_row_in,2,7739,2243.003,3136.000,true
baseline,1,mybatis_insert_values,2,6971,1841.988,2744.000,true
baseline,1,raw_group_order,2,2822,4729.235,6432.000,true
baseline,1,positional_dialect_DB2,2,10470,1666.084,3544.000,true
baseline,1,mybatis_update_map,2,5843,3085.008,4200.000,true
baseline,1,raw_in_17,2,5903,2362.002,5816.000,true
baseline,1,positional_in_256,2,5699,5368.924,9576.000,true
baseline,1,mybatis_naming_UPPER_CAMEL_CASE,2,2741,10832.215,8984.000,true
baseline,1,named_select_columns,2,25010,1226.098,1952.000,true
baseline,1,raw_subquery_structured,2,7152,2434.829,4616.000,true
baseline,1,mybatis_in_16,2,4173,2957.608,6128.000,true
baseline,1,raw_pagination,2,11437,1618.895,3400.000,true
baseline,1,raw_naming_SCREAMING_SNAKE_CASE,2,1726,10259.328,8856.000,true
baseline,1,named_group_order,2,4430,5483.634,7688.000,true
baseline,1,positional_where_eq,2,16506,1399.267,2664.000,true
baseline,1,named_subquery_structured,2,7635,2219.332,5488.000,true
baseline,1,positional_late_modifier,2,25231,865.364,2360.000,true
baseline,1,raw_update_chain_16,2,1083,10535.826,25448.000,true
baseline,1,named_join_on,2,7524,2297.475,4288.000,true
baseline,1,named_in_256,2,372,32337.634,90712.000,true
baseline,1,named_where_16,2,2148,7604.795,10584.000,true
baseline,1,positional_naming_CAMEL_CASE,2,2985,3641.675,4928.000,true
baseline,1,raw_union_raw,2,3682,6029.929,5200.000,true
baseline,1,positional_delete,2,51380,475.923,1504.000,true
baseline,1,positional_dialect_Microsoft_SQL_Server,2,7077,1510.131,3544.000,true
baseline,1,raw_select_expressions,2,4449,2386.716,2728.000,true
baseline,1,named_select_entity,2,31408,646.651,2000.000,true
baseline,1,named_insert_values,2,15486,1268.843,3048.000,true
baseline,1,named_dialect_DB2,2,4508,1653.838,4320.000,true
baseline,1,raw_batch_64,2,456,32373.246,97344.000,false
baseline,1,raw_select_columns,2,19406,996.929,1952.000,true
baseline,1,named_insert_entity,2,6719,1018.693,2760.000,true
baseline,1,raw_delete,2,26608,800.639,1624.000,true
baseline,1,positional_in_expression,2,4773,7421.035,9760.000,true
baseline,1,named_subquery_raw,2,15854,1271.685,2272.000,true
baseline,1,named_row_in,2,1464,2534.221,4016.000,true
baseline,1,raw_in_1024,2,101,94854.455,220248.000,true
baseline,1,raw_union_builder,2,2063,8029.229,10160.000,true
baseline,1,mybatis_pagination,2,14496,1730.077,3808.000,true
baseline,1,positional_dialect_Oracle,2,8833,1281.105,3496.000,true
baseline,1,mybatis_insert_entity,2,6811,1505.374,2456.000,true
baseline,1,mybatis_join_on,2,10530,2753.780,4128.000,true
baseline,1,raw_where_eq,2,19517,1251.924,2784.000,true
baseline,1,raw_in_16,2,6189,1898.352,5600.000,true
baseline,1,positional_in_16,2,17392,1415.036,2656.000,true
baseline,1,named_update_chain_16,2,943,26893.849,47000.000,true
baseline,1,named_in_16,2,5034,4153.973,7600.000,true
baseline,1,positional_naming_SCREAMING_SNAKE_CASE,2,2435,6747.885,5904.000,true
baseline,1,named_late_modifier,2,13389,1527.515,2816.000,true
baseline,1,named_join_using,2,19465,1253.275,3512.000,true
baseline,1,mybatis_subquery_structured,2,9173,2686.678,5232.000,true
baseline,1,mybatis_between,2,11085,2318.791,3544.000,true
baseline,1,positional_mixed_literals,2,17666,2209.012,2800.000,true
baseline,1,named_where_eq,2,9732,1894.462,3120.000,true
baseline,1,mybatis_in_expression,2,725,36528.138,66656.000,true
baseline,1,mybatis_group_order,2,3641,4684.235,7264.000,true
baseline,1,positional_subquery_structured,2,11597,1717.349,4704.000,true
baseline,1,custom_handler_where,2,1563,6534.037,10616.000,true
baseline,1,raw_join_on,2,9922,2423.957,3952.000,true
baseline,1,mybatis_union_raw,2,4975,5248.101,5200.000,true
baseline,1,mybatis_union_builder,2,1384,16476.734,16648.000,true
baseline,1,raw_between,2,6155,2118.034,3384.000,true
baseline,1,named_batch_64,2,519,57315.992,134912.000,true
baseline,1,named_in_1024,2,105,179891.429,353216.000,true
baseline,1,raw_batch_beans,2,1634,10240.208,16896.000,false
baseline,1,raw_naming_UPPER_CAMEL_CASE,2,2530,7917.826,8840.000,true
baseline,1,named_naming_NO_CHANGE,2,2245,6221.470,9624.000,true
baseline,1,positional_update_chain_16,2,2081,12103.940,22360.000,true
baseline,1,named_naming_SCREAMING_SNAKE_CASE,2,1501,9681.013,10600.000,true
baseline,1,mybatis_naming_KEBAB_CASE,2,1841,10784.139,8984.000,true
baseline,1,raw_nested,2,6649,2074.086,3280.000,true
baseline,1,positional_join_on,2,7898,2862.054,3832.000,true
baseline,1,raw_insert_placeholders,2,11356,1164.406,1944.000,true
baseline,1,named_batch_beans,2,1897,12226.990,26064.000,true
baseline,1,named_retry_rollback,2,4744,7518.887,8264.000,true
baseline,1,raw_in_256,2,616,26811.688,56640.000,true
baseline,1,named_dialect_PostgreSQL,2,8530,2570.574,4144.000,true
baseline,1,named_mixed_literals,2,9989,2770.347,3768.000,true
baseline,1,positional_retry_rollback,2,6997,4480.849,5872.000,true
baseline,1,raw_join_using,2,17557,1689.417,3176.000,true
baseline,1,raw_select_entity,2,18252,1089.612,2000.000,true
baseline,1,positional_where_16,2,4610,7331.822,5888.000,true
baseline,1,positional_naming_NO_CHANGE,2,2704,5468.454,4928.000,true
baseline,1,positional_condition_only,2,5606,6031.877,4872.000,true
baseline,1,mybatis_raw_expression,2,7782,2809.779,2624.000,true
baseline,1,mybatis_where_16,2,2434,9338.127,8984.000,true
baseline,1,named_select_expressions,2,7191,3743.137,2728.000,true
baseline,1,raw_repeated_names,2,485,39623.711,53896.000,true
baseline,1,positional_select_columns,2,24393,1122.326,1952.000,true
baseline,1,custom_handler_union,2,985,18251.574,16536.000,true
baseline,1,raw_select_star,2,69286,430.996,1424.000,true
baseline,1,positional_update_map,2,19265,1867.423,3024.000,true
baseline,1,positional_between,2,11816,1754.765,3056.000,true
baseline,1,positional_repeated_names,2,1276,25841.850,30360.000,true
baseline,1,positional_raw_expression,2,12553,2803.943,2624.000,true
baseline,1,raw_update_chain_16,3,1083,16433.056,25448.000,true
baseline,1,named_where_128,3,282,87234.397,71280.000,true
baseline,1,raw_row_in,3,7739,2077.387,3136.000,true
baseline,1,raw_insert_entity,3,10341,1657.016,2176.000,false
baseline,1,named_naming_KEBAB_CASE,3,1926,10772.222,10584.000,true
baseline,1,named_in_17,3,4525,3647.028,7888.000,true
baseline,1,mybatis_late_modifier,3,14061,1390.214,2656.000,true
baseline,1,raw_naming_UPPER_CAMEL_CASE,3,2530,9656.403,8840.000,true
baseline,1,named_mixed_literals,3,9989,2486.836,3768.000,true
baseline,1,positional_union_builder,3,3555,9818.847,9768.000,true
baseline,1,mybatis_mixed_literals,3,9367,2396.167,3432.000,true
baseline,1,positional_row_in,3,22021,1686.304,2624.000,true
baseline,1,positional_mixed_literals,3,17666,2079.011,2800.000,true
baseline,1,named_nested,3,3965,2414.426,3648.000,true
baseline,1,raw_where_eq,3,19517,1920.669,2784.000,true
baseline,1,named_union_raw,3,4798,5234.681,5200.000,true
baseline,1,positional_dialect_MySQL,3,10440,1638.314,3360.000,true
baseline,1,positional_insert_placeholders,3,18189,1249.656,1944.000,true
baseline,1,positional_dialect_Oracle,3,8833,1707.993,3496.000,true
baseline,1,raw_subquery_raw,3,9113,1085.614,2272.000,true
baseline,1,positional_naming_KEBAB_CASE,3,2915,6850.875,5888.000,true
baseline,1,named_group_order,3,4430,6328.149,7688.000,true
baseline,1,named_select_star,3,65576,450.692,1424.000,true
baseline,1,positional_in_256,3,5699,6121.706,9576.000,true
baseline,1,positional_batch_beans,3,2606,6055.295,10464.000,true
baseline,1,named_late_modifier,3,13389,1256.479,2816.000,true
baseline,1,positional_naming_NO_CHANGE,3,2704,4262.574,4928.000,true
baseline,1,mybatis_batch_4,3,6411,4241.257,8784.000,true
baseline,1,named_select_entity,3,31408,1010.771,2000.000,true
baseline,1,named_subquery_raw,3,15854,1236.338,2272.000,true
baseline,1,raw_join_on,3,9922,2893.691,3952.000,true
baseline,1,named_insert_entity,3,6719,1288.972,2760.000,true
baseline,1,mybatis_condition_only,3,2012,8044.334,7960.000,true
baseline,1,mybatis_union_raw,3,4975,4632.060,5200.000,true
baseline,1,named_repeated_names,3,488,40170.902,64920.000,true
baseline,1,mybatis_select_entity,3,34398,987.677,2000.000,true
baseline,1,named_between,3,4140,2204.517,3800.000,true
baseline,1,raw_delete,3,26608,734.516,1624.000,true
baseline,1,mybatis_group_order,3,3641,6038.616,7264.000,true
baseline,1,raw_union_builder,3,2063,9532.962,10160.000,true
baseline,1,positional_join_on,3,7898,2825.158,3832.000,true
baseline,1,named_pagination,3,14893,2318.089,4072.000,true
baseline,1,raw_in_expression,3,404,28248.762,56616.000,true
baseline,1,raw_pagination,3,11437,1607.502,3400.000,true
baseline,1,positional_group_order,3,6503,5411.272,6336.000,true
baseline,1,mybatis_union_builder,3,1384,15688.945,16648.000,true
baseline,1,raw_in_16,3,6189,2759.089,5600.000,true
baseline,1,raw_insert_values,3,6253,1950.168,2464.000,false
baseline,1,named_batch_beans,3,1897,12868.266,26064.000,true
baseline,1,mybatis_naming_UPPER_CAMEL_CASE,3,2741,11732.944,8984.000,true
baseline,1,named_condition_only,3,2588,11148.261,9560.000,true
baseline,1,named_update_chain_16,3,943,36623.012,47000.000,true
baseline,1,named_join_on,3,7524,3535.991,4288.000,true
baseline,1,mybatis_update_map,3,5843,1963.409,4200.000,true
baseline,1,positional_union_raw,3,6325,5990.514,5200.000,true
baseline,1,positional_select_entity,3,34479,1042.574,2000.000,true
baseline,1,mybatis_join_on,3,10530,3138.955,4128.000,true
baseline,1,named_naming_NO_CHANGE,3,2245,6802.895,9624.000,true
baseline,1,raw_join_using,3,17557,1663.730,3176.000,true
baseline,1,raw_batch_4,3,4027,4299.131,7584.000,false
baseline,1,named_in_1024,3,105,221397.143,353216.000,true
baseline,1,named_update_map,3,6031,2975.510,4752.000,true
baseline,1,positional_in_17,3,17264,1534.679,2672.000,true
baseline,1,named_delete,3,38640,747.893,1960.000,true
baseline,1,mybatis_insert_entity,3,6811,1485.832,2456.000,true
baseline,1,raw_in_256,3,616,30441.396,56640.000,true
baseline,1,named_dialect_Microsoft_SQL_Server,3,6611,2925.231,4320.000,true
baseline,1,raw_union_raw,3,3682,5982.727,5200.000,true
baseline,1,positional_in_1024,3,1670,23567.844,28504.000,true
baseline,1,positional_raw_expression,3,12553,2713.240,2624.000,true
baseline,1,named_row_in,3,1464,2250.342,4016.000,true
baseline,1,positional_pagination,3,12847,1701.331,3288.000,true
baseline,1,raw_derived,3,1509,13191.584,15848.000,true
baseline,1,positional_batch_4,3,2984,1950.067,5968.000,true
baseline,1,positional_select_expressions,3,8677,3257.347,2728.000,true
baseline,1,mybatis_where_128,3,373,77767.560,58208.000,true
baseline,1,raw_repeated_names,3,485,35204.948,53896.000,true
baseline,1,mybatis_in_1024,3,203,144926.601,256896.000,true
baseline,1,mybatis_where_eq,3,13269,1885.357,2960.000,true
baseline,1,raw_raw_expression,3,5998,2497.032,2624.000,true
baseline,1,mybatis_pagination,3,14496,1652.159,3808.000,true
baseline,1,positional_between,3,11816,1703.191,3056.000,true
baseline,1,named_select_columns,3,25010,1338.129,1952.000,true
baseline,1,mybatis_naming_CAMEL_CASE,3,2539,7317.015,8024.000,true
baseline,1,named_retry_rollback,3,4744,7409.465,8264.000,true
baseline,1,mybatis_select_expressions,3,7678,3106.747,2728.000,true
baseline,1,mybatis_naming_SCREAMING_SNAKE_CASE,3,1278,11237.559,9000.000,true
baseline,1,named_dialect_MySQL,3,8315,2440.589,4144.000,true
baseline,1,raw_naming_CAMEL_CASE,3,2405,4835.135,7880.000,true
baseline,1,named_insert_values,3,15486,1487.595,3048.000,true
baseline,1,mybatis_select_star,3,61715,499.410,1424.000,true
baseline,1,raw_between,3,6155,2308.400,3384.000,true
baseline,1,positional_dialect_DB2,3,10470,1843.391,3544.000,true
baseline,1,positional_retry_rollback,3,6997,4418.837,5872.000,true
baseline,1,named_where_16,3,2148,10755.959,10584.000,true
baseline,1,named_batch_64,3,519,60600.771,134912.000,true
baseline,1,mybatis_retry_rollback,3,3306,7654.325,7568.000,true
baseline,1,mybatis_in_16,3,4173,2828.109,6128.000,true
baseline,1,mybatis_batch_64,3,512,63384.766,118896.000,true
baseline,1,mybatis_between,3,11085,2424.899,3544.000,true
baseline,1,raw_insert_placeholders,3,11356,1312.830,1944.000,true
baseline,1,named_in_expression,3,452,43079.867,90680.000,true
baseline,1,mybatis_in_17,3,7220,3545.139,6344.000,true
baseline,1,raw_where_128,3,330,66836.364,56496.000,true
baseline,1,positional_nested,3,16618,2253.195,2952.000,true
baseline,1,positional_where_eq,3,16506,1506.937,2664.000,true
baseline,1,positional_delete,3,51380,573.174,1504.000,true
baseline,1,raw_naming_KEBAB_CASE,3,2907,8433.127,8840.000,true
baseline,1,positional_naming_CAMEL_CASE,3,2985,5511.658,4928.000,true
baseline,1,raw_retry_rollback,3,2736,5515.643,6376.000,true
baseline,1,positional_subquery_structured,3,11597,2372.036,4704.000,true
baseline,1,mybatis_row_in,3,7894,2090.372,3608.000,true
baseline,1,raw_nested,3,6649,1812.814,3280.000,true
baseline,1,raw_select_star,3,69286,491.972,1424.000,true
baseline,1,raw_in_1024,3,101,119381.188,220248.000,true
baseline,1,positional_subquery_raw,3,22949,879.563,2272.000,true
baseline,1,raw_mixed_literals,3,7025,2866.093,3192.000,true
baseline,1,named_insert_placeholders,3,6581,1774.183,2888.000,true
baseline,1,raw_update_map,3,8495,2207.075,3592.000,false
baseline,1,raw_condition_only,3,1892,6207.981,7816.000,true
baseline,1,named_in_16,3,5034,3893.226,7600.000,true
baseline,1,mybatis_raw_expression,3,7782,2304.690,2624.000,true
baseline,1,positional_insert_values,3,27051,1285.927,2104.000,true
baseline,1,mybatis_batch_beans,3,766,12718.668,22080.000,true
baseline,1,positional_dialect_Microsoft_SQL_Server,3,7077,1757.256,3544.000,true
baseline,1,raw_batch_beans,3,1634,8621.848,16896.000,false
baseline,1,custom_handler_union,3,985,18538.579,16536.000,true
baseline,1,raw_batch_64,3,456,39955.482,97344.000,false
baseline,1,named_in_256,3,372,41647.849,90712.000,true
baseline,1,positional_update_chain_16,3,2081,11437.530,22360.000,true
baseline,1,named_where_eq,3,9732,1923.120,3120.000,true
baseline,1,raw_naming_SCREAMING_SNAKE_CASE,3,1726,9555.852,8856.000,true
baseline,1,mybatis_naming_KEBAB_CASE,3,1841,10230.147,8984.000,true
baseline,1,raw_in_17,3,5903,2685.990,5816.000,true
baseline,1,raw_select_entity,3,18252,916.787,2000.000,true
baseline,1,positional_in_16,3,17392,1413.604,2656.000,true
baseline,1,raw_late_modifier,3,16004,1443.795,2480.000,true
baseline,1,raw_select_columns,3,19406,1520.004,1952.000,true
baseline,1,positional_condition_only,3,5606,6750.767,4872.000,true
baseline,1,positional_in_expression,3,4773,7078.064,9760.000,true
baseline,1,mybatis_update_chain_16,3,781,24981.946,39936.000,true
baseline,1,named_dialect_Oracle,3,8340,2226.763,4272.000,true
baseline,1,positional_dialect_PostgreSQL,3,8345,2154.799,3360.000,true
baseline,1,raw_where_16,3,3559,8414.667,8840.000,true
baseline,1,named_dialect_PostgreSQL,3,8530,2620.434,4144.000,true
baseline,1,positional_select_star,3,78049,452.771,1424.000,true
baseline,1,mybatis_subquery_raw,3,13159,1130.466,2272.000,true
baseline,1,named_derived,3,2044,16794.961,17800.000,true
baseline,1,mybatis_in_expression,3,725,38339.586,66656.000,true
baseline,1,named_naming_CAMEL_CASE,3,2111,9430.033,9624.000,true
baseline,1,positional_insert_entity,3,33183,1318.983,1816.000,true
baseline,1,mybatis_delete,3,43406,757.227,1808.000,true
baseline,1,mybatis_insert_values,3,6971,1946.880,2744.000,true
baseline,1,positional_naming_SCREAMING_SNAKE_CASE,3,2435,7960.329,5904.000,true
baseline,1,mybatis_where_16,3,2434,10705.423,8984.000,true
baseline,1,named_raw_expression,3,13495,2592.753,2624.000,true
baseline,1,named_naming_SCREAMING_SNAKE_CASE,3,1501,9918.454,10600.000,true
baseline,1,named_naming_UPPER_CAMEL_CASE,3,1647,9231.633,10584.000,true
baseline,1,mybatis_derived,3,759,17930.567,17144.000,true
baseline,1,positional_repeated_names,3,1276,23384.483,30360.000,true
baseline,1,positional_select_columns,3,24393,1307.478,1952.000,true
baseline,1,raw_select_expressions,3,4449,3289.751,2728.000,true
baseline,1,mybatis_in_256,3,543,31757.643,66616.000,true
baseline,1,mybatis_select_columns,3,21766,1567.592,1952.000,true
baseline,1,mybatis_repeated_names,3,638,42000.784,52872.000,true
baseline,1,named_union_builder,3,1068,12952.247,17272.000,true
baseline,1,mybatis_join_using,3,12627,1528.360,3352.000,true
baseline,1,custom_handler_where,3,1563,10981.190,10616.000,true
baseline,1,mybatis_naming_NO_CHANGE,3,4315,6852.213,8024.000,true
baseline,1,positional_batch_64,3,226,23733.628,72176.000,true
baseline,1,named_dialect_DB2,3,4508,1887.045,4320.000,true
baseline,1,positional_update_map,3,19265,1705.087,3024.000,true
baseline,1,mybatis_nested,3,7084,2415.133,3416.000,true
baseline,1,mybatis_insert_placeholders,3,14740,1685.217,2584.000,true
baseline,1,named_subquery_structured,3,7635,2756.176,5488.000,true
baseline,1,raw_naming_NO_CHANGE,3,4470,6878.613,7880.000,true
baseline,1,raw_subquery_structured,3,7152,2616.219,4616.000,true
baseline,1,positional_where_128,3,612,52488.399,32808.000,true
baseline,1,positional_where_16,3,4610,7593.926,5888.000,true
baseline,1,positional_derived,3,1758,13279.977,15296.000,true
baseline,1,positional_join_using,3,16228,1586.369,3056.000,true
baseline,1,positional_late_modifier,3,25231,1053.244,2360.000,true
baseline,1,named_batch_4,3,3752,3825.640,9736.000,true
baseline,1,raw_group_order,3,2822,5301.488,6432.000,true
baseline,1,named_join_using,3,19465,1698.094,3512.000,true
baseline,1,named_select_expressions,3,7191,3428.814,2728.000,true
baseline,1,positional_naming_UPPER_CAMEL_CASE,3,1440,4893.958,5888.000,true
baseline,1,mybatis_subquery_structured,3,9173,2621.073,5232.000,true
baseline,1,raw_batch_beans,4,1634,9642.901,16896.000,false
baseline,1,mybatis_subquery_structured,4,9173,2868.113,5232.000,true
baseline,1,named_insert_placeholders,4,6581,1466.099,2888.000,true
baseline,1,positional_pagination,4,12847,1652.604,3288.000,true
baseline,1,mybatis_batch_beans,4,766,11089.556,22080.000,true
baseline,1,named_nested,4,3965,2836.873,3648.000,true
baseline,1,raw_update_chain_16,4,1083,11517.267,25448.000,true
baseline,1,mybatis_union_builder,4,1384,19426.879,16648.000,true
baseline,1,raw_in_256,4,616,32239.773,56640.000,true
baseline,1,positional_select_expressions,4,8677,3977.239,2728.000,true
baseline,1,custom_handler_where,4,1563,13272.617,10616.000,true
baseline,1,positional_dialect_MySQL,4,10440,2052.117,3360.000,true
baseline,1,named_delete,4,38640,855.983,1960.000,true
baseline,1,mybatis_subquery_raw,4,13159,1196.763,2272.000,true
baseline,1,positional_subquery_raw,4,22949,903.922,2272.000,true
baseline,1,mybatis_raw_expression,4,7782,2402.120,2624.000,true
baseline,1,positional_dialect_Oracle,4,8833,1837.722,3496.000,true
baseline,1,named_where_eq,4,9732,1750.021,3120.000,true
baseline,1,raw_in_17,4,5903,2397.120,5816.000,true
baseline,1,mybatis_select_star,4,61715,491.942,1424.000,true
baseline,1,raw_raw_expression,4,5998,2353.051,2624.000,true
baseline,1,raw_insert_placeholders,4,11356,1234.871,1944.000,true
baseline,1,raw_naming_UPPER_CAMEL_CASE,4,2530,9045.810,8840.000,true
baseline,1,mybatis_insert_placeholders,4,14740,1581.628,2584.000,true
baseline,1,mybatis_where_16,4,2434,8836.072,8984.000,true
baseline,1,named_select_star,4,65576,388.174,1424.000,true
baseline,1,mybatis_in_16,4,4173,3191.828,6128.000,true
baseline,1,raw_derived,4,1509,13425.381,15848.000,true
baseline,1,named_in_1024,4,105,198400.000,353216.000,true
baseline,1,raw_naming_KEBAB_CASE,4,2907,9485.277,8840.000,true
baseline,1,positional_row_in,4,22021,1554.339,2624.000,true
baseline,1,positional_delete,4,51380,449.784,1504.000,true
baseline,1,positional_in_17,4,17264,1518.935,2672.000,true
baseline,1,raw_insert_values,4,6253,1448.105,2464.000,false
baseline,1,named_naming_SCREAMING_SNAKE_CASE,4,1501,10866.356,10600.000,true
baseline,1,mybatis_batch_64,4,512,55823.828,118896.000,true
baseline,1,named_batch_4,4,3752,4978.491,9736.000,true
baseline,1,named_mixed_literals,4,9989,2366.824,3768.000,true
baseline,1,positional_where_128,4,612,55820.752,32808.000,true
baseline,1,named_where_128,4,282,74235.461,71280.000,true
baseline,1,raw_select_entity,4,18252,1049.808,2000.000,true
baseline,1,named_join_using,4,19465,1682.975,3512.000,true
baseline,1,raw_select_columns,4,19406,1401.417,1952.000,true
baseline,1,positional_union_builder,4,3555,7411.955,9768.000,true
baseline,1,raw_join_on,4,9922,3092.864,3952.000,true
baseline,1,raw_naming_CAMEL_CASE,4,2405,6057.339,7880.000,true
baseline,1,raw_subquery_raw,4,9113,798.453,2272.000,true
baseline,1,raw_union_raw,4,3682,5343.536,5200.000,true
baseline,1,mybatis_delete,4,43406,697.196,1808.000,true
baseline,1,mybatis_in_expression,4,725,31689.793,66656.000,true
baseline,1,raw_union_builder,4,2063,9230.732,10160.000,true
baseline,1,positional_insert_placeholders,4,18189,1187.531,1944.000,true
baseline,1,positional_in_256,4,5699,6474.013,9576.000,true
baseline,1,mybatis_repeated_names,4,638,39062.226,52872.000,true
baseline,1,mybatis_where_eq,4,13269,1777.564,2960.000,true
baseline,1,raw_update_map,4,8495,2321.624,3592.000,false
baseline,1,raw_row_in,4,7739,2065.086,3136.000,true
baseline,1,mybatis_select_expressions,4,7678,3909.013,2728.000,true
baseline,1,mybatis_nested,4,7084,3193.732,3416.000,true
baseline,1,positional_naming_CAMEL_CASE,4,2985,6215.276,4928.000,true
baseline,1,positional_naming_SCREAMING_SNAKE_CASE,4,2435,7372.936,5904.000,true
baseline,1,positional_group_order,4,6503,4753.914,6336.000,true
baseline,1,positional_between,4,11816,1641.232,3056.000,true
baseline,1,mybatis_naming_KEBAB_CASE,4,1841,7885.117,8984.000,true
baseline,1,positional_mixed_literals,4,17666,1955.955,2800.000,true
baseline,1,positional_condition_only,4,5606,6428.594,4872.000,true
baseline,1,named_in_16,4,5034,3546.246,7600.000,true
baseline,1,mybatis_in_17,4,7220,3270.983,6344.000,true
baseline,1,mybatis_select_columns,4,21766,1505.550,1952.000,true
baseline,1,mybatis_derived,4,759,15743.874,17144.000,true
baseline,1,positional_late_modifier,4,25231,1151.591,2360.000,true
baseline,1,positional_derived,4,1758,15323.038,15296.000,true
baseline,1,raw_subquery_structured,4,7152,2598.210,4616.000,true
baseline,1,positional_where_eq,4,16506,1612.650,2664.000,true
baseline,1,named_select_entity,4,31408,1165.700,2000.000,true
baseline,1,named_batch_beans,4,1897,12911.070,26064.000,true
baseline,1,named_in_256,4,372,46260.753,90712.000,true
baseline,1,raw_nested,4,6649,2698.120,3280.000,true
baseline,1,named_between,4,4140,1636.981,3800.000,true
baseline,1,raw_condition_only,4,1892,6624.736,7816.000,true
baseline,1,named_update_chain_16,4,943,27506.681,47000.000,true
baseline,1,raw_in_1024,4,101,122976.238,220248.000,true
baseline,1,positional_nested,4,16618,1801.853,2952.000,true
baseline,1,raw_select_star,4,69286,380.075,1424.000,true
baseline,1,named_insert_entity,4,6719,1124.959,2760.000,true
baseline,1,raw_insert_entity,4,10341,1773.368,2176.000,false
baseline,1,mybatis_insert_values,4,6971,1700.803,2744.000,true
baseline,1,positional_naming_UPPER_CAMEL_CASE,4,1440,5081.319,5888.000,true
baseline,1,positional_select_star,4,78049,485.722,1424.000,true
baseline,1,named_row_in,4,1464,3124.863,4016.000,true
baseline,1,raw_group_order,4,2822,3684.621,6432.000,true
baseline,1,raw_pagination,4,11437,1056.169,3400.000,true
baseline,1,raw_delete,4,26608,493.201,1624.000,true
baseline,1,mybatis_row_in,4,7894,1472.321,3608.000,true
baseline,1,positional_batch_64,4,226,19066.814,72176.000,true
baseline,1,mybatis_mixed_literals,4,9367,2582.310,3432.000,true
baseline,1,mybatis_batch_4,4,6411,4852.815,8784.000,true
baseline,1,named_where_16,4,2148,10962.663,10584.000,true
baseline,1,positional_select_columns,4,24393,1458.697,1952.000,true
baseline,1,mybatis_join_using,4,12627,1491.914,3352.000,true
baseline,1,named_select_expressions,4,7191,3741.691,2728.000,true
baseline,1,mybatis_naming_UPPER_CAMEL_CASE,4,2741,8820.686,8984.000,true
baseline,1,named_batch_64,4,519,50707.129,134912.000,true
baseline,1,named_union_builder,4,1068,13317.322,17272.000,true
baseline,1,named_subquery_structured,4,7635,2030.033,5488.000,true
baseline,1,mybatis_naming_NO_CHANGE,4,4315,7529.641,8024.000,true
baseline,1,mybatis_between,4,11085,1525.701,3544.000,true
baseline,1,named_derived,4,2044,17176.027,17800.000,true
baseline,1,named_naming_CAMEL_CASE,4,2111,8467.740,9624.000,true
baseline,1,positional_where_16,4,4610,8002.364,5888.000,true
baseline,1,positional_repeated_names,4,1276,32770.846,30360.000,true
baseline,1,positional_update_map,4,19265,1406.649,3024.000,true
baseline,1,named_pagination,4,14893,1756.940,4072.000,true
baseline,1,named_condition_only,4,2588,9187.172,9560.000,true
baseline,1,raw_select_expressions,4,4449,2809.733,2728.000,true
baseline,1,raw_where_16,4,3559,8064.035,8840.000,true
baseline,1,named_repeated_names,4,488,42654.508,64920.000,true
baseline,1,positional_join_using,4,16228,1561.831,3056.000,true
baseline,1,positional_raw_expression,4,12553,2132.303,2624.000,true
baseline,1,named_group_order,4,4430,6831.919,7688.000,true
baseline,1,mybatis_select_entity,4,34398,650.872,2000.000,true
baseline,1,positional_in_expression,4,4773,6691.347,9760.000,true
baseline,1,named_dialect_PostgreSQL,4,8530,1835.076,4144.000,true
baseline,1,mybatis_naming_CAMEL_CASE,4,2539,5624.498,8024.000,true
baseline,1,raw_naming_NO_CHANGE,4,4470,5299.485,7880.000,true
baseline,1,mybatis_update_chain_16,4,781,26994.878,39936.000,true
baseline,1,named_in_expression,4,452,41947.566,90680.000,true
baseline,1,named_join_on,4,7524,3343.979,4288.000,true
baseline,1,mybatis_pagination,4,14496,1741.639,3808.000,true
baseline,1,positional_retry_rollback,4,6997,4838.902,5872.000,true
baseline,1,mybatis_where_128,4,373,77947.989,58208.000,true
baseline,1,raw_in_16,4,6189,2453.918,5600.000,true
baseline,1,named_update_map,4,6031,3314.973,4752.000,true
baseline,1,mybatis_in_256,4,543,36402.394,66616.000,true
baseline,1,positional_insert_values,4,27051,1054.715,2104.000,true
baseline,1,raw_where_128,4,330,68014.545,56496.000,true
baseline,1,named_naming_UPPER_CAMEL_CASE,4,1647,11121.311,10584.000,true
baseline,1,raw_repeated_names,4,485,36107.216,53896.000,true
baseline,1,raw_late_modifier,4,16004,1435.247,2480.000,true
baseline,1,positional_batch_beans,4,2606,5606.562,10464.000,true
baseline,1,custom_handler_union,4,985,19675.025,16536.000,true
baseline,1,raw_between,4,6155,2014.541,3384.000,true
baseline,1,named_union_raw,4,4798,6064.089,5200.000,true
baseline,1,positional_dialect_Microsoft_SQL_Server,4,7077,2342.631,3544.000,true
baseline,1,raw_where_eq,4,19517,1634.544,2784.000,true
baseline,1,mybatis_union_raw,4,4975,4811.417,5200.000,true
baseline,1,raw_mixed_literals,4,7025,2166.221,3192.000,true
baseline,1,raw_retry_rollback,4,2736,4745.906,6376.000,true
baseline,1,positional_naming_KEBAB_CASE,4,2915,5078.628,5888.000,true
baseline,1,positional_batch_4,4,2984,2712.332,5968.000,true
baseline,1,named_dialect_Oracle,4,8340,2438.873,4272.000,true
baseline,1,mybatis_late_modifier,4,14061,954.128,2656.000,true
baseline,1,raw_in_expression,4,404,24474.752,56616.000,true
baseline,1,positional_dialect_DB2,4,10470,1678.930,3544.000,true
baseline,1,named_dialect_Microsoft_SQL_Server,4,6611,1825.216,4320.000,true
baseline,1,named_subquery_raw,4,15854,945.831,2272.000,true
baseline,1,named_naming_NO_CHANGE,4,2245,5928.775,9624.000,true
baseline,1,positional_in_1024,4,1670,21367.006,28504.000,true
baseline,1,mybatis_naming_SCREAMING_SNAKE_CASE,4,1278,9781.377,9000.000,true
baseline,1,raw_join_using,4,17557,1660.751,3176.000,true
baseline,1,positional_in_16,4,17392,1360.597,2656.000,true
baseline,1,raw_batch_64,4,456,45382.456,97344.000,false
baseline,1,named_in_17,4,4525,3195.293,7888.000,true
baseline,1,positional_naming_NO_CHANGE,4,2704,5573.188,4928.000,true
baseline,1,named_dialect_DB2,4,4508,2319.876,4320.000,true
baseline,1,positional_update_chain_16,4,2081,11007.208,22360.000,true
baseline,1,raw_naming_SCREAMING_SNAKE_CASE,4,1726,8747.567,8856.000,true
baseline,1,mybatis_condition_only,4,2012,8361.382,7960.000,true
baseline,1,positional_insert_entity,4,33183,893.385,1816.000,true
baseline,1,mybatis_join_on,4,10530,2887.968,4128.000,true
baseline,1,mybatis_in_1024,4,203,148948.768,256896.000,true
baseline,1,positional_join_on,4,7898,2246.316,3832.000,true
baseline,1,mybatis_group_order,4,3641,6093.820,7264.000,true
baseline,1,named_raw_expression,4,13495,2719.896,2624.000,true
baseline,1,named_insert_values,4,15486,1301.582,3048.000,true
baseline,1,mybatis_retry_rollback,4,3306,6622.868,7568.000,true
baseline,1,named_late_modifier,4,13389,956.315,2816.000,true
baseline,1,named_select_columns,4,25010,1518.737,1952.000,true
baseline,1,raw_batch_4,4,4027,3656.618,7584.000,false
baseline,1,positional_select_entity,4,34479,1007.048,2000.000,true
baseline,1,named_retry_rollback,4,4744,6904.616,8264.000,true
baseline,1,positional_subquery_structured,4,11597,2398.870,4704.000,true
baseline,1,mybatis_insert_entity,4,6811,1362.032,2456.000,true
baseline,1,positional_dialect_PostgreSQL,4,8345,1525.656,3360.000,true
baseline,1,named_naming_KEBAB_CASE,4,1926,9431.101,10584.000,true
baseline,1,positional_union_raw,4,6325,4897.138,5200.000,true
baseline,1,mybatis_update_map,4,5843,2024.337,4200.000,true
baseline,1,named_dialect_MySQL,4,8315,2050.006,4144.000,true
baseline,1,positional_dialect_Microsoft_SQL_Server,5,7077,2258.895,3544.000,true
baseline,1,named_update_chain_16,5,943,27625.875,47000.000,true
baseline,1,named_subquery_raw,5,15854,1152.031,2272.000,true
baseline,1,positional_retry_rollback,5,6997,5312.605,5872.000,true
baseline,1,positional_nested,5,16618,1836.605,2952.000,true
baseline,1,mybatis_union_raw,5,4975,4689.065,5200.000,true
baseline,1,mybatis_in_17,5,7220,3056.288,6344.000,true
baseline,1,raw_naming_UPPER_CAMEL_CASE,5,2530,9012.648,8840.000,true
baseline,1,raw_subquery_structured,5,7152,2757.131,4616.000,true
baseline,1,raw_union_raw,5,3682,6000.733,5200.000,true
baseline,1,raw_update_chain_16,5,1083,15106.464,25448.000,true
baseline,1,named_select_expressions,5,7191,2346.266,2728.000,true
baseline,1,named_batch_64,5,519,46352.023,134912.000,true
baseline,1,mybatis_pagination,5,14496,1419.909,3808.000,true
baseline,1,named_insert_values,5,15486,1395.008,3048.000,true
baseline,1,named_condition_only,5,2588,5957.110,9560.000,true
baseline,1,raw_subquery_raw,5,9113,927.313,2272.000,true
baseline,1,named_retry_rollback,5,4744,7381.619,8264.000,true
baseline,1,raw_row_in,5,7739,2242.589,3136.000,true
baseline,1,named_where_eq,5,9732,1133.313,3120.000,true
baseline,1,positional_in_1024,5,1670,18529.341,28504.000,true
baseline,1,positional_dialect_PostgreSQL,5,8345,1783.235,3360.000,true
baseline,1,raw_in_256,5,616,29593.182,56640.000,true
baseline,1,mybatis_select_columns,5,21766,1213.673,1952.000,true
baseline,1,named_update_map,5,6031,1823.910,4752.000,true
baseline,1,named_insert_placeholders,5,6581,1402.842,2888.000,true
baseline,1,named_repeated_names,5,488,36523.566,64920.000,true
baseline,1,mybatis_naming_CAMEL_CASE,5,2539,5123.710,8024.000,true
baseline,1,mybatis_derived,5,759,14777.075,17144.000,true
baseline,1,positional_insert_entity,5,33183,1107.820,1816.000,true
baseline,1,mybatis_condition_only,5,2012,11043.936,7960.000,true
baseline,1,named_select_star,5,65576,551.993,1424.000,true
baseline,1,raw_mixed_literals,5,7025,2122.420,3192.000,true
baseline,1,raw_join_using,5,17557,1590.078,3176.000,true
baseline,1,positional_repeated_names,5,1276,18542.241,30360.000,true
baseline,1,positional_naming_KEBAB_CASE,5,2915,6866.209,5888.000,true
baseline,1,named_dialect_MySQL,5,8315,1972.423,4144.000,true
baseline,1,mybatis_mixed_literals,5,9367,1814.071,3432.000,true
baseline,1,positional_mixed_literals,5,17666,1534.422,2800.000,true
baseline,1,mybatis_subquery_raw,5,13159,1254.974,2272.000,true
baseline,1,positional_between,5,11816,2134.792,3056.000,true
baseline,1,mybatis_subquery_structured,5,9173,2935.942,5232.000,true
baseline,1,mybatis_between,5,11085,2040.550,3544.000,true
baseline,1,positional_batch_64,5,226,29513.717,72176.000,true
baseline,1,positional_condition_only,5,5606,6239.351,4872.000,true
baseline,1,mybatis_insert_placeholders,5,14740,1171.513,2584.000,true
baseline,1,mybatis_in_expression,5,725,32442.069,66656.000,true
baseline,1,mybatis_update_map,5,5843,2751.771,4200.000,true
baseline,1,named_union_builder,5,1068,14185.581,17272.000,true
baseline,1,raw_union_builder,5,2063,9456.859,10160.000,true
baseline,1,named_select_entity,5,31408,713.353,2000.000,true
baseline,1,named_between,5,4140,2243.551,3800.000,true
baseline,1,raw_insert_values,5,6253,1927.651,2464.000,false
baseline,1,positional_select_columns,5,24393,1199.623,1952.000,true
baseline,1,raw_in_expression,5,404,19187.624,56616.000,true
baseline,1,positional_dialect_MySQL,5,10440,1234.579,3360.000,true
baseline,1,mybatis_naming_UPPER_CAMEL_CASE,5,2741,8651.806,8984.000,true
baseline,1,positional_subquery_structured,5,11597,2655.566,4704.000,true
baseline,1,named_join_on,5,7524,2137.799,4288.000,true
baseline,1,named_pagination,5,14893,2387.793,4072.000,true
baseline,1,positional_dialect_DB2,5,10470,2026.390,3544.000,true
baseline,1,positional_insert_values,5,27051,1103.275,2104.000,true
baseline,1,custom_handler_where,5,1563,10872.489,10616.000,true
baseline,1,raw_late_modifier,5,16004,971.613,2480.000,true
baseline,1,mybatis_where_16,5,2434,6527.650,8984.000,true
baseline,1,mybatis_naming_NO_CHANGE,5,4315,5529.316,8024.000,true
baseline,1,raw_naming_NO_CHANGE,5,4470,6610.738,7880.000,true
baseline,1,mybatis_join_using,5,12627,1100.523,3352.000,true
baseline,1,positional_in_256,5,5699,4990.805,9576.000,true
baseline,1,positional_select_star,5,78049,432.769,1424.000,true
baseline,1,named_in_expression,5,452,43924.336,90680.000,true
baseline,1,named_dialect_PostgreSQL,5,8530,2692.368,4144.000,true
baseline,1,raw_nested,5,6649,2048.864,3280.000,true
baseline,1,raw_in_1024,5,101,98258.416,220248.000,true
baseline,1,named_in_256,5,372,38529.570,90712.000,true
baseline,1,positional_select_expressions,5,8677,3379.013,2728.000,true
baseline,1,raw_derived,5,1509,10625.249,15848.000,true
baseline,1,named_dialect_Microsoft_SQL_Server,5,6611,1950.567,4320.000,true
baseline,1,positional_join_on,5,7898,2013.155,3832.000,true
baseline,1,raw_insert_placeholders,5,11356,723.582,1944.000,true
baseline,1,positional_in_expression,5,4773,5794.972,9760.000,true
baseline,1,mybatis_naming_KEBAB_CASE,5,1841,8589.136,8984.000,true
baseline,1,mybatis_raw_expression,5,7782,2251.234,2624.000,true
baseline,1,raw_condition_only,5,1892,6288.848,7816.000,true
baseline,1,raw_select_entity,5,18252,1018.321,2000.000,true
baseline,1,positional_where_16,5,4610,6468.959,5888.000,true
baseline,1,positional_batch_beans,5,2606,4921.604,10464.000,true
baseline,1,mybatis_nested,5,7084,1897.177,3416.000,true
baseline,1,positional_late_modifier,5,25231,1073.901,2360.000,true
baseline,1,named_where_128,5,282,54543.262,71280.000,true
baseline,1,positional_where_128,5,612,37821.242,32808.000,true
baseline,1,positional_update_map,5,19265,1261.972,3024.000,true
baseline,1,raw_group_order,5,2822,3819.029,6432.000,true
baseline,1,raw_naming_CAMEL_CASE,5,2405,5123.950,7880.000,true
baseline,1,mybatis_in_1024,5,203,157587.685,256896.000,true
baseline,1,custom_handler_union,5,985,12989.137,16536.000,true
baseline,1,named_batch_beans,5,1897,11968.266,26064.000,true
baseline,1,named_insert_entity,5,6719,1560.158,2760.000,true
baseline,1,mybatis_select_expressions,5,7678,3243.905,2728.000,true
baseline,1,positional_union_builder,5,3555,7714.459,9768.000,true
baseline,1,named_select_columns,5,25010,1166.593,1952.000,true
baseline,1,raw_naming_SCREAMING_SNAKE_CASE,5,1726,8164.311,8856.000,true
baseline,1,positional_join_using,5,16228,1514.925,3056.000,true
baseline,1,named_group_order,5,4430,5211.084,7688.000,true
baseline,1,named_mixed_literals,5,9989,1813.885,3768.000,true
baseline,1,named_in_1024,5,105,171972.381,353216.000,true
baseline,1,raw_in_16,5,6189,2912.248,5600.000,true
baseline,1,positional_derived,5,1758,11623.208,15296.000,true
baseline,1,raw_retry_rollback,5,2736,5431.871,6376.000,true
baseline,1,raw_where_16,5,3559,7511.295,8840.000,true
baseline,1,mybatis_late_modifier,5,14061,996.067,2656.000,true
baseline,1,named_in_17,5,4525,3260.221,7888.000,true
baseline,1,raw_join_on,5,9922,3300.988,3952.000,true
baseline,1,named_where_16,5,2148,11598.883,10584.000,true
baseline,1,raw_select_star,5,69286,541.049,1424.000,true
baseline,1,positional_naming_UPPER_CAMEL_CASE,5,1440,5269.306,5888.000,true
baseline,1,raw_select_expressions,5,4449,3496.291,2728.000,true
baseline,1,mybatis_join_on,5,10530,2980.741,4128.000,true
baseline,1,raw_select_columns,5,19406,1586.947,1952.000,true
baseline,1,mybatis_row_in,5,7894,2594.477,3608.000,true
baseline,1,positional_naming_NO_CHANGE,5,2704,5992.678,4928.000,true
baseline,1,mybatis_retry_rollback,5,3306,7970.599,7568.000,true
baseline,1,raw_in_17,5,5903,2769.321,5816.000,true
baseline,1,mybatis_select_star,5,61715,406.282,1424.000,true
baseline,1,positional_batch_4,5,2984,3063.070,5968.000,true
baseline,1,mybatis_select_entity,5,34398,892.558,2000.000,true
baseline,1,raw_naming_KEBAB_CASE,5,2907,7177.331,8840.000,true
baseline,1,mybatis_insert_entity,5,6811,1016.224,2456.000,true
baseline,1,positional_dialect_Oracle,5,8833,1436.635,3496.000,true
baseline,1,mybatis_where_128,5,373,55472.118,58208.000,true
baseline,1,positional_row_in,5,22021,1137.046,2624.000,true
baseline,1,named_naming_CAMEL_CASE,5,2111,8287.257,9624.000,true
baseline,1,raw_delete,5,26608,857.509,1624.000,true
baseline,1,raw_batch_beans,5,1634,11080.477,16896.000,false
baseline,1,mybatis_where_eq,5,13269,1668.596,2960.000,true
baseline,1,mybatis_batch_64,5,512,50063.672,118896.000,true
baseline,1,raw_repeated_names,5,485,36832.990,53896.000,true
baseline,1,positional_update_chain_16,5,2081,10433.109,22360.000,true
baseline,1,mybatis_in_256,5,543,38116.759,66616.000,true
baseline,1,mybatis_batch_beans,5,766,11394.909,22080.000,true
baseline,1,named_delete,5,38640,949.405,1960.000,true
baseline,1,mybatis_in_16,5,4173,3766.020,6128.000,true
baseline,1,mybatis_batch_4,5,6411,5036.547,8784.000,true
baseline,1,positional_naming_SCREAMING_SNAKE_CASE,5,2435,5887.433,5904.000,true
baseline,1,mybatis_naming_SCREAMING_SNAKE_CASE,5,1278,6653.599,9000.000,true
baseline,1,named_dialect_DB2,5,4508,2552.329,4320.000,true
baseline,1,raw_batch_4,5,4027,4292.600,7584.000,false
baseline,1,positional_union_raw,5,6325,5909.708,5200.000,true
baseline,1,raw_raw_expression,5,5998,3011.487,2624.000,true
baseline,1,mybatis_group_order,5,3641,6853.667,7264.000,true
baseline,1,positional_in_16,5,17392,1620.647,2656.000,true
baseline,1,named_subquery_structured,5,7635,2268.081,5488.000,true
baseline,1,named_in_16,5,5034,3644.279,7600.000,true
baseline,1,named_join_using,5,19465,1839.589,3512.000,true
baseline,1,mybatis_repeated_names,5,638,27896.082,52872.000,true
baseline,1,named_raw_expression,5,13495,1845.928,2624.000,true
baseline,1,named_late_modifier,5,13389,961.655,2816.000,true
baseline,1,positional_raw_expression,5,12553,2627.491,2624.000,true
baseline,1,raw_insert_entity,5,10341,872.246,2176.000,false
baseline,1,positional_naming_CAMEL_CASE,5,2985,4249.146,4928.000,true
baseline,1,raw_update_map,5,8495,1702.272,3592.000,false
baseline,1,named_derived,5,2044,14242.857,17800.000,true
baseline,1,positional_subquery_raw,5,22949,788.374,2272.000,true
baseline,1,named_nested,5,3965,2621.992,3648.000,true
baseline,1,mybatis_delete,5,43406,615.477,1808.000,true
baseline,1,named_naming_SCREAMING_SNAKE_CASE,5,1501,6920.320,10600.000,true
baseline,1,named_naming_UPPER_CAMEL_CASE,5,1647,7170.431,10584.000,true
baseline,1,raw_where_128,5,330,44918.485,56496.000,true
baseline,1,raw_between,5,6155,1393.193,3384.000,true
baseline,1,named_naming_KEBAB_CASE,5,1926,6886.708,10584.000,true
baseline,1,raw_batch_64,5,456,37145.395,97344.000,false
baseline,1,mybatis_insert_values,5,6971,1572.156,2744.000,true
baseline,1,positional_in_17,5,17264,1459.928,2672.000,true
baseline,1,positional_group_order,5,6503,4122.190,6336.000,true
baseline,1,positional_where_eq,5,16506,1118.411,2664.000,true
baseline,1,raw_pagination,5,11437,1402.842,3400.000,true
baseline,1,positional_delete,5,51380,611.460,1504.000,true
baseline,1,positional_pagination,5,12847,1569.510,3288.000,true
baseline,1,named_union_raw,5,4798,3999.729,5200.000,true
baseline,1,mybatis_update_chain_16,5,781,30771.831,39936.000,true
baseline,1,named_batch_4,5,3752,3691.418,9736.000,true
baseline,1,named_dialect_Oracle,5,8340,1472.806,4272.000,true
baseline,1,named_row_in,5,1464,2229.440,4016.000,true
baseline,1,raw_where_eq,5,19517,1714.475,2784.000,true
baseline,1,mybatis_union_builder,5,1384,18821.026,16648.000,true
baseline,1,positional_insert_placeholders,5,18189,879.526,1944.000,true
baseline,1,positional_select_entity,5,34479,838.737,2000.000,true
baseline,1,named_naming_NO_CHANGE,5,2245,7125.791,9624.000,true
baseline,1,raw_in_256,6,616,32894.481,56640.000,true
baseline,1,mybatis_naming_CAMEL_CASE,6,2539,8863.647,8024.000,true
baseline,1,named_condition_only,6,2588,9021.484,9560.000,true
baseline,1,named_in_1024,6,105,189699.048,353216.000,true
baseline,1,mybatis_union_builder,6,1384,16004.263,16648.000,true
baseline,1,positional_row_in,6,22021,1831.815,2624.000,true
baseline,1,positional_where_128,6,612,61016.013,32808.000,true
baseline,1,mybatis_nested,6,7084,2574.449,3416.000,true
baseline,1,mybatis_retry_rollback,6,3306,8178.070,7568.000,true
baseline,1,positional_dialect_MySQL,6,10440,1723.716,3360.000,true
baseline,1,positional_select_entity,6,34479,1099.893,2000.000,true
baseline,1,raw_batch_4,6,4027,4193.295,7584.000,false
baseline,1,mybatis_naming_UPPER_CAMEL_CASE,6,2741,10693.907,8984.000,true
baseline,1,positional_insert_placeholders,6,18189,1148.353,1944.000,true
baseline,1,positional_in_expression,6,4773,6958.014,9760.000,true
baseline,1,mybatis_pagination,6,14496,1544.509,3808.000,true
baseline,1,named_in_16,6,5034,2982.936,7600.000,true
baseline,1,raw_pagination,6,11437,1684.629,3400.000,true
baseline,1,raw_batch_64,6,456,36060.526,97344.000,false
baseline,1,positional_where_eq,6,16506,1454.938,2664.000,true
baseline,1,positional_naming_UPPER_CAMEL_CASE,6,1440,7074.236,5888.000,true
baseline,1,raw_derived,6,1509,13078.661,15848.000,true
baseline,1,named_row_in,6,1464,2454.918,4016.000,true
baseline,1,positional_subquery_raw,6,22949,1060.347,2272.000,true
baseline,1,positional_delete,6,51380,518.040,1504.000,true
baseline,1,raw_subquery_structured,6,7152,2558.837,4616.000,true
baseline,1,positional_dialect_Oracle,6,8833,1935.616,3496.000,true
baseline,1,positional_in_256,6,5699,6211.756,9576.000,true
baseline,1,mybatis_delete,6,43406,796.291,1808.000,true
baseline,1,positional_select_expressions,6,8677,2516.319,2728.000,true
baseline,1,named_between,6,4140,1896.377,3800.000,true
baseline,1,named_join_on,6,7524,2826.223,4288.000,true
baseline,1,named_dialect_PostgreSQL,6,8530,1806.366,4144.000,true
baseline,1,mybatis_group_order,6,3641,6059.517,7264.000,true
baseline,1,positional_dialect_DB2,6,10470,1368.959,3544.000,true
baseline,1,positional_mixed_literals,6,17666,2041.792,2800.000,true
baseline,1,mybatis_insert_entity,6,6811,1743.430,2456.000,true
baseline,1,raw_join_on,6,9922,3014.765,3952.000,true
baseline,1,mybatis_update_map,6,5843,2311.261,4200.000,true
baseline,1,raw_naming_SCREAMING_SNAKE_CASE,6,1726,7097.914,8856.000,true
baseline,1,mybatis_condition_only,6,2012,9046.173,7960.000,true
baseline,1,named_union_builder,6,1068,15111.330,17272.000,true
baseline,1,mybatis_update_chain_16,6,781,19677.721,39936.000,true
baseline,1,positional_naming_CAMEL_CASE,6,2985,6028.007,4928.000,true
baseline,1,raw_where_16,6,3559,9662.799,8840.000,true
baseline,1,mybatis_naming_SCREAMING_SNAKE_CASE,6,1278,11785.524,9000.000,true
baseline,1,raw_naming_UPPER_CAMEL_CASE,6,2530,8836.640,8840.000,true
baseline,1,raw_repeated_names,6,485,33102.268,53896.000,true
baseline,1,positional_update_map,6,19265,1575.069,3024.000,true
baseline,1,positional_naming_NO_CHANGE,6,2704,5192.936,4928.000,true
baseline,1,named_where_16,6,2148,10611.173,10584.000,true
baseline,1,mybatis_union_raw,6,4975,5190.211,5200.000,true
baseline,1,positional_derived,6,1758,15945.677,15296.000,true
baseline,1,named_naming_NO_CHANGE,6,2245,9686.281,9624.000,true
baseline,1,named_join_using,6,19465,2151.076,3512.000,true
baseline,1,named_naming_SCREAMING_SNAKE_CASE,6,1501,13809.460,10600.000,true
baseline,1,positional_batch_64,6,226,44439.381,72176.000,true
baseline,1,positional_join_on,6,7898,3165.827,3832.000,true
baseline,1,raw_select_star,6,69286,538.716,1424.000,true
baseline,1,named_delete,6,38640,783.370,1960.000,true
baseline,1,positional_repeated_names,6,1276,23531.740,30360.000,true
baseline,1,positional_late_modifier,6,25231,1181.761,2360.000,true
baseline,1,raw_union_builder,6,2063,8907.659,10160.000,true
baseline,1,named_retry_rollback,6,4744,5829.363,8264.000,true
baseline,1,named_dialect_DB2,6,4508,2643.434,4320.000,true
baseline,1,raw_mixed_literals,6,7025,3383.459,3192.000,true
baseline,1,positional_naming_KEBAB_CASE,6,2915,7164.220,5888.000,true
baseline,1,mybatis_subquery_raw,6,13159,1108.526,2272.000,true
baseline,1,positional_in_1024,6,1670,21401.916,28504.000,true
baseline,1,raw_naming_NO_CHANGE,6,4470,5642.461,7880.000,true
baseline,1,named_in_expression,6,452,42974.115,90680.000,true
baseline,1,named_select_entity,6,31408,911.195,2000.000,true
baseline,1,mybatis_in_expression,6,725,27278.207,66656.000,true
baseline,1,mybatis_batch_beans,6,766,9734.204,22080.000,true
baseline,1,positional_in_16,6,17392,1546.067,2656.000,true
baseline,1,mybatis_in_256,6,543,36905.525,66616.000,true
baseline,1,mybatis_in_16,6,4173,3132.183,6128.000,true
baseline,1,mybatis_join_using,6,12627,1857.187,3352.000,true
baseline,1,positional_between,6,11816,1404.934,3056.000,true
baseline,1,named_late_modifier,6,13389,1256.584,2816.000,true
baseline,1,raw_insert_entity,6,10341,1806.808,2176.000,false
baseline,1,mybatis_select_expressions,6,7678,3629.057,2728.000,true
baseline,1,mybatis_batch_64,6,512,42204.883,118896.000,true
baseline,1,named_in_17,6,4525,2866.652,7888.000,true
baseline,1,raw_in_1024,6,101,128763.366,220248.000,true
baseline,1,named_subquery_structured,6,7635,3605.449,5488.000,true
baseline,1,mybatis_subquery_structured,6,9173,3188.924,5232.000,true
baseline,1,named_batch_64,6,519,50000.963,134912.000,true
baseline,1,named_union_raw,6,4798,5335.640,5200.000,true
baseline,1,positional_update_chain_16,6,2081,12340.750,22360.000,true
baseline,1,raw_where_128,6,330,72653.030,56496.000,true
baseline,1,named_dialect_MySQL,6,8315,2640.108,4144.000,true
baseline,1,named_batch_4,6,3752,4827.745,9736.000,true
baseline,1,positional_where_16,6,4610,6641.258,5888.000,true
baseline,1,named_select_star,6,65576,480.508,1424.000,true
baseline,1,mybatis_late_modifier,6,14061,1295.313,2656.000,true
baseline,1,mybatis_row_in,6,7894,2487.953,3608.000,true
baseline,1,named_naming_CAMEL_CASE,6,2111,9958.503,9624.000,true
baseline,1,raw_update_chain_16,6,1083,16555.863,25448.000,true
baseline,1,raw_in_16,6,6189,2454.112,5600.000,true
baseline,1,mybatis_join_on,6,10530,2314.891,4128.000,true
baseline,1,named_subquery_raw,6,15854,1042.570,2272.000,true
baseline,1,mybatis_insert_placeholders,6,14740,1637.368,2584.000,true
baseline,1,raw_row_in,6,7739,1604.174,3136.000,true
baseline,1,named_repeated_names,6,488,51660.861,64920.000,true
baseline,1,mybatis_raw_expression,6,7782,2723.169,2624.000,true
baseline,1,mybatis_between,6,11085,2714.145,3544.000,true
baseline,1,raw_select_expressions,6,4449,4144.662,2728.000,true
baseline,1,raw_in_expression,6,404,32510.644,56616.000,true
baseline,1,named_derived,6,2044,19727.789,17800.000,true
baseline,1,positional_dialect_PostgreSQL,6,8345,2222.169,3360.000,true
baseline,1,mybatis_select_star,6,61715,505.783,1424.000,true
baseline,1,positional_condition_only,6,5606,6753.889,4872.000,true
baseline,1,mybatis_repeated_names,6,638,47120.690,52872.000,true
baseline,1,raw_subquery_raw,6,9113,1472.205,2272.000,true
baseline,1,raw_where_eq,6,19517,1595.645,2784.000,true
baseline,1,raw_batch_beans,6,1634,10804.345,16896.000,false
baseline,1,named_insert_placeholders,6,6581,1616.335,2888.000,true
baseline,1,named_insert_entity,6,6719,1485.206,2760.000,true
baseline,1,mybatis_select_entity,6,34398,1077.964,2000.000,true
baseline,1,raw_update_map,6,8495,2374.185,3592.000,false
baseline,1,positional_insert_entity,6,33183,1092.478,1816.000,true
baseline,1,named_where_128,6,282,75459.574,71280.000,true
baseline,1,positional_batch_4,6,2984,2966.957,5968.000,true
baseline,1,positional_batch_beans,6,2606,7187.913,10464.000,true
baseline,1,named_naming_KEBAB_CASE,6,1926,15675.701,10584.000,true
baseline,1,named_in_256,6,372,51014.516,90712.000,true
baseline,1,named_dialect_Microsoft_SQL_Server,6,6611,2611.148,4320.000,true
baseline,1,mybatis_where_eq,6,13269,1725.330,2960.000,true
baseline,1,raw_late_modifier,6,16004,1221.357,2480.000,true
baseline,1,raw_select_columns,6,19406,1524.807,1952.000,true
baseline,1,raw_naming_KEBAB_CASE,6,2907,9138.768,8840.000,true
baseline,1,mybatis_where_128,6,373,79524.397,58208.000,true
baseline,1,custom_handler_where,6,1563,10160.461,10616.000,true
baseline,1,raw_naming_CAMEL_CASE,6,2405,6559.335,7880.000,true
baseline,1,positional_naming_SCREAMING_SNAKE_CASE,6,2435,8291.335,5904.000,true
baseline,1,raw_in_17,6,5903,3252.177,5816.000,true
baseline,1,named_mixed_literals,6,9989,2370.848,3768.000,true
baseline,1,raw_select_entity,6,18252,998.455,2000.000,true
baseline,1,raw_nested,6,6649,3019.236,3280.000,true
baseline,1,mybatis_batch_4,6,6411,5209.546,8784.000,true
baseline,1,named_batch_beans,6,1897,13566.104,26064.000,true
baseline,1,positional_in_17,6,17264,1651.761,2672.000,true
baseline,1,mybatis_where_16,6,2434,9333.813,8984.000,true
baseline,1,raw_raw_expression,6,5998,2465.822,2624.000,true
baseline,1,raw_group_order,6,2822,4500.709,6432.000,true
baseline,1,mybatis_insert_values,6,6971,1511.677,2744.000,true
baseline,1,mybatis_naming_NO_CHANGE,6,4315,6279.838,8024.000,true
baseline,1,named_select_expressions,6,7191,2448.825,2728.000,true
baseline,1,raw_join_using,6,17557,1173.202,3176.000,true
baseline,1,positional_nested,6,16618,2055.193,2952.000,true
baseline,1,named_dialect_Oracle,6,8340,2421.547,4272.000,true
baseline,1,positional_join_using,6,16228,1578.365,3056.000,true
baseline,1,named_update_chain_16,6,943,32818.664,47000.000,true
baseline,1,positional_pagination,6,12847,1556.106,3288.000,true
baseline,1,raw_delete,6,26608,527.387,1624.000,true
baseline,1,mybatis_select_columns,6,21766,910.985,1952.000,true
baseline,1,raw_insert_values,6,6253,1673.980,2464.000,false
baseline,1,positional_select_columns,6,24393,1081.339,1952.000,true
baseline,1,positional_subquery_structured,6,11597,1636.716,4704.000,true
baseline,1,named_insert_values,6,15486,1304.552,3048.000,true
baseline,1,positional_insert_values,6,27051,931.393,2104.000,true
baseline,1,mybatis_derived,6,759,14705.534,17144.000,true
baseline,1,named_select_columns,6,25010,943.251,1952.000,true
baseline,1,positional_select_star,6,78049,341.807,1424.000,true
baseline,1,positional_raw_expression,6,12553,1760.846,2624.000,true
baseline,1,custom_handler_union,6,985,12153.401,16536.000,true
baseline,1,positional_group_order,6,6503,4151.484,6336.000,true
baseline,1,named_where_eq,6,9732,1128.648,3120.000,true
baseline,1,named_nested,6,3965,1832.156,3648.000,true
baseline,1,mybatis_in_1024,6,203,108007.389,256896.000,true
baseline,1,positional_union_builder,6,3555,6329.508,9768.000,true
baseline,1,named_raw_expression,6,13495,1794.227,2624.000,true
baseline,1,named_group_order,6,4430,4399.458,7688.000,true
baseline,1,positional_dialect_Microsoft_SQL_Server,6,7077,1518.073,3544.000,true
baseline,1,raw_condition_only,6,1892,5423.996,7816.000,true
baseline,1,named_pagination,6,14893,1437.675,4072.000,true
baseline,1,named_naming_UPPER_CAMEL_CASE,6,1647,6747.541,10584.000,true
baseline,1,mybatis_mixed_literals,6,9367,1603.107,3432.000,true
baseline,1,raw_between,6,6155,1516.799,3384.000,true
baseline,1,named_update_map,6,6031,1932.515,4752.000,true
baseline,1,mybatis_in_17,6,7220,2175.208,6344.000,true
baseline,1,raw_union_raw,6,3682,3803.069,5200.000,true
baseline,1,mybatis_naming_KEBAB_CASE,6,1841,6150.679,8984.000,true
baseline,1,positional_retry_rollback,6,6997,3779.520,5872.000,true
baseline,1,raw_insert_placeholders,6,11356,779.958,1944.000,true
baseline,1,raw_retry_rollback,6,2736,3723.319,6376.000,true
baseline,1,positional_union_raw,6,6325,3643.794,5200.000,true
baseline,1,raw_update_map,7,8495,1592.007,3592.000,false
baseline,1,mybatis_naming_CAMEL_CASE,7,2539,5035.605,8024.000,true
baseline,1,positional_update_map,7,19265,1166.774,3024.000,true
baseline,1,positional_dialect_MySQL,7,10440,1138.170,3360.000,true
baseline,1,mybatis_union_builder,7,1384,12677.673,16648.000,true
baseline,1,named_in_expression,7,452,30561.283,90680.000,true
baseline,1,named_join_using,7,19465,1166.807,3512.000,true
baseline,1,named_select_expressions,7,7191,2359.755,2728.000,true
baseline,1,mybatis_raw_expression,7,7782,1947.134,2624.000,true
baseline,1,positional_select_columns,7,24393,1013.012,1952.000,true
baseline,1,positional_where_16,7,4610,5062.451,5888.000,true
baseline,1,positional_in_256,7,5699,4658.396,9576.000,true
baseline,1,positional_delete,7,51380,365.090,1504.000,true
baseline,1,named_naming_NO_CHANGE,7,2245,5150.690,9624.000,true
baseline,1,raw_where_16,7,3559,6122.422,8840.000,true
baseline,1,mybatis_retry_rollback,7,3306,4308.348,7568.000,true
baseline,1,mybatis_where_128,7,373,48405.898,58208.000,true
baseline,1,positional_between,7,11816,1292.079,3056.000,true
baseline,1,raw_nested,7,6649,1529.764,3280.000,true
baseline,1,raw_row_in,7,7739,1276.870,3136.000,true
baseline,1,named_select_columns,7,25010,939.376,1952.000,true
baseline,1,positional_group_order,7,6503,4809.457,6336.000,true
baseline,1,raw_insert_entity,7,10341,1033.875,2176.000,false
baseline,1,named_late_modifier,7,13389,835.955,2816.000,true
baseline,1,raw_in_1024,7,101,87220.792,220248.000,true
baseline,1,positional_late_modifier,7,25231,764.865,2360.000,true
baseline,1,mybatis_row_in,7,7894,1681.429,3608.000,true
baseline,1,raw_select_expressions,7,4449,3657.541,2728.000,true
baseline,1,raw_in_17,7,5903,2983.788,5816.000,true
baseline,1,mybatis_join_on,7,10530,3215.461,4128.000,true
baseline,1,named_row_in,7,1464,2561.066,4016.000,true
baseline,1,positional_pagination,7,12847,1479.645,3288.000,true
baseline,1,mybatis_mixed_literals,7,9367,1707.121,3432.000,true
baseline,1,positional_where_eq,7,16506,997.153,2664.000,true
baseline,1,raw_select_columns,7,19406,948.660,1952.000,true
baseline,1,mybatis_in_expression,7,725,23432.000,66656.000,true
baseline,1,mybatis_group_order,7,3641,4879.676,7264.000,true
baseline,1,named_insert_values,7,15486,1256.251,3048.000,true
baseline,1,positional_naming_CAMEL_CASE,7,2985,3700.972,4928.000,true
baseline,1,positional_insert_placeholders,7,18189,986.789,1944.000,true
baseline,1,positional_raw_expression,7,12553,1664.351,2624.000,true
baseline,1,mybatis_condition_only,7,2012,6086.083,7960.000,true
baseline,1,raw_subquery_raw,7,9113,763.371,2272.000,true
baseline,1,positional_batch_4,7,2984,2099.430,5968.000,true
baseline,1,positional_row_in,7,22021,1262.000,2624.000,true
baseline,1,raw_insert_values,7,6253,1127.171,2464.000,false
baseline,1,named_batch_beans,7,1897,8820.401,26064.000,true
baseline,1,named_nested,7,3965,1704.615,3648.000,true
baseline,1,positional_in_17,7,17264,926.286,2672.000,true
baseline,1,named_select_star,7,65576,323.646,1424.000,true
baseline,1,named_naming_SCREAMING_SNAKE_CASE,7,1501,6123.051,10600.000,true
baseline,1,mybatis_union_raw,7,4975,3483.578,5200.000,true
baseline,1,positional_retry_rollback,7,6997,3423.596,5872.000,true
baseline,1,mybatis_late_modifier,7,14061,826.982,2656.000,true
baseline,1,raw_update_chain_16,7,1083,7990.305,25448.000,true
baseline,1,mybatis_where_16,7,2434,6310.107,8984.000,true
baseline,1,positional_naming_UPPER_CAMEL_CASE,7,1440,4715.347,5888.000,true
baseline,1,raw_delete,7,26608,424.729,1624.000,true
baseline,1,named_insert_entity,7,6719,1118.425,2760.000,true
baseline,1,mybatis_naming_UPPER_CAMEL_CASE,7,2741,6333.017,8984.000,true
baseline,1,positional_select_expressions,7,8677,2184.626,2728.000,true
baseline,1,mybatis_select_star,7,61715,330.169,1424.000,true
baseline,1,raw_pagination,7,11437,1253.467,3400.000,true
baseline,1,positional_naming_SCREAMING_SNAKE_CASE,7,2435,4940.986,5904.000,true
baseline,1,named_between,7,4140,1551.135,3800.000,true
baseline,1,mybatis_select_expressions,7,7678,2599.492,2728.000,true
baseline,1,raw_batch_4,7,4027,3086.417,7584.000,false
baseline,1,mybatis_update_chain_16,7,781,18959.283,39936.000,true
baseline,1,named_where_16,7,2148,7158.845,10584.000,true
baseline,1,raw_late_modifier,7,16004,840.640,2480.000,true
baseline,1,mybatis_repeated_names,7,638,29265.047,52872.000,true
baseline,1,raw_naming_KEBAB_CASE,7,2907,6045.752,8840.000,true
baseline,1,mybatis_pagination,7,14496,1405.602,3808.000,true
baseline,1,raw_naming_UPPER_CAMEL_CASE,7,2530,6136.877,8840.000,true
baseline,1,positional_dialect_Oracle,7,8833,1206.781,3496.000,true
baseline,1,mybatis_update_map,7,5843,1830.823,4200.000,true
baseline,1,named_naming_UPPER_CAMEL_CASE,7,1647,6413.418,10584.000,true
baseline,1,positional_select_entity,7,34479,646.823,2000.000,true
baseline,1,named_subquery_raw,7,15854,687.252,2272.000,true
baseline,1,named_naming_KEBAB_CASE,7,1926,6176.376,10584.000,true
baseline,1,mybatis_select_entity,7,34398,600.884,2000.000,true
baseline,1,positional_dialect_PostgreSQL,7,8345,1354.679,3360.000,true
baseline,1,positional_repeated_names,7,1276,16847.649,30360.000,true
baseline,1,mybatis_naming_KEBAB_CASE,7,1841,5903.476,8984.000,true
baseline,1,raw_subquery_structured,7,7152,1588.129,4616.000,true
baseline,1,raw_group_order,7,2822,3373.955,6432.000,true
baseline,1,positional_in_16,7,17392,975.132,2656.000,true
baseline,1,mybatis_where_eq,7,13269,1058.045,2960.000,true
baseline,1,named_dialect_Microsoft_SQL_Server,7,6611,1654.213,4320.000,true
baseline,1,positional_mixed_literals,7,17666,1493.530,2800.000,true
baseline,1,mybatis_between,7,11085,1422.291,3544.000,true
baseline,1,named_dialect_DB2,7,4508,1450.421,4320.000,true
baseline,1,named_in_17,7,4525,2214.608,7888.000,true
baseline,1,mybatis_in_1024,7,203,95324.138,256896.000,true
baseline,1,raw_between,7,6155,1338.002,3384.000,true
baseline,1,mybatis_subquery_structured,7,9173,1886.155,5232.000,true
baseline,1,named_repeated_names,7,488,27591.393,64920.000,true
baseline,1,raw_join_using,7,17557,1048.408,3176.000,true
baseline,1,named_group_order,7,4430,4019.368,7688.000,true
baseline,1,mybatis_derived,7,759,17898.155,17144.000,true
baseline,1,named_in_256,7,372,46700.806,90712.000,true
baseline,1,named_where_128,7,282,70387.943,71280.000,true
baseline,1,raw_in_256,7,616,29445.942,56640.000,true
baseline,1,positional_insert_entity,7,33183,734.451,1816.000,true
baseline,1,positional_derived,7,1758,11130.148,15296.000,true
baseline,1,raw_naming_SCREAMING_SNAKE_CASE,7,1726,5559.965,8856.000,true
baseline,1,raw_naming_CAMEL_CASE,7,2405,4399.127,7880.000,true
baseline,1,raw_batch_64,7,456,31534.211,97344.000,false
baseline,1,mybatis_join_using,7,12627,993.458,3352.000,true
baseline,1,raw_in_expression,7,404,21649.257,56616.000,true
baseline,1,mybatis_naming_SCREAMING_SNAKE_CASE,7,1278,6526.135,9000.000,true
baseline,1,raw_repeated_names,7,485,24617.320,53896.000,true
baseline,1,positional_condition_only,7,5606,3978.059,4872.000,true
baseline,1,positional_naming_KEBAB_CASE,7,2915,4929.537,5888.000,true
baseline,1,positional_select_star,7,78049,339.698,1424.000,true
baseline,1,named_in_16,7,5034,2326.599,7600.000,true
baseline,1,raw_union_raw,7,3682,3764.259,5200.000,true
baseline,1,named_retry_rollback,7,4744,4642.327,8264.000,true
baseline,1,named_update_chain_16,7,943,17515.164,47000.000,true
baseline,1,mybatis_insert_values,7,6971,1127.414,2744.000,true
baseline,1,mybatis_insert_placeholders,7,14740,1086.221,2584.000,true
baseline,1,positional_join_on,7,7898,1688.567,3832.000,true
baseline,1,named_where_eq,7,9732,1090.988,3120.000,true
baseline,1,mybatis_nested,7,7084,1571.725,3416.000,true
baseline,1,named_dialect_PostgreSQL,7,8530,1392.239,4144.000,true
baseline,1,custom_handler_where,7,1563,6352.719,10616.000,true
baseline,1,positional_union_raw,7,6325,3695.668,5200.000,true
baseline,1,raw_where_128,7,330,42182.424,56496.000,true
baseline,1,named_batch_64,7,519,41596.917,134912.000,true
baseline,1,positional_update_chain_16,7,2081,6657.088,22360.000,true
baseline,1,named_pagination,7,14893,1394.078,4072.000,true
baseline,1,raw_retry_rollback,7,2736,3511.550,6376.000,true
baseline,1,mybatis_batch_64,7,512,36149.023,118896.000,true
baseline,1,mybatis_insert_entity,7,6811,943.063,2456.000,true
baseline,1,raw_join_on,7,9922,1883.935,3952.000,true
baseline,1,custom_handler_union,7,985,11231.472,16536.000,true
baseline,1,named_dialect_Oracle,7,8340,1585.791,4272.000,true
baseline,1,raw_batch_beans,7,1634,7024.235,16896.000,false
baseline,1,mybatis_in_256,7,543,22777.716,66616.000,true
baseline,1,named_delete,7,38640,488.595,1960.000,true
baseline,1,raw_insert_placeholders,7,11356,815.736,1944.000,true
baseline,1,raw_where_eq,7,19517,1109.966,2784.000,true
baseline,1,raw_condition_only,7,1892,5346.882,7816.000,true
baseline,1,positional_insert_values,7,27051,873.114,2104.000,true
baseline,1,named_in_1024,7,105,135500.000,353216.000,true
baseline,1,positional_union_builder,7,3555,5771.505,9768.000,true
baseline,1,raw_naming_NO_CHANGE,7,4470,4543.557,7880.000,true
baseline,1,named_mixed_literals,7,9989,1592.882,3768.000,true
baseline,1,positional_dialect_Microsoft_SQL_Server,7,7077,1351.929,3544.000,true
baseline,1,raw_select_entity,7,18252,662.678,2000.000,true
baseline,1,named_naming_CAMEL_CASE,7,2111,4884.131,9624.000,true
baseline,1,positional_subquery_raw,7,22949,699.895,2272.000,true
baseline,1,mybatis_naming_NO_CHANGE,7,4315,4710.637,8024.000,true
baseline,1,named_insert_placeholders,7,6581,1019.085,2888.000,true
baseline,1,named_subquery_structured,7,7635,2028.828,5488.000,true
baseline,1,positional_subquery_structured,7,11597,1550.168,4704.000,true
baseline,1,raw_raw_expression,7,5998,1628.259,2624.000,true
baseline,1,raw_union_builder,7,2063,5685.264,10160.000,true
baseline,1,mybatis_delete,7,43406,443.512,1808.000,true
baseline,1,mybatis_batch_4,7,6411,3026.735,8784.000,true
baseline,1,named_union_builder,7,1068,10959.738,17272.000,true
baseline,1,named_derived,7,2044,11692.368,17800.000,true
baseline,1,mybatis_subquery_raw,7,13159,702.538,2272.000,true
baseline,1,positional_naming_NO_CHANGE,7,2704,3464.608,4928.000,true
baseline,1,positional_nested,7,16618,1382.104,2952.000,true
baseline,1,mybatis_in_16,7,4173,2032.782,6128.000,true
baseline,1,named_select_entity,7,31408,614.471,2000.000,true
baseline,1,mybatis_batch_beans,7,766,8412.402,22080.000,true
baseline,1,positional_batch_beans,7,2606,4081.504,10464.000,true
baseline,1,named_join_on,7,7524,2121.518,4288.000,true
baseline,1,named_dialect_MySQL,7,8315,1474.047,4144.000,true
baseline,1,named_union_raw,7,4798,3766.590,5200.000,true
baseline,1,positional_in_1024,7,1670,14948.383,28504.000,true
baseline,1,named_batch_4,7,3752,3790.032,9736.000,true
baseline,1,positional_in_expression,7,4773,5813.325,9760.000,true
baseline,1,positional_batch_64,7,226,28595.133,72176.000,true
baseline,1,named_raw_expression,7,13495,2149.411,2624.000,true
baseline,1,mybatis_in_17,7,7220,2570.554,6344.000,true
baseline,1,named_update_map,7,6031,1971.879,4752.000,true
baseline,1,positional_dialect_DB2,7,10470,1237.832,3544.000,true
baseline,1,raw_select_star,7,69286,328.421,1424.000,true
baseline,1,mybatis_select_columns,7,21766,850.092,1952.000,true
baseline,1,positional_where_128,7,612,36159.314,32808.000,true
baseline,1,named_condition_only,7,2588,6834.042,9560.000,true
baseline,1,raw_in_16,7,6189,1798.384,5600.000,true
baseline,1,raw_derived,7,1509,10072.233,15848.000,true
baseline,1,raw_mixed_literals,7,7025,1861.737,3192.000,true
baseline,1,positional_join_using,7,16228,948.546,3056.000,true
baseline,1,raw_insert_entity,8,10341,1411.382,2176.000,false
baseline,1,named_update_chain_16,8,943,17108.590,47000.000,true
baseline,1,positional_condition_only,8,5606,4269.693,4872.000,true
baseline,1,raw_in_17,8,5903,1870.574,5816.000,true
baseline,1,raw_select_entity,8,18252,599.819,2000.000,true
baseline,1,named_select_star,8,65576,419.528,1424.000,true
baseline,1,raw_retry_rollback,8,2736,3472.295,6376.000,true
baseline,1,raw_repeated_names,8,485,23568.247,53896.000,true
baseline,1,raw_between,8,6155,1810.999,3384.000,true
baseline,1,positional_derived,8,1758,10863.481,15296.000,true
baseline,1,raw_delete,8,26608,427.285,1624.000,true
baseline,1,mybatis_pagination,8,14496,1340.363,3808.000,true
baseline,1,named_group_order,8,4430,4396.072,7688.000,true
baseline,1,raw_batch_beans,8,1634,7231.518,16896.000,false
baseline,1,positional_dialect_Oracle,8,8833,1296.706,3496.000,true
baseline,1,positional_where_128,8,612,39190.359,32808.000,true
baseline,1,mybatis_subquery_structured,8,9173,1851.684,5232.000,true
baseline,1,positional_naming_NO_CHANGE,8,2704,3536.575,4928.000,true
baseline,1,positional_dialect_Microsoft_SQL_Server,8,7077,1547.181,3544.000,true
baseline,1,named_dialect_MySQL,8,8315,1374.155,4144.000,true
baseline,1,positional_select_entity,8,34479,610.279,2000.000,true
baseline,1,raw_where_eq,8,19517,1073.843,2784.000,true
baseline,1,positional_delete,8,51380,382.351,1504.000,true
baseline,1,mybatis_naming_KEBAB_CASE,8,1841,7982.021,8984.000,true
baseline,1,raw_late_modifier,8,16004,768.433,2480.000,true
baseline,1,mybatis_in_17,8,7220,2168.199,6344.000,true
baseline,1,named_where_16,8,2148,6339.758,10584.000,true
baseline,1,mybatis_insert_placeholders,8,14740,1143.664,2584.000,true
baseline,1,raw_update_map,8,8495,1410.206,3592.000,false
baseline,1,positional_insert_placeholders,8,18189,762.543,1944.000,true
baseline,1,mybatis_union_builder,8,1384,11778.613,16648.000,true
baseline,1,raw_subquery_raw,8,9113,681.686,2272.000,true
baseline,1,mybatis_where_16,8,2434,5873.295,8984.000,true
baseline,1,positional_batch_64,8,226,21712.389,72176.000,true
baseline,1,raw_where_16,8,3559,5495.504,8840.000,true
baseline,1,mybatis_naming_SCREAMING_SNAKE_CASE,8,1278,6147.496,9000.000,true
baseline,1,positional_batch_4,8,2984,2364.109,5968.000,true
baseline,1,named_dialect_PostgreSQL,8,8530,1547.479,4144.000,true
baseline,1,positional_group_order,8,6503,3283.392,6336.000,true
baseline,1,raw_in_1024,8,101,89015.842,220248.000,true
baseline,1,raw_where_128,8,330,42076.667,56496.000,true
baseline,1,positional_naming_SCREAMING_SNAKE_CASE,8,2435,4821.396,5904.000,true
baseline,1,mybatis_update_map,8,5843,1648.674,4200.000,true
baseline,1,named_raw_expression,8,13495,1627.818,2624.000,true
baseline,1,named_where_eq,8,9732,1235.419,3120.000,true
baseline,1,named_condition_only,8,2588,5970.402,9560.000,true
baseline,1,mybatis_late_modifier,8,14061,1085.947,2656.000,true
baseline,1,raw_derived,8,1509,13123.592,15848.000,true
baseline,1,named_in_17,8,4525,3272.155,7888.000,true
baseline,1,named_subquery_raw,8,15854,1026.012,2272.000,true
baseline,1,named_union_builder,8,1068,13335.955,17272.000,true
baseline,1,mybatis_insert_values,8,6971,1382.298,2744.000,true
baseline,1,named_select_columns,8,25010,918.952,1952.000,true
baseline,1,mybatis_derived,8,759,13291.831,17144.000,true
baseline,1,named_repeated_names,8,488,30461.270,64920.000,true
baseline,1,mybatis_batch_beans,8,766,7764.491,22080.000,true
baseline,1,named_late_modifier,8,13389,941.855,2816.000,true
baseline,1,mybatis_select_star,8,61715,339.319,1424.000,true
baseline,1,named_between,8,4140,1493.237,3800.000,true
baseline,1,raw_group_order,8,2822,5173.281,6432.000,true
baseline,1,positional_naming_UPPER_CAMEL_CASE,8,1440,9381.944,5888.000,true
baseline,1,raw_in_256,8,616,33934.903,56640.000,true
baseline,1,positional_in_256,8,5699,8445.745,9576.000,true
baseline,1,positional_where_16,8,4610,5919.262,5888.000,true
baseline,1,raw_subquery_structured,8,7152,2081.614,4616.000,true
baseline,1,mybatis_condition_only,8,2012,5877.783,7960.000,true
baseline,1,positional_update_map,8,19265,1452.941,3024.000,true
baseline,1,raw_select_columns,8,19406,958.935,1952.000,true
baseline,1,mybatis_row_in,8,7894,1665.417,3608.000,true
baseline,1,positional_dialect_DB2,8,10470,1282.416,3544.000,true
baseline,1,raw_union_builder,8,2063,7157.101,10160.000,true
baseline,1,positional_mixed_literals,8,17666,1572.891,2800.000,true
baseline,1,raw_select_expressions,8,4449,2373.095,2728.000,true
baseline,1,mybatis_in_256,8,543,25774.033,66616.000,true
baseline,1,mybatis_union_raw,8,4975,3844.764,5200.000,true
baseline,1,mybatis_where_eq,8,13269,1224.199,2960.000,true
baseline,1,named_insert_entity,8,6719,1038.309,2760.000,true
baseline,1,mybatis_mixed_literals,8,9367,1741.668,3432.000,true
baseline,1,raw_update_chain_16,8,1083,9875.162,25448.000,true
baseline,1,raw_insert_placeholders,8,11356,768.625,1944.000,true
baseline,1,mybatis_in_1024,8,203,111179.803,256896.000,true
baseline,1,named_naming_SCREAMING_SNAKE_CASE,8,1501,7077.881,10600.000,true
baseline,1,raw_batch_4,8,4027,2874.795,7584.000,false
baseline,1,mybatis_select_expressions,8,7678,2310.471,2728.000,true
baseline,1,named_where_128,8,282,52991.135,71280.000,true
baseline,1,mybatis_join_using,8,12627,1055.397,3352.000,true
baseline,1,named_dialect_Microsoft_SQL_Server,8,6611,1835.138,4320.000,true
baseline,1,positional_nested,8,16618,1369.888,2952.000,true
baseline,1,named_in_256,8,372,31407.796,90712.000,true
baseline,1,named_in_16,8,5034,2315.872,7600.000,true
baseline,1,raw_raw_expression,8,5998,1818.339,2624.000,true
baseline,1,mybatis_naming_CAMEL_CASE,8,2539,5368.019,8024.000,true
baseline,1,mybatis_retry_rollback,8,3306,4614.761,7568.000,true
baseline,1,named_insert_values,8,15486,1272.194,3048.000,true
baseline,1,mybatis_select_entity,8,34398,680.932,2000.000,true
baseline,1,mybatis_delete,8,43406,491.667,1808.000,true
baseline,1,positional_insert_entity,8,33183,702.444,1816.000,true
baseline,1,mybatis_subquery_raw,8,13159,752.056,2272.000,true
baseline,1,positional_naming_KEBAB_CASE,8,2915,4907.136,5888.000,true
baseline,1,positional_update_chain_16,8,2081,6993.417,22360.000,true
baseline,1,named_naming_UPPER_CAMEL_CASE,8,1647,6979.964,10584.000,true
baseline,1,mybatis_raw_expression,8,7782,1657.466,2624.000,true
baseline,1,named_in_expression,8,452,29088.938,90680.000,true
baseline,1,named_mixed_literals,8,9989,2036.020,3768.000,true
baseline,1,positional_select_star,8,78049,323.870,1424.000,true
baseline,1,raw_join_on,8,9922,2072.697,3952.000,true
baseline,1,named_delete,8,38640,508.331,1960.000,true
baseline,1,raw_naming_SCREAMING_SNAKE_CASE,8,1726,6592.005,8856.000,true
baseline,1,named_pagination,8,14893,1492.580,4072.000,true
baseline,1,mybatis_batch_4,8,6411,3320.402,8784.000,true
baseline,1,positional_in_expression,8,4773,5658.915,9760.000,true
baseline,1,named_join_using,8,19465,1229.196,3512.000,true
baseline,1,named_select_entity,8,31408,693.938,2000.000,true
baseline,1,raw_batch_64,8,456,29479.825,97344.000,false
baseline,1,raw_row_in,8,7739,1650.368,3136.000,true
baseline,1,raw_in_expression,8,404,19714.604,56616.000,true
baseline,1,raw_insert_values,8,6253,1189.509,2464.000,false
baseline,1,positional_in_17,8,17264,1028.209,2672.000,true
baseline,1,positional_subquery_structured,8,11597,1594.843,4704.000,true
baseline,1,positional_union_raw,8,6325,3840.237,5200.000,true
baseline,1,mybatis_where_128,8,373,47718.499,58208.000,true
baseline,1,raw_naming_UPPER_CAMEL_CASE,8,2530,6444.032,8840.000,true
baseline,1,named_row_in,8,1464,1488.320,4016.000,true
baseline,1,raw_join_using,8,17557,1170.399,3176.000,true
baseline,1,named_dialect_DB2,8,4508,2070.497,4320.000,true
baseline,1,positional_batch_beans,8,2606,6750.153,10464.000,true
baseline,1,named_nested,8,3965,2743.178,3648.000,true
baseline,1,positional_retry_rollback,8,6997,6069.930,5872.000,true
baseline,1,raw_union_raw,8,3682,4849.022,5200.000,true
baseline,1,named_batch_beans,8,1897,12420.717,26064.000,true
baseline,1,raw_mixed_literals,8,7025,1982.833,3192.000,true
baseline,1,positional_join_using,8,16228,1052.046,3056.000,true
baseline,1,named_retry_rollback,8,4744,7457.357,8264.000,true
baseline,1,positional_in_1024,8,1670,23718.922,28504.000,true
baseline,1,named_naming_NO_CHANGE,8,2245,11145.256,9624.000,true
baseline,1,named_select_expressions,8,7191,4115.380,2728.000,true
baseline,1,positional_union_builder,8,3555,10635.302,9768.000,true
baseline,1,mybatis_join_on,8,10530,2375.423,4128.000,true
baseline,1,mybatis_repeated_names,8,638,38930.564,52872.000,true
baseline,1,positional_between,8,11816,1324.137,3056.000,true
baseline,1,positional_repeated_names,8,1276,20513.323,30360.000,true
baseline,1,named_union_raw,8,4798,4837.078,5200.000,true
baseline,1,positional_raw_expression,8,12553,1889.381,2624.000,true
baseline,1,positional_where_eq,8,16506,1157.470,2664.000,true
baseline,1,mybatis_update_chain_16,8,781,16280.538,39936.000,true
baseline,1,mybatis_group_order,8,3641,4391.980,7264.000,true
baseline,1,positional_subquery_raw,8,22949,758.560,2272.000,true
baseline,1,raw_nested,8,6649,1591.999,3280.000,true
baseline,1,raw_naming_CAMEL_CASE,8,2405,4697.131,7880.000,true
baseline,1,mybatis_batch_64,8,512,37740.625,118896.000,true
baseline,1,named_subquery_structured,8,7635,2056.464,5488.000,true
baseline,1,raw_in_16,8,6189,1904.686,5600.000,true
baseline,1,mybatis_nested,8,7084,1777.922,3416.000,true
baseline,1,mybatis_select_columns,8,21766,946.246,1952.000,true
baseline,1,positional_row_in,8,22021,1304.178,2624.000,true
baseline,1,positional_dialect_MySQL,8,10440,2184.454,3360.000,true
baseline,1,raw_naming_KEBAB_CASE,8,2907,8557.207,8840.000,true
baseline,1,mybatis_in_expression,8,725,36713.241,66656.000,true
baseline,1,named_batch_64,8,519,45497.303,134912.000,true
baseline,1,named_update_map,8,6031,2311.474,4752.000,true
baseline,1,named_naming_KEBAB_CASE,8,1926,9573.261,10584.000,true
baseline,1,mybatis_between,8,11085,1713.415,3544.000,true
baseline,1,raw_naming_NO_CHANGE,8,4470,6176.309,7880.000,true
baseline,1,positional_dialect_PostgreSQL,8,8345,1485.045,3360.000,true
baseline,1,positional_in_16,8,17392,1405.963,2656.000,true
baseline,1,named_naming_CAMEL_CASE,8,2111,7044.955,9624.000,true
baseline,1,mybatis_in_16,8,4173,2901.486,6128.000,true
baseline,1,positional_select_columns,8,24393,1198.307,1952.000,true
baseline,1,mybatis_insert_entity,8,6811,1065.174,2456.000,true
baseline,1,positional_naming_CAMEL_CASE,8,2985,4075.913,4928.000,true
baseline,1,named_dialect_Oracle,8,8340,1747.338,4272.000,true
baseline,1,named_join_on,8,7524,2031.393,4288.000,true
baseline,1,custom_handler_union,8,985,12754.518,16536.000,true
baseline,1,named_insert_placeholders,8,6581,1166.996,2888.000,true
baseline,1,raw_condition_only,8,1892,9781.607,7816.000,true
baseline,1,named_in_1024,8,105,150229.524,353216.000,true
baseline,1,positional_select_expressions,8,8677,3168.123,2728.000,true
baseline,1,positional_pagination,8,12847,2028.699,3288.000,true
baseline,1,named_derived,8,2044,23868.933,17800.000,true
baseline,1,custom_handler_where,8,1563,14092.962,10616.000,true
baseline,1,mybatis_naming_UPPER_CAMEL_CASE,8,2741,11445.421,8984.000,true
baseline,1,raw_pagination,8,11437,1325.286,3400.000,true
baseline,1,positional_late_modifier,8,25231,844.465,2360.000,true
baseline,1,positional_join_on,8,7898,2645.733,3832.000,true
baseline,1,positional_insert_values,8,27051,1540.986,2104.000,true
baseline,1,named_batch_4,8,3752,4272.575,9736.000,true
baseline,1,raw_select_star,8,69286,457.341,1424.000,true
baseline,1,mybatis_naming_NO_CHANGE,8,4315,6164.751,8024.000,true
baseline,1,positional_update_map,9,19265,1719.356,3024.000,true
baseline,1,positional_select_columns,9,24393,1038.462,1952.000,true
baseline,1,positional_insert_values,9,27051,1351.902,2104.000,true
baseline,1,positional_pagination,9,12847,1720.518,3288.000,true
baseline,1,raw_insert_values,9,6253,2064.689,2464.000,false
baseline,1,named_select_expressions,9,7191,3038.423,2728.000,true
baseline,1,named_derived,9,2044,12678.131,17800.000,true
baseline,1,raw_in_17,9,5903,2002.016,5816.000,true
baseline,1,positional_dialect_Oracle,9,8833,1372.082,3496.000,true
baseline,1,mybatis_in_16,9,4173,2109.322,6128.000,true
baseline,1,named_row_in,9,1464,1574.044,4016.000,true
baseline,1,mybatis_select_columns,9,21766,924.240,1952.000,true
baseline,1,mybatis_naming_KEBAB_CASE,9,1841,6958.229,8984.000,true
baseline,1,positional_join_on,9,7898,2100.861,3832.000,true
baseline,1,positional_insert_entity,9,33183,747.753,1816.000,true
baseline,1,mybatis_join_on,9,10530,2136.030,4128.000,true
baseline,1,named_subquery_structured,9,7635,2210.347,5488.000,true
baseline,1,mybatis_naming_NO_CHANGE,9,4315,6440.394,8024.000,true
baseline,1,named_select_entity,9,31408,829.410,2000.000,true
baseline,1,mybatis_where_128,9,373,65729.491,58208.000,true
baseline,1,named_delete,9,38640,654.252,1960.000,true
baseline,1,positional_batch_4,9,2984,2247.654,5968.000,true
baseline,1,mybatis_subquery_raw,9,13159,812.387,2272.000,true
baseline,1,mybatis_naming_SCREAMING_SNAKE_CASE,9,1278,7469.953,9000.000,true
baseline,1,raw_batch_beans,9,1634,9335.802,16896.000,false
baseline,1,positional_where_16,9,4610,5437.744,5888.000,true
baseline,1,named_in_expression,9,452,35491.593,90680.000,true
baseline,1,mybatis_repeated_names,9,638,30166.144,52872.000,true
baseline,1,positional_condition_only,9,5606,4644.256,4872.000,true
baseline,1,raw_mixed_literals,9,7025,1947.345,3192.000,true
baseline,1,named_naming_KEBAB_CASE,9,1926,7107.580,10584.000,true
baseline,1,named_retry_rollback,9,4744,6082.610,8264.000,true
baseline,1,named_dialect_DB2,9,4508,2037.555,4320.000,true
baseline,1,raw_between,9,6155,1655.158,3384.000,true
baseline,1,named_update_map,9,6031,1930.476,4752.000,true
baseline,1,named_late_modifier,9,13389,947.233,2816.000,true
baseline,1,named_where_eq,9,9732,1143.527,3120.000,true
baseline,1,named_insert_entity,9,6719,1084.641,2760.000,true
baseline,1,named_where_16,9,2148,7210.940,10584.000,true
baseline,1,named_naming_SCREAMING_SNAKE_CASE,9,1501,6763.891,10600.000,true
baseline,1,raw_nested,9,6649,1551.015,3280.000,true
baseline,1,raw_naming_UPPER_CAMEL_CASE,9,2530,6290.632,8840.000,true
baseline,1,mybatis_in_17,9,7220,2151.011,6344.000,true
baseline,1,positional_group_order,9,6503,3442.365,6336.000,true
baseline,1,positional_in_16,9,17392,922.815,2656.000,true
baseline,1,named_batch_4,9,3752,3528.438,9736.000,true
baseline,1,raw_batch_4,9,4027,2751.527,7584.000,false
baseline,1,raw_naming_NO_CHANGE,9,4470,4968.143,7880.000,true
baseline,1,mybatis_insert_values,9,6971,1301.162,2744.000,true
baseline,1,named_where_128,9,282,56230.851,71280.000,true
baseline,1,mybatis_row_in,9,7894,1493.539,3608.000,true
baseline,1,raw_in_1024,9,101,118260.396,220248.000,true
baseline,1,mybatis_nested,9,7084,2770.638,3416.000,true
baseline,1,named_raw_expression,9,13495,2915.413,2624.000,true
baseline,1,named_in_17,9,4525,4890.210,7888.000,true
baseline,1,named_join_on,9,7524,2656.818,4288.000,true
baseline,1,positional_delete,9,51380,401.641,1504.000,true
baseline,1,named_join_using,9,19465,1296.250,3512.000,true
baseline,1,named_in_16,9,5034,2433.274,7600.000,true
baseline,1,mybatis_select_entity,9,34398,646.072,2000.000,true
baseline,1,named_dialect_MySQL,9,8315,1461.275,4144.000,true
baseline,1,raw_union_builder,9,2063,6079.932,10160.000,true
baseline,1,raw_select_star,9,69286,349.398,1424.000,true
baseline,1,mybatis_pagination,9,14496,1918.757,3808.000,true
baseline,1,named_repeated_names,9,488,36396.516,64920.000,true
baseline,1,positional_row_in,9,22021,1183.548,2624.000,true
baseline,1,raw_retry_rollback,9,2736,4961.257,6376.000,true
baseline,1,mybatis_delete,9,43406,526.485,1808.000,true
baseline,1,raw_batch_64,9,456,31430.702,97344.000,false
baseline,1,positional_union_builder,9,3555,7412.461,9768.000,true
baseline,1,mybatis_join_using,9,12627,1338.592,3352.000,true
baseline,1,named_mixed_literals,9,9989,2671.429,3768.000,true
baseline,1,mybatis_between,9,11085,1870.311,3544.000,true
baseline,1,mybatis_in_1024,9,203,159050.246,256896.000,true
baseline,1,custom_handler_union,9,985,18933.706,16536.000,true
baseline,1,raw_update_chain_16,9,1083,13597.599,25448.000,true
baseline,1,named_condition_only,9,2588,9020.209,9560.000,true
baseline,1,mybatis_derived,9,759,13781.159,17144.000,true
baseline,1,mybatis_in_256,9,543,36472.007,66616.000,true
baseline,1,positional_dialect_PostgreSQL,9,8345,2133.050,3360.000,true
baseline,1,named_dialect_PostgreSQL,9,8530,3579.238,4144.000,true
baseline,1,positional_naming_KEBAB_CASE,9,2915,11164.425,5888.000,true
baseline,1,raw_raw_expression,9,5998,2331.827,2624.000,true
baseline,1,raw_in_expression,9,404,35278.218,56616.000,true
baseline,1,raw_insert_placeholders,9,11356,1425.185,1944.000,true
baseline,1,positional_where_eq,9,16506,1477.554,2664.000,true
baseline,1,named_between,9,4140,2387.874,3800.000,true
baseline,1,raw_subquery_raw,9,9113,1088.160,2272.000,true
baseline,1,raw_pagination,9,11437,1807.074,3400.000,true
baseline,1,named_dialect_Microsoft_SQL_Server,9,6611,2134.715,4320.000,true
baseline,1,mybatis_retry_rollback,9,3306,8555.445,7568.000,true
baseline,1,mybatis_group_order,9,3641,6676.215,7264.000,true
baseline,1,positional_batch_64,9,226,28048.673,72176.000,true
baseline,1,named_update_chain_16,9,943,26369.353,47000.000,true
baseline,1,raw_insert_entity,9,10341,1608.461,2176.000,false
baseline,1,mybatis_raw_expression,9,7782,2345.001,2624.000,true
baseline,1,named_pagination,9,14893,1723.494,4072.000,true
baseline,1,mybatis_in_expression,9,725,28598.207,66656.000,true
baseline,1,positional_retry_rollback,9,6997,4802.172,5872.000,true
baseline,1,positional_naming_CAMEL_CASE,9,2985,3872.362,4928.000,true
baseline,1,raw_where_128,9,330,64014.848,56496.000,true
baseline,1,raw_in_256,9,616,35370.292,56640.000,true
baseline,1,positional_update_chain_16,9,2081,11707.064,22360.000,true
baseline,1,positional_nested,9,16618,2124.070,2952.000,true
baseline,1,raw_where_16,9,3559,7008.036,8840.000,true
baseline,1,mybatis_where_16,9,2434,7486.154,8984.000,true
baseline,1,raw_condition_only,9,1892,5304.968,7816.000,true
baseline,1,raw_derived,9,1509,15856.262,15848.000,true
baseline,1,mybatis_union_builder,9,1384,13183.887,16648.000,true
baseline,1,raw_delete,9,26608,498.222,1624.000,true
baseline,1,raw_subquery_structured,9,7152,1585.445,4616.000,true
baseline,1,positional_dialect_DB2,9,10470,1287.937,3544.000,true
baseline,1,positional_naming_SCREAMING_SNAKE_CASE,9,2435,4799.055,5904.000,true
baseline,1,positional_naming_UPPER_CAMEL_CASE,9,1440,5349.097,5888.000,true
baseline,1,raw_join_using,9,17557,1410.417,3176.000,true
baseline,1,positional_select_star,9,78049,330.998,1424.000,true
baseline,1,positional_in_expression,9,4773,4981.898,9760.000,true
baseline,1,named_insert_placeholders,9,6581,1091.688,2888.000,true
baseline,1,positional_in_17,9,17264,1461.399,2672.000,true
baseline,1,mybatis_condition_only,9,2012,7064.861,7960.000,true
baseline,1,positional_between,9,11816,1269.795,3056.000,true
baseline,1,named_nested,9,3965,1640.681,3648.000,true
baseline,1,mybatis_insert_entity,9,6811,1197.710,2456.000,true
baseline,1,positional_late_modifier,9,25231,1307.776,2360.000,true
baseline,1,positional_select_entity,9,34479,1042.385,2000.000,true
baseline,1,positional_insert_placeholders,9,18189,1039.364,1944.000,true
baseline,1,positional_mixed_literals,9,17666,1417.095,2800.000,true
baseline,1,positional_subquery_raw,9,22949,807.508,2272.000,true
baseline,1,mybatis_batch_64,9,512,38678.125,118896.000,true
baseline,1,positional_join_using,9,16228,1116.126,3056.000,true
baseline,1,positional_naming_NO_CHANGE,9,2704,3994.675,4928.000,true
baseline,1,raw_union_raw,9,3682,3873.493,5200.000,true
baseline,1,mybatis_update_map,9,5843,1765.617,4200.000,true
baseline,1,raw_naming_KEBAB_CASE,9,2907,6427.864,8840.000,true
baseline,1,positional_select_expressions,9,8677,2509.370,2728.000,true
baseline,1,named_select_star,9,65576,348.455,1424.000,true
baseline,1,mybatis_select_expressions,9,7678,2448.125,2728.000,true
baseline,1,positional_repeated_names,9,1276,18703.292,30360.000,true
baseline,1,positional_in_256,9,5699,4919.144,9576.000,true
baseline,1,raw_late_modifier,9,16004,916.777,2480.000,true
baseline,1,mybatis_select_star,9,61715,406.830,1424.000,true
baseline,1,mybatis_batch_4,9,6411,3314.382,8784.000,true
baseline,1,positional_subquery_structured,9,11597,1672.277,4704.000,true
baseline,1,mybatis_naming_UPPER_CAMEL_CASE,9,2741,6920.795,8984.000,true
baseline,1,raw_join_on,9,9922,2064.463,3952.000,true
baseline,1,named_in_1024,9,105,178116.190,353216.000,true
baseline,1,raw_select_expressions,9,4449,2366.667,2728.000,true
baseline,1,named_group_order,9,4430,4503.679,7688.000,true
baseline,1,named_union_raw,9,4798,3603.647,5200.000,true
baseline,1,raw_select_entity,9,18252,589.694,2000.000,true
baseline,1,raw_naming_SCREAMING_SNAKE_CASE,9,1726,5792.526,8856.000,true
baseline,1,positional_raw_expression,9,12553,1751.892,2624.000,true
baseline,1,mybatis_union_raw,9,4975,3567.658,5200.000,true
baseline,1,raw_naming_CAMEL_CASE,9,2405,4878.877,7880.000,true
baseline,1,positional_derived,9,1758,11201.422,15296.000,true
baseline,1,mybatis_where_eq,9,13269,1352.988,2960.000,true
baseline,1,named_batch_beans,9,1897,11649.815,26064.000,true
baseline,1,positional_dialect_Microsoft_SQL_Server,9,7077,1766.243,3544.000,true
baseline,1,mybatis_insert_placeholders,9,14740,1370.699,2584.000,true
baseline,1,mybatis_naming_CAMEL_CASE,9,2539,6690.784,8024.000,true
baseline,1,named_dialect_Oracle,9,8340,2032.134,4272.000,true
baseline,1,mybatis_subquery_structured,9,9173,3513.725,5232.000,true
baseline,1,named_naming_UPPER_CAMEL_CASE,9,1647,7843.837,10584.000,true
baseline,1,positional_union_raw,9,6325,4189.470,5200.000,true
baseline,1,raw_repeated_names,9,485,25234.639,53896.000,true
baseline,1,named_subquery_raw,9,15854,724.158,2272.000,true
baseline,1,raw_in_16,9,6189,2336.306,5600.000,true
baseline,1,named_insert_values,9,15486,1256.638,3048.000,true
baseline,1,positional_where_128,9,612,47089.216,32808.000,true
baseline,1,raw_update_map,9,8495,1706.816,3592.000,false
baseline,1,named_naming_NO_CHANGE,9,2245,5135.947,9624.000,true
baseline,1,mybatis_mixed_literals,9,9367,2342.009,3432.000,true
baseline,1,custom_handler_where,9,1563,6457.965,10616.000,true
baseline,1,mybatis_update_chain_16,9,781,14261.332,39936.000,true
baseline,1,raw_where_eq,9,19517,1113.983,2784.000,true
baseline,1,named_naming_CAMEL_CASE,9,2111,4949.124,9624.000,true
baseline,1,named_in_256,9,372,32368.280,90712.000,true
baseline,1,positional_batch_beans,9,2606,4163.584,10464.000,true
baseline,1,positional_in_1024,9,1670,17870.898,28504.000,true
baseline,1,named_batch_64,9,519,42725.048,134912.000,true
baseline,1,raw_select_columns,9,19406,865.593,1952.000,true
baseline,1,named_union_builder,9,1068,11715.824,17272.000,true
baseline,1,mybatis_batch_beans,9,766,8814.230,22080.000,true
baseline,1,named_select_columns,9,25010,1324.770,1952.000,true
baseline,1,mybatis_late_modifier,9,14061,1391.942,2656.000,true
baseline,1,raw_row_in,9,7739,2066.197,3136.000,true
baseline,1,raw_group_order,9,2822,6638.838,6432.000,true
baseline,1,positional_dialect_MySQL,9,10440,1883.851,3360.000,true
