version,fork,case,round,operations,ns_per_op,bytes_per_op,equivalent
before,1,mybatis_where_128,1,223,248391.480,67464.000,true
before,1,mybatis_raw_expression,1,3510,2700.940,2616.000,true
before,1,mybatis_between,1,6566,4752.574,3640.000,true
before,1,named_dialect_MySQL,1,8154,3540.250,4216.000,true
before,1,named_pagination,1,7040,2782.841,4192.000,true
before,1,positional_union_builder,1,3752,8024.574,5920.000,true
before,1,raw_between,1,4,8675.000,3432.000,true
before,1,named_naming_KEBAB_CASE,1,1758,15857.167,11392.000,true
before,1,named_update_chain_16,1,376,37335.106,47808.000,true
before,1,raw_subquery_structured,1,6270,3644.035,4720.000,true
before,1,mybatis_subquery_raw,1,780,1570.000,2352.000,true
before,1,positional_in_1024,1,509,26418.861,28584.000,true
before,1,named_retry_rollback,1,1106,8796.564,8432.000,true
before,1,named_dialect_Oracle,1,8410,2862.378,4392.000,true
before,1,named_mixed_literals,1,5983,2837.456,3944.000,true
before,1,raw_raw_expression,1,9316,2285.305,2616.000,true
before,1,named_dialect_DB2,1,6834,3252.561,4392.000,true
before,1,mybatis_join_on,1,2073,2833.864,4216.000,true
before,1,positional_naming_CAMEL_CASE,1,1,25100.000,6408.000,true
before,1,raw_condition_only,1,2108,9309.393,8584.000,true
before,1,raw_insert_placeholders,1,11783,1404.812,2096.000,true
before,1,raw_repeated_names,1,239,44169.456,59056.000,true
before,1,positional_dialect_PostgreSQL,1,11626,2257.113,3432.000,true
before,1,raw_insert_values,1,7796,1856.901,2544.000,true
before,1,raw_late_modifier,1,185,1886.486,2560.000,true
before,1,raw_update_map,1,6734,2476.433,3712.000,true
before,1,mybatis_update_map,1,13,4907.692,4392.000,true
before,1,named_subquery_structured,1,5100,3267.608,5640.000,true
before,1,named_insert_values,1,5827,2139.437,3176.000,true
before,1,mybatis_select_star,1,6254,458.235,1240.000,true
before,1,mybatis_repeated_names,1,302,54242.715,61104.000,true
before,1,mybatis_insert_placeholders,1,5087,2010.989,2736.000,true
before,1,positional_mixed_literals,1,7348,2416.154,2976.000,true
before,1,positional_update_chain_16,1,414,13798.309,23168.000,true
before,1,raw_batch_4,1,2014,4475.223,7552.000,true
before,1,positional_dialect_MySQL,1,9479,1465.598,3432.000,true
before,1,mybatis_retry_rollback,1,792,8042.929,7760.000,true
before,1,positional_where_eq,1,10400,1613.654,2816.000,true
before,1,positional_batch_64,1,233,22421.030,72336.000,true
before,1,positional_between,1,6041,2031.899,3104.000,true
before,1,named_join_using,1,9511,1941.026,3704.000,true
before,1,named_between,1,6834,2262.760,3848.000,true
before,1,raw_in_16,1,44,6834.091,5680.000,true
before,1,positional_naming_KEBAB_CASE,1,2686,7565.748,6696.000,true
before,1,named_naming_UPPER_CAMEL_CASE,1,7,13285.714,11120.000,true
before,1,mybatis_in_17,1,1976,3791.903,6832.000,true
before,1,named_dialect_PostgreSQL,1,6888,2250.755,4216.000,true
before,1,mybatis_pagination,1,848,2281.486,3952.000,true
before,1,mybatis_naming_SCREAMING_SNAKE_CASE,1,1729,8937.420,10192.000,true
before,1,positional_dialect_DB2,1,10590,1900.444,3616.000,true
before,1,mybatis_in_1024,1,27,198177.778,281552.000,true
before,1,named_in_17,1,5123,3825.356,7968.000,true
before,1,raw_pagination,1,9936,1983.011,3520.000,true
before,1,custom_handler_union,1,2,137850.000,9468.000,true
before,1,mybatis_select_expressions,1,2005,2027.382,2512.000,true
before,1,raw_select_entity,1,241,1011.203,1992.000,true
before,1,positional_naming_SCREAMING_SNAKE_CASE,1,2389,6572.959,6712.000,true
before,1,positional_group_order,1,2607,2960.184,6160.000,true
before,1,positional_batch_beans,1,14,13907.143,10488.000,true
before,1,named_in_16,1,5246,3792.966,7680.000,true
before,1,named_select_expressions,1,2780,2994.748,2512.000,true
before,1,positional_raw_expression,1,9858,2258.298,2616.000,true
before,1,named_row_in,1,319,2678.056,4144.000,true
before,1,custom_handler_where,1,1568,10939.286,11424.000,true
before,1,mybatis_nested,1,7003,2627.146,3632.000,true
before,1,raw_in_expression,1,534,35303.933,57760.000,true
before,1,raw_where_16,1,1044,10436.207,9648.000,true
before,1,raw_select_expressions,1,10318,3187.662,2512.000,true
before,1,mybatis_insert_entity,1,7239,1803.965,2456.000,true
before,1,mybatis_union_builder,1,1370,9008.978,8960.000,true
before,1,raw_union_builder,1,3,12566.667,6120.000,true
before,1,positional_naming_NO_CHANGE,1,2596,5286.749,4928.000,true
before,1,mybatis_naming_CAMEL_CASE,1,1582,11877.497,9888.000,true
before,1,positional_insert_placeholders,1,6706,1152.908,2096.000,true
before,1,positional_select_columns,1,21334,1250.909,2104.000,true
before,1,positional_update_map,1,9098,2069.213,3192.000,true
before,1,positional_naming_UPPER_CAMEL_CASE,1,2124,8681.874,6424.000,true
before,1,raw_join_on,1,4,11325.000,4016.000,true
before,1,positional_union_raw,1,159,3057.862,1968.000,true
before,1,named_insert_placeholders,1,5878,1800.068,3040.000,true
before,1,raw_batch_64,1,365,40488.767,94432.000,true
before,1,named_in_256,1,146,48432.192,90792.000,true
before,1,positional_delete,1,22368,555.298,1544.000,true
before,1,positional_insert_values,1,265,1163.019,2232.000,true
before,1,positional_late_modifier,1,3368,893.913,2440.000,true
before,1,positional_in_16,1,11489,1642.867,2736.000,true
before,1,named_union_raw,1,5877,2121.320,1968.000,true
before,1,named_condition_only,1,1813,7423.718,10328.000,true
before,1,named_union_builder,1,117,11866.667,8936.000,true
before,1,named_naming_CAMEL_CASE,1,1367,12837.015,11104.000,true
before,1,positional_dialect_Oracle,1,9159,2242.035,3616.000,true
before,1,positional_join_using,1,9,4577.778,3248.000,true
before,1,named_late_modifier,1,6465,992.653,2896.000,true
before,1,mybatis_insert_values,1,8791,2051.098,2872.000,true
before,1,positional_subquery_raw,1,9661,1261.546,2352.000,true
before,1,named_nested,1,6668,2736.263,3816.000,true
before,1,named_update_map,1,4781,2911.441,4920.000,true
before,1,raw_derived,1,277,9121.300,7632.000,true
before,1,mybatis_naming_KEBAB_CASE,1,10,10300.000,10176.000,true
before,1,positional_select_expressions,1,5921,2982.486,2512.000,true
before,1,raw_in_256,1,7,47385.714,56720.000,true
before,1,named_select_entity,1,9043,1409.997,1992.000,true
before,1,raw_subquery_raw,1,8325,1060.985,2352.000,true
before,1,mybatis_condition_only,1,1426,10788.219,9112.000,true
before,1,raw_nested,1,16,5256.250,3448.000,true
before,1,named_select_star,1,46380,421.736,1240.000,true
before,1,raw_naming_NO_CHANGE,1,2852,7867.181,7880.000,true
before,1,named_batch_beans,1,799,16208.135,26088.000,true
before,1,named_where_128,1,83,80822.892,77464.000,true
before,1,positional_condition_only,1,1988,4853.471,5640.000,true
before,1,raw_update_chain_16,1,990,19845.455,26256.000,true
before,1,raw_mixed_literals,1,6503,2469.137,3368.000,true
before,1,raw_naming_KEBAB_CASE,1,43,6720.930,9648.000,true
before,1,raw_insert_entity,1,9581,1466.162,2128.000,true
before,1,raw_group_order,1,3545,3673.907,6256.000,true
before,1,named_naming_NO_CHANGE,1,2162,8932.054,9624.000,true
before,1,mybatis_join_using,1,54,2388.889,3568.000,true
before,1,named_where_16,1,227,9444.934,11392.000,true
before,1,positional_select_entity,1,18080,1328.933,1992.000,true
before,1,named_delete,1,18844,925.515,2000.000,true
before,1,positional_where_128,1,298,60859.732,38992.000,true
before,1,positional_join_on,1,8603,2464.605,3896.000,true
before,1,raw_where_eq,1,55,3107.273,2936.000,true
before,1,raw_union_raw,1,6018,2251.761,1968.000,true
before,1,mybatis_where_16,1,1392,18051.149,10176.000,true
before,1,mybatis_update_chain_16,1,718,49068.524,40768.000,true
before,1,mybatis_select_entity,1,9538,2067.467,1992.000,true
before,1,named_repeated_names,1,604,40351.656,70080.000,true
before,1,named_join_on,1,7413,2890.854,4352.000,true
before,1,positional_retry_rollback,1,4699,5010.066,6040.000,true
before,1,named_subquery_raw,1,10614,1061.692,2352.000,true
before,1,mybatis_in_16,1,2443,3480.761,6592.000,true
before,1,named_insert_entity,1,2755,1710.599,2760.000,true
before,1,mybatis_late_modifier,1,114,1642.105,2760.000,true
before,1,raw_in_17,1,3,6900.000,5896.000,true
before,1,named_naming_SCREAMING_SNAKE_CASE,1,2799,11147.839,11408.000,true
before,1,raw_batch_beans,1,799,10081.477,16152.000,true
before,1,named_where_eq,1,8470,1665.891,3272.000,true
before,1,positional_row_in,1,2753,1895.714,2752.000,true
before,1,mybatis_batch_64,1,17,92823.529,119056.000,true
before,1,mybatis_union_raw,1,14447,1788.427,1968.000,true
before,1,positional_dialect_Microsoft_SQL_Server,1,8493,2456.364,3616.000,true
before,1,mybatis_derived,1,463,9640.173,9504.000,true
before,1,mybatis_subquery_structured,1,3925,3397.121,5408.000,true
before,1,named_select_columns,1,6652,1710.087,2104.000,true
before,1,raw_row_in,1,44,2604.545,3168.000,true
before,1,mybatis_in_expression,1,255,46813.725,73920.000,true
before,1,named_dialect_Microsoft_SQL_Server,1,7025,2671.886,4392.000,true
before,1,raw_join_using,1,14,3414.286,3368.000,true
before,1,raw_in_1024,1,66,121354.545,220328.000,true
before,1,positional_insert_entity,1,11709,1370.356,1816.000,true
before,1,named_batch_64,1,148,67277.703,135072.000,true
before,1,mybatis_in_256,1,346,46906.069,72840.000,true
before,1,mybatis_naming_NO_CHANGE,1,2226,8371.518,8408.000,true
before,1,positional_where_16,1,1906,7003.725,6696.000,true
before,1,mybatis_batch_beans,1,1441,12873.213,22104.000,true
before,1,mybatis_delete,1,3587,710.092,1872.000,true
before,1,positional_batch_4,1,2695,3308.980,6128.000,true
before,1,positional_pagination,1,4503,2131.135,3408.000,true
before,1,mybatis_group_order,1,145,4848.276,7112.000,true
before,1,positional_repeated_names,1,587,28321.806,35520.000,true
before,1,named_in_1024,1,65,183227.692,353296.000,true
before,1,named_in_expression,1,355,34536.056,91824.000,true
before,1,raw_naming_CAMEL_CASE,1,1648,10525.121,9360.000,true
before,1,positional_in_17,1,3473,1490.037,2752.000,true
before,1,named_batch_4,1,1323,5469.766,9896.000,true
before,1,positional_derived,1,220,9481.818,7464.000,true
before,1,positional_in_expression,1,149,10694.631,10904.000,true
before,1,mybatis_batch_4,1,936,5282.051,8944.000,true
before,1,raw_select_star,1,32134,384.334,1240.000,true
before,1,raw_select_columns,1,118,1635.593,2104.000,true
before,1,mybatis_mixed_literals,1,1805,2567.202,3680.000,true
before,1,mybatis_select_columns,1,9219,1051.177,2104.000,true
before,1,mybatis_row_in,1,5030,1560.457,3832.000,true
before,1,positional_in_256,1,2813,6823.391,9656.000,true
before,1,raw_delete,1,455,799.121,1664.000,true
before,1,positional_subquery_structured,1,5857,2903.346,4856.000,true
before,1,positional_nested,1,8339,2477.611,3120.000,true
before,1,raw_naming_UPPER_CAMEL_CASE,1,2093,10087.434,9376.000,true
before,1,named_derived,1,594,8563.973,9536.000,true
before,1,raw_naming_SCREAMING_SNAKE_CASE,1,2136,8906.461,9664.000,true
before,1,mybatis_naming_UPPER_CAMEL_CASE,1,1256,10416.322,9904.000,true
before,1,named_raw_expression,1,7752,1567.208,2616.000,true
before,1,raw_where_128,1,8,71000.000,62680.000,true
before,1,positional_select_star,1,55,485.455,1240.000,true
before,1,mybatis_where_eq,1,2413,1549.150,3136.000,true
before,1,raw_retry_rollback,1,2343,6367.734,6400.000,true
before,1,named_group_order,1,2004,5101.697,7512.000,true
before,1,positional_in_1024,2,509,20220.825,28584.000,true
before,1,named_condition_only,2,1813,9519.305,10328.000,true
before,1,positional_select_entity,2,18080,1081.189,1992.000,true
before,1,mybatis_retry_rollback,2,792,8421.591,7760.000,true
before,1,mybatis_where_eq,2,2413,1594.903,3136.000,true
before,1,mybatis_repeated_names,2,302,43529.801,61104.000,true
before,1,named_union_builder,2,117,7142.735,8936.000,true
before,1,raw_where_16,2,1044,10369.732,9648.000,true
before,1,named_where_128,2,83,71256.627,77464.000,true
before,1,named_derived,2,594,6803.704,9536.000,true
before,1,named_update_map,2,4781,3482.159,4920.000,true
before,1,raw_subquery_raw,2,8325,1258.619,2352.000,true
before,1,raw_naming_CAMEL_CASE,2,1648,8931.917,9360.000,true
before,1,named_repeated_names,2,604,40958.278,70080.000,true
before,1,named_select_star,2,46380,418.726,1240.000,true
before,1,mybatis_naming_SCREAMING_SNAKE_CASE,2,1729,8658.820,10192.000,true
before,1,mybatis_naming_CAMEL_CASE,2,1582,11332.933,9888.000,true
before,1,mybatis_delete,2,3587,652.551,1872.000,true
before,1,mybatis_insert_placeholders,2,5087,1797.523,2736.000,true
before,1,raw_late_modifier,2,185,1990.270,2560.000,true
before,1,positional_naming_UPPER_CAMEL_CASE,2,2124,6333.286,6424.000,true
before,1,positional_batch_beans,2,14,6857.143,10488.000,true
before,1,mybatis_subquery_raw,2,780,706.026,2352.000,true
before,1,named_dialect_MySQL,2,8154,2164.005,4216.000,true
before,1,mybatis_naming_NO_CHANGE,2,2226,8228.976,8408.000,true
before,1,positional_union_raw,2,159,2503.774,1968.000,true
before,1,positional_where_128,2,298,59964.765,38992.000,true
before,1,positional_nested,2,8339,1771.891,3120.000,true
before,1,mybatis_batch_64,2,17,37994.118,119056.000,true
before,1,positional_subquery_raw,2,9661,1063.979,2352.000,true
before,1,positional_insert_placeholders,2,6706,1262.049,2096.000,true
before,1,positional_select_expressions,2,5921,2607.837,2512.000,true
before,1,named_in_17,2,5123,3557.466,7968.000,true
before,1,named_batch_4,2,1323,4102.570,9896.000,true
before,1,named_insert_placeholders,2,5878,1622.014,3040.000,true
before,1,mybatis_select_star,2,6254,469.859,1240.000,true
before,1,positional_batch_64,2,233,21259.227,72336.000,true
before,1,positional_insert_entity,2,11709,1430.763,1816.000,true
before,1,raw_naming_NO_CHANGE,2,2852,6552.244,7880.000,true
before,1,mybatis_row_in,2,5030,2281.252,3832.000,true
before,1,named_raw_expression,2,7752,1989.112,2616.000,true
before,1,positional_in_17,2,3473,1519.608,2752.000,true
before,1,named_pagination,2,7040,1935.483,4192.000,true
before,1,raw_naming_KEBAB_CASE,2,43,7011.628,9648.000,true
before,1,mybatis_select_expressions,2,2005,2263.042,2512.000,true
before,1,raw_condition_only,2,2108,7051.708,8584.000,true
before,1,mybatis_select_entity,2,9538,995.439,1992.000,true
before,1,named_union_raw,2,5877,2082.695,1968.000,true
before,1,positional_select_star,2,55,441.818,1240.000,true
before,1,mybatis_mixed_literals,2,1805,3118.283,3680.000,true
before,1,raw_insert_values,2,7796,1918.663,2544.000,true
before,1,named_nested,2,6668,2593.656,3816.000,true
before,1,positional_union_builder,2,3752,3580.784,5920.000,true
before,1,positional_derived,2,220,5219.091,7464.000,true
before,1,positional_batch_4,2,2695,2978.516,6128.000,true
before,1,raw_update_map,2,6734,2228.037,3712.000,true
before,1,mybatis_join_using,2,54,2525.926,3568.000,true
before,1,mybatis_late_modifier,2,114,1723.684,2760.000,true
before,1,named_naming_UPPER_CAMEL_CASE,2,7,14385.714,11120.000,true
before,1,named_dialect_Oracle,2,8410,2439.857,4392.000,true
before,1,named_naming_CAMEL_CASE,2,1367,11821.507,11104.000,true
before,1,positional_insert_values,2,265,1311.698,2232.000,true
before,1,mybatis_condition_only,2,1426,7680.645,9112.000,true
before,1,named_dialect_Microsoft_SQL_Server,2,7025,2800.356,4392.000,true
before,1,mybatis_where_128,2,223,85046.188,67464.000,true
before,1,mybatis_batch_4,2,936,5599.679,8944.000,true
before,1,named_in_expression,2,355,42010.986,91824.000,true
before,1,named_between,2,6834,2117.749,3848.000,true
before,1,named_naming_KEBAB_CASE,2,1758,11973.094,11392.000,true
before,1,raw_derived,2,277,6638.267,7632.000,true
before,1,raw_mixed_literals,2,6503,2514.962,3368.000,true
before,1,mybatis_nested,2,7003,1787.605,3632.000,true
before,1,mybatis_select_columns,2,9219,1477.405,2104.000,true
before,1,raw_raw_expression,2,9316,1924.399,2616.000,true
before,1,positional_dialect_MySQL,2,9479,1688.849,3432.000,true
before,1,raw_where_128,2,8,83225.000,62680.000,true
before,1,mybatis_batch_beans,2,1441,10934.074,22104.000,true
before,1,mybatis_in_1024,2,27,166192.593,281552.000,true
before,1,positional_join_using,2,9,3433.333,3248.000,true
before,1,mybatis_derived,2,463,7211.879,9504.000,true
before,1,positional_dialect_PostgreSQL,2,11626,1894.882,3432.000,true
before,1,mybatis_in_256,2,346,37842.197,72840.000,true
before,1,named_delete,2,18844,846.413,2000.000,true
before,1,mybatis_in_17,2,1976,3490.233,6832.000,true
before,1,positional_naming_KEBAB_CASE,2,2686,7320.886,6696.000,true
before,1,raw_in_expression,2,534,32914.419,57760.000,true
before,1,raw_retry_rollback,2,2343,5499.573,6400.000,true
before,1,positional_row_in,2,2753,1032.365,2752.000,true
before,1,raw_batch_4,2,2014,3176.763,7552.000,true
before,1,raw_insert_entity,2,9581,1820.593,2128.000,true
before,1,positional_group_order,2,2607,4565.669,6160.000,true
before,1,mybatis_update_chain_16,2,718,24555.432,40768.000,true
before,1,positional_pagination,2,4503,1444.304,3408.000,true
before,1,raw_row_in,2,44,1877.273,3168.000,true
before,1,mybatis_insert_values,2,8791,2035.388,2872.000,true
before,1,raw_group_order,2,3545,4218.307,6256.000,true
before,1,positional_dialect_DB2,2,10590,16039.830,3616.000,true
before,1,mybatis_update_map,2,13,4376.923,4392.000,true
before,1,raw_in_17,2,3,8333.333,5896.000,true
before,1,positional_in_256,2,2813,7904.550,9656.000,true
before,1,mybatis_naming_UPPER_CAMEL_CASE,2,1256,11654.697,9904.000,true
before,1,named_select_columns,2,6652,1262.628,2104.000,true
before,1,raw_subquery_structured,2,6270,2321.164,4720.000,true
before,1,mybatis_in_16,2,2443,2799.099,6592.000,true
before,1,raw_pagination,2,9936,1893.025,3520.000,true
before,1,raw_naming_SCREAMING_SNAKE_CASE,2,2136,7703.699,9664.000,true
before,1,named_group_order,2,2004,5192.764,7512.000,true
before,1,positional_where_eq,2,10400,1685.913,2816.000,true
before,1,named_subquery_structured,2,5100,3457.118,5640.000,true
before,1,positional_late_modifier,2,3368,1290.350,2440.000,true
before,1,raw_update_chain_16,2,990,18563.434,26256.000,true
before,1,named_join_on,2,7413,79975.233,4352.000,true
before,1,named_in_256,2,146,61041.096,90792.000,true
before,1,named_where_16,2,227,16328.634,11392.000,true
before,1,positional_naming_CAMEL_CASE,2,1,21400.000,6408.000,true
before,1,raw_union_raw,2,6018,2857.876,1968.000,true
before,1,positional_delete,2,22368,809.035,1544.000,true
before,1,positional_dialect_Microsoft_SQL_Server,2,8493,2435.147,3616.000,true
before,1,raw_select_expressions,2,10318,3311.931,2512.000,true
before,1,named_select_entity,2,9043,1000.498,1992.000,true
before,1,named_insert_values,2,5827,1893.530,3176.000,true
before,1,named_dialect_DB2,2,6834,2467.340,4392.000,true
before,1,raw_batch_64,2,365,38768.767,94432.000,true
before,1,raw_select_columns,2,118,1338.983,2104.000,true
before,1,named_insert_entity,2,2755,1819.129,2760.000,true
before,1,raw_delete,2,455,856.703,1664.000,true
before,1,positional_in_expression,2,149,9465.772,10904.000,true
before,1,named_subquery_raw,2,10614,1065.819,2352.000,true
before,1,named_row_in,2,319,2871.787,4144.000,true
before,1,raw_in_1024,2,66,145962.121,220328.000,true
before,1,raw_union_builder,2,3,10633.333,6120.000,true
before,1,mybatis_pagination,2,848,1660.024,3952.000,true
before,1,positional_dialect_Oracle,2,9159,1922.186,3616.000,true
before,1,mybatis_insert_entity,2,7239,1858.558,2456.000,true
before,1,mybatis_join_on,2,2073,2688.857,4216.000,true
before,1,raw_where_eq,2,55,1769.091,2936.000,true
before,1,raw_in_16,2,44,3345.455,5680.000,true
before,1,positional_in_16,2,11489,1222.482,2736.000,true
before,1,named_update_chain_16,2,376,24130.851,47808.000,true
before,1,named_in_16,2,5246,4264.563,7680.000,true
before,1,positional_naming_SCREAMING_SNAKE_CASE,2,2389,6759.858,6712.000,true
before,1,named_late_modifier,2,6465,1184.223,2896.000,true
before,1,named_join_using,2,9511,1834.255,3704.000,true
before,1,mybatis_subquery_structured,2,3925,2252.484,5408.000,true
before,1,mybatis_between,2,6566,2702.193,3640.000,true
before,1,positional_mixed_literals,2,7348,2316.835,2976.000,true
before,1,named_where_eq,2,8470,1938.064,3272.000,true
before,1,mybatis_in_expression,2,255,48909.020,73920.000,true
before,1,mybatis_group_order,2,145,3613.103,7112.000,true
before,1,positional_subquery_structured,2,5857,2361.636,4856.000,true
before,1,custom_handler_where,2,1568,13014.541,11424.000,true
before,1,raw_join_on,2,4,10425.000,4016.000,true
before,1,mybatis_union_raw,2,14447,2366.284,1968.000,true
before,1,mybatis_union_builder,2,1370,7074.526,8960.000,true
before,1,raw_between,2,4,5950.000,3432.000,true
before,1,named_batch_64,2,148,62604.054,135072.000,true
before,1,named_in_1024,2,65,218072.308,353296.000,true
before,1,raw_batch_beans,2,799,9903.880,16152.000,true
before,1,raw_naming_UPPER_CAMEL_CASE,2,2093,10642.188,9376.000,true
before,1,named_naming_NO_CHANGE,2,2162,9245.745,9624.000,true
before,1,positional_update_chain_16,2,414,11452.657,23168.000,true
before,1,named_naming_SCREAMING_SNAKE_CASE,2,2799,11447.839,11408.000,true
before,1,mybatis_naming_KEBAB_CASE,2,10,14010.000,10176.000,true
before,1,raw_nested,2,16,4043.750,3448.000,true
before,1,positional_join_on,2,8603,2502.057,3896.000,true
before,1,raw_insert_placeholders,2,11783,1541.102,2096.000,true
before,1,named_batch_beans,2,799,14556.320,26088.000,true
before,1,named_retry_rollback,2,1106,6147.920,8432.000,true
before,1,raw_in_256,2,7,29257.143,56720.000,true
before,1,named_dialect_PostgreSQL,2,6888,2962.253,4216.000,true
before,1,named_mixed_literals,2,5983,3002.557,3944.000,true
before,1,positional_retry_rollback,2,4699,6366.078,6040.000,true
before,1,raw_join_using,2,14,5014.286,3368.000,true
before,1,raw_select_entity,2,241,1408.714,1992.000,true
before,1,positional_where_16,2,1906,8345.540,6696.000,true
before,1,positional_naming_NO_CHANGE,2,2596,6715.447,4928.000,true
before,1,positional_condition_only,2,1988,6994.970,5640.000,true
before,1,mybatis_raw_expression,2,3510,2074.074,2616.000,true
before,1,mybatis_where_16,2,1392,11520.977,10176.000,true
before,1,named_select_expressions,2,2780,2936.835,2512.000,true
before,1,raw_repeated_names,2,239,39997.071,59056.000,true
before,1,positional_select_columns,2,21334,1643.171,2104.000,true
before,1,custom_handler_union,2,2,46050.000,9440.000,true
before,1,raw_select_star,2,32134,426.682,1240.000,true
before,1,positional_update_map,2,9098,2121.565,3192.000,true
before,1,positional_between,2,6041,2181.841,3104.000,true
before,1,positional_repeated_names,2,587,29036.286,35520.000,true
before,1,positional_raw_expression,2,9858,2399.848,2616.000,true
before,1,raw_update_chain_16,3,990,15290.606,26256.000,true
before,1,named_where_128,3,83,86838.554,77464.000,true
before,1,raw_row_in,3,44,2970.455,3168.000,true
before,1,raw_insert_entity,3,9581,1553.857,2128.000,true
before,1,named_naming_KEBAB_CASE,3,1758,11183.447,11392.000,true
before,1,named_in_17,3,5123,3711.751,7968.000,true
before,1,mybatis_late_modifier,3,114,1987.719,2760.000,true
before,1,raw_naming_UPPER_CAMEL_CASE,3,2093,11269.279,9376.000,true
before,1,named_mixed_literals,3,5983,2625.355,3944.000,true
before,1,positional_union_builder,3,3752,3690.565,5920.000,true
before,1,mybatis_mixed_literals,3,1805,3101.440,3680.000,true
before,1,positional_row_in,3,2753,1586.814,2752.000,true
before,1,positional_mixed_literals,3,7348,2085.098,2976.000,true
before,1,named_nested,3,6668,2697.825,3816.000,true
before,1,raw_where_eq,3,55,2832.727,2936.000,true
before,1,named_union_raw,3,5877,1935.409,1968.000,true
before,1,positional_dialect_MySQL,3,9479,1668.098,3432.000,true
before,1,positional_insert_placeholders,3,6706,1195.273,2096.000,true
before,1,positional_dialect_Oracle,3,9159,1319.183,3616.000,true
before,1,raw_subquery_raw,3,8325,1055.099,2352.000,true
before,1,positional_naming_KEBAB_CASE,3,2686,7665.004,6696.000,true
before,1,named_group_order,3,2004,4600.349,7512.000,true
before,1,named_select_star,3,46380,469.955,1240.000,true
before,1,positional_in_256,3,2813,6091.468,9656.000,true
before,1,positional_batch_beans,3,14,10021.429,10488.000,true
before,1,named_late_modifier,3,6465,1366.357,2896.000,true
before,1,positional_naming_NO_CHANGE,3,2596,6196.418,4928.000,true
before,1,mybatis_batch_4,3,936,5757.479,8944.000,true
before,1,named_select_entity,3,9043,1056.021,1992.000,true
before,1,named_subquery_raw,3,10614,1229.329,2352.000,true
before,1,raw_join_on,3,4,7500.000,4016.000,true
before,1,named_insert_entity,3,2755,1073.067,2760.000,true
before,1,mybatis_condition_only,3,1426,8238.850,9112.000,true
before,1,mybatis_union_raw,3,14447,1739.351,1968.000,true
before,1,named_repeated_names,3,604,42463.245,70080.000,true
before,1,mybatis_select_entity,3,9538,1075.435,1992.000,true
before,1,named_between,3,6834,1783.933,3848.000,true
before,1,raw_delete,3,455,744.396,1664.000,true
before,1,mybatis_group_order,3,145,4701.379,7112.000,true
before,1,raw_union_builder,3,3,10733.333,6120.000,true
before,1,positional_join_on,3,8603,2327.711,3896.000,true
before,1,named_pagination,3,7040,2572.685,4192.000,true
before,1,raw_in_expression,3,534,25998.127,57760.000,true
before,1,raw_pagination,3,9936,1968.136,3520.000,true
before,1,positional_group_order,3,2607,4221.250,6160.000,true
before,1,mybatis_union_builder,3,1370,5961.898,8960.000,true
before,1,raw_in_16,3,44,2150.000,5680.000,true
before,1,raw_insert_values,3,7796,1753.194,2544.000,true
before,1,named_batch_beans,3,799,13470.213,26088.000,true
before,1,mybatis_naming_UPPER_CAMEL_CASE,3,1256,10594.108,9904.000,true
before,1,named_condition_only,3,1813,9327.799,10328.000,true
before,1,named_update_chain_16,3,376,32632.181,47808.000,true
before,1,named_join_on,3,7413,2439.566,4352.000,true
before,1,mybatis_update_map,3,13,3961.538,4392.000,true
before,1,positional_union_raw,3,159,1362.264,1968.000,true
before,1,positional_select_entity,3,18080,1167.268,1992.000,true
before,1,mybatis_join_on,3,2073,2844.718,4216.000,true
before,1,named_naming_NO_CHANGE,3,2162,9209.436,9624.000,true
before,1,raw_join_using,3,14,4200.000,3368.000,true
before,1,raw_batch_4,3,2014,3953.426,7552.000,true
before,1,named_in_1024,3,65,149889.231,353296.000,true
before,1,named_update_map,3,4781,2873.290,4920.000,true
before,1,positional_in_17,3,3473,1501.037,2752.000,true
before,1,named_delete,3,18844,669.630,2000.000,true
before,1,mybatis_insert_entity,3,7239,1499.765,2456.000,true
before,1,raw_in_256,3,7,36200.000,56720.000,true
before,1,named_dialect_Microsoft_SQL_Server,3,7025,2423.231,4392.000,true
before,1,raw_union_raw,3,6018,1980.741,1968.000,true
before,1,positional_in_1024,3,509,21766.208,28584.000,true
before,1,positional_raw_expression,3,9858,2062.954,2616.000,true
before,1,named_row_in,3,319,2690.596,4144.000,true
before,1,positional_pagination,3,4503,2140.484,3408.000,true
before,1,raw_derived,3,277,8011.552,7632.000,true
before,1,positional_batch_4,3,2695,3114.583,6128.000,true
before,1,positional_select_expressions,3,5921,2461.054,2512.000,true
before,1,mybatis_where_128,3,223,86986.547,67464.000,true
before,1,raw_repeated_names,3,239,35964.017,59056.000,true
before,1,mybatis_in_1024,3,27,196811.111,281552.000,true
before,1,mybatis_where_eq,3,2413,1925.777,3136.000,true
before,1,raw_raw_expression,3,9316,2077.201,2616.000,true
before,1,mybatis_pagination,3,848,2103.302,3952.000,true
before,1,positional_between,3,6041,1968.035,3104.000,true
before,1,named_select_columns,3,6652,1687.057,2104.000,true
before,1,mybatis_naming_CAMEL_CASE,3,1582,8052.718,9888.000,true
before,1,named_retry_rollback,3,1106,5782.911,8432.000,true
before,1,mybatis_select_expressions,3,2005,2156.758,2512.000,true
before,1,mybatis_naming_SCREAMING_SNAKE_CASE,3,1729,12268.016,10192.000,true
before,1,named_dialect_MySQL,3,8154,2290.790,4216.000,true
before,1,raw_naming_CAMEL_CASE,3,1648,7395.631,9360.000,true
before,1,named_insert_values,3,5827,1756.410,3176.000,true
before,1,mybatis_select_star,3,6254,467.669,1240.000,true
before,1,raw_between,3,4,10275.000,3432.000,true
before,1,positional_dialect_DB2,3,10590,1948.565,3616.000,true
before,1,positional_retry_rollback,3,4699,5579.911,6040.000,true
before,1,named_where_16,3,227,9970.044,11392.000,true
before,1,named_batch_64,3,148,50594.595,135072.000,true
before,1,mybatis_retry_rollback,3,792,6500.758,7760.000,true
before,1,mybatis_in_16,3,2443,2600.041,6592.000,true
before,1,mybatis_batch_64,3,17,37641.176,119056.000,true
before,1,mybatis_between,3,6566,1999.726,3640.000,true
before,1,raw_insert_placeholders,3,11783,1243.138,2096.000,true
before,1,named_in_expression,3,355,50091.549,91824.000,true
before,1,mybatis_in_17,3,1976,3951.923,6832.000,true
before,1,raw_where_128,3,8,70962.500,62680.000,true
before,1,positional_nested,3,8339,2376.724,3120.000,true
before,1,positional_where_eq,3,10400,1478.971,2816.000,true
before,1,positional_delete,3,22368,767.570,1544.000,true
before,1,raw_naming_KEBAB_CASE,3,43,11183.721,9648.000,true
before,1,positional_naming_CAMEL_CASE,3,1,13500.000,6408.000,true
before,1,raw_retry_rollback,3,2343,6069.398,6400.000,true
before,1,positional_subquery_structured,3,5857,2448.489,4856.000,true
before,1,mybatis_row_in,3,5030,2589.264,3832.000,true
before,1,raw_nested,3,16,3956.250,3448.000,true
before,1,raw_select_star,3,32134,310.410,1240.000,true
before,1,raw_in_1024,3,66,83625.758,220328.000,true
before,1,positional_subquery_raw,3,9661,1024.573,2352.000,true
before,1,raw_mixed_literals,3,6503,2419.929,3368.000,true
before,1,named_insert_placeholders,3,5878,1351.293,3040.000,true
before,1,raw_update_map,3,6734,2702.034,3712.000,true
before,1,raw_condition_only,3,2108,8577.941,8584.000,true
before,1,named_in_16,3,5246,3976.878,7680.000,true
before,1,mybatis_raw_expression,3,3510,1632.849,2616.000,true
before,1,positional_insert_values,3,265,1076.226,2232.000,true
before,1,mybatis_batch_beans,3,1441,13812.700,22104.000,true
before,1,positional_dialect_Microsoft_SQL_Server,3,8493,2097.739,3616.000,true
before,1,raw_batch_beans,3,799,9467.209,16152.000,true
before,1,custom_handler_union,3,2,40000.000,9440.000,true
before,1,raw_batch_64,3,365,42031.507,94432.000,true
before,1,named_in_256,3,146,48605.479,90792.000,true
before,1,positional_update_chain_16,3,414,14366.425,23168.000,true
before,1,named_where_eq,3,8470,1714.345,3272.000,true
before,1,raw_naming_SCREAMING_SNAKE_CASE,3,2136,9228.184,9664.000,true
before,1,mybatis_naming_KEBAB_CASE,3,10,13430.000,10176.000,true
before,1,raw_in_17,3,3,5433.333,5896.000,true
before,1,raw_select_entity,3,241,1313.693,1992.000,true
before,1,positional_in_16,3,11489,1586.561,2736.000,true
before,1,raw_late_modifier,3,185,1341.081,2560.000,true
before,1,raw_select_columns,3,118,1461.017,2104.000,true
before,1,positional_condition_only,3,1988,6476.509,5640.000,true
before,1,positional_in_expression,3,149,17161.074,10904.000,true
before,1,mybatis_update_chain_16,3,718,24494.708,40768.000,true
before,1,named_dialect_Oracle,3,8410,2404.209,4392.000,true
before,1,positional_dialect_PostgreSQL,3,11626,2168.312,3432.000,true
before,1,raw_where_16,3,1044,8030.556,9648.000,true
before,1,named_dialect_PostgreSQL,3,6888,2541.115,4216.000,true
before,1,positional_select_star,3,55,381.818,1240.000,true
before,1,mybatis_subquery_raw,3,780,2130.641,2352.000,true
before,1,named_derived,3,594,7273.737,9536.000,true
before,1,mybatis_in_expression,3,255,45455.686,73920.000,true
before,1,named_naming_CAMEL_CASE,3,1367,10812.729,11104.000,true
before,1,positional_insert_entity,3,11709,1362.584,1816.000,true
before,1,mybatis_delete,3,3587,798.718,1872.000,true
before,1,mybatis_insert_values,3,8791,1826.857,2872.000,true
before,1,positional_naming_SCREAMING_SNAKE_CASE,3,2389,7933.403,6712.000,true
before,1,mybatis_where_16,3,1392,11012.141,10176.000,true
before,1,named_raw_expression,3,7752,1878.831,2616.000,true
before,1,named_naming_SCREAMING_SNAKE_CASE,3,2799,10812.147,11408.000,true
before,1,named_naming_UPPER_CAMEL_CASE,3,7,8557.143,11120.000,true
before,1,mybatis_derived,3,463,7253.780,9504.000,true
before,1,positional_repeated_names,3,587,24969.676,35520.000,true
before,1,positional_select_columns,3,21334,1436.786,2104.000,true
before,1,raw_select_expressions,3,10318,2457.424,2512.000,true
before,1,mybatis_in_256,3,346,45218.208,72840.000,true
before,1,mybatis_select_columns,3,9219,1112.474,2104.000,true
before,1,mybatis_repeated_names,3,302,41539.735,61104.000,true
before,1,named_union_builder,3,117,6171.795,8936.000,true
before,1,mybatis_join_using,3,54,1727.778,3568.000,true
before,1,custom_handler_where,3,1568,10988.074,11424.000,true
before,1,mybatis_naming_NO_CHANGE,3,2226,8277.898,8408.000,true
before,1,positional_batch_64,3,233,30793.991,72336.000,true
before,1,named_dialect_DB2,3,6834,2620.047,4392.000,true
before,1,positional_update_map,3,9098,23981.512,3192.000,true
before,1,mybatis_nested,3,7003,2428.159,3632.000,true
before,1,mybatis_insert_placeholders,3,5087,1808.119,2736.000,true
before,1,named_subquery_structured,3,5100,2867.255,5640.000,true
before,1,raw_naming_NO_CHANGE,3,2852,13332.363,7880.000,true
before,1,raw_subquery_structured,3,6270,3887.113,4720.000,true
before,1,positional_where_128,3,298,161892.617,38992.000,true
before,1,positional_where_16,3,1906,77445.540,6696.000,true
before,1,positional_derived,3,220,8869.545,7464.000,true
before,1,positional_join_using,3,9,3244.444,3248.000,true
before,1,positional_late_modifier,3,3368,1470.606,2440.000,true
before,1,named_batch_4,3,1323,6792.366,9896.000,true
before,1,raw_group_order,3,3545,5207.419,6256.000,true
before,1,named_join_using,3,9511,2101.325,3704.000,true
before,1,named_select_expressions,3,2780,4032.158,2512.000,true
before,1,positional_naming_UPPER_CAMEL_CASE,3,2124,10444.821,6424.000,true
before,1,mybatis_subquery_structured,3,3925,3984.790,5408.000,true
before,1,raw_batch_beans,4,799,11673.592,16152.000,true
before,1,mybatis_subquery_structured,4,3925,4601.656,5408.000,true
before,1,named_insert_placeholders,4,5878,2295.679,3040.000,true
before,1,positional_pagination,4,4503,1809.216,3408.000,true
before,1,mybatis_batch_beans,4,1441,14199.861,22104.000,true
before,1,named_nested,4,6668,2805.564,3816.000,true
before,1,raw_update_chain_16,4,990,12800.505,26256.000,true
before,1,mybatis_union_builder,4,1370,7261.314,8960.000,true
before,1,raw_in_256,4,7,55728.571,56720.000,true
before,1,positional_select_expressions,4,5921,2981.321,2512.000,true
before,1,custom_handler_where,4,1568,10344.133,11424.000,true
before,1,positional_dialect_MySQL,4,9479,1450.733,3432.000,true
before,1,named_delete,4,18844,778.269,2000.000,true
before,1,mybatis_subquery_raw,4,780,1440.000,2352.000,true
before,1,positional_subquery_raw,4,9661,999.959,2352.000,true
before,1,mybatis_raw_expression,4,3510,2198.405,2616.000,true
before,1,positional_dialect_Oracle,4,9159,2276.253,3616.000,true
before,1,named_where_eq,4,8470,1741.700,3272.000,true
before,1,raw_in_17,4,3,7933.333,5896.000,true
before,1,mybatis_select_star,4,6254,395.475,1240.000,true
before,1,raw_raw_expression,4,9316,1803.628,2616.000,true
before,1,raw_insert_placeholders,4,11783,1462.386,2096.000,true
before,1,raw_naming_UPPER_CAMEL_CASE,4,2093,10882.656,9376.000,true
before,1,mybatis_insert_placeholders,4,5087,1732.062,2736.000,true
before,1,mybatis_where_16,4,1392,9675.575,10176.000,true
before,1,named_select_star,4,46380,373.801,1240.000,true
before,1,mybatis_in_16,4,2443,3437.290,6592.000,true
before,1,raw_derived,4,277,9827.798,7632.000,true
before,1,named_in_1024,4,65,209253.846,353296.000,true
before,1,raw_naming_KEBAB_CASE,4,43,12388.372,9648.000,true
before,1,positional_row_in,4,2753,2040.320,2752.000,true
before,1,positional_delete,4,22368,748.243,1544.000,true
before,1,positional_in_17,4,3473,1749.179,2752.000,true
before,1,raw_insert_values,4,7796,1763.917,2544.000,true
before,1,named_naming_SCREAMING_SNAKE_CASE,4,2799,10970.632,11408.000,true
before,1,mybatis_batch_64,4,17,59823.529,119056.000,true
before,1,named_batch_4,4,1323,5689.040,9896.000,true
before,1,named_mixed_literals,4,5983,3409.761,3944.000,true
before,1,positional_where_128,4,298,56263.423,38992.000,true
before,1,named_where_128,4,83,87738.554,77464.000,true
before,1,raw_select_entity,4,241,1558.506,1992.000,true
before,1,named_join_using,4,9511,1923.468,3704.000,true
before,1,raw_select_columns,4,118,1087.288,2104.000,true
before,1,positional_union_builder,4,3752,3899.840,5920.000,true
before,1,raw_join_on,4,4,11200.000,4016.000,true
before,1,raw_naming_CAMEL_CASE,4,1648,10739.563,9360.000,true
before,1,raw_subquery_raw,4,8325,1576.529,2352.000,true
before,1,raw_union_raw,4,6018,2442.024,1968.000,true
before,1,mybatis_delete,4,3587,1069.808,1872.000,true
before,1,mybatis_in_expression,4,255,49276.078,73920.000,true
before,1,raw_union_builder,4,3,11233.333,6120.000,true
before,1,positional_insert_placeholders,4,6706,1096.242,2096.000,true
before,1,positional_in_256,4,2813,7971.916,9656.000,true
before,1,mybatis_repeated_names,4,302,48742.384,61104.000,true
before,1,mybatis_where_eq,4,2413,2455.491,3136.000,true
before,1,raw_update_map,4,6734,2114.405,3712.000,true
before,1,raw_row_in,4,44,1702.273,3168.000,true
before,1,mybatis_select_expressions,4,2005,3128.279,2512.000,true
before,1,mybatis_nested,4,7003,2695.502,3632.000,true
before,1,positional_naming_CAMEL_CASE,4,1,18400.000,6408.000,true
before,1,positional_naming_SCREAMING_SNAKE_CASE,4,2389,8126.078,6712.000,true
before,1,positional_group_order,4,2607,4547.488,6160.000,true
before,1,positional_between,4,6041,1833.091,3104.000,true
before,1,mybatis_naming_KEBAB_CASE,4,10,8410.000,10176.000,true
before,1,positional_mixed_literals,4,7348,2386.323,2976.000,true
before,1,positional_condition_only,4,1988,7493.008,5640.000,true
before,1,named_in_16,4,5246,4396.645,7680.000,true
before,1,mybatis_in_17,4,1976,86835.071,6832.000,true
before,1,mybatis_select_columns,4,9219,12355.711,2104.000,true
before,1,mybatis_derived,4,463,11047.084,9504.000,true
before,1,positional_late_modifier,4,3368,1097.862,2440.000,true
before,1,positional_derived,4,220,4915.455,7464.000,true
before,1,raw_subquery_structured,4,6270,2826.523,4720.000,true
before,1,positional_where_eq,4,10400,1565.615,2816.000,true
before,1,named_select_entity,4,9043,1147.495,1992.000,true
before,1,named_batch_beans,4,799,22559.449,26088.000,true
before,1,named_in_256,4,146,70467.123,90792.000,true
before,1,raw_nested,4,16,4443.750,3448.000,true
before,1,named_between,4,6834,2624.407,3848.000,true
before,1,raw_condition_only,4,2108,10680.076,8584.000,true
before,1,named_update_chain_16,4,376,84452.394,47808.000,true
before,1,raw_in_1024,4,66,205725.758,220328.000,true
before,1,positional_nested,4,8339,3530.687,3120.000,true
before,1,raw_select_star,4,32134,556.881,1240.000,true
before,1,named_insert_entity,4,2755,3285.154,2760.000,true
before,1,raw_insert_entity,4,9581,2143.325,2128.000,true
before,1,mybatis_insert_values,4,8791,2729.223,2872.000,true
before,1,positional_naming_UPPER_CAMEL_CASE,4,2124,10533.098,6424.000,true
before,1,positional_select_star,4,55,836.364,1240.000,true
before,1,named_row_in,4,319,3918.495,4144.000,true
before,1,raw_group_order,4,3545,5271.622,6256.000,true
before,1,raw_pagination,4,9936,2305.254,3520.000,true
before,1,raw_delete,4,455,970.330,1664.000,true
before,1,mybatis_row_in,4,5030,2793.161,3832.000,true
before,1,positional_batch_64,4,233,35002.575,72336.000,true
before,1,mybatis_mixed_literals,4,1805,3485.817,3680.000,true
before,1,mybatis_batch_4,4,936,6847.756,8944.000,true
before,1,named_where_16,4,227,15870.044,11392.000,true
before,1,positional_select_columns,4,21334,2167.793,2104.000,true
before,1,mybatis_join_using,4,54,4550.000,3568.000,true
before,1,named_select_expressions,4,2780,4661.511,2512.000,true
before,1,mybatis_naming_UPPER_CAMEL_CASE,4,1256,14711.385,9904.000,true
before,1,named_batch_64,4,148,59682.432,135072.000,true
before,1,named_union_builder,4,117,8881.197,8936.000,true
before,1,named_subquery_structured,4,5100,3963.039,5640.000,true
before,1,mybatis_naming_NO_CHANGE,4,2226,11298.023,8408.000,true
before,1,mybatis_between,4,6566,2234.283,3640.000,true
before,1,named_derived,4,594,9712.290,9536.000,true
before,1,named_naming_CAMEL_CASE,4,1367,14333.943,11104.000,true
before,1,positional_where_16,4,1906,7311.490,6696.000,true
before,1,positional_repeated_names,4,587,30600.000,35520.000,true
before,1,positional_update_map,4,9098,2092.020,3192.000,true
before,1,named_pagination,4,7040,2847.756,4192.000,true
before,1,named_condition_only,4,1813,10738.389,10328.000,true
before,1,raw_select_expressions,4,10318,3098.091,2512.000,true
before,1,raw_where_16,4,1044,10963.027,9648.000,true
before,1,named_repeated_names,4,604,50453.642,70080.000,true
before,1,positional_join_using,4,9,2522.222,3248.000,true
before,1,positional_raw_expression,4,9858,2280.047,2616.000,true
before,1,named_group_order,4,2004,4758.184,7512.000,true
before,1,mybatis_select_entity,4,9538,1366.838,1992.000,true
before,1,positional_in_expression,4,149,9346.980,10904.000,true
before,1,named_dialect_PostgreSQL,4,6888,2792.799,4216.000,true
before,1,mybatis_naming_CAMEL_CASE,4,1582,11211.884,9888.000,true
before,1,raw_naming_NO_CHANGE,4,2852,7912.588,7880.000,true
before,1,mybatis_update_chain_16,4,718,32965.320,40768.000,true
before,1,named_in_expression,4,355,49122.535,91824.000,true
before,1,named_join_on,4,7413,2789.262,4352.000,true
before,1,mybatis_pagination,4,848,2739.269,3952.000,true
before,1,positional_retry_rollback,4,4699,5547.329,6040.000,true
before,1,mybatis_where_128,4,223,84044.395,67464.000,true
before,1,raw_in_16,4,44,4393.182,5680.000,true
before,1,named_update_map,4,4781,3295.649,4920.000,true
before,1,mybatis_in_256,4,346,34566.185,72840.000,true
before,1,positional_insert_values,4,265,1068.302,2232.000,true
before,1,raw_where_128,4,8,51200.000,62680.000,true
before,1,named_naming_UPPER_CAMEL_CASE,4,7,9857.143,11120.000,true
before,1,raw_repeated_names,4,239,31500.837,59056.000,true
before,1,raw_late_modifier,4,185,1705.946,2560.000,true
before,1,positional_batch_beans,4,14,10878.571,10488.000,true
before,1,custom_handler_union,4,2,40900.000,9440.000,true
before,1,raw_between,4,4,7950.000,3432.000,true
before,1,named_union_raw,4,5877,2205.258,1968.000,true
before,1,positional_dialect_Microsoft_SQL_Server,4,8493,2585.235,3616.000,true
before,1,raw_where_eq,4,55,1356.364,2936.000,true
before,1,mybatis_union_raw,4,14447,2178.037,1968.000,true
before,1,raw_mixed_literals,4,6503,2778.302,3368.000,true
before,1,raw_retry_rollback,4,2343,6536.833,6400.000,true
before,1,positional_naming_KEBAB_CASE,4,2686,7437.714,6696.000,true
before,1,positional_batch_4,4,2695,2914.360,6128.000,true
before,1,named_dialect_Oracle,4,8410,2523.900,4392.000,true
before,1,mybatis_late_modifier,4,114,1915.789,2760.000,true
before,1,raw_in_expression,4,534,30935.581,57760.000,true
before,1,positional_dialect_DB2,4,10590,2310.302,3616.000,true
before,1,named_dialect_Microsoft_SQL_Server,4,7025,2829.865,4392.000,true
before,1,named_subquery_raw,4,10614,1055.116,2352.000,true
before,1,named_naming_NO_CHANGE,4,2162,9798.797,9624.000,true
before,1,positional_in_1024,4,509,26996.660,28584.000,true
before,1,mybatis_naming_SCREAMING_SNAKE_CASE,4,1729,11876.634,10192.000,true
before,1,raw_join_using,4,14,4242.857,3368.000,true
before,1,positional_in_16,4,11489,1700.157,2736.000,true
before,1,raw_batch_64,4,365,34748.767,94432.000,true
before,1,named_in_17,4,5123,3182.666,7968.000,true
before,1,positional_naming_NO_CHANGE,4,2596,4210.169,4928.000,true
before,1,named_dialect_DB2,4,6834,2487.884,4392.000,true
before,1,positional_update_chain_16,4,414,11563.285,23168.000,true
before,1,raw_naming_SCREAMING_SNAKE_CASE,4,2136,10004.775,9664.000,true
before,1,mybatis_condition_only,4,1426,10072.020,9112.000,true
before,1,positional_insert_entity,4,11709,1061.440,1816.000,true
before,1,mybatis_join_on,4,2073,2424.988,4216.000,true
before,1,mybatis_in_1024,4,27,150062.963,281552.000,true
before,1,positional_join_on,4,8603,1861.002,3896.000,true
before,1,mybatis_group_order,4,145,3391.034,7112.000,true
before,1,named_raw_expression,4,7752,1804.721,2616.000,true
before,1,named_insert_values,4,5827,1890.836,3176.000,true
before,1,mybatis_retry_rollback,4,792,9175.379,7760.000,true
before,1,named_late_modifier,4,6465,1471.957,2896.000,true
before,1,named_select_columns,4,6652,1387.538,2104.000,true
before,1,raw_batch_4,4,2014,3594.638,7552.000,true
before,1,positional_select_entity,4,18080,1037.865,1992.000,true
before,1,named_retry_rollback,4,1106,6441.501,8432.000,true
before,1,positional_subquery_structured,4,5857,2703.961,4856.000,true
before,1,mybatis_insert_entity,4,7239,1707.846,2456.000,true
before,1,positional_dialect_PostgreSQL,4,11626,2139.782,3432.000,true
before,1,named_naming_KEBAB_CASE,4,1758,12242.776,11392.000,true
before,1,positional_union_raw,4,159,2229.560,1968.000,true
before,1,mybatis_update_map,4,13,5884.615,4392.000,true
before,1,named_dialect_MySQL,4,8154,2142.715,4216.000,true
before,1,positional_dialect_Microsoft_SQL_Server,5,8493,2203.603,3616.000,true
before,1,named_update_chain_16,5,376,20424.202,47808.000,true
before,1,named_subquery_raw,5,10614,1156.086,2352.000,true
before,1,positional_retry_rollback,5,4699,6202.149,6040.000,true
before,1,positional_nested,5,8339,1911.212,3120.000,true
before,1,mybatis_union_raw,5,14447,2022.517,1968.000,true
before,1,mybatis_in_17,5,1976,3030.921,6832.000,true
before,1,raw_naming_UPPER_CAMEL_CASE,5,2093,9878.165,9376.000,true
before,1,raw_subquery_structured,5,6270,2825.742,4720.000,true
before,1,raw_union_raw,5,6018,2164.074,1968.000,true
before,1,raw_update_chain_16,5,990,12650.101,26256.000,true
before,1,named_select_expressions,5,2780,2932.554,2512.000,true
before,1,named_batch_64,5,148,51831.757,135072.000,true
before,1,mybatis_pagination,5,848,2112.972,3952.000,true
before,1,named_insert_values,5,5827,2048.721,3176.000,true
before,1,named_condition_only,5,1813,9918.257,10328.000,true
before,1,raw_subquery_raw,5,8325,1204.360,2352.000,true
before,1,named_retry_rollback,5,1106,8757.595,8432.000,true
before,1,raw_row_in,5,44,3168.182,3168.000,true
before,1,named_where_eq,5,8470,1544.050,3272.000,true
before,1,positional_in_1024,5,509,21986.248,28584.000,true
before,1,positional_dialect_PostgreSQL,5,11626,1780.079,3432.000,true
before,1,raw_in_256,5,7,43171.429,56720.000,true
before,1,mybatis_select_columns,5,9219,1464.551,2104.000,true
before,1,named_update_map,5,4781,3703.493,4920.000,true
before,1,named_insert_placeholders,5,5878,2247.533,3040.000,true
before,1,named_repeated_names,5,604,42518.874,70080.000,true
before,1,mybatis_naming_CAMEL_CASE,5,1582,10781.985,9888.000,true
before,1,mybatis_derived,5,463,7286.393,9504.000,true
before,1,positional_insert_entity,5,11709,1277.018,1816.000,true
before,1,mybatis_condition_only,5,1426,9852.174,9112.000,true
before,1,named_select_star,5,46380,452.339,1240.000,true
before,1,raw_mixed_literals,5,6503,2680.640,3368.000,true
before,1,raw_join_using,5,14,3928.571,3368.000,true
before,1,positional_repeated_names,5,587,25805.792,35520.000,true
before,1,positional_naming_KEBAB_CASE,5,2686,7408.042,6696.000,true
before,1,named_dialect_MySQL,5,8154,2490.177,4216.000,true
before,1,mybatis_mixed_literals,5,1805,2825.540,3680.000,true
before,1,positional_mixed_literals,5,7348,2516.290,2976.000,true
before,1,mybatis_subquery_raw,5,780,690.769,2352.000,true
before,1,positional_between,5,6041,1796.027,3104.000,true
before,1,mybatis_subquery_structured,5,3925,2963.389,5408.000,true
before,1,mybatis_between,5,6566,2182.912,3640.000,true
before,1,positional_batch_64,5,233,31286.266,72336.000,true
before,1,positional_condition_only,5,1988,7278.471,5640.000,true
before,1,mybatis_insert_placeholders,5,5087,1908.846,2736.000,true
before,1,mybatis_in_expression,5,255,34372.157,73920.000,true
before,1,mybatis_update_map,5,13,5984.615,4392.000,true
before,1,named_union_builder,5,117,9343.590,8936.000,true
before,1,raw_union_builder,5,3,8200.000,6120.000,true
before,1,named_select_entity,5,9043,1124.494,1992.000,true
before,1,named_between,5,6834,2568.291,3848.000,true
before,1,raw_insert_values,5,7796,1831.798,2544.000,true
before,1,positional_select_columns,5,21334,1530.121,2104.000,true
before,1,raw_in_expression,5,534,32852.622,57760.000,true
before,1,positional_dialect_MySQL,5,9479,1622.070,3432.000,true
before,1,mybatis_naming_UPPER_CAMEL_CASE,5,1256,10540.446,9904.000,true
before,1,positional_subquery_structured,5,5857,2895.049,4856.000,true
before,1,named_join_on,5,7413,2380.656,4352.000,true
before,1,named_pagination,5,7040,1945.085,4192.000,true
before,1,positional_dialect_DB2,5,10590,1908.905,3616.000,true
before,1,positional_insert_values,5,265,2666.792,2232.000,true
before,1,custom_handler_where,5,1568,10125.446,11424.000,true
before,1,raw_late_modifier,5,185,1510.270,2560.000,true
before,1,mybatis_where_16,5,1392,10374.497,10176.000,true
before,1,mybatis_naming_NO_CHANGE,5,2226,9082.300,8408.000,true
before,1,raw_naming_NO_CHANGE,5,2852,6210.519,7880.000,true
before,1,mybatis_join_using,5,54,2346.296,3568.000,true
before,1,positional_in_256,5,2813,7266.406,9656.000,true
before,1,positional_select_star,5,55,405.455,1240.000,true
before,1,named_in_expression,5,355,43393.521,91824.000,true
before,1,named_dialect_PostgreSQL,5,6888,1789.939,4216.000,true
before,1,raw_nested,5,16,2306.250,3448.000,true
before,1,raw_in_1024,5,66,86412.121,220328.000,true
before,1,named_in_256,5,146,36967.808,90792.000,true
before,1,positional_select_expressions,5,5921,1968.958,2512.000,true
before,1,raw_derived,5,277,4219.856,7632.000,true
before,1,named_dialect_Microsoft_SQL_Server,5,7025,2476.683,4392.000,true
before,1,positional_join_on,5,8603,2376.624,3896.000,true
before,1,raw_insert_placeholders,5,11783,869.032,2096.000,true
before,1,positional_in_expression,5,149,5712.081,10904.000,true
before,1,mybatis_naming_KEBAB_CASE,5,10,8240.000,10176.000,true
before,1,mybatis_raw_expression,5,3510,1412.336,2616.000,true
before,1,raw_condition_only,5,2108,7707.163,8584.000,true
before,1,raw_select_entity,5,241,1456.017,1992.000,true
before,1,positional_where_16,5,1906,8093.966,6696.000,true
before,1,positional_batch_beans,5,14,9935.714,10488.000,true
before,1,mybatis_nested,5,7003,2922.619,3632.000,true
before,1,positional_late_modifier,5,3368,1425.980,2440.000,true
before,1,named_where_128,5,83,93693.976,77464.000,true
before,1,positional_where_128,5,298,48998.993,38992.000,true
before,1,positional_update_map,5,9098,1697.813,3192.000,true
before,1,raw_group_order,5,3545,4033.540,6256.000,true
before,1,raw_naming_CAMEL_CASE,5,1648,10673.301,9360.000,true
before,1,mybatis_in_1024,5,27,178159.259,281552.000,true
before,1,custom_handler_union,5,2,33350.000,9440.000,true
before,1,named_batch_beans,5,799,10058.824,26088.000,true
before,1,named_insert_entity,5,2755,1350.889,2760.000,true
before,1,mybatis_select_expressions,5,2005,2294.464,2512.000,true
before,1,positional_union_builder,5,3752,3843.417,5920.000,true
before,1,named_select_columns,5,6652,1576.112,2104.000,true
before,1,raw_naming_SCREAMING_SNAKE_CASE,5,2136,9625.702,9664.000,true
before,1,positional_join_using,5,9,2555.556,3248.000,true
before,1,named_group_order,5,2004,6004.840,7512.000,true
before,1,named_mixed_literals,5,5983,2933.478,3944.000,true
before,1,named_in_1024,5,65,213161.538,353296.000,true
before,1,raw_in_16,5,44,6231.818,5680.000,true
before,1,positional_derived,5,220,9834.091,7464.000,true
before,1,raw_retry_rollback,5,2343,6886.684,6400.000,true
before,1,raw_where_16,5,1044,8335.057,9648.000,true
before,1,mybatis_late_modifier,5,114,2061.404,2760.000,true
before,1,named_in_17,5,5123,3696.662,7968.000,true
before,1,raw_join_on,5,4,11050.000,4016.000,true
before,1,named_where_16,5,227,12456.828,11392.000,true
before,1,raw_select_star,5,32134,373.825,1240.000,true
before,1,positional_naming_UPPER_CAMEL_CASE,5,2124,6104.614,6424.000,true
before,1,raw_select_expressions,5,10318,2225.160,2512.000,true
before,1,mybatis_join_on,5,2073,3111.047,4216.000,true
before,1,raw_select_columns,5,118,1031.356,2104.000,true
before,1,mybatis_row_in,5,5030,2719.622,3832.000,true
before,1,positional_naming_NO_CHANGE,5,2596,4748.112,4928.000,true
before,1,mybatis_retry_rollback,5,792,9597.980,7760.000,true
before,1,raw_in_17,5,3,14600.000,5896.000,true
before,1,mybatis_select_star,5,6254,506.284,1240.000,true
before,1,positional_batch_4,5,2695,2877.291,6128.000,true
before,1,mybatis_select_entity,5,9538,871.545,1992.000,true
before,1,raw_naming_KEBAB_CASE,5,43,6779.070,9648.000,true
before,1,mybatis_insert_entity,5,7239,1436.483,2456.000,true
before,1,positional_dialect_Oracle,5,9159,1760.181,3616.000,true
before,1,mybatis_where_128,5,223,90569.058,67464.000,true
before,1,positional_row_in,5,2753,1597.930,2752.000,true
before,1,named_naming_CAMEL_CASE,5,1367,11726.042,11104.000,true
before,1,raw_delete,5,455,555.604,1664.000,true
before,1,raw_batch_beans,5,799,10904.631,16152.000,true
before,1,mybatis_where_eq,5,2413,1858.516,3136.000,true
before,1,mybatis_batch_64,5,17,41817.647,119056.000,true
before,1,raw_repeated_names,5,239,32718.410,59056.000,true
before,1,positional_update_chain_16,5,414,12656.522,23168.000,true
before,1,mybatis_in_256,5,346,46556.647,72840.000,true
before,1,mybatis_batch_beans,5,1441,12764.816,22104.000,true
before,1,named_delete,5,18844,790.469,2000.000,true
before,1,mybatis_in_16,5,2443,3724.069,6592.000,true
before,1,mybatis_batch_4,5,936,5628.846,8944.000,true
before,1,positional_naming_SCREAMING_SNAKE_CASE,5,2389,8257.765,6712.000,true
before,1,mybatis_naming_SCREAMING_SNAKE_CASE,5,1729,9186.119,10192.000,true
before,1,named_dialect_DB2,5,6834,2818.832,4392.000,true
before,1,raw_batch_4,5,2014,3368.669,7552.000,true
before,1,positional_union_raw,5,159,2315.094,1968.000,true
before,1,raw_raw_expression,5,9316,1889.309,2616.000,true
before,1,mybatis_group_order,5,145,4634.483,7112.000,true
before,1,positional_in_16,5,11489,1190.400,2736.000,true
before,1,named_subquery_structured,5,5100,2718.902,5640.000,true
before,1,named_in_16,5,5246,2593.862,7680.000,true
before,1,named_join_using,5,9511,1484.618,3704.000,true
before,1,mybatis_repeated_names,5,302,30556.291,61104.000,true
before,1,named_raw_expression,5,7752,1420.756,2616.000,true
before,1,named_late_modifier,5,6465,1132.498,2896.000,true
before,1,positional_raw_expression,5,9858,1592.493,2616.000,true
before,1,raw_insert_entity,5,9581,961.152,2128.000,true
before,1,positional_naming_CAMEL_CASE,5,1,37700.000,6408.000,true
before,1,raw_update_map,5,6734,2224.948,3712.000,true
before,1,named_derived,5,594,5945.286,9536.000,true
before,1,positional_subquery_raw,5,9661,1113.580,2352.000,true
before,1,named_nested,5,6668,2476.485,3816.000,true
before,1,mybatis_delete,5,3587,777.586,1872.000,true
before,1,named_naming_SCREAMING_SNAKE_CASE,5,2799,11987.710,11408.000,true
before,1,named_naming_UPPER_CAMEL_CASE,5,7,13528.571,11120.000,true
before,1,raw_where_128,5,8,77112.500,62680.000,true
before,1,raw_between,5,4,6150.000,3432.000,true
before,1,named_naming_KEBAB_CASE,5,1758,9794.824,11392.000,true
before,1,raw_batch_64,5,365,42244.384,94432.000,true
before,1,mybatis_insert_values,5,8791,2105.961,2872.000,true
before,1,positional_in_17,5,3473,1847.077,2752.000,true
before,1,positional_group_order,5,2607,4603.184,6160.000,true
before,1,positional_where_eq,5,10400,1748.885,2816.000,true
before,1,raw_pagination,5,9936,2040.318,3520.000,true
before,1,positional_delete,5,22368,783.324,1544.000,true
before,1,positional_pagination,5,4503,1722.341,3408.000,true
before,1,named_union_raw,5,5877,2079.411,1968.000,true
before,1,mybatis_update_chain_16,5,718,29998.607,40768.000,true
before,1,named_batch_4,5,1323,4727.664,9896.000,true
before,1,named_dialect_Oracle,5,8410,2017.384,4392.000,true
before,1,named_row_in,5,319,2327.900,4144.000,true
before,1,raw_where_eq,5,55,2141.818,2936.000,true
before,1,mybatis_union_builder,5,1370,8050.365,8960.000,true
before,1,positional_insert_placeholders,5,6706,1434.745,2096.000,true
before,1,positional_select_entity,5,18080,1317.140,1992.000,true
before,1,named_naming_NO_CHANGE,5,2162,8611.795,9624.000,true
before,1,raw_in_256,6,7,35928.571,56720.000,true
before,1,mybatis_naming_CAMEL_CASE,6,1582,10925.980,9888.000,true
before,1,named_condition_only,6,1813,9238.720,10328.000,true
before,1,named_in_1024,6,65,194238.462,353296.000,true
before,1,mybatis_union_builder,6,1370,8761.825,8960.000,true
before,1,positional_row_in,6,2753,1612.822,2752.000,true
before,1,positional_where_128,6,298,53478.859,38992.000,true
before,1,mybatis_nested,6,7003,2462.273,3632.000,true
before,1,mybatis_retry_rollback,6,792,7661.364,7760.000,true
before,1,positional_dialect_MySQL,6,9479,1599.821,3432.000,true
before,1,positional_select_entity,6,18080,1147.069,1992.000,true
before,1,raw_batch_4,6,2014,2770.755,7552.000,true
before,1,mybatis_naming_UPPER_CAMEL_CASE,6,1256,9388.217,9904.000,true
before,1,positional_insert_placeholders,6,6706,917.477,2096.000,true
before,1,positional_in_expression,6,149,8111.409,10904.000,true
before,1,mybatis_pagination,6,848,2378.184,3952.000,true
before,1,named_in_16,6,5246,4062.429,7680.000,true
before,1,raw_pagination,6,9936,1929.529,3520.000,true
before,1,raw_batch_64,6,365,32045.753,94432.000,true
before,1,positional_where_eq,6,10400,1562.856,2816.000,true
before,1,positional_naming_UPPER_CAMEL_CASE,6,2124,8031.356,6424.000,true
before,1,raw_derived,6,277,7824.549,7632.000,true
before,1,named_row_in,6,319,2719.436,4144.000,true
before,1,positional_subquery_raw,6,9661,1315.816,2352.000,true
before,1,positional_delete,6,22368,636.914,1544.000,true
before,1,raw_subquery_structured,6,6270,2714.115,4720.000,true
before,1,positional_dialect_Oracle,6,9159,1931.772,3616.000,true
before,1,positional_in_256,6,2813,6335.371,9656.000,true
before,1,mybatis_delete,6,3587,1157.318,1872.000,true
before,1,positional_select_expressions,6,5921,2576.980,2512.000,true
before,1,named_between,6,6834,2289.625,3848.000,true
before,1,named_join_on,6,7413,1885.229,4352.000,true
before,1,named_dialect_PostgreSQL,6,6888,2892.218,4216.000,true
before,1,mybatis_group_order,6,145,5366.897,7112.000,true
before,1,positional_dialect_DB2,6,10590,2213.626,3616.000,true
before,1,positional_mixed_literals,6,7348,2180.784,2976.000,true
before,1,mybatis_insert_entity,6,7239,1139.218,2456.000,true
before,1,raw_join_on,6,4,10525.000,4016.000,true
before,1,mybatis_update_map,6,13,3038.462,4392.000,true
before,1,raw_naming_SCREAMING_SNAKE_CASE,6,2136,6408.380,9664.000,true
before,1,mybatis_condition_only,6,1426,9499.509,9112.000,true
before,1,named_union_builder,6,117,9495.726,8936.000,true
before,1,mybatis_update_chain_16,6,718,23977.716,40768.000,true
before,1,positional_naming_CAMEL_CASE,6,1,34100.000,6408.000,true
before,1,raw_where_16,6,1044,9602.299,9648.000,true
before,1,mybatis_naming_SCREAMING_SNAKE_CASE,6,1729,11269.289,10192.000,true
before,1,raw_naming_UPPER_CAMEL_CASE,6,2093,10421.930,9376.000,true
before,1,raw_repeated_names,6,239,40276.569,59056.000,true
before,1,positional_update_map,6,9098,1987.415,3192.000,true
before,1,positional_naming_NO_CHANGE,6,2596,5438.906,4928.000,true
before,1,named_where_16,6,227,11695.595,11392.000,true
before,1,mybatis_union_raw,6,14447,2131.169,1968.000,true
before,1,positional_derived,6,220,7552.727,7464.000,true
before,1,named_naming_NO_CHANGE,6,2162,6769.796,9624.000,true
before,1,named_join_using,6,9511,1683.304,3704.000,true
before,1,named_naming_SCREAMING_SNAKE_CASE,6,2799,11476.742,11408.000,true
before,1,positional_batch_64,6,233,29523.176,72336.000,true
before,1,positional_join_on,6,8603,2184.633,3896.000,true
before,1,raw_select_star,6,32134,391.302,1240.000,true
before,1,named_delete,6,18844,875.159,2000.000,true
before,1,positional_repeated_names,6,587,27374.106,35520.000,true
before,1,positional_late_modifier,6,3368,1345.635,2440.000,true
before,1,raw_union_builder,6,3,44333.333,6120.000,true
before,1,named_retry_rollback,6,1106,9281.103,8432.000,true
before,1,named_dialect_DB2,6,6834,2763.974,4392.000,true
before,1,raw_mixed_literals,6,6503,2355.128,3368.000,true
before,1,positional_naming_KEBAB_CASE,6,2686,6154.133,6696.000,true
before,1,mybatis_subquery_raw,6,780,1392.949,2352.000,true
before,1,positional_in_1024,6,509,24028.291,28584.000,true
before,1,raw_naming_NO_CHANGE,6,2852,7448.738,7880.000,true
before,1,named_in_expression,6,355,45229.577,91824.000,true
before,1,named_select_entity,6,9043,916.831,1992.000,true
before,1,mybatis_in_expression,6,255,35095.686,73920.000,true
before,1,mybatis_batch_beans,6,1441,13111.312,22104.000,true
before,1,positional_in_16,6,11489,1624.580,2736.000,true
before,1,mybatis_in_256,6,346,42878.035,72840.000,true
before,1,mybatis_in_16,6,2443,3521.122,6592.000,true
before,1,mybatis_join_using,6,54,2394.444,3568.000,true
before,1,positional_between,6,6041,1825.939,3104.000,true
before,1,named_late_modifier,6,6465,1521.500,2896.000,true
before,1,raw_insert_entity,6,9581,1500.699,2128.000,true
before,1,mybatis_select_expressions,6,2005,3090.923,2512.000,true
before,1,mybatis_batch_64,6,17,66488.235,119056.000,true
before,1,named_in_17,6,5123,3679.895,7968.000,true
before,1,raw_in_1024,6,66,124063.636,220328.000,true
before,1,named_subquery_structured,6,5100,3318.059,5640.000,true
before,1,mybatis_subquery_structured,6,3925,2732.229,5408.000,true
before,1,named_batch_64,6,148,62606.081,135072.000,true
before,1,named_union_raw,6,5877,2076.876,1968.000,true
before,1,positional_update_chain_16,6,414,11665.942,23168.000,true
before,1,raw_where_128,6,8,79287.500,62680.000,true
before,1,named_dialect_MySQL,6,8154,2325.546,4216.000,true
before,1,named_batch_4,6,1323,4934.316,9896.000,true
before,1,positional_where_16,6,1906,5418.258,6696.000,true
before,1,named_select_star,6,46380,270.638,1240.000,true
before,1,mybatis_late_modifier,6,114,1945.614,2760.000,true
before,1,mybatis_row_in,6,5030,2722.087,3832.000,true
before,1,named_naming_CAMEL_CASE,6,1367,10151.280,11104.000,true
before,1,raw_update_chain_16,6,990,11617.374,26256.000,true
before,1,raw_in_16,6,44,3206.818,5680.000,true
before,1,mybatis_join_on,6,2073,1812.253,4216.000,true
before,1,named_subquery_raw,6,10614,803.674,2352.000,true
before,1,mybatis_insert_placeholders,6,5087,1508.040,2736.000,true
before,1,raw_row_in,6,44,2947.727,3168.000,true
before,1,named_repeated_names,6,604,39838.079,70080.000,true
before,1,mybatis_raw_expression,6,3510,1977.692,2616.000,true
before,1,mybatis_between,6,6566,2241.197,3640.000,true
before,1,raw_select_expressions,6,10318,2824.404,2512.000,true
before,1,raw_in_expression,6,534,34409.551,57760.000,true
before,1,named_derived,6,594,9643.771,9536.000,true
before,1,positional_dialect_PostgreSQL,6,11626,2202.692,3432.000,true
before,1,mybatis_select_star,6,6254,418.340,1240.000,true
before,1,positional_condition_only,6,1988,5637.425,5640.000,true
before,1,mybatis_repeated_names,6,302,51251.325,61104.000,true
before,1,raw_subquery_raw,6,8325,1355.652,2352.000,true
before,1,raw_where_eq,6,55,3481.818,2936.000,true
before,1,raw_batch_beans,6,799,8388.611,16152.000,true
before,1,named_insert_placeholders,6,5878,1997.363,3040.000,true
before,1,named_insert_entity,6,2755,1827.405,2760.000,true
before,1,mybatis_select_entity,6,9538,1000.734,1992.000,true
before,1,raw_update_map,6,6734,2414.405,3712.000,true
before,1,positional_insert_entity,6,11709,1130.575,1816.000,true
before,1,named_where_128,6,83,97103.614,77464.000,true
before,1,positional_batch_4,6,2695,2270.241,6128.000,true
before,1,positional_batch_beans,6,14,9950.000,10488.000,true
before,1,named_naming_KEBAB_CASE,6,1758,8687.827,11392.000,true
before,1,named_in_256,6,146,46876.027,90792.000,true
before,1,named_dialect_Microsoft_SQL_Server,6,7025,2325.651,4392.000,true
before,1,mybatis_where_eq,6,2413,1643.431,3136.000,true
before,1,raw_late_modifier,6,185,932.432,2560.000,true
before,1,raw_select_columns,6,118,2913.559,2104.000,true
before,1,raw_naming_KEBAB_CASE,6,43,13186.047,9648.000,true
before,1,mybatis_where_128,6,223,70463.229,67464.000,true
before,1,custom_handler_where,6,1568,9724.171,11424.000,true
before,1,raw_naming_CAMEL_CASE,6,1648,10147.148,9360.000,true
before,1,positional_naming_SCREAMING_SNAKE_CASE,6,2389,8253.286,6712.000,true
before,1,raw_in_17,6,3,9100.000,5896.000,true
before,1,named_mixed_literals,6,5983,2411.215,3944.000,true
before,1,raw_select_entity,6,241,1488.797,1992.000,true
before,1,raw_nested,6,16,3150.000,3448.000,true
before,1,mybatis_batch_4,6,936,4619.231,8944.000,true
before,1,named_batch_beans,6,799,15250.563,26088.000,true
before,1,positional_in_17,6,3473,1586.928,2752.000,true
before,1,mybatis_where_16,6,1392,11007.687,10176.000,true
before,1,raw_raw_expression,6,9316,1712.140,2616.000,true
before,1,raw_group_order,6,3545,4347.898,6256.000,true
before,1,mybatis_insert_values,6,8791,1624.377,2872.000,true
before,1,mybatis_naming_NO_CHANGE,6,2226,8968.958,8408.000,true
before,1,named_select_expressions,6,2780,2828.957,2512.000,true
before,1,raw_join_using,6,14,6157.143,3368.000,true
before,1,positional_nested,6,8339,2096.414,3120.000,true
before,1,named_dialect_Oracle,6,8410,2570.428,4392.000,true
before,1,positional_join_using,6,9,3277.778,3248.000,true
before,1,named_update_chain_16,6,376,27818.883,47808.000,true
before,1,positional_pagination,6,4503,1521.719,3408.000,true
before,1,raw_delete,6,455,626.593,1664.000,true
before,1,mybatis_select_columns,6,9219,1473.424,2104.000,true
before,1,raw_insert_values,6,7796,1639.841,2544.000,true
before,1,positional_select_columns,6,21334,1458.597,2104.000,true
before,1,positional_subquery_structured,6,5857,2281.543,4856.000,true
before,1,named_insert_values,6,5827,115277.124,3176.000,true
before,1,positional_insert_values,6,265,1595.849,2232.000,true
before,1,mybatis_derived,6,463,10850.108,9504.000,true
before,1,named_select_columns,6,6652,4837.222,2104.000,true
before,1,positional_select_star,6,55,818.182,1240.000,true
before,1,positional_raw_expression,6,9858,2033.100,2616.000,true
before,1,custom_handler_union,6,2,35300.000,9440.000,true
before,1,positional_group_order,6,2607,3410.932,6160.000,true
before,1,named_where_eq,6,8470,1932.928,3272.000,true
before,1,named_nested,6,6668,3046.881,3816.000,true
before,1,mybatis_in_1024,6,27,218159.259,281552.000,true
before,1,positional_union_builder,6,3752,6193.443,5920.000,true
before,1,named_raw_expression,6,7752,2147.872,2616.000,true
before,1,named_group_order,6,2004,5563.124,7512.000,true
before,1,positional_dialect_Microsoft_SQL_Server,6,8493,2763.558,3616.000,true
before,1,raw_condition_only,6,2108,9744.165,8584.000,true
before,1,named_pagination,6,7040,2551.207,4192.000,true
before,1,named_naming_UPPER_CAMEL_CASE,6,7,19400.000,11120.000,true
before,1,mybatis_mixed_literals,6,1805,3299.723,3680.000,true
before,1,raw_between,6,4,8775.000,3432.000,true
before,1,named_update_map,6,4781,3248.191,4920.000,true
before,1,mybatis_in_17,6,1976,3400.506,6832.000,true
before,1,raw_union_raw,6,6018,1857.046,1968.000,true
before,1,mybatis_naming_KEBAB_CASE,6,10,15870.000,10176.000,true
before,1,positional_retry_rollback,6,4699,5831.539,6040.000,true
before,1,raw_insert_placeholders,6,11783,1388.823,2096.000,true
before,1,raw_retry_rollback,6,2343,6762.015,6400.000,true
before,1,positional_union_raw,6,159,2623.270,1968.000,true
before,1,raw_update_map,7,6734,2682.922,3712.000,true
before,1,mybatis_naming_CAMEL_CASE,7,1582,10312.073,9888.000,true
before,1,positional_update_map,7,9098,1735.865,3192.000,true
before,1,positional_dialect_MySQL,7,9479,1844.182,3432.000,true
before,1,mybatis_union_builder,7,1370,7477.153,8960.000,true
before,1,named_in_expression,7,355,46510.423,91824.000,true
before,1,named_join_using,7,9511,1702.282,3704.000,true
before,1,named_select_expressions,7,2780,3278.633,2512.000,true
before,1,mybatis_raw_expression,7,3510,3004.530,2616.000,true
before,1,positional_select_columns,7,21334,1556.089,2104.000,true
before,1,positional_where_16,7,1906,8470.094,6696.000,true
before,1,positional_in_256,7,2813,6521.685,9656.000,true
before,1,positional_delete,7,22368,666.676,1544.000,true
before,1,named_naming_NO_CHANGE,7,2162,9972.340,9624.000,true
before,1,raw_where_16,7,1044,10279.502,9648.000,true
before,1,mybatis_retry_rollback,7,792,8299.747,7760.000,true
before,1,mybatis_where_128,7,223,88260.538,67464.000,true
before,1,positional_between,7,6041,1666.098,3104.000,true
before,1,raw_nested,7,16,5056.250,3448.000,true
before,1,raw_row_in,7,44,2950.000,3168.000,true
before,1,named_select_columns,7,6652,1671.858,2104.000,true
before,1,positional_group_order,7,2607,2679.325,6160.000,true
before,1,raw_insert_entity,7,9581,1396.670,2128.000,true
before,1,named_late_modifier,7,6465,915.561,2896.000,true
before,1,raw_in_1024,7,66,112280.303,220328.000,true
before,1,positional_late_modifier,7,3368,1077.049,2440.000,true
before,1,mybatis_row_in,7,5030,1693.320,3832.000,true
before,1,raw_select_expressions,7,10318,3237.846,2512.000,true
before,1,raw_in_17,7,3,12100.000,5896.000,true
before,1,mybatis_join_on,7,2073,3029.281,4216.000,true
before,1,named_row_in,7,319,2403.135,4144.000,true
before,1,positional_pagination,7,4503,1777.837,3408.000,true
before,1,mybatis_mixed_literals,7,1805,3040.997,3680.000,true
before,1,positional_where_eq,7,10400,2054.240,2816.000,true
before,1,raw_select_columns,7,118,1066.102,2104.000,true
before,1,mybatis_in_expression,7,255,42734.902,73920.000,true
before,1,mybatis_group_order,7,145,5834.483,7112.000,true
before,1,named_insert_values,7,5827,2276.523,3176.000,true
before,1,positional_naming_CAMEL_CASE,7,1,28100.000,6408.000,true
before,1,positional_insert_placeholders,7,6706,1205.413,2096.000,true
before,1,positional_raw_expression,7,9858,1394.664,2616.000,true
before,1,mybatis_condition_only,7,1426,9197.195,9112.000,true
before,1,raw_subquery_raw,7,8325,995.832,2352.000,true
before,1,positional_batch_4,7,2695,2953.878,6128.000,true
before,1,positional_row_in,7,2753,1959.353,2752.000,true
before,1,raw_insert_values,7,7796,1633.440,2544.000,true
before,1,named_batch_beans,7,799,14538.298,26088.000,true
before,1,named_nested,7,6668,2909.988,3816.000,true
before,1,positional_in_17,7,3473,1582.465,2752.000,true
before,1,named_select_star,7,46380,299.959,1240.000,true
before,1,named_naming_SCREAMING_SNAKE_CASE,7,2799,11832.869,11408.000,true
before,1,mybatis_union_raw,7,14447,2096.311,1968.000,true
before,1,positional_retry_rollback,7,4699,3681.741,6040.000,true
before,1,mybatis_late_modifier,7,114,1315.789,2760.000,true
before,1,raw_update_chain_16,7,990,14375.152,26256.000,true
before,1,mybatis_where_16,7,1392,6803.807,10176.000,true
before,1,positional_naming_UPPER_CAMEL_CASE,7,2124,5978.390,6424.000,true
before,1,raw_delete,7,455,743.736,1664.000,true
before,1,named_insert_entity,7,2755,1202.759,2760.000,true
before,1,mybatis_naming_UPPER_CAMEL_CASE,7,1256,9553.901,9904.000,true
before,1,positional_select_expressions,7,5921,2621.990,2512.000,true
before,1,mybatis_select_star,7,6254,374.528,1240.000,true
before,1,raw_pagination,7,9936,1711.403,3520.000,true
before,1,positional_naming_SCREAMING_SNAKE_CASE,7,2389,7632.817,6712.000,true
before,1,named_between,7,6834,2139.216,3848.000,true
before,1,mybatis_select_expressions,7,2005,2469.526,2512.000,true
before,1,raw_batch_4,7,2014,3690.318,7552.000,true
before,1,mybatis_update_chain_16,7,718,25782.730,40768.000,true
before,1,named_where_16,7,227,13642.291,11392.000,true
before,1,raw_late_modifier,7,185,1463.784,2560.000,true
before,1,mybatis_repeated_names,7,302,35448.344,61104.000,true
before,1,raw_naming_KEBAB_CASE,7,43,10532.558,9648.000,true
before,1,mybatis_pagination,7,848,2011.321,3952.000,true
before,1,raw_naming_UPPER_CAMEL_CASE,7,2093,6990.062,9376.000,true
before,1,positional_dialect_Oracle,7,9159,2007.512,3616.000,true
before,1,mybatis_update_map,7,13,5561.538,4392.000,true
before,1,named_naming_UPPER_CAMEL_CASE,7,7,14714.286,11120.000,true
before,1,positional_select_entity,7,18080,1360.144,1992.000,true
before,1,named_subquery_raw,7,10614,1110.307,2352.000,true
before,1,named_naming_KEBAB_CASE,7,1758,8752.105,11392.000,true
before,1,mybatis_select_entity,7,9538,809.488,1992.000,true
before,1,positional_dialect_PostgreSQL,7,11626,1363.281,3432.000,true
before,1,positional_repeated_names,7,587,18006.814,35520.000,true
before,1,mybatis_naming_KEBAB_CASE,7,10,23270.000,10176.000,true
before,1,raw_subquery_structured,7,6270,1727.990,4720.000,true
before,1,raw_group_order,7,3545,3361.016,6256.000,true
before,1,positional_in_16,7,11489,1109.339,2736.000,true
before,1,mybatis_where_eq,7,2413,1282.304,3136.000,true
before,1,named_dialect_Microsoft_SQL_Server,7,7025,2053.224,4392.000,true
before,1,positional_mixed_literals,7,7348,1563.596,2976.000,true
before,1,mybatis_between,7,6566,2337.511,3640.000,true
before,1,named_dialect_DB2,7,6834,2033.421,4392.000,true
before,1,named_in_17,7,5123,3644.759,7968.000,true
before,1,mybatis_in_1024,7,27,146814.815,281552.000,true
before,1,raw_between,7,4,6000.000,3432.000,true
before,1,mybatis_subquery_structured,7,3925,2608.815,5408.000,true
before,1,named_repeated_names,7,604,43177.980,70080.000,true
before,1,raw_join_using,7,14,3664.286,3368.000,true
before,1,named_group_order,7,2004,4021.158,7512.000,true
before,1,mybatis_derived,7,463,9102.592,9504.000,true
before,1,named_in_256,7,146,47400.000,90792.000,true
before,1,named_where_128,7,83,51331.325,77464.000,true
before,1,raw_in_256,7,7,22585.714,56720.000,true
before,1,positional_insert_entity,7,11709,1184.132,1816.000,true
before,1,positional_derived,7,220,4961.818,7464.000,true
before,1,raw_naming_SCREAMING_SNAKE_CASE,7,2136,6583.521,9664.000,true
before,1,raw_naming_CAMEL_CASE,7,1648,8812.803,9360.000,true
before,1,raw_batch_64,7,365,30178.356,94432.000,true
before,1,mybatis_join_using,7,54,2494.444,3568.000,true
before,1,raw_in_expression,7,534,28862.547,57760.000,true
before,1,mybatis_naming_SCREAMING_SNAKE_CASE,7,1729,10156.102,10192.000,true
before,1,raw_repeated_names,7,239,34825.523,59056.000,true
before,1,positional_condition_only,7,1988,6017.606,5640.000,true
before,1,positional_naming_KEBAB_CASE,7,2686,6529.821,6696.000,true
before,1,positional_select_star,7,55,545.455,1240.000,true
before,1,named_in_16,7,5246,3586.561,7680.000,true
before,1,raw_union_raw,7,6018,1801.346,1968.000,true
before,1,named_retry_rollback,7,1106,6752.260,8432.000,true
before,1,named_update_chain_16,7,376,28275.000,47808.000,true
before,1,mybatis_insert_values,7,8791,1654.328,2872.000,true
before,1,mybatis_insert_placeholders,7,5087,1526.007,2736.000,true
before,1,positional_join_on,7,8603,2812.472,3896.000,true
before,1,named_where_eq,7,8470,1106.068,3272.000,true
before,1,mybatis_nested,7,7003,2610.781,3632.000,true
before,1,named_dialect_PostgreSQL,7,6888,1916.086,4216.000,true
before,1,custom_handler_where,7,1568,10194.133,11424.000,true
before,1,positional_union_raw,7,159,1327.673,1968.000,true
before,1,raw_where_128,7,8,43687.500,62680.000,true
before,1,named_batch_64,7,148,65799.324,135072.000,true
before,1,positional_update_chain_16,7,414,11443.720,23168.000,true
before,1,named_pagination,7,7040,2104.531,4192.000,true
before,1,raw_retry_rollback,7,2343,4775.032,6400.000,true
before,1,mybatis_batch_64,7,17,43017.647,119056.000,true
before,1,mybatis_insert_entity,7,7239,1967.399,2456.000,true
before,1,raw_join_on,7,4,18525.000,4016.000,true
before,1,custom_handler_union,7,2,39350.000,9440.000,true
before,1,named_dialect_Oracle,7,8410,2551.819,4392.000,true
before,1,raw_batch_beans,7,799,10147.935,16152.000,true
before,1,mybatis_in_256,7,346,28603.757,72840.000,true
before,1,named_delete,7,18844,605.715,2000.000,true
before,1,raw_insert_placeholders,7,11783,989.901,2096.000,true
before,1,raw_where_eq,7,55,1581.818,2936.000,true
before,1,raw_condition_only,7,2108,8420.636,8584.000,true
before,1,positional_insert_values,7,265,999.245,2232.000,true
before,1,named_in_1024,7,65,192109.231,353296.000,true
before,1,positional_union_builder,7,3752,4746.429,5920.000,true
before,1,raw_naming_NO_CHANGE,7,2852,6692.812,7880.000,true
before,1,named_mixed_literals,7,5983,3248.487,3944.000,true
before,1,positional_dialect_Microsoft_SQL_Server,7,8493,2467.938,3616.000,true
before,1,raw_select_entity,7,241,1498.755,1992.000,true
before,1,named_naming_CAMEL_CASE,7,1367,11449.159,11104.000,true
before,1,positional_subquery_raw,7,9661,958.027,2352.000,true
before,1,mybatis_naming_NO_CHANGE,7,2226,8624.843,8408.000,true
before,1,named_insert_placeholders,7,5878,1913.032,3040.000,true
before,1,named_subquery_structured,7,5100,2696.804,5640.000,true
before,1,positional_subquery_structured,7,5857,1994.058,4856.000,true
before,1,raw_raw_expression,7,9316,2125.021,2616.000,true
before,1,raw_union_builder,7,3,17433.333,6120.000,true
before,1,mybatis_delete,7,3587,687.538,1872.000,true
before,1,mybatis_batch_4,7,936,4601.282,8944.000,true
before,1,named_union_builder,7,117,9451.282,8936.000,true
before,1,named_derived,7,594,7974.411,9536.000,true
before,1,mybatis_subquery_raw,7,780,730.385,2352.000,true
before,1,positional_naming_NO_CHANGE,7,2596,5407.550,4928.000,true
before,1,positional_nested,7,8339,1636.299,3120.000,true
before,1,mybatis_in_16,7,2443,3783.135,6592.000,true
before,1,named_select_entity,7,9043,1057.757,1992.000,true
before,1,mybatis_batch_beans,7,1441,9771.131,22104.000,true
before,1,positional_batch_beans,7,14,3464.286,10488.000,true
before,1,named_join_on,7,7413,1645.784,4352.000,true
before,1,named_dialect_MySQL,7,8154,2246.026,4216.000,true
before,1,named_union_raw,7,5877,1449.855,1968.000,true
before,1,positional_in_1024,7,509,18074.853,28584.000,true
before,1,named_batch_4,7,1323,4957.370,9896.000,true
before,1,positional_in_expression,7,149,12401.342,10904.000,true
before,1,positional_batch_64,7,233,25988.841,72336.000,true
before,1,named_raw_expression,7,7752,1667.802,2616.000,true
before,1,mybatis_in_17,7,1976,3282.237,6832.000,true
before,1,named_update_map,7,4781,2932.357,4920.000,true
before,1,positional_dialect_DB2,7,10590,1739.537,3616.000,true
before,1,raw_select_star,7,32134,397.918,1240.000,true
before,1,mybatis_select_columns,7,9219,1241.913,2104.000,true
before,1,positional_where_128,7,298,47033.221,38992.000,true
before,1,named_condition_only,7,1813,9148.649,10328.000,true
before,1,raw_in_16,7,44,3740.909,5680.000,true
before,1,raw_derived,7,277,5050.542,7632.000,true
before,1,raw_mixed_literals,7,6503,1812.056,3368.000,true
before,1,positional_join_using,7,9,2655.556,3248.000,true
before,1,raw_insert_entity,8,9581,1100.261,2128.000,true
before,1,named_update_chain_16,8,376,33506.117,47808.000,true
before,1,positional_condition_only,8,1988,6929.477,5640.000,true
before,1,raw_in_17,8,3,13233.333,5896.000,true
before,1,raw_select_entity,8,241,1222.407,1992.000,true
before,1,named_select_star,8,46380,325.886,1240.000,true
before,1,raw_retry_rollback,8,2343,4548.741,6400.000,true
before,1,raw_repeated_names,8,239,33492.050,59056.000,true
before,1,raw_between,8,4,6950.000,3432.000,true
before,1,positional_derived,8,220,4895.000,7464.000,true
before,1,raw_delete,8,455,690.769,1664.000,true
before,1,mybatis_pagination,8,848,2077.123,3952.000,true
before,1,named_group_order,8,2004,4936.327,7512.000,true
before,1,raw_batch_beans,8,799,7763.329,16152.000,true
before,1,positional_dialect_Oracle,8,9159,1700.306,3616.000,true
before,1,positional_where_128,8,298,37384.228,38992.000,true
before,1,mybatis_subquery_structured,8,3925,1988.459,5408.000,true
before,1,positional_naming_NO_CHANGE,8,2596,5764.522,4928.000,true
before,1,positional_dialect_Microsoft_SQL_Server,8,8493,1978.641,3616.000,true
before,1,named_dialect_MySQL,8,8154,2345.327,4216.000,true
before,1,positional_select_entity,8,18080,857.113,1992.000,true
before,1,raw_where_eq,8,55,1498.182,2936.000,true
before,1,positional_delete,8,22368,522.139,1544.000,true
before,1,mybatis_naming_KEBAB_CASE,8,10,14640.000,10176.000,true
before,1,raw_late_modifier,8,185,1497.838,2560.000,true
before,1,mybatis_in_17,8,1976,3428.644,6832.000,true
before,1,named_where_16,8,227,9611.454,11392.000,true
before,1,mybatis_insert_placeholders,8,5087,1489.778,2736.000,true
before,1,raw_update_map,8,6734,2391.461,3712.000,true
before,1,positional_insert_placeholders,8,6706,1344.781,2096.000,true
before,1,mybatis_union_builder,8,1370,8555.547,8960.000,true
before,1,raw_subquery_raw,8,8325,968.060,2352.000,true
before,1,mybatis_where_16,8,1392,8596.336,10176.000,true
before,1,positional_batch_64,8,233,31457.940,72336.000,true
before,1,raw_where_16,8,1044,6141.284,9648.000,true
before,1,mybatis_naming_SCREAMING_SNAKE_CASE,8,1729,8887.796,10192.000,true
before,1,positional_batch_4,8,2695,3252.134,6128.000,true
before,1,named_dialect_PostgreSQL,8,6888,2228.223,4216.000,true
before,1,positional_group_order,8,2607,3135.788,6160.000,true
before,1,raw_in_1024,8,66,124354.545,220328.000,true
before,1,raw_where_128,8,8,75525.000,62680.000,true
before,1,positional_naming_SCREAMING_SNAKE_CASE,8,2389,8407.660,6712.000,true
before,1,mybatis_update_map,8,13,5338.462,4392.000,true
before,1,named_raw_expression,8,7752,1894.466,2616.000,true
before,1,named_where_eq,8,8470,1354.545,3272.000,true
before,1,named_condition_only,8,1813,8579.261,10328.000,true
before,1,mybatis_late_modifier,8,114,1642.105,2760.000,true
before,1,raw_derived,8,277,6080.144,7632.000,true
before,1,named_in_17,8,5123,3199.239,7968.000,true
before,1,named_subquery_raw,8,10614,1021.142,2352.000,true
before,1,named_union_builder,8,117,5376.923,8936.000,true
before,1,mybatis_insert_values,8,8791,1851.712,2872.000,true
before,1,named_select_columns,8,6652,1206.239,2104.000,true
before,1,mybatis_derived,8,463,7350.108,9504.000,true
before,1,named_repeated_names,8,604,40542.219,70080.000,true
before,1,mybatis_batch_beans,8,1441,12000.763,22104.000,true
before,1,named_late_modifier,8,6465,1249.389,2896.000,true
before,1,mybatis_select_star,8,6254,335.593,1240.000,true
before,1,named_between,8,6834,2006.394,3848.000,true
before,1,raw_group_order,8,3545,3648.660,6256.000,true
before,1,positional_naming_UPPER_CAMEL_CASE,8,2124,8454.755,6424.000,true
before,1,raw_in_256,8,7,35942.857,56720.000,true
before,1,positional_in_256,8,2813,7154.284,9656.000,true
before,1,positional_where_16,8,1906,7440.976,6696.000,true
before,1,raw_subquery_structured,8,6270,1996.986,4720.000,true
before,1,mybatis_condition_only,8,1426,8299.229,9112.000,true
before,1,positional_update_map,8,9098,1696.933,3192.000,true
before,1,raw_select_columns,8,118,949.153,2104.000,true
before,1,mybatis_row_in,8,5030,2126.183,3832.000,true
before,1,positional_dialect_DB2,8,10590,1845.647,3616.000,true
before,1,raw_union_builder,8,3,11966.667,6120.000,true
before,1,positional_mixed_literals,8,7348,2150.939,2976.000,true
before,1,raw_select_expressions,8,10318,2226.468,2512.000,true
before,1,mybatis_in_256,8,346,48911.561,72840.000,true
before,1,mybatis_union_raw,8,14447,1620.364,1968.000,true
before,1,mybatis_where_eq,8,2413,1029.300,3136.000,true
before,1,named_insert_entity,8,2755,1307.949,2760.000,true
before,1,mybatis_mixed_literals,8,1805,1909.584,3680.000,true
before,1,raw_update_chain_16,8,990,9073.434,26256.000,true
before,1,raw_insert_placeholders,8,11783,1154.231,2096.000,true
before,1,mybatis_in_1024,8,27,188207.407,281552.000,true
before,1,named_naming_SCREAMING_SNAKE_CASE,8,2799,8838.299,11408.000,true
before,1,raw_batch_4,8,2014,2441.212,7552.000,true
before,1,mybatis_select_expressions,8,2005,1920.948,2512.000,true
before,1,named_where_128,8,83,69600.000,77464.000,true
before,1,mybatis_join_using,8,54,6462.963,3568.000,true
before,1,named_dialect_Microsoft_SQL_Server,8,7025,2510.391,4392.000,true
before,1,positional_nested,8,8339,1379.290,3120.000,true
before,1,named_in_256,8,146,39115.068,90792.000,true
before,1,named_in_16,8,5246,3459.398,7680.000,true
before,1,raw_raw_expression,8,9316,1783.491,2616.000,true
before,1,mybatis_naming_CAMEL_CASE,8,1582,8832.554,9888.000,true
before,1,mybatis_retry_rollback,8,792,5116.035,7760.000,true
before,1,named_insert_values,8,5827,1963.377,3176.000,true
before,1,mybatis_select_entity,8,9538,1148.480,1992.000,true
before,1,mybatis_delete,8,3587,562.113,1872.000,true
before,1,positional_insert_entity,8,11709,1035.673,1816.000,true
before,1,mybatis_subquery_raw,8,780,653.462,2352.000,true
before,1,positional_naming_KEBAB_CASE,8,2686,8313.440,6696.000,true
before,1,positional_update_chain_16,8,414,15391.063,23168.000,true
before,1,named_naming_UPPER_CAMEL_CASE,8,7,10557.143,11120.000,true
before,1,mybatis_raw_expression,8,3510,1117.493,2616.000,true
before,1,named_in_expression,8,355,33003.944,91824.000,true
before,1,named_mixed_literals,8,5983,1695.420,3944.000,true
before,1,positional_select_star,8,55,463.636,1240.000,true
before,1,raw_join_on,8,4,7850.000,4016.000,true
before,1,named_delete,8,18844,732.318,2000.000,true
before,1,raw_naming_SCREAMING_SNAKE_CASE,8,2136,6838.202,9664.000,true
before,1,named_pagination,8,7040,2400.597,4192.000,true
before,1,mybatis_batch_4,8,936,3812.714,8944.000,true
before,1,positional_in_expression,8,149,8959.060,10904.000,true
before,1,named_join_using,8,9511,1205.583,3704.000,true
before,1,named_select_entity,8,9043,745.936,1992.000,true
before,1,raw_batch_64,8,365,36326.849,94432.000,true
before,1,raw_row_in,8,44,2454.545,3168.000,true
before,1,raw_in_expression,8,534,27406.180,57760.000,true
before,1,raw_insert_values,8,7796,1480.156,2544.000,true
before,1,positional_in_17,8,3473,1074.547,2752.000,true
before,1,positional_subquery_structured,8,5857,1876.643,4856.000,true
before,1,positional_union_raw,8,159,1765.409,1968.000,true
before,1,mybatis_where_128,8,223,73533.184,67464.000,true
before,1,raw_naming_UPPER_CAMEL_CASE,8,2093,10151.218,9376.000,true
before,1,named_row_in,8,319,2701.567,4144.000,true
before,1,raw_join_using,8,14,2785.714,3368.000,true
before,1,named_dialect_DB2,8,6834,2351.624,4392.000,true
before,1,positional_batch_beans,8,14,7985.714,10488.000,true
before,1,named_nested,8,6668,2022.196,3816.000,true
before,1,positional_retry_rollback,8,4699,4661.502,6040.000,true
before,1,raw_union_raw,8,6018,2005.550,1968.000,true
before,1,named_batch_beans,8,799,22742.303,26088.000,true
before,1,raw_mixed_literals,8,6503,2747.932,3368.000,true
before,1,positional_join_using,8,9,1922.222,3248.000,true
before,1,named_retry_rollback,8,1106,6257.414,8432.000,true
before,1,positional_in_1024,8,509,18299.411,28584.000,true
before,1,named_naming_NO_CHANGE,8,2162,8477.151,9624.000,true
before,1,named_select_expressions,8,2780,2323.885,2512.000,true
before,1,positional_union_builder,8,3752,4905.277,5920.000,true
before,1,mybatis_join_on,8,2073,1936.565,4216.000,true
before,1,mybatis_repeated_names,8,302,34204.305,61104.000,true
before,1,positional_between,8,6041,1512.200,3104.000,true
before,1,positional_repeated_names,8,587,25258.262,35520.000,true
before,1,named_union_raw,8,5877,1904.237,1968.000,true
before,1,positional_raw_expression,8,9858,2235.788,2616.000,true
before,1,positional_where_eq,8,10400,1128.635,2816.000,true
before,1,mybatis_update_chain_16,8,718,27815.460,40768.000,true
before,1,mybatis_group_order,8,145,5731.724,7112.000,true
before,1,positional_subquery_raw,8,9661,879.919,2352.000,true
before,1,raw_nested,8,16,3262.500,3448.000,true
before,1,raw_naming_CAMEL_CASE,8,1648,8254.369,9360.000,true
before,1,mybatis_batch_64,8,17,62447.059,119056.000,true
before,1,named_subquery_structured,8,5100,3145.157,5640.000,true
before,1,raw_in_16,8,44,1961.364,5680.000,true
before,1,mybatis_nested,8,7003,2295.345,3632.000,true
before,1,mybatis_select_columns,8,9219,1248.487,2104.000,true
before,1,positional_row_in,8,2753,1263.712,2752.000,true
before,1,positional_dialect_MySQL,8,9479,1748.623,3432.000,true
before,1,raw_naming_KEBAB_CASE,8,43,7827.907,9648.000,true
before,1,mybatis_in_expression,8,255,38652.157,73920.000,true
before,1,named_batch_64,8,148,57447.973,135072.000,true
before,1,named_update_map,8,4781,2931.165,4920.000,true
before,1,named_naming_KEBAB_CASE,8,1758,8191.980,11392.000,true
before,1,mybatis_between,8,6566,2474.855,3640.000,true
before,1,raw_naming_NO_CHANGE,8,2852,7515.919,7880.000,true
before,1,positional_dialect_PostgreSQL,8,11626,1386.461,3432.000,true
before,1,positional_in_16,8,11489,1293.394,2736.000,true
before,1,named_naming_CAMEL_CASE,8,1367,9749.012,11104.000,true
before,1,mybatis_in_16,8,2443,3377.814,6592.000,true
before,1,positional_select_columns,8,21334,1109.684,2104.000,true
before,1,mybatis_insert_entity,8,7239,1057.563,2456.000,true
before,1,positional_naming_CAMEL_CASE,8,1,27300.000,6408.000,true
before,1,named_dialect_Oracle,8,8410,2173.543,4392.000,true
before,1,named_join_on,8,7413,2166.748,4352.000,true
before,1,custom_handler_union,8,2,41550.000,9440.000,true
before,1,named_insert_placeholders,8,5878,1816.894,3040.000,true
before,1,raw_condition_only,8,2108,8259.250,8584.000,true
before,1,named_in_1024,8,65,227487.692,353296.000,true
before,1,positional_select_expressions,8,5921,3326.921,2512.000,true
before,1,positional_pagination,8,4503,1760.515,3408.000,true
before,1,named_derived,8,594,7851.684,9536.000,true
before,1,custom_handler_where,8,1568,9781.314,11424.000,true
before,1,mybatis_naming_UPPER_CAMEL_CASE,8,1256,9493.312,9904.000,true
before,1,raw_pagination,8,9936,1627.073,3520.000,true
before,1,positional_late_modifier,8,3368,959.887,2440.000,true
before,1,positional_join_on,8,8603,2104.068,3896.000,true
before,1,positional_insert_values,8,265,927.547,2232.000,true
before,1,named_batch_4,8,1323,3658.277,9896.000,true
before,1,raw_select_star,8,32134,387.978,1240.000,true
before,1,mybatis_naming_NO_CHANGE,8,2226,8922.597,8408.000,true
before,1,positional_update_map,9,9098,1121.290,3192.000,true
before,1,positional_select_columns,9,21334,1352.948,2104.000,true
before,1,positional_insert_values,9,265,1868.679,2232.000,true
before,1,positional_pagination,9,4503,1608.861,3408.000,true
before,1,raw_insert_values,9,7796,1349.153,2544.000,true
before,1,named_select_expressions,9,2780,2091.043,2512.000,true
before,1,named_derived,9,594,6738.721,9536.000,true
before,1,raw_in_17,9,3,6500.000,5896.000,true
before,1,positional_dialect_Oracle,9,9159,1441.304,3616.000,true
before,1,mybatis_in_16,9,2443,3517.192,6592.000,true
before,1,named_row_in,9,319,2261.755,4144.000,true
before,1,mybatis_select_columns,9,9219,1479.163,2104.000,true
before,1,mybatis_naming_KEBAB_CASE,9,10,12360.000,10176.000,true
before,1,positional_join_on,9,8603,1813.867,3896.000,true
before,1,positional_insert_entity,9,11709,669.058,1816.000,true
before,1,mybatis_join_on,9,2073,1813.845,4216.000,true
before,1,named_subquery_structured,9,5100,3593.451,5640.000,true
before,1,mybatis_naming_NO_CHANGE,9,2226,9154.043,8408.000,true
before,1,named_select_entity,9,9043,1156.707,1992.000,true
before,1,mybatis_where_128,9,223,73599.552,67464.000,true
before,1,named_delete,9,18844,742.624,2000.000,true
before,1,positional_batch_4,9,2695,2321.521,6128.000,true
before,1,mybatis_subquery_raw,9,780,1291.026,2352.000,true
before,1,mybatis_naming_SCREAMING_SNAKE_CASE,9,1729,7502.892,10192.000,true
before,1,raw_batch_beans,9,799,7253.066,16152.000,true
before,1,positional_where_16,9,1906,5886.306,6696.000,true
before,1,named_in_expression,9,355,43789.577,91824.000,true
before,1,mybatis_repeated_names,9,302,25619.536,61104.000,true
before,1,positional_condition_only,9,1988,3926.710,5640.000,true
before,1,raw_mixed_literals,9,6503,2770.614,3368.000,true
before,1,named_naming_KEBAB_CASE,9,1758,10787.998,11392.000,true
before,1,named_retry_rollback,9,1106,4622.966,8432.000,true
before,1,named_dialect_DB2,9,6834,2002.707,4392.000,true
before,1,raw_between,9,4,11075.000,3432.000,true
before,1,named_update_map,9,4781,2537.482,4920.000,true
before,1,named_late_modifier,9,6465,1155.035,2896.000,true
before,1,named_where_eq,9,8470,1830.000,3272.000,true
before,1,named_insert_entity,9,2755,2450.381,2760.000,true
before,1,named_where_16,9,227,11041.410,11392.000,true
before,1,named_naming_SCREAMING_SNAKE_CASE,9,2799,10259.914,11408.000,true
before,1,raw_nested,9,16,6631.250,3448.000,true
before,1,raw_naming_UPPER_CAMEL_CASE,9,2093,8959.818,9376.000,true
before,1,mybatis_in_17,9,1976,4343.016,6832.000,true
before,1,positional_group_order,9,2607,3659.609,6160.000,true
before,1,positional_in_16,9,11489,1304.648,2736.000,true
before,1,named_batch_4,9,1323,3014.890,9896.000,true
before,1,raw_batch_4,9,2014,3917.527,7552.000,true
before,1,raw_naming_NO_CHANGE,9,2852,7108.100,7880.000,true
before,1,mybatis_insert_values,9,8791,1901.843,2872.000,true
before,1,named_where_128,9,83,81834.940,77464.000,true
before,1,mybatis_row_in,9,5030,2492.982,3832.000,true
before,1,raw_in_1024,9,66,122957.576,220328.000,true
before,1,mybatis_nested,9,7003,2448.893,3632.000,true
before,1,named_raw_expression,9,7752,1940.080,2616.000,true
before,1,named_in_17,9,5123,3809.740,7968.000,true
before,1,named_join_on,9,7413,2016.822,4352.000,true
before,1,positional_delete,9,22368,674.973,1544.000,true
before,1,named_join_using,9,9511,1637.315,3704.000,true
before,1,named_in_16,9,5246,3726.973,7680.000,true
before,1,mybatis_select_entity,9,9538,935.762,1992.000,true
before,1,named_dialect_MySQL,9,8154,1382.156,4216.000,true
before,1,raw_union_builder,9,3,16633.333,6120.000,true
before,1,raw_select_star,9,32134,345.976,1240.000,true
before,1,mybatis_pagination,9,848,1700.590,3952.000,true
before,1,named_repeated_names,9,604,36468.543,70080.000,true
before,1,positional_row_in,9,2753,901.271,2752.000,true
before,1,raw_retry_rollback,9,2343,2904.609,6400.000,true
before,1,mybatis_delete,9,3587,514.134,1872.000,true
before,1,raw_batch_64,9,365,35803.288,94432.000,true
before,1,positional_union_builder,9,3752,4068.337,5920.000,true
before,1,mybatis_join_using,9,54,2044.444,3568.000,true
before,1,named_mixed_literals,9,5983,2841.417,3944.000,true
before,1,mybatis_between,9,6566,2150.792,3640.000,true
before,1,mybatis_in_1024,9,27,103488.889,281552.000,true
before,1,custom_handler_union,9,2,28200.000,9440.000,true
before,1,raw_update_chain_16,9,990,14873.737,26256.000,true
before,1,named_condition_only,9,1813,7784.666,10328.000,true
before,1,mybatis_derived,9,463,6766.955,9504.000,true
before,1,mybatis_in_256,9,346,37933.815,72840.000,true
before,1,positional_dialect_PostgreSQL,9,11626,1647.936,3432.000,true
before,1,named_dialect_PostgreSQL,9,6888,1976.089,4216.000,true
before,1,positional_naming_KEBAB_CASE,9,2686,4437.789,6696.000,true
before,1,raw_raw_expression,9,9316,1800.848,2616.000,true
before,1,raw_in_expression,9,534,19583.895,57760.000,true
before,1,raw_insert_placeholders,9,11783,848.468,2096.000,true
before,1,positional_where_eq,9,10400,814.096,2816.000,true
before,1,named_between,9,6834,1389.552,3848.000,true
before,1,raw_subquery_raw,9,8325,580.168,2352.000,true
before,1,raw_pagination,9,9936,1582.890,3520.000,true
before,1,named_dialect_Microsoft_SQL_Server,9,7025,2065.082,4392.000,true
before,1,mybatis_retry_rollback,9,792,4656.313,7760.000,true
before,1,mybatis_group_order,9,145,3248.966,7112.000,true
before,1,positional_batch_64,9,233,18775.966,72336.000,true
before,1,named_update_chain_16,9,376,33259.309,47808.000,true
before,1,raw_insert_entity,9,9581,1044.567,2128.000,true
before,1,mybatis_raw_expression,9,3510,1017.550,2616.000,true
before,1,named_pagination,9,7040,1211.989,4192.000,true
before,1,mybatis_in_expression,9,255,27103.137,73920.000,true
before,1,positional_retry_rollback,9,4699,3272.739,6040.000,true
before,1,positional_naming_CAMEL_CASE,9,1,28400.000,6408.000,true
before,1,raw_where_128,9,8,53125.000,62680.000,true
before,1,raw_in_256,9,7,25185.714,56720.000,true
before,1,positional_update_chain_16,9,414,6714.976,23168.000,true
before,1,positional_nested,9,8339,1150.402,3120.000,true
before,1,raw_where_16,9,1044,7978.448,9648.000,true
before,1,mybatis_where_16,9,1392,8949.425,10176.000,true
before,1,raw_condition_only,9,2108,5774.715,8584.000,true
before,1,raw_derived,9,277,6289.531,7632.000,true
before,1,mybatis_union_builder,9,1370,6997.518,8960.000,true
before,1,raw_delete,9,455,869.451,1664.000,true
before,1,raw_subquery_structured,9,6270,2242.392,4720.000,true
before,1,positional_dialect_DB2,9,10590,1633.730,3616.000,true
before,1,positional_naming_SCREAMING_SNAKE_CASE,9,2389,5421.515,6712.000,true
before,1,positional_naming_UPPER_CAMEL_CASE,9,2124,6840.866,6424.000,true
before,1,raw_join_using,9,14,2285.714,3368.000,true
before,1,positional_select_star,9,55,418.182,1240.000,true
before,1,positional_in_expression,9,149,4930.201,10904.000,true
before,1,named_insert_placeholders,9,5878,1606.448,3040.000,true
before,1,positional_in_17,9,3473,1400.144,2752.000,true
before,1,mybatis_condition_only,9,1426,8756.241,9112.000,true
before,1,positional_between,9,6041,1636.021,3104.000,true
before,1,named_nested,9,6668,1309.898,3816.000,true
before,1,mybatis_insert_entity,9,7239,879.224,2456.000,true
before,1,positional_late_modifier,9,3368,641.568,2440.000,true
before,1,positional_select_entity,9,18080,689.762,1992.000,true
before,1,positional_insert_placeholders,9,6706,777.826,2096.000,true
before,1,positional_mixed_literals,9,7348,1112.439,2976.000,true
before,1,positional_subquery_raw,9,9661,599.731,2352.000,true
before,1,mybatis_batch_64,9,17,31964.706,119056.000,true
before,1,positional_join_using,9,9,2333.333,3248.000,true
before,1,positional_naming_NO_CHANGE,9,2596,3074.114,4928.000,true
before,1,raw_union_raw,9,6018,1155.733,1968.000,true
before,1,mybatis_update_map,9,13,3538.462,4392.000,true
before,1,raw_naming_KEBAB_CASE,9,43,5127.907,9648.000,true
before,1,positional_select_expressions,9,5921,1592.619,2512.000,true
before,1,named_select_star,9,46380,331.307,1240.000,true
before,1,mybatis_select_expressions,9,2005,3099.551,2512.000,true
before,1,positional_repeated_names,9,587,22307.666,35520.000,true
before,1,positional_in_256,9,2813,5848.205,9656.000,true
before,1,raw_late_modifier,9,185,915.676,2560.000,true
before,1,mybatis_select_star,9,6254,326.191,1240.000,true
before,1,mybatis_batch_4,9,936,4263.034,8944.000,true
before,1,positional_subquery_structured,9,5857,2298.702,4856.000,true
before,1,mybatis_naming_UPPER_CAMEL_CASE,9,1256,10039.570,9904.000,true
before,1,raw_join_on,9,4,9375.000,4016.000,true
before,1,named_in_1024,9,65,172321.538,353296.000,true
before,1,raw_select_expressions,9,10318,2583.786,2512.000,true
before,1,named_group_order,9,2004,4983.084,7512.000,true
before,1,named_union_raw,9,5877,1842.454,1968.000,true
before,1,raw_select_entity,9,241,1576.349,1992.000,true
before,1,raw_naming_SCREAMING_SNAKE_CASE,9,2136,9215.169,9664.000,true
before,1,positional_raw_expression,9,9858,1950.446,2616.000,true
before,1,mybatis_union_raw,9,14447,1615.844,1968.000,true
before,1,raw_naming_CAMEL_CASE,9,1648,5122.755,9360.000,true
before,1,positional_derived,9,220,10832.273,7464.000,true
before,1,mybatis_where_eq,9,2413,910.029,3136.000,true
before,1,named_batch_beans,9,799,7780.350,26088.000,true
before,1,positional_dialect_Microsoft_SQL_Server,9,8493,1237.690,3616.000,true
before,1,mybatis_insert_placeholders,9,5087,1009.849,2736.000,true
before,1,mybatis_naming_CAMEL_CASE,9,1582,6773.515,9888.000,true
before,1,named_dialect_Oracle,9,8410,1744.209,4392.000,true
before,1,mybatis_subquery_structured,9,3925,2355.669,5408.000,true
before,1,named_naming_UPPER_CAMEL_CASE,9,7,13071.429,11120.000,true
before,1,positional_union_raw,9,159,2109.434,1968.000,true
before,1,raw_repeated_names,9,239,30619.665,59056.000,true
before,1,named_subquery_raw,9,10614,889.080,2352.000,true
before,1,raw_in_16,9,44,1859.091,5680.000,true
before,1,named_insert_values,9,5827,1880.505,3176.000,true
before,1,positional_where_128,9,298,52742.617,38992.000,true
before,1,raw_update_map,9,6734,2345.872,3712.000,true
before,1,named_naming_NO_CHANGE,9,2162,6316.374,9624.000,true
before,1,mybatis_mixed_literals,9,1805,1478.283,3680.000,true
before,1,custom_handler_where,9,1568,6087.819,11424.000,true
before,1,mybatis_update_chain_16,9,718,16591.086,40768.000,true
before,1,raw_where_eq,9,55,1554.545,2936.000,true
before,1,named_naming_CAMEL_CASE,9,1367,6908.632,11104.000,true
before,1,named_in_256,9,146,26520.548,90792.000,true
before,1,positional_batch_beans,9,14,5850.000,10488.000,true
before,1,positional_in_1024,9,509,21387.033,28584.000,true
before,1,named_batch_64,9,148,62157.432,135072.000,true
before,1,raw_select_columns,9,118,1505.932,2104.000,true
before,1,named_union_builder,9,117,7429.915,8936.000,true
before,1,mybatis_batch_beans,9,1441,11772.588,22104.000,true
before,1,named_select_columns,9,6652,1703.608,2104.000,true
before,1,mybatis_late_modifier,9,114,1786.842,2760.000,true
before,1,raw_row_in,9,44,2700.000,3168.000,true
before,1,raw_group_order,9,3545,4704.852,6256.000,true
before,1,positional_dialect_MySQL,9,9479,1566.653,3432.000,true
