version,fork,case,round,operations,ns_per_op,bytes_per_op,equivalent
current,1,mybatis_where_128,1,511,29591.977,34848.000,true
current,1,mybatis_raw_expression,1,19760,960.466,1744.000,true
current,1,mybatis_between,1,16715,1050.416,2344.000,true
current,1,named_dialect_MySQL,1,19149,967.868,2408.000,true
current,1,named_pagination,1,18696,1040.576,2384.000,true
current,1,positional_union_builder,1,4777,3063.680,3920.000,true
current,1,raw_between,1,21048,691.781,1648.000,true
current,1,named_naming_KEBAB_CASE,1,2925,4424.786,6936.000,true
current,1,named_update_chain_16,1,929,13031.755,24072.000,true
current,1,raw_subquery_structured,1,20477,1035.142,2720.000,true
current,1,mybatis_subquery_raw,1,42373,480.233,1344.000,true
current,1,positional_in_1024,1,2672,6859.169,20800.000,true
current,1,named_retry_rollback,1,4950,2772.384,5304.000,true
current,1,named_dialect_Oracle,1,19856,1279.402,2584.000,true
current,1,named_mixed_literals,1,18219,1180.954,2416.000,true
current,1,raw_raw_expression,1,20058,1098.529,1744.000,true
current,1,named_dialect_DB2,1,20681,1056.999,2584.000,true
current,1,mybatis_join_on,1,13437,1240.068,2648.000,true
current,1,positional_naming_CAMEL_CASE,1,7952,2465.707,1880.000,true
current,1,raw_condition_only,1,8297,2997.589,2720.000,true
current,1,raw_insert_placeholders,1,43145,474.530,1208.000,true
current,1,raw_repeated_names,1,1832,11425.546,14152.000,true
current,1,positional_dialect_PostgreSQL,1,21459,829.256,1848.000,true
current,1,raw_insert_values,1,32303,629.551,1536.000,true
current,1,raw_late_modifier,1,29248,504.250,1344.000,true
current,1,raw_update_map,1,23808,788.222,1960.000,true
current,1,mybatis_update_map,1,16925,1153.140,2512.000,true
current,1,named_subquery_structured,1,12848,1607.231,3568.000,true
current,1,named_insert_values,1,21285,792.234,2176.000,true
current,1,mybatis_select_star,1,82932,265.091,880.000,true
current,1,mybatis_repeated_names,1,704,20666.193,30536.000,true
current,1,mybatis_insert_placeholders,1,21498,719.304,1616.000,true
current,1,positional_mixed_literals,1,23309,814.192,1696.000,true
current,1,positional_update_chain_16,1,4456,4562.433,14560.000,true
current,1,raw_batch_4,1,16213,1347.752,3304.000,true
current,1,positional_dialect_MySQL,1,12675,718.438,1848.000,true
current,1,mybatis_retry_rollback,1,4013,2601.595,4784.000,true
current,1,positional_where_eq,1,29837,703.134,1592.000,true
current,1,positional_batch_64,1,2020,10234.158,23448.000,true
current,1,positional_between,1,21464,723.174,1736.000,true
current,1,named_join_using,1,21266,948.580,2136.000,true
current,1,named_between,1,7871,1073.548,2600.000,true
current,1,raw_in_16,1,24592,618.067,1344.000,true
current,1,positional_naming_KEBAB_CASE,1,4447,3385.473,3648.000,true
current,1,named_naming_UPPER_CAMEL_CASE,1,4849,4187.564,6664.000,true
current,1,mybatis_in_17,1,10731,1663.666,4192.000,true
current,1,named_dialect_PostgreSQL,1,18911,991.365,2408.000,true
current,1,mybatis_pagination,1,16513,907.679,2152.000,true
current,1,mybatis_naming_SCREAMING_SNAKE_CASE,1,4188,4292.789,5352.000,true
current,1,positional_dialect_DB2,1,24384,830.717,2032.000,true
current,1,mybatis_in_1024,1,282,96217.730,182240.000,true
current,1,named_in_17,1,3168,1731.345,5736.000,true
current,1,raw_pagination,1,29528,691.605,1712.000,true
current,1,custom_handler_union,1,4686,5551.216,7248.000,true
current,1,mybatis_select_expressions,1,14017,1547.114,1936.000,true
current,1,raw_select_entity,1,40234,513.178,1304.000,true
current,1,positional_naming_SCREAMING_SNAKE_CASE,1,5784,3186.791,3664.000,true
current,1,positional_group_order,1,11638,1622.384,3112.000,true
current,1,positional_batch_beans,1,4615,3014.583,6984.000,true
current,1,named_in_16,1,8295,1696.383,5520.000,true
current,1,named_select_expressions,1,14662,1525.597,1936.000,true
current,1,positional_raw_expression,1,17170,949.610,1744.000,true
current,1,named_row_in,1,16688,1114.507,2680.000,true
current,1,custom_handler_where,1,3515,4560.541,6968.000,true
current,1,mybatis_nested,1,19898,968.188,2024.000,true
current,1,raw_in_expression,1,4332,4683.264,3712.000,true
current,1,raw_where_16,1,6740,2896.855,3272.000,true
current,1,raw_select_expressions,1,14390,1530.695,1936.000,true
current,1,mybatis_insert_entity,1,20798,898.620,1568.000,true
current,1,mybatis_union_builder,1,2743,4030.040,6768.000,true
current,1,raw_union_builder,1,7634,2025.400,3704.000,true
current,1,positional_naming_NO_CHANGE,1,10315,1925.826,1880.000,true
current,1,mybatis_naming_CAMEL_CASE,1,6549,3152.313,3568.000,true
current,1,positional_insert_placeholders,1,21554,446.001,1208.000,true
current,1,positional_select_columns,1,22060,574.044,1216.000,true
current,1,positional_update_map,1,17230,862.815,1872.000,true
current,1,positional_naming_UPPER_CAMEL_CASE,1,6300,3608.302,3376.000,true
current,1,raw_join_on,1,18345,1085.435,2336.000,true
current,1,positional_union_raw,1,8920,1054.238,1472.000,true
current,1,named_insert_placeholders,1,30194,693.827,1952.000,true
current,1,raw_batch_64,1,1493,11396.182,30184.000,true
current,1,named_in_256,1,764,23443.717,71352.000,true
current,1,positional_delete,1,81150,308.408,1000.000,true
current,1,positional_insert_values,1,31263,612.149,1464.000,true
current,1,positional_late_modifier,1,36883,525.234,1432.000,true
current,1,positional_in_16,1,28923,660.523,1728.000,true
current,1,named_union_raw,1,17044,1138.031,1472.000,true
current,1,named_condition_only,1,4616,3652.231,6384.000,true
current,1,named_union_builder,1,2501,4125.190,6792.000,true
current,1,named_naming_CAMEL_CASE,1,5193,3262.912,5168.000,true
current,1,positional_dialect_Oracle,1,20733,805.513,2032.000,true
current,1,positional_join_using,1,28586,635.196,1752.000,true
current,1,named_late_modifier,1,20625,684.645,1816.000,true
current,1,mybatis_insert_values,1,27481,754.398,1840.000,true
current,1,positional_subquery_raw,1,4387,447.139,1344.000,true
current,1,named_nested,1,18859,1078.286,2256.000,true
current,1,named_update_map,1,12001,1220.315,2976.000,true
current,1,raw_derived,1,5310,3375.292,5216.000,true
current,1,mybatis_naming_KEBAB_CASE,1,5168,4651.277,5336.000,true
current,1,positional_select_expressions,1,13363,1409.309,1936.000,true
current,1,raw_in_256,1,4178,3941.431,2464.000,true
current,1,named_select_entity,1,26285,517.014,1304.000,true
current,1,raw_subquery_raw,1,39930,480.922,1344.000,true
current,1,mybatis_condition_only,1,4796,3555.088,4784.000,true
current,1,raw_nested,1,22145,867.641,1616.000,true
current,1,named_select_star,1,94695,240.045,880.000,true
current,1,raw_naming_NO_CHANGE,1,10373,1935.891,1504.000,true
current,1,named_batch_beans,1,2926,5982.194,18616.000,true
current,1,named_where_128,1,293,34780.887,47920.000,true
current,1,positional_condition_only,1,6932,2530.929,3104.000,true
current,1,raw_update_chain_16,1,4639,5048.868,13856.000,true
current,1,raw_mixed_literals,1,19142,1432.567,1864.000,true
current,1,raw_naming_KEBAB_CASE,1,6765,3172.402,3272.000,true
current,1,raw_insert_entity,1,37839,690.758,1264.000,true
current,1,raw_group_order,1,13586,1510.967,2952.000,true
current,1,named_naming_NO_CHANGE,1,5045,3319.802,5168.000,true
current,1,mybatis_join_using,1,21731,704.427,1976.000,true
current,1,named_where_16,1,3372,4524.288,6936.000,true
current,1,positional_select_entity,1,37912,552.772,1304.000,true
current,1,named_delete,1,32397,408.485,1384.000,true
current,1,positional_where_128,1,900,22929.444,20712.000,true
current,1,positional_join_on,1,17906,1127.298,2424.000,true
current,1,raw_where_eq,1,33403,628.426,1504.000,true
current,1,raw_union_raw,1,19970,1189.619,1472.000,true
current,1,mybatis_where_16,1,2972,4016.083,5336.000,true
current,1,mybatis_update_chain_16,1,1712,7922.313,21304.000,true
current,1,mybatis_select_entity,1,39874,547.216,1304.000,true
current,1,named_repeated_names,1,1067,22692.221,42584.000,true
current,1,named_join_on,1,13237,1287.150,2808.000,true
current,1,positional_retry_rollback,1,3700,2491.514,3864.000,true
current,1,named_subquery_raw,1,24856,518.885,1344.000,true
current,1,mybatis_in_16,1,13469,1511.085,4048.000,true
current,1,named_insert_entity,1,23693,752.632,1904.000,true
current,1,mybatis_late_modifier,1,26960,537.882,1656.000,true
current,1,raw_in_17,1,28113,673.646,1352.000,true
current,1,named_naming_SCREAMING_SNAKE_CASE,1,3247,4256.052,6952.000,true
current,1,raw_batch_beans,1,5239,3749.800,8808.000,true
current,1,named_where_eq,1,20501,741.300,1976.000,true
current,1,positional_row_in,1,23012,762.076,1608.000,true
current,1,mybatis_batch_64,1,652,19642.331,52248.000,true
current,1,mybatis_union_raw,1,17791,1096.049,1472.000,true
current,1,positional_dialect_Microsoft_SQL_Server,1,21769,991.681,2032.000,true
current,1,mybatis_derived,1,3036,4229.051,7208.000,true
current,1,mybatis_subquery_structured,1,15936,1461.050,3312.000,true
current,1,named_select_columns,1,26194,574.032,1216.000,true
current,1,raw_row_in,1,29184,687.322,1608.000,true
current,1,mybatis_in_expression,1,1090,20094.037,48432.000,true
current,1,named_dialect_Microsoft_SQL_Server,1,16886,1196.630,2584.000,true
current,1,raw_join_using,1,31454,656.746,1664.000,true
current,1,raw_in_1024,1,1628,12802.150,6328.000,true
current,1,positional_insert_entity,1,36533,573.145,1192.000,true
current,1,named_batch_64,1,468,24235.684,70312.000,true
current,1,mybatis_in_256,1,703,19629.018,47256.000,true
current,1,mybatis_naming_NO_CHANGE,1,7392,3006.588,3568.000,true
current,1,positional_where_16,1,6217,3002.107,3648.000,true
current,1,mybatis_batch_beans,1,3425,5915.766,14120.000,true
current,1,mybatis_delete,1,44233,344.392,1232.000,true
current,1,positional_batch_4,1,4446,1356.230,2840.000,true
current,1,positional_pagination,1,20860,716.371,1824.000,true
current,1,mybatis_group_order,1,11107,1961.547,3608.000,true
current,1,positional_repeated_names,1,1649,12005.458,17240.000,true
current,1,named_in_1024,1,167,99316.766,278560.000,true
current,1,named_in_expression,1,940,21652.872,72456.000,true
current,1,raw_naming_CAMEL_CASE,1,9212,2314.828,1504.000,true
current,1,positional_in_17,1,33949,558.959,1680.000,true
current,1,named_batch_4,1,8740,2103.890,5616.000,true
current,1,positional_derived,1,3094,3463.284,5480.000,true
current,1,positional_in_expression,1,7716,3094.194,7536.000,true
current,1,mybatis_batch_4,1,7864,1795.257,4536.000,true
current,1,raw_select_star,1,76565,250.134,880.000,true
current,1,raw_select_columns,1,37149,586.115,1216.000,true
current,1,mybatis_mixed_literals,1,20155,1011.853,2080.000,true
current,1,mybatis_select_columns,1,35878,600.215,1216.000,true
current,1,mybatis_row_in,1,20785,1074.717,2272.000,true
current,1,positional_in_256,1,8751,2375.591,6208.000,true
current,1,raw_delete,1,66743,251.745,912.000,true
current,1,positional_subquery_structured,1,17499,1102.892,2856.000,true
current,1,positional_nested,1,16146,828.849,1704.000,true
current,1,raw_naming_UPPER_CAMEL_CASE,1,6406,3305.073,3000.000,true
current,1,named_derived,1,2887,3984.448,7256.000,true
current,1,raw_naming_SCREAMING_SNAKE_CASE,1,6864,3095.775,3288.000,true
current,1,mybatis_naming_UPPER_CAMEL_CASE,1,4062,4260.315,5064.000,true
current,1,named_raw_expression,1,23348,955.225,1744.000,true
current,1,raw_where_128,1,892,22251.906,17776.000,true
current,1,positional_select_star,1,107677,219.629,880.000,true
current,1,mybatis_where_eq,1,28811,772.792,1816.000,true
current,1,raw_retry_rollback,1,9730,2811.357,3976.000,true
current,1,named_group_order,1,10098,2157.368,3936.000,true
current,1,positional_in_1024,2,2672,6285.105,20800.000,true
current,1,named_condition_only,2,4616,4489.298,6384.000,true
current,1,positional_select_entity,2,37912,769.173,1304.000,true
current,1,mybatis_retry_rollback,2,4013,5205.507,4784.000,true
current,1,mybatis_where_eq,2,28811,724.543,1816.000,true
current,1,mybatis_repeated_names,2,704,26791.619,30536.000,true
current,1,named_union_builder,2,2501,4184.726,6792.000,true
current,1,raw_where_16,2,6740,2994.674,3272.000,true
current,1,named_where_128,2,293,30544.369,47920.000,true
current,1,named_derived,2,2887,4725.632,7256.000,true
current,1,named_update_map,2,12001,1300.658,2976.000,true
current,1,raw_subquery_raw,2,39930,518.199,1344.000,true
current,1,raw_naming_CAMEL_CASE,2,9212,2397.514,1504.000,true
current,1,named_repeated_names,2,1067,18780.319,42584.000,true
current,1,named_select_star,2,94695,218.243,880.000,true
current,1,mybatis_naming_SCREAMING_SNAKE_CASE,2,4188,4244.699,5352.000,true
current,1,mybatis_naming_CAMEL_CASE,2,6549,3263.567,3568.000,true
current,1,mybatis_delete,2,44233,444.550,1232.000,true
current,1,mybatis_insert_placeholders,2,21498,729.314,1616.000,true
current,1,raw_late_modifier,2,29248,519.687,1344.000,true
current,1,positional_naming_UPPER_CAMEL_CASE,2,6300,3167.476,3376.000,true
current,1,positional_batch_beans,2,4615,2939.762,6984.000,true
current,1,mybatis_subquery_raw,2,42373,483.527,1344.000,true
current,1,named_dialect_MySQL,2,19149,951.668,2408.000,true
current,1,mybatis_naming_NO_CHANGE,2,7392,2808.117,3568.000,true
current,1,positional_union_raw,2,8920,1142.993,1472.000,true
current,1,positional_where_128,2,900,21140.111,20712.000,true
current,1,positional_nested,2,16146,970.302,1704.000,true
current,1,mybatis_batch_64,2,652,21321.319,52248.000,true
current,1,positional_subquery_raw,2,4387,469.296,1344.000,true
current,1,positional_insert_placeholders,2,21554,455.229,1208.000,true
current,1,positional_select_expressions,2,13363,1432.126,1936.000,true
current,1,named_in_17,2,3168,1738.005,5736.000,true
current,1,named_batch_4,2,8740,2239.805,5616.000,true
current,1,named_insert_placeholders,2,30194,700.017,1952.000,true
current,1,mybatis_select_star,2,82932,240.645,880.000,true
current,1,positional_batch_64,2,2020,9947.970,23448.000,true
current,1,positional_insert_entity,2,36533,534.325,1192.000,true
current,1,raw_naming_NO_CHANGE,2,10373,1929.471,1504.000,true
current,1,mybatis_row_in,2,20785,1099.740,2272.000,true
current,1,named_raw_expression,2,23348,937.211,1744.000,true
current,1,positional_in_17,2,33949,576.500,1680.000,true
current,1,named_pagination,2,18696,903.894,2384.000,true
current,1,raw_naming_KEBAB_CASE,2,6765,3122.409,3272.000,true
current,1,mybatis_select_expressions,2,14017,1881.851,1936.000,true
current,1,raw_condition_only,2,8297,3670.134,2720.000,true
current,1,mybatis_select_entity,2,39874,844.919,1304.000,true
current,1,named_union_raw,2,17044,1342.191,1472.000,true
current,1,positional_select_star,2,107677,357.951,880.000,true
current,1,mybatis_mixed_literals,2,20155,1420.074,2080.000,true
current,1,raw_insert_values,2,32303,844.850,1536.000,true
current,1,named_nested,2,18859,1356.610,2256.000,true
current,1,positional_union_builder,2,4777,3369.416,3920.000,true
current,1,positional_derived,2,3094,5422.107,5480.000,true
current,1,positional_batch_4,2,4446,1943.342,2840.000,true
current,1,raw_update_map,2,23808,1193.280,1960.000,true
current,1,mybatis_join_using,2,21731,1265.625,1976.000,true
current,1,mybatis_late_modifier,2,26960,680.349,1656.000,true
current,1,named_naming_UPPER_CAMEL_CASE,2,4849,4897.608,6664.000,true
current,1,named_dialect_Oracle,2,19856,1353.676,2584.000,true
current,1,named_naming_CAMEL_CASE,2,5193,3645.195,5168.000,true
current,1,positional_insert_values,2,31263,583.031,1464.000,true
current,1,mybatis_condition_only,2,4796,3686.739,4784.000,true
current,1,named_dialect_Microsoft_SQL_Server,2,16886,1346.820,2584.000,true
current,1,mybatis_where_128,2,511,27830.137,34848.000,true
current,1,mybatis_batch_4,2,7864,2454.603,4536.000,true
current,1,named_in_expression,2,940,29266.064,72456.000,true
current,1,named_between,2,7871,1107.343,2600.000,true
current,1,named_naming_KEBAB_CASE,2,2925,4609.915,6936.000,true
current,1,raw_derived,2,5310,3349.077,5216.000,true
current,1,raw_mixed_literals,2,19142,1051.040,1864.000,true
current,1,mybatis_nested,2,19898,1000.668,2024.000,true
current,1,mybatis_select_columns,2,35878,678.881,1216.000,true
current,1,raw_raw_expression,2,20058,943.963,1744.000,true
current,1,positional_dialect_MySQL,2,12675,732.039,1848.000,true
current,1,raw_where_128,2,892,22306.502,17776.000,true
current,1,mybatis_batch_beans,2,3425,7086.657,14120.000,true
current,1,mybatis_in_1024,2,282,81138.652,182240.000,true
current,1,positional_join_using,2,28586,714.346,1752.000,true
current,1,mybatis_derived,2,3036,3919.993,7208.000,true
current,1,positional_dialect_PostgreSQL,2,21459,859.835,1848.000,true
current,1,mybatis_in_256,2,703,20101.991,47256.000,true
current,1,named_delete,2,32397,396.506,1384.000,true
current,1,mybatis_in_17,2,10731,1785.798,4192.000,true
current,1,positional_naming_KEBAB_CASE,2,4447,3747.897,3648.000,true
current,1,raw_in_expression,2,4332,4576.316,3712.000,true
current,1,raw_retry_rollback,2,9730,2957.688,3976.000,true
current,1,positional_row_in,2,23012,832.931,1608.000,true
current,1,raw_batch_4,2,16213,1374.724,3304.000,true
current,1,raw_insert_entity,2,37839,708.002,1264.000,true
current,1,positional_group_order,2,11638,1711.523,3112.000,true
current,1,mybatis_update_chain_16,2,1712,10141.180,21304.000,true
current,1,positional_pagination,2,20860,747.785,1824.000,true
current,1,raw_row_in,2,29184,710.427,1608.000,true
current,1,mybatis_insert_values,2,27481,889.837,1840.000,true
current,1,raw_group_order,2,13586,1799.661,2952.000,true
current,1,positional_dialect_DB2,2,24384,1054.495,2032.000,true
current,1,mybatis_update_map,2,16925,1142.298,2512.000,true
current,1,raw_in_17,2,28113,661.939,1352.000,true
current,1,positional_in_256,2,8751,2614.764,6208.000,true
current,1,mybatis_naming_UPPER_CAMEL_CASE,2,4062,4424.348,5064.000,true
current,1,named_select_columns,2,26194,697.740,1216.000,true
current,1,raw_subquery_structured,2,20477,1094.467,2720.000,true
current,1,mybatis_in_16,2,13469,1623.677,4048.000,true
current,1,raw_pagination,2,29528,754.369,1712.000,true
current,1,raw_naming_SCREAMING_SNAKE_CASE,2,6864,3021.576,3288.000,true
current,1,named_group_order,2,10098,2458.715,3936.000,true
current,1,positional_where_eq,2,29837,763.733,1592.000,true
current,1,named_subquery_structured,2,12848,1659.558,3568.000,true
current,1,positional_late_modifier,2,36883,688.008,1432.000,true
current,1,raw_update_chain_16,2,4639,6242.035,13856.000,true
current,1,named_join_on,2,13237,1596.064,2808.000,true
current,1,named_in_256,2,764,27189.660,71352.000,true
current,1,named_where_16,2,3372,5451.335,6936.000,true
current,1,positional_naming_CAMEL_CASE,2,7952,3189.462,1880.000,true
current,1,raw_union_raw,2,19970,1576.990,1472.000,true
current,1,positional_delete,2,81150,391.221,1000.000,true
current,1,positional_dialect_Microsoft_SQL_Server,2,21769,1422.192,2032.000,true
current,1,raw_select_expressions,2,14390,2255.295,1936.000,true
current,1,named_select_entity,2,26285,942.180,1304.000,true
current,1,named_insert_values,2,21285,1392.210,2176.000,true
current,1,named_dialect_DB2,2,20681,1785.803,2584.000,true
current,1,raw_batch_64,2,1493,16656.062,30184.000,true
current,1,raw_select_columns,2,37149,870.925,1216.000,true
current,1,named_insert_entity,2,23693,1177.259,1904.000,true
current,1,raw_delete,2,66743,383.365,912.000,true
current,1,positional_in_expression,2,7716,4390.721,7536.000,true
current,1,named_subquery_raw,2,24856,656.602,1344.000,true
current,1,named_row_in,2,16688,1529.482,2680.000,true
current,1,raw_in_1024,2,1628,19633.477,6328.000,true
current,1,raw_union_builder,2,7634,3824.404,3704.000,true
current,1,mybatis_pagination,2,16513,1444.510,2152.000,true
current,1,positional_dialect_Oracle,2,20733,1352.655,2032.000,true
current,1,mybatis_insert_entity,2,20798,1049.832,1568.000,true
current,1,mybatis_join_on,2,13437,1777.569,2648.000,true
current,1,raw_where_eq,2,33403,867.632,1504.000,true
current,1,raw_in_16,2,24592,802.485,1344.000,true
current,1,positional_in_16,2,28923,991.450,1728.000,true
current,1,named_update_chain_16,2,929,11872.874,24072.000,true
current,1,named_in_16,2,8295,2276.335,5520.000,true
current,1,positional_naming_SCREAMING_SNAKE_CASE,2,5784,3298.807,3664.000,true
current,1,named_late_modifier,2,20625,939.568,1816.000,true
current,1,named_join_using,2,21266,1153.861,2136.000,true
current,1,mybatis_subquery_structured,2,15936,1863.768,3312.000,true
current,1,mybatis_between,2,16715,1185.923,2344.000,true
current,1,positional_mixed_literals,2,23309,1400.270,1696.000,true
current,1,named_where_eq,2,20501,814.926,1976.000,true
current,1,mybatis_in_expression,2,1090,23363.578,48432.000,true
current,1,mybatis_group_order,2,11107,2582.254,3608.000,true
current,1,positional_subquery_structured,2,17499,1532.356,2856.000,true
current,1,custom_handler_where,2,3515,5154.566,6968.000,true
current,1,raw_join_on,2,18345,1553.655,2336.000,true
current,1,mybatis_union_raw,2,17791,1673.835,1472.000,true
current,1,mybatis_union_builder,2,2743,5534.269,6768.000,true
current,1,raw_between,2,21048,1064.177,1648.000,true
current,1,named_batch_64,2,468,34473.504,70312.000,true
current,1,named_in_1024,2,167,114328.144,278560.000,true
current,1,raw_batch_beans,2,5239,5143.062,8808.000,true
current,1,raw_naming_UPPER_CAMEL_CASE,2,6406,3871.027,3000.000,true
current,1,named_naming_NO_CHANGE,2,5045,2949.950,5168.000,true
current,1,positional_update_chain_16,2,4456,5547.195,14560.000,true
current,1,named_naming_SCREAMING_SNAKE_CASE,2,3247,4747.182,6952.000,true
current,1,mybatis_naming_KEBAB_CASE,2,5168,5753.135,5336.000,true
current,1,raw_nested,2,22145,1148.806,1616.000,true
current,1,positional_join_on,2,17906,1421.557,2424.000,true
current,1,raw_insert_placeholders,2,43145,577.613,1208.000,true
current,1,named_batch_beans,2,2926,9167.669,18616.000,true
current,1,named_retry_rollback,2,4950,4172.626,5304.000,true
current,1,raw_in_256,2,4178,4736.429,2464.000,true
current,1,named_dialect_PostgreSQL,2,18911,1357.036,2408.000,true
current,1,named_mixed_literals,2,18219,1725.594,2416.000,true
current,1,positional_retry_rollback,2,3700,2353.919,3864.000,true
current,1,raw_join_using,2,31454,980.502,1664.000,true
current,1,raw_select_entity,2,40234,680.969,1304.000,true
current,1,positional_where_16,2,6217,3304.021,3648.000,true
current,1,positional_naming_NO_CHANGE,2,10315,2452.962,1880.000,true
current,1,positional_condition_only,2,6932,3347.043,3104.000,true
current,1,mybatis_raw_expression,2,19760,1235.531,1744.000,true
current,1,mybatis_where_16,2,2972,4995.895,5336.000,true
current,1,named_select_expressions,2,14662,2147.388,1936.000,true
current,1,raw_repeated_names,2,1832,16893.777,14152.000,true
current,1,positional_select_columns,2,22060,905.902,1216.000,true
current,1,custom_handler_union,2,4686,6097.290,7248.000,true
current,1,raw_select_star,2,76565,306.174,880.000,true
current,1,positional_update_map,2,17230,789.536,1872.000,true
current,1,positional_between,2,21464,1134.635,1736.000,true
current,1,positional_repeated_names,2,1649,15587.993,17240.000,true
current,1,positional_raw_expression,2,17170,1374.525,1744.000,true
current,1,raw_update_chain_16,3,4639,5263.311,13856.000,true
current,1,named_where_128,3,293,36118.089,47920.000,true
current,1,raw_row_in,3,29184,792.575,1608.000,true
current,1,raw_insert_entity,3,37839,585.555,1264.000,true
current,1,named_naming_KEBAB_CASE,3,2925,4729.983,6936.000,true
current,1,named_in_17,3,3168,1779.167,5736.000,true
current,1,mybatis_late_modifier,3,26960,539.522,1656.000,true
current,1,raw_naming_UPPER_CAMEL_CASE,3,6406,3312.863,3000.000,true
current,1,named_mixed_literals,3,18219,1141.105,2416.000,true
current,1,positional_union_builder,3,4777,2427.800,3920.000,true
current,1,mybatis_mixed_literals,3,20155,1045.959,2080.000,true
current,1,positional_row_in,3,23012,894.520,1608.000,true
current,1,positional_mixed_literals,3,23309,1054.065,1696.000,true
current,1,named_nested,3,18859,2121.146,2256.000,true
current,1,raw_where_eq,3,33403,1024.399,1504.000,true
current,1,named_union_raw,3,17044,1594.514,1472.000,true
current,1,positional_dialect_MySQL,3,12675,1185.026,1848.000,true
current,1,positional_insert_placeholders,3,21554,850.997,1208.000,true
current,1,positional_dialect_Oracle,3,20733,1150.369,2032.000,true
current,1,raw_subquery_raw,3,39930,596.875,1344.000,true
current,1,positional_naming_KEBAB_CASE,3,4447,4014.257,3648.000,true
current,1,named_group_order,3,10098,2202.406,3936.000,true
current,1,named_select_star,3,94695,242.217,880.000,true
current,1,positional_in_256,3,8751,2338.533,6208.000,true
current,1,positional_batch_beans,3,4615,3046.652,6984.000,true
current,1,named_late_modifier,3,20625,701.959,1816.000,true
current,1,positional_naming_NO_CHANGE,3,10315,1985.099,1880.000,true
current,1,mybatis_batch_4,3,7864,1873.245,4536.000,true
current,1,named_select_entity,3,26285,598.608,1304.000,true
current,1,named_subquery_raw,3,24856,497.815,1344.000,true
current,1,raw_join_on,3,18345,1095.274,2336.000,true
current,1,named_insert_entity,3,23693,939.104,1904.000,true
current,1,mybatis_condition_only,3,4796,3644.495,4784.000,true
current,1,mybatis_union_raw,3,17791,1329.605,1472.000,true
current,1,named_repeated_names,3,1067,20646.111,42584.000,true
current,1,mybatis_select_entity,3,39874,572.531,1304.000,true
current,1,named_between,3,7871,1223.720,2600.000,true
current,1,raw_delete,3,66743,283.234,912.000,true
current,1,mybatis_group_order,3,11107,2090.510,3608.000,true
current,1,raw_union_builder,3,7634,2132.224,3704.000,true
current,1,positional_join_on,3,17906,1207.489,2424.000,true
current,1,named_pagination,3,18696,977.728,2384.000,true
current,1,raw_in_expression,3,4332,5508.657,3712.000,true
current,1,raw_pagination,3,29528,655.452,1712.000,true
current,1,positional_group_order,3,11638,1648.445,3112.000,true
current,1,mybatis_union_builder,3,2743,3900.328,6768.000,true
current,1,raw_in_16,3,24592,682.230,1344.000,true
current,1,raw_insert_values,3,32303,690.741,1536.000,true
current,1,named_batch_beans,3,2926,7298.394,18616.000,true
current,1,mybatis_naming_UPPER_CAMEL_CASE,3,4062,4746.036,5064.000,true
current,1,named_condition_only,3,4616,3586.785,6384.000,true
current,1,named_update_chain_16,3,929,9844.779,24072.000,true
current,1,named_join_on,3,13237,1161.978,2808.000,true
current,1,mybatis_update_map,3,16925,1152.934,2512.000,true
current,1,positional_union_raw,3,8920,1127.175,1472.000,true
current,1,positional_select_entity,3,37912,493.427,1304.000,true
current,1,mybatis_join_on,3,13437,1253.427,2648.000,true
current,1,named_naming_NO_CHANGE,3,5045,2927.275,5168.000,true
current,1,raw_join_using,3,31454,698.051,1664.000,true
current,1,raw_batch_4,3,16213,1330.451,3304.000,true
current,1,named_in_1024,3,167,96668.263,278560.000,true
current,1,named_update_map,3,12001,1251.262,2976.000,true
current,1,positional_in_17,3,33949,593.723,1680.000,true
current,1,named_delete,3,32397,394.975,1384.000,true
current,1,mybatis_insert_entity,3,20798,729.613,1568.000,true
current,1,raw_in_256,3,4178,4214.337,2464.000,true
current,1,named_dialect_Microsoft_SQL_Server,3,16886,1302.292,2584.000,true
current,1,raw_union_raw,3,19970,1117.747,1472.000,true
current,1,positional_in_1024,3,2672,6060.928,20800.000,true
current,1,positional_raw_expression,3,17170,905.853,1744.000,true
current,1,named_row_in,3,16688,1113.914,2680.000,true
current,1,positional_pagination,3,20860,693.495,1824.000,true
current,1,raw_derived,3,5310,3429.397,5216.000,true
current,1,positional_batch_4,3,4446,1116.554,2840.000,true
current,1,positional_select_expressions,3,13363,1420.923,1936.000,true
current,1,mybatis_where_128,3,511,29617.221,34848.000,true
current,1,raw_repeated_names,3,1832,11161.572,14152.000,true
current,1,mybatis_in_1024,3,282,88023.759,182240.000,true
current,1,mybatis_where_eq,3,28811,773.871,1816.000,true
current,1,raw_raw_expression,3,20058,953.779,1744.000,true
current,1,mybatis_pagination,3,16513,897.729,2152.000,true
current,1,positional_between,3,21464,760.958,1736.000,true
current,1,named_select_columns,3,26194,553.424,1216.000,true
current,1,mybatis_naming_CAMEL_CASE,3,6549,4390.197,3568.000,true
current,1,named_retry_rollback,3,4950,2867.313,5304.000,true
current,1,mybatis_select_expressions,3,14017,1418.749,1936.000,true
current,1,mybatis_naming_SCREAMING_SNAKE_CASE,3,4188,4042.311,5352.000,true
current,1,named_dialect_MySQL,3,19149,967.241,2408.000,true
current,1,raw_naming_CAMEL_CASE,3,9212,2688.320,1504.000,true
current,1,named_insert_values,3,21285,817.524,2176.000,true
current,1,mybatis_select_star,3,82932,228.639,880.000,true
current,1,raw_between,3,21048,723.755,1648.000,true
current,1,positional_dialect_DB2,3,24384,1168.307,2032.000,true
current,1,positional_retry_rollback,3,3700,2781.946,3864.000,true
current,1,named_where_16,3,3372,4156.524,6936.000,true
current,1,named_batch_64,3,468,24661.111,70312.000,true
current,1,mybatis_retry_rollback,3,4013,4499.277,4784.000,true
current,1,mybatis_in_16,3,13469,1602.183,4048.000,true
current,1,mybatis_batch_64,3,652,22436.503,52248.000,true
current,1,mybatis_between,3,16715,1122.303,2344.000,true
current,1,raw_insert_placeholders,3,43145,452.384,1208.000,true
current,1,named_in_expression,3,940,25221.596,72456.000,true
current,1,mybatis_in_17,3,10731,1592.955,4192.000,true
current,1,raw_where_128,3,892,22855.830,17776.000,true
current,1,positional_nested,3,16146,850.780,1704.000,true
current,1,positional_where_eq,3,29837,688.367,1592.000,true
current,1,positional_delete,3,81150,292.272,1000.000,true
current,1,raw_naming_KEBAB_CASE,3,6765,3203.060,3272.000,true
current,1,positional_naming_CAMEL_CASE,3,7952,2236.305,1880.000,true
current,1,raw_retry_rollback,3,9730,2646.670,3976.000,true
current,1,positional_subquery_structured,3,17499,1163.809,2856.000,true
current,1,mybatis_row_in,3,20785,1099.418,2272.000,true
current,1,raw_nested,3,22145,1121.576,1616.000,true
current,1,raw_select_star,3,76565,228.499,880.000,true
current,1,raw_in_1024,3,1628,12891.646,6328.000,true
current,1,positional_subquery_raw,3,4387,445.726,1344.000,true
current,1,raw_mixed_literals,3,19142,997.644,1864.000,true
current,1,named_insert_placeholders,3,30194,787.382,1952.000,true
current,1,raw_update_map,3,23808,773.475,1960.000,true
current,1,raw_condition_only,3,8297,2521.936,2720.000,true
current,1,named_in_16,3,8295,1761.808,5520.000,true
current,1,mybatis_raw_expression,3,19760,944.231,1744.000,true
current,1,positional_insert_values,3,31263,581.374,1464.000,true
current,1,mybatis_batch_beans,3,3425,5687.825,14120.000,true
current,1,positional_dialect_Microsoft_SQL_Server,3,21769,970.118,2032.000,true
current,1,raw_batch_beans,3,5239,3816.931,8808.000,true
current,1,custom_handler_union,3,4686,4605.484,7248.000,true
current,1,raw_batch_64,3,1493,11936.906,30184.000,true
current,1,named_in_256,3,764,21953.927,71352.000,true
current,1,positional_update_chain_16,3,4456,4879.197,14560.000,true
current,1,named_where_eq,3,20501,793.834,1976.000,true
current,1,raw_naming_SCREAMING_SNAKE_CASE,3,6864,3135.606,3288.000,true
current,1,mybatis_naming_KEBAB_CASE,3,5168,4184.675,5336.000,true
current,1,raw_in_17,3,28113,701.231,1352.000,true
current,1,raw_select_entity,3,40234,540.259,1304.000,true
current,1,positional_in_16,3,28923,676.493,1728.000,true
current,1,raw_late_modifier,3,29248,486.177,1344.000,true
current,1,raw_select_columns,3,37149,558.669,1216.000,true
current,1,positional_condition_only,3,6932,2737.565,3104.000,true
current,1,positional_in_expression,3,7716,3138.401,7536.000,true
current,1,mybatis_update_chain_16,3,1712,9317.407,21304.000,true
current,1,named_dialect_Oracle,3,19856,1001.612,2584.000,true
current,1,positional_dialect_PostgreSQL,3,21459,909.973,1848.000,true
current,1,raw_where_16,3,6740,2848.145,3272.000,true
current,1,named_dialect_PostgreSQL,3,18911,1437.518,2408.000,true
current,1,positional_select_star,3,107677,253.367,880.000,true
current,1,mybatis_subquery_raw,3,42373,454.266,1344.000,true
current,1,named_derived,3,2887,4205.785,7256.000,true
current,1,mybatis_in_expression,3,1090,19307.431,48432.000,true
current,1,named_naming_CAMEL_CASE,3,5193,3472.367,5168.000,true
current,1,positional_insert_entity,3,36533,552.101,1192.000,true
current,1,mybatis_delete,3,44233,336.651,1232.000,true
current,1,mybatis_insert_values,3,27481,783.185,1840.000,true
current,1,positional_naming_SCREAMING_SNAKE_CASE,3,5784,2978.354,3664.000,true
current,1,mybatis_where_16,3,2972,4076.312,5336.000,true
current,1,named_raw_expression,3,23348,968.695,1744.000,true
current,1,named_naming_SCREAMING_SNAKE_CASE,3,3247,4242.840,6952.000,true
current,1,named_naming_UPPER_CAMEL_CASE,3,4849,4533.058,6664.000,true
current,1,mybatis_derived,3,3036,4453.524,7208.000,true
current,1,positional_repeated_names,3,1649,11995.937,17240.000,true
current,1,positional_select_columns,3,22060,623.708,1216.000,true
current,1,raw_select_expressions,3,14390,1474.816,1936.000,true
current,1,mybatis_in_256,3,703,17568.706,47256.000,true
current,1,mybatis_select_columns,3,35878,558.529,1216.000,true
current,1,mybatis_repeated_names,3,704,18273.580,30536.000,true
current,1,named_union_builder,3,2501,3954.098,6792.000,true
current,1,mybatis_join_using,3,21731,763.812,1976.000,true
current,1,custom_handler_where,3,3515,4160.597,6968.000,true
current,1,mybatis_naming_NO_CHANGE,3,7392,3010.376,3568.000,true
current,1,positional_batch_64,3,2020,8933.663,23448.000,true
current,1,named_dialect_DB2,3,20681,1126.072,2584.000,true
current,1,positional_update_map,3,17230,730.911,1872.000,true
current,1,mybatis_nested,3,19898,1044.753,2024.000,true
current,1,mybatis_insert_placeholders,3,21498,646.646,1616.000,true
current,1,named_subquery_structured,3,12848,1474.276,3568.000,true
current,1,raw_naming_NO_CHANGE,3,10373,1981.905,1504.000,true
current,1,raw_subquery_structured,3,20477,1105.396,2720.000,true
current,1,positional_where_128,3,900,21883.667,20712.000,true
current,1,positional_where_16,3,6217,2945.231,3648.000,true
current,1,positional_derived,3,3094,3686.005,5480.000,true
current,1,positional_join_using,3,28586,662.023,1752.000,true
current,1,positional_late_modifier,3,36883,530.838,1432.000,true
current,1,named_batch_4,3,8740,1954.760,5616.000,true
current,1,raw_group_order,3,13586,1591.057,2952.000,true
current,1,named_join_using,3,21266,848.270,2136.000,true
current,1,named_select_expressions,3,14662,1509.221,1936.000,true
current,1,positional_naming_UPPER_CAMEL_CASE,3,6300,3397.952,3376.000,true
current,1,mybatis_subquery_structured,3,15936,1350.571,3312.000,true
current,1,raw_batch_beans,4,5239,3536.209,8808.000,true
current,1,mybatis_subquery_structured,4,15936,1456.583,3312.000,true
current,1,named_insert_placeholders,4,30194,696.443,1952.000,true
current,1,positional_pagination,4,20860,710.326,1824.000,true
current,1,mybatis_batch_beans,4,3425,6015.650,14120.000,true
current,1,named_nested,4,18859,1207.455,2256.000,true
current,1,raw_update_chain_16,4,4639,4572.516,13856.000,true
current,1,mybatis_union_builder,4,2743,4512.614,6768.000,true
current,1,raw_in_256,4,4178,3544.615,2464.000,true
current,1,positional_select_expressions,4,13363,1387.054,1936.000,true
current,1,custom_handler_where,4,3515,4572.802,6968.000,true
current,1,positional_dialect_MySQL,4,12675,897.041,1848.000,true
current,1,named_delete,4,32397,381.646,1384.000,true
current,1,mybatis_subquery_raw,4,42373,480.188,1344.000,true
current,1,positional_subquery_raw,4,4387,438.979,1344.000,true
current,1,mybatis_raw_expression,4,19760,932.854,1744.000,true
current,1,positional_dialect_Oracle,4,20733,864.766,2032.000,true
current,1,named_where_eq,4,20501,840.222,1976.000,true
current,1,raw_in_17,4,28113,602.629,1352.000,true
current,1,mybatis_select_star,4,82932,229.168,880.000,true
current,1,raw_raw_expression,4,20058,928.562,1744.000,true
current,1,raw_insert_placeholders,4,43145,458.857,1208.000,true
current,1,raw_naming_UPPER_CAMEL_CASE,4,6406,3391.008,3000.000,true
current,1,mybatis_insert_placeholders,4,21498,756.182,1616.000,true
current,1,mybatis_where_16,4,2972,3737.887,5336.000,true
current,1,named_select_star,4,94695,217.975,880.000,true
current,1,mybatis_in_16,4,13469,1657.146,4048.000,true
current,1,raw_derived,4,5310,3152.976,5216.000,true
current,1,named_in_1024,4,167,85875.449,278560.000,true
current,1,raw_naming_KEBAB_CASE,4,6765,3106.903,3272.000,true
current,1,positional_row_in,4,23012,674.135,1608.000,true
current,1,positional_delete,4,81150,270.572,1000.000,true
current,1,positional_in_17,4,33949,589.823,1680.000,true
current,1,raw_insert_values,4,32303,618.744,1536.000,true
current,1,named_naming_SCREAMING_SNAKE_CASE,4,3247,4502.679,6952.000,true
current,1,mybatis_batch_64,4,652,21090.644,52248.000,true
current,1,named_batch_4,4,8740,1984.039,5616.000,true
current,1,named_mixed_literals,4,18219,1132.345,2416.000,true
current,1,positional_where_128,4,900,20861.778,20712.000,true
current,1,named_where_128,4,293,30322.526,47920.000,true
current,1,raw_select_entity,4,40234,534.319,1304.000,true
current,1,named_join_using,4,21266,772.759,2136.000,true
current,1,raw_select_columns,4,37149,577.211,1216.000,true
current,1,positional_union_builder,4,4777,2063.471,3920.000,true
current,1,raw_join_on,4,18345,1124.933,2336.000,true
current,1,raw_naming_CAMEL_CASE,4,9212,2195.962,1504.000,true
current,1,raw_subquery_raw,4,39930,484.874,1344.000,true
current,1,raw_union_raw,4,19970,1081.888,1472.000,true
current,1,mybatis_delete,4,44233,333.339,1232.000,true
current,1,mybatis_in_expression,4,1090,18544.587,48432.000,true
current,1,raw_union_builder,4,7634,2155.541,3704.000,true
current,1,positional_insert_placeholders,4,21554,435.010,1208.000,true
current,1,positional_in_256,4,8751,2783.990,6208.000,true
current,1,mybatis_repeated_names,4,704,18347.869,30536.000,true
current,1,mybatis_where_eq,4,28811,714.765,1816.000,true
current,1,raw_update_map,4,23808,805.271,1960.000,true
current,1,raw_row_in,4,29184,696.820,1608.000,true
current,1,mybatis_select_expressions,4,14017,1568.231,1936.000,true
current,1,mybatis_nested,4,19898,994.537,2024.000,true
current,1,positional_naming_CAMEL_CASE,4,7952,2242.870,1880.000,true
current,1,positional_naming_SCREAMING_SNAKE_CASE,4,5784,3127.109,3664.000,true
current,1,positional_group_order,4,11638,1664.951,3112.000,true
current,1,positional_between,4,21464,867.140,1736.000,true
current,1,mybatis_naming_KEBAB_CASE,4,5168,4208.765,5336.000,true
current,1,positional_mixed_literals,4,23309,929.306,1696.000,true
current,1,positional_condition_only,4,6932,2575.707,3104.000,true
current,1,named_in_16,4,8295,1921.386,5520.000,true
current,1,mybatis_in_17,4,10731,1684.810,4192.000,true
current,1,mybatis_select_columns,4,35878,608.392,1216.000,true
current,1,mybatis_derived,4,3036,4741.897,7208.000,true
current,1,positional_late_modifier,4,36883,493.021,1432.000,true
current,1,positional_derived,4,3094,3289.011,5480.000,true
current,1,raw_subquery_structured,4,20477,1184.412,2720.000,true
current,1,positional_where_eq,4,29837,649.378,1592.000,true
current,1,named_select_entity,4,26285,548.853,1304.000,true
current,1,named_batch_beans,4,2926,6691.422,18616.000,true
current,1,named_in_256,4,764,19504.712,71352.000,true
current,1,raw_nested,4,22145,864.868,1616.000,true
current,1,named_between,4,7871,1197.675,2600.000,true
current,1,raw_condition_only,4,8297,2469.254,2720.000,true
current,1,named_update_chain_16,4,929,8830.248,24072.000,true
current,1,raw_in_1024,4,1628,13259.275,6328.000,true
current,1,positional_nested,4,16146,820.754,1704.000,true
current,1,raw_select_star,4,76565,216.872,880.000,true
current,1,named_insert_entity,4,23693,739.311,1904.000,true
current,1,raw_insert_entity,4,37839,567.174,1264.000,true
current,1,mybatis_insert_values,4,27481,738.448,1840.000,true
current,1,positional_naming_UPPER_CAMEL_CASE,4,6300,3279.968,3376.000,true
current,1,positional_select_star,4,107677,210.073,880.000,true
current,1,named_row_in,4,16688,1067.360,2680.000,true
current,1,raw_group_order,4,13586,1439.261,2952.000,true
current,1,raw_pagination,4,29528,708.087,1712.000,true
current,1,raw_delete,4,66743,284.416,912.000,true
current,1,mybatis_row_in,4,20785,996.926,2272.000,true
current,1,positional_batch_64,4,2020,9699.950,23448.000,true
current,1,mybatis_mixed_literals,4,20155,988.772,2080.000,true
current,1,mybatis_batch_4,4,7864,1869.850,4536.000,true
current,1,named_where_16,4,3372,4053.766,6936.000,true
current,1,positional_select_columns,4,22060,522.888,1216.000,true
current,1,mybatis_join_using,4,21731,775.878,1976.000,true
current,1,named_select_expressions,4,14662,1442.041,1936.000,true
current,1,mybatis_naming_UPPER_CAMEL_CASE,4,4062,4330.034,5064.000,true
current,1,named_batch_64,4,468,22257.051,70312.000,true
current,1,named_union_builder,4,2501,3984.766,6792.000,true
current,1,named_subquery_structured,4,12848,1402.748,3568.000,true
current,1,mybatis_naming_NO_CHANGE,4,7392,2918.290,3568.000,true
current,1,mybatis_between,4,16715,1074.047,2344.000,true
current,1,named_derived,4,2887,4262.833,7256.000,true
current,1,named_naming_CAMEL_CASE,4,5193,3608.300,5168.000,true
current,1,positional_where_16,4,6217,3000.659,3648.000,true
current,1,positional_repeated_names,4,1649,12331.837,17240.000,true
current,1,positional_update_map,4,17230,753.442,1872.000,true
current,1,named_pagination,4,18696,1059.542,2384.000,true
current,1,named_condition_only,4,4616,3736.590,6384.000,true
current,1,raw_select_expressions,4,14390,1472.085,1936.000,true
current,1,raw_where_16,4,6740,2850.519,3272.000,true
current,1,named_repeated_names,4,1067,19965.979,42584.000,true
current,1,positional_join_using,4,28586,712.870,1752.000,true
current,1,positional_raw_expression,4,17170,1037.001,1744.000,true
current,1,named_group_order,4,10098,1901.971,3936.000,true
current,1,mybatis_select_entity,4,39874,548.407,1304.000,true
current,1,positional_in_expression,4,7716,3517.937,7536.000,true
current,1,named_dialect_PostgreSQL,4,18911,1159.288,2408.000,true
current,1,mybatis_naming_CAMEL_CASE,4,6549,3061.796,3568.000,true
current,1,raw_naming_NO_CHANGE,4,10373,1943.922,1504.000,true
current,1,mybatis_update_chain_16,4,1712,7620.444,21304.000,true
current,1,named_in_expression,4,940,23292.979,72456.000,true
current,1,named_join_on,4,13237,1405.016,2808.000,true
current,1,mybatis_pagination,4,16513,957.385,2152.000,true
current,1,positional_retry_rollback,4,3700,2074.649,3864.000,true
current,1,mybatis_where_128,4,511,28748.141,34848.000,true
current,1,raw_in_16,4,24592,660.727,1344.000,true
current,1,named_update_map,4,12001,1156.120,2976.000,true
current,1,mybatis_in_256,4,703,18602.845,47256.000,true
current,1,positional_insert_values,4,31263,677.942,1464.000,true
current,1,raw_where_128,4,892,21534.529,17776.000,true
current,1,named_naming_UPPER_CAMEL_CASE,4,4849,4453.186,6664.000,true
current,1,raw_repeated_names,4,1832,11071.561,14152.000,true
current,1,raw_late_modifier,4,29248,528.522,1344.000,true
current,1,positional_batch_beans,4,4615,2903.532,6984.000,true
current,1,custom_handler_union,4,4686,4669.035,7248.000,true
current,1,raw_between,4,21048,772.368,1648.000,true
current,1,named_union_raw,4,17044,1038.964,1472.000,true
current,1,positional_dialect_Microsoft_SQL_Server,4,21769,975.534,2032.000,true
current,1,raw_where_eq,4,33403,608.993,1504.000,true
current,1,mybatis_union_raw,4,17791,1170.755,1472.000,true
current,1,raw_mixed_literals,4,19142,964.215,1864.000,true
current,1,raw_retry_rollback,4,9730,2851.665,3976.000,true
current,1,positional_naming_KEBAB_CASE,4,4447,3093.771,3648.000,true
current,1,positional_batch_4,4,4446,1159.267,2840.000,true
current,1,named_dialect_Oracle,4,19856,1057.247,2584.000,true
current,1,mybatis_late_modifier,4,26960,571.168,1656.000,true
current,1,raw_in_expression,4,4332,4265.351,3712.000,true
current,1,positional_dialect_DB2,4,24384,835.732,2032.000,true
current,1,named_dialect_Microsoft_SQL_Server,4,16886,1226.347,2584.000,true
current,1,named_subquery_raw,4,24856,434.631,1344.000,true
current,1,named_naming_NO_CHANGE,4,5045,3143.925,5168.000,true
current,1,positional_in_1024,4,2672,6579.079,20800.000,true
current,1,mybatis_naming_SCREAMING_SNAKE_CASE,4,4188,4036.199,5352.000,true
current,1,raw_join_using,4,31454,671.336,1664.000,true
current,1,positional_in_16,4,28923,706.486,1728.000,true
current,1,raw_batch_64,4,1493,11225.050,30184.000,true
current,1,named_in_17,4,3168,1771.307,5736.000,true
current,1,positional_naming_NO_CHANGE,4,10315,2280.465,1880.000,true
current,1,named_dialect_DB2,4,20681,1029.022,2584.000,true
current,1,positional_update_chain_16,4,4456,5074.641,14560.000,true
current,1,raw_naming_SCREAMING_SNAKE_CASE,4,6864,3010.490,3288.000,true
current,1,mybatis_condition_only,4,4796,3577.023,4784.000,true
current,1,positional_insert_entity,4,36533,607.377,1192.000,true
current,1,mybatis_join_on,4,13437,1234.829,2648.000,true
current,1,mybatis_in_1024,4,282,90067.021,182240.000,true
current,1,positional_join_on,4,17906,1189.177,2424.000,true
current,1,mybatis_group_order,4,11107,1848.978,3608.000,true
current,1,named_raw_expression,4,23348,904.656,1744.000,true
current,1,named_insert_values,4,21285,821.607,2176.000,true
current,1,mybatis_retry_rollback,4,4013,4284.774,4784.000,true
current,1,named_late_modifier,4,20625,639.442,1816.000,true
current,1,named_select_columns,4,26194,628.995,1216.000,true
current,1,raw_batch_4,4,16213,1310.448,3304.000,true
current,1,positional_select_entity,4,37912,526.432,1304.000,true
current,1,named_retry_rollback,4,4950,3553.051,5304.000,true
current,1,positional_subquery_structured,4,17499,1254.797,2856.000,true
current,1,mybatis_insert_entity,4,20798,649.216,1568.000,true
current,1,positional_dialect_PostgreSQL,4,21459,830.994,1848.000,true
current,1,named_naming_KEBAB_CASE,4,2925,4294.120,6936.000,true
current,1,positional_union_raw,4,8920,1102.500,1472.000,true
current,1,mybatis_update_map,4,16925,1204.827,2512.000,true
current,1,named_dialect_MySQL,4,19149,998.251,2408.000,true
current,1,positional_dialect_Microsoft_SQL_Server,5,21769,1007.354,2032.000,true
current,1,named_update_chain_16,5,929,8951.238,24072.000,true
current,1,named_subquery_raw,5,24856,685.167,1344.000,true
current,1,positional_retry_rollback,5,3700,2822.622,3864.000,true
current,1,positional_nested,5,16146,833.835,1704.000,true
current,1,mybatis_union_raw,5,17791,1150.587,1472.000,true
current,1,mybatis_in_17,5,10731,1607.874,4192.000,true
current,1,raw_naming_UPPER_CAMEL_CASE,5,6406,3308.258,3000.000,true
current,1,raw_subquery_structured,5,20477,1073.961,2720.000,true
current,1,raw_union_raw,5,19970,1106.059,1472.000,true
current,1,raw_update_chain_16,5,4639,4345.355,13856.000,true
current,1,named_select_expressions,5,14662,1475.460,1936.000,true
current,1,named_batch_64,5,468,22403.846,70312.000,true
current,1,mybatis_pagination,5,16513,885.236,2152.000,true
current,1,named_insert_values,5,21285,791.830,2176.000,true
current,1,named_condition_only,5,4616,4199.458,6384.000,true
current,1,raw_subquery_raw,5,39930,491.726,1344.000,true
current,1,named_retry_rollback,5,4950,4420.343,5304.000,true
current,1,raw_row_in,5,29184,743.359,1608.000,true
current,1,named_where_eq,5,20501,768.036,1976.000,true
current,1,positional_in_1024,5,2672,5960.816,20800.000,true
current,1,positional_dialect_PostgreSQL,5,21459,802.018,1848.000,true
current,1,raw_in_256,5,4178,3919.770,2464.000,true
current,1,mybatis_select_columns,5,35878,563.164,1216.000,true
current,1,named_update_map,5,12001,1132.339,2976.000,true
current,1,named_insert_placeholders,5,30194,700.907,1952.000,true
current,1,named_repeated_names,5,1067,18571.603,42584.000,true
current,1,mybatis_naming_CAMEL_CASE,5,6549,3350.481,3568.000,true
current,1,mybatis_derived,5,3036,3965.283,7208.000,true
current,1,positional_insert_entity,5,36533,570.158,1192.000,true
current,1,mybatis_condition_only,5,4796,3493.098,4784.000,true
current,1,named_select_star,5,94695,235.962,880.000,true
current,1,raw_mixed_literals,5,19142,974.496,1864.000,true
current,1,raw_join_using,5,31454,675.129,1664.000,true
current,1,positional_repeated_names,5,1649,12353.366,17240.000,true
current,1,positional_naming_KEBAB_CASE,5,4447,3475.264,3648.000,true
current,1,named_dialect_MySQL,5,19149,979.263,2408.000,true
current,1,mybatis_mixed_literals,5,20155,1063.265,2080.000,true
current,1,positional_mixed_literals,5,23309,891.952,1696.000,true
current,1,mybatis_subquery_raw,5,42373,553.595,1344.000,true
current,1,positional_between,5,21464,788.581,1736.000,true
current,1,mybatis_subquery_structured,5,15936,1440.757,3312.000,true
current,1,mybatis_between,5,16715,1107.610,2344.000,true
current,1,positional_batch_64,5,2020,9042.327,23448.000,true
current,1,positional_condition_only,5,6932,2575.721,3104.000,true
current,1,mybatis_insert_placeholders,5,21498,730.589,1616.000,true
current,1,mybatis_in_expression,5,1090,18757.431,48432.000,true
current,1,mybatis_update_map,5,16925,1062.493,2512.000,true
current,1,named_union_builder,5,2501,4238.984,6792.000,true
current,1,raw_union_builder,5,7634,2222.609,3704.000,true
current,1,named_select_entity,5,26285,592.403,1304.000,true
current,1,named_between,5,7871,1137.124,2600.000,true
current,1,raw_insert_values,5,32303,611.194,1536.000,true
current,1,positional_select_columns,5,22060,573.182,1216.000,true
current,1,raw_in_expression,5,4332,5081.625,3712.000,true
current,1,positional_dialect_MySQL,5,12675,780.221,1848.000,true
current,1,mybatis_naming_UPPER_CAMEL_CASE,5,4062,4167.134,5064.000,true
current,1,positional_subquery_structured,5,17499,1133.756,2856.000,true
current,1,named_join_on,5,13237,1223.147,2808.000,true
current,1,named_pagination,5,18696,1025.727,2384.000,true
current,1,positional_dialect_DB2,5,24384,785.228,2032.000,true
current,1,positional_insert_values,5,31263,616.694,1464.000,true
current,1,custom_handler_where,5,3515,4415.050,6968.000,true
current,1,raw_late_modifier,5,29248,556.383,1344.000,true
current,1,mybatis_where_16,5,2972,3949.966,5336.000,true
current,1,mybatis_naming_NO_CHANGE,5,7392,2773.945,3568.000,true
current,1,raw_naming_NO_CHANGE,5,10373,2026.752,1504.000,true
current,1,mybatis_join_using,5,21731,758.014,1976.000,true
current,1,positional_in_256,5,8751,2065.307,6208.000,true
current,1,positional_select_star,5,107677,236.937,880.000,true
current,1,named_in_expression,5,940,26252.021,72456.000,true
current,1,named_dialect_PostgreSQL,5,18911,1035.641,2408.000,true
current,1,raw_nested,5,22145,827.492,1616.000,true
current,1,raw_in_1024,5,1628,12612.592,6328.000,true
current,1,named_in_256,5,764,25889.005,71352.000,true
current,1,positional_select_expressions,5,13363,1354.853,1936.000,true
current,1,raw_derived,5,5310,3188.757,5216.000,true
current,1,named_dialect_Microsoft_SQL_Server,5,16886,1242.769,2584.000,true
current,1,positional_join_on,5,17906,1102.971,2424.000,true
current,1,raw_insert_placeholders,5,43145,477.610,1208.000,true
current,1,positional_in_expression,5,7716,3149.106,7536.000,true
current,1,mybatis_naming_KEBAB_CASE,5,5168,4278.560,5336.000,true
current,1,mybatis_raw_expression,5,19760,928.750,1744.000,true
current,1,raw_condition_only,5,8297,2658.129,2720.000,true
current,1,raw_select_entity,5,40234,576.020,1304.000,true
current,1,positional_where_16,5,6217,3000.917,3648.000,true
current,1,positional_batch_beans,5,4615,2886.956,6984.000,true
current,1,mybatis_nested,5,19898,981.204,2024.000,true
current,1,positional_late_modifier,5,36883,547.098,1432.000,true
current,1,named_where_128,5,293,30067.235,47920.000,true
current,1,positional_where_128,5,900,20958.000,20712.000,true
current,1,positional_update_map,5,17230,865.873,1872.000,true
current,1,raw_group_order,5,13586,1588.496,2952.000,true
current,1,raw_naming_CAMEL_CASE,5,9212,2696.179,1504.000,true
current,1,mybatis_in_1024,5,282,77223.404,182240.000,true
current,1,custom_handler_union,5,4686,4520.593,7248.000,true
current,1,named_batch_beans,5,2926,6501.811,18616.000,true
current,1,named_insert_entity,5,23693,704.242,1904.000,true
current,1,mybatis_select_expressions,5,14017,1464.643,1936.000,true
current,1,positional_union_builder,5,4777,2046.703,3920.000,true
current,1,named_select_columns,5,26194,518.645,1216.000,true
current,1,raw_naming_SCREAMING_SNAKE_CASE,5,6864,3301.297,3288.000,true
current,1,positional_join_using,5,28586,708.123,1752.000,true
current,1,named_group_order,5,10098,2005.724,3936.000,true
current,1,named_mixed_literals,5,18219,1101.877,2416.000,true
current,1,named_in_1024,5,167,92353.892,278560.000,true
current,1,raw_in_16,5,24592,619.401,1344.000,true
current,1,positional_derived,5,3094,3585.165,5480.000,true
current,1,raw_retry_rollback,5,9730,3741.829,3976.000,true
current,1,raw_where_16,5,6740,3029.748,3272.000,true
current,1,mybatis_late_modifier,5,26960,595.946,1656.000,true
current,1,named_in_17,5,3168,1715.120,5736.000,true
current,1,raw_join_on,5,18345,1057.738,2336.000,true
current,1,named_where_16,5,3372,4279.804,6936.000,true
current,1,raw_select_star,5,76565,215.732,880.000,true
current,1,positional_naming_UPPER_CAMEL_CASE,5,6300,3237.619,3376.000,true
current,1,raw_select_expressions,5,14390,1507.853,1936.000,true
current,1,mybatis_join_on,5,13437,1132.954,2648.000,true
current,1,raw_select_columns,5,37149,599.919,1216.000,true
current,1,mybatis_row_in,5,20785,981.857,2272.000,true
current,1,positional_naming_NO_CHANGE,5,10315,1885.468,1880.000,true
current,1,mybatis_retry_rollback,5,4013,4652.504,4784.000,true
current,1,raw_in_17,5,28113,639.078,1352.000,true
current,1,mybatis_select_star,5,82932,247.738,880.000,true
current,1,positional_batch_4,5,4446,1136.347,2840.000,true
current,1,mybatis_select_entity,5,39874,530.581,1304.000,true
current,1,raw_naming_KEBAB_CASE,5,6765,3296.275,3272.000,true
current,1,mybatis_insert_entity,5,20798,773.223,1568.000,true
current,1,positional_dialect_Oracle,5,20733,786.365,2032.000,true
current,1,mybatis_where_128,5,511,29999.217,34848.000,true
current,1,positional_row_in,5,23012,782.583,1608.000,true
current,1,named_naming_CAMEL_CASE,5,5193,3356.634,5168.000,true
current,1,raw_delete,5,66743,277.804,912.000,true
current,1,raw_batch_beans,5,5239,3598.034,8808.000,true
current,1,mybatis_where_eq,5,28811,714.304,1816.000,true
current,1,mybatis_batch_64,5,652,21718.098,52248.000,true
current,1,raw_repeated_names,5,1832,11392.358,14152.000,true
current,1,positional_update_chain_16,5,4456,5232.294,14560.000,true
current,1,mybatis_in_256,5,703,17234.139,47256.000,true
current,1,mybatis_batch_beans,5,3425,6298.453,14120.000,true
current,1,named_delete,5,32397,344.871,1384.000,true
current,1,mybatis_in_16,5,13469,1560.175,4048.000,true
current,1,mybatis_batch_4,5,7864,2280.989,4536.000,true
current,1,positional_naming_SCREAMING_SNAKE_CASE,5,5784,3291.234,3664.000,true
current,1,mybatis_naming_SCREAMING_SNAKE_CASE,5,4188,4261.628,5352.000,true
current,1,named_dialect_DB2,5,20681,1028.340,2584.000,true
current,1,raw_batch_4,5,16213,1292.370,3304.000,true
current,1,positional_union_raw,5,8920,1412.960,1472.000,true
current,1,raw_raw_expression,5,20058,979.136,1744.000,true
current,1,mybatis_group_order,5,11107,1839.137,3608.000,true
current,1,positional_in_16,5,28923,626.363,1728.000,true
current,1,named_subquery_structured,5,12848,1480.215,3568.000,true
current,1,named_in_16,5,8295,1857.010,5520.000,true
current,1,named_join_using,5,21266,765.203,2136.000,true
current,1,mybatis_repeated_names,5,704,17277.273,30536.000,true
current,1,named_raw_expression,5,23348,924.366,1744.000,true
current,1,named_late_modifier,5,20625,602.250,1816.000,true
current,1,positional_raw_expression,5,17170,918.672,1744.000,true
current,1,raw_insert_entity,5,37839,640.688,1264.000,true
current,1,positional_naming_CAMEL_CASE,5,7952,2188.091,1880.000,true
current,1,raw_update_map,5,23808,1029.322,1960.000,true
current,1,named_derived,5,2887,4196.675,7256.000,true
current,1,positional_subquery_raw,5,4387,609.346,1344.000,true
current,1,named_nested,5,18859,1060.852,2256.000,true
current,1,mybatis_delete,5,44233,331.174,1232.000,true
current,1,named_naming_SCREAMING_SNAKE_CASE,5,3247,4331.537,6952.000,true
current,1,named_naming_UPPER_CAMEL_CASE,5,4849,4400.825,6664.000,true
current,1,raw_where_128,5,892,20551.794,17776.000,true
current,1,raw_between,5,21048,761.165,1648.000,true
current,1,named_naming_KEBAB_CASE,5,2925,4481.026,6936.000,true
current,1,raw_batch_64,5,1493,11700.804,30184.000,true
current,1,mybatis_insert_values,5,27481,741.720,1840.000,true
current,1,positional_in_17,5,33949,583.793,1680.000,true
current,1,positional_group_order,5,11638,1594.664,3112.000,true
current,1,positional_where_eq,5,29837,630.781,1592.000,true
current,1,raw_pagination,5,29528,668.850,1712.000,true
current,1,positional_delete,5,81150,276.711,1000.000,true
current,1,positional_pagination,5,20860,732.756,1824.000,true
current,1,named_union_raw,5,17044,1108.091,1472.000,true
current,1,mybatis_update_chain_16,5,1712,8412.383,21304.000,true
current,1,named_batch_4,5,8740,2218.318,5616.000,true
current,1,named_dialect_Oracle,5,19856,1106.230,2584.000,true
current,1,named_row_in,5,16688,1193.259,2680.000,true
current,1,raw_where_eq,5,33403,703.152,1504.000,true
current,1,mybatis_union_builder,5,2743,4115.931,6768.000,true
current,1,positional_insert_placeholders,5,21554,421.620,1208.000,true
current,1,positional_select_entity,5,37912,557.214,1304.000,true
current,1,named_naming_NO_CHANGE,5,5045,3276.115,5168.000,true
current,1,raw_in_256,6,4178,4328.411,2464.000,true
current,1,mybatis_naming_CAMEL_CASE,6,6549,3580.302,3568.000,true
current,1,named_condition_only,6,4616,3623.440,6384.000,true
current,1,named_in_1024,6,167,102511.377,278560.000,true
current,1,mybatis_union_builder,6,2743,4317.390,6768.000,true
current,1,positional_row_in,6,23012,722.658,1608.000,true
current,1,positional_where_128,6,900,23867.889,20712.000,true
current,1,mybatis_nested,6,19898,1016.796,2024.000,true
current,1,mybatis_retry_rollback,6,4013,3807.152,4784.000,true
current,1,positional_dialect_MySQL,6,12675,884.813,1848.000,true
current,1,positional_select_entity,6,37912,511.484,1304.000,true
current,1,raw_batch_4,6,16213,1413.310,3304.000,true
current,1,mybatis_naming_UPPER_CAMEL_CASE,6,4062,4079.074,5064.000,true
current,1,positional_insert_placeholders,6,21554,414.452,1208.000,true
current,1,positional_in_expression,6,7716,3378.279,7536.000,true
current,1,mybatis_pagination,6,16513,908.042,2152.000,true
current,1,named_in_16,6,8295,2159.614,5520.000,true
current,1,raw_pagination,6,29528,758.311,1712.000,true
current,1,raw_batch_64,6,1493,11565.171,30184.000,true
current,1,positional_where_eq,6,29837,747.481,1592.000,true
current,1,positional_naming_UPPER_CAMEL_CASE,6,6300,3620.286,3376.000,true
current,1,raw_derived,6,5310,3525.706,5216.000,true
current,1,named_row_in,6,16688,1112.578,2680.000,true
current,1,positional_subquery_raw,6,4387,500.570,1344.000,true
current,1,positional_delete,6,81150,292.049,1000.000,true
current,1,raw_subquery_structured,6,20477,1164.350,2720.000,true
current,1,positional_dialect_Oracle,6,20733,1167.381,2032.000,true
current,1,positional_in_256,6,8751,2048.120,6208.000,true
current,1,mybatis_delete,6,44233,344.808,1232.000,true
current,1,positional_select_expressions,6,13363,1488.483,1936.000,true
current,1,named_between,6,7871,1199.479,2600.000,true
current,1,named_join_on,6,13237,1160.950,2808.000,true
current,1,named_dialect_PostgreSQL,6,18911,1130.443,2408.000,true
current,1,mybatis_group_order,6,11107,2024.723,3608.000,true
current,1,positional_dialect_DB2,6,24384,1068.820,2032.000,true
current,1,positional_mixed_literals,6,23309,868.725,1696.000,true
current,1,mybatis_insert_entity,6,20798,749.173,1568.000,true
current,1,raw_join_on,6,18345,1069.316,2336.000,true
current,1,mybatis_update_map,6,16925,1240.278,2512.000,true
current,1,raw_naming_SCREAMING_SNAKE_CASE,6,6864,3174.344,3288.000,true
current,1,mybatis_condition_only,6,4796,3996.664,4784.000,true
current,1,named_union_builder,6,2501,4599.720,6792.000,true
current,1,mybatis_update_chain_16,6,1712,9481.484,21304.000,true
current,1,positional_naming_CAMEL_CASE,6,7952,2304.515,1880.000,true
current,1,raw_where_16,6,6740,2975.223,3272.000,true
current,1,mybatis_naming_SCREAMING_SNAKE_CASE,6,4188,4736.867,5352.000,true
current,1,raw_naming_UPPER_CAMEL_CASE,6,6406,3330.534,3000.000,true
current,1,raw_repeated_names,6,1832,11763.974,14152.000,true
current,1,positional_update_map,6,17230,768.392,1872.000,true
current,1,positional_naming_NO_CHANGE,6,10315,2015.046,1880.000,true
current,1,named_where_16,6,3372,4289.442,6936.000,true
current,1,mybatis_union_raw,6,17791,1163.133,1472.000,true
current,1,positional_derived,6,3094,3392.437,5480.000,true
current,1,named_naming_NO_CHANGE,6,5045,3099.703,5168.000,true
current,1,named_join_using,6,21266,846.144,2136.000,true
current,1,named_naming_SCREAMING_SNAKE_CASE,6,3247,4286.726,6952.000,true
current,1,positional_batch_64,6,2020,9353.515,23448.000,true
current,1,positional_join_on,6,17906,1105.858,2424.000,true
current,1,raw_select_star,6,76565,229.844,880.000,true
current,1,named_delete,6,32397,379.634,1384.000,true
current,1,positional_repeated_names,6,1649,11714.857,17240.000,true
current,1,positional_late_modifier,6,36883,561.519,1432.000,true
current,1,raw_union_builder,6,7634,2246.830,3704.000,true
current,1,named_retry_rollback,6,4950,3364.949,5304.000,true
current,1,named_dialect_DB2,6,20681,1093.946,2584.000,true
current,1,raw_mixed_literals,6,19142,1032.442,1864.000,true
current,1,positional_naming_KEBAB_CASE,6,4447,3350.866,3648.000,true
current,1,mybatis_subquery_raw,6,42373,466.859,1344.000,true
current,1,positional_in_1024,6,2672,7366.093,20800.000,true
current,1,raw_naming_NO_CHANGE,6,10373,2163.376,1504.000,true
current,1,named_in_expression,6,940,25047.553,72456.000,true
current,1,named_select_entity,6,26285,546.757,1304.000,true
current,1,mybatis_in_expression,6,1090,19175.321,48432.000,true
current,1,mybatis_batch_beans,6,3425,5851.708,14120.000,true
current,1,positional_in_16,6,28923,729.907,1728.000,true
current,1,mybatis_in_256,6,703,18183.642,47256.000,true
current,1,mybatis_in_16,6,13469,1611.797,4048.000,true
current,1,mybatis_join_using,6,21731,723.561,1976.000,true
current,1,positional_between,6,21464,771.687,1736.000,true
current,1,named_late_modifier,6,20625,583.714,1816.000,true
current,1,raw_insert_entity,6,37839,619.826,1264.000,true
current,1,mybatis_select_expressions,6,14017,1398.202,1936.000,true
current,1,mybatis_batch_64,6,652,22063.344,52248.000,true
current,1,named_in_17,6,3168,1945.076,5736.000,true
current,1,raw_in_1024,6,1628,13418.120,6328.000,true
current,1,named_subquery_structured,6,12848,1522.564,3568.000,true
current,1,mybatis_subquery_structured,6,15936,1294.804,3312.000,true
current,1,named_batch_64,6,468,24235.897,70312.000,true
current,1,named_union_raw,6,17044,1209.980,1472.000,true
current,1,positional_update_chain_16,6,4456,6089.026,14560.000,true
current,1,raw_where_128,6,892,21194.619,17776.000,true
current,1,named_dialect_MySQL,6,19149,997.577,2408.000,true
current,1,named_batch_4,6,8740,1931.487,5616.000,true
current,1,positional_where_16,6,6217,3177.481,3648.000,true
current,1,named_select_star,6,94695,246.487,880.000,true
current,1,mybatis_late_modifier,6,26960,564.588,1656.000,true
current,1,mybatis_row_in,6,20785,1014.025,2272.000,true
current,1,named_naming_CAMEL_CASE,6,5193,3223.493,5168.000,true
current,1,raw_update_chain_16,6,4639,4748.567,13856.000,true
current,1,raw_in_16,6,24592,649.378,1344.000,true
current,1,mybatis_join_on,6,13437,1193.659,2648.000,true
current,1,named_subquery_raw,6,24856,459.145,1344.000,true
current,1,mybatis_insert_placeholders,6,21498,743.744,1616.000,true
current,1,raw_row_in,6,29184,696.587,1608.000,true
current,1,named_repeated_names,6,1067,19817.526,42584.000,true
current,1,mybatis_raw_expression,6,19760,917.247,1744.000,true
current,1,mybatis_between,6,16715,1135.998,2344.000,true
current,1,raw_select_expressions,6,14390,1386.171,1936.000,true
current,1,raw_in_expression,6,4332,4550.046,3712.000,true
current,1,named_derived,6,2887,4405.369,7256.000,true
current,1,positional_dialect_PostgreSQL,6,21459,815.378,1848.000,true
current,1,mybatis_select_star,6,82932,238.071,880.000,true
current,1,positional_condition_only,6,6932,2502.784,3104.000,true
current,1,mybatis_repeated_names,6,704,18538.778,30536.000,true
current,1,raw_subquery_raw,6,39930,468.620,1344.000,true
current,1,raw_where_eq,6,33403,669.323,1504.000,true
current,1,raw_batch_beans,6,5239,4245.371,8808.000,true
current,1,named_insert_placeholders,6,30194,709.631,1952.000,true
current,1,named_insert_entity,6,23693,743.182,1904.000,true
current,1,mybatis_select_entity,6,39874,514.899,1304.000,true
current,1,raw_update_map,6,23808,858.207,1960.000,true
current,1,positional_insert_entity,6,36533,558.210,1192.000,true
current,1,named_where_128,6,293,30503.754,47920.000,true
current,1,positional_batch_4,6,4446,1134.953,2840.000,true
current,1,positional_batch_beans,6,4615,2631.831,6984.000,true
current,1,named_naming_KEBAB_CASE,6,2925,5917.333,6936.000,true
current,1,named_in_256,6,764,20268.455,71352.000,true
current,1,named_dialect_Microsoft_SQL_Server,6,16886,1234.034,2584.000,true
current,1,mybatis_where_eq,6,28811,718.666,1816.000,true
current,1,raw_late_modifier,6,29248,525.776,1344.000,true
current,1,raw_select_columns,6,37149,634.130,1216.000,true
current,1,raw_naming_KEBAB_CASE,6,6765,3045.115,3272.000,true
current,1,mybatis_where_128,6,511,28457.339,34848.000,true
current,1,custom_handler_where,6,3515,4174.054,6968.000,true
current,1,raw_naming_CAMEL_CASE,6,9212,2326.943,1504.000,true
current,1,positional_naming_SCREAMING_SNAKE_CASE,6,5784,3288.952,3664.000,true
current,1,raw_in_17,6,28113,625.572,1352.000,true
current,1,named_mixed_literals,6,18219,1153.691,2416.000,true
current,1,raw_select_entity,6,40234,562.576,1304.000,true
current,1,raw_nested,6,22145,838.126,1616.000,true
current,1,mybatis_batch_4,6,7864,1848.283,4536.000,true
current,1,named_batch_beans,6,2926,6307.656,18616.000,true
current,1,positional_in_17,6,33949,638.269,1680.000,true
current,1,mybatis_where_16,6,2972,4149.697,5336.000,true
current,1,raw_raw_expression,6,20058,957.822,1744.000,true
current,1,raw_group_order,6,13586,1546.283,2952.000,true
current,1,mybatis_insert_values,6,27481,757.494,1840.000,true
current,1,mybatis_naming_NO_CHANGE,6,7392,2972.470,3568.000,true
current,1,named_select_expressions,6,14662,1466.717,1936.000,true
current,1,raw_join_using,6,31454,686.126,1664.000,true
current,1,positional_nested,6,16146,905.537,1704.000,true
current,1,named_dialect_Oracle,6,19856,1158.330,2584.000,true
current,1,positional_join_using,6,28586,700.500,1752.000,true
current,1,named_update_chain_16,6,929,8693.434,24072.000,true
current,1,positional_pagination,6,20860,738.289,1824.000,true
current,1,raw_delete,6,66743,269.666,912.000,true
current,1,mybatis_select_columns,6,35878,624.497,1216.000,true
current,1,raw_insert_values,6,32303,619.750,1536.000,true
current,1,positional_select_columns,6,22060,560.675,1216.000,true
current,1,positional_subquery_structured,6,17499,1210.641,2856.000,true
current,1,named_insert_values,6,21285,902.936,2176.000,true
current,1,positional_insert_values,6,31263,594.898,1464.000,true
current,1,mybatis_derived,6,3036,4223.781,7208.000,true
current,1,named_select_columns,6,26194,567.970,1216.000,true
current,1,positional_select_star,6,107677,215.290,880.000,true
current,1,positional_raw_expression,6,17170,926.034,1744.000,true
current,1,custom_handler_union,6,4686,4738.391,7248.000,true
current,1,positional_group_order,6,11638,1547.878,3112.000,true
current,1,named_where_eq,6,20501,716.824,1976.000,true
current,1,named_nested,6,18859,1207.646,2256.000,true
current,1,mybatis_in_1024,6,282,90463.830,182240.000,true
current,1,positional_union_builder,6,4777,2326.523,3920.000,true
current,1,named_raw_expression,6,23348,976.041,1744.000,true
current,1,named_group_order,6,10098,1964.132,3936.000,true
current,1,positional_dialect_Microsoft_SQL_Server,6,21769,960.820,2032.000,true
current,1,raw_condition_only,6,8297,2589.707,2720.000,true
current,1,named_pagination,6,18696,921.577,2384.000,true
current,1,named_naming_UPPER_CAMEL_CASE,6,4849,4610.415,6664.000,true
current,1,mybatis_mixed_literals,6,20155,1140.114,2080.000,true
current,1,raw_between,6,21048,736.716,1648.000,true
current,1,named_update_map,6,12001,1211.274,2976.000,true
current,1,mybatis_in_17,6,10731,1696.347,4192.000,true
current,1,raw_union_raw,6,19970,1068.473,1472.000,true
current,1,mybatis_naming_KEBAB_CASE,6,5168,4445.530,5336.000,true
current,1,positional_retry_rollback,6,3700,2921.919,3864.000,true
current,1,raw_insert_placeholders,6,43145,435.835,1208.000,true
current,1,raw_retry_rollback,6,9730,3701.501,3976.000,true
current,1,positional_union_raw,6,8920,1053.935,1472.000,true
current,1,raw_update_map,7,23808,771.388,1960.000,true
current,1,mybatis_naming_CAMEL_CASE,7,6549,3348.450,3568.000,true
current,1,positional_update_map,7,17230,697.835,1872.000,true
current,1,positional_dialect_MySQL,7,12675,781.728,1848.000,true
current,1,mybatis_union_builder,7,2743,4460.664,6768.000,true
current,1,named_in_expression,7,940,21588.191,72456.000,true
current,1,named_join_using,7,21266,882.728,2136.000,true
current,1,named_select_expressions,7,14662,1445.826,1936.000,true
current,1,mybatis_raw_expression,7,19760,1004.388,1744.000,true
current,1,positional_select_columns,7,22060,569.669,1216.000,true
current,1,positional_where_16,7,6217,2965.369,3648.000,true
current,1,positional_in_256,7,8751,2495.543,6208.000,true
current,1,positional_delete,7,81150,291.591,1000.000,true
current,1,named_naming_NO_CHANGE,7,5045,3056.829,5168.000,true
current,1,raw_where_16,7,6740,2915.831,3272.000,true
current,1,mybatis_retry_rollback,7,4013,4589.036,4784.000,true
current,1,mybatis_where_128,7,511,28716.634,34848.000,true
current,1,positional_between,7,21464,780.018,1736.000,true
current,1,raw_nested,7,22145,845.870,1616.000,true
current,1,raw_row_in,7,29184,753.022,1608.000,true
current,1,named_select_columns,7,26194,569.180,1216.000,true
current,1,positional_group_order,7,11638,1725.314,3112.000,true
current,1,raw_insert_entity,7,37839,606.409,1264.000,true
current,1,named_late_modifier,7,20625,691.428,1816.000,true
current,1,raw_in_1024,7,1628,13303.317,6328.000,true
current,1,positional_late_modifier,7,36883,528.281,1432.000,true
current,1,mybatis_row_in,7,20785,984.980,2272.000,true
current,1,raw_select_expressions,7,14390,1466.095,1936.000,true
current,1,raw_in_17,7,28113,634.023,1352.000,true
current,1,mybatis_join_on,7,13437,1145.442,2648.000,true
current,1,named_row_in,7,16688,1144.175,2680.000,true
current,1,positional_pagination,7,20860,683.792,1824.000,true
current,1,mybatis_mixed_literals,7,20155,1083.339,2080.000,true
current,1,positional_where_eq,7,29837,702.282,1592.000,true
current,1,raw_select_columns,7,37149,565.611,1216.000,true
current,1,mybatis_in_expression,7,1090,19897.339,48432.000,true
current,1,mybatis_group_order,7,11107,1920.762,3608.000,true
current,1,named_insert_values,7,21285,783.820,2176.000,true
current,1,positional_naming_CAMEL_CASE,7,7952,2323.843,1880.000,true
current,1,positional_insert_placeholders,7,21554,490.327,1208.000,true
current,1,positional_raw_expression,7,17170,917.432,1744.000,true
current,1,mybatis_condition_only,7,4796,3429.525,4784.000,true
current,1,raw_subquery_raw,7,39930,494.611,1344.000,true
current,1,positional_batch_4,7,4446,1154.656,2840.000,true
current,1,positional_row_in,7,23012,718.078,1608.000,true
current,1,raw_insert_values,7,32303,737.699,1536.000,true
current,1,named_batch_beans,7,2926,6274.470,18616.000,true
current,1,named_nested,7,18859,1171.769,2256.000,true
current,1,positional_in_17,7,33949,603.820,1680.000,true
current,1,named_select_star,7,94695,252.431,880.000,true
current,1,named_naming_SCREAMING_SNAKE_CASE,7,3247,4034.986,6952.000,true
current,1,mybatis_union_raw,7,17791,1097.499,1472.000,true
current,1,positional_retry_rollback,7,3700,3042.757,3864.000,true
current,1,mybatis_late_modifier,7,26960,610.875,1656.000,true
current,1,raw_update_chain_16,7,4639,4322.764,13856.000,true
current,1,mybatis_where_16,7,2972,4711.642,5336.000,true
current,1,positional_naming_UPPER_CAMEL_CASE,7,6300,3446.952,3376.000,true
current,1,raw_delete,7,66743,262.586,912.000,true
current,1,named_insert_entity,7,23693,800.785,1904.000,true
current,1,mybatis_naming_UPPER_CAMEL_CASE,7,4062,4228.385,5064.000,true
current,1,positional_select_expressions,7,13363,1544.361,1936.000,true
current,1,mybatis_select_star,7,82932,233.779,880.000,true
current,1,raw_pagination,7,29528,687.310,1712.000,true
current,1,positional_naming_SCREAMING_SNAKE_CASE,7,5784,3434.371,3664.000,true
current,1,named_between,7,7871,1067.260,2600.000,true
current,1,mybatis_select_expressions,7,14017,1423.457,1936.000,true
current,1,raw_batch_4,7,16213,1353.365,3304.000,true
current,1,mybatis_update_chain_16,7,1712,8299.357,21304.000,true
current,1,named_where_16,7,3372,4405.130,6936.000,true
current,1,raw_late_modifier,7,29248,449.450,1344.000,true
current,1,mybatis_repeated_names,7,704,17811.364,30536.000,true
current,1,raw_naming_KEBAB_CASE,7,6765,3262.291,3272.000,true
current,1,mybatis_pagination,7,16513,866.747,2152.000,true
current,1,raw_naming_UPPER_CAMEL_CASE,7,6406,3269.950,3000.000,true
current,1,positional_dialect_Oracle,7,20733,904.857,2032.000,true
current,1,mybatis_update_map,7,16925,1073.282,2512.000,true
current,1,named_naming_UPPER_CAMEL_CASE,7,4849,4666.282,6664.000,true
current,1,positional_select_entity,7,37912,557.670,1304.000,true
current,1,named_subquery_raw,7,24856,462.295,1344.000,true
current,1,named_naming_KEBAB_CASE,7,2925,4704.000,6936.000,true
current,1,mybatis_select_entity,7,39874,526.463,1304.000,true
current,1,positional_dialect_PostgreSQL,7,21459,859.486,1848.000,true
current,1,positional_repeated_names,7,1649,11707.277,17240.000,true
current,1,mybatis_naming_KEBAB_CASE,7,5168,4284.598,5336.000,true
current,1,raw_subquery_structured,7,20477,1085.501,2720.000,true
current,1,raw_group_order,7,13586,1438.010,2952.000,true
current,1,positional_in_16,7,28923,652.049,1728.000,true
current,1,mybatis_where_eq,7,28811,772.778,1816.000,true
current,1,named_dialect_Microsoft_SQL_Server,7,16886,1179.267,2584.000,true
current,1,positional_mixed_literals,7,23309,864.220,1696.000,true
current,1,mybatis_between,7,16715,1066.090,2344.000,true
current,1,named_dialect_DB2,7,20681,1123.756,2584.000,true
current,1,named_in_17,7,3168,1678.883,5736.000,true
current,1,mybatis_in_1024,7,282,91012.057,182240.000,true
current,1,raw_between,7,21048,690.740,1648.000,true
current,1,mybatis_subquery_structured,7,15936,1348.161,3312.000,true
current,1,named_repeated_names,7,1067,19695.501,42584.000,true
current,1,raw_join_using,7,31454,642.561,1664.000,true
current,1,named_group_order,7,10098,2266.815,3936.000,true
current,1,mybatis_derived,7,3036,4108.630,7208.000,true
current,1,named_in_256,7,764,21287.435,71352.000,true
current,1,named_where_128,7,293,31371.331,47920.000,true
current,1,raw_in_256,7,4178,4112.135,2464.000,true
current,1,positional_insert_entity,7,36533,509.142,1192.000,true
current,1,positional_derived,7,3094,3639.302,5480.000,true
current,1,raw_naming_SCREAMING_SNAKE_CASE,7,6864,3141.390,3288.000,true
current,1,raw_naming_CAMEL_CASE,7,9212,2182.479,1504.000,true
current,1,raw_batch_64,7,1493,11848.560,30184.000,true
current,1,mybatis_join_using,7,21731,699.429,1976.000,true
current,1,raw_in_expression,7,4332,4316.390,3712.000,true
current,1,mybatis_naming_SCREAMING_SNAKE_CASE,7,4188,4893.457,5352.000,true
current,1,raw_repeated_names,7,1832,11521.234,14152.000,true
current,1,positional_condition_only,7,6932,2792.325,3104.000,true
current,1,positional_naming_KEBAB_CASE,7,4447,3472.341,3648.000,true
current,1,positional_select_star,7,107677,241.517,880.000,true
current,1,named_in_16,7,8295,1689.331,5520.000,true
current,1,raw_union_raw,7,19970,1188.388,1472.000,true
current,1,named_retry_rollback,7,4950,3991.354,5304.000,true
current,1,named_update_chain_16,7,929,9196.125,24072.000,true
current,1,mybatis_insert_values,7,27481,795.397,1840.000,true
current,1,mybatis_insert_placeholders,7,21498,676.291,1616.000,true
current,1,positional_join_on,7,17906,1262.605,2424.000,true
current,1,named_where_eq,7,20501,784.898,1976.000,true
current,1,mybatis_nested,7,19898,1043.256,2024.000,true
current,1,named_dialect_PostgreSQL,7,18911,1686.912,2408.000,true
current,1,custom_handler_where,7,3515,4246.430,6968.000,true
current,1,positional_union_raw,7,8920,1040.617,1472.000,true
current,1,raw_where_128,7,892,20639.238,17776.000,true
current,1,named_batch_64,7,468,23631.624,70312.000,true
current,1,positional_update_chain_16,7,4456,4579.758,14560.000,true
current,1,named_pagination,7,18696,995.603,2384.000,true
current,1,raw_retry_rollback,7,9730,3173.042,3976.000,true
current,1,mybatis_batch_64,7,652,19934.202,52248.000,true
current,1,mybatis_insert_entity,7,20798,644.860,1568.000,true
current,1,raw_join_on,7,18345,1048.934,2336.000,true
current,1,custom_handler_union,7,4686,4382.608,7248.000,true
current,1,named_dialect_Oracle,7,19856,1036.654,2584.000,true
current,1,raw_batch_beans,7,5239,3722.829,8808.000,true
current,1,mybatis_in_256,7,703,16286.629,47256.000,true
current,1,named_delete,7,32397,385.462,1384.000,true
current,1,raw_insert_placeholders,7,43145,429.600,1208.000,true
current,1,raw_where_eq,7,33403,636.760,1504.000,true
current,1,raw_condition_only,7,8297,2390.539,2720.000,true
current,1,positional_insert_values,7,31263,600.413,1464.000,true
current,1,named_in_1024,7,167,94956.886,278560.000,true
current,1,positional_union_builder,7,4777,2323.906,3920.000,true
current,1,raw_naming_NO_CHANGE,7,10373,1880.093,1504.000,true
current,1,named_mixed_literals,7,18219,1038.663,2416.000,true
current,1,positional_dialect_Microsoft_SQL_Server,7,21769,994.860,2032.000,true
current,1,raw_select_entity,7,40234,525.021,1304.000,true
current,1,named_naming_CAMEL_CASE,7,5193,3228.384,5168.000,true
current,1,positional_subquery_raw,7,4387,430.226,1344.000,true
current,1,mybatis_naming_NO_CHANGE,7,7392,2740.787,3568.000,true
current,1,named_insert_placeholders,7,30194,721.686,1952.000,true
current,1,named_subquery_structured,7,12848,1466.905,3568.000,true
current,1,positional_subquery_structured,7,17499,1031.750,2856.000,true
current,1,raw_raw_expression,7,20058,949.262,1744.000,true
current,1,raw_union_builder,7,7634,2012.549,3704.000,true
current,1,mybatis_delete,7,44233,344.840,1232.000,true
current,1,mybatis_batch_4,7,7864,1830.862,4536.000,true
current,1,named_union_builder,7,2501,4319.032,6792.000,true
current,1,named_derived,7,2887,4131.728,7256.000,true
current,1,mybatis_subquery_raw,7,42373,477.252,1344.000,true
current,1,positional_naming_NO_CHANGE,7,10315,2030.325,1880.000,true
current,1,positional_nested,7,16146,830.230,1704.000,true
current,1,mybatis_in_16,7,13469,1605.175,4048.000,true
current,1,named_select_entity,7,26285,514.986,1304.000,true
current,1,mybatis_batch_beans,7,3425,5847.533,14120.000,true
current,1,positional_batch_beans,7,4615,2838.093,6984.000,true
current,1,named_join_on,7,13237,1218.486,2808.000,true
current,1,named_dialect_MySQL,7,19149,940.973,2408.000,true
current,1,named_union_raw,7,17044,1089.087,1472.000,true
current,1,positional_in_1024,7,2672,5981.437,20800.000,true
current,1,named_batch_4,7,8740,2054.531,5616.000,true
current,1,positional_in_expression,7,7716,3336.379,7536.000,true
current,1,positional_batch_64,7,2020,9150.198,23448.000,true
current,1,named_raw_expression,7,23348,914.331,1744.000,true
current,1,mybatis_in_17,7,10731,1599.506,4192.000,true
current,1,named_update_map,7,12001,1255.070,2976.000,true
current,1,positional_dialect_DB2,7,24384,766.076,2032.000,true
current,1,raw_select_star,7,76565,243.474,880.000,true
current,1,mybatis_select_columns,7,35878,579.405,1216.000,true
current,1,positional_where_128,7,900,21354.333,20712.000,true
current,1,named_condition_only,7,4616,3813.735,6384.000,true
current,1,raw_in_16,7,24592,605.128,1344.000,true
current,1,raw_derived,7,5310,3013.729,5216.000,true
current,1,raw_mixed_literals,7,19142,1039.656,1864.000,true
current,1,positional_join_using,7,28586,627.031,1752.000,true
current,1,raw_insert_entity,8,37839,577.190,1264.000,true
current,1,named_update_chain_16,8,929,9655.651,24072.000,true
current,1,positional_condition_only,8,6932,2681.506,3104.000,true
current,1,raw_in_17,8,28113,581.400,1352.000,true
current,1,raw_select_entity,8,40234,534.444,1304.000,true
current,1,named_select_star,8,94695,218.074,880.000,true
current,1,raw_retry_rollback,8,9730,2946.732,3976.000,true
current,1,raw_repeated_names,8,1832,12033.679,14152.000,true
current,1,raw_between,8,21048,680.359,1648.000,true
current,1,positional_derived,8,3094,3549.418,5480.000,true
current,1,raw_delete,8,66743,274.910,912.000,true
current,1,mybatis_pagination,8,16513,881.717,2152.000,true
current,1,named_group_order,8,10098,2058.546,3936.000,true
current,1,raw_batch_beans,8,5239,3737.774,8808.000,true
current,1,positional_dialect_Oracle,8,20733,782.554,2032.000,true
current,1,positional_where_128,8,900,20926.222,20712.000,true
current,1,mybatis_subquery_structured,8,15936,1340.242,3312.000,true
current,1,positional_naming_NO_CHANGE,8,10315,1857.508,1880.000,true
current,1,positional_dialect_Microsoft_SQL_Server,8,21769,995.397,2032.000,true
current,1,named_dialect_MySQL,8,19149,954.400,2408.000,true
current,1,positional_select_entity,8,37912,534.045,1304.000,true
current,1,raw_where_eq,8,33403,636.326,1504.000,true
current,1,positional_delete,8,81150,268.859,1000.000,true
current,1,mybatis_naming_KEBAB_CASE,8,5168,3919.563,5336.000,true
current,1,raw_late_modifier,8,29248,478.050,1344.000,true
current,1,mybatis_in_17,8,10731,1587.298,4192.000,true
current,1,named_where_16,8,3372,4002.669,6936.000,true
current,1,mybatis_insert_placeholders,8,21498,679.668,1616.000,true
current,1,raw_update_map,8,23808,743.204,1960.000,true
current,1,positional_insert_placeholders,8,21554,471.448,1208.000,true
current,1,mybatis_union_builder,8,2743,3776.194,6768.000,true
current,1,raw_subquery_raw,8,39930,468.562,1344.000,true
current,1,mybatis_where_16,8,2972,3909.522,5336.000,true
current,1,positional_batch_64,8,2020,9259.059,23448.000,true
current,1,raw_where_16,8,6740,2807.359,3272.000,true
current,1,mybatis_naming_SCREAMING_SNAKE_CASE,8,4188,4150.191,5352.000,true
current,1,positional_batch_4,8,4446,1126.316,2840.000,true
current,1,named_dialect_PostgreSQL,8,18911,1063.519,2408.000,true
current,1,positional_group_order,8,11638,1478.115,3112.000,true
current,1,raw_in_1024,8,1628,13073.771,6328.000,true
current,1,raw_where_128,8,892,22122.758,17776.000,true
current,1,positional_naming_SCREAMING_SNAKE_CASE,8,5784,3114.402,3664.000,true
current,1,mybatis_update_map,8,16925,1018.665,2512.000,true
current,1,named_raw_expression,8,23348,951.422,1744.000,true
current,1,named_where_eq,8,20501,693.298,1976.000,true
current,1,named_condition_only,8,4616,3700.238,6384.000,true
current,1,mybatis_late_modifier,8,26960,527.915,1656.000,true
current,1,raw_derived,8,5310,3387.288,5216.000,true
current,1,named_in_17,8,3168,1648.453,5736.000,true
current,1,named_subquery_raw,8,24856,448.439,1344.000,true
current,1,named_union_builder,8,2501,4690.564,6792.000,true
current,1,mybatis_insert_values,8,27481,712.907,1840.000,true
current,1,named_select_columns,8,26194,567.832,1216.000,true
current,1,mybatis_derived,8,3036,3813.570,7208.000,true
current,1,named_repeated_names,8,1067,19732.240,42584.000,true
current,1,mybatis_batch_beans,8,3425,5467.679,14120.000,true
current,1,named_late_modifier,8,20625,633.513,1816.000,true
current,1,mybatis_select_star,8,82932,222.269,880.000,true
current,1,named_between,8,7871,1125.422,2600.000,true
current,1,raw_group_order,8,13586,1429.162,2952.000,true
current,1,positional_naming_UPPER_CAMEL_CASE,8,6300,3414.206,3376.000,true
current,1,raw_in_256,8,4178,3951.053,2464.000,true
current,1,positional_in_256,8,8751,2032.065,6208.000,true
current,1,positional_where_16,8,6217,3075.921,3648.000,true
current,1,raw_subquery_structured,8,20477,959.809,2720.000,true
current,1,mybatis_condition_only,8,4796,3605.129,4784.000,true
current,1,positional_update_map,8,17230,681.410,1872.000,true
current,1,raw_select_columns,8,37149,566.314,1216.000,true
current,1,mybatis_row_in,8,20785,955.987,2272.000,true
current,1,positional_dialect_DB2,8,24384,841.798,2032.000,true
current,1,raw_union_builder,8,7634,2113.663,3704.000,true
current,1,positional_mixed_literals,8,23309,846.025,1696.000,true
current,1,raw_select_expressions,8,14390,1405.761,1936.000,true
current,1,mybatis_in_256,8,703,20128.592,47256.000,true
current,1,mybatis_union_raw,8,17791,1055.472,1472.000,true
current,1,mybatis_where_eq,8,28811,717.136,1816.000,true
current,1,named_insert_entity,8,23693,703.702,1904.000,true
current,1,mybatis_mixed_literals,8,20155,1032.558,2080.000,true
current,1,raw_update_chain_16,8,4639,4404.117,13856.000,true
current,1,raw_insert_placeholders,8,43145,451.895,1208.000,true
current,1,mybatis_in_1024,8,282,80581.206,182240.000,true
current,1,named_naming_SCREAMING_SNAKE_CASE,8,3247,4230.921,6952.000,true
current,1,raw_batch_4,8,16213,1376.371,3304.000,true
current,1,mybatis_select_expressions,8,14017,1437.797,1936.000,true
current,1,named_where_128,8,293,30470.648,47920.000,true
current,1,mybatis_join_using,8,21731,754.282,1976.000,true
current,1,named_dialect_Microsoft_SQL_Server,8,16886,1153.618,2584.000,true
current,1,positional_nested,8,16146,907.853,1704.000,true
current,1,named_in_256,8,764,21018.586,71352.000,true
current,1,named_in_16,8,8295,1827.004,5520.000,true
current,1,raw_raw_expression,8,20058,861.836,1744.000,true
current,1,mybatis_naming_CAMEL_CASE,8,6549,3415.743,3568.000,true
current,1,mybatis_retry_rollback,8,4013,4751.383,4784.000,true
current,1,named_insert_values,8,21285,848.555,2176.000,true
current,1,mybatis_select_entity,8,39874,482.184,1304.000,true
current,1,mybatis_delete,8,44233,320.358,1232.000,true
current,1,positional_insert_entity,8,36533,560.094,1192.000,true
current,1,mybatis_subquery_raw,8,42373,445.744,1344.000,true
current,1,positional_naming_KEBAB_CASE,8,4447,3080.549,3648.000,true
current,1,positional_update_chain_16,8,4456,4713.241,14560.000,true
current,1,named_naming_UPPER_CAMEL_CASE,8,4849,4520.252,6664.000,true
current,1,mybatis_raw_expression,8,19760,918.598,1744.000,true
current,1,named_in_expression,8,940,22172.766,72456.000,true
current,1,named_mixed_literals,8,18219,1057.133,2416.000,true
current,1,positional_select_star,8,107677,217.071,880.000,true
current,1,raw_join_on,8,18345,976.446,2336.000,true
current,1,named_delete,8,32397,370.584,1384.000,true
current,1,raw_naming_SCREAMING_SNAKE_CASE,8,6864,3152.987,3288.000,true
current,1,named_pagination,8,18696,1040.003,2384.000,true
current,1,mybatis_batch_4,8,7864,1878.204,4536.000,true
current,1,positional_in_expression,8,7716,3123.432,7536.000,true
current,1,named_join_using,8,21266,769.722,2136.000,true
current,1,named_select_entity,8,26285,482.557,1304.000,true
current,1,raw_batch_64,8,1493,11968.721,30184.000,true
current,1,raw_row_in,8,29184,711.822,1608.000,true
current,1,raw_in_expression,8,4332,4496.884,3712.000,true
current,1,raw_insert_values,8,32303,624.899,1536.000,true
current,1,positional_in_17,8,33949,578.762,1680.000,true
current,1,positional_subquery_structured,8,17499,1030.179,2856.000,true
current,1,positional_union_raw,8,8920,1088.262,1472.000,true
current,1,mybatis_where_128,8,511,29746.184,34848.000,true
current,1,raw_naming_UPPER_CAMEL_CASE,8,6406,3239.182,3000.000,true
current,1,named_row_in,8,16688,1145.332,2680.000,true
current,1,raw_join_using,8,31454,619.333,1664.000,true
current,1,named_dialect_DB2,8,20681,1023.277,2584.000,true
current,1,positional_batch_beans,8,4615,2761.820,6984.000,true
current,1,named_nested,8,18859,1067.734,2256.000,true
current,1,positional_retry_rollback,8,3700,2748.676,3864.000,true
current,1,raw_union_raw,8,19970,1072.614,1472.000,true
current,1,named_batch_beans,8,2926,6114.491,18616.000,true
current,1,raw_mixed_literals,8,19142,1002.424,1864.000,true
current,1,positional_join_using,8,28586,654.138,1752.000,true
current,1,named_retry_rollback,8,4950,3203.596,5304.000,true
current,1,positional_in_1024,8,2672,5591.055,20800.000,true
current,1,named_naming_NO_CHANGE,8,5045,3188.503,5168.000,true
current,1,named_select_expressions,8,14662,1399.734,1936.000,true
current,1,positional_union_builder,8,4777,2251.748,3920.000,true
current,1,mybatis_join_on,8,13437,1195.259,2648.000,true
current,1,mybatis_repeated_names,8,704,17314.915,30536.000,true
current,1,positional_between,8,21464,713.972,1736.000,true
current,1,positional_repeated_names,8,1649,12386.598,17240.000,true
current,1,named_union_raw,8,17044,1035.015,1472.000,true
current,1,positional_raw_expression,8,17170,891.072,1744.000,true
current,1,positional_where_eq,8,29837,697.188,1592.000,true
current,1,mybatis_update_chain_16,8,1712,7919.801,21304.000,true
current,1,mybatis_group_order,8,11107,1776.564,3608.000,true
current,1,positional_subquery_raw,8,4387,466.287,1344.000,true
current,1,raw_nested,8,22145,860.989,1616.000,true
current,1,raw_naming_CAMEL_CASE,8,9212,2203.213,1504.000,true
current,1,mybatis_batch_64,8,652,19154.141,52248.000,true
current,1,named_subquery_structured,8,12848,1427.467,3568.000,true
current,1,raw_in_16,8,24592,570.116,1344.000,true
current,1,mybatis_nested,8,19898,979.631,2024.000,true
current,1,mybatis_select_columns,8,35878,553.922,1216.000,true
current,1,positional_row_in,8,23012,773.444,1608.000,true
current,1,positional_dialect_MySQL,8,12675,717.254,1848.000,true
current,1,raw_naming_KEBAB_CASE,8,6765,2958.950,3272.000,true
current,1,mybatis_in_expression,8,1090,18644.862,48432.000,true
current,1,named_batch_64,8,468,21284.615,70312.000,true
current,1,named_update_map,8,12001,1349.921,2976.000,true
current,1,named_naming_KEBAB_CASE,8,2925,4156.889,6936.000,true
current,1,mybatis_between,8,16715,1116.022,2344.000,true
current,1,raw_naming_NO_CHANGE,8,10373,1878.830,1504.000,true
current,1,positional_dialect_PostgreSQL,8,21459,917.811,1848.000,true
current,1,positional_in_16,8,28923,771.479,1728.000,true
current,1,named_naming_CAMEL_CASE,8,5193,3205.045,5168.000,true
current,1,mybatis_in_16,8,13469,1593.548,4048.000,true
current,1,positional_select_columns,8,22060,532.525,1216.000,true
current,1,mybatis_insert_entity,8,20798,742.913,1568.000,true
current,1,positional_naming_CAMEL_CASE,8,7952,2225.692,1880.000,true
current,1,named_dialect_Oracle,8,19856,1130.097,2584.000,true
current,1,named_join_on,8,13237,1126.562,2808.000,true
current,1,custom_handler_union,8,4686,4464.383,7248.000,true
current,1,named_insert_placeholders,8,30194,667.904,1952.000,true
current,1,raw_condition_only,8,8297,2519.489,2720.000,true
current,1,named_in_1024,8,167,95021.557,278560.000,true
current,1,positional_select_expressions,8,13363,1364.102,1936.000,true
current,1,positional_pagination,8,20860,717.910,1824.000,true
current,1,named_derived,8,2887,3862.833,7256.000,true
current,1,custom_handler_where,8,3515,4040.057,6968.000,true
current,1,mybatis_naming_UPPER_CAMEL_CASE,8,4062,4636.928,5064.000,true
current,1,raw_pagination,8,29528,649.231,1712.000,true
current,1,positional_late_modifier,8,36883,504.053,1432.000,true
current,1,positional_join_on,8,17906,1085.094,2424.000,true
current,1,positional_insert_values,8,31263,578.850,1464.000,true
current,1,named_batch_4,8,8740,2007.220,5616.000,true
current,1,raw_select_star,8,76565,215.498,880.000,true
current,1,mybatis_naming_NO_CHANGE,8,7392,2974.513,3568.000,true
current,1,positional_update_map,9,17230,746.019,1872.000,true
current,1,positional_select_columns,9,22060,546.423,1216.000,true
current,1,positional_insert_values,9,31263,561.223,1464.000,true
current,1,positional_pagination,9,20860,757.052,1824.000,true
current,1,raw_insert_values,9,32303,586.134,1536.000,true
current,1,named_select_expressions,9,14662,1561.492,1936.000,true
current,1,named_derived,9,2887,4015.518,7256.000,true
current,1,raw_in_17,9,28113,637.456,1352.000,true
current,1,positional_dialect_Oracle,9,20733,816.852,2032.000,true
current,1,mybatis_in_16,9,13469,1554.117,4048.000,true
current,1,named_row_in,9,16688,1052.361,2680.000,true
current,1,mybatis_select_columns,9,35878,542.466,1216.000,true
current,1,mybatis_naming_KEBAB_CASE,9,5168,4088.854,5336.000,true
current,1,positional_join_on,9,17906,1135.575,2424.000,true
current,1,positional_insert_entity,9,36533,490.844,1192.000,true
current,1,mybatis_join_on,9,13437,1244.080,2648.000,true
current,1,named_subquery_structured,9,12848,1325.163,3568.000,true
current,1,mybatis_naming_NO_CHANGE,9,7392,2964.286,3568.000,true
current,1,named_select_entity,9,26285,503.698,1304.000,true
current,1,mybatis_where_128,9,511,27210.372,34848.000,true
current,1,named_delete,9,32397,375.093,1384.000,true
current,1,positional_batch_4,9,4446,1104.948,2840.000,true
current,1,mybatis_subquery_raw,9,42373,462.778,1344.000,true
current,1,mybatis_naming_SCREAMING_SNAKE_CASE,9,4188,3799.475,5352.000,true
current,1,raw_batch_beans,9,5239,3661.825,8808.000,true
current,1,positional_where_16,9,6217,2864.919,3648.000,true
current,1,named_in_expression,9,940,22025.851,72456.000,true
current,1,mybatis_repeated_names,9,704,17157.102,30536.000,true
current,1,positional_condition_only,9,6932,2598.832,3104.000,true
current,1,raw_mixed_literals,9,19142,1004.817,1864.000,true
current,1,named_naming_KEBAB_CASE,9,2925,4204.137,6936.000,true
current,1,named_retry_rollback,9,4950,3012.667,5304.000,true
current,1,named_dialect_DB2,9,20681,1051.153,2584.000,true
current,1,raw_between,9,21048,784.208,1648.000,true
current,1,named_update_map,9,12001,1110.524,2976.000,true
current,1,named_late_modifier,9,20625,632.242,1816.000,true
current,1,named_where_eq,9,20501,745.510,1976.000,true
current,1,named_insert_entity,9,23693,731.262,1904.000,true
current,1,named_where_16,9,3372,4245.255,6936.000,true
current,1,named_naming_SCREAMING_SNAKE_CASE,9,3247,4075.824,6952.000,true
current,1,raw_nested,9,22145,830.892,1616.000,true
current,1,raw_naming_UPPER_CAMEL_CASE,9,6406,3135.514,3000.000,true
current,1,mybatis_in_17,9,10731,1580.673,4192.000,true
current,1,positional_group_order,9,11638,1563.971,3112.000,true
current,1,positional_in_16,9,28923,738.298,1728.000,true
current,1,named_batch_4,9,8740,1920.400,5616.000,true
current,1,raw_batch_4,9,16213,1279.393,3304.000,true
current,1,raw_naming_NO_CHANGE,9,10373,1906.382,1504.000,true
current,1,mybatis_insert_values,9,27481,776.937,1840.000,true
current,1,named_where_128,9,293,30246.075,47920.000,true
current,1,mybatis_row_in,9,20785,983.988,2272.000,true
current,1,raw_in_1024,9,1628,12370.762,6328.000,true
current,1,mybatis_nested,9,19898,999.854,2024.000,true
current,1,named_raw_expression,9,23348,914.995,1744.000,true
current,1,named_in_17,9,3168,1868.655,5736.000,true
current,1,named_join_on,9,13237,1217.376,2808.000,true
current,1,positional_delete,9,81150,276.702,1000.000,true
current,1,named_join_using,9,21266,776.526,2136.000,true
current,1,named_in_16,9,8295,1779.265,5520.000,true
current,1,mybatis_select_entity,9,39874,488.030,1304.000,true
current,1,named_dialect_MySQL,9,19149,965.706,2408.000,true
current,1,raw_union_builder,9,7634,1952.410,3704.000,true
current,1,raw_select_star,9,76565,221.812,880.000,true
current,1,mybatis_pagination,9,16513,824.302,2152.000,true
current,1,named_repeated_names,9,1067,19122.024,42584.000,true
current,1,positional_row_in,9,23012,749.127,1608.000,true
current,1,raw_retry_rollback,9,9730,3080.637,3976.000,true
current,1,mybatis_delete,9,44233,345.391,1232.000,true
current,1,raw_batch_64,9,1493,11445.211,30184.000,true
current,1,positional_union_builder,9,4777,2305.610,3920.000,true
current,1,mybatis_join_using,9,21731,729.824,1976.000,true
current,1,named_mixed_literals,9,18219,1068.714,2416.000,true
current,1,mybatis_between,9,16715,986.659,2344.000,true
current,1,mybatis_in_1024,9,282,89063.475,182240.000,true
current,1,custom_handler_union,9,4686,4469.505,7248.000,true
current,1,raw_update_chain_16,9,4639,4476.568,13856.000,true
current,1,named_condition_only,9,4616,3561.742,6384.000,true
current,1,mybatis_derived,9,3036,4339.954,7208.000,true
current,1,mybatis_in_256,9,703,16596.871,47256.000,true
current,1,positional_dialect_PostgreSQL,9,21459,923.654,1848.000,true
current,1,named_dialect_PostgreSQL,9,18911,1013.267,2408.000,true
current,1,positional_naming_KEBAB_CASE,9,4447,3225.320,3648.000,true
current,1,raw_raw_expression,9,20058,962.120,1744.000,true
current,1,raw_in_expression,9,4332,4552.724,3712.000,true
current,1,raw_insert_placeholders,9,43145,447.679,1208.000,true
current,1,positional_where_eq,9,29837,644.468,1592.000,true
current,1,named_between,9,7871,1262.559,2600.000,true
current,1,raw_subquery_raw,9,39930,459.742,1344.000,true
current,1,raw_pagination,9,29528,671.461,1712.000,true
current,1,named_dialect_Microsoft_SQL_Server,9,16886,1183.093,2584.000,true
current,1,mybatis_retry_rollback,9,4013,3852.953,4784.000,true
current,1,mybatis_group_order,9,11107,1744.332,3608.000,true
current,1,positional_batch_64,9,2020,9543.416,23448.000,true
current,1,named_update_chain_16,9,929,8754.790,24072.000,true
current,1,raw_insert_entity,9,37839,600.317,1264.000,true
current,1,mybatis_raw_expression,9,19760,911.407,1744.000,true
current,1,named_pagination,9,18696,995.245,2384.000,true
current,1,mybatis_in_expression,9,1090,18642.936,48432.000,true
current,1,positional_retry_rollback,9,3700,3050.351,3864.000,true
current,1,positional_naming_CAMEL_CASE,9,7952,2204.992,1880.000,true
current,1,raw_where_128,9,892,20749.103,17776.000,true
current,1,raw_in_256,9,4178,3519.220,2464.000,true
current,1,positional_update_chain_16,9,4456,4708.954,14560.000,true
current,1,positional_nested,9,16146,825.319,1704.000,true
current,1,raw_where_16,9,6740,2931.187,3272.000,true
current,1,mybatis_where_16,9,2972,4128.970,5336.000,true
current,1,raw_condition_only,9,8297,2440.726,2720.000,true
current,1,raw_derived,9,5310,3086.365,5216.000,true
current,1,mybatis_union_builder,9,2743,4881.407,6768.000,true
current,1,raw_delete,9,66743,268.765,912.000,true
current,1,raw_subquery_structured,9,20477,1019.915,2720.000,true
current,1,positional_dialect_DB2,9,24384,888.993,2032.000,true
current,1,positional_naming_SCREAMING_SNAKE_CASE,9,5784,3075.674,3664.000,true
current,1,positional_naming_UPPER_CAMEL_CASE,9,6300,3131.540,3376.000,true
current,1,raw_join_using,9,31454,660.495,1664.000,true
current,1,positional_select_star,9,107677,238.315,880.000,true
current,1,positional_in_expression,9,7716,3135.912,7536.000,true
current,1,named_insert_placeholders,9,30194,701.398,1952.000,true
current,1,positional_in_17,9,33949,544.045,1680.000,true
current,1,mybatis_condition_only,9,4796,3506.401,4784.000,true
current,1,positional_between,9,21464,722.167,1736.000,true
current,1,named_nested,9,18859,1013.813,2256.000,true
current,1,mybatis_insert_entity,9,20798,680.219,1568.000,true
current,1,positional_late_modifier,9,36883,500.789,1432.000,true
current,1,positional_select_entity,9,37912,512.880,1304.000,true
current,1,positional_insert_placeholders,9,21554,479.405,1208.000,true
current,1,positional_mixed_literals,9,23309,819.383,1696.000,true
current,1,positional_subquery_raw,9,4387,433.576,1344.000,true
current,1,mybatis_batch_64,9,652,21396.012,52248.000,true
current,1,positional_join_using,9,28586,678.440,1752.000,true
current,1,positional_naming_NO_CHANGE,9,10315,1969.510,1880.000,true
current,1,raw_union_raw,9,19970,1070.536,1472.000,true
current,1,mybatis_update_map,9,16925,1087.687,2512.000,true
current,1,raw_naming_KEBAB_CASE,9,6765,2957.339,3272.000,true
current,1,positional_select_expressions,9,13363,1388.431,1936.000,true
current,1,named_select_star,9,94695,210.400,880.000,true
current,1,mybatis_select_expressions,9,14017,1510.066,1936.000,true
current,1,positional_repeated_names,9,1649,11456.337,17240.000,true
current,1,positional_in_256,9,8751,2240.795,6208.000,true
current,1,raw_late_modifier,9,29248,477.790,1344.000,true
current,1,mybatis_select_star,9,82932,219.520,880.000,true
current,1,mybatis_batch_4,9,7864,1961.979,4536.000,true
current,1,positional_subquery_structured,9,17499,1053.723,2856.000,true
current,1,mybatis_naming_UPPER_CAMEL_CASE,9,4062,4372.550,5064.000,true
current,1,raw_join_on,9,18345,1043.216,2336.000,true
current,1,named_in_1024,9,167,95158.683,278560.000,true
current,1,raw_select_expressions,9,14390,1393.085,1936.000,true
current,1,named_group_order,9,10098,1895.940,3936.000,true
current,1,named_union_raw,9,17044,1088.811,1472.000,true
current,1,raw_select_entity,9,40234,500.594,1304.000,true
current,1,raw_naming_SCREAMING_SNAKE_CASE,9,6864,3134.848,3288.000,true
current,1,positional_raw_expression,9,17170,887.216,1744.000,true
current,1,mybatis_union_raw,9,17791,1051.414,1472.000,true
current,1,raw_naming_CAMEL_CASE,9,9212,2327.529,1504.000,true
current,1,positional_derived,9,3094,3085.714,5480.000,true
current,1,mybatis_where_eq,9,28811,660.734,1816.000,true
current,1,named_batch_beans,9,2926,6585.817,18616.000,true
current,1,positional_dialect_Microsoft_SQL_Server,9,21769,1034.595,2032.000,true
current,1,mybatis_insert_placeholders,9,21498,617.085,1616.000,true
current,1,mybatis_naming_CAMEL_CASE,9,6549,3036.906,3568.000,true
current,1,named_dialect_Oracle,9,19856,1072.573,2584.000,true
current,1,mybatis_subquery_structured,9,15936,1345.313,3312.000,true
current,1,named_naming_UPPER_CAMEL_CASE,9,4849,4495.731,6664.000,true
current,1,positional_union_raw,9,8920,1031.211,1472.000,true
current,1,raw_repeated_names,9,1832,11621.288,14152.000,true
current,1,named_subquery_raw,9,24856,436.583,1344.000,true
current,1,raw_in_16,9,24592,610.341,1344.000,true
current,1,named_insert_values,9,21285,793.376,2176.000,true
current,1,positional_where_128,9,900,21240.111,20712.000,true
current,1,raw_update_map,9,23808,806.880,1960.000,true
current,1,named_naming_NO_CHANGE,9,5045,2967.453,5168.000,true
current,1,mybatis_mixed_literals,9,20155,1042.332,2080.000,true
current,1,custom_handler_where,9,3515,4205.974,6968.000,true
current,1,mybatis_update_chain_16,9,1712,8373.598,21304.000,true
current,1,raw_where_eq,9,33403,608.858,1504.000,true
current,1,named_naming_CAMEL_CASE,9,5193,3478.952,5168.000,true
current,1,named_in_256,9,764,20758.508,71352.000,true
current,1,positional_batch_beans,9,4615,2858.895,6984.000,true
current,1,positional_in_1024,9,2672,5972.380,20800.000,true
current,1,named_batch_64,9,468,22810.043,70312.000,true
current,1,raw_select_columns,9,37149,545.969,1216.000,true
current,1,named_union_builder,9,2501,4485.406,6792.000,true
current,1,mybatis_batch_beans,9,3425,5576.613,14120.000,true
current,1,named_select_columns,9,26194,589.742,1216.000,true
current,1,mybatis_late_modifier,9,26960,612.170,1656.000,true
current,1,raw_row_in,9,29184,721.549,1608.000,true
current,1,raw_group_order,9,13586,1441.256,2952.000,true
current,1,positional_dialect_MySQL,9,12675,781.878,1848.000,true
