version,fork,case,round,operations,ns_per_op,bytes_per_op,equivalent
current,1,mybatis_where_128,1,465,71761.935,34848.000,true
current,1,mybatis_raw_expression,1,11012,2074.982,1744.000,true
current,1,mybatis_between,1,9369,1616.651,2344.000,true
current,1,named_dialect_MySQL,1,16073,1527.941,2408.000,true
current,1,named_pagination,1,10984,1611.162,2384.000,true
current,1,positional_union_builder,1,9039,4254.785,3920.000,true
current,1,raw_between,1,26150,972.696,1648.000,true
current,1,named_naming_KEBAB_CASE,1,2479,7232.997,6936.000,true
current,1,named_update_chain_16,1,1507,22428.733,24072.000,true
current,1,raw_subquery_structured,1,10624,1779.151,2720.000,true
current,1,mybatis_subquery_raw,1,41391,734.365,1344.000,true
current,1,positional_in_1024,1,1662,13255.897,20856.000,true
current,1,named_retry_rollback,1,4101,6046.989,5304.000,true
current,1,named_dialect_Oracle,1,10707,1922.565,2584.000,true
current,1,named_mixed_literals,1,8374,2038.954,2416.000,true
current,1,raw_raw_expression,1,21297,1862.445,1744.000,true
current,1,named_dialect_DB2,1,12507,1473.079,2584.000,true
current,1,mybatis_join_on,1,8412,1880.552,2648.000,true
current,1,positional_naming_CAMEL_CASE,1,3009,7023.795,3360.000,true
current,1,raw_condition_only,1,4385,4590.718,2720.000,true
current,1,raw_insert_placeholders,1,21028,793.813,1208.000,true
current,1,raw_repeated_names,1,1731,17849.105,14152.000,true
current,1,positional_dialect_PostgreSQL,1,8446,1458.809,1848.000,true
current,1,raw_insert_values,1,24700,1147.332,1536.000,true
current,1,raw_late_modifier,1,22020,898.769,1344.000,true
current,1,raw_update_map,1,12706,1346.702,1960.000,true
current,1,mybatis_update_map,1,4388,1886.304,2512.000,true
current,1,named_subquery_structured,1,5617,2298.398,3568.000,true
current,1,named_insert_values,1,15089,1064.285,2176.000,true
current,1,mybatis_select_star,1,70951,393.018,880.000,true
current,1,mybatis_repeated_names,1,701,23856.205,30536.000,true
current,1,mybatis_insert_placeholders,1,16756,1092.439,1616.000,true
current,1,positional_mixed_literals,1,11414,1467.715,1696.000,true
current,1,positional_update_chain_16,1,1790,8559.330,14560.000,true
current,1,raw_batch_4,1,13098,2014.292,3432.000,true
current,1,positional_dialect_MySQL,1,12714,1000.488,1848.000,true
current,1,mybatis_retry_rollback,1,2867,5917.300,4784.000,true
current,1,positional_where_eq,1,29977,1182.920,1592.000,true
current,1,positional_batch_64,1,1159,18827.092,25496.000,true
current,1,positional_between,1,24972,1261.917,1736.000,true
current,1,named_join_using,1,24985,1419.220,2136.000,true
current,1,named_between,1,15283,2047.020,2600.000,true
current,1,raw_in_16,1,20119,1294.861,1344.000,true
current,1,positional_naming_KEBAB_CASE,1,2494,5404.130,3648.000,true
current,1,named_naming_UPPER_CAMEL_CASE,1,1801,8951.638,6664.000,true
current,1,mybatis_in_17,1,7622,3315.101,4192.000,true
current,1,named_dialect_PostgreSQL,1,8194,2926.861,2408.000,true
current,1,mybatis_pagination,1,13850,2190.960,2152.000,true
current,1,mybatis_naming_SCREAMING_SNAKE_CASE,1,2228,8175.000,5352.000,true
current,1,positional_dialect_DB2,1,12667,1546.886,2032.000,true
current,1,mybatis_in_1024,1,145,147568.276,182240.000,true
current,1,named_in_17,1,5570,3048.636,5736.000,true
current,1,raw_pagination,1,14819,1402.868,1712.000,true
current,1,custom_handler_union,1,1088,7956.158,7248.000,true
current,1,mybatis_select_expressions,1,7422,2089.140,1936.000,true
current,1,raw_select_entity,1,37445,836.122,1304.000,true
current,1,positional_naming_SCREAMING_SNAKE_CASE,1,126,3921.429,3664.000,true
current,1,positional_group_order,1,5346,2024.860,3112.000,true
current,1,positional_batch_beans,1,41,4831.707,7608.000,true
current,1,named_in_16,1,10467,2987.370,5520.000,true
current,1,named_select_expressions,1,6780,2839.027,1936.000,true
current,1,positional_raw_expression,1,11838,1635.597,1744.000,true
current,1,named_row_in,1,14777,2149.956,2680.000,true
current,1,custom_handler_where,1,2692,7965.305,6968.000,true
current,1,mybatis_nested,1,20340,1827.139,2024.000,true
current,1,raw_in_expression,1,2650,5080.528,3712.000,true
current,1,raw_where_16,1,3689,3446.462,3272.000,true
current,1,raw_select_expressions,1,7571,1982.407,1936.000,true
current,1,mybatis_insert_entity,1,14829,961.906,1864.000,true
current,1,mybatis_union_builder,1,3025,4305.950,6768.000,true
current,1,raw_union_builder,1,5356,2900.037,3704.000,true
current,1,positional_naming_NO_CHANGE,1,7373,3404.055,1880.000,true
current,1,mybatis_naming_CAMEL_CASE,1,2412,5731.551,5048.000,true
current,1,positional_insert_placeholders,1,887,577.790,1208.000,true
current,1,positional_select_columns,1,29363,932.885,1216.000,true
current,1,positional_update_map,1,15514,1543.625,1872.000,true
current,1,positional_naming_UPPER_CAMEL_CASE,1,505,4378.812,3376.000,true
current,1,raw_join_on,1,14868,1107.015,2336.000,true
current,1,positional_union_raw,1,18195,1175.554,1472.000,true
current,1,named_insert_placeholders,1,11272,1117.193,1920.000,true
current,1,raw_batch_64,1,900,12400.889,32232.000,true
current,1,named_in_256,1,580,21318.276,71352.000,true
current,1,positional_delete,1,54188,359.458,1000.000,true
current,1,positional_insert_values,1,16765,647.200,1464.000,true
current,1,positional_late_modifier,1,25036,998.091,1432.000,true
current,1,positional_in_16,1,23975,926.636,1728.000,true
current,1,named_union_raw,1,10010,1191.588,1472.000,true
current,1,named_condition_only,1,3539,3844.758,6384.000,true
current,1,named_union_builder,1,1986,5281.370,6792.000,true
current,1,named_naming_CAMEL_CASE,1,2595,7086.397,6648.000,true
current,1,positional_dialect_Oracle,1,12391,1227.181,2032.000,true
current,1,positional_join_using,1,24492,728.164,1752.000,true
current,1,named_late_modifier,1,20677,887.638,1816.000,true
current,1,mybatis_insert_values,1,14664,1415.125,1840.000,true
current,1,positional_subquery_raw,1,16678,498.747,1344.000,true
current,1,named_nested,1,9491,1592.277,2256.000,true
current,1,named_update_map,1,7087,1449.175,2976.000,true
current,1,raw_derived,1,3303,3538.359,5216.000,true
current,1,mybatis_naming_KEBAB_CASE,1,2788,6335.617,5336.000,true
current,1,positional_select_expressions,1,11460,2677.478,1936.000,true
current,1,raw_in_256,1,3873,6553.628,2464.000,true
current,1,named_select_entity,1,15370,1068.504,1304.000,true
current,1,raw_subquery_raw,1,38170,1002.581,1344.000,true
current,1,mybatis_condition_only,1,3583,5185.459,4784.000,true
current,1,raw_nested,1,14936,1438.578,1616.000,true
current,1,named_select_star,1,44868,358.496,880.000,true
current,1,raw_naming_NO_CHANGE,1,5053,4174.352,1504.000,true
current,1,named_batch_beans,1,1766,10368.063,19240.000,true
current,1,named_where_128,1,291,46882.131,47920.000,true
current,1,positional_condition_only,1,4019,4479.000,3104.000,true
current,1,raw_update_chain_16,1,1984,11252.974,13856.000,true
current,1,raw_mixed_literals,1,14759,1996.043,1864.000,true
current,1,raw_naming_KEBAB_CASE,1,4165,6065.858,3272.000,true
current,1,raw_insert_entity,1,24727,1245.675,1560.000,true
current,1,raw_group_order,1,8036,2142.882,2952.000,true
current,1,named_naming_NO_CHANGE,1,3344,5957.446,5168.000,true
current,1,mybatis_join_using,1,15133,1213.527,1976.000,true
current,1,named_where_16,1,2495,4815.030,6936.000,true
current,1,positional_select_entity,1,21816,600.454,1304.000,true
current,1,named_delete,1,33704,537.013,1384.000,true
current,1,positional_where_128,1,911,38900.988,20712.000,true
current,1,positional_join_on,1,16854,1949.169,2424.000,true
current,1,raw_where_eq,1,18241,1279.771,1504.000,true
current,1,raw_union_raw,1,10762,1744.648,1472.000,true
current,1,mybatis_where_16,1,2482,6921.998,5336.000,true
current,1,mybatis_update_chain_16,1,1116,18098.566,21304.000,true
current,1,mybatis_select_entity,1,17001,1208.464,1304.000,true
current,1,named_repeated_names,1,547,38049.909,42584.000,true
current,1,named_join_on,1,9084,2487.891,2808.000,true
current,1,positional_retry_rollback,1,4522,3928.616,3864.000,true
current,1,named_subquery_raw,1,18506,627.769,1344.000,true
current,1,mybatis_in_16,1,12549,2049.677,4048.000,true
current,1,named_insert_entity,1,7998,926.019,2200.000,true
current,1,mybatis_late_modifier,1,19240,1105.847,1656.000,true
current,1,raw_in_17,1,17675,888.492,1352.000,true
current,1,named_naming_SCREAMING_SNAKE_CASE,1,462,6693.723,6952.000,true
current,1,raw_batch_beans,1,3875,4514.632,9432.000,true
current,1,named_where_eq,1,13473,914.228,1976.000,true
current,1,positional_row_in,1,14296,1300.301,1608.000,true
current,1,mybatis_batch_64,1,692,27061.127,54296.000,true
current,1,mybatis_union_raw,1,20193,1569.306,1472.000,true
current,1,positional_dialect_Microsoft_SQL_Server,1,8149,1637.514,2032.000,true
current,1,mybatis_derived,1,2910,6172.440,7208.000,true
current,1,mybatis_subquery_structured,1,7841,2253.322,3312.000,true
current,1,named_select_columns,1,16603,1067.397,1216.000,true
current,1,raw_row_in,1,24448,923.736,1608.000,true
current,1,mybatis_in_expression,1,983,33268.973,48432.000,true
current,1,named_dialect_Microsoft_SQL_Server,1,8698,2153.817,2584.000,true
current,1,raw_join_using,1,15905,861.817,1664.000,true
current,1,raw_in_1024,1,803,15382.067,6328.000,true
current,1,positional_insert_entity,1,13499,918.046,1488.000,true
current,1,named_batch_64,1,555,34738.559,72360.000,true
current,1,mybatis_in_256,1,678,23258.850,47256.000,true
current,1,mybatis_naming_NO_CHANGE,1,2992,4514.505,3568.000,true
current,1,positional_where_16,1,6745,4297.376,3648.000,true
current,1,mybatis_batch_beans,1,2195,8509.704,14744.000,true
current,1,mybatis_delete,1,19799,547.679,1232.000,true
current,1,positional_batch_4,1,10790,1507.238,2968.000,true
current,1,positional_pagination,1,26227,1220.517,1824.000,true
current,1,mybatis_group_order,1,10719,2976.864,3608.000,true
current,1,positional_repeated_names,1,855,19026.784,17240.000,true
current,1,named_in_1024,1,98,132884.694,278560.000,true
current,1,named_in_expression,1,480,33000.625,72456.000,true
current,1,raw_naming_CAMEL_CASE,1,3302,5903.513,2984.000,true
current,1,positional_in_17,1,9066,1015.475,1736.000,true
current,1,named_batch_4,1,7552,3377.635,5744.000,true
current,1,positional_derived,1,713,5841.094,5480.000,true
current,1,positional_in_expression,1,2877,7236.601,9952.000,true
current,1,mybatis_batch_4,1,6585,2887.107,4664.000,true
current,1,raw_select_star,1,64224,369.922,880.000,true
current,1,raw_select_columns,1,21431,725.300,1216.000,true
current,1,mybatis_mixed_literals,1,12809,1780.561,2080.000,true
current,1,mybatis_select_columns,1,17281,741.363,1216.000,true
current,1,mybatis_row_in,1,11563,1365.718,2272.000,true
current,1,positional_in_256,1,6918,3969.485,6264.000,true
current,1,raw_delete,1,36513,368.321,912.000,true
current,1,positional_subquery_structured,1,3866,2323.306,2856.000,true
current,1,positional_nested,1,10057,1808.690,1704.000,true
current,1,raw_naming_UPPER_CAMEL_CASE,1,2550,4329.765,3000.000,true
current,1,named_derived,1,2364,6453.384,7256.000,true
current,1,raw_naming_SCREAMING_SNAKE_CASE,1,2463,4098.904,3288.000,true
current,1,mybatis_naming_UPPER_CAMEL_CASE,1,1958,5070.991,5064.000,true
current,1,named_raw_expression,1,10765,1378.458,1744.000,true
current,1,raw_where_128,1,916,32355.349,17776.000,true
current,1,positional_select_star,1,91593,296.698,880.000,true
current,1,mybatis_where_eq,1,17762,1038.419,1816.000,true
current,1,raw_retry_rollback,1,5054,3238.207,3976.000,true
current,1,named_group_order,1,5732,2638.974,3936.000,true
current,1,positional_in_1024,2,1662,11544.645,20856.000,true
current,1,named_condition_only,2,3539,4821.984,6384.000,true
current,1,positional_select_entity,2,21816,1103.750,1304.000,true
current,1,mybatis_retry_rollback,2,2867,6197.837,4784.000,true
current,1,mybatis_where_eq,2,17762,1182.738,1816.000,true
current,1,mybatis_repeated_names,2,701,25277.603,30536.000,true
current,1,named_union_builder,2,1986,7543.353,6792.000,true
current,1,raw_where_16,2,3689,4061.941,3272.000,true
current,1,named_where_128,2,291,33474.914,47920.000,true
current,1,named_derived,2,2364,5055.499,7256.000,true
current,1,named_update_map,2,7087,1557.020,2976.000,true
current,1,raw_subquery_raw,2,38170,679.287,1344.000,true
current,1,raw_naming_CAMEL_CASE,2,3302,3801.878,2984.000,true
current,1,named_repeated_names,2,547,19388.300,42584.000,true
current,1,named_select_star,2,44868,339.670,880.000,true
current,1,mybatis_naming_SCREAMING_SNAKE_CASE,2,2228,7729.309,5352.000,true
current,1,mybatis_naming_CAMEL_CASE,2,2412,6578.897,5048.000,true
current,1,mybatis_delete,2,19799,731.436,1232.000,true
current,1,mybatis_insert_placeholders,2,16756,1548.442,1616.000,true
current,1,raw_late_modifier,2,22020,1056.026,1344.000,true
current,1,positional_naming_UPPER_CAMEL_CASE,2,505,7316.634,3376.000,true
current,1,positional_batch_beans,2,41,7575.610,7608.000,true
current,1,mybatis_subquery_raw,2,41391,1244.367,1344.000,true
current,1,named_dialect_MySQL,2,16073,2153.033,2408.000,true
current,1,mybatis_naming_NO_CHANGE,2,2992,6076.771,3568.000,true
current,1,positional_union_raw,2,18195,1879.676,1472.000,true
current,1,positional_where_128,2,911,41714.819,20712.000,true
current,1,positional_nested,2,10057,1956.090,1704.000,true
current,1,mybatis_batch_64,2,692,39362.861,54296.000,true
current,1,positional_subquery_raw,2,16678,973.756,1344.000,true
current,1,positional_insert_placeholders,2,887,1017.813,1208.000,true
current,1,positional_select_expressions,2,11460,2515.419,1936.000,true
current,1,named_in_17,2,5570,3754.363,5736.000,true
current,1,named_batch_4,2,7552,3717.214,5744.000,true
current,1,named_insert_placeholders,2,11272,1485.903,1920.000,true
current,1,mybatis_select_star,2,70951,478.289,880.000,true
current,1,positional_batch_64,2,1159,18364.538,25496.000,true
current,1,positional_insert_entity,2,13499,1419.224,1488.000,true
current,1,raw_naming_NO_CHANGE,2,5053,4107.936,1504.000,true
current,1,mybatis_row_in,2,11563,2289.440,2272.000,true
current,1,named_raw_expression,2,10765,1974.956,1744.000,true
current,1,positional_in_17,2,9066,1375.270,1736.000,true
current,1,named_pagination,2,10984,1853.824,2384.000,true
current,1,raw_naming_KEBAB_CASE,2,4165,5972.725,3272.000,true
current,1,mybatis_select_expressions,2,7422,3263.500,1936.000,true
current,1,raw_condition_only,2,4385,4907.754,2720.000,true
current,1,mybatis_select_entity,2,17001,1091.130,1304.000,true
current,1,named_union_raw,2,10010,1998.851,1472.000,true
current,1,positional_select_star,2,91593,471.810,880.000,true
current,1,mybatis_mixed_literals,2,12809,2099.149,2080.000,true
current,1,raw_insert_values,2,24700,1224.134,1536.000,true
current,1,named_nested,2,9491,2152.955,2256.000,true
current,1,positional_union_builder,2,9039,4681.768,3920.000,true
current,1,positional_derived,2,713,7974.194,5480.000,true
current,1,positional_batch_4,2,10790,5730.871,2968.000,true
current,1,raw_update_map,2,12706,1839.485,1960.000,true
current,1,mybatis_join_using,2,15133,1761.997,1976.000,true
current,1,mybatis_late_modifier,2,19240,1563.986,1656.000,true
current,1,named_naming_UPPER_CAMEL_CASE,2,1801,14109.550,6664.000,true
current,1,named_dialect_Oracle,2,10707,2327.580,2584.000,true
current,1,named_naming_CAMEL_CASE,2,2595,11289.942,6648.000,true
current,1,positional_insert_values,2,16765,1475.556,1464.000,true
current,1,mybatis_condition_only,2,3583,7093.776,4784.000,true
current,1,named_dialect_Microsoft_SQL_Server,2,8698,2526.822,2584.000,true
current,1,mybatis_where_128,2,465,52896.559,34848.000,true
current,1,mybatis_batch_4,2,6585,3773.394,4664.000,true
current,1,named_in_expression,2,480,43163.125,72456.000,true
current,1,named_between,2,15283,2123.804,2600.000,true
current,1,named_naming_KEBAB_CASE,2,2479,7688.342,6936.000,true
current,1,raw_derived,2,3303,6071.299,5216.000,true
current,1,raw_mixed_literals,2,14759,1975.988,1864.000,true
current,1,mybatis_nested,2,20340,1918.427,2024.000,true
current,1,mybatis_select_columns,2,17281,1068.694,1216.000,true
current,1,raw_raw_expression,2,21297,1736.409,1744.000,true
current,1,positional_dialect_MySQL,2,12714,1196.940,1848.000,true
current,1,raw_where_128,2,916,33502.183,17776.000,true
current,1,mybatis_batch_beans,2,2195,10017.813,14744.000,true
current,1,mybatis_in_1024,2,145,128602.759,182240.000,true
current,1,positional_join_using,2,24492,954.846,1752.000,true
current,1,mybatis_derived,2,2910,6611.100,7208.000,true
current,1,positional_dialect_PostgreSQL,2,8446,949.976,1848.000,true
current,1,mybatis_in_256,2,678,23495.723,47256.000,true
current,1,named_delete,2,33704,625.869,1384.000,true
current,1,mybatis_in_17,2,7622,2281.999,4192.000,true
current,1,positional_naming_KEBAB_CASE,2,2494,5222.294,3648.000,true
current,1,raw_in_expression,2,2650,7578.113,3712.000,true
current,1,raw_retry_rollback,2,5054,4573.625,3976.000,true
current,1,positional_row_in,2,14296,1367.613,1608.000,true
current,1,raw_batch_4,2,13098,1858.826,3432.000,true
current,1,raw_insert_entity,2,24727,1321.851,1560.000,true
current,1,positional_group_order,2,5346,2182.791,3112.000,true
current,1,mybatis_update_chain_16,2,1116,18756.989,21304.000,true
current,1,positional_pagination,2,26227,1500.240,1824.000,true
current,1,raw_row_in,2,24448,1952.336,1608.000,true
current,1,mybatis_insert_values,2,14664,2185.563,1840.000,true
current,1,raw_group_order,2,8036,3773.793,2952.000,true
current,1,positional_dialect_DB2,2,12667,2572.969,2032.000,true
current,1,mybatis_update_map,2,4388,3391.317,2512.000,true
current,1,raw_in_17,2,17675,1881.952,1352.000,true
current,1,positional_in_256,2,6918,6069.485,6264.000,true
current,1,mybatis_naming_UPPER_CAMEL_CASE,2,1958,14417.263,5064.000,true
current,1,named_select_columns,2,16603,1852.394,1216.000,true
current,1,raw_subquery_structured,2,10624,2469.324,2720.000,true
current,1,mybatis_in_16,2,12549,3010.455,4048.000,true
current,1,raw_pagination,2,14819,1309.609,1712.000,true
current,1,raw_naming_SCREAMING_SNAKE_CASE,2,2463,6027.446,3288.000,true
current,1,named_group_order,2,5732,3262.683,3936.000,true
current,1,positional_where_eq,2,29977,988.681,1592.000,true
current,1,named_subquery_structured,2,5617,2766.192,3568.000,true
current,1,positional_late_modifier,2,25036,742.431,1432.000,true
current,1,raw_update_chain_16,2,1984,9239.667,13856.000,true
current,1,named_join_on,2,9084,2288.045,2808.000,true
current,1,named_in_256,2,580,30535.000,71352.000,true
current,1,named_where_16,2,2495,7122.244,6936.000,true
current,1,positional_naming_CAMEL_CASE,2,3009,6756.929,3360.000,true
current,1,raw_union_raw,2,10762,1855.436,1472.000,true
current,1,positional_delete,2,54188,490.553,1000.000,true
current,1,positional_dialect_Microsoft_SQL_Server,2,8149,2110.553,2032.000,true
current,1,raw_select_expressions,2,7571,2636.164,1936.000,true
current,1,named_select_entity,2,15370,1171.906,1304.000,true
current,1,named_insert_values,2,15089,1673.994,2176.000,true
current,1,named_dialect_DB2,2,12507,1577.421,2584.000,true
current,1,raw_batch_64,2,900,20130.000,32232.000,true
current,1,raw_select_columns,2,21431,812.183,1216.000,true
current,1,named_insert_entity,2,7998,1741.410,2200.000,true
current,1,raw_delete,2,36513,325.654,912.000,true
current,1,positional_in_expression,2,2877,8986.966,9952.000,true
current,1,named_subquery_raw,2,18506,1003.631,1344.000,true
current,1,named_row_in,2,14777,1920.803,2680.000,true
current,1,raw_in_1024,2,803,20919.552,6328.000,true
current,1,raw_union_builder,2,5356,3263.592,3704.000,true
current,1,mybatis_pagination,2,13850,1287.769,2152.000,true
current,1,positional_dialect_Oracle,2,12391,1694.310,2032.000,true
current,1,mybatis_insert_entity,2,14829,1962.553,1864.000,true
current,1,mybatis_join_on,2,8412,2920.483,2648.000,true
current,1,raw_where_eq,2,18241,1387.429,1504.000,true
current,1,raw_in_16,2,20119,1713.987,1344.000,true
current,1,positional_in_16,2,23975,1685.260,1728.000,true
current,1,named_update_chain_16,2,1507,22581.088,24072.000,true
current,1,named_in_16,2,10467,4553.836,5520.000,true
current,1,positional_naming_SCREAMING_SNAKE_CASE,2,126,6282.540,3664.000,true
current,1,named_late_modifier,2,20677,2328.215,1816.000,true
current,1,named_join_using,2,24985,2245.944,2136.000,true
current,1,mybatis_subquery_structured,2,7841,4363.653,3312.000,true
current,1,mybatis_between,2,9369,2241.296,2344.000,true
current,1,positional_mixed_literals,2,11414,1828.272,1696.000,true
current,1,named_where_eq,2,13473,1733.905,1976.000,true
current,1,mybatis_in_expression,2,983,46488.708,48432.000,true
current,1,mybatis_group_order,2,10719,3930.283,3608.000,true
current,1,positional_subquery_structured,2,3866,2242.292,2856.000,true
current,1,custom_handler_where,2,2692,7693.388,6968.000,true
current,1,raw_join_on,2,14868,1972.417,2336.000,true
current,1,mybatis_union_raw,2,20193,1852.756,1472.000,true
current,1,mybatis_union_builder,2,3025,6891.802,6768.000,true
current,1,raw_between,2,26150,1033.319,1648.000,true
current,1,named_batch_64,2,555,39027.928,72360.000,true
current,1,named_in_1024,2,98,212688.776,278560.000,true
current,1,raw_batch_beans,2,3875,6393.110,9432.000,true
current,1,raw_naming_UPPER_CAMEL_CASE,2,2550,5038.471,3000.000,true
current,1,named_naming_NO_CHANGE,2,3344,4165.580,5168.000,true
current,1,positional_update_chain_16,2,1790,8272.682,14560.000,true
current,1,named_naming_SCREAMING_SNAKE_CASE,2,462,8042.208,6952.000,true
current,1,mybatis_naming_KEBAB_CASE,2,2788,6087.733,5336.000,true
current,1,raw_nested,2,14936,1398.694,1616.000,true
current,1,positional_join_on,2,16854,1688.305,2424.000,true
current,1,raw_insert_placeholders,2,21028,778.343,1208.000,true
current,1,named_batch_beans,2,1766,8919.706,19240.000,true
current,1,named_retry_rollback,2,4101,4843.063,5304.000,true
current,1,raw_in_256,2,3873,5565.944,2464.000,true
current,1,named_dialect_PostgreSQL,2,8194,2078.057,2408.000,true
current,1,named_mixed_literals,2,8374,1544.113,2416.000,true
current,1,positional_retry_rollback,2,4522,3785.847,3864.000,true
current,1,raw_join_using,2,15905,1344.018,1664.000,true
current,1,raw_select_entity,2,37445,940.879,1304.000,true
current,1,positional_where_16,2,6745,5331.505,3648.000,true
current,1,positional_naming_NO_CHANGE,2,7373,4194.602,1880.000,true
current,1,positional_condition_only,2,4019,3636.850,3104.000,true
current,1,mybatis_raw_expression,2,11012,1101.653,1744.000,true
current,1,mybatis_where_16,2,2482,6450.403,5336.000,true
current,1,named_select_expressions,2,6780,2543.628,1936.000,true
current,1,raw_repeated_names,2,1731,16756.846,14152.000,true
current,1,positional_select_columns,2,29363,923.295,1216.000,true
current,1,custom_handler_union,2,1088,7919.945,7248.000,true
current,1,raw_select_star,2,64224,369.197,880.000,true
current,1,positional_update_map,2,15514,1465.895,1872.000,true
current,1,positional_between,2,24972,1279.089,1736.000,true
current,1,positional_repeated_names,2,855,17244.211,17240.000,true
current,1,positional_raw_expression,2,11838,1638.106,1744.000,true
current,1,raw_update_chain_16,3,1984,7996.119,13856.000,true
current,1,named_where_128,3,291,58957.388,47920.000,true
current,1,raw_row_in,3,24448,1262.058,1608.000,true
current,1,raw_insert_entity,3,24727,1381.437,1560.000,true
current,1,named_naming_KEBAB_CASE,3,2479,7142.557,6936.000,true
current,1,named_in_17,3,5570,3484.901,5736.000,true
current,1,mybatis_late_modifier,3,19240,1156.559,1656.000,true
current,1,raw_naming_UPPER_CAMEL_CASE,3,2550,5911.529,3000.000,true
current,1,named_mixed_literals,3,8374,1651.242,2416.000,true
current,1,positional_union_builder,3,9039,3629.428,3920.000,true
current,1,mybatis_mixed_literals,3,12809,1988.610,2080.000,true
current,1,positional_row_in,3,14296,1311.318,1608.000,true
current,1,positional_mixed_literals,3,11414,1053.180,1696.000,true
current,1,named_nested,3,9491,1817.048,2256.000,true
current,1,raw_where_eq,3,18241,1101.014,1504.000,true
current,1,named_union_raw,3,10010,1645.255,1472.000,true
current,1,positional_dialect_MySQL,3,12714,1418.995,1848.000,true
current,1,positional_insert_placeholders,3,887,914.994,1208.000,true
current,1,positional_dialect_Oracle,3,12391,1350.085,2032.000,true
current,1,raw_subquery_raw,3,38170,929.935,1344.000,true
current,1,positional_naming_KEBAB_CASE,3,2494,5756.656,3648.000,true
current,1,named_group_order,3,5732,4712.718,3936.000,true
current,1,named_select_star,3,44868,527.518,880.000,true
current,1,positional_in_256,3,6918,5184.013,6264.000,true
current,1,positional_batch_beans,3,41,8375.610,7608.000,true
current,1,named_late_modifier,3,20677,1382.792,1816.000,true
current,1,positional_naming_NO_CHANGE,3,7373,4510.810,1880.000,true
current,1,mybatis_batch_4,3,6585,3812.149,4664.000,true
current,1,named_select_entity,3,15370,1184.229,1304.000,true
current,1,named_subquery_raw,3,18506,1078.488,1344.000,true
current,1,raw_join_on,3,14868,2285.452,2336.000,true
current,1,named_insert_entity,3,7998,2504.026,2200.000,true
current,1,mybatis_condition_only,3,3583,8425.677,4784.000,true
current,1,mybatis_union_raw,3,20193,2098.079,1472.000,true
current,1,named_repeated_names,3,547,37130.713,42584.000,true
current,1,mybatis_select_entity,3,17001,1301.747,1304.000,true
current,1,named_between,3,15283,2022.888,2600.000,true
current,1,raw_delete,3,36513,485.405,912.000,true
current,1,mybatis_group_order,3,10719,3118.733,3608.000,true
current,1,raw_union_builder,3,5356,3052.259,3704.000,true
current,1,positional_join_on,3,16854,2397.526,2424.000,true
current,1,named_pagination,3,10984,1609.687,2384.000,true
current,1,raw_in_expression,3,2650,8133.962,3712.000,true
current,1,raw_pagination,3,14819,1164.046,1712.000,true
current,1,positional_group_order,3,5346,3777.628,3112.000,true
current,1,mybatis_union_builder,3,3025,8448.364,6768.000,true
current,1,raw_in_16,3,20119,1332.541,1344.000,true
current,1,raw_insert_values,3,24700,1324.077,1536.000,true
current,1,named_batch_beans,3,1766,11621.121,19240.000,true
current,1,mybatis_naming_UPPER_CAMEL_CASE,3,1958,9387.692,5064.000,true
current,1,named_condition_only,3,3539,6893.473,6384.000,true
current,1,named_update_chain_16,3,1507,17516.058,24072.000,true
current,1,named_join_on,3,9084,2469.936,2808.000,true
current,1,mybatis_update_map,3,4388,1663.491,2512.000,true
current,1,positional_union_raw,3,18195,2263.303,1472.000,true
current,1,positional_select_entity,3,21816,1097.085,1304.000,true
current,1,mybatis_join_on,3,8412,2392.962,2648.000,true
current,1,named_naming_NO_CHANGE,3,3344,5720.006,5168.000,true
current,1,raw_join_using,3,15905,1041.899,1664.000,true
current,1,raw_batch_4,3,13098,2684.295,3432.000,true
current,1,named_in_1024,3,98,164505.102,278560.000,true
current,1,named_update_map,3,7087,2317.807,2976.000,true
current,1,positional_in_17,3,9066,1031.855,1736.000,true
current,1,named_delete,3,33704,723.683,1384.000,true
current,1,mybatis_insert_entity,3,14829,1789.022,1864.000,true
current,1,raw_in_256,3,3873,7497.160,2464.000,true
current,1,named_dialect_Microsoft_SQL_Server,3,8698,1801.115,2584.000,true
current,1,raw_union_raw,3,10762,1877.216,1472.000,true
current,1,positional_in_1024,3,1662,12195.247,20856.000,true
current,1,positional_raw_expression,3,11838,1589.230,1744.000,true
current,1,named_row_in,3,14777,1972.660,2680.000,true
current,1,positional_pagination,3,26227,1296.645,1824.000,true
current,1,raw_derived,3,3303,6300.363,5216.000,true
current,1,positional_batch_4,3,10790,2254.921,2968.000,true
current,1,positional_select_expressions,3,11460,2948.839,1936.000,true
current,1,mybatis_where_128,3,465,56107.312,34848.000,true
current,1,raw_repeated_names,3,1731,19742.577,14152.000,true
current,1,mybatis_in_1024,3,145,107957.931,182240.000,true
current,1,mybatis_where_eq,3,17762,999.916,1816.000,true
current,1,raw_raw_expression,3,21297,1439.358,1744.000,true
current,1,mybatis_pagination,3,13850,1110.347,2152.000,true
current,1,positional_between,3,24972,1447.333,1736.000,true
current,1,named_select_columns,3,16603,854.930,1216.000,true
current,1,mybatis_naming_CAMEL_CASE,3,2412,8751.783,5048.000,true
current,1,named_retry_rollback,3,4101,3798.586,5304.000,true
current,1,mybatis_select_expressions,3,7422,2113.959,1936.000,true
current,1,mybatis_naming_SCREAMING_SNAKE_CASE,3,2228,6343.223,5352.000,true
current,1,named_dialect_MySQL,3,16073,1920.264,2408.000,true
current,1,raw_naming_CAMEL_CASE,3,3302,4036.281,2984.000,true
current,1,named_insert_values,3,15089,1417.543,2176.000,true
current,1,mybatis_select_star,3,70951,396.125,880.000,true
current,1,raw_between,3,26150,1306.076,1648.000,true
current,1,positional_dialect_DB2,3,12667,1474.540,2032.000,true
current,1,positional_retry_rollback,3,4522,4325.763,3864.000,true
current,1,named_where_16,3,2495,8337.555,6936.000,true
current,1,named_batch_64,3,555,45596.577,72360.000,true
current,1,mybatis_retry_rollback,3,2867,5219.288,4784.000,true
current,1,mybatis_in_16,3,12549,2850.307,4048.000,true
current,1,mybatis_batch_64,3,692,42090.029,54296.000,true
current,1,mybatis_between,3,9369,2014.014,2344.000,true
current,1,raw_insert_placeholders,3,21028,907.918,1208.000,true
current,1,named_in_expression,3,480,42276.250,72456.000,true
current,1,mybatis_in_17,3,7622,2450.249,4192.000,true
current,1,raw_where_128,3,916,26483.624,17776.000,true
current,1,positional_nested,3,10057,1588.138,1704.000,true
current,1,positional_where_eq,3,29977,1052.394,1592.000,true
current,1,positional_delete,3,54188,503.209,1000.000,true
current,1,raw_naming_KEBAB_CASE,3,4165,5792.533,3272.000,true
current,1,positional_naming_CAMEL_CASE,3,3009,6616.783,3360.000,true
current,1,raw_retry_rollback,3,5054,4557.816,3976.000,true
current,1,positional_subquery_structured,3,3866,1965.442,2856.000,true
current,1,mybatis_row_in,3,11563,1548.647,2272.000,true
current,1,raw_nested,3,14936,1520.795,1616.000,true
current,1,raw_select_star,3,64224,335.364,880.000,true
current,1,raw_in_1024,3,803,22080.075,6328.000,true
current,1,positional_subquery_raw,3,16678,1056.302,1344.000,true
current,1,raw_mixed_literals,3,14759,1563.094,1864.000,true
current,1,named_insert_placeholders,3,11272,1295.236,1920.000,true
current,1,raw_update_map,3,12706,1678.790,1960.000,true
current,1,raw_condition_only,3,4385,4496.579,2720.000,true
current,1,named_in_16,3,10467,2961.832,5520.000,true
current,1,mybatis_raw_expression,3,11012,1252.261,1744.000,true
current,1,positional_insert_values,3,16765,948.834,1464.000,true
current,1,mybatis_batch_beans,3,2195,9617.540,14744.000,true
current,1,positional_dialect_Microsoft_SQL_Server,3,8149,1461.333,2032.000,true
current,1,raw_batch_beans,3,3875,4138.116,9432.000,true
current,1,custom_handler_union,3,1088,5868.107,7248.000,true
current,1,raw_batch_64,3,900,13002.778,32232.000,true
current,1,named_in_256,3,580,29499.483,71352.000,true
current,1,positional_update_chain_16,3,1790,8431.508,14560.000,true
current,1,named_where_eq,3,13473,1280.710,1976.000,true
current,1,raw_naming_SCREAMING_SNAKE_CASE,3,2463,5698.457,3288.000,true
current,1,mybatis_naming_KEBAB_CASE,3,2788,7603.407,5336.000,true
current,1,raw_in_17,3,17675,1183.785,1352.000,true
current,1,raw_select_entity,3,37445,736.723,1304.000,true
current,1,positional_in_16,3,23975,1270.941,1728.000,true
current,1,raw_late_modifier,3,22020,762.103,1344.000,true
current,1,raw_select_columns,3,21431,1012.986,1216.000,true
current,1,positional_condition_only,3,4019,3813.909,3104.000,true
current,1,positional_in_expression,3,2877,8938.408,9952.000,true
current,1,mybatis_update_chain_16,3,1116,10951.882,21304.000,true
current,1,named_dialect_Oracle,3,10707,1698.982,2584.000,true
current,1,positional_dialect_PostgreSQL,3,8446,1268.636,1848.000,true
current,1,raw_where_16,3,3689,3981.133,3272.000,true
current,1,named_dialect_PostgreSQL,3,8194,1562.900,2408.000,true
current,1,positional_select_star,3,91593,390.059,880.000,true
current,1,mybatis_subquery_raw,3,41391,866.775,1344.000,true
current,1,named_derived,3,2364,8124.619,7256.000,true
current,1,mybatis_in_expression,3,983,33372.330,48432.000,true
current,1,named_naming_CAMEL_CASE,3,2595,7414.528,6648.000,true
current,1,positional_insert_entity,3,13499,1287.088,1488.000,true
current,1,mybatis_delete,3,19799,611.703,1232.000,true
current,1,mybatis_insert_values,3,14664,1355.483,1840.000,true
current,1,positional_naming_SCREAMING_SNAKE_CASE,3,126,6734.127,3664.000,true
current,1,mybatis_where_16,3,2482,7481.829,5336.000,true
current,1,named_raw_expression,3,10765,1768.110,1744.000,true
current,1,named_naming_SCREAMING_SNAKE_CASE,3,462,8716.883,6952.000,true
current,1,named_naming_UPPER_CAMEL_CASE,3,1801,7148.751,6664.000,true
current,1,mybatis_derived,3,2910,6147.938,7208.000,true
current,1,positional_repeated_names,3,855,17022.456,17240.000,true
current,1,positional_select_columns,3,29363,932.197,1216.000,true
current,1,raw_select_expressions,3,7571,2651.790,1936.000,true
current,1,mybatis_in_256,3,678,30897.640,47256.000,true
current,1,mybatis_select_columns,3,17281,975.268,1216.000,true
current,1,mybatis_repeated_names,3,701,28324.822,30536.000,true
current,1,named_union_builder,3,1986,5073.162,6792.000,true
current,1,mybatis_join_using,3,15133,1062.420,1976.000,true
current,1,custom_handler_where,3,2692,5548.700,6968.000,true
current,1,mybatis_naming_NO_CHANGE,3,2992,4547.159,3568.000,true
current,1,positional_batch_64,3,1159,10340.380,25496.000,true
current,1,named_dialect_DB2,3,12507,1212.969,2584.000,true
current,1,positional_update_map,3,15514,1381.346,1872.000,true
current,1,mybatis_nested,3,20340,2082.399,2024.000,true
current,1,mybatis_insert_placeholders,3,16756,1258.624,1616.000,true
current,1,named_subquery_structured,3,5617,3659.551,3568.000,true
current,1,raw_naming_NO_CHANGE,3,5053,5003.641,1504.000,true
current,1,raw_subquery_structured,3,10624,2379.255,2720.000,true
current,1,positional_where_128,3,911,47654.007,20712.000,true
current,1,positional_where_16,3,6745,6885.441,3648.000,true
current,1,positional_derived,3,713,8311.360,5480.000,true
current,1,positional_join_using,3,24492,1532.460,1752.000,true
current,1,positional_late_modifier,3,25036,1112.262,1432.000,true
current,1,named_batch_4,3,7552,4449.470,5744.000,true
current,1,raw_group_order,3,8036,3474.328,2952.000,true
current,1,named_join_using,3,24985,1575.493,2136.000,true
current,1,named_select_expressions,3,6780,3105.959,1936.000,true
current,1,positional_naming_UPPER_CAMEL_CASE,3,505,6740.396,3376.000,true
current,1,mybatis_subquery_structured,3,7841,2711.325,3312.000,true
current,1,raw_batch_beans,4,3875,7641.497,9432.000,true
current,1,mybatis_subquery_structured,4,7841,2562.645,3312.000,true
current,1,named_insert_placeholders,4,11272,1223.838,1920.000,true
current,1,positional_pagination,4,26227,1310.733,1824.000,true
current,1,mybatis_batch_beans,4,2195,9969.704,14744.000,true
current,1,named_nested,4,9491,2768.897,2256.000,true
current,1,raw_update_chain_16,4,1984,11165.726,13856.000,true
current,1,mybatis_union_builder,4,3025,10472.033,6768.000,true
current,1,raw_in_256,4,3873,6270.746,2464.000,true
current,1,positional_select_expressions,4,11460,2235.768,1936.000,true
current,1,custom_handler_where,4,2692,7144.539,6968.000,true
current,1,positional_dialect_MySQL,4,12714,1349.552,1848.000,true
current,1,named_delete,4,33704,599.321,1384.000,true
current,1,mybatis_subquery_raw,4,41391,881.938,1344.000,true
current,1,positional_subquery_raw,4,16678,886.947,1344.000,true
current,1,mybatis_raw_expression,4,11012,1881.066,1744.000,true
current,1,positional_dialect_Oracle,4,12391,1352.014,2032.000,true
current,1,named_where_eq,4,13473,1273.102,1976.000,true
current,1,raw_in_17,4,17675,1280.736,1352.000,true
current,1,mybatis_select_star,4,70951,358.842,880.000,true
current,1,raw_raw_expression,4,21297,1534.197,1744.000,true
current,1,raw_insert_placeholders,4,21028,790.741,1208.000,true
current,1,raw_naming_UPPER_CAMEL_CASE,4,2550,4656.392,3000.000,true
current,1,mybatis_insert_placeholders,4,16756,1004.482,1616.000,true
current,1,mybatis_where_16,4,2482,6012.409,5336.000,true
current,1,named_select_star,4,44868,273.846,880.000,true
current,1,mybatis_in_16,4,12549,2158.491,4048.000,true
current,1,raw_derived,4,3303,5963.064,5216.000,true
current,1,named_in_1024,4,98,169297.959,278560.000,true
current,1,raw_naming_KEBAB_CASE,4,4165,6253.854,3272.000,true
current,1,positional_row_in,4,14296,1380.841,1608.000,true
current,1,positional_delete,4,54188,577.163,1000.000,true
current,1,positional_in_17,4,9066,1245.445,1736.000,true
current,1,raw_insert_values,4,24700,1288.725,1536.000,true
current,1,named_naming_SCREAMING_SNAKE_CASE,4,462,7601.515,6952.000,true
current,1,mybatis_batch_64,4,692,43183.960,54296.000,true
current,1,named_batch_4,4,7552,4702.052,5744.000,true
current,1,named_mixed_literals,4,8374,2301.624,2416.000,true
current,1,positional_where_128,4,911,40302.854,20712.000,true
current,1,named_where_128,4,291,44347.766,47920.000,true
current,1,raw_select_entity,4,37445,1350.728,1304.000,true
current,1,named_join_using,4,24985,1550.158,2136.000,true
current,1,raw_select_columns,4,21431,1043.320,1216.000,true
current,1,positional_union_builder,4,9039,3920.080,3920.000,true
current,1,raw_join_on,4,14868,2047.686,2336.000,true
current,1,raw_naming_CAMEL_CASE,4,3302,6872.956,2984.000,true
current,1,raw_subquery_raw,4,38170,1124.959,1344.000,true
current,1,raw_union_raw,4,10762,2597.380,1472.000,true
current,1,mybatis_delete,4,19799,862.488,1232.000,true
current,1,mybatis_in_expression,4,983,44090.132,48432.000,true
current,1,raw_union_builder,4,5356,5896.583,3704.000,true
current,1,positional_insert_placeholders,4,887,1166.404,1208.000,true
current,1,positional_in_256,4,6918,5935.545,6264.000,true
current,1,mybatis_repeated_names,4,701,34594.437,30536.000,true
current,1,mybatis_where_eq,4,17762,1720.330,1816.000,true
current,1,raw_update_map,4,12706,1983.047,1960.000,true
current,1,raw_row_in,4,24448,2153.219,1608.000,true
current,1,mybatis_select_expressions,4,7422,4307.559,1936.000,true
current,1,mybatis_nested,4,20340,1990.806,2024.000,true
current,1,positional_naming_CAMEL_CASE,4,3009,5854.536,3360.000,true
current,1,positional_naming_SCREAMING_SNAKE_CASE,4,126,6049.206,3664.000,true
current,1,positional_group_order,4,5346,2764.403,3112.000,true
current,1,positional_between,4,24972,1413.019,1736.000,true
current,1,mybatis_naming_KEBAB_CASE,4,2788,7183.429,5336.000,true
current,1,positional_mixed_literals,4,11414,1285.115,1696.000,true
current,1,positional_condition_only,4,4019,4535.656,3104.000,true
current,1,named_in_16,4,10467,2786.873,5520.000,true
current,1,mybatis_in_17,4,7622,2780.583,4192.000,true
current,1,mybatis_select_columns,4,17281,990.759,1216.000,true
current,1,mybatis_derived,4,2910,7078.969,7208.000,true
current,1,positional_late_modifier,4,25036,837.310,1432.000,true
current,1,positional_derived,4,713,5545.442,5480.000,true
current,1,raw_subquery_structured,4,10624,2004.085,2720.000,true
current,1,positional_where_eq,4,29977,861.390,1592.000,true
current,1,named_select_entity,4,15370,1027.456,1304.000,true
current,1,named_batch_beans,4,1766,11528.086,19240.000,true
current,1,named_in_256,4,580,55807.931,71352.000,true
current,1,raw_nested,4,14936,1789.810,1616.000,true
current,1,named_between,4,15283,1949.971,2600.000,true
current,1,raw_condition_only,4,4385,4101.574,2720.000,true
current,1,named_update_chain_16,4,1507,18692.104,24072.000,true
current,1,raw_in_1024,4,803,21187.173,6328.000,true
current,1,positional_nested,4,10057,1348.991,1704.000,true
current,1,raw_select_star,4,64224,323.938,880.000,true
current,1,named_insert_entity,4,7998,995.461,2200.000,true
current,1,raw_insert_entity,4,24727,925.320,1560.000,true
current,1,mybatis_insert_values,4,14664,1245.676,1840.000,true
current,1,positional_naming_UPPER_CAMEL_CASE,4,505,5533.267,3376.000,true
current,1,positional_select_star,4,91593,334.730,880.000,true
current,1,named_row_in,4,14777,1465.724,2680.000,true
current,1,raw_group_order,4,8036,2044.699,2952.000,true
current,1,raw_pagination,4,14819,1244.585,1712.000,true
current,1,raw_delete,4,36513,369.000,912.000,true
current,1,mybatis_row_in,4,11563,1616.112,2272.000,true
current,1,positional_batch_64,4,1159,13970.060,25496.000,true
current,1,mybatis_mixed_literals,4,12809,2080.084,2080.000,true
current,1,mybatis_batch_4,4,6585,3277.768,4664.000,true
current,1,named_where_16,4,2495,6528.697,6936.000,true
current,1,positional_select_columns,4,29363,1214.368,1216.000,true
current,1,mybatis_join_using,4,15133,1473.350,1976.000,true
current,1,named_select_expressions,4,6780,2717.316,1936.000,true
current,1,mybatis_naming_UPPER_CAMEL_CASE,4,1958,8154.443,5064.000,true
current,1,named_batch_64,4,555,41887.207,72360.000,true
current,1,named_union_builder,4,1986,8417.875,6792.000,true
current,1,named_subquery_structured,4,5617,3124.016,3568.000,true
current,1,mybatis_naming_NO_CHANGE,4,2992,6730.515,3568.000,true
current,1,mybatis_between,4,9369,2204.739,2344.000,true
current,1,named_derived,4,2364,7341.455,7256.000,true
current,1,named_naming_CAMEL_CASE,4,2595,7504.740,6648.000,true
current,1,positional_where_16,4,6745,5696.738,3648.000,true
current,1,positional_repeated_names,4,855,23924.094,17240.000,true
current,1,positional_update_map,4,15514,1686.393,1872.000,true
current,1,named_pagination,4,10984,1919.192,2384.000,true
current,1,named_condition_only,4,3539,7211.048,6384.000,true
current,1,raw_select_expressions,4,7571,2999.009,1936.000,true
current,1,raw_where_16,4,3689,5687.937,3272.000,true
current,1,named_repeated_names,4,547,36517.002,42584.000,true
current,1,positional_join_using,4,24492,1304.622,1752.000,true
current,1,positional_raw_expression,4,11838,1650.667,1744.000,true
current,1,named_group_order,4,5732,3465.754,3936.000,true
current,1,mybatis_select_entity,4,17001,1298.806,1304.000,true
current,1,positional_in_expression,4,2877,10069.308,9952.000,true
current,1,named_dialect_PostgreSQL,4,8194,1720.454,2408.000,true
current,1,mybatis_naming_CAMEL_CASE,4,2412,8273.342,5048.000,true
current,1,raw_naming_NO_CHANGE,4,5053,3334.910,1504.000,true
current,1,mybatis_update_chain_16,4,1116,15082.527,21304.000,true
current,1,named_in_expression,4,480,29183.125,72456.000,true
current,1,named_join_on,4,9084,2339.036,2808.000,true
current,1,mybatis_pagination,4,13850,1362.614,2152.000,true
current,1,positional_retry_rollback,4,4522,4305.064,3864.000,true
current,1,mybatis_where_128,4,465,50594.839,34848.000,true
current,1,raw_in_16,4,20119,1173.224,1344.000,true
current,1,named_update_map,4,7087,2364.357,2976.000,true
current,1,mybatis_in_256,4,678,31422.271,47256.000,true
current,1,positional_insert_values,4,16765,804.951,1464.000,true
current,1,raw_where_128,4,916,36216.812,17776.000,true
current,1,named_naming_UPPER_CAMEL_CASE,4,1801,8956.802,6664.000,true
current,1,raw_repeated_names,4,1731,20603.697,14152.000,true
current,1,raw_late_modifier,4,22020,692.993,1344.000,true
current,1,positional_batch_beans,4,41,4378.049,7608.000,true
current,1,custom_handler_union,4,1088,5539.982,7248.000,true
current,1,raw_between,4,26150,941.185,1648.000,true
current,1,named_union_raw,4,10010,1963.686,1472.000,true
current,1,positional_dialect_Microsoft_SQL_Server,4,8149,1922.285,2032.000,true
current,1,raw_where_eq,4,18241,1288.773,1504.000,true
current,1,mybatis_union_raw,4,20193,1729.525,1472.000,true
current,1,raw_mixed_literals,4,14759,1980.974,1864.000,true
current,1,raw_retry_rollback,4,5054,4118.520,3976.000,true
current,1,positional_naming_KEBAB_CASE,4,2494,5181.997,3648.000,true
current,1,positional_batch_4,4,10790,2205.700,2968.000,true
current,1,named_dialect_Oracle,4,10707,1566.695,2584.000,true
current,1,mybatis_late_modifier,4,19240,1194.356,1656.000,true
current,1,raw_in_expression,4,2650,8226.226,3712.000,true
current,1,positional_dialect_DB2,4,12667,1213.768,2032.000,true
current,1,named_dialect_Microsoft_SQL_Server,4,8698,2311.669,2584.000,true
current,1,named_subquery_raw,4,18506,710.678,1344.000,true
current,1,named_naming_NO_CHANGE,4,3344,5271.920,5168.000,true
current,1,positional_in_1024,4,1662,10601.203,20856.000,true
current,1,mybatis_naming_SCREAMING_SNAKE_CASE,4,2228,7473.564,5352.000,true
current,1,raw_join_using,4,15905,1325.514,1664.000,true
current,1,positional_in_16,4,23975,1119.499,1728.000,true
current,1,raw_batch_64,4,900,22611.000,32232.000,true
current,1,named_in_17,4,5570,2243.250,5736.000,true
current,1,positional_naming_NO_CHANGE,4,7373,3201.831,1880.000,true
current,1,named_dialect_DB2,4,12507,1790.126,2584.000,true
current,1,positional_update_chain_16,4,1790,8682.737,14560.000,true
current,1,raw_naming_SCREAMING_SNAKE_CASE,4,2463,5040.398,3288.000,true
current,1,mybatis_condition_only,4,3583,4981.803,4784.000,true
current,1,positional_insert_entity,4,13499,1251.833,1488.000,true
current,1,mybatis_join_on,4,8412,2146.981,2648.000,true
current,1,mybatis_in_1024,4,145,117057.241,182240.000,true
current,1,positional_join_on,4,16854,2181.399,2424.000,true
current,1,mybatis_group_order,4,10719,3548.148,3608.000,true
current,1,named_raw_expression,4,10765,1768.946,1744.000,true
current,1,named_insert_values,4,15089,1359.235,2176.000,true
current,1,mybatis_retry_rollback,4,2867,5624.799,4784.000,true
current,1,named_late_modifier,4,20677,951.120,1816.000,true
current,1,named_select_columns,4,16603,997.326,1216.000,true
current,1,raw_batch_4,4,13098,2602.855,3432.000,true
current,1,positional_select_entity,4,21816,876.357,1304.000,true
current,1,named_retry_rollback,4,4101,4189.173,5304.000,true
current,1,positional_subquery_structured,4,3866,2172.737,2856.000,true
current,1,mybatis_insert_entity,4,14829,1116.185,1864.000,true
current,1,positional_dialect_PostgreSQL,4,8446,1076.332,1848.000,true
current,1,named_naming_KEBAB_CASE,4,2479,4558.774,6936.000,true
current,1,positional_union_raw,4,18195,1293.064,1472.000,true
current,1,mybatis_update_map,4,4388,1558.614,2512.000,true
current,1,named_dialect_MySQL,4,16073,1505.618,2408.000,true
current,1,positional_dialect_Microsoft_SQL_Server,5,8149,1461.431,2032.000,true
current,1,named_update_chain_16,5,1507,19083.079,24072.000,true
current,1,named_subquery_raw,5,18506,910.737,1344.000,true
current,1,positional_retry_rollback,5,4522,4376.095,3864.000,true
current,1,positional_nested,5,10057,1497.584,1704.000,true
current,1,mybatis_union_raw,5,20193,1720.056,1472.000,true
current,1,mybatis_in_17,5,7622,2396.300,4192.000,true
current,1,raw_naming_UPPER_CAMEL_CASE,5,2550,5134.314,3000.000,true
current,1,raw_subquery_structured,5,10624,2328.436,2720.000,true
current,1,raw_union_raw,5,10762,1290.820,1472.000,true
current,1,raw_update_chain_16,5,1984,5486.643,13856.000,true
current,1,named_select_expressions,5,6780,2475.649,1936.000,true
current,1,named_batch_64,5,555,46572.613,72360.000,true
current,1,mybatis_pagination,5,13850,1246.852,2152.000,true
current,1,named_insert_values,5,15089,1459.288,2176.000,true
current,1,named_condition_only,5,3539,4987.228,6384.000,true
current,1,raw_subquery_raw,5,38170,895.874,1344.000,true
current,1,named_retry_rollback,5,4101,5389.929,5304.000,true
current,1,raw_row_in,5,24448,1481.659,1608.000,true
current,1,named_where_eq,5,13473,1392.229,1976.000,true
current,1,positional_in_1024,5,1662,10185.078,20856.000,true
current,1,positional_dialect_PostgreSQL,5,8446,1463.580,1848.000,true
current,1,raw_in_256,5,3873,5856.855,2464.000,true
current,1,mybatis_select_columns,5,17281,964.418,1216.000,true
current,1,named_update_map,5,7087,2026.753,2976.000,true
current,1,named_insert_placeholders,5,11272,1162.136,1920.000,true
current,1,named_repeated_names,5,547,32328.885,42584.000,true
current,1,mybatis_naming_CAMEL_CASE,5,2412,8967.952,5048.000,true
current,1,mybatis_derived,5,2910,6772.234,7208.000,true
current,1,positional_insert_entity,5,13499,1107.001,1488.000,true
current,1,mybatis_condition_only,5,3583,4419.872,4784.000,true
current,1,named_select_star,5,44868,274.467,880.000,true
current,1,raw_mixed_literals,5,14759,1672.356,1864.000,true
current,1,raw_join_using,5,15905,1087.394,1664.000,true
current,1,positional_repeated_names,5,855,14689.006,17240.000,true
current,1,positional_naming_KEBAB_CASE,5,2494,6375.862,3648.000,true
current,1,named_dialect_MySQL,5,16073,1599.384,2408.000,true
current,1,mybatis_mixed_literals,5,12809,1929.807,2080.000,true
current,1,positional_mixed_literals,5,11414,1343.306,1696.000,true
current,1,mybatis_subquery_raw,5,41391,1027.221,1344.000,true
current,1,positional_between,5,24972,1517.379,1736.000,true
current,1,mybatis_subquery_structured,5,7841,2821.311,3312.000,true
current,1,mybatis_between,5,9369,1482.069,2344.000,true
current,1,positional_batch_64,5,1159,12597.757,25496.000,true
current,1,positional_condition_only,5,4019,4176.835,3104.000,true
current,1,mybatis_insert_placeholders,5,16756,961.954,1616.000,true
current,1,mybatis_in_expression,5,983,26160.631,48432.000,true
current,1,mybatis_update_map,5,4388,1253.031,2512.000,true
current,1,named_union_builder,5,1986,5202.115,6792.000,true
current,1,raw_union_builder,5,5356,2589.638,3704.000,true
current,1,named_select_entity,5,15370,589.304,1304.000,true
current,1,named_between,5,15283,1340.182,2600.000,true
current,1,raw_insert_values,5,24700,729.745,1536.000,true
current,1,positional_select_columns,5,29363,880.053,1216.000,true
current,1,raw_in_expression,5,2650,6831.434,3712.000,true
current,1,positional_dialect_MySQL,5,12714,912.828,1848.000,true
current,1,mybatis_naming_UPPER_CAMEL_CASE,5,1958,5833.555,5064.000,true
current,1,positional_subquery_structured,5,3866,1428.634,2856.000,true
current,1,named_join_on,5,9084,1568.065,2808.000,true
current,1,named_pagination,5,10984,1023.680,2384.000,true
current,1,positional_dialect_DB2,5,12667,956.099,2032.000,true
current,1,positional_insert_values,5,16765,696.863,1464.000,true
current,1,custom_handler_where,5,2692,4694.056,6968.000,true
current,1,raw_late_modifier,5,22020,512.430,1344.000,true
current,1,mybatis_where_16,5,2482,5847.019,5336.000,true
current,1,mybatis_naming_NO_CHANGE,5,2992,3353.476,3568.000,true
current,1,raw_naming_NO_CHANGE,5,5053,2305.383,1504.000,true
current,1,mybatis_join_using,5,15133,817.069,1976.000,true
current,1,positional_in_256,5,6918,3287.583,6264.000,true
current,1,positional_select_star,5,91593,235.606,880.000,true
current,1,named_in_expression,5,480,22897.083,72456.000,true
current,1,named_dialect_PostgreSQL,5,8194,1112.704,2408.000,true
current,1,raw_nested,5,14936,1035.250,1616.000,true
current,1,raw_in_1024,5,803,13682.565,6328.000,true
current,1,named_in_256,5,580,27918.276,71352.000,true
current,1,positional_select_expressions,5,11460,1624.005,1936.000,true
current,1,raw_derived,5,3303,5484.348,5216.000,true
current,1,named_dialect_Microsoft_SQL_Server,5,8698,1880.605,2584.000,true
current,1,positional_join_on,5,16854,1430.408,2424.000,true
current,1,raw_insert_placeholders,5,21028,617.420,1208.000,true
current,1,positional_in_expression,5,2877,6409.976,9952.000,true
current,1,mybatis_naming_KEBAB_CASE,5,2788,4932.604,5336.000,true
current,1,mybatis_raw_expression,5,11012,1159.190,1744.000,true
current,1,raw_condition_only,5,4385,2743.968,2720.000,true
current,1,raw_select_entity,5,37445,603.806,1304.000,true
current,1,positional_where_16,5,6745,3937.272,3648.000,true
current,1,positional_batch_beans,5,41,7143.902,7608.000,true
current,1,mybatis_nested,5,20340,1133.073,2024.000,true
current,1,positional_late_modifier,5,25036,594.576,1432.000,true
current,1,named_where_128,5,291,32630.928,47920.000,true
current,1,positional_where_128,5,911,23266.191,20712.000,true
current,1,positional_update_map,5,15514,772.902,1872.000,true
current,1,raw_group_order,5,8036,1652.800,2952.000,true
current,1,raw_naming_CAMEL_CASE,5,3302,3641.066,2984.000,true
current,1,mybatis_in_1024,5,145,90222.069,182240.000,true
current,1,custom_handler_union,5,1088,4695.221,7248.000,true
current,1,named_batch_beans,5,1766,7238.732,19240.000,true
current,1,named_insert_entity,5,7998,845.361,2200.000,true
current,1,mybatis_select_expressions,5,7422,2158.448,1936.000,true
current,1,positional_union_builder,5,9039,2761.412,3920.000,true
current,1,named_select_columns,5,16603,678.064,1216.000,true
current,1,raw_naming_SCREAMING_SNAKE_CASE,5,2463,3575.071,3288.000,true
current,1,positional_join_using,5,24492,824.269,1752.000,true
current,1,named_group_order,5,5732,2147.924,3936.000,true
current,1,named_mixed_literals,5,8374,1167.101,2416.000,true
current,1,named_in_1024,5,98,91273.469,278560.000,true
current,1,raw_in_16,5,20119,676.366,1344.000,true
current,1,positional_derived,5,713,3395.652,5480.000,true
current,1,raw_retry_rollback,5,5054,2527.186,3976.000,true
current,1,raw_where_16,5,3689,3928.815,3272.000,true
current,1,mybatis_late_modifier,5,19240,659.480,1656.000,true
current,1,named_in_17,5,5570,1822.065,5736.000,true
current,1,raw_join_on,5,14868,1204.883,2336.000,true
current,1,named_where_16,5,2495,6149.098,6936.000,true
current,1,raw_select_star,5,64224,228.597,880.000,true
current,1,positional_naming_UPPER_CAMEL_CASE,5,505,3900.396,3376.000,true
current,1,raw_select_expressions,5,7571,1770.717,1936.000,true
current,1,mybatis_join_on,5,8412,1337.910,2648.000,true
current,1,raw_select_columns,5,21431,598.185,1216.000,true
current,1,mybatis_row_in,5,11563,1056.871,2272.000,true
current,1,positional_naming_NO_CHANGE,5,7373,2830.530,1880.000,true
current,1,mybatis_retry_rollback,5,2867,3474.433,4784.000,true
current,1,raw_in_17,5,17675,651.502,1352.000,true
current,1,mybatis_select_star,5,70951,232.840,880.000,true
current,1,positional_batch_4,5,10790,1390.816,2968.000,true
current,1,mybatis_select_entity,5,17001,610.276,1304.000,true
current,1,raw_naming_KEBAB_CASE,5,4165,3491.597,3272.000,true
current,1,mybatis_insert_entity,5,14829,865.642,1864.000,true
current,1,positional_dialect_Oracle,5,12391,979.299,2032.000,true
current,1,mybatis_where_128,5,465,31381.290,34848.000,true
current,1,positional_row_in,5,14296,762.787,1608.000,true
current,1,named_naming_CAMEL_CASE,5,2595,5090.366,6648.000,true
current,1,raw_delete,5,36513,296.716,912.000,true
current,1,raw_batch_beans,5,3875,4511.484,9432.000,true
current,1,mybatis_where_eq,5,17762,808.698,1816.000,true
current,1,mybatis_batch_64,5,692,22887.139,54296.000,true
current,1,raw_repeated_names,5,1731,13330.965,14152.000,true
current,1,positional_update_chain_16,5,1790,6128.212,14560.000,true
current,1,mybatis_in_256,5,678,20677.581,47256.000,true
current,1,mybatis_batch_beans,5,2195,8854.305,14744.000,true
current,1,named_delete,5,33704,415.063,1384.000,true
current,1,mybatis_in_16,5,12549,1733.684,4048.000,true
current,1,mybatis_batch_4,5,6585,2144.966,4664.000,true
current,1,positional_naming_SCREAMING_SNAKE_CASE,5,126,3592.857,3664.000,true
current,1,mybatis_naming_SCREAMING_SNAKE_CASE,5,2228,4465.709,5352.000,true
current,1,named_dialect_DB2,5,12507,1337.779,2584.000,true
current,1,raw_batch_4,5,13098,1624.691,3432.000,true
current,1,positional_union_raw,5,18195,1168.909,1472.000,true
current,1,raw_raw_expression,5,21297,1014.274,1744.000,true
current,1,mybatis_group_order,5,10719,1947.001,3608.000,true
current,1,positional_in_16,5,23975,798.916,1728.000,true
current,1,named_subquery_structured,5,5617,1683.532,3568.000,true
current,1,named_in_16,5,10467,1940.747,5520.000,true
current,1,named_join_using,5,24985,915.001,2136.000,true
current,1,mybatis_repeated_names,5,701,19666.191,30536.000,true
current,1,named_raw_expression,5,10765,1030.869,1744.000,true
current,1,named_late_modifier,5,20677,669.817,1816.000,true
current,1,positional_raw_expression,5,11838,1016.295,1744.000,true
current,1,raw_insert_entity,5,24727,813.386,1560.000,true
current,1,positional_naming_CAMEL_CASE,5,3009,3902.792,3360.000,true
current,1,raw_update_map,5,12706,1035.637,1960.000,true
current,1,named_derived,5,2364,4638.917,7256.000,true
current,1,positional_subquery_raw,5,16678,574.140,1344.000,true
current,1,named_nested,5,9491,1287.325,2256.000,true
current,1,mybatis_delete,5,19799,349.230,1232.000,true
current,1,named_naming_SCREAMING_SNAKE_CASE,5,462,4738.961,6952.000,true
current,1,named_naming_UPPER_CAMEL_CASE,5,1801,6630.816,6664.000,true
current,1,raw_where_128,5,916,24404.367,17776.000,true
current,1,raw_between,5,26150,819.641,1648.000,true
current,1,named_naming_KEBAB_CASE,5,2479,5006.414,6936.000,true
current,1,raw_batch_64,5,900,15700.889,32232.000,true
current,1,mybatis_insert_values,5,14664,1166.803,1840.000,true
current,1,positional_in_17,5,9066,737.900,1736.000,true
current,1,positional_group_order,5,5346,2020.314,3112.000,true
current,1,positional_where_eq,5,29977,847.576,1592.000,true
current,1,raw_pagination,5,14819,849.443,1712.000,true
current,1,positional_delete,5,54188,343.648,1000.000,true
current,1,positional_pagination,5,26227,1179.769,1824.000,true
current,1,named_union_raw,5,10010,1444.815,1472.000,true
current,1,mybatis_update_chain_16,5,1116,10927.509,21304.000,true
current,1,named_batch_4,5,7552,3013.268,5744.000,true
current,1,named_dialect_Oracle,5,10707,1278.631,2584.000,true
current,1,named_row_in,5,14777,1435.650,2680.000,true
current,1,raw_where_eq,5,18241,840.700,1504.000,true
current,1,mybatis_union_builder,5,3025,4885.223,6768.000,true
current,1,positional_insert_placeholders,5,887,613.303,1208.000,true
current,1,positional_select_entity,5,21816,609.250,1304.000,true
current,1,named_naming_NO_CHANGE,5,3344,4132.745,5168.000,true
current,1,raw_in_256,6,3873,4531.294,2464.000,true
current,1,mybatis_naming_CAMEL_CASE,6,2412,5485.323,5048.000,true
current,1,named_condition_only,6,3539,4336.649,6384.000,true
current,1,named_in_1024,6,98,114933.673,278560.000,true
current,1,mybatis_union_builder,6,3025,4812.165,6768.000,true
current,1,positional_row_in,6,14296,763.899,1608.000,true
current,1,positional_where_128,6,911,24232.382,20712.000,true
current,1,mybatis_nested,6,20340,1086.421,2024.000,true
current,1,mybatis_retry_rollback,6,2867,3707.115,4784.000,true
current,1,positional_dialect_MySQL,6,12714,759.132,1848.000,true
current,1,positional_select_entity,6,21816,636.822,1304.000,true
current,1,raw_batch_4,6,13098,1436.716,3432.000,true
current,1,mybatis_naming_UPPER_CAMEL_CASE,6,1958,4973.238,5064.000,true
current,1,positional_insert_placeholders,6,887,491.545,1208.000,true
current,1,positional_in_expression,6,2877,6170.594,9952.000,true
current,1,mybatis_pagination,6,13850,885.610,2152.000,true
current,1,named_in_16,6,10467,1852.326,5520.000,true
current,1,raw_pagination,6,14819,762.454,1712.000,true
current,1,raw_batch_64,6,900,14766.333,32232.000,true
current,1,positional_where_eq,6,29977,716.673,1592.000,true
current,1,positional_naming_UPPER_CAMEL_CASE,6,505,5196.832,3376.000,true
current,1,raw_derived,6,3303,3764.093,5216.000,true
current,1,named_row_in,6,14777,1216.052,2680.000,true
current,1,positional_subquery_raw,6,16678,563.539,1344.000,true
current,1,positional_delete,6,54188,332.647,1000.000,true
current,1,raw_subquery_structured,6,10624,1332.558,2720.000,true
current,1,positional_dialect_Oracle,6,12391,1178.436,2032.000,true
current,1,positional_in_256,6,6918,3156.071,6264.000,true
current,1,mybatis_delete,6,19799,374.034,1232.000,true
current,1,positional_select_expressions,6,11460,1537.260,1936.000,true
current,1,named_between,6,15283,1132.245,2600.000,true
current,1,named_join_on,6,9084,1449.163,2808.000,true
current,1,named_dialect_PostgreSQL,6,8194,1265.060,2408.000,true
current,1,mybatis_group_order,6,10719,1688.124,3608.000,true
current,1,positional_dialect_DB2,6,12667,877.872,2032.000,true
current,1,positional_mixed_literals,6,11414,842.833,1696.000,true
current,1,mybatis_insert_entity,6,14829,790.451,1864.000,true
current,1,raw_join_on,6,14868,1225.437,2336.000,true
current,1,mybatis_update_map,6,4388,1284.207,2512.000,true
current,1,raw_naming_SCREAMING_SNAKE_CASE,6,2463,3149.817,3288.000,true
current,1,mybatis_condition_only,6,3583,3584.231,4784.000,true
current,1,named_union_builder,6,1986,4324.924,6792.000,true
current,1,mybatis_update_chain_16,6,1116,9601.971,21304.000,true
current,1,positional_naming_CAMEL_CASE,6,3009,3468.927,3360.000,true
current,1,raw_where_16,6,3689,2945.188,3272.000,true
current,1,mybatis_naming_SCREAMING_SNAKE_CASE,6,2228,4264.138,5352.000,true
current,1,raw_naming_UPPER_CAMEL_CASE,6,2550,4073.725,3000.000,true
current,1,raw_repeated_names,6,1731,12099.884,14152.000,true
current,1,positional_update_map,6,15514,737.411,1872.000,true
current,1,positional_naming_NO_CHANGE,6,7373,1972.318,1880.000,true
current,1,named_where_16,6,2495,4181.844,6936.000,true
current,1,mybatis_union_raw,6,20193,1124.697,1472.000,true
current,1,positional_derived,6,713,3444.320,5480.000,true
current,1,named_naming_NO_CHANGE,6,3344,3397.249,5168.000,true
current,1,named_join_using,6,24985,852.564,2136.000,true
current,1,named_naming_SCREAMING_SNAKE_CASE,6,462,4316.667,6952.000,true
current,1,positional_batch_64,6,1159,10567.558,25496.000,true
current,1,positional_join_on,6,16854,1327.887,2424.000,true
current,1,raw_select_star,6,64224,225.447,880.000,true
current,1,named_delete,6,33704,377.089,1384.000,true
current,1,positional_repeated_names,6,855,13751.111,17240.000,true
current,1,positional_late_modifier,6,25036,567.898,1432.000,true
current,1,raw_union_builder,6,5356,2482.767,3704.000,true
current,1,named_retry_rollback,6,4101,3329.505,5304.000,true
current,1,named_dialect_DB2,6,12507,1039.146,2584.000,true
current,1,raw_mixed_literals,6,14759,1087.560,1864.000,true
current,1,positional_naming_KEBAB_CASE,6,2494,3174.018,3648.000,true
current,1,mybatis_subquery_raw,6,41391,530.995,1344.000,true
current,1,positional_in_1024,6,1662,8632.972,20856.000,true
current,1,raw_naming_NO_CHANGE,6,5053,1960.103,1504.000,true
current,1,named_in_expression,6,480,25640.000,72456.000,true
current,1,named_select_entity,6,15370,603.982,1304.000,true
current,1,mybatis_in_expression,6,983,19586.368,48432.000,true
current,1,mybatis_batch_beans,6,2195,6308.018,14744.000,true
current,1,positional_in_16,6,23975,677.764,1728.000,true
current,1,mybatis_in_256,6,678,18993.068,47256.000,true
current,1,mybatis_in_16,6,12549,1428.632,4048.000,true
current,1,mybatis_join_using,6,15133,846.217,1976.000,true
current,1,positional_between,6,24972,755.991,1736.000,true
current,1,named_late_modifier,6,20677,653.978,1816.000,true
current,1,raw_insert_entity,6,24727,705.504,1560.000,true
current,1,mybatis_select_expressions,6,7422,1650.108,1936.000,true
current,1,mybatis_batch_64,6,692,20963.150,54296.000,true
current,1,named_in_17,6,5570,1727.271,5736.000,true
current,1,raw_in_1024,6,803,13880.199,6328.000,true
current,1,named_subquery_structured,6,5617,1563.290,3568.000,true
current,1,mybatis_subquery_structured,6,7841,1418.212,3312.000,true
current,1,named_batch_64,6,555,29587.568,72360.000,true
current,1,named_union_raw,6,10010,1162.098,1472.000,true
current,1,positional_update_chain_16,6,1790,5715.475,14560.000,true
current,1,raw_where_128,6,916,22926.419,17776.000,true
current,1,named_dialect_MySQL,6,16073,1011.342,2408.000,true
current,1,named_batch_4,6,7552,2764.831,5744.000,true
current,1,positional_where_16,6,6745,3252.261,3648.000,true
current,1,named_select_star,6,44868,224.273,880.000,true
current,1,mybatis_late_modifier,6,19240,620.873,1656.000,true
current,1,mybatis_row_in,6,11563,961.455,2272.000,true
current,1,named_naming_CAMEL_CASE,6,2595,4695.453,6648.000,true
current,1,raw_update_chain_16,6,1984,5243.901,13856.000,true
current,1,raw_in_16,6,20119,761.777,1344.000,true
current,1,mybatis_join_on,6,8412,1306.550,2648.000,true
current,1,named_subquery_raw,6,18506,503.864,1344.000,true
current,1,mybatis_insert_placeholders,6,16756,753.963,1616.000,true
current,1,raw_row_in,6,24448,776.231,1608.000,true
current,1,named_repeated_names,6,547,22584.095,42584.000,true
current,1,mybatis_raw_expression,6,11012,946.467,1744.000,true
current,1,mybatis_between,6,9369,1152.151,2344.000,true
current,1,raw_select_expressions,6,7571,1493.462,1936.000,true
current,1,raw_in_expression,6,2650,4831.396,3712.000,true
current,1,named_derived,6,2364,4724.365,7256.000,true
current,1,positional_dialect_PostgreSQL,6,8446,833.377,1848.000,true
current,1,mybatis_select_star,6,70951,224.583,880.000,true
current,1,positional_condition_only,6,4019,2803.384,3104.000,true
current,1,mybatis_repeated_names,6,701,19175.749,30536.000,true
current,1,raw_subquery_raw,6,38170,542.381,1344.000,true
current,1,raw_where_eq,6,18241,616.381,1504.000,true
current,1,raw_batch_beans,6,3875,4640.077,9432.000,true
current,1,named_insert_placeholders,6,11272,700.692,1920.000,true
current,1,named_insert_entity,6,7998,896.512,2200.000,true
current,1,mybatis_select_entity,6,17001,508.623,1304.000,true
current,1,raw_update_map,6,12706,890.933,1960.000,true
current,1,positional_insert_entity,6,13499,667.842,1488.000,true
current,1,named_where_128,6,291,31421.993,47920.000,true
current,1,positional_batch_4,6,10790,1173.689,2968.000,true
current,1,positional_batch_beans,6,41,3553.659,7608.000,true
current,1,named_naming_KEBAB_CASE,6,2479,4509.439,6936.000,true
current,1,named_in_256,6,580,19977.069,71352.000,true
current,1,named_dialect_Microsoft_SQL_Server,6,8698,1160.428,2584.000,true
current,1,mybatis_where_eq,6,17762,723.573,1816.000,true
current,1,raw_late_modifier,6,22020,488.134,1344.000,true
current,1,raw_select_columns,6,21431,636.965,1216.000,true
current,1,raw_naming_KEBAB_CASE,6,4165,3218.824,3272.000,true
current,1,mybatis_where_128,6,465,36934.624,34848.000,true
current,1,custom_handler_where,6,2692,4588.893,6968.000,true
current,1,raw_naming_CAMEL_CASE,6,3302,3452.059,2984.000,true
current,1,positional_naming_SCREAMING_SNAKE_CASE,6,126,3357.937,3664.000,true
current,1,raw_in_17,6,17675,661.426,1352.000,true
current,1,named_mixed_literals,6,8374,1159.589,2416.000,true
current,1,raw_select_entity,6,37445,677.540,1304.000,true
current,1,raw_nested,6,14936,6144.363,1616.000,true
current,1,mybatis_batch_4,6,6585,6083.174,4664.000,true
current,1,named_batch_beans,6,1766,15990.034,19240.000,true
current,1,positional_in_17,6,9066,1576.131,1736.000,true
current,1,mybatis_where_16,6,2482,7845.689,5336.000,true
current,1,raw_raw_expression,6,21297,1301.658,1744.000,true
current,1,raw_group_order,6,8036,1855.699,2952.000,true
current,1,mybatis_insert_values,6,14664,939.846,1840.000,true
current,1,mybatis_naming_NO_CHANGE,6,2992,3600.368,3568.000,true
current,1,named_select_expressions,6,6780,1706.519,1936.000,true
current,1,raw_join_using,6,15905,881.748,1664.000,true
current,1,positional_nested,6,10057,1162.504,1704.000,true
current,1,named_dialect_Oracle,6,10707,1202.522,2584.000,true
current,1,positional_join_using,6,24492,974.992,1752.000,true
current,1,named_update_chain_16,6,1507,13276.045,24072.000,true
current,1,positional_pagination,6,26227,1005.132,1824.000,true
current,1,raw_delete,6,36513,370.723,912.000,true
current,1,mybatis_select_columns,6,17281,901.163,1216.000,true
current,1,raw_insert_values,6,24700,867.174,1536.000,true
current,1,positional_select_columns,6,29363,826.629,1216.000,true
current,1,positional_subquery_structured,6,3866,1405.872,2856.000,true
current,1,named_insert_values,6,15089,959.461,2176.000,true
current,1,positional_insert_values,6,16765,685.136,1464.000,true
current,1,mybatis_derived,6,2910,4759.038,7208.000,true
current,1,named_select_columns,6,16603,631.506,1216.000,true
current,1,positional_select_star,6,91593,218.700,880.000,true
current,1,positional_raw_expression,6,11838,942.575,1744.000,true
current,1,custom_handler_union,6,1088,4697.059,7248.000,true
current,1,positional_group_order,6,5346,1736.008,3112.000,true
current,1,named_where_eq,6,13473,677.904,1976.000,true
current,1,named_nested,6,9491,1256.043,2256.000,true
current,1,mybatis_in_1024,6,145,86040.690,182240.000,true
current,1,positional_union_builder,6,9039,2337.958,3920.000,true
current,1,named_raw_expression,6,10765,941.997,1744.000,true
current,1,named_group_order,6,5732,2047.767,3936.000,true
current,1,positional_dialect_Microsoft_SQL_Server,6,8149,979.458,2032.000,true
current,1,raw_condition_only,6,4385,2597.469,2720.000,true
current,1,named_pagination,6,10984,953.059,2384.000,true
current,1,named_naming_UPPER_CAMEL_CASE,6,1801,5123.265,6664.000,true
current,1,mybatis_mixed_literals,6,12809,1491.623,2080.000,true
current,1,raw_between,6,26150,899.901,1648.000,true
current,1,named_update_map,6,7087,1758.840,2976.000,true
current,1,mybatis_in_17,6,7622,2785.594,4192.000,true
current,1,raw_union_raw,6,10762,1797.937,1472.000,true
current,1,mybatis_naming_KEBAB_CASE,6,2788,5570.839,5336.000,true
current,1,positional_retry_rollback,6,4522,3731.004,3864.000,true
current,1,raw_insert_placeholders,6,21028,629.713,1208.000,true
current,1,raw_retry_rollback,6,5054,3206.351,3976.000,true
current,1,positional_union_raw,6,18195,1350.289,1472.000,true
current,1,raw_update_map,7,12706,1234.842,1960.000,true
current,1,mybatis_naming_CAMEL_CASE,7,2412,6757.007,5048.000,true
current,1,positional_update_map,7,15514,1094.083,1872.000,true
current,1,positional_dialect_MySQL,7,12714,1206.347,1848.000,true
current,1,mybatis_union_builder,7,3025,7109.752,6768.000,true
current,1,named_in_expression,7,480,29009.583,72456.000,true
current,1,named_join_using,7,24985,1072.287,2136.000,true
current,1,named_select_expressions,7,6780,1782.640,1936.000,true
current,1,mybatis_raw_expression,7,11012,1035.271,1744.000,true
current,1,positional_select_columns,7,29363,701.900,1216.000,true
current,1,positional_where_16,7,6745,4123.202,3648.000,true
current,1,positional_in_256,7,6918,4082.885,6264.000,true
current,1,positional_delete,7,54188,419.344,1000.000,true
current,1,named_naming_NO_CHANGE,7,3344,4957.177,5168.000,true
current,1,raw_where_16,7,3689,3452.047,3272.000,true
current,1,mybatis_retry_rollback,7,2867,3662.714,4784.000,true
current,1,mybatis_where_128,7,465,39812.688,34848.000,true
current,1,positional_between,7,24972,891.410,1736.000,true
current,1,raw_nested,7,14936,992.180,1616.000,true
current,1,raw_row_in,7,24448,945.472,1608.000,true
current,1,named_select_columns,7,16603,660.736,1216.000,true
current,1,positional_group_order,7,5346,1939.656,3112.000,true
current,1,raw_insert_entity,7,24727,861.075,1560.000,true
current,1,named_late_modifier,7,20677,696.078,1816.000,true
current,1,raw_in_1024,7,803,15389.539,6328.000,true
current,1,positional_late_modifier,7,25036,649.696,1432.000,true
current,1,mybatis_row_in,7,11563,1269.005,2272.000,true
current,1,raw_select_expressions,7,7571,1731.409,1936.000,true
current,1,raw_in_17,7,17675,951.745,1352.000,true
current,1,mybatis_join_on,7,8412,1523.157,2648.000,true
current,1,named_row_in,7,14777,1137.755,2680.000,true
current,1,positional_pagination,7,26227,828.673,1824.000,true
current,1,mybatis_mixed_literals,7,12809,1160.270,2080.000,true
current,1,positional_where_eq,7,29977,664.006,1592.000,true
current,1,raw_select_columns,7,21431,616.108,1216.000,true
current,1,mybatis_in_expression,7,983,21091.251,48432.000,true
current,1,mybatis_group_order,7,10719,2334.471,3608.000,true
current,1,named_insert_values,7,15089,1161.933,2176.000,true
current,1,positional_naming_CAMEL_CASE,7,3009,4108.674,3360.000,true
current,1,positional_insert_placeholders,7,887,574.183,1208.000,true
current,1,positional_raw_expression,7,11838,1232.235,1744.000,true
current,1,mybatis_condition_only,7,3583,4638.711,4784.000,true
current,1,raw_subquery_raw,7,38170,677.642,1344.000,true
current,1,positional_batch_4,7,10790,1420.361,2968.000,true
current,1,positional_row_in,7,14296,943.250,1608.000,true
current,1,raw_insert_values,7,24700,786.142,1536.000,true
current,1,named_batch_beans,7,1766,7498.471,19240.000,true
current,1,named_nested,7,9491,1527.563,2256.000,true
current,1,positional_in_17,7,9066,1108.063,1736.000,true
current,1,named_select_star,7,44868,336.052,880.000,true
current,1,named_naming_SCREAMING_SNAKE_CASE,7,462,5267.316,6952.000,true
current,1,mybatis_union_raw,7,20193,1329.654,1472.000,true
current,1,positional_retry_rollback,7,4522,2903.582,3864.000,true
current,1,mybatis_late_modifier,7,19240,685.899,1656.000,true
current,1,raw_update_chain_16,7,1984,5626.210,13856.000,true
current,1,mybatis_where_16,7,2482,4357.454,5336.000,true
current,1,positional_naming_UPPER_CAMEL_CASE,7,505,4420.990,3376.000,true
current,1,raw_delete,7,36513,331.939,912.000,true
current,1,named_insert_entity,7,7998,1054.089,2200.000,true
current,1,mybatis_naming_UPPER_CAMEL_CASE,7,1958,4910.776,5064.000,true
current,1,positional_select_expressions,7,11460,1888.325,1936.000,true
current,1,mybatis_select_star,7,70951,256.192,880.000,true
current,1,raw_pagination,7,14819,945.556,1712.000,true
current,1,positional_naming_SCREAMING_SNAKE_CASE,7,126,5707.937,3664.000,true
current,1,named_between,7,15283,2176.870,2600.000,true
current,1,mybatis_select_expressions,7,7422,2142.563,1936.000,true
current,1,raw_batch_4,7,13098,1765.399,3432.000,true
current,1,mybatis_update_chain_16,7,1116,13712.276,21304.000,true
current,1,named_where_16,7,2495,5598.357,6936.000,true
current,1,raw_late_modifier,7,22020,588.933,1344.000,true
current,1,mybatis_repeated_names,7,701,26067.047,30536.000,true
current,1,raw_naming_KEBAB_CASE,7,4165,4059.424,3272.000,true
current,1,mybatis_pagination,7,13850,1411.097,2152.000,true
current,1,raw_naming_UPPER_CAMEL_CASE,7,2550,4238.196,3000.000,true
current,1,positional_dialect_Oracle,7,12391,1010.346,2032.000,true
current,1,mybatis_update_map,7,4388,1353.373,2512.000,true
current,1,named_naming_UPPER_CAMEL_CASE,7,1801,5264.131,6664.000,true
current,1,positional_select_entity,7,21816,577.961,1304.000,true
current,1,named_subquery_raw,7,18506,603.118,1344.000,true
current,1,named_naming_KEBAB_CASE,7,2479,5009.076,6936.000,true
current,1,mybatis_select_entity,7,17001,825.081,1304.000,true
current,1,positional_dialect_PostgreSQL,7,8446,1194.352,1848.000,true
current,1,positional_repeated_names,7,855,15480.585,17240.000,true
current,1,mybatis_naming_KEBAB_CASE,7,2788,5251.506,5336.000,true
current,1,raw_subquery_structured,7,10624,1278.887,2720.000,true
current,1,raw_group_order,7,8036,1744.114,2952.000,true
current,1,positional_in_16,7,23975,808.038,1728.000,true
current,1,mybatis_where_eq,7,17762,850.479,1816.000,true
current,1,named_dialect_Microsoft_SQL_Server,7,8698,1509.232,2584.000,true
current,1,positional_mixed_literals,7,11414,1204.240,1696.000,true
current,1,mybatis_between,7,9369,1811.229,2344.000,true
current,1,named_dialect_DB2,7,12507,1277.892,2584.000,true
current,1,named_in_17,7,5570,2389.874,5736.000,true
current,1,mybatis_in_1024,7,145,96427.586,182240.000,true
current,1,raw_between,7,26150,912.723,1648.000,true
current,1,mybatis_subquery_structured,7,7841,1593.521,3312.000,true
current,1,named_repeated_names,7,547,21543.327,42584.000,true
current,1,raw_join_using,7,15905,816.322,1664.000,true
current,1,named_group_order,7,5732,2064.899,3936.000,true
current,1,mybatis_derived,7,2910,4768.110,7208.000,true
current,1,named_in_256,7,580,26209.138,71352.000,true
current,1,named_where_128,7,291,36225.086,47920.000,true
current,1,raw_in_256,7,3873,4082.985,2464.000,true
current,1,positional_insert_entity,7,13499,737.269,1488.000,true
current,1,positional_derived,7,713,4238.990,5480.000,true
current,1,raw_naming_SCREAMING_SNAKE_CASE,7,2463,3914.495,3288.000,true
current,1,raw_naming_CAMEL_CASE,7,3302,4736.099,2984.000,true
current,1,raw_batch_64,7,900,16152.000,32232.000,true
current,1,mybatis_join_using,7,15133,1048.576,1976.000,true
current,1,raw_in_expression,7,2650,7245.925,3712.000,true
current,1,mybatis_naming_SCREAMING_SNAKE_CASE,7,2228,4843.178,5352.000,true
current,1,raw_repeated_names,7,1731,12330.040,14152.000,true
current,1,positional_condition_only,7,4019,2803.434,3104.000,true
current,1,positional_naming_KEBAB_CASE,7,2494,3298.677,3648.000,true
current,1,positional_select_star,7,91593,226.766,880.000,true
current,1,named_in_16,7,10467,1905.513,5520.000,true
current,1,raw_union_raw,7,10762,1141.823,1472.000,true
current,1,named_retry_rollback,7,4101,3526.628,5304.000,true
current,1,named_update_chain_16,7,1507,13559.390,24072.000,true
current,1,mybatis_insert_values,7,14664,804.910,1840.000,true
current,1,mybatis_insert_placeholders,7,16756,852.059,1616.000,true
current,1,positional_join_on,7,16854,1216.495,2424.000,true
current,1,named_where_eq,7,13473,759.118,1976.000,true
current,1,mybatis_nested,7,20340,1153.776,2024.000,true
current,1,named_dialect_PostgreSQL,7,8194,1120.210,2408.000,true
current,1,custom_handler_where,7,2692,4816.308,6968.000,true
current,1,positional_union_raw,7,18195,1079.995,1472.000,true
current,1,raw_where_128,7,916,23078.493,17776.000,true
current,1,named_batch_64,7,555,27532.613,72360.000,true
current,1,positional_update_chain_16,7,1790,5690.168,14560.000,true
current,1,named_pagination,7,10984,935.706,2384.000,true
current,1,raw_retry_rollback,7,5054,3006.727,3976.000,true
current,1,mybatis_batch_64,7,692,23635.405,54296.000,true
current,1,mybatis_insert_entity,7,14829,876.566,1864.000,true
current,1,raw_join_on,7,14868,1376.096,2336.000,true
current,1,custom_handler_union,7,1088,5378.401,7248.000,true
current,1,named_dialect_Oracle,7,10707,1153.404,2584.000,true
current,1,raw_batch_beans,7,3875,4339.432,9432.000,true
current,1,mybatis_in_256,7,678,19805.752,47256.000,true
current,1,named_delete,7,33704,429.136,1384.000,true
current,1,raw_insert_placeholders,7,21028,506.748,1208.000,true
current,1,raw_where_eq,7,18241,658.818,1504.000,true
current,1,raw_condition_only,7,4385,2852.041,2720.000,true
current,1,positional_insert_values,7,16765,619.272,1464.000,true
current,1,named_in_1024,7,98,96680.612,278560.000,true
current,1,positional_union_builder,7,9039,2361.290,3920.000,true
current,1,raw_naming_NO_CHANGE,7,5053,2287.235,1504.000,true
current,1,named_mixed_literals,7,8374,1143.862,2416.000,true
current,1,positional_dialect_Microsoft_SQL_Server,7,8149,1102.344,2032.000,true
current,1,raw_select_entity,7,37445,675.596,1304.000,true
current,1,named_naming_CAMEL_CASE,7,2595,5023.854,6648.000,true
current,1,positional_subquery_raw,7,16678,542.565,1344.000,true
current,1,mybatis_naming_NO_CHANGE,7,2992,3268.382,3568.000,true
current,1,named_insert_placeholders,7,11272,865.561,1920.000,true
current,1,named_subquery_structured,7,5617,1627.559,3568.000,true
current,1,positional_subquery_structured,7,3866,1353.285,2856.000,true
current,1,raw_raw_expression,7,21297,1040.982,1744.000,true
current,1,raw_union_builder,7,5356,2236.949,3704.000,true
current,1,mybatis_delete,7,19799,352.679,1232.000,true
current,1,mybatis_batch_4,7,6585,2076.948,4664.000,true
current,1,named_union_builder,7,1986,4365.458,6792.000,true
current,1,named_derived,7,2364,4386.083,7256.000,true
current,1,mybatis_subquery_raw,7,41391,537.991,1344.000,true
current,1,positional_naming_NO_CHANGE,7,7373,2257.548,1880.000,true
current,1,positional_nested,7,10057,999.513,1704.000,true
current,1,mybatis_in_16,7,12549,1693.577,4048.000,true
current,1,named_select_entity,7,15370,563.227,1304.000,true
current,1,mybatis_batch_beans,7,2195,6386.378,14744.000,true
current,1,positional_batch_beans,7,41,3468.293,7608.000,true
current,1,named_join_on,7,9084,1434.577,2808.000,true
current,1,named_dialect_MySQL,7,16073,1109.600,2408.000,true
current,1,named_union_raw,7,10010,1225.524,1472.000,true
current,1,positional_in_1024,7,1662,10318.351,20856.000,true
current,1,named_batch_4,7,7552,2428.456,5744.000,true
current,1,positional_in_expression,7,2877,7271.185,9952.000,true
current,1,positional_batch_64,7,1159,11637.360,25496.000,true
current,1,named_raw_expression,7,10765,1254.882,1744.000,true
current,1,mybatis_in_17,7,7622,1958.790,4192.000,true
current,1,named_update_map,7,7087,1465.486,2976.000,true
current,1,positional_dialect_DB2,7,12667,938.581,2032.000,true
current,1,raw_select_star,7,64224,268.650,880.000,true
current,1,mybatis_select_columns,7,17281,848.527,1216.000,true
current,1,positional_where_128,7,911,30413.941,20712.000,true
current,1,named_condition_only,7,3539,5521.560,6384.000,true
current,1,raw_in_16,7,20119,774.785,1344.000,true
current,1,raw_derived,7,3303,3866.455,5216.000,true
current,1,raw_mixed_literals,7,14759,1587.201,1864.000,true
current,1,positional_join_using,7,24492,830.251,1752.000,true
current,1,raw_insert_entity,8,24727,935.338,1560.000,true
current,1,named_update_chain_16,8,1507,11088.786,24072.000,true
current,1,positional_condition_only,8,4019,3521.996,3104.000,true
current,1,raw_in_17,8,17675,941.771,1352.000,true
current,1,raw_select_entity,8,37445,680.943,1304.000,true
current,1,named_select_star,8,44868,325.582,880.000,true
current,1,raw_retry_rollback,8,5054,3052.058,3976.000,true
current,1,raw_repeated_names,8,1731,16241.363,14152.000,true
current,1,raw_between,8,26150,907.396,1648.000,true
current,1,positional_derived,8,713,3895.091,5480.000,true
current,1,raw_delete,8,36513,291.704,912.000,true
current,1,mybatis_pagination,8,13850,1070.325,2152.000,true
current,1,named_group_order,8,5732,2127.512,3936.000,true
current,1,raw_batch_beans,8,3875,4586.245,9432.000,true
current,1,positional_dialect_Oracle,8,12391,1022.218,2032.000,true
current,1,positional_where_128,8,911,27678.814,20712.000,true
current,1,mybatis_subquery_structured,8,7841,1694.325,3312.000,true
current,1,positional_naming_NO_CHANGE,8,7373,2385.216,1880.000,true
current,1,positional_dialect_Microsoft_SQL_Server,8,8149,1078.095,2032.000,true
current,1,named_dialect_MySQL,8,16073,1019.343,2408.000,true
current,1,positional_select_entity,8,21816,593.592,1304.000,true
current,1,raw_where_eq,8,18241,694.589,1504.000,true
current,1,positional_delete,8,54188,310.746,1000.000,true
current,1,mybatis_naming_KEBAB_CASE,8,2788,5386.334,5336.000,true
current,1,raw_late_modifier,8,22020,539.537,1344.000,true
current,1,mybatis_in_17,8,7622,1777.814,4192.000,true
current,1,named_where_16,8,2495,6316.313,6936.000,true
current,1,mybatis_insert_placeholders,8,16756,920.739,1616.000,true
current,1,raw_update_map,8,12706,1433.449,1960.000,true
current,1,positional_insert_placeholders,8,887,591.883,1208.000,true
current,1,mybatis_union_builder,8,3025,5322.413,6768.000,true
current,1,raw_subquery_raw,8,38170,700.815,1344.000,true
current,1,mybatis_where_16,8,2482,5135.939,5336.000,true
current,1,positional_batch_64,8,1159,12353.840,25496.000,true
current,1,raw_where_16,8,3689,3670.236,3272.000,true
current,1,mybatis_naming_SCREAMING_SNAKE_CASE,8,2228,5822.621,5352.000,true
current,1,positional_batch_4,8,10790,1630.065,2968.000,true
current,1,named_dialect_PostgreSQL,8,8194,1674.396,2408.000,true
current,1,positional_group_order,8,5346,2247.737,3112.000,true
current,1,raw_in_1024,8,803,22680.573,6328.000,true
current,1,raw_where_128,8,916,29269.869,17776.000,true
current,1,positional_naming_SCREAMING_SNAKE_CASE,8,126,3911.111,3664.000,true
current,1,mybatis_update_map,8,4388,2022.881,2512.000,true
current,1,named_raw_expression,8,10765,1621.561,1744.000,true
current,1,named_where_eq,8,13473,922.215,1976.000,true
current,1,named_condition_only,8,3539,5376.660,6384.000,true
current,1,mybatis_late_modifier,8,19240,827.827,1656.000,true
current,1,raw_derived,8,3303,4716.500,5216.000,true
current,1,named_in_17,8,5570,3431.885,5736.000,true
current,1,named_subquery_raw,8,18506,966.762,1344.000,true
current,1,named_union_builder,8,1986,8372.004,6792.000,true
current,1,mybatis_insert_values,8,14664,1122.156,1840.000,true
current,1,named_select_columns,8,16603,1044.028,1216.000,true
current,1,mybatis_derived,8,2910,5457.457,7208.000,true
current,1,named_repeated_names,8,547,29913.528,42584.000,true
current,1,mybatis_batch_beans,8,2195,10740.547,14744.000,true
current,1,named_late_modifier,8,20677,1238.792,1816.000,true
current,1,mybatis_select_star,8,70951,362.876,880.000,true
current,1,named_between,8,15283,1601.322,2600.000,true
current,1,raw_group_order,8,8036,2192.832,2952.000,true
current,1,positional_naming_UPPER_CAMEL_CASE,8,505,4363.960,3376.000,true
current,1,raw_in_256,8,3873,5649.548,2464.000,true
current,1,positional_in_256,8,6918,3700.332,6264.000,true
current,1,positional_where_16,8,6745,5067.368,3648.000,true
current,1,raw_subquery_structured,8,10624,1825.555,2720.000,true
current,1,mybatis_condition_only,8,3583,7410.215,4784.000,true
current,1,positional_update_map,8,15514,1623.127,1872.000,true
current,1,raw_select_columns,8,21431,1286.785,1216.000,true
current,1,mybatis_row_in,8,11563,1718.992,2272.000,true
current,1,positional_dialect_DB2,8,12667,1561.980,2032.000,true
current,1,raw_union_builder,8,5356,4634.205,3704.000,true
current,1,positional_mixed_literals,8,11414,1445.909,1696.000,true
current,1,raw_select_expressions,8,7571,2061.617,1936.000,true
current,1,mybatis_in_256,8,678,25450.000,47256.000,true
current,1,mybatis_union_raw,8,20193,5361.368,1472.000,true
current,1,mybatis_where_eq,8,17762,1812.020,1816.000,true
current,1,named_insert_entity,8,7998,2082.133,2200.000,true
current,1,mybatis_mixed_literals,8,12809,1876.431,2080.000,true
current,1,raw_update_chain_16,8,1984,7978.024,13856.000,true
current,1,raw_insert_placeholders,8,21028,760.562,1208.000,true
current,1,mybatis_in_1024,8,145,99540.690,182240.000,true
current,1,named_naming_SCREAMING_SNAKE_CASE,8,462,6991.342,6952.000,true
current,1,raw_batch_4,8,13098,2007.833,3432.000,true
current,1,mybatis_select_expressions,8,7422,2465.616,1936.000,true
current,1,named_where_128,8,291,59543.299,47920.000,true
current,1,mybatis_join_using,8,15133,1355.739,1976.000,true
current,1,named_dialect_Microsoft_SQL_Server,8,8698,1739.319,2584.000,true
current,1,positional_nested,8,10057,1844.825,1704.000,true
current,1,named_in_256,8,580,28646.552,71352.000,true
current,1,named_in_16,8,10467,2698.462,5520.000,true
current,1,raw_raw_expression,8,21297,1713.870,1744.000,true
current,1,mybatis_naming_CAMEL_CASE,8,2412,6703.400,5048.000,true
current,1,mybatis_retry_rollback,8,2867,4476.805,4784.000,true
current,1,named_insert_values,8,15089,1307.721,2176.000,true
current,1,mybatis_select_entity,8,17001,942.333,1304.000,true
current,1,mybatis_delete,8,19799,482.029,1232.000,true
current,1,positional_insert_entity,8,13499,913.957,1488.000,true
current,1,mybatis_subquery_raw,8,41391,889.698,1344.000,true
current,1,positional_naming_KEBAB_CASE,8,2494,6548.677,3648.000,true
current,1,positional_update_chain_16,8,1790,10233.073,14560.000,true
current,1,named_naming_UPPER_CAMEL_CASE,8,1801,10086.452,6664.000,true
current,1,mybatis_raw_expression,8,11012,2542.844,1744.000,true
current,1,named_in_expression,8,480,66224.792,72456.000,true
current,1,named_mixed_literals,8,8374,2695.140,2416.000,true
current,1,positional_select_star,8,91593,718.113,880.000,true
current,1,raw_join_on,8,14868,3428.497,2336.000,true
current,1,named_delete,8,33704,1002.133,1384.000,true
current,1,raw_naming_SCREAMING_SNAKE_CASE,8,2463,9735.363,3288.000,true
current,1,named_pagination,8,10984,2884.832,2384.000,true
current,1,mybatis_batch_4,8,6585,4202.187,4664.000,true
current,1,positional_in_expression,8,2877,22624.400,9952.000,true
current,1,named_join_using,8,24985,5495.954,2136.000,true
current,1,named_select_entity,8,15370,1286.721,1304.000,true
current,1,raw_batch_64,8,900,26077.333,32232.000,true
current,1,raw_row_in,8,24448,2760.668,1608.000,true
current,1,raw_in_expression,8,2650,11556.113,3712.000,true
current,1,raw_insert_values,8,24700,2518.300,1536.000,true
current,1,positional_in_17,8,9066,1439.268,1736.000,true
current,1,positional_subquery_structured,8,3866,9565.210,2856.000,true
current,1,positional_union_raw,8,18195,4896.713,1472.000,true
current,1,mybatis_where_128,8,465,63455.269,34848.000,true
current,1,raw_naming_UPPER_CAMEL_CASE,8,2550,12167.098,3000.000,true
current,1,named_row_in,8,14777,7917.933,2680.000,true
current,1,raw_join_using,8,15905,1910.494,1664.000,true
current,1,named_dialect_DB2,8,12507,3074.854,2584.000,true
current,1,positional_batch_beans,8,41,9509.756,7608.000,true
current,1,named_nested,8,9491,3726.056,2256.000,true
current,1,positional_retry_rollback,8,4522,5906.568,3864.000,true
current,1,raw_union_raw,8,10762,2567.004,1472.000,true
current,1,named_batch_beans,8,1766,14299.943,19240.000,true
current,1,raw_mixed_literals,8,14759,2498.469,1864.000,true
current,1,positional_join_using,8,24492,1840.695,1752.000,true
current,1,named_retry_rollback,8,4101,10340.746,5304.000,true
current,1,positional_in_1024,8,1662,15364.440,20856.000,true
current,1,named_naming_NO_CHANGE,8,3344,9492.972,5168.000,true
current,1,named_select_expressions,8,6780,4640.605,1936.000,true
current,1,positional_union_builder,8,9039,6305.908,3920.000,true
current,1,mybatis_join_on,8,8412,3264.135,2648.000,true
current,1,mybatis_repeated_names,8,701,50959.201,30536.000,true
current,1,positional_between,8,24972,3208.982,1736.000,true
current,1,positional_repeated_names,8,855,28644.444,17240.000,true
current,1,named_union_raw,8,10010,3327.932,1472.000,true
current,1,positional_raw_expression,8,11838,2630.318,1744.000,true
current,1,positional_where_eq,8,29977,2067.268,1592.000,true
current,1,mybatis_update_chain_16,8,1116,34926.613,21304.000,true
current,1,mybatis_group_order,8,10719,5629.937,3608.000,true
current,1,positional_subquery_raw,8,16678,1051.205,1344.000,true
current,1,raw_nested,8,14936,2511.683,1616.000,true
current,1,raw_naming_CAMEL_CASE,8,3302,8936.432,2984.000,true
current,1,mybatis_batch_64,8,692,99786.994,54296.000,true
current,1,named_subquery_structured,8,5617,4305.928,3568.000,true
current,1,raw_in_16,8,20119,2195.860,1344.000,true
current,1,mybatis_nested,8,20340,3407.704,2024.000,true
current,1,mybatis_select_columns,8,17281,2733.430,1216.000,true
current,1,positional_row_in,8,14296,1754.498,1608.000,true
current,1,positional_dialect_MySQL,8,12714,1612.380,1848.000,true
current,1,raw_naming_KEBAB_CASE,8,4165,6877.311,3272.000,true
current,1,mybatis_in_expression,8,983,40533.774,48432.000,true
current,1,named_batch_64,8,555,54634.595,72360.000,true
current,1,named_update_map,8,7087,2252.561,2976.000,true
current,1,named_naming_KEBAB_CASE,8,2479,13520.089,6936.000,true
current,1,mybatis_between,8,9369,2094.610,2344.000,true
current,1,raw_naming_NO_CHANGE,8,5053,4023.827,1504.000,true
current,1,positional_dialect_PostgreSQL,8,8446,1777.303,1848.000,true
current,1,positional_in_16,8,23975,1730.373,1728.000,true
current,1,named_naming_CAMEL_CASE,8,2595,10994.682,6648.000,true
current,1,mybatis_in_16,8,12549,4502.518,4048.000,true
current,1,positional_select_columns,8,29363,1695.089,1216.000,true
current,1,mybatis_insert_entity,8,14829,1989.541,1864.000,true
current,1,positional_naming_CAMEL_CASE,8,3009,10714.158,3360.000,true
current,1,named_dialect_Oracle,8,10707,2580.966,2584.000,true
current,1,named_join_on,8,9084,3115.830,2808.000,true
current,1,custom_handler_union,8,1088,30226.379,7248.000,true
current,1,named_insert_placeholders,8,11272,3008.667,1920.000,true
current,1,raw_condition_only,8,4385,5802.828,2720.000,true
current,1,named_in_1024,8,98,269757.143,278560.000,true
current,1,positional_select_expressions,8,11460,3951.239,1936.000,true
current,1,positional_pagination,8,26227,2010.108,1824.000,true
current,1,named_derived,8,2364,9370.093,7256.000,true
current,1,custom_handler_where,8,2692,8698.700,6968.000,true
current,1,mybatis_naming_UPPER_CAMEL_CASE,8,1958,9670.531,5064.000,true
current,1,raw_pagination,8,14819,1492.867,1712.000,true
current,1,positional_late_modifier,8,25036,1258.735,1432.000,true
current,1,positional_join_on,8,16854,3377.620,2424.000,true
current,1,positional_insert_values,8,16765,4870.188,1464.000,true
current,1,named_batch_4,8,7552,7586.083,5744.000,true
current,1,raw_select_star,8,64224,763.584,880.000,true
current,1,mybatis_naming_NO_CHANGE,8,2992,8285.795,3568.000,true
current,1,positional_update_map,9,15514,1859.172,1872.000,true
current,1,positional_select_columns,9,29363,1748.435,1216.000,true
current,1,positional_insert_values,9,16765,1609.741,1464.000,true
current,1,positional_pagination,9,26227,3218.279,1824.000,true
current,1,raw_insert_values,9,24700,1920.085,1536.000,true
current,1,named_select_expressions,9,6780,3041.991,1936.000,true
current,1,named_derived,9,2364,9763.790,7256.000,true
current,1,raw_in_17,9,17675,1099.700,1352.000,true
current,1,positional_dialect_Oracle,9,12391,1281.721,2032.000,true
current,1,mybatis_in_16,9,12549,3763.256,4048.000,true
current,1,named_row_in,9,14777,2542.620,2680.000,true
current,1,mybatis_select_columns,9,17281,1175.048,1216.000,true
current,1,mybatis_naming_KEBAB_CASE,9,2788,9723.350,5336.000,true
current,1,positional_join_on,9,16854,2717.224,2424.000,true
current,1,positional_insert_entity,9,13499,1352.811,1488.000,true
current,1,mybatis_join_on,9,8412,2488.398,2648.000,true
current,1,named_subquery_structured,9,5617,2661.492,3568.000,true
current,1,mybatis_naming_NO_CHANGE,9,2992,5392.580,3568.000,true
current,1,named_select_entity,9,15370,1115.413,1304.000,true
current,1,mybatis_where_128,9,465,61677.634,34848.000,true
current,1,named_delete,9,33704,1223.650,1384.000,true
current,1,positional_batch_4,9,10790,2716.719,2968.000,true
current,1,mybatis_subquery_raw,9,41391,1455.227,1344.000,true
current,1,mybatis_naming_SCREAMING_SNAKE_CASE,9,2228,22221.364,5352.000,true
current,1,raw_batch_beans,9,3875,12537.213,9432.000,true
current,1,positional_where_16,9,6745,7982.239,3648.000,true
current,1,named_in_expression,9,480,73996.250,72456.000,true
current,1,mybatis_repeated_names,9,701,49542.083,30536.000,true
current,1,positional_condition_only,9,4019,6308.908,3104.000,true
current,1,raw_mixed_literals,9,14759,8984.376,1864.000,true
current,1,named_naming_KEBAB_CASE,9,2479,11562.485,6936.000,true
current,1,named_retry_rollback,9,4101,15769.617,5304.000,true
current,1,named_dialect_DB2,9,12507,2513.728,2584.000,true
current,1,raw_between,9,26150,1802.359,1648.000,true
current,1,named_update_map,9,7087,2503.894,2976.000,true
current,1,named_late_modifier,9,20677,1589.834,1816.000,true
current,1,named_where_eq,9,13473,1605.366,1976.000,true
current,1,named_insert_entity,9,7998,2630.283,2200.000,true
current,1,named_where_16,9,2495,11787.174,6936.000,true
current,1,named_naming_SCREAMING_SNAKE_CASE,9,462,14774.026,6952.000,true
current,1,raw_nested,9,14936,4710.431,1616.000,true
current,1,raw_naming_UPPER_CAMEL_CASE,9,2550,10372.588,3000.000,true
current,1,mybatis_in_17,9,7622,4226.988,4192.000,true
current,1,positional_group_order,9,5346,4443.996,3112.000,true
current,1,positional_in_16,9,23975,1904.142,1728.000,true
current,1,named_batch_4,9,7552,8303.946,5744.000,true
current,1,raw_batch_4,9,13098,3599.527,3432.000,true
current,1,raw_naming_NO_CHANGE,9,5053,5310.726,1504.000,true
current,1,mybatis_insert_values,9,14664,2291.714,1840.000,true
current,1,named_where_128,9,291,70269.416,47920.000,true
current,1,mybatis_row_in,9,11563,2503.321,2272.000,true
current,1,raw_in_1024,9,803,32731.133,6328.000,true
current,1,mybatis_nested,9,20340,2398.948,2024.000,true
current,1,named_raw_expression,9,10765,2191.565,1744.000,true
current,1,named_in_17,9,5570,4800.251,5736.000,true
current,1,named_join_on,9,9084,3364.597,2808.000,true
current,1,positional_delete,9,54188,743.499,1000.000,true
current,1,named_join_using,9,24985,2090.446,2136.000,true
current,1,named_in_16,9,10467,5005.035,5520.000,true
current,1,mybatis_select_entity,9,17001,1891.495,1304.000,true
current,1,named_dialect_MySQL,9,16073,2385.964,2408.000,true
current,1,raw_union_builder,9,5356,4598.768,3704.000,true
current,1,raw_select_star,9,64224,450.170,880.000,true
current,1,mybatis_pagination,9,13850,1382.736,2152.000,true
current,1,named_repeated_names,9,547,34295.247,42584.000,true
current,1,positional_row_in,9,14296,1219.467,1608.000,true
current,1,raw_retry_rollback,9,5054,4077.998,3976.000,true
current,1,mybatis_delete,9,19799,539.517,1232.000,true
current,1,raw_batch_64,9,900,20176.111,32232.000,true
current,1,positional_union_builder,9,9039,3982.465,3920.000,true
current,1,mybatis_join_using,9,15133,1775.570,1976.000,true
current,1,named_mixed_literals,9,8374,1987.903,2416.000,true
current,1,mybatis_between,9,9369,2244.743,2344.000,true
current,1,mybatis_in_1024,9,145,193599.310,182240.000,true
current,1,custom_handler_union,9,1088,12040.441,7248.000,true
current,1,raw_update_chain_16,9,1984,11379.889,13856.000,true
current,1,named_condition_only,9,3539,6664.171,6384.000,true
current,1,mybatis_derived,9,2910,8631.271,7208.000,true
current,1,mybatis_in_256,9,678,34605.015,47256.000,true
current,1,positional_dialect_PostgreSQL,9,8446,1182.453,1848.000,true
current,1,named_dialect_PostgreSQL,9,8194,1360.093,2408.000,true
current,1,positional_naming_KEBAB_CASE,9,2494,4684.282,3648.000,true
current,1,raw_raw_expression,9,21297,1625.121,1744.000,true
current,1,raw_in_expression,9,2650,8779.472,3712.000,true
current,1,raw_insert_placeholders,9,21028,1778.158,1208.000,true
current,1,positional_where_eq,9,29977,1658.308,1592.000,true
current,1,named_between,9,15283,2878.067,2600.000,true
current,1,raw_subquery_raw,9,38170,1300.954,1344.000,true
current,1,raw_pagination,9,14819,2202.510,1712.000,true
current,1,named_dialect_Microsoft_SQL_Server,9,8698,3455.633,2584.000,true
current,1,mybatis_retry_rollback,9,2867,7515.661,4784.000,true
current,1,mybatis_group_order,9,10719,3879.186,3608.000,true
current,1,positional_batch_64,9,1159,18981.881,25496.000,true
current,1,named_update_chain_16,9,1507,21327.870,24072.000,true
current,1,raw_insert_entity,9,24727,1290.270,1560.000,true
current,1,mybatis_raw_expression,9,11012,1761.633,1744.000,true
current,1,named_pagination,9,10984,1673.298,2384.000,true
current,1,mybatis_in_expression,9,983,39221.872,48432.000,true
current,1,positional_retry_rollback,9,4522,6354.777,3864.000,true
current,1,positional_naming_CAMEL_CASE,9,3009,6415.221,3360.000,true
current,1,raw_where_128,9,916,41650.546,17776.000,true
current,1,raw_in_256,9,3873,6638.446,2464.000,true
current,1,positional_update_chain_16,9,1790,9057.598,14560.000,true
current,1,positional_nested,9,10057,1857.980,1704.000,true
current,1,raw_where_16,9,3689,5859.610,3272.000,true
current,1,mybatis_where_16,9,2482,6120.830,5336.000,true
current,1,raw_condition_only,9,4385,3980.410,2720.000,true
current,1,raw_derived,9,3303,5137.693,5216.000,true
current,1,mybatis_union_builder,9,3025,7277.355,6768.000,true
current,1,raw_delete,9,36513,479.424,912.000,true
current,1,raw_subquery_structured,9,10624,2237.716,2720.000,true
current,1,positional_dialect_DB2,9,12667,1399.661,2032.000,true
current,1,positional_naming_SCREAMING_SNAKE_CASE,9,126,4207.143,3664.000,true
current,1,positional_naming_UPPER_CAMEL_CASE,9,505,5327.327,3376.000,true
current,1,raw_join_using,9,15905,1107.130,1664.000,true
current,1,positional_select_star,9,91593,448.243,880.000,true
current,1,positional_in_expression,9,2877,12254.466,9952.000,true
current,1,named_insert_placeholders,9,11272,2211.631,1920.000,true
current,1,positional_in_17,9,9066,1710.578,1736.000,true
current,1,mybatis_condition_only,9,3583,6553.140,4784.000,true
current,1,positional_between,9,24972,1426.133,1736.000,true
current,1,named_nested,9,9491,2421.979,2256.000,true
current,1,mybatis_insert_entity,9,14829,2861.319,1864.000,true
current,1,positional_late_modifier,9,25036,1305.672,1432.000,true
current,1,positional_select_entity,9,21816,1197.341,1304.000,true
current,1,positional_insert_placeholders,9,887,967.644,1208.000,true
current,1,positional_mixed_literals,9,11414,2043.639,1696.000,true
current,1,positional_subquery_raw,9,16678,1033.002,1344.000,true
current,1,mybatis_batch_64,9,692,44154.769,54296.000,true
current,1,positional_join_using,9,24492,1304.904,1752.000,true
current,1,positional_naming_NO_CHANGE,9,7373,4812.519,1880.000,true
current,1,raw_union_raw,9,10762,2432.410,1472.000,true
current,1,mybatis_update_map,9,4388,3031.837,2512.000,true
current,1,raw_naming_KEBAB_CASE,9,4165,6534.166,3272.000,true
current,1,positional_select_expressions,9,11460,3166.291,1936.000,true
current,1,named_select_star,9,44868,408.833,880.000,true
current,1,mybatis_select_expressions,9,7422,2400.418,1936.000,true
current,1,positional_repeated_names,9,855,22051.462,17240.000,true
current,1,positional_in_256,9,6918,4829.344,6264.000,true
current,1,raw_late_modifier,9,22020,1077.411,1344.000,true
current,1,mybatis_select_star,9,70951,380.315,880.000,true
current,1,mybatis_batch_4,9,6585,3373.455,4664.000,true
current,1,positional_subquery_structured,9,3866,2279.721,2856.000,true
current,1,mybatis_naming_UPPER_CAMEL_CASE,9,1958,6734.985,5064.000,true
current,1,raw_join_on,9,14868,1989.091,2336.000,true
current,1,named_in_1024,9,98,154002.041,278560.000,true
current,1,raw_select_expressions,9,7571,2954.379,1936.000,true
current,1,named_group_order,9,5732,4627.512,3936.000,true
current,1,named_union_raw,9,10010,1906.304,1472.000,true
current,1,raw_select_entity,9,37445,944.447,1304.000,true
current,1,raw_naming_SCREAMING_SNAKE_CASE,9,2463,4402.355,3288.000,true
current,1,positional_raw_expression,9,11838,1614.631,1744.000,true
current,1,mybatis_union_raw,9,20193,1815.877,1472.000,true
current,1,raw_naming_CAMEL_CASE,9,3302,5131.193,2984.000,true
current,1,positional_derived,9,713,5195.512,5480.000,true
current,1,mybatis_where_eq,9,17762,1009.475,1816.000,true
current,1,named_batch_beans,9,1766,8586.806,19240.000,true
current,1,positional_dialect_Microsoft_SQL_Server,9,8149,1515.155,2032.000,true
current,1,mybatis_insert_placeholders,9,16756,1170.781,1616.000,true
current,1,mybatis_naming_CAMEL_CASE,9,2412,9766.459,5048.000,true
current,1,named_dialect_Oracle,9,10707,2103.586,2584.000,true
current,1,mybatis_subquery_structured,9,7841,2355.018,3312.000,true
current,1,named_naming_UPPER_CAMEL_CASE,9,1801,7311.272,6664.000,true
current,1,positional_union_raw,9,18195,1769.975,1472.000,true
current,1,raw_repeated_names,9,1731,19537.031,14152.000,true
current,1,named_subquery_raw,9,18506,758.538,1344.000,true
current,1,raw_in_16,9,20119,1039.878,1344.000,true
current,1,named_insert_values,9,15089,1212.592,2176.000,true
current,1,positional_where_128,9,911,39916.905,20712.000,true
current,1,raw_update_map,9,12706,1167.299,1960.000,true
current,1,named_naming_NO_CHANGE,9,3344,4117.972,5168.000,true
current,1,mybatis_mixed_literals,9,12809,1769.514,2080.000,true
current,1,custom_handler_where,9,2692,7055.126,6968.000,true
current,1,mybatis_update_chain_16,9,1116,14059.140,21304.000,true
current,1,raw_where_eq,9,18241,1326.605,1504.000,true
current,1,named_naming_CAMEL_CASE,9,2595,8282.967,6648.000,true
current,1,named_in_256,9,580,31528.103,71352.000,true
current,1,positional_batch_beans,9,41,7056.098,7608.000,true
current,1,positional_in_1024,9,1662,12923.526,20856.000,true
current,1,named_batch_64,9,555,27989.369,72360.000,true
current,1,raw_select_columns,9,21431,812.095,1216.000,true
current,1,named_union_builder,9,1986,6231.017,6792.000,true
current,1,mybatis_batch_beans,9,2195,8697.130,14744.000,true
current,1,named_select_columns,9,16603,691.128,1216.000,true
current,1,mybatis_late_modifier,9,19240,788.274,1656.000,true
current,1,raw_row_in,9,24448,974.795,1608.000,true
current,1,raw_group_order,9,8036,2585.590,2952.000,true
current,1,positional_dialect_MySQL,9,12714,1708.101,1848.000,true
