version,fork,case,round,operations,ns_per_op,bytes_per_op,equivalent
baseline,2,named_in_1024,1,140,198538.571,353216.000,true
baseline,2,positional_select_columns,1,26331,1066.606,1952.000,true
baseline,2,mybatis_naming_UPPER_CAMEL_CASE,1,3227,10180.663,9368.000,true
baseline,2,positional_batch_beans,1,1576,4117.576,10464.000,true
baseline,2,named_derived,1,654,13508.410,17800.000,true
baseline,2,named_delete,1,18773,770.708,1960.000,true
baseline,2,mybatis_naming_CAMEL_CASE,1,2632,7011.626,8408.000,true
baseline,2,mybatis_between,1,12634,1567.049,3592.000,true
baseline,2,raw_mixed_literals,1,5400,1725.111,3192.000,true
baseline,2,positional_select_entity,1,37196,688.934,2000.000,true
baseline,2,named_nested,1,10352,2177.376,3648.000,true
baseline,2,mybatis_select_columns,1,23992,1128.505,1952.000,true
baseline,2,named_dialect_DB2,1,12210,1873.636,4320.000,true
baseline,2,positional_late_modifier,1,16161,797.766,2360.000,true
baseline,2,positional_naming_SCREAMING_SNAKE_CASE,1,3796,5091.228,5904.000,true
baseline,2,raw_union_builder,1,4012,6504.163,10160.000,true
baseline,2,named_join_using,1,7400,1058.216,3512.000,true
baseline,2,mybatis_in_16,1,3763,3311.613,6512.000,true
baseline,2,mybatis_row_in,1,4915,2440.387,3704.000,true
baseline,2,mybatis_union_builder,1,747,15782.329,16696.000,true
baseline,2,mybatis_where_eq,1,18748,1325.875,2984.000,true
baseline,2,positional_pagination,1,10138,978.339,3288.000,true
baseline,2,mybatis_select_star,1,80314,289.840,1424.000,true
baseline,2,positional_nested,1,16669,1472.512,2952.000,true
baseline,2,mybatis_where_16,1,2902,7952.550,9368.000,true
baseline,2,named_naming_CAMEL_CASE,1,4144,6686.704,9624.000,true
baseline,2,named_naming_KEBAB_CASE,1,2708,7344.904,10584.000,true
baseline,2,positional_dialect_Oracle,1,13739,1333.554,3496.000,true
baseline,2,mybatis_in_256,1,398,29180.653,72760.000,true
baseline,2,named_subquery_structured,1,5869,2272.977,5488.000,true
baseline,2,positional_where_16,1,4795,5556.434,5888.000,true
baseline,2,mybatis_pagination,1,15437,1635.525,3832.000,true
baseline,2,positional_dialect_MySQL,1,18932,1400.058,3360.000,true
baseline,2,raw_update_map,1,16046,2289.611,3592.000,false
baseline,2,named_dialect_PostgreSQL,1,14036,1986.285,4144.000,true
baseline,2,mybatis_subquery_raw,1,22721,686.466,2272.000,true
baseline,2,positional_in_16,1,22474,998.563,2656.000,true
baseline,2,raw_batch_4,1,7527,2924.326,7584.000,false
baseline,2,positional_in_17,1,17428,991.720,2672.000,true
baseline,2,raw_batch_64,1,667,32757.871,97344.000,false
baseline,2,named_naming_SCREAMING_SNAKE_CASE,1,2900,7158.310,10600.000,true
baseline,2,mybatis_union_raw,1,4967,3813.489,5200.000,true
baseline,2,mybatis_update_map,1,7310,1747.428,4224.000,true
baseline,2,positional_insert_values,1,16189,795.954,2104.000,true
baseline,2,raw_between,1,14798,1266.016,3384.000,true
baseline,2,named_between,1,10428,1683.209,3800.000,true
baseline,2,named_union_builder,1,663,11106.033,17272.000,true
baseline,2,custom_handler_where,1,2845,5970.826,10616.000,true
baseline,2,positional_row_in,1,20304,1002.339,2624.000,true
baseline,2,raw_row_in,1,9164,1481.373,3136.000,true
baseline,2,positional_naming_KEBAB_CASE,1,3535,4519.123,5888.000,true
baseline,2,named_dialect_Oracle,1,14290,1340.014,4272.000,true
baseline,2,positional_update_chain_16,1,1609,6525.917,22360.000,true
baseline,2,raw_subquery_structured,1,14886,1333.951,4616.000,true
baseline,2,positional_dialect_DB2,1,8906,1284.247,3544.000,true
baseline,2,mybatis_raw_expression,1,8844,1423.496,2624.000,true
baseline,2,positional_mixed_literals,1,16804,1220.085,2800.000,true
baseline,2,positional_batch_64,1,399,15751.378,72176.000,true
baseline,2,mybatis_insert_placeholders,1,10814,941.372,2584.000,true
baseline,2,named_in_16,1,8652,2211.049,7600.000,true
baseline,2,positional_insert_entity,1,31993,583.725,1816.000,true
baseline,2,raw_where_128,1,506,37829.644,56496.000,true
baseline,2,mybatis_in_1024,1,121,110649.587,281472.000,true
baseline,2,raw_in_16,1,7057,1707.142,5600.000,true
baseline,2,named_union_raw,1,2769,3618.310,5200.000,true
baseline,2,mybatis_nested,1,2395,1360.125,3464.000,true
baseline,2,mybatis_in_17,1,4777,2250.869,6752.000,true
baseline,2,mybatis_insert_entity,1,10608,1004.893,2456.000,true
baseline,2,positional_union_raw,1,3124,3592.318,5200.000,true
baseline,2,mybatis_join_on,1,11731,1647.404,4152.000,true
baseline,2,named_in_256,1,701,27770.613,90712.000,true
baseline,2,named_in_17,1,8052,2361.264,7888.000,true
baseline,2,raw_select_star,1,38322,285.541,1424.000,true
baseline,2,mybatis_derived,1,1650,10781.273,17192.000,true
baseline,2,raw_naming_SCREAMING_SNAKE_CASE,1,3209,5273.948,8856.000,true
baseline,2,named_dialect_MySQL,1,13638,1425.275,4144.000,true
baseline,2,raw_delete,1,40468,398.782,1624.000,true
baseline,2,raw_retry_rollback,1,5968,2895.995,6376.000,true
baseline,2,mybatis_repeated_names,1,478,25453.766,55944.000,true
baseline,2,raw_derived,1,2253,9226.187,15848.000,true
baseline,2,mybatis_naming_SCREAMING_SNAKE_CASE,1,2287,5853.520,9384.000,true
baseline,2,mybatis_delete,1,22028,475.268,1832.000,true
baseline,2,named_group_order,1,2538,3498.188,7688.000,true
baseline,2,mybatis_condition_only,1,1631,5227.590,8344.000,true
baseline,2,positional_derived,1,334,8813.772,15296.000,true
baseline,2,named_insert_values,1,14899,1148.587,3048.000,true
baseline,2,positional_subquery_structured,1,7143,1284.516,4704.000,true
baseline,2,mybatis_update_chain_16,1,904,14359.624,39960.000,true
baseline,2,positional_where_128,1,636,31505.818,32808.000,true
baseline,2,named_naming_NO_CHANGE,1,2485,4833.360,9624.000,true
baseline,2,named_subquery_raw,1,19914,615.446,2272.000,true
baseline,2,raw_naming_KEBAB_CASE,1,3794,4946.679,8840.000,true
baseline,2,raw_select_columns,1,25929,785.784,1952.000,true
baseline,2,mybatis_join_using,1,18854,974.234,3376.000,true
baseline,2,raw_join_using,1,22415,937.756,3176.000,true
baseline,2,named_naming_UPPER_CAMEL_CASE,1,2699,6267.840,10584.000,true
baseline,2,positional_select_expressions,1,3827,2190.489,2728.000,true
baseline,2,raw_insert_entity,1,14909,824.026,2176.000,false
baseline,2,positional_raw_expression,1,5805,1597.140,2624.000,true
baseline,2,raw_union_raw,1,6500,3409.031,5200.000,true
baseline,2,mybatis_group_order,1,5600,3675.446,7288.000,true
baseline,2,raw_repeated_names,1,648,22796.296,53896.000,true
baseline,2,raw_batch_beans,1,2928,7477.527,16896.000,false
baseline,2,mybatis_select_expressions,1,6338,2083.512,2728.000,true
baseline,2,positional_in_expression,1,4014,3966.318,9760.000,true
baseline,2,raw_naming_NO_CHANGE,1,4088,4196.111,7880.000,true
baseline,2,positional_insert_placeholders,1,14704,664.595,1944.000,true
baseline,2,mybatis_where_128,1,337,47917.211,61280.000,true
baseline,2,custom_handler_union,1,1170,10934.017,16536.000,true
baseline,2,named_update_chain_16,1,600,16070.000,47000.000,true
baseline,2,positional_repeated_names,1,1251,16905.356,30360.000,true
baseline,2,raw_where_eq,1,9484,941.354,2784.000,true
baseline,2,positional_join_on,1,6620,1493.671,3832.000,true
baseline,2,mybatis_batch_beans,1,1141,9244.259,22080.000,true
baseline,2,raw_join_on,1,12941,1588.633,3952.000,true
baseline,2,named_where_eq,1,18254,1107.911,3120.000,true
baseline,2,positional_group_order,1,3808,3029.386,6336.000,true
baseline,2,positional_batch_4,1,3050,1989.246,5968.000,true
baseline,2,named_batch_beans,1,1551,8390.458,26064.000,true
baseline,2,positional_naming_CAMEL_CASE,1,6021,3354.609,4928.000,true
baseline,2,positional_select_star,1,82781,274.096,1424.000,true
baseline,2,positional_dialect_PostgreSQL,1,16011,1160.996,3360.000,true
baseline,2,mybatis_batch_4,1,3930,2846.361,8784.000,true
baseline,2,named_select_columns,1,8748,775.709,1952.000,true
baseline,2,positional_delete,1,35751,401.477,1504.000,true
baseline,2,positional_in_1024,1,1164,14031.529,28504.000,true
baseline,2,raw_naming_UPPER_CAMEL_CASE,1,3729,5491.580,8840.000,true
baseline,2,mybatis_select_entity,1,37641,555.984,2000.000,true
baseline,2,named_repeated_names,1,339,25141.888,64920.000,true
baseline,2,named_where_128,1,392,53311.480,71280.000,true
baseline,2,positional_dialect_Microsoft_SQL_Server,1,12596,1258.582,3544.000,true
baseline,2,raw_in_1024,1,164,77649.390,220248.000,true
baseline,2,raw_in_expression,1,821,18763.459,56616.000,true
baseline,2,raw_update_chain_16,1,2523,7908.720,25448.000,true
baseline,2,named_batch_64,1,441,39489.796,134912.000,true
baseline,2,named_pagination,1,9170,1195.932,4072.000,true
baseline,2,named_batch_4,1,3060,3238.497,9736.000,true
baseline,2,mybatis_mixed_literals,1,5174,1428.566,3504.000,true
baseline,2,raw_nested,1,6667,1245.313,3280.000,true
baseline,2,raw_where_16,1,3234,5130.705,8840.000,true
baseline,2,named_select_star,1,32687,316.774,1424.000,true
baseline,2,positional_condition_only,1,5236,3912.529,4872.000,true
baseline,2,named_select_expressions,1,7303,2178.776,2728.000,true
baseline,2,raw_select_entity,1,25967,576.859,2000.000,true
baseline,2,raw_insert_values,1,16917,1081.007,2464.000,false
baseline,2,mybatis_in_expression,1,637,25571.429,72776.000,true
baseline,2,named_insert_placeholders,1,6689,1133.622,2920.000,true
baseline,2,named_raw_expression,1,12586,1432.059,2624.000,true
baseline,2,positional_update_map,1,9759,1054.667,3024.000,true
baseline,2,positional_between,1,18356,1105.704,3056.000,true
baseline,2,named_in_expression,1,680,30902.500,90680.000,true
baseline,2,raw_group_order,1,6702,3110.743,6432.000,true
baseline,2,named_join_on,1,5387,1890.477,4288.000,true
baseline,2,raw_in_17,1,9954,1747.237,5816.000,true
baseline,2,mybatis_naming_NO_CHANGE,1,3741,4902.245,8408.000,true
baseline,2,named_mixed_literals,1,13149,1528.823,3768.000,true
baseline,2,named_dialect_Microsoft_SQL_Server,1,9881,1554.873,4320.000,true
baseline,2,raw_naming_CAMEL_CASE,1,5113,4181.987,7880.000,true
baseline,2,mybatis_naming_KEBAB_CASE,1,2375,5991.158,9368.000,true
baseline,2,positional_naming_UPPER_CAMEL_CASE,1,4170,4323.022,5888.000,true
baseline,2,positional_in_256,1,4107,4151.741,9576.000,true
baseline,2,mybatis_batch_64,1,100,36855.000,118896.000,true
baseline,2,mybatis_late_modifier,1,20498,789.516,2680.000,true
baseline,2,named_late_modifier,1,22267,718.844,2816.000,true
baseline,2,positional_naming_NO_CHANGE,1,6126,3377.979,4928.000,true
baseline,2,raw_subquery_raw,1,34856,677.843,2272.000,true
baseline,2,raw_condition_only,1,3940,4380.482,7816.000,true
baseline,2,named_condition_only,1,3267,5783.012,9560.000,true
baseline,2,positional_join_using,1,17613,868.631,3056.000,true
baseline,2,named_where_16,1,635,6830.394,10584.000,true
baseline,2,named_update_map,1,3003,1646.620,4752.000,true
baseline,2,positional_subquery_raw,1,14338,654.303,2272.000,true
baseline,2,named_retry_rollback,1,4199,4499.405,8264.000,true
baseline,2,positional_retry_rollback,1,2818,2910.468,5872.000,true
baseline,2,positional_union_builder,1,2858,5065.220,9768.000,true
baseline,2,raw_insert_placeholders,1,18599,689.241,1944.000,true
baseline,2,named_insert_entity,1,14991,903.322,2760.000,true
baseline,2,mybatis_retry_rollback,1,2284,4054.991,7592.000,true
baseline,2,named_row_in,1,13016,1472.557,4016.000,true
baseline,2,raw_late_modifier,1,27886,777.383,2480.000,true
baseline,2,mybatis_insert_values,1,7919,1113.663,2744.000,true
baseline,2,raw_pagination,1,14540,973.054,3400.000,true
baseline,2,named_select_entity,1,15689,531.130,2000.000,true
baseline,2,raw_select_expressions,1,10086,2089.768,2728.000,true
baseline,2,mybatis_subquery_structured,1,10615,1753.349,5256.000,true
baseline,2,raw_in_256,1,683,19199.854,56640.000,true
baseline,2,raw_raw_expression,1,13650,1460.396,2624.000,true
baseline,2,positional_where_eq,1,17326,991.620,2664.000,true
baseline,2,raw_retry_rollback,2,5968,3548.107,6376.000,true
baseline,2,raw_in_256,2,683,17958.419,56640.000,true
baseline,2,mybatis_select_expressions,2,6338,2012.575,2728.000,true
baseline,2,named_where_16,2,635,5901.102,10584.000,true
baseline,2,named_in_expression,2,680,28135.441,90680.000,true
baseline,2,raw_union_raw,2,6500,3257.062,5200.000,true
baseline,2,positional_in_256,2,4107,4212.345,9576.000,true
baseline,2,mybatis_insert_entity,2,10608,892.685,2456.000,true
baseline,2,raw_derived,2,2253,9153.484,15848.000,true
baseline,2,positional_nested,2,16669,1243.782,2952.000,true
baseline,2,positional_dialect_DB2,2,8906,1028.374,3544.000,true
baseline,2,mybatis_naming_NO_CHANGE,2,3741,5497.621,8408.000,true
baseline,2,positional_in_16,2,22474,873.009,2656.000,true
baseline,2,named_select_entity,2,15689,607.540,2000.000,true
baseline,2,raw_batch_64,2,667,27281.109,97344.000,false
baseline,2,positional_union_builder,2,2858,5120.854,9768.000,true
baseline,2,raw_pagination,2,14540,985.337,3400.000,true
baseline,2,named_naming_SCREAMING_SNAKE_CASE,2,2900,6190.310,10600.000,true
baseline,2,raw_subquery_structured,2,14886,1400.900,4616.000,true
baseline,2,raw_naming_NO_CHANGE,2,4088,4195.181,7880.000,true
baseline,2,named_in_17,2,8052,2329.819,7888.000,true
baseline,2,positional_between,2,18356,1115.423,3056.000,true
baseline,2,raw_naming_CAMEL_CASE,2,5113,4026.794,7880.000,true
baseline,2,raw_repeated_names,2,648,23350.000,53896.000,true
baseline,2,named_naming_KEBAB_CASE,2,2708,6651.329,10584.000,true
baseline,2,raw_insert_values,2,16917,1140.563,2464.000,false
baseline,2,mybatis_update_map,2,7310,1620.383,4224.000,true
baseline,2,positional_batch_64,2,399,18371.429,72176.000,true
baseline,2,mybatis_union_builder,2,747,10969.880,16696.000,true
baseline,2,raw_batch_4,2,7527,2528.790,7584.000,false
baseline,2,raw_in_17,2,9954,1881.686,5816.000,true
baseline,2,named_join_using,2,7400,1215.514,3512.000,true
baseline,2,named_in_1024,2,140,121518.571,353216.000,true
baseline,2,named_dialect_PostgreSQL,2,14036,1391.750,4144.000,true
baseline,2,mybatis_raw_expression,2,8844,1470.579,2624.000,true
baseline,2,positional_in_expression,2,4014,4675.162,9760.000,true
baseline,2,raw_select_expressions,2,10086,2440.452,2728.000,true
baseline,2,named_union_builder,2,663,12101.207,17272.000,true
baseline,2,named_naming_CAMEL_CASE,2,4144,5482.963,9624.000,true
baseline,2,positional_dialect_PostgreSQL,2,16011,1283.924,3360.000,true
baseline,2,raw_naming_UPPER_CAMEL_CASE,2,3729,5438.348,8840.000,true
baseline,2,mybatis_batch_64,2,100,32752.000,118896.000,true
baseline,2,positional_group_order,2,3808,2966.991,6336.000,true
baseline,2,named_between,2,10428,1420.896,3800.000,true
baseline,2,raw_update_map,2,16046,1342.141,3592.000,false
baseline,2,named_raw_expression,2,12586,1617.893,2624.000,true
baseline,2,positional_select_star,2,82781,281.496,1424.000,true
baseline,2,named_nested,2,10352,1498.010,3648.000,true
baseline,2,positional_join_using,2,17613,860.575,3056.000,true
baseline,2,mybatis_repeated_names,2,478,27070.921,55944.000,true
baseline,2,named_naming_UPPER_CAMEL_CASE,2,2699,6378.918,10584.000,true
baseline,2,named_delete,2,18773,481.905,1960.000,true
baseline,2,positional_select_entity,2,37196,536.133,2000.000,true
baseline,2,positional_condition_only,2,5236,3973.606,4872.000,true
baseline,2,named_naming_NO_CHANGE,2,2485,5209.537,9624.000,true
baseline,2,raw_insert_placeholders,2,18599,772.617,1944.000,true
baseline,2,named_select_columns,2,8748,811.168,1952.000,true
baseline,2,raw_select_entity,2,25967,656.811,2000.000,true
baseline,2,mybatis_condition_only,2,1631,5807.848,8344.000,true
baseline,2,mybatis_naming_UPPER_CAMEL_CASE,2,3227,6464.394,9368.000,true
baseline,2,mybatis_naming_CAMEL_CASE,2,2632,5043.313,8408.000,true
baseline,2,named_union_raw,2,2769,3804.875,5200.000,true
baseline,2,raw_union_builder,2,4012,5942.896,10160.000,true
baseline,2,named_dialect_Oracle,2,14290,1408.062,4272.000,true
baseline,2,named_dialect_DB2,2,12210,1452.924,4320.000,true
baseline,2,mybatis_join_using,2,18854,921.619,3376.000,true
baseline,2,mybatis_select_entity,2,37641,605.018,2000.000,true
baseline,2,mybatis_select_star,2,80314,307.909,1424.000,true
baseline,2,positional_naming_NO_CHANGE,2,6126,3255.387,4928.000,true
baseline,2,mybatis_naming_SCREAMING_SNAKE_CASE,2,2287,6311.150,9384.000,true
baseline,2,custom_handler_where,2,2845,6579.965,10616.000,true
baseline,2,named_derived,2,654,11505.810,17800.000,true
baseline,2,positional_where_16,2,4795,4711.032,5888.000,true
baseline,2,positional_select_expressions,2,3827,2464.672,2728.000,true
baseline,2,raw_group_order,2,6702,3237.034,6432.000,true
baseline,2,positional_where_eq,2,17326,904.144,2664.000,true
baseline,2,positional_naming_CAMEL_CASE,2,6021,3293.755,4928.000,true
baseline,2,raw_where_eq,2,9484,1011.577,2784.000,true
baseline,2,positional_union_raw,2,3124,3585.691,5200.000,true
baseline,2,raw_insert_entity,2,14909,838.802,2176.000,false
baseline,2,mybatis_in_1024,2,121,106437.190,281472.000,true
baseline,2,named_batch_64,2,441,34993.878,134912.000,true
baseline,2,raw_where_128,2,506,38898.024,56496.000,true
baseline,2,positional_naming_KEBAB_CASE,2,3535,4248.939,5888.000,true
baseline,2,raw_join_using,2,22415,949.164,3176.000,true
baseline,2,mybatis_naming_KEBAB_CASE,2,2375,5827.747,9368.000,true
baseline,2,positional_dialect_Oracle,2,13739,1110.961,3496.000,true
baseline,2,positional_where_128,2,636,31099.843,32808.000,true
baseline,2,named_mixed_literals,2,13149,1542.825,3768.000,true
baseline,2,raw_naming_KEBAB_CASE,2,3794,4990.828,8840.000,true
baseline,2,raw_mixed_literals,2,5400,1621.611,3192.000,true
baseline,2,positional_retry_rollback,2,2818,2837.048,5872.000,true
baseline,2,mybatis_batch_beans,2,1141,8152.761,22080.000,true
baseline,2,mybatis_between,2,12634,1269.353,3592.000,true
baseline,2,mybatis_batch_4,2,3930,3163.359,8784.000,true
baseline,2,positional_dialect_Microsoft_SQL_Server,2,12596,1202.128,3544.000,true
baseline,2,mybatis_pagination,2,15437,1242.307,3832.000,true
baseline,2,mybatis_delete,2,22028,459.565,1832.000,true
baseline,2,named_in_16,2,8652,2121.706,7600.000,true
baseline,2,positional_pagination,2,10138,986.477,3288.000,true
baseline,2,raw_raw_expression,2,13650,1488.689,2624.000,true
baseline,2,named_where_eq,2,18254,999.759,3120.000,true
baseline,2,raw_update_chain_16,2,2523,7946.096,25448.000,true
baseline,2,positional_subquery_raw,2,14338,553.773,2272.000,true
baseline,2,positional_join_on,2,6620,1689.924,3832.000,true
baseline,2,mybatis_subquery_structured,2,10615,1935.101,5256.000,true
baseline,2,named_subquery_raw,2,19914,607.397,2272.000,true
baseline,2,positional_insert_values,2,16189,825.721,2104.000,true
baseline,2,positional_insert_entity,2,31993,593.045,1816.000,true
baseline,2,named_select_star,2,32687,323.697,1424.000,true
baseline,2,mybatis_join_on,2,11731,1637.345,4152.000,true
baseline,2,positional_mixed_literals,2,16804,1215.431,2800.000,true
baseline,2,positional_repeated_names,2,1251,16349.480,30360.000,true
baseline,2,mybatis_retry_rollback,2,2284,5885.245,7592.000,true
baseline,2,positional_insert_placeholders,2,14704,654.502,1944.000,true
baseline,2,named_pagination,2,9170,1333.893,4072.000,true
baseline,2,named_late_modifier,2,22267,762.559,2816.000,true
baseline,2,mybatis_in_17,2,4777,2351.329,6752.000,true
baseline,2,named_group_order,2,2538,3442.199,7688.000,true
baseline,2,mybatis_insert_values,2,7919,1116.113,2744.000,true
baseline,2,positional_subquery_structured,2,7143,1556.363,4704.000,true
baseline,2,named_insert_entity,2,14991,830.532,2760.000,true
baseline,2,custom_handler_union,2,1170,10234.017,16536.000,true
baseline,2,raw_join_on,2,12941,1640.028,3952.000,true
baseline,2,raw_between,2,14798,1243.526,3384.000,true
baseline,2,positional_dialect_MySQL,2,18932,972.977,3360.000,true
baseline,2,raw_in_expression,2,821,18356.273,56616.000,true
baseline,2,positional_in_17,2,17428,888.834,2672.000,true
baseline,2,mybatis_in_256,2,398,23455.779,72760.000,true
baseline,2,positional_update_map,2,9759,1045.496,3024.000,true
baseline,2,named_select_expressions,2,7303,2163.714,2728.000,true
baseline,2,mybatis_update_chain_16,2,904,13921.128,39960.000,true
baseline,2,mybatis_in_expression,2,637,26932.182,72776.000,true
baseline,2,positional_batch_4,2,3050,1692.885,5968.000,true
baseline,2,mybatis_nested,2,2395,1315.073,3464.000,true
baseline,2,named_subquery_structured,2,5869,1706.815,5488.000,true
baseline,2,named_row_in,2,13016,1385.380,4016.000,true
baseline,2,raw_naming_SCREAMING_SNAKE_CASE,2,3209,5314.085,8856.000,true
baseline,2,raw_select_columns,2,25929,784.438,1952.000,true
baseline,2,positional_delete,2,35751,364.963,1504.000,true
baseline,2,mybatis_derived,2,1650,10568.242,17192.000,true
baseline,2,named_repeated_names,2,339,25087.611,64920.000,true
baseline,2,positional_row_in,2,20304,932.535,2624.000,true
baseline,2,mybatis_where_128,2,337,46010.682,61280.000,true
baseline,2,mybatis_late_modifier,2,20498,795.834,2680.000,true
baseline,2,mybatis_where_eq,2,18748,1024.179,2984.000,true
baseline,2,positional_batch_beans,2,1576,3643.528,10464.000,true
baseline,2,named_insert_values,2,14899,1136.627,3048.000,true
baseline,2,positional_update_chain_16,2,1609,6342.635,22360.000,true
baseline,2,positional_naming_UPPER_CAMEL_CASE,2,4170,4430.767,5888.000,true
baseline,2,named_batch_4,2,3060,3651.830,9736.000,true
baseline,2,named_where_128,2,392,47263.520,71280.000,true
baseline,2,positional_in_1024,2,1164,14117.698,28504.000,true
baseline,2,raw_subquery_raw,2,34856,622.283,2272.000,true
baseline,2,named_dialect_MySQL,2,13638,1487.190,4144.000,true
baseline,2,mybatis_select_columns,2,23992,789.563,1952.000,true
baseline,2,mybatis_where_16,2,2902,6092.522,9368.000,true
baseline,2,positional_raw_expression,2,5805,1441.964,2624.000,true
baseline,2,mybatis_insert_placeholders,2,10814,1097.133,2584.000,true
baseline,2,mybatis_union_raw,2,4967,3271.049,5200.000,true
baseline,2,raw_row_in,2,9164,1131.296,3136.000,true
baseline,2,raw_select_star,2,38322,291.806,1424.000,true
baseline,2,mybatis_mixed_literals,2,5174,1393.835,3504.000,true
baseline,2,named_retry_rollback,2,4199,4063.206,8264.000,true
baseline,2,named_update_chain_16,2,600,16333.167,47000.000,true
baseline,2,raw_late_modifier,2,27886,715.223,2480.000,true
baseline,2,named_insert_placeholders,2,6689,1071.535,2920.000,true
baseline,2,raw_in_1024,2,164,76579.268,220248.000,true
baseline,2,raw_where_16,2,3234,5166.759,8840.000,true
baseline,2,named_update_map,2,3003,1635.931,4752.000,true
baseline,2,positional_late_modifier,2,16161,644.546,2360.000,true
baseline,2,positional_derived,2,334,8744.611,15296.000,true
baseline,2,positional_select_columns,2,26331,733.895,1952.000,true
baseline,2,raw_batch_beans,2,2928,6091.872,16896.000,false
baseline,2,mybatis_subquery_raw,2,22721,616.183,2272.000,true
baseline,2,named_condition_only,2,3267,5333.150,9560.000,true
baseline,2,mybatis_in_16,2,3763,1976.482,6512.000,true
baseline,2,raw_delete,2,40468,421.867,1624.000,true
baseline,2,mybatis_row_in,2,4915,1430.234,3704.000,true
baseline,2,named_dialect_Microsoft_SQL_Server,2,9881,1547.536,4320.000,true
baseline,2,named_batch_beans,2,1551,9195.938,26064.000,true
baseline,2,named_in_256,2,701,27564.479,90712.000,true
baseline,2,raw_nested,2,6667,1539.283,3280.000,true
baseline,2,raw_condition_only,2,3940,4584.264,7816.000,true
baseline,2,raw_in_16,2,7057,1693.014,5600.000,true
baseline,2,mybatis_group_order,2,5600,3331.714,7288.000,true
baseline,2,positional_naming_SCREAMING_SNAKE_CASE,2,3796,4295.522,5904.000,true
baseline,2,named_join_on,2,5387,1908.613,4288.000,true
baseline,2,mybatis_in_1024,3,121,99279.339,281472.000,true
baseline,2,named_where_eq,3,18254,999.606,3120.000,true
baseline,2,mybatis_join_on,3,11731,1624.542,4152.000,true
baseline,2,named_in_17,3,8052,2337.556,7888.000,true
baseline,2,mybatis_group_order,3,5600,3733.786,7288.000,true
baseline,2,positional_late_modifier,3,16161,627.950,2360.000,true
baseline,2,mybatis_insert_entity,3,10608,971.107,2456.000,true
baseline,2,mybatis_union_raw,3,4967,3147.977,5200.000,true
baseline,2,named_select_star,3,32687,274.253,1424.000,true
baseline,2,positional_dialect_Oracle,3,13739,1082.248,3496.000,true
baseline,2,raw_insert_entity,3,14909,863.344,2176.000,false
baseline,2,positional_subquery_structured,3,7143,1296.948,4704.000,true
baseline,2,positional_group_order,3,3808,2837.868,6336.000,true
baseline,2,positional_naming_KEBAB_CASE,3,3535,4530.071,5888.000,true
baseline,2,raw_insert_placeholders,3,18599,682.397,1944.000,true
baseline,2,named_union_builder,3,663,10067.270,17272.000,true
baseline,2,named_update_chain_16,3,600,15145.333,47000.000,true
baseline,2,mybatis_where_eq,3,18748,1052.640,2984.000,true
baseline,2,positional_pagination,3,10138,1004.745,3288.000,true
baseline,2,named_dialect_Microsoft_SQL_Server,3,9881,1516.658,4320.000,true
baseline,2,named_dialect_Oracle,3,14290,1315.689,4272.000,true
baseline,2,raw_where_16,3,3234,5105.164,8840.000,true
baseline,2,raw_subquery_structured,3,14886,1400.255,4616.000,true
baseline,2,raw_batch_64,3,667,27019.340,97344.000,false
baseline,2,raw_where_128,3,506,37177.668,56496.000,true
baseline,2,raw_condition_only,3,3940,4895.812,7816.000,true
baseline,2,raw_group_order,3,6702,2978.618,6432.000,true
baseline,2,positional_select_entity,3,37196,559.418,2000.000,true
baseline,2,named_insert_entity,3,14991,960.877,2760.000,true
baseline,2,raw_naming_KEBAB_CASE,3,3794,4990.195,8840.000,true
baseline,2,mybatis_retry_rollback,3,2284,4732.574,7592.000,true
baseline,2,named_retry_rollback,3,4199,4710.669,8264.000,true
baseline,2,mybatis_naming_CAMEL_CASE,3,2632,4980.623,8408.000,true
baseline,2,positional_dialect_DB2,3,8906,1237.065,3544.000,true
baseline,2,raw_naming_UPPER_CAMEL_CASE,3,3729,5252.481,8840.000,true
baseline,2,raw_batch_beans,3,2928,7107.138,16896.000,false
baseline,2,positional_raw_expression,3,5805,1466.029,2624.000,true
baseline,2,mybatis_update_chain_16,3,904,13280.310,39960.000,true
baseline,2,positional_in_256,3,4107,4135.379,9576.000,true
baseline,2,mybatis_in_17,3,4777,2014.067,6752.000,true
baseline,2,raw_late_modifier,3,27886,738.363,2480.000,true
baseline,2,positional_in_1024,3,1164,14724.914,28504.000,true
baseline,2,named_in_16,3,8652,2187.309,7600.000,true
baseline,2,named_subquery_structured,3,5869,1855.546,5488.000,true
baseline,2,raw_in_17,3,9954,1665.160,5816.000,true
baseline,2,raw_mixed_literals,3,5400,1608.389,3192.000,true
baseline,2,positional_in_16,3,22474,818.524,2656.000,true
baseline,2,positional_delete,3,35751,351.330,1504.000,true
baseline,2,mybatis_delete,3,22028,447.753,1832.000,true
baseline,2,mybatis_naming_KEBAB_CASE,3,2375,5745.811,9368.000,true
baseline,2,positional_join_using,3,17613,969.596,3056.000,true
baseline,2,custom_handler_union,3,1170,10001.880,16536.000,true
baseline,2,raw_batch_4,3,7527,2756.105,7584.000,false
baseline,2,named_mixed_literals,3,13149,1421.287,3768.000,true
baseline,2,named_union_raw,3,2769,3262.730,5200.000,true
baseline,2,positional_nested,3,16669,1233.157,2952.000,true
baseline,2,mybatis_subquery_raw,3,22721,695.858,2272.000,true
baseline,2,mybatis_naming_SCREAMING_SNAKE_CASE,3,2287,6029.908,9384.000,true
baseline,2,raw_update_map,3,16046,1403.372,3592.000,false
baseline,2,raw_insert_values,3,16917,980.800,2464.000,false
baseline,2,raw_derived,3,2253,9796.094,15848.000,true
baseline,2,raw_in_1024,3,164,68490.854,220248.000,true
baseline,2,mybatis_repeated_names,3,478,23820.502,55944.000,true
baseline,2,positional_where_16,3,4795,4557.769,5888.000,true
baseline,2,raw_join_using,3,22415,926.161,3176.000,true
baseline,2,named_between,3,10428,1279.536,3800.000,true
baseline,2,named_select_expressions,3,7303,2192.359,2728.000,true
baseline,2,mybatis_condition_only,3,1631,5581.913,8344.000,true
baseline,2,positional_mixed_literals,3,16804,1144.585,2800.000,true
baseline,2,raw_nested,3,6667,1417.759,3280.000,true
baseline,2,positional_join_on,3,6620,1523.625,3832.000,true
baseline,2,positional_union_builder,3,2858,5443.387,9768.000,true
baseline,2,raw_pagination,3,14540,976.155,3400.000,true
baseline,2,raw_update_chain_16,3,2523,8225.486,25448.000,true
baseline,2,named_update_map,3,3003,1702.431,4752.000,true
baseline,2,named_select_columns,3,8748,767.730,1952.000,true
baseline,2,named_raw_expression,3,12586,1425.926,2624.000,true
baseline,2,positional_repeated_names,3,1251,15976.739,30360.000,true
baseline,2,named_dialect_DB2,3,12210,1430.885,4320.000,true
baseline,2,named_naming_NO_CHANGE,3,2485,4730.825,9624.000,true
baseline,2,positional_condition_only,3,5236,3663.369,4872.000,true
baseline,2,mybatis_in_256,3,398,27468.844,72760.000,true
baseline,2,raw_repeated_names,3,648,21224.691,53896.000,true
baseline,2,mybatis_derived,3,1650,10339.879,17192.000,true
baseline,2,positional_row_in,3,20304,904.979,2624.000,true
baseline,2,mybatis_where_128,3,337,44520.772,61280.000,true
baseline,2,named_naming_UPPER_CAMEL_CASE,3,2699,6842.164,10584.000,true
baseline,2,mybatis_select_star,3,80314,261.582,1424.000,true
baseline,2,mybatis_insert_values,3,7919,1272.661,2744.000,true
baseline,2,positional_in_expression,3,4014,4338.964,9760.000,true
baseline,2,raw_join_on,3,12941,1591.214,3952.000,true
baseline,2,positional_insert_entity,3,31993,571.922,1816.000,true
baseline,2,named_late_modifier,3,22267,788.288,2816.000,true
baseline,2,mybatis_raw_expression,3,8844,1496.020,2624.000,true
baseline,2,positional_insert_values,3,16189,849.039,2104.000,true
baseline,2,raw_naming_SCREAMING_SNAKE_CASE,3,3209,5289.311,8856.000,true
baseline,2,named_subquery_raw,3,19914,617.154,2272.000,true
baseline,2,mybatis_batch_beans,3,1141,7307.011,22080.000,true
baseline,2,mybatis_naming_NO_CHANGE,3,3741,5024.886,8408.000,true
baseline,2,positional_update_chain_16,3,1609,6054.133,22360.000,true
baseline,2,raw_naming_CAMEL_CASE,3,5113,4153.706,7880.000,true
baseline,2,named_batch_beans,3,1551,8542.940,26064.000,true
baseline,2,mybatis_select_entity,3,37641,560.219,2000.000,true
baseline,2,positional_batch_64,3,399,18672.180,72176.000,true
baseline,2,named_dialect_MySQL,3,13638,1321.029,4144.000,true
baseline,2,named_dialect_PostgreSQL,3,14036,1433.364,4144.000,true
baseline,2,mybatis_select_columns,3,23992,722.357,1952.000,true
baseline,2,named_where_128,3,392,51079.337,71280.000,true
baseline,2,positional_subquery_raw,3,14338,606.675,2272.000,true
baseline,2,named_batch_4,3,3060,3033.333,9736.000,true
baseline,2,raw_select_expressions,3,10086,1999.524,2728.000,true
baseline,2,positional_in_17,3,17428,893.981,2672.000,true
baseline,2,mybatis_between,3,12634,1306.245,3592.000,true
baseline,2,mybatis_select_expressions,3,6338,2075.655,2728.000,true
baseline,2,mybatis_pagination,3,15437,1180.210,3832.000,true
baseline,2,named_in_expression,3,680,27157.647,90680.000,true
baseline,2,positional_naming_NO_CHANGE,3,6126,3093.650,4928.000,true
baseline,2,raw_in_expression,3,821,19691.108,56616.000,true
baseline,2,positional_naming_SCREAMING_SNAKE_CASE,3,3796,4197.761,5904.000,true
baseline,2,named_group_order,3,2538,3560.599,7688.000,true
baseline,2,mybatis_mixed_literals,3,5174,1625.010,3504.000,true
baseline,2,named_insert_values,3,14899,1052.641,3048.000,true
baseline,2,raw_in_256,3,683,18438.653,56640.000,true
baseline,2,named_join_using,3,7400,911.176,3512.000,true
baseline,2,positional_naming_CAMEL_CASE,3,6021,3125.477,4928.000,true
baseline,2,named_derived,3,654,11389.450,17800.000,true
baseline,2,named_naming_SCREAMING_SNAKE_CASE,3,2900,6073.483,10600.000,true
baseline,2,positional_retry_rollback,3,2818,3361.746,5872.000,true
baseline,2,mybatis_batch_4,3,3930,3014.758,8784.000,true
baseline,2,raw_delete,3,40468,412.729,1624.000,true
baseline,2,mybatis_batch_64,3,100,45335.000,118896.000,true
baseline,2,positional_dialect_Microsoft_SQL_Server,3,12596,1256.780,3544.000,true
baseline,2,raw_between,3,14798,1268.286,3384.000,true
baseline,2,positional_where_eq,3,17326,862.721,2664.000,true
baseline,2,mybatis_insert_placeholders,3,10814,1017.163,2584.000,true
baseline,2,named_naming_CAMEL_CASE,3,4144,4874.710,9624.000,true
baseline,2,raw_in_16,3,7057,1916.211,5600.000,true
baseline,2,raw_union_builder,3,4012,5294.990,10160.000,true
baseline,2,mybatis_update_map,3,7310,1763.735,4224.000,true
baseline,2,raw_naming_NO_CHANGE,3,4088,3830.064,7880.000,true
baseline,2,positional_batch_4,3,3050,1680.033,5968.000,true
baseline,2,custom_handler_where,3,2845,6509.561,10616.000,true
baseline,2,mybatis_in_expression,3,637,23845.840,72776.000,true
baseline,2,named_in_1024,3,140,145279.286,353216.000,true
baseline,2,positional_select_columns,3,26331,806.817,1952.000,true
baseline,2,positional_between,3,18356,1119.334,3056.000,true
baseline,2,raw_select_star,3,38322,314.196,1424.000,true
baseline,2,raw_retry_rollback,3,5968,3625.050,6376.000,true
baseline,2,named_pagination,3,9170,1304.776,4072.000,true
baseline,2,named_where_16,3,635,5758.583,10584.000,true
baseline,2,named_condition_only,3,3267,5365.840,9560.000,true
baseline,2,named_batch_64,3,441,37560.317,134912.000,true
baseline,2,named_delete,3,18773,444.782,1960.000,true
baseline,2,positional_derived,3,334,8742.216,15296.000,true
baseline,2,mybatis_naming_UPPER_CAMEL_CASE,3,3227,6156.399,9368.000,true
baseline,2,raw_raw_expression,3,13650,1509.172,2624.000,true
baseline,2,positional_dialect_MySQL,3,18932,985.353,3360.000,true
baseline,2,mybatis_subquery_structured,3,10615,1743.429,5256.000,true
baseline,2,mybatis_in_16,3,3763,1993.542,6512.000,true
baseline,2,positional_where_128,3,636,32710.535,32808.000,true
baseline,2,mybatis_join_using,3,18854,917.853,3376.000,true
baseline,2,raw_where_eq,3,9484,992.704,2784.000,true
baseline,2,raw_union_raw,3,6500,3158.831,5200.000,true
baseline,2,positional_batch_beans,3,1576,3123.921,10464.000,true
baseline,2,named_nested,3,10352,1420.547,3648.000,true
baseline,2,positional_dialect_PostgreSQL,3,16011,1081.400,3360.000,true
baseline,2,raw_select_entity,3,25967,521.670,2000.000,true
baseline,2,mybatis_nested,3,2395,1647.265,3464.000,true
baseline,2,positional_select_expressions,3,3827,2027.567,2728.000,true
baseline,2,named_naming_KEBAB_CASE,3,2708,6485.598,10584.000,true
baseline,2,named_select_entity,3,15689,519.428,2000.000,true
baseline,2,mybatis_late_modifier,3,20498,772.997,2680.000,true
baseline,2,named_row_in,3,13016,1388.576,4016.000,true
baseline,2,positional_update_map,3,9759,1015.032,3024.000,true
baseline,2,raw_select_columns,3,25929,827.055,1952.000,true
baseline,2,raw_row_in,3,9164,1160.672,3136.000,true
baseline,2,mybatis_where_16,3,2902,6038.008,9368.000,true
baseline,2,mybatis_row_in,3,4915,1531.699,3704.000,true
baseline,2,named_in_256,3,701,26706.277,90712.000,true
baseline,2,named_insert_placeholders,3,6689,1201.914,2920.000,true
baseline,2,named_join_on,3,5387,1647.800,4288.000,true
baseline,2,named_repeated_names,3,339,28216.814,64920.000,true
baseline,2,positional_insert_placeholders,3,14704,730.026,1944.000,true
baseline,2,positional_naming_UPPER_CAMEL_CASE,3,4170,4307.434,5888.000,true
baseline,2,positional_select_star,3,82781,292.432,1424.000,true
baseline,2,raw_subquery_raw,3,34856,666.387,2272.000,true
baseline,2,positional_union_raw,3,3124,3856.146,5200.000,true
baseline,2,mybatis_union_builder,3,747,11419.277,16696.000,true
baseline,2,positional_in_16,4,22474,832.847,2656.000,true
baseline,2,named_dialect_MySQL,4,13638,1326.067,4144.000,true
baseline,2,named_join_using,4,7400,1064.554,3512.000,true
baseline,2,named_in_expression,4,680,29976.765,90680.000,true
baseline,2,raw_repeated_names,4,648,23440.741,53896.000,true
baseline,2,positional_raw_expression,4,5805,1437.847,2624.000,true
baseline,2,named_select_star,4,32687,289.889,1424.000,true
baseline,2,mybatis_subquery_structured,4,10615,1603.382,5256.000,true
baseline,2,positional_insert_values,4,16189,914.825,2104.000,true
baseline,2,mybatis_batch_64,4,100,35457.000,118896.000,true
baseline,2,mybatis_insert_values,4,7919,1077.093,2744.000,true
baseline,2,named_insert_entity,4,14991,930.712,2760.000,true
baseline,2,raw_where_16,4,3234,5182.808,8840.000,true
baseline,2,positional_join_using,4,17613,886.027,3056.000,true
baseline,2,positional_batch_64,4,399,16722.556,72176.000,true
baseline,2,positional_insert_placeholders,4,14704,677.863,1944.000,true
baseline,2,mybatis_retry_rollback,4,2284,4580.079,7592.000,true
baseline,2,named_in_17,4,8052,2249.876,7888.000,true
baseline,2,named_batch_beans,4,1551,8848.227,26064.000,true
baseline,2,positional_repeated_names,4,1251,17989.129,30360.000,true
baseline,2,named_union_raw,4,2769,3824.088,5200.000,true
baseline,2,positional_select_columns,4,26331,828.453,1952.000,true
baseline,2,positional_select_expressions,4,3827,2363.104,2728.000,true
baseline,2,mybatis_in_17,4,4777,2901.947,6752.000,true
baseline,2,named_batch_64,4,441,38119.728,134912.000,true
baseline,2,mybatis_join_using,4,18854,961.642,3376.000,true
baseline,2,raw_insert_values,4,16917,1340.285,2464.000,false
baseline,2,named_join_on,4,5387,1740.022,4288.000,true
baseline,2,named_repeated_names,4,339,29048.083,64920.000,true
baseline,2,named_update_chain_16,4,600,15909.333,47000.000,true
baseline,2,mybatis_update_chain_16,4,904,14275.442,39960.000,true
baseline,2,raw_group_order,4,6702,3228.484,6432.000,true
baseline,2,mybatis_repeated_names,4,478,25280.126,55944.000,true
baseline,2,named_raw_expression,4,12586,1578.452,2624.000,true
baseline,2,mybatis_condition_only,4,1631,5277.928,8344.000,true
baseline,2,mybatis_union_raw,4,4967,3260.016,5200.000,true
baseline,2,mybatis_group_order,4,5600,3813.071,7288.000,true
baseline,2,raw_naming_CAMEL_CASE,4,5113,4202.327,7880.000,true
baseline,2,positional_dialect_DB2,4,8906,1204.256,3544.000,true
baseline,2,raw_naming_KEBAB_CASE,4,3794,6044.070,8840.000,true
baseline,2,mybatis_where_128,4,337,47044.807,61280.000,true
baseline,2,named_naming_SCREAMING_SNAKE_CASE,4,2900,6520.241,10600.000,true
baseline,2,mybatis_update_map,4,7310,1875.007,4224.000,true
baseline,2,positional_batch_beans,4,1576,3541.180,10464.000,true
baseline,2,named_insert_placeholders,4,6689,1204.829,2920.000,true
baseline,2,positional_row_in,4,20304,959.653,2624.000,true
baseline,2,positional_in_1024,4,1164,14216.409,28504.000,true
baseline,2,named_union_builder,4,663,11334.992,17272.000,true
baseline,2,raw_where_128,4,506,41023.123,56496.000,true
baseline,2,named_delete,4,18773,501.651,1960.000,true
baseline,2,raw_pagination,4,14540,968.494,3400.000,true
baseline,2,raw_in_256,4,683,20287.994,56640.000,true
baseline,2,named_dialect_DB2,4,12210,1318.903,4320.000,true
baseline,2,raw_in_16,4,7057,1716.126,5600.000,true
baseline,2,mybatis_naming_KEBAB_CASE,4,2375,6055.705,9368.000,true
baseline,2,named_in_256,4,701,28599.572,90712.000,true
baseline,2,raw_select_columns,4,25929,816.090,1952.000,true
baseline,2,positional_update_chain_16,4,1609,5645.245,22360.000,true
baseline,2,mybatis_naming_CAMEL_CASE,4,2632,4855.471,8408.000,true
baseline,2,mybatis_pagination,4,15437,1182.937,3832.000,true
baseline,2,mybatis_late_modifier,4,20498,780.135,2680.000,true
baseline,2,raw_batch_beans,4,2928,6344.296,16896.000,false
baseline,2,raw_union_builder,4,4012,5915.902,10160.000,true
baseline,2,positional_naming_NO_CHANGE,4,6126,3191.430,4928.000,true
baseline,2,mybatis_in_expression,4,637,26649.922,72776.000,true
baseline,2,mybatis_batch_4,4,3930,3114.275,8784.000,true
baseline,2,mybatis_raw_expression,4,8844,2050.090,2624.000,true
baseline,2,raw_row_in,4,9164,1189.317,3136.000,true
baseline,2,raw_naming_UPPER_CAMEL_CASE,4,3729,5387.530,8840.000,true
baseline,2,raw_retry_rollback,4,5968,3565.483,6376.000,true
baseline,2,named_where_16,4,635,5900.630,10584.000,true
baseline,2,positional_retry_rollback,4,2818,2601.348,5872.000,true
baseline,2,positional_subquery_structured,4,7143,1636.693,4704.000,true
baseline,2,raw_union_raw,4,6500,3574.169,5200.000,true
baseline,2,mybatis_subquery_raw,4,22721,622.138,2272.000,true
baseline,2,positional_in_17,4,17428,800.488,2672.000,true
baseline,2,positional_join_on,4,6620,1716.405,3832.000,true
baseline,2,positional_dialect_Oracle,4,13739,988.871,3496.000,true
baseline,2,named_derived,4,654,10124.924,17800.000,true
baseline,2,raw_mixed_literals,4,5400,1574.019,3192.000,true
baseline,2,raw_join_on,4,12941,1594.769,3952.000,true
baseline,2,raw_derived,4,2253,11933.866,15848.000,true
baseline,2,named_naming_UPPER_CAMEL_CASE,4,2699,6695.702,10584.000,true
baseline,2,mybatis_where_16,4,2902,6578.429,9368.000,true
baseline,2,mybatis_where_eq,4,18748,1290.602,2984.000,true
baseline,2,raw_insert_entity,4,14909,942.236,2176.000,false
baseline,2,positional_naming_UPPER_CAMEL_CASE,4,4170,5022.398,5888.000,true
baseline,2,positional_naming_CAMEL_CASE,4,6021,3485.600,4928.000,true
baseline,2,named_dialect_PostgreSQL,4,14036,1545.996,4144.000,true
baseline,2,positional_delete,4,35751,391.497,1504.000,true
baseline,2,mybatis_select_entity,4,37641,756.946,2000.000,true
baseline,2,positional_batch_4,4,3050,2649.377,5968.000,true
baseline,2,mybatis_select_star,4,80314,374.037,1424.000,true
baseline,2,named_select_columns,4,8748,1108.996,1952.000,true
baseline,2,positional_union_raw,4,3124,4521.543,5200.000,true
baseline,2,mybatis_insert_placeholders,4,10814,1203.680,2584.000,true
baseline,2,mybatis_derived,4,1650,14912.424,17192.000,true
baseline,2,raw_condition_only,4,3940,5760.000,7816.000,true
baseline,2,raw_subquery_structured,4,14886,1693.161,4616.000,true
baseline,2,positional_derived,4,334,11166.168,15296.000,true
baseline,2,named_insert_values,4,14899,1153.675,3048.000,true
baseline,2,named_in_1024,4,140,134606.429,353216.000,true
baseline,2,positional_select_entity,4,37196,741.768,2000.000,true
baseline,2,mybatis_naming_UPPER_CAMEL_CASE,4,3227,6743.012,9368.000,true
baseline,2,raw_where_eq,4,9484,1053.016,2784.000,true
baseline,2,named_nested,4,10352,1441.857,3648.000,true
baseline,2,custom_handler_where,4,2845,6683.620,10616.000,true
baseline,2,named_naming_KEBAB_CASE,4,2708,6653.434,10584.000,true
baseline,2,named_subquery_raw,4,19914,646.068,2272.000,true
baseline,2,mybatis_batch_beans,4,1141,7528.834,22080.000,true
baseline,2,named_row_in,4,13016,1530.409,4016.000,true
baseline,2,mybatis_in_1024,4,121,115494.215,281472.000,true
baseline,2,positional_dialect_PostgreSQL,4,16011,1179.689,3360.000,true
baseline,2,positional_subquery_raw,4,14338,598.793,2272.000,true
baseline,2,raw_select_star,4,38322,331.426,1424.000,true
baseline,2,mybatis_select_expressions,4,6338,2760.618,2728.000,true
baseline,2,named_batch_4,4,3060,4787.974,9736.000,true
baseline,2,named_subquery_structured,4,5869,3685.619,5488.000,true
baseline,2,raw_nested,4,6667,2336.853,3280.000,true
baseline,2,mybatis_delete,4,22028,650.254,1832.000,true
baseline,2,named_select_expressions,4,7303,3544.420,2728.000,true
baseline,2,mybatis_nested,4,2395,2243.591,3464.000,true
baseline,2,mybatis_insert_entity,4,10608,1167.157,2456.000,true
baseline,2,mybatis_mixed_literals,4,5174,1891.998,3504.000,true
baseline,2,mybatis_row_in,4,4915,2288.138,3704.000,true
baseline,2,mybatis_between,4,12634,2598.132,3592.000,true
baseline,2,named_dialect_Oracle,4,14290,2287.782,4272.000,true
baseline,2,named_retry_rollback,4,4199,7705.859,8264.000,true
baseline,2,named_late_modifier,4,22267,1439.790,2816.000,true
baseline,2,mybatis_join_on,4,11731,3339.204,4152.000,true
baseline,2,raw_naming_NO_CHANGE,4,4088,7585.983,7880.000,true
baseline,2,named_mixed_literals,4,13149,2317.758,3768.000,true
baseline,2,named_where_128,4,392,59892.857,71280.000,true
baseline,2,named_in_16,4,8652,2747.573,7600.000,true
baseline,2,named_dialect_Microsoft_SQL_Server,4,9881,2476.703,4320.000,true
baseline,2,raw_in_17,4,9954,3307.655,5816.000,true
baseline,2,mybatis_union_builder,4,747,24619.679,16696.000,true
baseline,2,custom_handler_union,4,1170,19231.368,16536.000,true
baseline,2,positional_group_order,4,3808,6768.041,6336.000,true
baseline,2,raw_update_map,4,16046,2804.101,3592.000,false
baseline,2,mybatis_in_256,4,398,38383.417,72760.000,true
baseline,2,positional_select_star,4,82781,447.233,1424.000,true
baseline,2,raw_raw_expression,4,13650,2429.890,2624.000,true
baseline,2,positional_dialect_Microsoft_SQL_Server,4,12596,1862.298,3544.000,true
baseline,2,named_naming_CAMEL_CASE,4,4144,6035.931,9624.000,true
baseline,2,raw_select_entity,4,25967,955.047,2000.000,true
baseline,2,named_between,4,10428,1824.060,3800.000,true
baseline,2,raw_insert_placeholders,4,18599,1077.445,1944.000,true
baseline,2,mybatis_select_columns,4,23992,1131.423,1952.000,true
baseline,2,positional_where_16,4,4795,9795.704,5888.000,true
baseline,2,positional_nested,4,16669,1490.083,2952.000,true
baseline,2,positional_dialect_MySQL,4,18932,1190.091,3360.000,true
baseline,2,raw_late_modifier,4,27886,845.094,2480.000,true
baseline,2,raw_delete,4,40468,656.022,1624.000,true
baseline,2,positional_where_eq,4,17326,1870.893,2664.000,true
baseline,2,named_select_entity,4,15689,907.821,2000.000,true
baseline,2,named_pagination,4,9170,1909.629,4072.000,true
baseline,2,positional_pagination,4,10138,1274.798,3288.000,true
baseline,2,positional_union_builder,4,2858,8790.588,9768.000,true
baseline,2,raw_in_expression,4,821,28774.665,56616.000,true
baseline,2,raw_in_1024,4,164,87809.756,220248.000,true
baseline,2,raw_select_expressions,4,10086,4041.979,2728.000,true
baseline,2,named_group_order,4,2538,8705.398,7688.000,true
baseline,2,positional_where_128,4,636,60176.887,32808.000,true
baseline,2,mybatis_naming_SCREAMING_SNAKE_CASE,4,2287,12486.839,9384.000,true
baseline,2,raw_subquery_raw,4,34856,1286.946,2272.000,true
baseline,2,positional_between,4,18356,1750.512,3056.000,true
baseline,2,named_naming_NO_CHANGE,4,2485,7408.451,9624.000,true
baseline,2,named_condition_only,4,3267,8439.241,9560.000,true
baseline,2,positional_naming_SCREAMING_SNAKE_CASE,4,3796,5408.456,5904.000,true
baseline,2,raw_join_using,4,22415,1300.116,3176.000,true
baseline,2,positional_late_modifier,4,16161,836.248,2360.000,true
baseline,2,named_where_eq,4,18254,1721.798,3120.000,true
baseline,2,positional_mixed_literals,4,16804,2379.814,2800.000,true
baseline,2,raw_between,4,14798,2327.274,3384.000,true
baseline,2,raw_batch_4,4,7527,4341.411,7584.000,false
baseline,2,raw_naming_SCREAMING_SNAKE_CASE,4,3209,11281.957,8856.000,true
baseline,2,positional_in_expression,4,4014,8014.524,9760.000,true
baseline,2,positional_insert_entity,4,31993,1492.323,1816.000,true
baseline,2,positional_in_256,4,4107,7776.114,9576.000,true
baseline,2,raw_batch_64,4,667,59902.849,97344.000,false
baseline,2,mybatis_naming_NO_CHANGE,4,3741,10811.574,8408.000,true
baseline,2,positional_condition_only,4,5236,6818.277,4872.000,true
baseline,2,raw_update_chain_16,4,2523,15397.979,25448.000,true
baseline,2,positional_naming_KEBAB_CASE,4,3535,9310.863,5888.000,true
baseline,2,positional_update_map,4,9759,2626.232,3024.000,true
baseline,2,mybatis_in_16,4,3763,4058.623,6512.000,true
baseline,2,named_update_map,4,3003,3219.614,4752.000,true
baseline,2,positional_update_chain_16,5,1609,12754.444,22360.000,true
baseline,2,named_update_chain_16,5,600,39094.167,47000.000,true
baseline,2,positional_subquery_structured,5,7143,2243.973,4704.000,true
baseline,2,named_pagination,5,9170,2107.306,4072.000,true
baseline,2,positional_mixed_literals,5,16804,2414.003,2800.000,true
baseline,2,raw_repeated_names,5,648,41599.074,53896.000,true
baseline,2,raw_union_builder,5,4012,11247.433,10160.000,true
baseline,2,raw_raw_expression,5,13650,3303.524,2624.000,true
baseline,2,positional_select_columns,5,26331,1263.093,1952.000,true
baseline,2,mybatis_join_using,5,18854,1879.214,3376.000,true
baseline,2,mybatis_repeated_names,5,478,54344.351,55944.000,true
baseline,2,named_subquery_raw,5,19914,1052.847,2272.000,true
baseline,2,positional_nested,5,16669,2599.820,2952.000,true
baseline,2,mybatis_between,5,12634,2947.325,3592.000,true
baseline,2,raw_where_eq,5,9484,2956.748,2784.000,true
baseline,2,named_in_1024,5,140,265434.286,353216.000,true
baseline,2,positional_derived,5,334,19942.216,15296.000,true
baseline,2,raw_in_1024,5,164,182350.610,220248.000,true
baseline,2,named_between,5,10428,3611.460,3800.000,true
baseline,2,raw_naming_NO_CHANGE,5,4088,12027.911,7880.000,true
baseline,2,positional_subquery_raw,5,14338,1063.384,2272.000,true
baseline,2,raw_between,5,14798,2450.378,3384.000,true
baseline,2,positional_select_star,5,82781,560.182,1424.000,true
baseline,2,mybatis_in_256,5,398,40888.191,72760.000,true
baseline,2,named_dialect_DB2,5,12210,3435.479,4320.000,true
baseline,2,named_mixed_literals,5,13149,3302.373,3768.000,true
baseline,2,positional_in_16,5,22474,1946.965,2656.000,true
baseline,2,named_insert_entity,5,14991,1752.138,2760.000,true
baseline,2,mybatis_insert_values,5,7919,2114.926,2744.000,true
baseline,2,positional_naming_CAMEL_CASE,5,6021,8676.599,4928.000,true
baseline,2,raw_insert_placeholders,5,18599,2422.318,1944.000,true
baseline,2,positional_in_17,5,17428,2233.842,2672.000,true
baseline,2,raw_nested,5,6667,3075.296,3280.000,true
baseline,2,positional_update_map,5,9759,3333.989,3024.000,true
baseline,2,named_naming_CAMEL_CASE,5,4144,13822.201,9624.000,true
baseline,2,named_insert_placeholders,5,6689,3331.978,2920.000,true
baseline,2,raw_union_raw,5,6500,8146.969,5200.000,true
baseline,2,positional_dialect_MySQL,5,18932,2499.540,3360.000,true
baseline,2,raw_batch_64,5,667,63906.297,97344.000,false
baseline,2,named_in_16,5,8652,5010.113,7600.000,true
baseline,2,mybatis_naming_SCREAMING_SNAKE_CASE,5,2287,12919.545,9384.000,true
baseline,2,raw_where_128,5,506,83420.356,56496.000,true
baseline,2,mybatis_batch_64,5,100,69295.000,118896.000,true
baseline,2,mybatis_insert_placeholders,5,10814,2128.796,2584.000,true
baseline,2,named_batch_64,5,441,96337.415,134912.000,true
baseline,2,named_retry_rollback,5,4199,13504.263,8264.000,true
baseline,2,positional_union_raw,5,3124,7451.152,5200.000,true
baseline,2,raw_in_17,5,9954,4216.044,5816.000,true
baseline,2,raw_naming_KEBAB_CASE,5,3794,14707.749,8840.000,true
baseline,2,raw_mixed_literals,5,5400,4879.926,3192.000,true
baseline,2,raw_in_expression,5,821,80392.570,56616.000,true
baseline,2,named_batch_4,5,3060,11251.765,9736.000,true
baseline,2,mybatis_naming_CAMEL_CASE,5,2632,23086.132,8408.000,true
baseline,2,positional_batch_64,5,399,43240.100,72176.000,true
baseline,2,mybatis_select_star,5,80314,570.409,1424.000,true
baseline,2,named_dialect_Oracle,5,14290,5984.801,4272.000,true
baseline,2,named_insert_values,5,14899,3476.804,3048.000,true
baseline,2,positional_naming_NO_CHANGE,5,6126,8248.808,4928.000,true
baseline,2,positional_join_using,5,17613,2171.016,3056.000,true
baseline,2,raw_join_using,5,22415,2137.756,3176.000,true
baseline,2,named_select_star,5,32687,746.104,1424.000,true
baseline,2,named_in_256,5,701,74229.815,90712.000,true
baseline,2,positional_in_expression,5,4014,9261.086,9760.000,true
baseline,2,raw_group_order,5,6702,5905.118,6432.000,true
baseline,2,named_select_expressions,5,7303,5963.659,2728.000,true
baseline,2,raw_condition_only,5,3940,34328.020,7816.000,true
baseline,2,raw_retry_rollback,5,5968,15320.928,6376.000,true
baseline,2,mybatis_condition_only,5,1631,14684.181,8344.000,true
baseline,2,mybatis_pagination,5,15437,3369.716,3832.000,true
baseline,2,positional_where_eq,5,17326,3049.406,2664.000,true
baseline,2,positional_raw_expression,5,5805,3557.812,2624.000,true
baseline,2,named_raw_expression,5,12586,3073.447,2624.000,true
baseline,2,mybatis_derived,5,1650,23847.576,17192.000,true
baseline,2,named_update_map,5,3003,3199.634,4752.000,true
baseline,2,named_join_using,5,7400,1595.284,3512.000,true
baseline,2,positional_join_on,5,6620,1900.317,3832.000,true
baseline,2,named_naming_UPPER_CAMEL_CASE,5,2699,8888.144,10584.000,true
baseline,2,mybatis_nested,5,2395,1734.154,3464.000,true
baseline,2,positional_batch_beans,5,1576,4134.581,10464.000,true
baseline,2,mybatis_select_expressions,5,6338,3577.422,2728.000,true
baseline,2,positional_retry_rollback,5,2818,4079.205,5872.000,true
baseline,2,positional_between,5,18356,1786.549,3056.000,true
baseline,2,positional_dialect_Oracle,5,13739,1810.707,3496.000,true
baseline,2,named_batch_beans,5,1551,10509.929,26064.000,true
baseline,2,named_delete,5,18773,753.508,1960.000,true
baseline,2,mybatis_in_16,5,3763,2618.629,6512.000,true
baseline,2,mybatis_union_builder,5,747,14915.663,16696.000,true
baseline,2,mybatis_subquery_raw,5,22721,1077.536,2272.000,true
baseline,2,raw_join_on,5,12941,2860.274,3952.000,true
baseline,2,raw_naming_CAMEL_CASE,5,5113,6667.651,7880.000,true
baseline,2,positional_pagination,5,10138,2129.601,3288.000,true
baseline,2,positional_naming_SCREAMING_SNAKE_CASE,5,3796,8840.569,5904.000,true
baseline,2,mybatis_where_eq,5,18748,2295.498,2984.000,true
baseline,2,named_union_builder,5,663,18334.540,17272.000,true
baseline,2,named_dialect_Microsoft_SQL_Server,5,9881,3843.214,4320.000,true
baseline,2,mybatis_retry_rollback,5,2284,9085.683,7592.000,true
baseline,2,named_group_order,5,2538,8372.222,7688.000,true
baseline,2,mybatis_naming_KEBAB_CASE,5,2375,13182.779,9368.000,true
baseline,2,custom_handler_union,5,1170,28409.744,16536.000,true
baseline,2,mybatis_late_modifier,5,20498,1878.091,2680.000,true
baseline,2,raw_late_modifier,5,27886,1561.952,2480.000,true
baseline,2,positional_union_builder,5,2858,10645.731,9768.000,true
baseline,2,named_union_raw,5,2769,7084.001,5200.000,true
baseline,2,positional_repeated_names,5,1251,29405.036,30360.000,true
baseline,2,mybatis_mixed_literals,5,5174,2455.218,3504.000,true
baseline,2,raw_in_256,5,683,34653.587,56640.000,true
baseline,2,positional_condition_only,5,5236,6134.186,4872.000,true
baseline,2,mybatis_join_on,5,11731,3338.709,4152.000,true
baseline,2,mybatis_union_raw,5,4967,6857.600,5200.000,true
baseline,2,raw_update_chain_16,5,2523,16791.597,25448.000,true
baseline,2,mybatis_insert_entity,5,10608,2192.590,2456.000,true
baseline,2,raw_subquery_raw,5,34856,1382.419,2272.000,true
baseline,2,positional_naming_UPPER_CAMEL_CASE,5,4170,11304.532,5888.000,true
baseline,2,named_select_columns,5,8748,1797.817,1952.000,true
baseline,2,raw_update_map,5,16046,3214.720,3592.000,false
baseline,2,positional_batch_4,5,3050,5266.525,5968.000,true
baseline,2,positional_insert_values,5,16189,1915.955,2104.000,true
baseline,2,positional_insert_entity,5,31993,2004.632,1816.000,true
baseline,2,named_join_on,5,5387,3285.539,4288.000,true
baseline,2,mybatis_row_in,5,4915,3044.252,3704.000,true
baseline,2,mybatis_select_columns,5,23992,2404.518,1952.000,true
baseline,2,named_select_entity,5,15689,1222.468,2000.000,true
baseline,2,raw_naming_UPPER_CAMEL_CASE,5,3729,13874.551,8840.000,true
baseline,2,raw_insert_values,5,16917,2814.382,2464.000,false
baseline,2,positional_insert_placeholders,5,14704,1875.313,1944.000,true
baseline,2,named_in_expression,5,680,67790.147,90680.000,true
baseline,2,named_derived,5,654,28026.758,17800.000,true
baseline,2,raw_select_expressions,5,10086,4853.936,2728.000,true
baseline,2,named_in_17,5,8052,6226.093,7888.000,true
baseline,2,mybatis_select_entity,5,37641,1442.456,2000.000,true
baseline,2,raw_pagination,5,14540,5820.413,3400.000,true
baseline,2,named_where_16,5,635,22158.268,10584.000,true
baseline,2,raw_in_16,5,7057,5679.581,5600.000,true
baseline,2,mybatis_naming_NO_CHANGE,5,3741,12582.518,8408.000,true
baseline,2,positional_late_modifier,5,16161,2666.357,2360.000,true
baseline,2,mybatis_update_map,5,7310,4575.896,4224.000,true
baseline,2,positional_dialect_PostgreSQL,5,16011,2876.091,3360.000,true
baseline,2,named_nested,5,10352,3287.355,3648.000,true
baseline,2,mybatis_where_16,5,2902,20636.699,9368.000,true
baseline,2,custom_handler_where,5,2845,14223.128,10616.000,true
baseline,2,named_where_128,5,392,127159.184,71280.000,true
baseline,2,named_naming_NO_CHANGE,5,2485,14472.636,9624.000,true
baseline,2,raw_select_columns,5,25929,2340.017,1952.000,true
baseline,2,raw_delete,5,40468,1033.367,1624.000,true
baseline,2,named_where_eq,5,18254,3324.258,3120.000,true
baseline,2,mybatis_delete,5,22028,2046.659,1832.000,true
baseline,2,raw_select_entity,5,25967,2108.599,2000.000,true
baseline,2,positional_select_expressions,5,3827,5692.475,2728.000,true
baseline,2,named_naming_KEBAB_CASE,5,2708,33268.316,10584.000,true
baseline,2,mybatis_subquery_structured,5,10615,7260.471,5256.000,true
baseline,2,named_dialect_PostgreSQL,5,14036,5569.842,4144.000,true
baseline,2,positional_in_1024,5,1164,41226.890,28504.000,true
baseline,2,positional_row_in,5,20304,4129.280,2624.000,true
baseline,2,named_naming_SCREAMING_SNAKE_CASE,5,2900,15577.241,10600.000,true
baseline,2,named_subquery_structured,5,5869,4177.696,5488.000,true
baseline,2,mybatis_in_1024,5,121,324368.595,281472.000,true
baseline,2,mybatis_batch_beans,5,1141,18511.919,22080.000,true
baseline,2,raw_naming_SCREAMING_SNAKE_CASE,5,3209,15300.686,8856.000,true
baseline,2,positional_where_128,5,636,76704.560,32808.000,true
baseline,2,positional_dialect_Microsoft_SQL_Server,5,12596,3378.096,3544.000,true
baseline,2,positional_group_order,5,3808,13290.126,6336.000,true
baseline,2,mybatis_in_17,5,4777,5097.216,6752.000,true
baseline,2,mybatis_in_expression,5,637,82505.338,72776.000,true
baseline,2,positional_delete,5,35751,852.376,1504.000,true
baseline,2,raw_derived,5,2253,25399.423,15848.000,true
baseline,2,raw_insert_entity,5,14909,2110.745,2176.000,false
baseline,2,raw_batch_4,5,7527,5636.788,7584.000,false
baseline,2,mybatis_where_128,5,337,110020.178,61280.000,true
baseline,2,mybatis_batch_4,5,3930,5258.982,8784.000,true
baseline,2,mybatis_group_order,5,5600,8239.839,7288.000,true
baseline,2,named_row_in,5,13016,6582.867,4016.000,true
baseline,2,named_dialect_MySQL,5,13638,4172.269,4144.000,true
baseline,2,named_late_modifier,5,22267,1616.756,2816.000,true
baseline,2,raw_row_in,5,9164,2098.625,3136.000,true
baseline,2,positional_select_entity,5,37196,1032.544,2000.000,true
baseline,2,named_repeated_names,5,339,49139.823,64920.000,true
baseline,2,mybatis_update_chain_16,5,904,23453.872,39960.000,true
baseline,2,mybatis_naming_UPPER_CAMEL_CASE,5,3227,13330.369,9368.000,true
baseline,2,mybatis_raw_expression,5,8844,3716.791,2624.000,true
baseline,2,named_condition_only,5,3267,11666.973,9560.000,true
baseline,2,positional_naming_KEBAB_CASE,5,3535,9363.281,5888.000,true
baseline,2,positional_dialect_DB2,5,8906,2318.572,3544.000,true
baseline,2,raw_subquery_structured,5,14886,2858.330,4616.000,true
baseline,2,positional_in_256,5,4107,8418.042,9576.000,true
baseline,2,raw_where_16,5,3234,9776.747,8840.000,true
baseline,2,raw_select_star,5,38322,583.834,1424.000,true
baseline,2,raw_batch_beans,5,2928,10134.563,16896.000,false
baseline,2,positional_where_16,5,4795,7163.545,5888.000,true
baseline,2,raw_in_expression,6,821,31657.734,56616.000,true
baseline,2,raw_insert_values,6,16917,1719.909,2464.000,false
baseline,2,positional_delete,6,35751,733.157,1504.000,true
baseline,2,mybatis_in_256,6,398,53738.191,72760.000,true
baseline,2,named_mixed_literals,6,13149,2969.427,3768.000,true
baseline,2,positional_dialect_MySQL,6,18932,2455.963,3360.000,true
baseline,2,mybatis_union_builder,6,747,22784.605,16696.000,true
baseline,2,positional_in_1024,6,1164,19499.570,28504.000,true
baseline,2,named_batch_64,6,441,52158.277,134912.000,true
baseline,2,named_delete,6,18773,618.356,1960.000,true
baseline,2,positional_batch_beans,6,1576,5891.751,10464.000,true
baseline,2,positional_dialect_DB2,6,8906,1213.294,3544.000,true
baseline,2,positional_subquery_raw,6,14338,638.611,2272.000,true
baseline,2,raw_delete,6,40468,427.637,1624.000,true
baseline,2,mybatis_row_in,6,4915,1318.962,3704.000,true
baseline,2,mybatis_naming_SCREAMING_SNAKE_CASE,6,2287,6195.146,9384.000,true
baseline,2,named_naming_UPPER_CAMEL_CASE,6,2699,6058.688,10584.000,true
baseline,2,raw_naming_KEBAB_CASE,6,3794,5337.586,8840.000,true
baseline,2,named_select_columns,6,8748,859.934,1952.000,true
baseline,2,positional_in_17,6,17428,867.455,2672.000,true
baseline,2,raw_in_17,6,9954,1769.419,5816.000,true
baseline,2,named_in_expression,6,680,27218.382,90680.000,true
baseline,2,mybatis_insert_entity,6,10608,884.012,2456.000,true
baseline,2,named_dialect_PostgreSQL,6,14036,1426.090,4144.000,true
baseline,2,named_where_16,6,635,6156.220,10584.000,true
baseline,2,raw_union_builder,6,4012,5794.965,10160.000,true
baseline,2,mybatis_insert_placeholders,6,10814,1052.608,2584.000,true
baseline,2,positional_in_16,6,22474,1094.901,2656.000,true
baseline,2,positional_select_entity,6,37196,690.916,2000.000,true
baseline,2,named_between,6,10428,1330.341,3800.000,true
baseline,2,positional_mixed_literals,6,16804,1256.094,2800.000,true
baseline,2,positional_between,6,18356,1048.159,3056.000,true
baseline,2,positional_select_expressions,6,3827,2527.985,2728.000,true
baseline,2,raw_naming_SCREAMING_SNAKE_CASE,6,3209,6059.520,8856.000,true
baseline,2,positional_late_modifier,6,16161,707.506,2360.000,true
baseline,2,mybatis_join_on,6,11731,1814.023,4152.000,true
baseline,2,mybatis_delete,6,22028,521.795,1832.000,true
baseline,2,named_in_16,6,8652,1994.394,7600.000,true
baseline,2,raw_join_using,6,22415,970.056,3176.000,true
baseline,2,mybatis_join_using,6,18854,1520.537,3376.000,true
baseline,2,named_naming_CAMEL_CASE,6,4144,5987.307,9624.000,true
baseline,2,positional_naming_CAMEL_CASE,6,6021,3572.131,4928.000,true
baseline,2,positional_join_on,6,6620,1775.468,3832.000,true
baseline,2,raw_repeated_names,6,648,26296.296,53896.000,true
baseline,2,named_where_128,6,392,53005.102,71280.000,true
baseline,2,raw_condition_only,6,3940,5072.234,7816.000,true
baseline,2,raw_subquery_raw,6,34856,650.577,2272.000,true
baseline,2,raw_where_16,6,3234,5997.805,8840.000,true
baseline,2,raw_batch_64,6,667,35100.450,97344.000,false
baseline,2,positional_insert_placeholders,6,14704,765.751,1944.000,true
baseline,2,raw_union_raw,6,6500,3466.523,5200.000,true
baseline,2,mybatis_where_128,6,337,49056.083,61280.000,true
baseline,2,named_insert_placeholders,6,6689,1255.853,2920.000,true
baseline,2,raw_late_modifier,6,27886,787.894,2480.000,true
baseline,2,positional_dialect_Oracle,6,13739,1117.629,3496.000,true
baseline,2,mybatis_select_expressions,6,6338,2708.425,2728.000,true
baseline,2,mybatis_select_columns,6,23992,843.023,1952.000,true
baseline,2,named_dialect_Oracle,6,14290,1567.166,4272.000,true
baseline,2,mybatis_in_16,6,3763,2345.177,6512.000,true
baseline,2,named_repeated_names,6,339,30802.655,64920.000,true
baseline,2,raw_retry_rollback,6,5968,4311.779,6376.000,true
baseline,2,mybatis_union_raw,6,4967,3612.724,5200.000,true
baseline,2,raw_where_128,6,506,41171.937,56496.000,true
baseline,2,named_batch_4,6,3060,3166.732,9736.000,true
baseline,2,mybatis_naming_CAMEL_CASE,6,2632,5369.377,8408.000,true
baseline,2,mybatis_batch_4,6,3930,3757.812,8784.000,true
baseline,2,named_dialect_DB2,6,12210,1542.293,4320.000,true
baseline,2,mybatis_repeated_names,6,478,26739.331,55944.000,true
baseline,2,raw_select_expressions,6,10086,2585.951,2728.000,true
baseline,2,mybatis_batch_beans,6,1141,9177.651,22080.000,true
baseline,2,named_row_in,6,13016,1506.953,4016.000,true
baseline,2,mybatis_nested,6,2395,1601.879,3464.000,true
baseline,2,raw_batch_4,6,7527,2714.641,7584.000,false
baseline,2,mybatis_late_modifier,6,20498,792.668,2680.000,true
baseline,2,raw_insert_placeholders,6,18599,704.844,1944.000,true
baseline,2,positional_union_raw,6,3124,4161.524,5200.000,true
baseline,2,positional_batch_4,6,3050,2153.213,5968.000,true
baseline,2,named_union_builder,6,663,11725.792,17272.000,true
baseline,2,positional_dialect_Microsoft_SQL_Server,6,12596,1305.200,3544.000,true
baseline,2,named_insert_entity,6,14991,981.509,2760.000,true
baseline,2,named_update_chain_16,6,600,16533.833,47000.000,true
baseline,2,raw_update_chain_16,6,2523,8643.559,25448.000,true
baseline,2,mybatis_naming_NO_CHANGE,6,3741,5616.386,8408.000,true
baseline,2,positional_where_16,6,4795,4669.093,5888.000,true
baseline,2,positional_update_map,6,9759,1154.155,3024.000,true
baseline,2,mybatis_update_chain_16,6,904,24584.956,39960.000,true
baseline,2,named_naming_KEBAB_CASE,6,2708,7231.647,10584.000,true
baseline,2,mybatis_select_star,6,80314,369.335,1424.000,true
baseline,2,mybatis_subquery_raw,6,22721,636.473,2272.000,true
baseline,2,mybatis_naming_UPPER_CAMEL_CASE,6,3227,7968.206,9368.000,true
baseline,2,mybatis_insert_values,6,7919,1129.511,2744.000,true
baseline,2,named_union_raw,6,2769,3790.683,5200.000,true
baseline,2,mybatis_in_17,6,4777,2336.801,6752.000,true
baseline,2,positional_where_eq,6,17326,1020.420,2664.000,true
baseline,2,mybatis_pagination,6,15437,1398.905,3832.000,true
baseline,2,named_late_modifier,6,22267,838.559,2816.000,true
baseline,2,positional_insert_values,6,16189,822.064,2104.000,true
baseline,2,positional_naming_NO_CHANGE,6,6126,4171.384,4928.000,true
baseline,2,positional_where_128,6,636,32697.642,32808.000,true
baseline,2,raw_mixed_literals,6,5400,1458.963,3192.000,true
baseline,2,named_dialect_MySQL,6,13638,1357.142,4144.000,true
baseline,2,raw_select_columns,6,25929,813.587,1952.000,true
baseline,2,positional_naming_UPPER_CAMEL_CASE,6,4170,5244.341,5888.000,true
baseline,2,raw_in_256,6,683,20404.832,56640.000,true
baseline,2,named_naming_NO_CHANGE,6,2485,5867.284,9624.000,true
baseline,2,mybatis_naming_KEBAB_CASE,6,2375,7407.453,9368.000,true
baseline,2,raw_where_eq,6,9484,1021.204,2784.000,true
baseline,2,raw_pagination,6,14540,1310.268,3400.000,true
baseline,2,named_group_order,6,2538,6369.307,7688.000,true
baseline,2,mybatis_in_expression,6,637,46680.220,72776.000,true
baseline,2,positional_repeated_names,6,1251,19707.354,30360.000,true
baseline,2,named_update_map,6,3003,2153.047,4752.000,true
baseline,2,named_subquery_structured,6,5869,1959.414,5488.000,true
baseline,2,raw_naming_CAMEL_CASE,6,5113,4098.083,7880.000,true
baseline,2,positional_nested,6,16669,1230.494,2952.000,true
baseline,2,positional_join_using,6,17613,856.521,3056.000,true
baseline,2,custom_handler_union,6,1170,10869.145,16536.000,true
baseline,2,positional_raw_expression,6,5805,1460.241,2624.000,true
baseline,2,raw_naming_UPPER_CAMEL_CASE,6,3729,5556.342,8840.000,true
baseline,2,named_raw_expression,6,12586,1848.030,2624.000,true
baseline,2,positional_select_star,6,82781,284.656,1424.000,true
baseline,2,raw_update_map,6,16046,1471.220,3592.000,false
baseline,2,named_retry_rollback,6,4199,4132.127,8264.000,true
baseline,2,positional_row_in,6,20304,963.022,2624.000,true
baseline,2,positional_derived,6,334,8827.246,15296.000,true
baseline,2,positional_in_expression,6,4014,4145.416,9760.000,true
baseline,2,positional_condition_only,6,5236,3698.606,4872.000,true
baseline,2,named_in_17,6,8052,2330.986,7888.000,true
baseline,2,named_subquery_raw,6,19914,606.764,2272.000,true
baseline,2,raw_insert_entity,6,14909,1137.876,2176.000,false
baseline,2,positional_subquery_structured,6,7143,1500.378,4704.000,true
baseline,2,mybatis_where_eq,6,18748,1178.968,2984.000,true
baseline,2,positional_in_256,6,4107,4605.211,9576.000,true
baseline,2,positional_batch_64,6,399,20164.411,72176.000,true
baseline,2,raw_derived,6,2253,9981.358,15848.000,true
baseline,2,mybatis_batch_64,6,100,35281.000,118896.000,true
baseline,2,mybatis_mixed_literals,6,5174,1786.374,3504.000,true
baseline,2,raw_between,6,14798,1399.196,3384.000,true
baseline,2,named_insert_values,6,14899,1202.893,3048.000,true
baseline,2,named_condition_only,6,3267,5874.839,9560.000,true
baseline,2,raw_raw_expression,6,13650,1615.971,2624.000,true
baseline,2,named_select_entity,6,15689,516.802,2000.000,true
baseline,2,named_join_using,6,7400,1006.405,3512.000,true
baseline,2,positional_dialect_PostgreSQL,6,16011,1093.879,3360.000,true
baseline,2,named_where_eq,6,18254,1086.589,3120.000,true
baseline,2,raw_subquery_structured,6,14886,1499.241,4616.000,true
baseline,2,custom_handler_where,6,2845,6461.582,10616.000,true
baseline,2,positional_naming_KEBAB_CASE,6,3535,4483.055,5888.000,true
baseline,2,positional_union_builder,6,2858,5807.943,9768.000,true
baseline,2,named_derived,6,654,10866.208,17800.000,true
baseline,2,mybatis_select_entity,6,37641,634.226,2000.000,true
baseline,2,named_batch_beans,6,1551,8266.667,26064.000,true
baseline,2,positional_select_columns,6,26331,846.174,1952.000,true
baseline,2,named_in_1024,6,140,120017.143,353216.000,true
baseline,2,named_nested,6,10352,1410.607,3648.000,true
baseline,2,raw_in_16,6,7057,1868.726,5600.000,true
baseline,2,raw_row_in,6,9164,1174.356,3136.000,true
baseline,2,positional_retry_rollback,6,2818,2839.070,5872.000,true
baseline,2,mybatis_derived,6,1650,10690.667,17192.000,true
baseline,2,positional_pagination,6,10138,1052.782,3288.000,true
baseline,2,mybatis_condition_only,6,1631,5235.684,8344.000,true
baseline,2,positional_group_order,6,3808,2993.015,6336.000,true
baseline,2,mybatis_between,6,12634,1363.598,3592.000,true
baseline,2,named_in_256,6,701,28553.780,90712.000,true
baseline,2,raw_naming_NO_CHANGE,6,4088,3897.407,7880.000,true
baseline,2,named_pagination,6,9170,1301.581,4072.000,true
baseline,2,named_dialect_Microsoft_SQL_Server,6,9881,1512.215,4320.000,true
baseline,2,raw_select_star,6,38322,346.349,1424.000,true
baseline,2,mybatis_in_1024,6,121,100051.240,281472.000,true
baseline,2,mybatis_retry_rollback,6,2284,3907.706,7592.000,true
baseline,2,mybatis_update_map,6,7310,1529.973,4224.000,true
baseline,2,raw_batch_beans,6,2928,6426.093,16896.000,false
baseline,2,positional_naming_SCREAMING_SNAKE_CASE,6,3796,4267.176,5904.000,true
baseline,2,mybatis_subquery_structured,6,10615,1710.900,5256.000,true
baseline,2,raw_select_entity,6,25967,520.176,2000.000,true
baseline,2,mybatis_raw_expression,6,8844,1489.609,2624.000,true
baseline,2,mybatis_group_order,6,5600,3589.571,7288.000,true
baseline,2,mybatis_where_16,6,2902,5940.696,9368.000,true
baseline,2,raw_in_1024,6,164,79812.195,220248.000,true
baseline,2,raw_join_on,6,12941,1626.536,3952.000,true
baseline,2,named_select_expressions,6,7303,2109.681,2728.000,true
baseline,2,positional_insert_entity,6,31993,589.995,1816.000,true
baseline,2,raw_group_order,6,6702,3225.157,6432.000,true
baseline,2,named_join_on,6,5387,1652.961,4288.000,true
baseline,2,raw_nested,6,6667,1384.701,3280.000,true
baseline,2,named_select_star,6,32687,264.542,1424.000,true
baseline,2,named_naming_SCREAMING_SNAKE_CASE,6,2900,6599.759,10600.000,true
baseline,2,positional_update_chain_16,6,1609,6013.797,22360.000,true
baseline,2,mybatis_where_eq,7,18748,1031.550,2984.000,true
baseline,2,raw_in_256,7,683,17420.498,56640.000,true
baseline,2,mybatis_nested,7,2395,1323.466,3464.000,true
baseline,2,mybatis_union_builder,7,747,10477.912,16696.000,true
baseline,2,mybatis_batch_4,7,3930,3023.715,8784.000,true
baseline,2,raw_naming_SCREAMING_SNAKE_CASE,7,3209,5073.792,8856.000,true
baseline,2,positional_naming_NO_CHANGE,7,6126,3508.962,4928.000,true
baseline,2,named_in_17,7,8052,2212.121,7888.000,true
baseline,2,raw_select_expressions,7,10086,2167.053,2728.000,true
baseline,2,named_in_expression,7,680,29713.824,90680.000,true
baseline,2,positional_delete,7,35751,379.086,1504.000,true
baseline,2,positional_raw_expression,7,5805,1606.270,2624.000,true
baseline,2,raw_join_on,7,12941,1600.920,3952.000,true
baseline,2,named_in_16,7,8652,2284.258,7600.000,true
baseline,2,mybatis_subquery_raw,7,22721,599.080,2272.000,true
baseline,2,raw_delete,7,40468,389.560,1624.000,true
baseline,2,named_in_1024,7,140,120820.714,353216.000,true
baseline,2,raw_between,7,14798,1254.055,3384.000,true
baseline,2,mybatis_retry_rollback,7,2284,4093.958,7592.000,true
baseline,2,positional_insert_values,7,16189,801.056,2104.000,true
baseline,2,positional_derived,7,334,9180.240,15296.000,true
baseline,2,mybatis_row_in,7,4915,1507.630,3704.000,true
baseline,2,named_mixed_literals,7,13149,1443.973,3768.000,true
baseline,2,named_dialect_Oracle,7,14290,1346.403,4272.000,true
baseline,2,mybatis_group_order,7,5600,3484.554,7288.000,true
baseline,2,raw_repeated_names,7,648,23012.191,53896.000,true
baseline,2,mybatis_naming_CAMEL_CASE,7,2632,4725.608,8408.000,true
baseline,2,named_union_builder,7,663,11759.276,17272.000,true
baseline,2,positional_where_16,7,4795,4155.454,5888.000,true
baseline,2,mybatis_select_columns,7,23992,779.531,1952.000,true
baseline,2,named_naming_KEBAB_CASE,7,2708,6374.778,10584.000,true
baseline,2,positional_dialect_PostgreSQL,7,16011,1082.506,3360.000,true
baseline,2,positional_condition_only,7,5236,3637.357,4872.000,true
baseline,2,raw_subquery_raw,7,34856,605.878,2272.000,true
baseline,2,named_row_in,7,13016,1384.388,4016.000,true
baseline,2,positional_insert_entity,7,31993,582.915,1816.000,true
baseline,2,positional_row_in,7,20304,972.498,2624.000,true
baseline,2,mybatis_where_16,7,2902,5750.379,9368.000,true
baseline,2,raw_naming_CAMEL_CASE,7,5113,4295.032,7880.000,true
baseline,2,positional_in_1024,7,1164,15025.086,28504.000,true
baseline,2,named_select_columns,7,8748,731.310,1952.000,true
baseline,2,raw_in_1024,7,164,76548.780,220248.000,true
baseline,2,raw_union_builder,7,4012,5443.769,10160.000,true
baseline,2,mybatis_in_256,7,398,27838.945,72760.000,true
baseline,2,positional_select_columns,7,26331,763.989,1952.000,true
baseline,2,raw_in_17,7,9954,1757.575,5816.000,true
baseline,2,named_naming_SCREAMING_SNAKE_CASE,7,2900,6494.621,10600.000,true
baseline,2,raw_batch_4,7,7527,2378.677,7584.000,false
baseline,2,named_insert_placeholders,7,6689,1142.921,2920.000,true
baseline,2,positional_where_128,7,636,33425.157,32808.000,true
baseline,2,positional_select_expressions,7,3827,2015.338,2728.000,true
baseline,2,named_select_star,7,32687,313.134,1424.000,true
baseline,2,named_update_chain_16,7,600,14954.333,47000.000,true
baseline,2,named_naming_CAMEL_CASE,7,4144,5033.229,9624.000,true
baseline,2,mybatis_select_entity,7,37641,583.590,2000.000,true
baseline,2,positional_naming_UPPER_CAMEL_CASE,7,4170,4852.518,5888.000,true
baseline,2,positional_naming_SCREAMING_SNAKE_CASE,7,3796,4356.481,5904.000,true
baseline,2,named_join_using,7,7400,1022.378,3512.000,true
baseline,2,mybatis_insert_placeholders,7,10814,1060.385,2584.000,true
baseline,2,mybatis_naming_NO_CHANGE,7,3741,4644.320,8408.000,true
baseline,2,mybatis_naming_KEBAB_CASE,7,2375,5807.621,9368.000,true
baseline,2,raw_mixed_literals,7,5400,1555.037,3192.000,true
baseline,2,raw_naming_NO_CHANGE,7,4088,4054.868,7880.000,true
baseline,2,named_dialect_MySQL,7,13638,1322.606,4144.000,true
baseline,2,raw_retry_rollback,7,5968,3108.881,6376.000,true
baseline,2,mybatis_in_expression,7,637,25155.887,72776.000,true
baseline,2,raw_select_entity,7,25967,523.541,2000.000,true
baseline,2,mybatis_insert_values,7,7919,1092.625,2744.000,true
baseline,2,raw_naming_KEBAB_CASE,7,3794,4982.077,8840.000,true
baseline,2,named_where_eq,7,18254,991.503,3120.000,true
baseline,2,mybatis_join_on,7,11731,1657.727,4152.000,true
baseline,2,positional_batch_beans,7,1576,3825.952,10464.000,true
baseline,2,named_subquery_structured,7,5869,1591.140,5488.000,true
baseline,2,mybatis_naming_SCREAMING_SNAKE_CASE,7,2287,5825.273,9384.000,true
baseline,2,positional_select_entity,7,37196,551.557,2000.000,true
baseline,2,raw_late_modifier,7,27886,703.539,2480.000,true
baseline,2,raw_group_order,7,6702,3076.380,6432.000,true
baseline,2,named_insert_entity,7,14991,813.775,2760.000,true
baseline,2,mybatis_derived,7,1650,10728.788,17192.000,true
baseline,2,raw_insert_entity,7,14909,760.541,2176.000,false
baseline,2,named_union_raw,7,2769,3685.952,5200.000,true
baseline,2,raw_join_using,7,22415,944.832,3176.000,true
baseline,2,raw_select_star,7,38322,308.901,1424.000,true
baseline,2,named_where_16,7,635,5841.417,10584.000,true
baseline,2,mybatis_raw_expression,7,8844,1810.007,2624.000,true
baseline,2,named_naming_UPPER_CAMEL_CASE,7,2699,6423.787,10584.000,true
baseline,2,positional_naming_CAMEL_CASE,7,6021,3217.605,4928.000,true
baseline,2,positional_dialect_DB2,7,8906,1036.077,3544.000,true
baseline,2,raw_batch_64,7,667,28514.693,97344.000,false
baseline,2,raw_where_16,7,3234,5145.331,8840.000,true
baseline,2,raw_pagination,7,14540,938.418,3400.000,true
baseline,2,positional_join_using,7,17613,829.552,3056.000,true
baseline,2,raw_update_chain_16,7,2523,7908.205,25448.000,true
baseline,2,mybatis_update_chain_16,7,904,13982.633,39960.000,true
baseline,2,positional_in_17,7,17428,929.424,2672.000,true
baseline,2,named_select_entity,7,15689,538.180,2000.000,true
baseline,2,raw_batch_beans,7,2928,6476.981,16896.000,false
baseline,2,named_naming_NO_CHANGE,7,2485,5068.491,9624.000,true
baseline,2,positional_group_order,7,3808,2962.789,6336.000,true
baseline,2,named_join_on,7,5387,1859.309,4288.000,true
baseline,2,mybatis_between,7,12634,1313.107,3592.000,true
baseline,2,named_dialect_DB2,7,12210,1502.883,4320.000,true
baseline,2,positional_dialect_Microsoft_SQL_Server,7,12596,1247.356,3544.000,true
baseline,2,named_repeated_names,7,339,30668.437,64920.000,true
baseline,2,mybatis_late_modifier,7,20498,740.199,2680.000,true
baseline,2,positional_union_raw,7,3124,3643.054,5200.000,true
baseline,2,named_between,7,10428,1390.909,3800.000,true
baseline,2,raw_update_map,7,16046,1331.964,3592.000,false
baseline,2,positional_repeated_names,7,1251,15461.711,30360.000,true
baseline,2,mybatis_select_expressions,7,6338,2179.047,2728.000,true
baseline,2,positional_union_builder,7,2858,5171.728,9768.000,true
baseline,2,raw_nested,7,6667,1222.349,3280.000,true
baseline,2,named_in_256,7,701,29131.669,90712.000,true
baseline,2,positional_between,7,18356,1117.874,3056.000,true
baseline,2,positional_in_16,7,22474,833.688,2656.000,true
baseline,2,raw_select_columns,7,25929,745.864,1952.000,true
baseline,2,named_raw_expression,7,12586,1604.036,2624.000,true
baseline,2,raw_in_16,7,7057,1704.478,5600.000,true
baseline,2,custom_handler_union,7,1170,11017.265,16536.000,true
baseline,2,raw_insert_values,7,16917,1051.989,2464.000,false
baseline,2,positional_dialect_MySQL,7,18932,1247.660,3360.000,true
baseline,2,custom_handler_where,7,2845,6108.963,10616.000,true
baseline,2,positional_insert_placeholders,7,14704,731.134,1944.000,true
baseline,2,mybatis_in_1024,7,121,111464.463,281472.000,true
baseline,2,named_nested,7,10352,1363.340,3648.000,true
baseline,2,raw_in_expression,7,821,19901.705,56616.000,true
baseline,2,mybatis_union_raw,7,4967,3928.649,5200.000,true
baseline,2,positional_naming_KEBAB_CASE,7,3535,4579.321,5888.000,true
baseline,2,positional_update_chain_16,7,1609,6140.522,22360.000,true
baseline,2,named_batch_4,7,3060,3027.778,9736.000,true
baseline,2,positional_subquery_raw,7,14338,624.641,2272.000,true
baseline,2,named_condition_only,7,3267,5680.931,9560.000,true
baseline,2,mybatis_repeated_names,7,478,27116.109,55944.000,true
baseline,2,raw_where_128,7,506,43138.933,56496.000,true
baseline,2,positional_batch_4,7,3050,1946.852,5968.000,true
baseline,2,named_derived,7,654,11225.382,17800.000,true
baseline,2,mybatis_in_16,7,3763,2321.260,6512.000,true
baseline,2,raw_derived,7,2253,10594.851,15848.000,true
baseline,2,raw_condition_only,7,3940,5274.061,7816.000,true
baseline,2,positional_update_map,7,9759,1222.584,3024.000,true
baseline,2,named_delete,7,18773,465.312,1960.000,true
baseline,2,positional_retry_rollback,7,2818,3543.790,5872.000,true
baseline,2,positional_batch_64,7,399,20983.459,72176.000,true
baseline,2,positional_select_star,7,82781,329.322,1424.000,true
baseline,2,named_dialect_Microsoft_SQL_Server,7,9881,1856.766,4320.000,true
baseline,2,raw_subquery_structured,7,14886,1535.221,4616.000,true
baseline,2,mybatis_update_map,7,7310,1753.871,4224.000,true
baseline,2,mybatis_condition_only,7,1631,5849.847,8344.000,true
baseline,2,positional_subquery_structured,7,7143,1614.238,4704.000,true
baseline,2,raw_naming_UPPER_CAMEL_CASE,7,3729,5695.548,8840.000,true
baseline,2,mybatis_join_using,7,18854,1088.034,3376.000,true
baseline,2,named_subquery_raw,7,19914,708.723,2272.000,true
baseline,2,named_dialect_PostgreSQL,7,14036,2061.079,4144.000,true
baseline,2,positional_dialect_Oracle,7,13739,1216.464,3496.000,true
baseline,2,named_batch_64,7,441,39006.576,134912.000,true
baseline,2,positional_pagination,7,10138,1038.962,3288.000,true
baseline,2,named_late_modifier,7,22267,857.808,2816.000,true
baseline,2,mybatis_mixed_literals,7,5174,1556.629,3504.000,true
baseline,2,positional_in_256,7,4107,5046.969,9576.000,true
baseline,2,positional_join_on,7,6620,1694.184,3832.000,true
baseline,2,positional_nested,7,16669,1357.424,2952.000,true
baseline,2,named_where_128,7,392,49688.010,71280.000,true
baseline,2,raw_insert_placeholders,7,18599,778.386,1944.000,true
baseline,2,named_retry_rollback,7,4199,4651.036,8264.000,true
baseline,2,mybatis_delete,7,22028,534.679,1832.000,true
baseline,2,mybatis_subquery_structured,7,10615,1941.997,5256.000,true
baseline,2,named_select_expressions,7,7303,2372.641,2728.000,true
baseline,2,mybatis_pagination,7,15437,1363.665,3832.000,true
baseline,2,mybatis_in_17,7,4777,2334.771,6752.000,true
baseline,2,positional_where_eq,7,17326,997.420,2664.000,true
baseline,2,positional_in_expression,7,4014,4987.494,9760.000,true
baseline,2,raw_union_raw,7,6500,3647.385,5200.000,true
baseline,2,positional_mixed_literals,7,16804,1327.767,2800.000,true
baseline,2,mybatis_naming_UPPER_CAMEL_CASE,7,3227,6842.392,9368.000,true
baseline,2,mybatis_insert_entity,7,10608,956.589,2456.000,true
baseline,2,named_pagination,7,9170,1435.965,4072.000,true
baseline,2,mybatis_where_128,7,337,48175.074,61280.000,true
baseline,2,positional_late_modifier,7,16161,698.564,2360.000,true
baseline,2,mybatis_batch_64,7,100,36607.000,118896.000,true
baseline,2,named_batch_beans,7,1551,10606.899,26064.000,true
baseline,2,named_group_order,7,2538,4527.029,7688.000,true
baseline,2,raw_where_eq,7,9484,1134.669,2784.000,true
baseline,2,named_update_map,7,3003,1879.787,4752.000,true
baseline,2,named_insert_values,7,14899,1226.264,3048.000,true
baseline,2,raw_row_in,7,9164,1261.851,3136.000,true
baseline,2,mybatis_batch_beans,7,1141,7407.450,22080.000,true
baseline,2,raw_raw_expression,7,13650,1760.425,2624.000,true
baseline,2,mybatis_select_star,7,80314,278.127,1424.000,true
baseline,2,named_derived,8,654,11844.343,17800.000,true
baseline,2,raw_union_builder,8,4012,6264.731,10160.000,true
baseline,2,named_union_builder,8,663,12528.205,17272.000,true
baseline,2,raw_in_17,8,9954,2072.674,5816.000,true
baseline,2,named_insert_placeholders,8,6689,1304.231,2920.000,true
baseline,2,positional_in_1024,8,1164,15077.062,28504.000,true
baseline,2,mybatis_insert_values,8,7919,1293.825,2744.000,true
baseline,2,raw_in_expression,8,821,19280.999,56616.000,true
baseline,2,positional_subquery_structured,8,7143,1662.229,4704.000,true
baseline,2,raw_naming_CAMEL_CASE,8,5113,4369.490,7880.000,true
baseline,2,mybatis_subquery_raw,8,22721,648.277,2272.000,true
baseline,2,positional_retry_rollback,8,2818,3214.620,5872.000,true
baseline,2,raw_subquery_structured,8,14886,1512.744,4616.000,true
baseline,2,raw_group_order,8,6702,3273.739,6432.000,true
baseline,2,positional_dialect_DB2,8,8906,1259.870,3544.000,true
baseline,2,raw_late_modifier,8,27886,789.740,2480.000,true
baseline,2,mybatis_nested,8,2395,1424.008,3464.000,true
baseline,2,named_update_chain_16,8,600,15981.000,47000.000,true
baseline,2,positional_select_star,8,82781,353.695,1424.000,true
baseline,2,positional_row_in,8,20304,995.759,2624.000,true
baseline,2,raw_raw_expression,8,13650,1655.040,2624.000,true
baseline,2,raw_update_map,8,16046,1476.274,3592.000,false
baseline,2,raw_join_using,8,22415,974.990,3176.000,true
baseline,2,mybatis_join_on,8,11731,1846.927,4152.000,true
baseline,2,positional_batch_64,8,399,17774.937,72176.000,true
baseline,2,mybatis_in_16,8,3763,2403.534,6512.000,true
baseline,2,named_dialect_Oracle,8,14290,1449.762,4272.000,true
baseline,2,positional_nested,8,16669,1197.378,2952.000,true
baseline,2,named_row_in,8,13016,1417.117,4016.000,true
baseline,2,mybatis_batch_4,8,3930,5041.654,8784.000,true
baseline,2,raw_where_eq,8,9484,1168.790,2784.000,true
baseline,2,named_in_17,8,8052,3618.840,7888.000,true
baseline,2,positional_delete,8,35751,391.754,1504.000,true
baseline,2,mybatis_naming_UPPER_CAMEL_CASE,8,3227,7677.905,9368.000,true
baseline,2,positional_insert_entity,8,31993,699.140,1816.000,true
baseline,2,mybatis_condition_only,8,1631,5857.020,8344.000,true
baseline,2,mybatis_repeated_names,8,478,27809.414,55944.000,true
baseline,2,raw_update_chain_16,8,2523,8973.880,25448.000,true
baseline,2,custom_handler_union,8,1170,11056.581,16536.000,true
baseline,2,positional_dialect_MySQL,8,18932,1100.898,3360.000,true
baseline,2,raw_mixed_literals,8,5400,1497.778,3192.000,true
baseline,2,named_naming_UPPER_CAMEL_CASE,8,2699,6767.099,10584.000,true
baseline,2,mybatis_join_using,8,18854,1057.134,3376.000,true
baseline,2,named_in_16,8,8652,2377.300,7600.000,true
baseline,2,named_select_columns,8,8748,1265.569,1952.000,true
baseline,2,named_naming_NO_CHANGE,8,2485,5488.773,9624.000,true
baseline,2,named_union_raw,8,2769,3779.740,5200.000,true
baseline,2,positional_derived,8,334,9664.970,15296.000,true
baseline,2,raw_nested,8,6667,1351.492,3280.000,true
baseline,2,positional_in_16,8,22474,897.192,2656.000,true
baseline,2,mybatis_subquery_structured,8,10615,1764.202,5256.000,true
baseline,2,mybatis_mixed_literals,8,5174,1837.920,3504.000,true
baseline,2,positional_join_on,8,6620,1622.553,3832.000,true
baseline,2,positional_dialect_Microsoft_SQL_Server,8,12596,1403.985,3544.000,true
baseline,2,raw_batch_beans,8,2928,7001.434,16896.000,false
baseline,2,named_join_using,8,7400,1015.622,3512.000,true
baseline,2,raw_select_expressions,8,10086,2432.560,2728.000,true
baseline,2,positional_pagination,8,10138,1080.410,3288.000,true
baseline,2,named_where_128,8,392,68541.582,71280.000,true
baseline,2,positional_dialect_PostgreSQL,8,16011,1187.977,3360.000,true
baseline,2,positional_update_chain_16,8,1609,7348.850,22360.000,true
baseline,2,raw_where_16,8,3234,5929.994,8840.000,true
baseline,2,mybatis_between,8,12634,1720.271,3592.000,true
baseline,2,mybatis_union_builder,8,747,18051.807,16696.000,true
baseline,2,raw_between,8,14798,1411.975,3384.000,true
baseline,2,raw_insert_values,8,16917,1445.481,2464.000,false
baseline,2,positional_repeated_names,8,1251,18748.122,30360.000,true
baseline,2,named_repeated_names,8,339,32366.667,64920.000,true
baseline,2,positional_in_expression,8,4014,4553.986,9760.000,true
baseline,2,named_mixed_literals,8,13149,1767.671,3768.000,true
baseline,2,raw_derived,8,2253,10602.796,15848.000,true
baseline,2,positional_join_using,8,17613,1100.596,3056.000,true
baseline,2,mybatis_in_17,8,4777,2753.381,6752.000,true
baseline,2,mybatis_raw_expression,8,8844,1872.693,2624.000,true
baseline,2,named_select_entity,8,15689,672.962,2000.000,true
baseline,2,positional_naming_NO_CHANGE,8,6126,3774.110,4928.000,true
baseline,2,named_in_1024,8,140,124945.000,353216.000,true
baseline,2,positional_late_modifier,8,16161,725.277,2360.000,true
baseline,2,positional_raw_expression,8,5805,1802.877,2624.000,true
baseline,2,raw_select_star,8,38322,330.366,1424.000,true
baseline,2,named_naming_KEBAB_CASE,8,2708,7279.838,10584.000,true
baseline,2,named_in_expression,8,680,33027.941,90680.000,true
baseline,2,named_subquery_structured,8,5869,2018.777,5488.000,true
baseline,2,raw_insert_placeholders,8,18599,896.769,1944.000,true
baseline,2,raw_in_16,8,7057,1969.293,5600.000,true
baseline,2,named_subquery_raw,8,19914,720.840,2272.000,true
baseline,2,named_where_16,8,635,6832.441,10584.000,true
baseline,2,positional_in_256,8,4107,4497.273,9576.000,true
baseline,2,mybatis_naming_CAMEL_CASE,8,2632,5565.160,8408.000,true
baseline,2,mybatis_group_order,8,5600,4537.607,7288.000,true
baseline,2,mybatis_in_expression,8,637,31333.438,72776.000,true
baseline,2,named_condition_only,8,3267,7346.985,9560.000,true
baseline,2,named_select_star,8,32687,594.215,1424.000,true
baseline,2,positional_where_16,8,4795,5066.236,5888.000,true
baseline,2,raw_repeated_names,8,648,26332.716,53896.000,true
baseline,2,mybatis_union_raw,8,4967,4698.369,5200.000,true
baseline,2,named_retry_rollback,8,4199,4636.604,8264.000,true
baseline,2,named_where_eq,8,18254,1499.249,3120.000,true
baseline,2,raw_row_in,8,9164,1747.665,3136.000,true
baseline,2,raw_in_1024,8,164,82457.927,220248.000,true
baseline,2,raw_condition_only,8,3940,6980.660,7816.000,true
baseline,2,positional_naming_CAMEL_CASE,8,6021,5226.325,4928.000,true
baseline,2,custom_handler_where,8,2845,6920.211,10616.000,true
baseline,2,positional_select_expressions,8,3827,2173.295,2728.000,true
baseline,2,named_dialect_DB2,8,12210,1473.702,4320.000,true
baseline,2,mybatis_derived,8,1650,11314.061,17192.000,true
baseline,2,raw_retry_rollback,8,5968,4214.125,6376.000,true
baseline,2,raw_select_entity,8,25967,613.844,2000.000,true
baseline,2,mybatis_late_modifier,8,20498,921.792,2680.000,true
baseline,2,positional_batch_beans,8,1576,3714.086,10464.000,true
baseline,2,raw_union_raw,8,6500,3781.615,5200.000,true
baseline,2,positional_union_raw,8,3124,3481.594,5200.000,true
baseline,2,mybatis_retry_rollback,8,2284,5333.056,7592.000,true
baseline,2,mybatis_insert_entity,8,10608,867.638,2456.000,true
baseline,2,mybatis_delete,8,22028,508.580,1832.000,true
baseline,2,raw_where_128,8,506,38651.383,56496.000,true
baseline,2,positional_naming_KEBAB_CASE,8,3535,4383.593,5888.000,true
baseline,2,named_naming_CAMEL_CASE,8,4144,5651.400,9624.000,true
baseline,2,mybatis_row_in,8,4915,1348.667,3704.000,true
baseline,2,positional_union_builder,8,2858,5734.780,9768.000,true
baseline,2,named_join_on,8,5387,1771.617,4288.000,true
baseline,2,positional_update_map,8,9759,1235.629,3024.000,true
baseline,2,positional_batch_4,8,3050,1959.115,5968.000,true
baseline,2,raw_pagination,8,14540,1037.359,3400.000,true
baseline,2,mybatis_naming_SCREAMING_SNAKE_CASE,8,2287,6568.824,9384.000,true
baseline,2,mybatis_where_eq,8,18748,1282.371,2984.000,true
baseline,2,mybatis_insert_placeholders,8,10814,1469.484,2584.000,true
baseline,2,raw_in_256,8,683,21220.644,56640.000,true
baseline,2,named_late_modifier,8,22267,836.206,2816.000,true
baseline,2,raw_batch_64,8,667,27523.238,97344.000,false
baseline,2,mybatis_select_entity,8,37641,597.032,2000.000,true
baseline,2,mybatis_naming_KEBAB_CASE,8,2375,6934.021,9368.000,true
baseline,2,named_batch_beans,8,1551,8132.173,26064.000,true
baseline,2,mybatis_in_256,8,398,28757.286,72760.000,true
baseline,2,positional_select_columns,8,26331,796.920,1952.000,true
baseline,2,named_nested,8,10352,1536.408,3648.000,true
baseline,2,named_update_map,8,3003,2645.921,4752.000,true
baseline,2,raw_select_columns,8,25929,881.669,1952.000,true
baseline,2,raw_naming_KEBAB_CASE,8,3794,6436.953,8840.000,true
baseline,2,mybatis_update_chain_16,8,904,15016.150,39960.000,true
baseline,2,raw_naming_SCREAMING_SNAKE_CASE,8,3209,5730.508,8856.000,true
baseline,2,mybatis_in_1024,8,121,110686.777,281472.000,true
baseline,2,mybatis_select_columns,8,23992,818.052,1952.000,true
baseline,2,positional_subquery_raw,8,14338,645.906,2272.000,true
baseline,2,mybatis_select_star,8,80314,297.770,1424.000,true
baseline,2,positional_in_17,8,17428,860.070,2672.000,true
baseline,2,mybatis_batch_64,8,100,36334.000,118896.000,true
baseline,2,mybatis_pagination,8,15437,1232.740,3832.000,true
baseline,2,positional_between,8,18356,1257.278,3056.000,true
baseline,2,positional_insert_values,8,16189,831.589,2104.000,true
baseline,2,named_insert_values,8,14899,1190.489,3048.000,true
baseline,2,mybatis_where_128,8,337,51940.950,61280.000,true
baseline,2,mybatis_where_16,8,2902,6884.459,9368.000,true
baseline,2,named_batch_4,8,3060,3030.000,9736.000,true
baseline,2,named_insert_entity,8,14991,938.903,2760.000,true
baseline,2,positional_where_128,8,636,42098.585,32808.000,true
baseline,2,mybatis_naming_NO_CHANGE,8,3741,5274.231,8408.000,true
baseline,2,mybatis_update_map,8,7310,2489.357,4224.000,true
baseline,2,positional_naming_SCREAMING_SNAKE_CASE,8,3796,5136.038,5904.000,true
baseline,2,positional_naming_UPPER_CAMEL_CASE,8,4170,4816.930,5888.000,true
baseline,2,positional_dialect_Oracle,8,13739,1264.917,3496.000,true
baseline,2,positional_where_eq,8,17326,926.336,2664.000,true
baseline,2,named_pagination,8,9170,1431.112,4072.000,true
baseline,2,named_in_256,8,701,28927.817,90712.000,true
baseline,2,raw_subquery_raw,8,34856,626.305,2272.000,true
baseline,2,raw_naming_UPPER_CAMEL_CASE,8,3729,5838.884,8840.000,true
baseline,2,raw_batch_4,8,7527,2781.281,7584.000,false
baseline,2,named_dialect_Microsoft_SQL_Server,8,9881,1570.722,4320.000,true
baseline,2,named_group_order,8,2538,4284.279,7688.000,true
baseline,2,named_naming_SCREAMING_SNAKE_CASE,8,2900,7198.034,10600.000,true
baseline,2,named_between,8,10428,1470.196,3800.000,true
baseline,2,raw_delete,8,40468,430.617,1624.000,true
baseline,2,named_select_expressions,8,7303,2429.823,2728.000,true
baseline,2,positional_insert_placeholders,8,14704,824.776,1944.000,true
baseline,2,raw_insert_entity,8,14909,991.783,2176.000,false
baseline,2,named_dialect_MySQL,8,13638,1528.509,4144.000,true
baseline,2,positional_condition_only,8,5236,4416.196,4872.000,true
baseline,2,named_delete,8,18773,489.501,1960.000,true
baseline,2,raw_naming_NO_CHANGE,8,4088,4336.619,7880.000,true
baseline,2,named_raw_expression,8,12586,1850.818,2624.000,true
baseline,2,positional_select_entity,8,37196,630.767,2000.000,true
baseline,2,mybatis_batch_beans,8,1141,8464.154,22080.000,true
baseline,2,named_dialect_PostgreSQL,8,14036,1549.943,4144.000,true
baseline,2,positional_group_order,8,3808,3437.106,6336.000,true
baseline,2,raw_join_on,8,12941,1829.750,3952.000,true
baseline,2,positional_mixed_literals,8,16804,1175.149,2800.000,true
baseline,2,named_batch_64,8,441,39137.415,134912.000,true
baseline,2,mybatis_select_expressions,8,6338,2160.003,2728.000,true
baseline,2,named_late_modifier,9,22267,841.290,2816.000,true
baseline,2,named_insert_entity,9,14991,1038.029,2760.000,true
baseline,2,named_in_expression,9,680,28101.912,90680.000,true
baseline,2,named_naming_CAMEL_CASE,9,4144,5663.176,9624.000,true
baseline,2,raw_select_star,9,38322,315.931,1424.000,true
baseline,2,named_batch_64,9,441,39499.773,134912.000,true
baseline,2,mybatis_nested,9,2395,1563.841,3464.000,true
baseline,2,mybatis_mixed_literals,9,5174,2202.996,3504.000,true
baseline,2,named_derived,9,654,15413.609,17800.000,true
baseline,2,named_dialect_Oracle,9,14290,2068.237,4272.000,true
baseline,2,raw_batch_64,9,667,32710.645,97344.000,false
baseline,2,mybatis_batch_64,9,100,52989.000,118896.000,true
baseline,2,custom_handler_where,9,2845,6810.158,10616.000,true
baseline,2,named_mixed_literals,9,13149,1639.600,3768.000,true
baseline,2,positional_naming_UPPER_CAMEL_CASE,9,4170,4739.400,5888.000,true
baseline,2,positional_update_map,9,9759,1187.611,3024.000,true
baseline,2,mybatis_between,9,12634,1584.953,3592.000,true
baseline,2,positional_retry_rollback,9,2818,3365.614,5872.000,true
baseline,2,raw_late_modifier,9,27886,867.654,2480.000,true
baseline,2,positional_where_eq,9,17326,979.741,2664.000,true
baseline,2,mybatis_insert_placeholders,9,10814,1830.618,2584.000,true
baseline,2,positional_condition_only,9,5236,4896.448,4872.000,true
baseline,2,raw_where_eq,9,9484,1001.149,2784.000,true
baseline,2,raw_naming_NO_CHANGE,9,4088,4708.977,7880.000,true
baseline,2,raw_in_1024,9,164,85823.780,220248.000,true
baseline,2,mybatis_select_star,9,80314,300.052,1424.000,true
baseline,2,positional_insert_values,9,16189,823.738,2104.000,true
baseline,2,positional_in_17,9,17428,1019.750,2672.000,true
baseline,2,named_dialect_PostgreSQL,9,14036,1663.757,4144.000,true
baseline,2,mybatis_where_16,9,2902,6611.130,9368.000,true
baseline,2,raw_in_expression,9,821,20205.238,56616.000,true
baseline,2,positional_naming_SCREAMING_SNAKE_CASE,9,3796,4482.376,5904.000,true
baseline,2,mybatis_subquery_structured,9,10615,1735.902,5256.000,true
baseline,2,mybatis_naming_CAMEL_CASE,9,2632,5157.713,8408.000,true
baseline,2,positional_where_128,9,636,32781.604,32808.000,true
baseline,2,named_update_map,9,3003,1772.328,4752.000,true
baseline,2,positional_join_on,9,6620,1725.363,3832.000,true
baseline,2,raw_select_entity,9,25967,678.068,2000.000,true
baseline,2,raw_nested,9,6667,1626.144,3280.000,true
baseline,2,raw_naming_CAMEL_CASE,9,5113,5996.832,7880.000,true
baseline,2,raw_union_builder,9,4012,6930.110,10160.000,true
baseline,2,raw_in_16,9,7057,2435.709,5600.000,true
baseline,2,raw_update_chain_16,9,2523,9473.325,25448.000,true
baseline,2,named_in_17,9,8052,2969.324,7888.000,true
baseline,2,positional_select_entity,9,37196,738.066,2000.000,true
baseline,2,mybatis_row_in,9,4915,1665.371,3704.000,true
baseline,2,named_group_order,9,2538,6244.444,7688.000,true
baseline,2,raw_batch_4,9,7527,4208.675,7584.000,false
baseline,2,mybatis_batch_4,9,3930,3507.455,8784.000,true
baseline,2,named_naming_NO_CHANGE,9,2485,6279.960,9624.000,true
baseline,2,positional_pagination,9,10138,1182.107,3288.000,true
baseline,2,named_dialect_DB2,9,12210,1710.909,4320.000,true
baseline,2,mybatis_condition_only,9,1631,6887.554,8344.000,true
baseline,2,raw_group_order,9,6702,3393.703,6432.000,true
baseline,2,mybatis_delete,9,22028,624.619,1832.000,true
baseline,2,named_update_chain_16,9,600,21723.167,47000.000,true
baseline,2,mybatis_subquery_raw,9,22721,922.873,2272.000,true
baseline,2,raw_derived,9,2253,11456.236,15848.000,true
baseline,2,positional_batch_4,9,3050,2555.246,5968.000,true
baseline,2,mybatis_in_256,9,398,27944.221,72760.000,true
baseline,2,positional_raw_expression,9,5805,1818.450,2624.000,true
baseline,2,raw_repeated_names,9,648,26835.802,53896.000,true
baseline,2,named_dialect_Microsoft_SQL_Server,9,9881,1746.635,4320.000,true
baseline,2,named_select_expressions,9,7303,2309.024,2728.000,true
baseline,2,mybatis_in_1024,9,121,123632.231,281472.000,true
baseline,2,mybatis_insert_entity,9,10608,934.323,2456.000,true
baseline,2,named_batch_beans,9,1551,9357.834,26064.000,true
baseline,2,named_select_entity,9,15689,620.524,2000.000,true
baseline,2,raw_batch_beans,9,2928,7705.191,16896.000,false
baseline,2,custom_handler_union,9,1170,11841.026,16536.000,true
baseline,2,named_join_using,9,7400,1068.270,3512.000,true
baseline,2,positional_repeated_names,9,1251,18729.097,30360.000,true
baseline,2,positional_late_modifier,9,16161,711.126,2360.000,true
baseline,2,named_between,9,10428,1635.702,3800.000,true
baseline,2,positional_dialect_MySQL,9,18932,1163.100,3360.000,true
baseline,2,positional_update_chain_16,9,1609,6851.461,22360.000,true
baseline,2,named_where_16,9,635,6571.654,10584.000,true
baseline,2,raw_update_map,9,16046,1514.583,3592.000,false
baseline,2,positional_join_using,9,17613,1041.310,3056.000,true
baseline,2,mybatis_join_on,9,11731,1770.702,4152.000,true
baseline,2,mybatis_update_chain_16,9,904,14911.615,39960.000,true
baseline,2,mybatis_in_16,9,3763,2146.213,6512.000,true
baseline,2,raw_retry_rollback,9,5968,3713.790,6376.000,true
baseline,2,raw_subquery_structured,9,14886,1632.030,4616.000,true
baseline,2,mybatis_group_order,9,5600,3938.786,7288.000,true
baseline,2,mybatis_join_using,9,18854,1164.082,3376.000,true
baseline,2,mybatis_late_modifier,9,20498,968.846,2680.000,true
baseline,2,mybatis_derived,9,1650,13790.727,17192.000,true
baseline,2,named_row_in,9,13016,1596.835,4016.000,true
baseline,2,positional_in_256,9,4107,4745.410,9576.000,true
baseline,2,positional_subquery_structured,9,7143,1667.101,4704.000,true
baseline,2,raw_mixed_literals,9,5400,1849.074,3192.000,true
baseline,2,named_join_on,9,5387,2354.130,4288.000,true
baseline,2,raw_row_in,9,9164,1628.667,3136.000,true
baseline,2,raw_join_on,9,12941,2505.139,3952.000,true
baseline,2,mybatis_pagination,9,15437,1486.040,3832.000,true
baseline,2,mybatis_naming_NO_CHANGE,9,3741,7649.532,8408.000,true
baseline,2,raw_insert_entity,9,14909,1262.801,2176.000,false
baseline,2,named_naming_KEBAB_CASE,9,2708,11263.626,10584.000,true
baseline,2,raw_in_256,9,683,21843.777,56640.000,true
baseline,2,positional_union_builder,9,2858,7826.767,9768.000,true
baseline,2,mybatis_in_17,9,4777,3127.653,6752.000,true
baseline,2,raw_raw_expression,9,13650,2245.011,2624.000,true
baseline,2,positional_batch_beans,9,1576,4424.556,10464.000,true
baseline,2,named_subquery_raw,9,19914,909.431,2272.000,true
baseline,2,positional_in_1024,9,1164,19995.962,28504.000,true
baseline,2,mybatis_where_128,9,337,56123.442,61280.000,true
baseline,2,raw_naming_UPPER_CAMEL_CASE,9,3729,8167.337,8840.000,true
baseline,2,positional_batch_64,9,399,29794.737,72176.000,true
baseline,2,named_retry_rollback,9,4199,5319.314,8264.000,true
baseline,2,mybatis_raw_expression,9,8844,1775.871,2624.000,true
baseline,2,positional_naming_CAMEL_CASE,9,6021,4229.663,4928.000,true
baseline,2,mybatis_batch_beans,9,1141,12271.429,22080.000,true
baseline,2,positional_nested,9,16669,2009.713,2952.000,true
baseline,2,mybatis_select_entity,9,37641,917.630,2000.000,true
baseline,2,mybatis_insert_values,9,7919,1480.301,2744.000,true
baseline,2,named_delete,9,18773,710.259,1960.000,true
baseline,2,positional_insert_placeholders,9,14704,935.371,1944.000,true
baseline,2,positional_union_raw,9,3124,3964.117,5200.000,true
baseline,2,positional_in_expression,9,4014,6744.245,9760.000,true
baseline,2,raw_join_using,9,22415,1813.866,3176.000,true
baseline,2,named_raw_expression,9,12586,3665.621,2624.000,true
baseline,2,named_where_eq,9,18254,1922.981,3120.000,true
baseline,2,raw_between,9,14798,2313.150,3384.000,true
baseline,2,positional_select_expressions,9,3827,3243.951,2728.000,true
baseline,2,positional_row_in,9,20304,1904.196,2624.000,true
baseline,2,raw_insert_placeholders,9,18599,1218.420,1944.000,true
baseline,2,raw_select_expressions,9,10086,3589.223,2728.000,true
baseline,2,named_in_16,9,8652,4699.884,7600.000,true
baseline,2,positional_select_columns,9,26331,1710.106,1952.000,true
baseline,2,positional_dialect_Microsoft_SQL_Server,9,12596,2512.448,3544.000,true
baseline,2,named_in_256,9,701,57454.351,90712.000,true
baseline,2,positional_where_16,9,4795,7632.284,5888.000,true
baseline,2,raw_naming_KEBAB_CASE,9,3794,8338.192,8840.000,true
baseline,2,positional_derived,9,334,12995.210,15296.000,true
baseline,2,named_pagination,9,9170,2110.992,4072.000,true
baseline,2,positional_subquery_raw,9,14338,1361.850,2272.000,true
baseline,2,positional_naming_NO_CHANGE,9,6126,8060.545,4928.000,true
baseline,2,named_insert_placeholders,9,6689,2310.435,2920.000,true
baseline,2,named_naming_UPPER_CAMEL_CASE,9,2699,15753.649,10584.000,true
baseline,2,raw_where_128,9,506,79116.206,56496.000,true
baseline,2,raw_union_raw,9,6500,7504.985,5200.000,true
baseline,2,named_union_builder,9,663,19378.431,17272.000,true
baseline,2,named_repeated_names,9,339,74337.758,64920.000,true
baseline,2,named_union_raw,9,2769,7957.999,5200.000,true
baseline,2,raw_delete,9,40468,959.323,1624.000,true
baseline,2,positional_dialect_Oracle,9,13739,2147.602,3496.000,true
baseline,2,named_select_star,9,32687,559.807,1424.000,true
baseline,2,mybatis_naming_SCREAMING_SNAKE_CASE,9,2287,12089.768,9384.000,true
baseline,2,positional_mixed_literals,9,16804,2409.170,2800.000,true
baseline,2,mybatis_select_expressions,9,6338,4948.643,2728.000,true
baseline,2,positional_dialect_PostgreSQL,9,16011,2280.807,3360.000,true
baseline,2,positional_between,9,18356,1565.897,3056.000,true
baseline,2,mybatis_union_builder,9,747,15451.807,16696.000,true
baseline,2,mybatis_repeated_names,9,478,39816.318,55944.000,true
baseline,2,positional_insert_entity,9,31993,1369.165,1816.000,true
baseline,2,mybatis_retry_rollback,9,2284,9279.904,7592.000,true
baseline,2,named_batch_4,9,3060,5962.549,9736.000,true
baseline,2,named_select_columns,9,8748,1821.285,1952.000,true
baseline,2,positional_delete,9,35751,761.705,1504.000,true
baseline,2,positional_select_star,9,82781,455.363,1424.000,true
baseline,2,named_naming_SCREAMING_SNAKE_CASE,9,2900,17178.724,10600.000,true
baseline,2,mybatis_update_map,9,7310,4387.469,4224.000,true
baseline,2,named_subquery_structured,9,5869,3316.170,5488.000,true
baseline,2,named_where_128,9,392,102917.857,71280.000,true
baseline,2,mybatis_select_columns,9,23992,1869.340,1952.000,true
baseline,2,raw_pagination,9,14540,2170.977,3400.000,true
baseline,2,positional_naming_KEBAB_CASE,9,3535,12273.663,5888.000,true
baseline,2,mybatis_in_expression,9,637,53767.347,72776.000,true
baseline,2,named_condition_only,9,3267,11497.521,9560.000,true
baseline,2,raw_subquery_raw,9,34856,961.177,2272.000,true
baseline,2,mybatis_where_eq,9,18748,1749.925,2984.000,true
baseline,2,named_in_1024,9,140,234536.429,353216.000,true
baseline,2,raw_select_columns,9,25929,1788.361,1952.000,true
baseline,2,named_dialect_MySQL,9,13638,2825.209,4144.000,true
baseline,2,positional_dialect_DB2,9,8906,2421.053,3544.000,true
baseline,2,mybatis_naming_UPPER_CAMEL_CASE,9,3227,19820.855,9368.000,true
baseline,2,raw_in_17,9,9954,4813.703,5816.000,true
baseline,2,raw_condition_only,9,3940,10500.990,7816.000,true
baseline,2,positional_group_order,9,3808,9019.196,6336.000,true
baseline,2,raw_naming_SCREAMING_SNAKE_CASE,9,3209,20812.590,8856.000,true
baseline,2,named_insert_values,9,14899,2921.337,3048.000,true
baseline,2,raw_insert_values,9,16917,2465.331,2464.000,false
baseline,2,raw_where_16,9,3234,12710.637,8840.000,true
baseline,2,mybatis_union_raw,9,4967,7293.215,5200.000,true
baseline,2,mybatis_naming_KEBAB_CASE,9,2375,13937.179,9368.000,true
baseline,2,positional_in_16,9,22474,1877.712,2656.000,true
baseline,2,named_nested,9,10352,3033.955,3648.000,true
