version,fork,case,round,operations,ns_per_op,bytes_per_op,equivalent
baseline,3,named_subquery_structured,1,6395,1623.409,5488.000,true
baseline,3,mybatis_in_1024,1,214,88108.879,256896.000,true
baseline,3,positional_retry_rollback,1,5069,2715.328,5872.000,true
baseline,3,mybatis_between,1,12068,1330.502,3544.000,true
baseline,3,named_batch_4,1,3804,2992.087,9736.000,true
baseline,3,named_batch_beans,1,2588,7980.526,26040.000,true
baseline,3,positional_join_using,1,22400,811.000,3056.000,true
baseline,3,mybatis_repeated_names,1,654,23179.511,52872.000,true
baseline,3,positional_select_star,1,3576,326.594,1424.000,true
baseline,3,raw_select_entity,1,33853,602.422,2000.000,true
baseline,3,mybatis_naming_CAMEL_CASE,1,4371,4658.774,8024.000,true
baseline,3,raw_in_1024,1,268,74989.552,220248.000,true
baseline,3,named_derived,1,1928,11056.846,17800.000,true
baseline,3,raw_where_16,1,3472,5024.280,8840.000,true
baseline,3,positional_join_on,1,11963,1588.715,3832.000,true
baseline,3,positional_naming_CAMEL_CASE,1,4918,3089.020,4928.000,true
baseline,3,mybatis_subquery_raw,1,33970,575.955,2272.000,true
baseline,3,mybatis_in_16,1,7256,2032.249,6128.000,true
baseline,3,named_in_1024,1,166,144685.542,353216.000,true
baseline,3,named_in_expression,1,743,27103.499,90680.000,true
baseline,3,positional_condition_only,1,4476,4029.915,4872.000,true
baseline,3,mybatis_retry_rollback,1,2786,5519.957,7568.000,true
baseline,3,positional_naming_SCREAMING_SNAKE_CASE,1,4242,4380.104,5904.000,true
baseline,3,named_dialect_DB2,1,14487,1436.695,4320.000,true
baseline,3,positional_insert_entity,1,34074,624.095,1816.000,true
baseline,3,mybatis_batch_4,1,6647,3121.634,8784.000,true
baseline,3,named_insert_placeholders,1,5968,1033.060,2888.000,true
baseline,3,mybatis_naming_UPPER_CAMEL_CASE,1,2764,5942.945,8984.000,true
baseline,3,raw_batch_4,1,4846,2629.901,7584.000,false
baseline,3,mybatis_insert_entity,1,12250,1008.751,2456.000,true
baseline,3,positional_in_expression,1,4056,4913.856,9760.000,true
baseline,3,raw_derived,1,2021,10019.347,15848.000,true
baseline,3,mybatis_join_using,1,20268,959.631,3352.000,true
baseline,3,named_mixed_literals,1,8912,1503.164,3768.000,true
baseline,3,mybatis_derived,1,1924,10782.017,17144.000,true
baseline,3,positional_mixed_literals,1,10542,1224.217,2800.000,true
baseline,3,named_select_star,1,52823,334.031,1424.000,true
baseline,3,mybatis_insert_values,1,16815,1040.880,2744.000,true
baseline,3,positional_late_modifier,1,27237,644.506,2360.000,true
baseline,3,positional_union_builder,1,3465,5431.169,9768.000,true
baseline,3,raw_where_eq,1,19195,1107.804,2784.000,true
baseline,3,named_late_modifier,1,17526,846.034,2816.000,true
baseline,3,mybatis_join_on,1,10147,1667.044,4128.000,true
baseline,3,named_insert_values,1,14284,1156.399,3048.000,true
baseline,3,named_batch_64,1,555,35788.829,134912.000,true
baseline,3,raw_in_16,1,8003,1788.817,5600.000,true
baseline,3,raw_batch_64,1,639,27116.901,97344.000,false
baseline,3,raw_delete,1,46256,415.747,1624.000,true
baseline,3,named_select_entity,1,31958,597.838,2000.000,true
baseline,3,positional_derived,1,1162,8838.210,15296.000,true
baseline,3,mybatis_update_map,1,8073,1797.064,4200.000,true
baseline,3,raw_update_map,1,12066,1278.187,3592.000,false
baseline,3,raw_where_128,1,487,41447.433,56496.000,true
baseline,3,named_repeated_names,1,648,26455.247,64920.000,true
baseline,3,positional_naming_KEBAB_CASE,1,3112,4386.504,5888.000,true
baseline,3,mybatis_naming_SCREAMING_SNAKE_CASE,1,2467,5974.341,9000.000,true
baseline,3,named_where_eq,1,11962,984.342,3120.000,true
baseline,3,named_dialect_Microsoft_SQL_Server,1,13019,1709.056,4320.000,true
baseline,3,positional_naming_NO_CHANGE,1,5601,3267.024,4928.000,true
baseline,3,mybatis_group_order,1,5678,3721.293,7264.000,true
baseline,3,named_nested,1,12455,1433.240,3648.000,true
baseline,3,positional_update_chain_16,1,1851,7196.326,22360.000,true
baseline,3,raw_naming_SCREAMING_SNAKE_CASE,1,3940,4995.178,8856.000,true
baseline,3,mybatis_condition_only,1,3568,5253.307,7960.000,true
baseline,3,positional_in_17,1,11681,835.964,2672.000,true
baseline,3,positional_raw_expression,1,12454,1556.303,2624.000,true
baseline,3,raw_in_256,1,1079,17002.780,56640.000,true
baseline,3,positional_where_16,1,1000,4413.400,5888.000,true
baseline,3,positional_batch_64,1,140,18592.857,72176.000,true
baseline,3,positional_subquery_raw,1,30712,598.968,2272.000,true
baseline,3,mybatis_where_16,1,2191,5953.811,8984.000,true
baseline,3,named_raw_expression,1,13689,1506.465,2624.000,true
baseline,3,mybatis_select_star,1,62528,306.320,1424.000,true
baseline,3,mybatis_row_in,1,14801,1292.142,3608.000,true
baseline,3,mybatis_in_expression,1,837,21966.547,66656.000,true
baseline,3,positional_select_expressions,1,6181,2053.357,2728.000,true
baseline,3,positional_dialect_DB2,1,19217,1189.936,3544.000,true
baseline,3,mybatis_select_entity,1,24522,524.684,2000.000,true
baseline,3,named_in_256,1,671,29619.672,90712.000,true
baseline,3,raw_naming_KEBAB_CASE,1,3619,5248.522,8840.000,true
baseline,3,raw_select_star,1,77113,285.794,1424.000,true
baseline,3,mybatis_late_modifier,1,24887,742.134,2656.000,true
baseline,3,named_dialect_Oracle,1,14268,1329.128,4272.000,true
baseline,3,named_row_in,1,11516,1275.625,4016.000,true
baseline,3,raw_select_columns,1,27167,803.000,1952.000,true
baseline,3,raw_condition_only,1,4310,4481.972,7816.000,true
baseline,3,positional_where_eq,1,10303,950.908,2664.000,true
baseline,3,raw_nested,1,13555,1326.949,3280.000,true
baseline,3,positional_insert_placeholders,1,25397,713.773,1944.000,true
baseline,3,positional_insert_values,1,24206,780.554,2104.000,true
baseline,3,positional_dialect_Oracle,1,19801,1068.789,3496.000,true
baseline,3,raw_select_expressions,1,7375,2186.658,2728.000,true
baseline,3,named_dialect_PostgreSQL,1,10200,1330.118,4144.000,true
baseline,3,mybatis_union_builder,1,1878,10528.275,16648.000,true
baseline,3,positional_naming_UPPER_CAMEL_CASE,1,4326,4701.849,5888.000,true
baseline,3,named_union_builder,1,1785,10460.784,17248.000,true
baseline,3,raw_batch_beans,1,2839,6548.221,16872.000,false
baseline,3,named_select_expressions,1,9705,2036.775,2728.000,true
baseline,3,raw_mixed_literals,1,7472,1509.502,3192.000,true
baseline,3,raw_naming_NO_CHANGE,1,4654,4150.064,7880.000,true
baseline,3,positional_in_16,1,20136,833.741,2656.000,true
baseline,3,raw_pagination,1,16483,988.006,3400.000,true
baseline,3,raw_subquery_raw,1,24080,585.839,2272.000,true
baseline,3,positional_batch_beans,1,1505,4354.086,10440.000,true
baseline,3,raw_in_expression,1,1066,18750.094,56616.000,true
baseline,3,named_subquery_raw,1,34069,633.168,2272.000,true
baseline,3,mybatis_nested,1,12001,1294.059,3416.000,true
baseline,3,mybatis_select_columns,1,22655,867.804,1952.000,true
baseline,3,positional_in_256,1,2510,3813.347,9576.000,true
baseline,3,named_select_columns,1,21303,791.734,1952.000,true
baseline,3,named_in_16,1,7580,2166.135,7600.000,true
baseline,3,positional_union_raw,1,5664,3205.809,5200.000,true
baseline,3,mybatis_pagination,1,15529,1217.155,3808.000,true
baseline,3,mybatis_naming_KEBAB_CASE,1,3200,6271.031,8984.000,true
baseline,3,raw_union_builder,1,3510,8583.590,10160.000,true
baseline,3,named_retry_rollback,1,5491,6455.436,8264.000,true
baseline,3,named_join_using,1,12854,1225.284,3512.000,true
baseline,3,custom_handler_union,1,2015,12484.169,16512.000,true
baseline,3,mybatis_raw_expression,1,12819,1810.726,2624.000,true
baseline,3,positional_between,1,13932,1156.804,3056.000,true
baseline,3,named_dialect_MySQL,1,13762,1441.796,4144.000,true
baseline,3,raw_insert_entity,1,21972,906.499,2176.000,false
baseline,3,mybatis_in_256,1,801,22153.558,66616.000,true
baseline,3,positional_select_entity,1,12836,549.135,2000.000,true
baseline,3,mybatis_insert_placeholders,1,21047,1021.647,2584.000,true
baseline,3,positional_dialect_MySQL,1,16989,1103.149,3360.000,true
baseline,3,positional_update_map,1,16590,1144.708,3024.000,true
baseline,3,raw_naming_CAMEL_CASE,1,4742,4145.150,7880.000,true
baseline,3,named_naming_UPPER_CAMEL_CASE,1,3096,6394.509,10584.000,true
baseline,3,named_between,1,13233,1384.357,3800.000,true
baseline,3,mybatis_naming_NO_CHANGE,1,3751,4574.460,8024.000,true
baseline,3,named_naming_NO_CHANGE,1,4092,5493.328,9624.000,true
baseline,3,mybatis_where_128,1,301,43874.086,58208.000,true
baseline,3,positional_select_columns,1,12122,786.504,1952.000,true
baseline,3,named_update_chain_16,1,1197,16817.126,47000.000,true
baseline,3,raw_insert_placeholders,1,30899,733.095,1944.000,true
baseline,3,raw_raw_expression,1,10643,1502.744,2624.000,true
baseline,3,named_join_on,1,11255,1815.975,4288.000,true
baseline,3,raw_naming_UPPER_CAMEL_CASE,1,3283,5312.489,8840.000,true
baseline,3,named_union_raw,1,6305,3814.703,5200.000,true
baseline,3,raw_join_using,1,13805,957.762,3176.000,true
baseline,3,named_group_order,1,3157,3804.181,7688.000,true
baseline,3,named_delete,1,42355,468.384,1960.000,true
baseline,3,named_in_17,1,7884,2232.445,7888.000,true
baseline,3,raw_in_17,1,8939,1907.562,5816.000,true
baseline,3,raw_group_order,1,5947,3361.207,6432.000,true
baseline,3,raw_subquery_structured,1,14684,1383.036,4616.000,true
baseline,3,raw_repeated_names,1,915,24811.913,53896.000,true
baseline,3,named_naming_KEBAB_CASE,1,3301,5995.668,10584.000,true
baseline,3,custom_handler_where,1,3270,6439.755,10616.000,true
baseline,3,positional_delete,1,41127,343.103,1504.000,true
baseline,3,mybatis_update_chain_16,1,1469,16791.491,39936.000,true
baseline,3,positional_row_in,1,19052,954.803,2624.000,true
baseline,3,raw_union_raw,1,5882,3166.117,5200.000,true
baseline,3,named_update_map,1,11364,1778.793,4752.000,true
baseline,3,raw_between,1,14665,1224.385,3384.000,true
baseline,3,raw_late_modifier,1,26362,789.428,2480.000,true
baseline,3,mybatis_subquery_structured,1,12751,1570.810,5232.000,true
baseline,3,positional_dialect_PostgreSQL,1,17618,1199.966,3360.000,true
baseline,3,positional_subquery_structured,1,12905,1418.202,4704.000,true
baseline,3,positional_nested,1,8375,1387.487,2952.000,true
baseline,3,mybatis_batch_64,1,367,35602.452,118896.000,true
baseline,3,named_where_16,1,2876,5665.299,10584.000,true
baseline,3,positional_in_1024,1,1121,14186.530,28504.000,true
baseline,3,named_where_128,1,243,47068.724,71280.000,true
baseline,3,positional_where_128,1,345,31441.739,32808.000,true
baseline,3,mybatis_in_17,1,6885,2355.556,6344.000,true
baseline,3,named_condition_only,1,3649,5187.531,9560.000,true
baseline,3,positional_dialect_Microsoft_SQL_Server,1,8546,1229.604,3544.000,true
baseline,3,positional_pagination,1,18335,998.277,3288.000,true
baseline,3,mybatis_delete,1,28601,450.467,1808.000,true
baseline,3,positional_batch_4,1,2628,1843.151,5968.000,true
baseline,3,mybatis_batch_beans,1,2936,6961.342,22056.000,true
baseline,3,named_naming_SCREAMING_SNAKE_CASE,1,3178,5800.378,10600.000,true
baseline,3,raw_retry_rollback,1,5056,4025.593,6376.000,true
baseline,3,raw_row_in,1,17345,1119.596,3136.000,true
baseline,3,raw_insert_values,1,14610,1077.276,2464.000,false
baseline,3,positional_repeated_names,1,1171,15479.590,30360.000,true
baseline,3,mybatis_mixed_literals,1,12632,1524.818,3432.000,true
baseline,3,mybatis_select_expressions,1,10104,2026.029,2728.000,true
baseline,3,named_pagination,1,11462,1349.154,4072.000,true
baseline,3,mybatis_where_eq,1,16515,956.337,2960.000,true
baseline,3,named_naming_CAMEL_CASE,1,3975,5084.277,9624.000,true
baseline,3,positional_group_order,1,6044,3139.990,6336.000,true
baseline,3,mybatis_union_raw,1,6330,3328.057,5200.000,true
baseline,3,named_insert_entity,1,9271,864.858,2760.000,true
baseline,3,raw_join_on,1,10164,1656.553,3952.000,true
baseline,3,raw_update_chain_16,1,1571,7963.526,25448.000,true
baseline,3,positional_late_modifier,2,27237,640.177,2360.000,true
baseline,3,named_raw_expression,2,13689,1441.384,2624.000,true
baseline,3,named_retry_rollback,2,5491,4854.762,8264.000,true
baseline,3,mybatis_in_16,2,7256,2049.793,6128.000,true
baseline,3,named_union_raw,2,6305,3139.635,5200.000,true
baseline,3,named_mixed_literals,2,8912,1511.445,3768.000,true
baseline,3,positional_in_17,2,11681,887.775,2672.000,true
baseline,3,mybatis_join_on,2,10147,1587.809,4128.000,true
baseline,3,mybatis_union_builder,2,1878,10873.962,16648.000,true
baseline,3,mybatis_batch_64,2,367,33236.785,118896.000,true
baseline,3,raw_select_entity,2,33853,567.099,2000.000,true
baseline,3,named_repeated_names,2,648,26622.377,64920.000,true
baseline,3,positional_derived,2,1162,8746.902,15296.000,true
baseline,3,named_dialect_MySQL,2,13762,1392.051,4144.000,true
baseline,3,named_insert_placeholders,2,5968,954.021,2888.000,true
baseline,3,named_select_columns,2,21303,743.224,1952.000,true
baseline,3,raw_union_builder,2,3510,5675.926,10160.000,true
baseline,3,raw_retry_rollback,2,5056,3340.447,6376.000,true
baseline,3,named_in_16,2,7580,2760.554,7600.000,true
baseline,3,raw_insert_entity,2,21972,831.404,2176.000,false
baseline,3,named_subquery_raw,2,34069,598.911,2272.000,true
baseline,3,positional_select_star,2,3576,289.066,1424.000,true
baseline,3,mybatis_subquery_structured,2,12751,1846.357,5232.000,true
baseline,3,positional_join_on,2,11963,1466.714,3832.000,true
baseline,3,named_between,2,13233,1410.156,3800.000,true
baseline,3,named_dialect_PostgreSQL,2,10200,1413.216,4144.000,true
baseline,3,positional_union_raw,2,5664,3385.911,5200.000,true
baseline,3,raw_naming_KEBAB_CASE,2,3619,5168.444,8840.000,true
baseline,3,raw_mixed_literals,2,7472,1429.296,3192.000,true
baseline,3,positional_where_eq,2,10303,953.800,2664.000,true
baseline,3,raw_naming_CAMEL_CASE,2,4742,4030.304,7880.000,true
baseline,3,named_where_16,2,2876,6140.369,10584.000,true
baseline,3,raw_in_expression,2,1066,17357.974,56616.000,true
baseline,3,positional_select_expressions,2,6181,2227.762,2728.000,true
baseline,3,raw_select_expressions,2,7375,2027.837,2728.000,true
baseline,3,named_in_17,2,7884,2245.789,7888.000,true
baseline,3,positional_dialect_DB2,2,19217,1122.256,3544.000,true
baseline,3,mybatis_retry_rollback,2,2786,3977.710,7568.000,true
baseline,3,positional_raw_expression,2,12454,1450.538,2624.000,true
baseline,3,positional_batch_4,2,2628,1759.817,5968.000,true
baseline,3,raw_in_16,2,8003,1693.865,5600.000,true
baseline,3,positional_repeated_names,2,1171,15259.693,30360.000,true
baseline,3,positional_subquery_raw,2,30712,622.711,2272.000,true
baseline,3,mybatis_derived,2,1924,11108.056,17144.000,true
baseline,3,raw_select_star,2,77113,330.591,1424.000,true
baseline,3,raw_late_modifier,2,26362,742.212,2480.000,true
baseline,3,positional_join_using,2,22400,840.571,3056.000,true
baseline,3,mybatis_naming_SCREAMING_SNAKE_CASE,2,2467,5515.525,9000.000,true
baseline,3,positional_batch_beans,2,1505,5546.312,10440.000,true
baseline,3,raw_repeated_names,2,915,21910.929,53896.000,true
baseline,3,raw_row_in,2,17345,1281.810,3136.000,true
baseline,3,mybatis_raw_expression,2,12819,1455.231,2624.000,true
baseline,3,mybatis_insert_values,2,16815,1119.578,2744.000,true
baseline,3,mybatis_batch_beans,2,2936,7105.688,22056.000,true
baseline,3,named_pagination,2,11462,1388.074,4072.000,true
baseline,3,mybatis_naming_KEBAB_CASE,2,3200,5689.688,8984.000,true
baseline,3,mybatis_mixed_literals,2,12632,1449.802,3432.000,true
baseline,3,named_dialect_Microsoft_SQL_Server,2,13019,1634.073,4320.000,true
baseline,3,named_batch_4,2,3804,2925.421,9736.000,true
baseline,3,mybatis_select_columns,2,22655,817.749,1952.000,true
baseline,3,raw_subquery_structured,2,14684,1404.284,4616.000,true
baseline,3,named_batch_beans,2,2588,7631.491,26040.000,true
baseline,3,positional_dialect_Oracle,2,19801,1111.883,3496.000,true
baseline,3,mybatis_subquery_raw,2,33970,637.094,2272.000,true
baseline,3,mybatis_naming_NO_CHANGE,2,3751,4600.267,8024.000,true
baseline,3,positional_dialect_Microsoft_SQL_Server,2,8546,1195.530,3544.000,true
baseline,3,raw_pagination,2,16483,1091.531,3400.000,true
baseline,3,positional_naming_NO_CHANGE,2,5601,3056.990,4928.000,true
baseline,3,positional_between,2,13932,1199.304,3056.000,true
baseline,3,positional_group_order,2,6044,3022.915,6336.000,true
baseline,3,named_join_using,2,12854,1032.044,3512.000,true
baseline,3,raw_join_on,2,10164,1574.213,3952.000,true
baseline,3,raw_update_chain_16,2,1571,8956.779,25448.000,true
baseline,3,mybatis_where_16,2,2191,5694.158,8984.000,true
baseline,3,positional_select_columns,2,12122,742.081,1952.000,true
baseline,3,mybatis_group_order,2,5678,3606.516,7264.000,true
baseline,3,raw_select_columns,2,27167,809.534,1952.000,true
baseline,3,named_subquery_structured,2,6395,1873.948,5488.000,true
baseline,3,raw_insert_placeholders,2,30899,727.344,1944.000,true
baseline,3,raw_derived,2,2021,9566.997,15848.000,true
baseline,3,named_in_expression,2,743,26639.569,90680.000,true
baseline,3,named_in_1024,2,166,123772.892,353216.000,true
baseline,3,positional_insert_entity,2,34074,625.078,1816.000,true
baseline,3,mybatis_delete,2,28601,414.237,1808.000,true
baseline,3,mybatis_select_expressions,2,10104,2454.731,2728.000,true
baseline,3,raw_batch_beans,2,2839,5864.565,16872.000,false
baseline,3,raw_join_using,2,13805,952.517,3176.000,true
baseline,3,mybatis_union_raw,2,6330,3210.079,5200.000,true
baseline,3,named_naming_CAMEL_CASE,2,3975,5141.937,9624.000,true
baseline,3,named_select_star,2,52823,285.355,1424.000,true
baseline,3,named_delete,2,42355,470.306,1960.000,true
baseline,3,mybatis_in_1024,2,214,88090.654,256896.000,true
baseline,3,named_naming_KEBAB_CASE,2,3301,6011.603,10584.000,true
baseline,3,named_select_entity,2,31958,569.338,2000.000,true
baseline,3,raw_where_128,2,487,37247.023,56496.000,true
baseline,3,raw_insert_values,2,14610,998.159,2464.000,false
baseline,3,mybatis_repeated_names,2,654,24251.070,52872.000,true
baseline,3,raw_where_16,2,3472,5032.863,8840.000,true
baseline,3,mybatis_naming_CAMEL_CASE,2,4371,4563.532,8024.000,true
baseline,3,positional_update_map,2,16590,996.389,3024.000,true
baseline,3,positional_naming_CAMEL_CASE,2,4918,3423.729,4928.000,true
baseline,3,named_union_builder,2,1785,10213.501,17248.000,true
baseline,3,raw_naming_SCREAMING_SNAKE_CASE,2,3940,5145.355,8856.000,true
baseline,3,mybatis_late_modifier,2,24887,738.635,2656.000,true
baseline,3,mybatis_in_17,2,6885,2255.149,6344.000,true
baseline,3,named_update_chain_16,2,1197,16439.181,47000.000,true
baseline,3,raw_where_eq,2,19195,943.423,2784.000,true
baseline,3,raw_naming_NO_CHANGE,2,4654,4201.569,7880.000,true
baseline,3,named_nested,2,12455,1404.199,3648.000,true
baseline,3,positional_select_entity,2,12836,641.462,2000.000,true
baseline,3,mybatis_pagination,2,15529,1138.154,3808.000,true
baseline,3,named_naming_SCREAMING_SNAKE_CASE,2,3178,6421.366,10600.000,true
baseline,3,mybatis_between,2,12068,1337.587,3544.000,true
baseline,3,mybatis_update_map,2,8073,1800.285,4200.000,true
baseline,3,positional_nested,2,8375,1155.463,2952.000,true
baseline,3,mybatis_join_using,2,20268,1019.000,3352.000,true
baseline,3,mybatis_naming_UPPER_CAMEL_CASE,2,2764,5813.821,8984.000,true
baseline,3,raw_nested,2,13555,1399.358,3280.000,true
baseline,3,raw_in_1024,2,268,72988.433,220248.000,true
baseline,3,mybatis_where_eq,2,16515,948.047,2960.000,true
baseline,3,positional_row_in,2,19052,968.156,2624.000,true
baseline,3,positional_pagination,2,18335,1001.794,3288.000,true
baseline,3,named_join_on,2,11255,1982.612,4288.000,true
baseline,3,mybatis_row_in,2,14801,1559.091,3608.000,true
baseline,3,positional_where_16,2,1000,5094.900,5888.000,true
baseline,3,mybatis_insert_placeholders,2,21047,1158.840,2584.000,true
baseline,3,positional_naming_SCREAMING_SNAKE_CASE,2,4242,5300.660,5904.000,true
baseline,3,raw_in_17,2,8939,1943.719,5816.000,true
baseline,3,raw_raw_expression,2,10643,1548.201,2624.000,true
baseline,3,positional_batch_64,2,140,18035.000,72176.000,true
baseline,3,positional_in_1024,2,1121,14841.392,28504.000,true
baseline,3,named_dialect_Oracle,2,14268,1274.194,4272.000,true
baseline,3,mybatis_update_chain_16,2,1469,13880.667,39936.000,true
baseline,3,named_where_eq,2,11962,1106.763,3120.000,true
baseline,3,raw_union_raw,2,5882,3325.247,5200.000,true
baseline,3,positional_dialect_PostgreSQL,2,17618,1163.974,3360.000,true
baseline,3,raw_delete,2,46256,422.652,1624.000,true
baseline,3,mybatis_select_star,2,62528,300.849,1424.000,true
baseline,3,positional_in_16,2,20136,804.395,2656.000,true
baseline,3,positional_in_expression,2,4056,5028.871,9760.000,true
baseline,3,positional_update_chain_16,2,1851,6983.522,22360.000,true
baseline,3,raw_group_order,2,5947,3398.957,6432.000,true
baseline,3,positional_mixed_literals,2,10542,1308.774,2800.000,true
baseline,3,named_select_expressions,2,9705,2985.389,2728.000,true
baseline,3,positional_in_256,2,2510,5826.135,9576.000,true
baseline,3,named_naming_UPPER_CAMEL_CASE,2,3096,7651.550,10584.000,true
baseline,3,positional_condition_only,2,4476,4570.979,4872.000,true
baseline,3,positional_naming_KEBAB_CASE,2,3112,5063.046,5888.000,true
baseline,3,named_where_128,2,243,53681.893,71280.000,true
baseline,3,mybatis_select_entity,2,24522,657.683,2000.000,true
baseline,3,raw_batch_4,2,4846,2930.458,7584.000,false
baseline,3,raw_subquery_raw,2,24080,695.914,2272.000,true
baseline,3,raw_between,2,14665,2035.377,3384.000,true
baseline,3,positional_subquery_structured,2,12905,1800.116,4704.000,true
baseline,3,mybatis_where_128,2,301,58137.874,58208.000,true
baseline,3,mybatis_batch_4,2,6647,4768.271,8784.000,true
baseline,3,positional_retry_rollback,2,5069,4791.912,5872.000,true
baseline,3,named_update_map,2,11364,2480.447,4752.000,true
baseline,3,mybatis_condition_only,2,3568,7966.508,7960.000,true
baseline,3,named_in_256,2,671,31815.946,90712.000,true
baseline,3,custom_handler_union,2,2015,12196.328,16512.000,true
baseline,3,positional_insert_values,2,24206,1169.425,2104.000,true
baseline,3,named_derived,2,1928,13799.896,17800.000,true
baseline,3,positional_naming_UPPER_CAMEL_CASE,2,4326,5652.450,5888.000,true
baseline,3,mybatis_in_expression,2,837,28015.054,66656.000,true
baseline,3,positional_where_128,2,345,41588.696,32808.000,true
baseline,3,mybatis_in_256,2,801,29465.793,66616.000,true
baseline,3,positional_insert_placeholders,2,25397,938.863,1944.000,true
baseline,3,mybatis_insert_entity,2,12250,1049.429,2456.000,true
baseline,3,named_late_modifier,2,17526,1316.541,2816.000,true
baseline,3,raw_update_map,2,12066,2550.638,3592.000,false
baseline,3,positional_union_builder,2,3465,14995.671,9768.000,true
baseline,3,raw_in_256,2,1079,37892.586,56640.000,true
baseline,3,named_insert_entity,2,9271,1810.182,2760.000,true
baseline,3,named_condition_only,2,3649,9640.532,9560.000,true
baseline,3,positional_delete,2,41127,622.958,1504.000,true
baseline,3,raw_naming_UPPER_CAMEL_CASE,2,3283,10931.465,8840.000,true
baseline,3,named_naming_NO_CHANGE,2,4092,10187.243,9624.000,true
baseline,3,named_insert_values,2,14284,2022.312,3048.000,true
baseline,3,raw_batch_64,2,639,49153.052,97344.000,false
baseline,3,raw_condition_only,2,4310,9710.580,7816.000,true
baseline,3,named_group_order,2,3157,5278.999,7688.000,true
baseline,3,named_row_in,2,11516,2267.671,4016.000,true
baseline,3,named_dialect_DB2,2,14487,2596.859,4320.000,true
baseline,3,named_batch_64,2,555,65866.667,134912.000,true
baseline,3,custom_handler_where,2,3270,10421.927,10616.000,true
baseline,3,positional_dialect_MySQL,2,16989,1289.476,3360.000,true
baseline,3,mybatis_nested,2,12001,2374.460,3416.000,true
baseline,3,named_between,3,13233,2801.451,3800.000,true
baseline,3,raw_pagination,3,16483,2078.499,3400.000,true
baseline,3,positional_dialect_DB2,3,19217,2210.980,3544.000,true
baseline,3,named_naming_UPPER_CAMEL_CASE,3,3096,11665.052,10584.000,true
baseline,3,raw_batch_64,3,639,47185.290,97344.000,false
baseline,3,raw_union_builder,3,3510,8380.342,10160.000,true
baseline,3,positional_select_expressions,3,6181,3251.966,2728.000,true
baseline,3,positional_repeated_names,3,1171,21990.692,30360.000,true
baseline,3,raw_naming_KEBAB_CASE,3,3619,8381.210,8840.000,true
baseline,3,mybatis_delete,3,28601,518.104,1808.000,true
baseline,3,positional_insert_values,3,24206,1214.480,2104.000,true
baseline,3,raw_union_raw,3,5882,4253.927,5200.000,true
baseline,3,raw_in_256,3,1079,29397.127,56640.000,true
baseline,3,custom_handler_union,3,2015,14419.355,16512.000,true
baseline,3,mybatis_join_on,3,10147,2119.257,4128.000,true
baseline,3,mybatis_select_entity,3,24522,687.913,2000.000,true
baseline,3,positional_where_16,3,1000,5080.400,5888.000,true
baseline,3,mybatis_between,3,12068,1462.396,3544.000,true
baseline,3,mybatis_nested,3,12001,2299.733,3416.000,true
baseline,3,mybatis_in_expression,3,837,30836.081,66656.000,true
baseline,3,raw_where_128,3,487,79305.749,56496.000,true
baseline,3,positional_join_using,3,22400,1448.768,3056.000,true
baseline,3,positional_raw_expression,3,12454,2829.653,2624.000,true
baseline,3,named_in_16,3,7580,4826.887,7600.000,true
baseline,3,raw_join_on,3,10164,3304.614,3952.000,true
baseline,3,named_in_expression,3,743,58425.976,90680.000,true
baseline,3,positional_subquery_structured,3,12905,3195.312,4704.000,true
baseline,3,mybatis_naming_KEBAB_CASE,3,3200,12062.969,8984.000,true
baseline,3,named_insert_values,3,14284,2211.047,3048.000,true
baseline,3,positional_in_expression,3,4056,6850.222,9760.000,true
baseline,3,mybatis_select_columns,3,22655,1437.652,1952.000,true
baseline,3,raw_insert_values,3,14610,1421.718,2464.000,false
baseline,3,mybatis_naming_UPPER_CAMEL_CASE,3,2764,8343.886,8984.000,true
baseline,3,custom_handler_where,3,3270,9835.260,10616.000,true
baseline,3,raw_between,3,14665,1898.063,3384.000,true
baseline,3,raw_delete,3,46256,670.886,1624.000,true
baseline,3,raw_in_expression,3,1066,31368.574,56616.000,true
baseline,3,raw_where_16,3,3472,9983.957,8840.000,true
baseline,3,raw_update_chain_16,3,1571,22277.212,25448.000,true
baseline,3,named_in_256,3,671,56230.700,90712.000,true
baseline,3,positional_batch_beans,3,1505,10483.389,10440.000,true
baseline,3,named_retry_rollback,3,5491,11579.512,8264.000,true
baseline,3,positional_in_16,3,20136,1935.851,2656.000,true
baseline,3,positional_update_map,3,16590,2960.295,3024.000,true
baseline,3,positional_in_17,3,11681,2128.962,2672.000,true
baseline,3,positional_dialect_Microsoft_SQL_Server,3,8546,3272.677,3544.000,true
baseline,3,mybatis_insert_entity,3,12250,3204.049,2456.000,true
baseline,3,mybatis_in_1024,3,214,179455.140,256896.000,true
baseline,3,positional_insert_placeholders,3,25397,1374.662,1944.000,true
baseline,3,named_select_entity,3,31958,1076.000,2000.000,true
baseline,3,positional_select_star,3,3576,555.817,1424.000,true
baseline,3,named_naming_NO_CHANGE,3,4092,8332.576,9624.000,true
baseline,3,positional_join_on,3,11963,3581.342,3832.000,true
baseline,3,named_raw_expression,3,13689,2269.472,2624.000,true
baseline,3,positional_select_entity,3,12836,1370.076,2000.000,true
baseline,3,named_naming_SCREAMING_SNAKE_CASE,3,3178,12435.872,10600.000,true
baseline,3,named_select_expressions,3,9705,3373.684,2728.000,true
baseline,3,named_subquery_structured,3,6395,2777.107,5488.000,true
baseline,3,positional_between,3,13932,2187.705,3056.000,true
baseline,3,raw_select_star,3,77113,496.324,1424.000,true
baseline,3,raw_select_expressions,3,7375,4099.485,2728.000,true
baseline,3,raw_update_map,3,12066,2356.912,3592.000,false
baseline,3,raw_select_columns,3,27167,1134.148,1952.000,true
baseline,3,named_batch_4,3,3804,5959.779,9736.000,true
baseline,3,named_batch_beans,3,2588,16341.808,26040.000,true
baseline,3,named_group_order,3,3157,8248.812,7688.000,true
baseline,3,mybatis_where_eq,3,16515,1981.199,2960.000,true
baseline,3,mybatis_where_16,3,2191,11456.458,8984.000,true
baseline,3,raw_naming_CAMEL_CASE,3,4742,6501.392,7880.000,true
baseline,3,named_dialect_MySQL,3,13762,2635.533,4144.000,true
baseline,3,positional_update_chain_16,3,1851,9956.780,22360.000,true
baseline,3,mybatis_in_256,3,801,31511.486,66616.000,true
baseline,3,positional_mixed_literals,3,10542,2361.781,2800.000,true
baseline,3,positional_delete,3,41127,724.390,1504.000,true
baseline,3,raw_late_modifier,3,26362,1382.752,2480.000,true
baseline,3,mybatis_where_128,3,301,71742.857,58208.000,true
baseline,3,raw_nested,3,13555,2061.498,3280.000,true
baseline,3,raw_in_1024,3,268,126542.164,220248.000,true
baseline,3,mybatis_in_16,3,7256,3624.214,6128.000,true
baseline,3,mybatis_derived,3,1924,21538.929,17144.000,true
baseline,3,positional_batch_4,3,2628,2962.100,5968.000,true
baseline,3,named_join_using,3,12854,1422.242,3512.000,true
baseline,3,mybatis_join_using,3,20268,1405.284,3352.000,true
baseline,3,named_mixed_literals,3,8912,2493.256,3768.000,true
baseline,3,mybatis_group_order,3,5678,5843.607,7264.000,true
baseline,3,named_union_builder,3,1785,20192.381,17248.000,true
baseline,3,raw_in_16,3,8003,2695.614,5600.000,true
baseline,3,mybatis_union_builder,3,1878,17574.334,16648.000,true
baseline,3,mybatis_condition_only,3,3568,11651.261,7960.000,true
baseline,3,positional_subquery_raw,3,30712,1492.374,2272.000,true
baseline,3,positional_derived,3,1162,18606.799,15296.000,true
baseline,3,mybatis_insert_placeholders,3,21047,2174.362,2584.000,true
baseline,3,named_dialect_PostgreSQL,3,10200,3300.471,4144.000,true
baseline,3,positional_dialect_Oracle,3,19801,1671.870,3496.000,true
baseline,3,mybatis_in_17,3,6885,3840.799,6344.000,true
baseline,3,raw_join_using,3,13805,1873.140,3176.000,true
baseline,3,mybatis_naming_SCREAMING_SNAKE_CASE,3,2467,11056.830,9000.000,true
baseline,3,raw_where_eq,3,19195,1770.216,2784.000,true
baseline,3,raw_repeated_names,3,915,42073.443,53896.000,true
baseline,3,raw_insert_entity,3,21972,1222.624,2176.000,false
baseline,3,mybatis_insert_values,3,16815,1822.070,2744.000,true
baseline,3,positional_union_raw,3,5664,5990.095,5200.000,true
baseline,3,positional_naming_UPPER_CAMEL_CASE,3,4326,5657.235,5888.000,true
baseline,3,mybatis_subquery_structured,3,12751,2102.596,5232.000,true
baseline,3,named_derived,3,1928,14151.349,17800.000,true
baseline,3,named_subquery_raw,3,34069,803.155,2272.000,true
baseline,3,named_dialect_DB2,3,14487,2169.504,4320.000,true
baseline,3,mybatis_select_star,3,62528,487.844,1424.000,true
baseline,3,positional_condition_only,3,4476,6511.595,4872.000,true
baseline,3,named_condition_only,3,3649,8963.606,9560.000,true
baseline,3,mybatis_union_raw,3,6330,4844.392,5200.000,true
baseline,3,positional_naming_NO_CHANGE,3,5601,5873.273,4928.000,true
baseline,3,named_dialect_Microsoft_SQL_Server,3,13019,2814.072,4320.000,true
baseline,3,named_where_128,3,243,88223.045,71280.000,true
baseline,3,named_insert_entity,3,9271,1298.889,2760.000,true
baseline,3,mybatis_update_map,3,8073,3513.725,4200.000,true
baseline,3,raw_batch_beans,3,2839,13856.041,16872.000,false
baseline,3,mybatis_retry_rollback,3,2786,7625.449,7568.000,true
baseline,3,named_select_columns,3,21303,1130.935,1952.000,true
baseline,3,raw_batch_4,3,4846,2871.544,7584.000,false
baseline,3,positional_union_builder,3,3465,5965.166,9768.000,true
baseline,3,raw_retry_rollback,3,5056,3455.775,6376.000,true
baseline,3,named_pagination,3,11462,1465.503,4072.000,true
baseline,3,named_repeated_names,3,648,28512.654,64920.000,true
baseline,3,positional_naming_KEBAB_CASE,3,3112,4438.014,5888.000,true
baseline,3,positional_naming_CAMEL_CASE,3,4918,3713.481,4928.000,true
baseline,3,positional_row_in,3,19052,1014.382,2624.000,true
baseline,3,mybatis_pagination,3,15529,1312.853,3808.000,true
baseline,3,named_in_17,3,7884,2567.504,7888.000,true
baseline,3,mybatis_batch_64,3,367,44265.395,118896.000,true
baseline,3,mybatis_row_in,3,14801,1413.918,3608.000,true
baseline,3,positional_pagination,3,18335,1042.373,3288.000,true
baseline,3,raw_raw_expression,3,10643,1500.357,2624.000,true
baseline,3,mybatis_select_expressions,3,10104,2263.935,2728.000,true
baseline,3,named_where_16,3,2876,6278.651,10584.000,true
baseline,3,named_batch_64,3,555,41012.793,134912.000,true
baseline,3,positional_dialect_MySQL,3,16989,1263.618,3360.000,true
baseline,3,positional_retry_rollback,3,5069,3620.142,5872.000,true
baseline,3,named_join_on,3,11255,1997.930,4288.000,true
baseline,3,raw_naming_SCREAMING_SNAKE_CASE,3,3940,7308.858,8856.000,true
baseline,3,raw_mixed_literals,3,7472,1671.186,3192.000,true
baseline,3,mybatis_naming_NO_CHANGE,3,3751,5465.822,8024.000,true
baseline,3,raw_condition_only,3,4310,7092.297,7816.000,true
baseline,3,named_naming_CAMEL_CASE,3,3975,6577.208,9624.000,true
baseline,3,mybatis_batch_4,3,6647,3439.236,8784.000,true
baseline,3,mybatis_late_modifier,3,24887,919.396,2656.000,true
baseline,3,raw_derived,3,2021,12080.455,15848.000,true
baseline,3,positional_select_columns,3,12122,871.886,1952.000,true
baseline,3,raw_subquery_raw,3,24080,689.776,2272.000,true
baseline,3,named_dialect_Oracle,3,14268,1642.087,4272.000,true
baseline,3,raw_select_entity,3,33853,753.369,2000.000,true
baseline,3,raw_group_order,3,5947,3736.405,6432.000,true
baseline,3,mybatis_batch_beans,3,2936,8650.307,22056.000,true
baseline,3,positional_nested,3,8375,1316.669,2952.000,true
baseline,3,raw_naming_UPPER_CAMEL_CASE,3,3283,6006.458,8840.000,true
baseline,3,named_naming_KEBAB_CASE,3,3301,8966.768,10584.000,true
baseline,3,named_select_star,3,52823,329.546,1424.000,true
baseline,3,positional_where_eq,3,10303,1015.636,2664.000,true
baseline,3,named_update_map,3,11364,2207.154,4752.000,true
baseline,3,mybatis_update_chain_16,3,1469,16727.978,39936.000,true
baseline,3,positional_batch_64,3,140,21933.571,72176.000,true
baseline,3,mybatis_naming_CAMEL_CASE,3,4371,5407.138,8024.000,true
baseline,3,raw_naming_NO_CHANGE,3,4654,5107.005,7880.000,true
baseline,3,positional_in_256,3,2510,5611.833,9576.000,true
baseline,3,positional_dialect_PostgreSQL,3,17618,1684.198,3360.000,true
baseline,3,positional_in_1024,3,1121,21366.012,28504.000,true
baseline,3,mybatis_mixed_literals,3,12632,2402.755,3432.000,true
baseline,3,mybatis_subquery_raw,3,33970,1041.596,2272.000,true
baseline,3,raw_row_in,3,17345,1689.692,3136.000,true
baseline,3,named_in_1024,3,166,195196.386,353216.000,true
baseline,3,positional_naming_SCREAMING_SNAKE_CASE,3,4242,8305.469,5904.000,true
baseline,3,named_nested,3,12455,2586.319,3648.000,true
baseline,3,mybatis_repeated_names,3,654,49520.031,52872.000,true
baseline,3,named_insert_placeholders,3,5968,1830.580,2888.000,true
baseline,3,named_row_in,3,11516,1871.839,4016.000,true
baseline,3,named_update_chain_16,3,1197,21128.822,47000.000,true
baseline,3,named_late_modifier,3,17526,994.363,2816.000,true
baseline,3,named_where_eq,3,11962,1122.337,3120.000,true
baseline,3,mybatis_raw_expression,3,12819,2037.717,2624.000,true
baseline,3,named_union_raw,3,6305,4130.103,5200.000,true
baseline,3,named_delete,3,42355,541.721,1960.000,true
baseline,3,raw_subquery_structured,3,14684,1811.414,4616.000,true
baseline,3,positional_group_order,3,6044,4974.586,6336.000,true
baseline,3,raw_insert_placeholders,3,30899,912.101,1944.000,true
baseline,3,raw_in_17,3,8939,2152.612,5816.000,true
baseline,3,positional_late_modifier,3,27237,832.188,2360.000,true
baseline,3,positional_insert_entity,3,34074,817.362,1816.000,true
baseline,3,positional_where_128,3,345,36836.522,32808.000,true
baseline,3,named_select_entity,4,31958,663.020,2000.000,true
baseline,3,named_group_order,4,3157,4746.848,7688.000,true
baseline,3,raw_repeated_names,4,915,24624.262,53896.000,true
baseline,3,raw_join_using,4,13805,1089.670,3176.000,true
baseline,3,named_update_map,4,11364,1855.438,4752.000,true
baseline,3,positional_update_chain_16,4,1851,8840.519,22360.000,true
baseline,3,named_row_in,4,11516,1484.500,4016.000,true
baseline,3,raw_in_256,4,1079,19631.325,56640.000,true
baseline,3,raw_join_on,4,10164,2513.056,3952.000,true
baseline,3,positional_condition_only,4,4476,4307.373,4872.000,true
baseline,3,named_select_columns,4,21303,1012.289,1952.000,true
baseline,3,raw_insert_placeholders,4,30899,769.400,1944.000,true
baseline,3,raw_retry_rollback,4,5056,5656.151,6376.000,true
baseline,3,positional_batch_4,4,2628,2919.368,5968.000,true
baseline,3,named_in_256,4,671,38454.993,90712.000,true
baseline,3,positional_repeated_names,4,1171,28478.053,30360.000,true
baseline,3,mybatis_where_16,4,2191,12289.868,8984.000,true
baseline,3,mybatis_raw_expression,4,12819,3034.581,2624.000,true
baseline,3,mybatis_mixed_literals,4,12632,3637.104,3432.000,true
baseline,3,mybatis_select_columns,4,22655,2157.237,1952.000,true
baseline,3,raw_insert_values,4,14610,2202.225,2464.000,false
baseline,3,positional_subquery_structured,4,12905,3051.809,4704.000,true
baseline,3,positional_dialect_DB2,4,19217,2405.032,3544.000,true
baseline,3,raw_nested,4,13555,3449.480,3280.000,true
baseline,3,mybatis_select_star,4,62528,813.418,1424.000,true
baseline,3,mybatis_retry_rollback,4,2786,20695.800,7568.000,true
baseline,3,raw_batch_4,4,4846,9460.235,7584.000,false
baseline,3,raw_delete,4,46256,1128.524,1624.000,true
baseline,3,positional_join_using,4,22400,1306.540,3056.000,true
baseline,3,mybatis_batch_4,4,6647,3544.516,8784.000,true
baseline,3,named_batch_beans,4,2588,13868.702,26040.000,true
baseline,3,positional_nested,4,8375,2222.125,2952.000,true
baseline,3,raw_update_map,4,12066,2723.363,3592.000,false
baseline,3,named_late_modifier,4,17526,2620.033,2816.000,true
baseline,3,raw_in_16,4,8003,3002.237,5600.000,true
baseline,3,positional_join_on,4,11963,2496.305,3832.000,true
baseline,3,named_dialect_Microsoft_SQL_Server,4,13019,2530.494,4320.000,true
baseline,3,positional_delete,4,41127,533.713,1504.000,true
baseline,3,mybatis_in_1024,4,214,141389.252,256896.000,true
baseline,3,mybatis_naming_CAMEL_CASE,4,4371,7310.707,8024.000,true
baseline,3,named_retry_rollback,4,5491,6127.081,8264.000,true
baseline,3,raw_late_modifier,4,26362,1030.461,2480.000,true
baseline,3,positional_where_16,4,1000,5155.400,5888.000,true
baseline,3,named_condition_only,4,3649,7237.079,9560.000,true
baseline,3,mybatis_in_17,4,6885,2329.281,6344.000,true
baseline,3,mybatis_union_raw,4,6330,3871.374,5200.000,true
baseline,3,raw_naming_CAMEL_CASE,4,4742,5002.193,7880.000,true
baseline,3,mybatis_insert_placeholders,4,21047,1352.934,2584.000,true
baseline,3,positional_insert_entity,4,34074,1068.988,1816.000,true
baseline,3,named_subquery_structured,4,6395,2316.951,5488.000,true
baseline,3,mybatis_insert_entity,4,12250,1138.914,2456.000,true
baseline,3,positional_union_raw,4,5664,4259.869,5200.000,true
baseline,3,positional_select_expressions,4,6181,3282.058,2728.000,true
baseline,3,named_batch_64,4,555,45249.009,134912.000,true
baseline,3,named_select_star,4,52823,429.500,1424.000,true
baseline,3,named_insert_placeholders,4,5968,1837.617,2888.000,true
baseline,3,positional_union_builder,4,3465,12820.866,9768.000,true
baseline,3,positional_select_star,4,3576,679.139,1424.000,true
baseline,3,mybatis_where_eq,4,16515,1819.328,2960.000,true
baseline,3,named_naming_NO_CHANGE,4,4092,8627.957,9624.000,true
baseline,3,raw_condition_only,4,4310,8939.327,7816.000,true
baseline,3,positional_group_order,4,6044,4638.203,6336.000,true
baseline,3,named_join_using,4,12854,1639.840,3512.000,true
baseline,3,raw_batch_beans,4,2839,9539.979,16872.000,false
baseline,3,mybatis_repeated_names,4,654,31602.446,52872.000,true
baseline,3,positional_insert_values,4,24206,1216.260,2104.000,true
baseline,3,raw_where_128,4,487,56686.858,56496.000,true
baseline,3,named_between,4,13233,2242.575,3800.000,true
baseline,3,mybatis_update_map,4,8073,2061.229,4200.000,true
baseline,3,raw_between,4,14665,2035.240,3384.000,true
baseline,3,mybatis_where_128,4,301,68702.326,58208.000,true
baseline,3,raw_insert_entity,4,21972,1151.761,2176.000,false
baseline,3,raw_naming_UPPER_CAMEL_CASE,4,3283,7753.640,8840.000,true
baseline,3,positional_in_256,4,2510,4501.833,9576.000,true
baseline,3,mybatis_between,4,12068,1548.508,3544.000,true
baseline,3,named_naming_KEBAB_CASE,4,3301,7459.194,10584.000,true
baseline,3,raw_derived,4,2021,15401.286,15848.000,true
baseline,3,mybatis_late_modifier,4,24887,1200.603,2656.000,true
baseline,3,mybatis_naming_KEBAB_CASE,4,3200,9736.531,8984.000,true
baseline,3,positional_where_eq,4,10303,1436.417,2664.000,true
baseline,3,named_in_expression,4,743,35304.441,90680.000,true
baseline,3,raw_union_raw,4,5882,4309.436,5200.000,true
baseline,3,raw_naming_NO_CHANGE,4,4654,4903.932,7880.000,true
baseline,3,positional_pagination,4,18335,1145.983,3288.000,true
baseline,3,positional_naming_SCREAMING_SNAKE_CASE,4,4242,5776.638,5904.000,true
baseline,3,positional_dialect_Microsoft_SQL_Server,4,8546,1493.014,3544.000,true
baseline,3,named_insert_values,4,14284,2007.603,3048.000,true
baseline,3,raw_where_16,4,3472,11923.445,8840.000,true
baseline,3,positional_raw_expression,4,12454,3269.311,2624.000,true
baseline,3,positional_in_17,4,11681,2127.395,2672.000,true
baseline,3,positional_dialect_PostgreSQL,4,17618,2349.393,3360.000,true
baseline,3,raw_update_chain_16,4,1571,13255.124,25448.000,true
baseline,3,positional_batch_64,4,140,24250.000,72176.000,true
baseline,3,mybatis_select_expressions,4,10104,3367.171,2728.000,true
baseline,3,positional_mixed_literals,4,10542,2269.655,2800.000,true
baseline,3,raw_pagination,4,16483,2177.540,3400.000,true
baseline,3,positional_in_expression,4,4056,9347.066,9760.000,true
baseline,3,mybatis_condition_only,4,3568,9701.485,7960.000,true
baseline,3,named_where_128,4,243,99845.267,71280.000,true
baseline,3,positional_late_modifier,4,27237,899.868,2360.000,true
baseline,3,named_batch_4,4,3804,4035.436,9736.000,true
baseline,3,named_dialect_Oracle,4,14268,2040.272,4272.000,true
baseline,3,named_repeated_names,4,648,48118.673,64920.000,true
baseline,3,raw_in_17,4,8939,3062.837,5816.000,true
baseline,3,named_naming_SCREAMING_SNAKE_CASE,4,3178,10242.165,10600.000,true
baseline,3,positional_dialect_MySQL,4,16989,1598.652,3360.000,true
baseline,3,named_union_raw,4,6305,6286.328,5200.000,true
baseline,3,raw_select_star,4,77113,656.540,1424.000,true
baseline,3,named_where_16,4,2876,11838.282,10584.000,true
baseline,3,mybatis_update_chain_16,4,1469,35746.494,39936.000,true
baseline,3,raw_row_in,4,17345,2674.875,3136.000,true
baseline,3,mybatis_pagination,4,15529,2372.799,3808.000,true
baseline,3,custom_handler_where,4,3270,11760.979,10616.000,true
baseline,3,raw_select_entity,4,33853,1109.698,2000.000,true
baseline,3,named_in_17,4,7884,4106.304,7888.000,true
baseline,3,named_pagination,4,11462,2403.725,4072.000,true
baseline,3,named_select_expressions,4,9705,4157.568,2728.000,true
baseline,3,raw_raw_expression,4,10643,2869.821,2624.000,true
baseline,3,positional_subquery_raw,4,30712,837.073,2272.000,true
baseline,3,mybatis_derived,4,1924,15302.391,17144.000,true
baseline,3,mybatis_nested,4,12001,2593.809,3416.000,true
baseline,3,positional_derived,4,1162,19710.929,15296.000,true
baseline,3,named_join_on,4,11255,4341.608,4288.000,true
baseline,3,mybatis_subquery_structured,4,12751,3648.279,5232.000,true
baseline,3,positional_between,4,13932,2293.260,3056.000,true
baseline,3,mybatis_join_on,4,10147,3789.830,4128.000,true
baseline,3,raw_union_builder,4,3510,11230.598,10160.000,true
baseline,3,mybatis_in_16,4,7256,4921.045,6128.000,true
baseline,3,positional_insert_placeholders,4,25397,1940.572,1944.000,true
baseline,3,mybatis_subquery_raw,4,33970,2005.443,2272.000,true
baseline,3,mybatis_delete,4,28601,1215.122,1808.000,true
baseline,3,positional_dialect_Oracle,4,19801,2228.095,3496.000,true
baseline,3,named_delete,4,42355,1076.865,1960.000,true
baseline,3,mybatis_batch_beans,4,2936,12355.552,22056.000,true
baseline,3,named_raw_expression,4,13689,2691.584,2624.000,true
baseline,3,raw_select_columns,4,27167,1466.831,1952.000,true
baseline,3,positional_select_columns,4,12122,1526.275,1952.000,true
baseline,3,named_naming_CAMEL_CASE,4,3975,9687.346,9624.000,true
baseline,3,raw_batch_64,4,639,43076.526,97344.000,false
baseline,3,raw_in_expression,4,1066,27193.715,56616.000,true
baseline,3,raw_subquery_raw,4,24080,1572.990,2272.000,true
baseline,3,custom_handler_union,4,2015,24952.953,16512.000,true
baseline,3,named_dialect_MySQL,4,13762,2969.401,4144.000,true
baseline,3,raw_group_order,4,5947,7266.235,6432.000,true
baseline,3,raw_in_1024,4,268,157898.134,220248.000,true
baseline,3,raw_subquery_structured,4,14684,2985.978,4616.000,true
baseline,3,positional_update_map,4,16590,1898.180,3024.000,true
baseline,3,positional_naming_KEBAB_CASE,4,3112,9308.483,5888.000,true
baseline,3,positional_in_16,4,20136,1858.085,2656.000,true
baseline,3,mybatis_naming_NO_CHANGE,4,3751,10041.802,8024.000,true
baseline,3,mybatis_batch_64,4,367,72343.869,118896.000,true
baseline,3,mybatis_join_using,4,20268,2059.281,3352.000,true
baseline,3,mybatis_insert_values,4,16815,1926.572,2744.000,true
baseline,3,positional_retry_rollback,4,5069,5667.568,5872.000,true
baseline,3,mybatis_naming_SCREAMING_SNAKE_CASE,4,2467,9478.435,9000.000,true
baseline,3,mybatis_select_entity,4,24522,1354.298,2000.000,true
baseline,3,named_in_1024,4,166,237248.795,353216.000,true
baseline,3,positional_where_128,4,345,70816.522,32808.000,true
baseline,3,named_nested,4,12455,3724.681,3648.000,true
baseline,3,named_derived,4,1928,83677.697,17800.000,true
baseline,3,positional_naming_NO_CHANGE,4,5601,6700.000,4928.000,true
baseline,3,mybatis_naming_UPPER_CAMEL_CASE,4,2764,12079.776,8984.000,true
baseline,3,raw_naming_KEBAB_CASE,4,3619,11700.801,8840.000,true
baseline,3,named_update_chain_16,4,1197,41365.998,47000.000,true
baseline,3,named_subquery_raw,4,34069,1488.447,2272.000,true
baseline,3,positional_batch_beans,4,1505,11017.542,10440.000,true
baseline,3,named_where_eq,4,11962,2860.592,3120.000,true
baseline,3,named_insert_entity,4,9271,1731.744,2760.000,true
baseline,3,named_naming_UPPER_CAMEL_CASE,4,3096,14925.678,10584.000,true
baseline,3,positional_select_entity,4,12836,1089.631,2000.000,true
baseline,3,positional_row_in,4,19052,1936.742,2624.000,true
baseline,3,positional_naming_UPPER_CAMEL_CASE,4,4326,9562.182,5888.000,true
baseline,3,named_in_16,4,7580,4470.620,7600.000,true
baseline,3,mybatis_in_expression,4,837,43856.989,66656.000,true
baseline,3,raw_mixed_literals,4,7472,2677.744,3192.000,true
baseline,3,positional_in_1024,4,1121,25985.905,28504.000,true
baseline,3,mybatis_in_256,4,801,47032.459,66616.000,true
baseline,3,mybatis_row_in,4,14801,2635.369,3608.000,true
baseline,3,raw_where_eq,4,19195,2330.482,2784.000,true
baseline,3,raw_select_expressions,4,7375,4656.054,2728.000,true
baseline,3,raw_naming_SCREAMING_SNAKE_CASE,4,3940,12077.538,8856.000,true
baseline,3,named_dialect_DB2,4,14487,3014.786,4320.000,true
baseline,3,named_union_builder,4,1785,25306.106,17248.000,true
baseline,3,positional_naming_CAMEL_CASE,4,4918,7523.058,4928.000,true
baseline,3,named_mixed_literals,4,8912,3264.991,3768.000,true
baseline,3,mybatis_group_order,4,5678,7286.650,7264.000,true
baseline,3,mybatis_union_builder,4,1878,21778.222,16648.000,true
baseline,3,named_dialect_PostgreSQL,4,10200,2563.549,4144.000,true
baseline,3,mybatis_naming_KEBAB_CASE,5,3200,11138.656,8984.000,true
baseline,3,named_late_modifier,5,17526,1590.928,2816.000,true
baseline,3,raw_retry_rollback,5,5056,6060.265,6376.000,true
baseline,3,positional_group_order,5,6044,5625.711,6336.000,true
baseline,3,mybatis_update_chain_16,5,1469,27185.092,39936.000,true
baseline,3,raw_in_expression,5,1066,35709.381,56616.000,true
baseline,3,raw_naming_CAMEL_CASE,5,4742,9008.098,7880.000,true
baseline,3,named_dialect_PostgreSQL,5,10200,2344.686,4144.000,true
baseline,3,named_derived,5,1928,20673.185,17800.000,true
baseline,3,raw_insert_values,5,14610,1814.387,2464.000,false
baseline,3,mybatis_group_order,5,5678,6834.484,7264.000,true
baseline,3,raw_subquery_raw,5,24080,1082.828,2272.000,true
baseline,3,raw_condition_only,5,4310,6298.886,7816.000,true
baseline,3,positional_between,5,13932,1597.782,3056.000,true
baseline,3,positional_join_using,5,22400,1107.446,3056.000,true
baseline,3,mybatis_between,5,12068,2732.242,3544.000,true
baseline,3,raw_group_order,5,5947,5591.004,6432.000,true
baseline,3,positional_subquery_structured,5,12905,2765.610,4704.000,true
baseline,3,mybatis_batch_64,5,367,46866.485,118896.000,true
baseline,3,positional_select_entity,5,12836,856.264,2000.000,true
baseline,3,mybatis_select_entity,5,24522,844.046,2000.000,true
baseline,3,positional_naming_CAMEL_CASE,5,4918,5645.445,4928.000,true
baseline,3,mybatis_where_eq,5,16515,1671.020,2960.000,true
baseline,3,named_nested,5,12455,3142.521,3648.000,true
baseline,3,positional_late_modifier,5,27237,1289.643,2360.000,true
baseline,3,positional_batch_4,5,2628,4279.338,5968.000,true
baseline,3,mybatis_select_expressions,5,10104,5179.444,2728.000,true
baseline,3,raw_select_expressions,5,7375,4132.475,2728.000,true
baseline,3,named_where_16,5,2876,10378.512,10584.000,true
baseline,3,mybatis_select_star,5,62528,376.967,1424.000,true
baseline,3,named_select_star,5,52823,342.563,1424.000,true
baseline,3,mybatis_naming_SCREAMING_SNAKE_CASE,5,2467,6776.368,9000.000,true
baseline,3,positional_pagination,5,18335,1032.959,3288.000,true
baseline,3,mybatis_where_16,5,2191,6595.801,8984.000,true
baseline,3,raw_naming_SCREAMING_SNAKE_CASE,5,3940,5588.959,8856.000,true
baseline,3,named_join_on,5,11255,1888.485,4288.000,true
baseline,3,mybatis_select_columns,5,22655,991.296,1952.000,true
baseline,3,positional_select_expressions,5,6181,2625.028,2728.000,true
baseline,3,mybatis_derived,5,1924,11844.335,17144.000,true
baseline,3,positional_join_on,5,11963,1686.116,3832.000,true
baseline,3,positional_insert_placeholders,5,25397,748.990,1944.000,true
baseline,3,positional_dialect_MySQL,5,16989,1574.195,3360.000,true
baseline,3,named_in_expression,5,743,29787.079,90680.000,true
baseline,3,named_insert_placeholders,5,5968,1005.010,2888.000,true
baseline,3,raw_select_entity,5,33853,573.893,2000.000,true
baseline,3,mybatis_join_using,5,20268,1024.941,3352.000,true
baseline,3,positional_where_16,5,1000,5236.700,5888.000,true
baseline,3,named_retry_rollback,5,5491,4309.852,8264.000,true
baseline,3,named_batch_64,5,555,55550.811,134912.000,true
baseline,3,raw_batch_64,5,639,41303.130,97344.000,false
baseline,3,custom_handler_union,5,2015,14206.700,16512.000,true
baseline,3,named_pagination,5,11462,1630.553,4072.000,true
baseline,3,positional_naming_NO_CHANGE,5,5601,3638.582,4928.000,true
baseline,3,mybatis_subquery_raw,5,33970,630.283,2272.000,true
baseline,3,raw_nested,5,13555,1417.285,3280.000,true
baseline,3,mybatis_in_1024,5,214,112489.252,256896.000,true
baseline,3,mybatis_naming_CAMEL_CASE,5,4371,4822.581,8024.000,true
baseline,3,mybatis_union_builder,5,1878,11755.964,16648.000,true
baseline,3,mybatis_repeated_names,5,654,25674.312,52872.000,true
baseline,3,positional_union_builder,5,3465,5632.006,9768.000,true
baseline,3,named_between,5,13233,1445.409,3800.000,true
baseline,3,raw_where_eq,5,19195,1142.146,2784.000,true
baseline,3,positional_dialect_DB2,5,19217,1314.997,3544.000,true
baseline,3,positional_naming_KEBAB_CASE,5,3112,4916.260,5888.000,true
baseline,3,raw_naming_KEBAB_CASE,5,3619,5424.427,8840.000,true
baseline,3,positional_update_map,5,16590,1136.371,3024.000,true
baseline,3,positional_in_1024,5,1121,14054.594,28504.000,true
baseline,3,raw_select_columns,5,27167,829.937,1952.000,true
baseline,3,positional_in_17,5,11681,974.566,2672.000,true
baseline,3,named_dialect_MySQL,5,13762,1473.645,4144.000,true
baseline,3,named_update_map,5,11364,1938.191,4752.000,true
baseline,3,positional_dialect_Microsoft_SQL_Server,5,8546,1426.000,3544.000,true
baseline,3,raw_in_17,5,8939,2001.219,5816.000,true
baseline,3,mybatis_insert_entity,5,12250,1278.710,2456.000,true
baseline,3,named_insert_values,5,14284,1282.246,3048.000,true
baseline,3,positional_insert_values,5,24206,850.475,2104.000,true
baseline,3,positional_update_chain_16,5,1851,9132.847,22360.000,true
baseline,3,raw_batch_4,5,4846,3172.658,7584.000,false
baseline,3,mybatis_union_raw,5,6330,3975.292,5200.000,true
baseline,3,named_subquery_structured,5,6395,1936.341,5488.000,true
baseline,3,positional_delete,5,41127,367.676,1504.000,true
baseline,3,raw_naming_UPPER_CAMEL_CASE,5,3283,6749.802,8840.000,true
baseline,3,positional_derived,5,1162,10826.936,15296.000,true
baseline,3,positional_in_256,5,2510,4208.207,9576.000,true
baseline,3,positional_batch_64,5,140,21603.571,72176.000,true
baseline,3,raw_in_16,5,8003,2109.434,5600.000,true
baseline,3,positional_union_raw,5,5664,3534.993,5200.000,true
baseline,3,raw_mixed_literals,5,7472,1496.775,3192.000,true
baseline,3,raw_in_1024,5,268,88817.910,220248.000,true
baseline,3,mybatis_raw_expression,5,12819,1819.705,2624.000,true
baseline,3,positional_nested,5,8375,1300.872,2952.000,true
baseline,3,raw_delete,5,46256,473.249,1624.000,true
baseline,3,raw_join_on,5,10164,1862.023,3952.000,true
baseline,3,named_in_17,5,7884,2468.252,7888.000,true
baseline,3,raw_raw_expression,5,10643,1658.123,2624.000,true
baseline,3,mybatis_pagination,5,15529,1352.927,3808.000,true
baseline,3,mybatis_batch_beans,5,2936,7572.480,22056.000,true
baseline,3,raw_repeated_names,5,915,23856.940,53896.000,true
baseline,3,raw_between,5,14665,1576.495,3384.000,true
baseline,3,raw_naming_NO_CHANGE,5,4654,5091.749,7880.000,true
baseline,3,raw_where_16,5,3472,5365.265,8840.000,true
baseline,3,raw_select_star,5,77113,333.715,1424.000,true
baseline,3,positional_subquery_raw,5,30712,660.351,2272.000,true
baseline,3,positional_naming_UPPER_CAMEL_CASE,5,4326,6091.077,5888.000,true
baseline,3,named_naming_UPPER_CAMEL_CASE,5,3096,6813.146,10584.000,true
baseline,3,raw_derived,5,2021,10494.062,15848.000,true
baseline,3,positional_in_16,5,20136,1016.900,2656.000,true
baseline,3,named_naming_NO_CHANGE,5,4092,5501.124,9624.000,true
baseline,3,positional_mixed_literals,5,10542,1273.212,2800.000,true
baseline,3,positional_retry_rollback,5,5069,3626.672,5872.000,true
baseline,3,named_join_using,5,12854,1070.569,3512.000,true
baseline,3,mybatis_batch_4,5,6647,3312.472,8784.000,true
baseline,3,named_update_chain_16,5,1197,22098.079,47000.000,true
baseline,3,raw_insert_placeholders,5,30899,706.605,1944.000,true
baseline,3,mybatis_insert_values,5,16815,1205.138,2744.000,true
baseline,3,positional_raw_expression,5,12454,1788.727,2624.000,true
baseline,3,named_batch_4,5,3804,4403.864,9736.000,true
baseline,3,positional_where_eq,5,10303,1047.064,2664.000,true
baseline,3,named_row_in,5,11516,1655.705,4016.000,true
baseline,3,positional_insert_entity,5,34074,643.948,1816.000,true
baseline,3,mybatis_retry_rollback,5,2786,3841.709,7568.000,true
baseline,3,named_subquery_raw,5,34069,722.038,2272.000,true
baseline,3,named_naming_SCREAMING_SNAKE_CASE,5,3178,6707.395,10600.000,true
baseline,3,mybatis_in_256,5,801,23217.104,66616.000,true
baseline,3,custom_handler_where,5,3270,6763.609,10616.000,true
baseline,3,named_union_raw,5,6305,4510.167,5200.000,true
baseline,3,positional_select_star,5,3576,533.725,1424.000,true
baseline,3,named_select_columns,5,21303,1485.190,1952.000,true
baseline,3,named_where_eq,5,11962,1812.481,3120.000,true
baseline,3,mybatis_late_modifier,5,24887,1306.959,2656.000,true
baseline,3,named_repeated_names,5,648,29260.031,64920.000,true
baseline,3,named_select_expressions,5,9705,2362.009,2728.000,true
baseline,3,mybatis_join_on,5,10147,1655.110,4128.000,true
baseline,3,positional_batch_beans,5,1505,3823.322,10440.000,true
baseline,3,named_mixed_literals,5,8912,1629.612,3768.000,true
baseline,3,named_dialect_Oracle,5,14268,1393.440,4272.000,true
baseline,3,positional_dialect_PostgreSQL,5,17618,1160.660,3360.000,true
baseline,3,raw_update_chain_16,5,1571,8859.644,25448.000,true
baseline,3,named_dialect_Microsoft_SQL_Server,5,13019,1576.918,4320.000,true
baseline,3,positional_row_in,5,19052,1004.503,2624.000,true
baseline,3,named_select_entity,5,31958,630.224,2000.000,true
baseline,3,named_union_builder,5,1785,11267.899,17248.000,true
baseline,3,positional_where_128,5,345,35839.710,32808.000,true
baseline,3,mybatis_nested,5,12001,1451.746,3416.000,true
baseline,3,named_raw_expression,5,13689,1534.619,2624.000,true
baseline,3,raw_in_256,5,1079,18289.249,56640.000,true
baseline,3,raw_insert_entity,5,21972,895.726,2176.000,false
baseline,3,positional_in_expression,5,4056,4364.670,9760.000,true
baseline,3,positional_naming_SCREAMING_SNAKE_CASE,5,4242,4608.604,5904.000,true
baseline,3,named_condition_only,5,3649,5705.755,9560.000,true
baseline,3,raw_union_builder,5,3510,5695.299,10160.000,true
baseline,3,mybatis_row_in,5,14801,1394.521,3608.000,true
baseline,3,positional_repeated_names,5,1171,18055.764,30360.000,true
baseline,3,mybatis_where_128,5,301,49046.179,58208.000,true
baseline,3,mybatis_condition_only,5,3568,5721.833,7960.000,true
baseline,3,mybatis_delete,5,28601,465.963,1808.000,true
baseline,3,named_insert_entity,5,9271,918.466,2760.000,true
baseline,3,mybatis_naming_UPPER_CAMEL_CASE,5,2764,6760.601,8984.000,true
baseline,3,named_naming_KEBAB_CASE,5,3301,6866.434,10584.000,true
baseline,3,raw_pagination,5,16483,1093.029,3400.000,true
baseline,3,raw_where_128,5,487,40666.735,56496.000,true
baseline,3,mybatis_naming_NO_CHANGE,5,3751,4398.880,8024.000,true
baseline,3,mybatis_in_expression,5,837,23681.840,66656.000,true
baseline,3,named_dialect_DB2,5,14487,1501.974,4320.000,true
baseline,3,raw_late_modifier,5,26362,779.501,2480.000,true
baseline,3,raw_batch_beans,5,2839,6722.226,16872.000,false
baseline,3,mybatis_subquery_structured,5,12751,1598.188,5232.000,true
baseline,3,raw_union_raw,5,5882,3567.579,5200.000,true
baseline,3,raw_subquery_structured,5,14684,1417.379,4616.000,true
baseline,3,mybatis_in_16,5,7256,1933.462,6128.000,true
baseline,3,named_in_16,5,7580,2304.420,7600.000,true
baseline,3,named_in_1024,5,166,133195.181,353216.000,true
baseline,3,positional_dialect_Oracle,5,19801,1044.599,3496.000,true
baseline,3,raw_update_map,5,12066,1397.646,3592.000,false
baseline,3,mybatis_update_map,5,8073,1553.945,4200.000,true
baseline,3,mybatis_insert_placeholders,5,21047,1098.788,2584.000,true
baseline,3,positional_select_columns,5,12122,731.991,1952.000,true
baseline,3,raw_row_in,5,17345,1242.058,3136.000,true
baseline,3,named_batch_beans,5,2588,7824.845,26040.000,true
baseline,3,named_group_order,5,3157,3981.818,7688.000,true
baseline,3,mybatis_in_17,5,6885,2132.985,6344.000,true
baseline,3,positional_condition_only,5,4476,3940.594,4872.000,true
baseline,3,raw_join_using,5,13805,1076.385,3176.000,true
baseline,3,mybatis_mixed_literals,5,12632,1451.172,3432.000,true
baseline,3,named_where_128,5,243,46781.893,71280.000,true
baseline,3,named_in_256,5,671,28779.583,90712.000,true
baseline,3,named_delete,5,42355,484.566,1960.000,true
baseline,3,named_naming_CAMEL_CASE,5,3975,5044.956,9624.000,true
baseline,3,named_join_on,6,11255,1731.044,4288.000,true
baseline,3,raw_mixed_literals,6,7472,1623.033,3192.000,true
baseline,3,mybatis_batch_64,6,367,31811.444,118896.000,true
baseline,3,positional_dialect_PostgreSQL,6,17618,1157.067,3360.000,true
baseline,3,raw_nested,6,13555,1472.136,3280.000,true
baseline,3,named_insert_values,6,14284,1188.533,3048.000,true
baseline,3,named_derived,6,1928,11255.913,17800.000,true
baseline,3,raw_condition_only,6,4310,4850.070,7816.000,true
baseline,3,raw_insert_entity,6,21972,965.251,2176.000,false
baseline,3,named_in_expression,6,743,26871.198,90680.000,true
baseline,3,mybatis_derived,6,1924,11991.216,17144.000,true
baseline,3,named_select_columns,6,21303,803.920,1952.000,true
baseline,3,raw_in_17,6,8939,1887.627,5816.000,true
baseline,3,mybatis_raw_expression,6,12819,1672.400,2624.000,true
baseline,3,raw_subquery_structured,6,14684,1588.300,4616.000,true
baseline,3,mybatis_insert_values,6,16815,2011.585,2744.000,true
baseline,3,raw_where_128,6,487,54042.505,56496.000,true
baseline,3,named_delete,6,42355,573.425,1960.000,true
baseline,3,positional_delete,6,41127,352.700,1504.000,true
baseline,3,positional_derived,6,1162,9536.747,15296.000,true
baseline,3,mybatis_select_star,6,62528,309.690,1424.000,true
baseline,3,named_dialect_PostgreSQL,6,10200,1560.686,4144.000,true
baseline,3,mybatis_join_using,6,20268,1004.159,3352.000,true
baseline,3,named_dialect_Oracle,6,14268,1364.781,4272.000,true
baseline,3,mybatis_pagination,6,15529,1162.625,3808.000,true
baseline,3,custom_handler_where,6,3270,6225.688,10616.000,true
baseline,3,positional_naming_CAMEL_CASE,6,4918,3571.187,4928.000,true
baseline,3,mybatis_in_1024,6,214,99461.682,256896.000,true
baseline,3,raw_naming_UPPER_CAMEL_CASE,6,3283,5778.739,8840.000,true
baseline,3,positional_batch_beans,6,1505,4536.944,10440.000,true
baseline,3,raw_select_columns,6,27167,846.361,1952.000,true
baseline,3,positional_batch_4,6,2628,1903.995,5968.000,true
baseline,3,mybatis_subquery_structured,6,12751,1702.502,5232.000,true
baseline,3,positional_union_raw,6,5664,3509.569,5200.000,true
baseline,3,named_naming_KEBAB_CASE,6,3301,5947.349,10584.000,true
baseline,3,raw_subquery_raw,6,24080,670.951,2272.000,true
baseline,3,positional_late_modifier,6,27237,615.607,2360.000,true
baseline,3,positional_dialect_MySQL,6,16989,1093.096,3360.000,true
baseline,3,named_raw_expression,6,13689,1533.056,2624.000,true
baseline,3,positional_join_on,6,11963,1623.188,3832.000,true
baseline,3,positional_retry_rollback,6,5069,3185.599,5872.000,true
baseline,3,positional_naming_SCREAMING_SNAKE_CASE,6,4242,4592.291,5904.000,true
baseline,3,mybatis_repeated_names,6,654,25467.584,52872.000,true
baseline,3,mybatis_insert_placeholders,6,21047,1039.298,2584.000,true
baseline,3,mybatis_in_256,6,801,27171.036,66616.000,true
baseline,3,named_in_16,6,7580,2182.032,7600.000,true
baseline,3,positional_where_16,6,1000,5558.700,5888.000,true
baseline,3,positional_join_using,6,22400,886.469,3056.000,true
baseline,3,named_between,6,13233,1777.027,3800.000,true
baseline,3,positional_condition_only,6,4476,4111.930,4872.000,true
baseline,3,named_select_entity,6,31958,637.211,2000.000,true
baseline,3,named_retry_rollback,6,5491,4651.175,8264.000,true
baseline,3,raw_where_16,6,3472,5359.044,8840.000,true
baseline,3,raw_late_modifier,6,26362,755.773,2480.000,true
baseline,3,raw_select_star,6,77113,285.486,1424.000,true
baseline,3,named_naming_UPPER_CAMEL_CASE,6,3096,6369.348,10584.000,true
baseline,3,named_late_modifier,6,17526,853.714,2816.000,true
baseline,3,positional_between,6,13932,1179.314,3056.000,true
baseline,3,mybatis_in_16,6,7256,2133.779,6128.000,true
baseline,3,raw_update_chain_16,6,1571,7896.117,25448.000,true
baseline,3,mybatis_row_in,6,14801,1451.247,3608.000,true
baseline,3,positional_subquery_structured,6,12905,1422.495,4704.000,true
baseline,3,raw_union_builder,6,3510,5842.365,10160.000,true
baseline,3,positional_pagination,6,18335,1028.945,3288.000,true
baseline,3,raw_insert_placeholders,6,30899,666.458,1944.000,true
baseline,3,mybatis_select_entity,6,24522,640.882,2000.000,true
baseline,3,raw_raw_expression,6,10643,1492.436,2624.000,true
baseline,3,positional_select_star,6,3576,483.389,1424.000,true
baseline,3,mybatis_update_chain_16,6,1469,14336.896,39936.000,true
baseline,3,named_in_17,6,7884,2402.334,7888.000,true
baseline,3,positional_insert_values,6,24206,902.165,2104.000,true
baseline,3,positional_select_expressions,6,6181,2118.605,2728.000,true
baseline,3,raw_update_map,6,12066,1352.636,3592.000,false
baseline,3,raw_group_order,6,5947,3390.634,6432.000,true
baseline,3,named_pagination,6,11462,1387.245,4072.000,true
baseline,3,raw_select_entity,6,33853,630.721,2000.000,true
baseline,3,positional_in_256,6,2510,4823.745,9576.000,true
baseline,3,named_where_16,6,2876,5906.259,10584.000,true
baseline,3,mybatis_mixed_literals,6,12632,1543.366,3432.000,true
baseline,3,custom_handler_union,6,2015,10807.990,16512.000,true
baseline,3,named_repeated_names,6,648,26825.926,64920.000,true
baseline,3,mybatis_naming_SCREAMING_SNAKE_CASE,6,2467,5852.250,9000.000,true
baseline,3,named_where_eq,6,11962,1110.910,3120.000,true
baseline,3,mybatis_where_128,6,301,50160.797,58208.000,true
baseline,3,positional_where_128,6,345,32415.652,32808.000,true
baseline,3,raw_select_expressions,6,7375,2236.488,2728.000,true
baseline,3,positional_repeated_names,6,1171,17055.850,30360.000,true
baseline,3,mybatis_in_17,6,6885,2235.381,6344.000,true
baseline,3,raw_repeated_names,6,915,24233.333,53896.000,true
baseline,3,named_subquery_raw,6,34069,640.982,2272.000,true
baseline,3,mybatis_between,6,12068,1273.815,3544.000,true
baseline,3,raw_retry_rollback,6,5056,4359.691,6376.000,true
baseline,3,positional_group_order,6,6044,3631.767,6336.000,true
baseline,3,named_nested,6,12455,1998.483,3648.000,true
baseline,3,positional_select_entity,6,12836,775.927,2000.000,true
baseline,3,named_update_chain_16,6,1197,19299.415,47000.000,true
baseline,3,raw_in_1024,6,268,71911.194,220248.000,true
baseline,3,positional_subquery_raw,6,30712,659.439,2272.000,true
baseline,3,positional_naming_KEBAB_CASE,6,3112,4500.193,5888.000,true
baseline,3,positional_raw_expression,6,12454,1588.759,2624.000,true
baseline,3,named_dialect_Microsoft_SQL_Server,6,13019,1674.092,4320.000,true
baseline,3,mybatis_insert_entity,6,12250,882.212,2456.000,true
baseline,3,mybatis_naming_NO_CHANGE,6,3751,4795.575,8024.000,true
baseline,3,mybatis_condition_only,6,3568,5845.067,7960.000,true
baseline,3,positional_in_expression,6,4056,5983.037,9760.000,true
baseline,3,mybatis_join_on,6,10147,1833.064,4128.000,true
baseline,3,positional_insert_entity,6,34074,617.667,1816.000,true
baseline,3,named_row_in,6,11516,1306.278,4016.000,true
baseline,3,named_subquery_structured,6,6395,1803.112,5488.000,true
baseline,3,positional_dialect_Oracle,6,19801,1097.889,3496.000,true
baseline,3,named_naming_CAMEL_CASE,6,3975,4764.453,9624.000,true
baseline,3,positional_row_in,6,19052,951.832,2624.000,true
baseline,3,raw_insert_values,6,14610,1026.297,2464.000,false
baseline,3,raw_row_in,6,17345,1218.576,3136.000,true
baseline,3,mybatis_union_builder,6,1878,11260.277,16648.000,true
baseline,3,mybatis_delete,6,28601,457.498,1808.000,true
baseline,3,mybatis_naming_CAMEL_CASE,6,4371,4942.324,8024.000,true
baseline,3,positional_naming_NO_CHANGE,6,5601,3451.009,4928.000,true
baseline,3,raw_batch_4,6,4846,2554.272,7584.000,false
baseline,3,raw_join_using,6,13805,1032.858,3176.000,true
baseline,3,mybatis_naming_KEBAB_CASE,6,3200,6094.625,8984.000,true
baseline,3,raw_naming_SCREAMING_SNAKE_CASE,6,3940,5472.081,8856.000,true
baseline,3,positional_select_columns,6,12122,769.197,1952.000,true
baseline,3,positional_where_eq,6,10303,893.235,2664.000,true
baseline,3,mybatis_where_eq,6,16515,1028.265,2960.000,true
baseline,3,raw_derived,6,2021,11514.102,15848.000,true
baseline,3,raw_naming_KEBAB_CASE,6,3619,5819.038,8840.000,true
baseline,3,raw_batch_64,6,639,27974.491,97344.000,false
baseline,3,named_dialect_DB2,6,14487,1452.302,4320.000,true
baseline,3,named_naming_SCREAMING_SNAKE_CASE,6,3178,6429.295,10600.000,true
baseline,3,positional_batch_64,6,140,16924.286,72176.000,true
baseline,3,mybatis_in_expression,6,837,21340.382,66656.000,true
baseline,3,mybatis_retry_rollback,6,2786,4808.327,7568.000,true
baseline,3,named_batch_beans,6,2588,8040.611,26040.000,true
baseline,3,positional_update_map,6,16590,1048.843,3024.000,true
baseline,3,positional_dialect_Microsoft_SQL_Server,6,8546,1489.200,3544.000,true
baseline,3,positional_nested,6,8375,1202.519,2952.000,true
baseline,3,positional_naming_UPPER_CAMEL_CASE,6,4326,4424.249,5888.000,true
baseline,3,positional_insert_placeholders,6,25397,737.989,1944.000,true
baseline,3,raw_where_eq,6,19195,1004.892,2784.000,true
baseline,3,positional_in_1024,6,1121,13750.491,28504.000,true
baseline,3,named_select_expressions,6,9705,2082.154,2728.000,true
baseline,3,positional_in_17,6,11681,1038.952,2672.000,true
baseline,3,mybatis_naming_UPPER_CAMEL_CASE,6,2764,5966.100,8984.000,true
baseline,3,named_naming_NO_CHANGE,6,4092,4947.361,9624.000,true
baseline,3,raw_in_256,6,1079,17895.273,56640.000,true
baseline,3,raw_delete,6,46256,411.410,1624.000,true
baseline,3,mybatis_select_expressions,6,10104,2359.105,2728.000,true
baseline,3,mybatis_select_columns,6,22655,797.669,1952.000,true
baseline,3,raw_batch_beans,6,2839,6941.493,16872.000,false
baseline,3,named_union_raw,6,6305,3357.145,5200.000,true
baseline,3,named_in_256,6,671,27740.387,90712.000,true
baseline,3,mybatis_batch_4,6,6647,3107.071,8784.000,true
baseline,3,named_union_builder,6,1785,10519.104,17248.000,true
baseline,3,positional_update_chain_16,6,1851,6937.925,22360.000,true
baseline,3,mybatis_update_map,6,8073,1570.110,4200.000,true
baseline,3,raw_in_expression,6,1066,19902.251,56616.000,true
baseline,3,positional_mixed_literals,6,10542,1952.409,2800.000,true
baseline,3,raw_pagination,6,16483,1468.252,3400.000,true
baseline,3,mybatis_union_raw,6,6330,3755.656,5200.000,true
baseline,3,raw_naming_CAMEL_CASE,6,4742,4365.458,7880.000,true
baseline,3,named_mixed_literals,6,8912,1680.509,3768.000,true
baseline,3,mybatis_where_16,6,2191,6481.789,8984.000,true
baseline,3,named_dialect_MySQL,6,13762,1356.329,4144.000,true
baseline,3,named_where_128,6,243,46636.626,71280.000,true
baseline,3,named_insert_entity,6,9271,1014.756,2760.000,true
baseline,3,mybatis_group_order,6,5678,3728.443,7264.000,true
baseline,3,positional_union_builder,6,3465,6777.258,9768.000,true
baseline,3,named_select_star,6,52823,414.160,1424.000,true
baseline,3,raw_naming_NO_CHANGE,6,4654,5712.613,7880.000,true
baseline,3,mybatis_nested,6,12001,1978.535,3416.000,true
baseline,3,raw_between,6,14665,1742.980,3384.000,true
baseline,3,named_batch_4,6,3804,3619.085,9736.000,true
baseline,3,raw_join_on,6,10164,1669.146,3952.000,true
baseline,3,named_update_map,6,11364,1838.261,4752.000,true
baseline,3,named_in_1024,6,166,118874.699,353216.000,true
baseline,3,raw_in_16,6,8003,1742.172,5600.000,true
baseline,3,named_insert_placeholders,6,5968,1159.735,2888.000,true
baseline,3,positional_dialect_DB2,6,19217,1071.931,3544.000,true
baseline,3,mybatis_late_modifier,6,24887,823.510,2656.000,true
baseline,3,positional_in_16,6,20136,844.368,2656.000,true
baseline,3,named_group_order,6,3157,3785.144,7688.000,true
baseline,3,named_join_using,6,12854,1411.389,3512.000,true
baseline,3,named_condition_only,6,3649,6487.942,9560.000,true
baseline,3,named_batch_64,6,555,36085.225,134912.000,true
baseline,3,raw_union_raw,6,5882,3571.506,5200.000,true
baseline,3,mybatis_batch_beans,6,2936,7219.925,22056.000,true
baseline,3,mybatis_subquery_raw,6,33970,617.892,2272.000,true
baseline,3,raw_raw_expression,7,10643,1658.245,2624.000,true
baseline,3,named_in_256,7,671,27139.195,90712.000,true
baseline,3,raw_union_raw,7,5882,3266.049,5200.000,true
baseline,3,raw_select_columns,7,27167,803.280,1952.000,true
baseline,3,raw_insert_entity,7,21972,898.589,2176.000,false
baseline,3,positional_in_1024,7,1121,14402.765,28504.000,true
baseline,3,named_in_expression,7,743,26242.665,90680.000,true
baseline,3,named_dialect_DB2,7,14487,1495.168,4320.000,true
baseline,3,positional_derived,7,1162,9424.957,15296.000,true
baseline,3,positional_where_128,7,345,35234.783,32808.000,true
baseline,3,named_delete,7,42355,476.872,1960.000,true
baseline,3,raw_select_entity,7,33853,704.124,2000.000,true
baseline,3,named_subquery_structured,7,6395,1757.608,5488.000,true
baseline,3,named_where_16,7,2876,6584.944,10584.000,true
baseline,3,named_raw_expression,7,13689,1774.680,2624.000,true
baseline,3,mybatis_naming_UPPER_CAMEL_CASE,7,2764,5996.780,8984.000,true
baseline,3,named_derived,7,1928,10848.496,17800.000,true
baseline,3,named_batch_64,7,555,37652.432,134912.000,true
baseline,3,named_batch_beans,7,2588,8019.938,26040.000,true
baseline,3,raw_row_in,7,17345,1270.476,3136.000,true
baseline,3,positional_dialect_DB2,7,19217,1161.966,3544.000,true
baseline,3,raw_update_chain_16,7,1571,8642.521,25448.000,true
baseline,3,raw_naming_NO_CHANGE,7,4654,4518.006,7880.000,true
baseline,3,positional_naming_SCREAMING_SNAKE_CASE,7,4242,4618.199,5904.000,true
baseline,3,raw_select_star,7,77113,307.658,1424.000,true
baseline,3,named_insert_placeholders,7,5968,979.541,2888.000,true
baseline,3,positional_subquery_raw,7,30712,613.529,2272.000,true
baseline,3,positional_in_expression,7,4056,4964.472,9760.000,true
baseline,3,named_naming_UPPER_CAMEL_CASE,7,3096,6622.061,10584.000,true
baseline,3,mybatis_naming_NO_CHANGE,7,3751,4431.458,8024.000,true
baseline,3,mybatis_batch_beans,7,2936,7462.807,22056.000,true
baseline,3,mybatis_group_order,7,5678,3460.250,7264.000,true
baseline,3,positional_dialect_Oracle,7,19801,1084.162,3496.000,true
baseline,3,positional_in_256,7,2510,4451.514,9576.000,true
baseline,3,named_mixed_literals,7,8912,1705.117,3768.000,true
baseline,3,mybatis_union_builder,7,1878,11161.448,16648.000,true
baseline,3,named_select_expressions,7,9705,2244.523,2728.000,true
baseline,3,raw_group_order,7,5947,3303.918,6432.000,true
baseline,3,raw_condition_only,7,4310,4808.144,7816.000,true
baseline,3,mybatis_join_on,7,10147,1710.515,4128.000,true
baseline,3,raw_late_modifier,7,26362,727.301,2480.000,true
baseline,3,positional_dialect_PostgreSQL,7,17618,1166.506,3360.000,true
baseline,3,positional_in_16,7,20136,789.531,2656.000,true
baseline,3,named_dialect_Microsoft_SQL_Server,7,13019,1590.015,4320.000,true
baseline,3,positional_batch_4,7,2628,2134.855,5968.000,true
baseline,3,mybatis_in_1024,7,214,103432.243,256896.000,true
baseline,3,raw_batch_64,7,639,29283.099,97344.000,false
baseline,3,mybatis_where_16,7,2191,5999.361,8984.000,true
baseline,3,raw_insert_placeholders,7,30899,736.004,1944.000,true
baseline,3,mybatis_insert_values,7,16815,1148.552,2744.000,true
baseline,3,mybatis_condition_only,7,3568,5630.409,7960.000,true
baseline,3,raw_naming_CAMEL_CASE,7,4742,4410.038,7880.000,true
baseline,3,named_select_star,7,52823,336.066,1424.000,true
baseline,3,mybatis_retry_rollback,7,2786,6773.546,7568.000,true
baseline,3,named_group_order,7,3157,3979.062,7688.000,true
baseline,3,positional_delete,7,41127,387.084,1504.000,true
baseline,3,mybatis_where_128,7,301,48762.458,58208.000,true
baseline,3,raw_nested,7,13555,1825.570,3280.000,true
baseline,3,mybatis_naming_KEBAB_CASE,7,3200,8335.813,8984.000,true
baseline,3,positional_update_map,7,16590,1130.922,3024.000,true
baseline,3,mybatis_join_using,7,20268,1027.793,3352.000,true
baseline,3,raw_in_1024,7,268,76955.224,220248.000,true
baseline,3,named_join_using,7,12854,1019.239,3512.000,true
baseline,3,raw_insert_values,7,14610,1053.470,2464.000,false
baseline,3,mybatis_raw_expression,7,12819,1831.547,2624.000,true
baseline,3,mybatis_in_17,7,6885,2071.140,6344.000,true
baseline,3,positional_naming_UPPER_CAMEL_CASE,7,4326,4802.011,5888.000,true
baseline,3,named_naming_KEBAB_CASE,7,3301,6962.133,10584.000,true
baseline,3,raw_where_128,7,487,40045.380,56496.000,true
baseline,3,mybatis_naming_SCREAMING_SNAKE_CASE,7,2467,5956.911,9000.000,true
baseline,3,named_naming_SCREAMING_SNAKE_CASE,7,3178,6459.377,10600.000,true
baseline,3,named_where_eq,7,11962,1011.394,3120.000,true
baseline,3,raw_retry_rollback,7,5056,3505.123,6376.000,true
baseline,3,positional_condition_only,7,4476,3992.382,4872.000,true
baseline,3,positional_raw_expression,7,12454,1717.858,2624.000,true
baseline,3,raw_naming_UPPER_CAMEL_CASE,7,3283,7619.921,8840.000,true
baseline,3,named_condition_only,7,3649,6034.174,9560.000,true
baseline,3,positional_batch_64,7,140,18437.143,72176.000,true
baseline,3,raw_where_eq,7,19195,1212.576,2784.000,true
baseline,3,mybatis_between,7,12068,1904.441,3544.000,true
baseline,3,custom_handler_union,7,2015,13258.511,16512.000,true
baseline,3,named_dialect_PostgreSQL,7,10200,1954.284,4144.000,true
baseline,3,mybatis_repeated_names,7,654,27244.648,52872.000,true
baseline,3,named_select_columns,7,21303,1286.964,1952.000,true
baseline,3,positional_naming_CAMEL_CASE,7,4918,3310.512,4928.000,true
baseline,3,mybatis_subquery_structured,7,12751,1852.208,5232.000,true
baseline,3,named_join_on,7,11255,1988.485,4288.000,true
baseline,3,named_insert_values,7,14284,1332.421,3048.000,true
baseline,3,mybatis_derived,7,1924,13058.524,17144.000,true
baseline,3,mybatis_in_256,7,801,25464.170,66616.000,true
baseline,3,named_update_map,7,11364,2133.509,4752.000,true
baseline,3,mybatis_select_expressions,7,10104,2324.485,2728.000,true
baseline,3,named_union_raw,7,6305,3410.182,5200.000,true
baseline,3,raw_in_expression,7,1066,18488.931,56616.000,true
baseline,3,named_nested,7,12455,1625.893,3648.000,true
baseline,3,positional_select_columns,7,12122,868.842,1952.000,true
baseline,3,named_pagination,7,11462,1488.047,4072.000,true
baseline,3,named_where_128,7,243,49616.049,71280.000,true
baseline,3,positional_insert_placeholders,7,25397,788.164,1944.000,true
baseline,3,mybatis_select_star,7,62528,302.103,1424.000,true
baseline,3,positional_subquery_structured,7,12905,1505.478,4704.000,true
baseline,3,mybatis_delete,7,28601,467.019,1808.000,true
baseline,3,named_late_modifier,7,17526,910.116,2816.000,true
baseline,3,named_in_17,7,7884,2589.650,7888.000,true
baseline,3,named_subquery_raw,7,34069,792.448,2272.000,true
baseline,3,named_retry_rollback,7,5491,4392.333,8264.000,true
baseline,3,positional_join_using,7,22400,963.045,3056.000,true
baseline,3,positional_insert_values,7,24206,926.510,2104.000,true
baseline,3,named_in_1024,7,166,129148.193,353216.000,true
baseline,3,named_in_16,7,7580,2324.037,7600.000,true
baseline,3,raw_join_using,7,13805,1060.188,3176.000,true
baseline,3,named_update_chain_16,7,1197,17267.251,47000.000,true
baseline,3,raw_batch_beans,7,2839,6635.963,16872.000,false
baseline,3,raw_delete,7,46256,418.702,1624.000,true
baseline,3,positional_union_builder,7,3465,5889.697,9768.000,true
baseline,3,raw_pagination,7,16483,1216.308,3400.000,true
baseline,3,mybatis_late_modifier,7,24887,845.851,2656.000,true
baseline,3,named_batch_4,7,3804,3446.635,9736.000,true
baseline,3,positional_retry_rollback,7,5069,4077.491,5872.000,true
baseline,3,mybatis_in_16,7,7256,2574.559,6128.000,true
baseline,3,raw_join_on,7,10164,1997.816,3952.000,true
baseline,3,raw_between,7,14665,1402.816,3384.000,true
baseline,3,mybatis_where_eq,7,16515,1349.071,2960.000,true
baseline,3,positional_select_expressions,7,6181,2514.674,2728.000,true
baseline,3,raw_in_256,7,1079,28278.499,56640.000,true
baseline,3,positional_select_star,7,3576,547.120,1424.000,true
baseline,3,positional_where_16,7,1000,5366.600,5888.000,true
baseline,3,raw_batch_4,7,4846,2971.337,7584.000,false
baseline,3,mybatis_nested,7,12001,1526.873,3416.000,true
baseline,3,positional_between,7,13932,1600.574,3056.000,true
baseline,3,raw_where_16,7,3472,6126.959,8840.000,true
baseline,3,positional_dialect_Microsoft_SQL_Server,7,8546,1547.309,3544.000,true
baseline,3,mybatis_subquery_raw,7,33970,701.154,2272.000,true
baseline,3,positional_naming_NO_CHANGE,7,5601,3923.835,4928.000,true
baseline,3,named_repeated_names,7,648,38086.728,64920.000,true
baseline,3,named_dialect_Oracle,7,14268,1599.593,4272.000,true
baseline,3,mybatis_update_chain_16,7,1469,15952.212,39936.000,true
baseline,3,named_naming_CAMEL_CASE,7,3975,6067.975,9624.000,true
baseline,3,positional_union_raw,7,5664,4688.118,5200.000,true
baseline,3,positional_pagination,7,18335,1651.077,3288.000,true
baseline,3,raw_subquery_raw,7,24080,786.802,2272.000,true
baseline,3,raw_subquery_structured,7,14684,2238.552,4616.000,true
baseline,3,raw_union_builder,7,3510,7606.695,10160.000,true
baseline,3,positional_join_on,7,11963,1768.996,3832.000,true
baseline,3,positional_select_entity,7,12836,704.082,2000.000,true
baseline,3,mybatis_mixed_literals,7,12632,1620.385,3432.000,true
baseline,3,positional_repeated_names,7,1171,16652.434,30360.000,true
baseline,3,raw_mixed_literals,7,7472,1502.181,3192.000,true
baseline,3,mybatis_pagination,7,15529,1251.555,3808.000,true
baseline,3,named_union_builder,7,1785,11653.221,17248.000,true
baseline,3,positional_update_chain_16,7,1851,6489.087,22360.000,true
baseline,3,raw_derived,7,2021,10652.400,15848.000,true
baseline,3,mybatis_in_expression,7,837,23483.632,66656.000,true
baseline,3,raw_in_17,7,8939,1963.766,5816.000,true
baseline,3,mybatis_select_columns,7,22655,864.083,1952.000,true
baseline,3,mybatis_union_raw,7,6330,3460.205,5200.000,true
baseline,3,positional_where_eq,7,10303,1006.988,2664.000,true
baseline,3,mybatis_batch_64,7,367,33973.297,118896.000,true
baseline,3,raw_in_16,7,8003,1914.595,5600.000,true
baseline,3,named_between,7,13233,1414.056,3800.000,true
baseline,3,named_dialect_MySQL,7,13762,1506.700,4144.000,true
baseline,3,positional_dialect_MySQL,7,16989,1200.483,3360.000,true
baseline,3,raw_naming_SCREAMING_SNAKE_CASE,7,3940,5767.030,8856.000,true
baseline,3,raw_repeated_names,7,915,24208.962,53896.000,true
baseline,3,mybatis_row_in,7,14801,1559.577,3608.000,true
baseline,3,mybatis_insert_placeholders,7,21047,1115.898,2584.000,true
baseline,3,mybatis_select_entity,7,24522,793.194,2000.000,true
baseline,3,mybatis_naming_CAMEL_CASE,7,4371,6372.867,8024.000,true
baseline,3,positional_batch_beans,7,1505,8138.472,10440.000,true
baseline,3,raw_update_map,7,12066,2359.887,3592.000,false
baseline,3,positional_late_modifier,7,27237,913.592,2360.000,true
baseline,3,positional_in_17,7,11681,1386.337,2672.000,true
baseline,3,named_row_in,7,11516,1795.398,4016.000,true
baseline,3,raw_naming_KEBAB_CASE,7,3619,6567.560,8840.000,true
baseline,3,named_select_entity,7,31958,922.370,2000.000,true
baseline,3,named_insert_entity,7,9271,1847.374,2760.000,true
baseline,3,positional_nested,7,8375,2462.687,2952.000,true
baseline,3,mybatis_batch_4,7,6647,4600.512,8784.000,true
baseline,3,positional_insert_entity,7,34074,758.889,1816.000,true
baseline,3,positional_naming_KEBAB_CASE,7,3112,5140.713,5888.000,true
baseline,3,raw_select_expressions,7,7375,2311.024,2728.000,true
baseline,3,positional_group_order,7,6044,3348.263,6336.000,true
baseline,3,positional_mixed_literals,7,10542,1441.946,2800.000,true
baseline,3,named_naming_NO_CHANGE,7,4092,5677.908,9624.000,true
baseline,3,custom_handler_where,7,3270,7038.624,10616.000,true
baseline,3,mybatis_update_map,7,8073,2655.172,4200.000,true
baseline,3,mybatis_insert_entity,7,12250,1328.922,2456.000,true
baseline,3,positional_row_in,7,19052,1211.904,2624.000,true
baseline,3,raw_subquery_structured,8,14684,1705.543,4616.000,true
baseline,3,mybatis_condition_only,8,3568,5367.629,7960.000,true
baseline,3,named_join_on,8,11255,1866.984,4288.000,true
baseline,3,mybatis_row_in,8,14801,1375.684,3608.000,true
baseline,3,named_pagination,8,11462,1188.510,4072.000,true
baseline,3,named_mixed_literals,8,8912,1591.887,3768.000,true
baseline,3,named_dialect_PostgreSQL,8,10200,1419.735,4144.000,true
baseline,3,named_raw_expression,8,13689,1586.310,2624.000,true
baseline,3,named_dialect_MySQL,8,13762,1292.508,4144.000,true
baseline,3,raw_where_eq,8,19195,1051.545,2784.000,true
baseline,3,positional_where_16,8,1000,4107.300,5888.000,true
baseline,3,named_batch_beans,8,2588,8319.281,26040.000,true
baseline,3,positional_in_16,8,20136,851.609,2656.000,true
baseline,3,raw_retry_rollback,8,5056,3266.653,6376.000,true
baseline,3,mybatis_in_1024,8,214,98305.140,256896.000,true
baseline,3,positional_in_256,8,2510,5187.888,9576.000,true
baseline,3,positional_in_1024,8,1121,13440.321,28504.000,true
baseline,3,named_subquery_structured,8,6395,1835.403,5488.000,true
baseline,3,raw_where_128,8,487,38127.926,56496.000,true
baseline,3,mybatis_update_chain_16,8,1469,13399.115,39936.000,true
baseline,3,mybatis_union_raw,8,6330,3293.444,5200.000,true
baseline,3,positional_dialect_PostgreSQL,8,17618,1124.066,3360.000,true
baseline,3,named_in_16,8,7580,2128.971,7600.000,true
baseline,3,named_between,8,13233,1269.448,3800.000,true
baseline,3,mybatis_in_256,8,801,21859.925,66616.000,true
baseline,3,mybatis_nested,8,12001,1519.032,3416.000,true
baseline,3,positional_where_eq,8,10303,843.463,2664.000,true
baseline,3,raw_naming_SCREAMING_SNAKE_CASE,8,3940,4977.411,8856.000,true
baseline,3,raw_mixed_literals,8,7472,1611.804,3192.000,true
baseline,3,named_in_expression,8,743,28095.155,90680.000,true
baseline,3,mybatis_naming_SCREAMING_SNAKE_CASE,8,2467,5610.134,9000.000,true
baseline,3,mybatis_join_on,8,10147,1662.807,4128.000,true
baseline,3,positional_dialect_Microsoft_SQL_Server,8,8546,1307.068,3544.000,true
baseline,3,mybatis_select_columns,8,22655,743.752,1952.000,true
baseline,3,raw_update_chain_16,8,1571,8598.727,25448.000,true
baseline,3,positional_dialect_MySQL,8,16989,1093.578,3360.000,true
baseline,3,raw_insert_entity,8,21972,838.522,2176.000,false
baseline,3,positional_insert_placeholders,8,25397,690.692,1944.000,true
baseline,3,positional_union_builder,8,3465,5228.369,9768.000,true
baseline,3,positional_naming_KEBAB_CASE,8,3112,4570.469,5888.000,true
baseline,3,named_in_17,8,7884,2239.092,7888.000,true
baseline,3,raw_batch_64,8,639,27692.488,97344.000,false
baseline,3,named_in_1024,8,166,113565.663,353216.000,true
baseline,3,mybatis_insert_placeholders,8,21047,987.457,2584.000,true
baseline,3,named_dialect_Oracle,8,14268,1268.230,4272.000,true
baseline,3,positional_dialect_Oracle,8,19801,1144.811,3496.000,true
baseline,3,raw_batch_beans,8,2839,6344.487,16872.000,false
baseline,3,named_repeated_names,8,648,24961.265,64920.000,true
baseline,3,named_where_128,8,243,47855.967,71280.000,true
baseline,3,positional_select_expressions,8,6181,2011.649,2728.000,true
baseline,3,raw_in_17,8,8939,1650.576,5816.000,true
baseline,3,mybatis_in_expression,8,837,21187.575,66656.000,true
baseline,3,custom_handler_union,8,2015,10340.149,16512.000,true
baseline,3,mybatis_group_order,8,5678,3448.521,7264.000,true
baseline,3,raw_nested,8,13555,1369.089,3280.000,true
baseline,3,mybatis_in_17,8,6885,1827.872,6344.000,true
baseline,3,positional_repeated_names,8,1171,16268.574,30360.000,true
baseline,3,named_dialect_Microsoft_SQL_Server,8,13019,1480.590,4320.000,true
baseline,3,mybatis_naming_NO_CHANGE,8,3751,4945.588,8024.000,true
baseline,3,mybatis_naming_CAMEL_CASE,8,4371,4463.784,8024.000,true
baseline,3,raw_update_map,8,12066,1399.163,3592.000,false
baseline,3,raw_delete,8,46256,411.041,1624.000,true
baseline,3,mybatis_select_star,8,62528,277.661,1424.000,true
baseline,3,named_row_in,8,11516,1291.985,4016.000,true
baseline,3,positional_update_map,8,16590,1094.051,3024.000,true
baseline,3,positional_update_chain_16,8,1851,6646.623,22360.000,true
baseline,3,raw_in_16,8,8003,1739.323,5600.000,true
baseline,3,positional_pagination,8,18335,962.498,3288.000,true
baseline,3,mybatis_retry_rollback,8,2786,3952.764,7568.000,true
baseline,3,positional_batch_beans,8,1505,3333.289,10440.000,true
baseline,3,named_select_expressions,8,9705,2162.628,2728.000,true
baseline,3,raw_naming_KEBAB_CASE,8,3619,5071.152,8840.000,true
baseline,3,positional_join_using,8,22400,895.522,3056.000,true
baseline,3,raw_select_star,8,77113,321.808,1424.000,true
baseline,3,positional_where_128,8,345,35534.493,32808.000,true
baseline,3,raw_in_256,8,1079,17656.812,56640.000,true
baseline,3,mybatis_where_128,8,301,46524.252,58208.000,true
baseline,3,named_join_using,8,12854,1018.072,3512.000,true
baseline,3,raw_in_1024,8,268,76883.582,220248.000,true
baseline,3,positional_late_modifier,8,27237,679.759,2360.000,true
baseline,3,raw_raw_expression,8,10643,1491.694,2624.000,true
baseline,3,raw_naming_CAMEL_CASE,8,4742,4243.420,7880.000,true
baseline,3,named_where_eq,8,11962,967.104,3120.000,true
baseline,3,raw_pagination,8,16483,1027.574,3400.000,true
baseline,3,positional_join_on,8,11963,1498.077,3832.000,true
baseline,3,named_naming_CAMEL_CASE,8,3975,5138.943,9624.000,true
baseline,3,positional_retry_rollback,8,5069,3294.101,5872.000,true
baseline,3,named_dialect_DB2,8,14487,1406.834,4320.000,true
baseline,3,named_nested,8,12455,1502.425,3648.000,true
baseline,3,positional_naming_UPPER_CAMEL_CASE,8,4326,4447.457,5888.000,true
baseline,3,mybatis_select_entity,8,24522,578.929,2000.000,true
baseline,3,mybatis_subquery_structured,8,12751,1567.979,5232.000,true
baseline,3,mybatis_insert_entity,8,12250,929.322,2456.000,true
baseline,3,raw_late_modifier,8,26362,819.392,2480.000,true
baseline,3,positional_naming_NO_CHANGE,8,5601,3464.399,4928.000,true
baseline,3,raw_insert_placeholders,8,30899,695.084,1944.000,true
baseline,3,raw_naming_UPPER_CAMEL_CASE,8,3283,5145.873,8840.000,true
baseline,3,positional_naming_CAMEL_CASE,8,4918,3219.886,4928.000,true
baseline,3,named_where_16,8,2876,6011.405,10584.000,true
baseline,3,mybatis_batch_beans,8,2936,7129.496,22056.000,true
baseline,3,mybatis_join_using,8,20268,1002.427,3352.000,true
baseline,3,mybatis_repeated_names,8,654,24556.269,52872.000,true
baseline,3,mybatis_batch_64,8,367,33735.150,118896.000,true
baseline,3,raw_select_expressions,8,7375,2182.359,2728.000,true
baseline,3,positional_group_order,8,6044,2885.672,6336.000,true
baseline,3,named_union_builder,8,1785,10310.084,17248.000,true
baseline,3,positional_between,8,13932,1069.825,3056.000,true
baseline,3,mybatis_delete,8,28601,461.267,1808.000,true
baseline,3,named_delete,8,42355,474.159,1960.000,true
baseline,3,mybatis_raw_expression,8,12819,1440.674,2624.000,true
baseline,3,named_select_entity,8,31958,564.488,2000.000,true
baseline,3,named_late_modifier,8,17526,777.707,2816.000,true
baseline,3,positional_dialect_DB2,8,19217,1098.642,3544.000,true
baseline,3,positional_nested,8,8375,1139.821,2952.000,true
baseline,3,raw_between,8,14665,1347.535,3384.000,true
baseline,3,named_select_star,8,52823,295.460,1424.000,true
baseline,3,positional_in_17,8,11681,854.396,2672.000,true
baseline,3,named_group_order,8,3157,3833.513,7688.000,true
baseline,3,named_naming_UPPER_CAMEL_CASE,8,3096,10273.837,10584.000,true
baseline,3,positional_batch_64,8,140,22333.571,72176.000,true
baseline,3,raw_condition_only,8,4310,6611.972,7816.000,true
baseline,3,positional_select_entity,8,12836,667.560,2000.000,true
baseline,3,positional_select_star,8,3576,278.160,1424.000,true
baseline,3,positional_subquery_raw,8,30712,628.490,2272.000,true
baseline,3,named_subquery_raw,8,34069,591.796,2272.000,true
baseline,3,mybatis_update_map,8,8073,1700.533,4200.000,true
baseline,3,positional_insert_values,8,24206,838.594,2104.000,true
baseline,3,mybatis_in_16,8,7256,1849.063,6128.000,true
baseline,3,positional_subquery_structured,8,12905,1411.802,4704.000,true
baseline,3,positional_batch_4,8,2628,1779.452,5968.000,true
baseline,3,named_insert_placeholders,8,5968,967.141,2888.000,true
baseline,3,named_insert_entity,8,9271,895.362,2760.000,true
baseline,3,positional_union_raw,8,5664,3324.206,5200.000,true
baseline,3,named_derived,8,1928,10036.151,17800.000,true
baseline,3,raw_select_columns,8,27167,843.604,1952.000,true
baseline,3,named_union_raw,8,6305,3321.602,5200.000,true
baseline,3,mybatis_naming_KEBAB_CASE,8,3200,5787.906,8984.000,true
baseline,3,mybatis_subquery_raw,8,33970,657.948,2272.000,true
baseline,3,named_retry_rollback,8,5491,3732.453,8264.000,true
baseline,3,named_select_columns,8,21303,819.490,1952.000,true
baseline,3,named_batch_64,8,555,35640.901,134912.000,true
baseline,3,raw_derived,8,2021,9109.451,15848.000,true
baseline,3,raw_group_order,8,5947,3414.713,6432.000,true
baseline,3,raw_union_raw,8,5882,3170.843,5200.000,true
baseline,3,named_in_256,8,671,27084.352,90712.000,true
baseline,3,named_update_map,8,11364,1777.182,4752.000,true
baseline,3,raw_subquery_raw,8,24080,602.728,2272.000,true
baseline,3,raw_where_16,8,3472,5818.347,8840.000,true
baseline,3,named_update_chain_16,8,1197,15876.274,47000.000,true
baseline,3,custom_handler_where,8,3270,6578.807,10616.000,true
baseline,3,mybatis_insert_values,8,16815,1117.913,2744.000,true
baseline,3,positional_select_columns,8,12122,761.318,1952.000,true
baseline,3,raw_union_builder,8,3510,5271.538,10160.000,true
baseline,3,raw_join_using,8,13805,1021.282,3176.000,true
baseline,3,mybatis_naming_UPPER_CAMEL_CASE,8,2764,5668.271,8984.000,true
baseline,3,positional_in_expression,8,4056,4297.017,9760.000,true
baseline,3,raw_row_in,8,17345,1101.880,3136.000,true
baseline,3,positional_condition_only,8,4476,4210.232,4872.000,true
baseline,3,positional_mixed_literals,8,10542,1138.200,2800.000,true
baseline,3,mybatis_batch_4,8,6647,2878.171,8784.000,true
baseline,3,raw_batch_4,8,4846,2441.292,7584.000,false
baseline,3,named_naming_SCREAMING_SNAKE_CASE,8,3178,6411.580,10600.000,true
baseline,3,named_naming_NO_CHANGE,8,4092,4540.567,9624.000,true
baseline,3,positional_row_in,8,19052,922.323,2624.000,true
baseline,3,positional_delete,8,41127,344.681,1504.000,true
baseline,3,mybatis_pagination,8,15529,1152.798,3808.000,true
baseline,3,mybatis_select_expressions,8,10104,2056.057,2728.000,true
baseline,3,mybatis_between,8,12068,1194.887,3544.000,true
baseline,3,raw_select_entity,8,33853,592.110,2000.000,true
baseline,3,positional_raw_expression,8,12454,1486.639,2624.000,true
baseline,3,mybatis_derived,8,1924,11627.391,17144.000,true
baseline,3,raw_naming_NO_CHANGE,8,4654,5279.244,7880.000,true
baseline,3,raw_in_expression,8,1066,18871.857,56616.000,true
baseline,3,positional_derived,8,1162,8855.250,15296.000,true
baseline,3,mybatis_mixed_literals,8,12632,1467.717,3432.000,true
baseline,3,mybatis_where_16,8,2191,5442.446,8984.000,true
baseline,3,raw_insert_values,8,14610,1176.838,2464.000,false
baseline,3,named_insert_values,8,14284,1083.065,3048.000,true
baseline,3,mybatis_late_modifier,8,24887,861.526,2656.000,true
baseline,3,named_naming_KEBAB_CASE,8,3301,5963.738,10584.000,true
baseline,3,raw_repeated_names,8,915,30964.699,53896.000,true
baseline,3,named_batch_4,8,3804,4721.951,9736.000,true
baseline,3,positional_insert_entity,8,34074,653.398,1816.000,true
baseline,3,mybatis_where_eq,8,16515,1543.675,2960.000,true
baseline,3,named_condition_only,8,3649,7931.872,9560.000,true
baseline,3,positional_naming_SCREAMING_SNAKE_CASE,8,4242,6046.040,5904.000,true
baseline,3,raw_join_on,8,10164,1769.077,3952.000,true
baseline,3,mybatis_union_builder,8,1878,12264.856,16648.000,true
baseline,3,raw_naming_CAMEL_CASE,9,4742,4337.938,7880.000,true
baseline,3,mybatis_in_1024,9,214,94152.804,256896.000,true
baseline,3,named_delete,9,42355,464.441,1960.000,true
baseline,3,positional_group_order,9,6044,3097.866,6336.000,true
baseline,3,named_select_star,9,52823,275.386,1424.000,true
baseline,3,mybatis_union_raw,9,6330,3337.804,5200.000,true
baseline,3,named_in_256,9,671,35987.630,90712.000,true
baseline,3,mybatis_retry_rollback,9,2786,4190.452,7568.000,true
baseline,3,named_nested,9,12455,1350.879,3648.000,true
baseline,3,positional_naming_UPPER_CAMEL_CASE,9,4326,4798.474,5888.000,true
baseline,3,mybatis_batch_beans,9,2936,8397.956,22056.000,true
baseline,3,raw_retry_rollback,9,5056,3343.315,6376.000,true
baseline,3,raw_nested,9,13555,1512.254,3280.000,true
baseline,3,mybatis_mixed_literals,9,12632,1432.711,3432.000,true
baseline,3,raw_where_eq,9,19195,974.144,2784.000,true
baseline,3,mybatis_union_builder,9,1878,10554.047,16648.000,true
baseline,3,raw_in_1024,9,268,71350.373,220248.000,true
baseline,3,custom_handler_where,9,3270,6749.266,10616.000,true
baseline,3,positional_batch_64,9,140,22460.714,72176.000,true
baseline,3,mybatis_nested,9,12001,1608.174,3416.000,true
baseline,3,raw_insert_values,9,14610,1220.329,2464.000,false
baseline,3,mybatis_between,9,12068,1477.014,3544.000,true
baseline,3,mybatis_insert_values,9,16815,1205.650,2744.000,true
baseline,3,positional_join_on,9,11963,1727.853,3832.000,true
baseline,3,mybatis_naming_CAMEL_CASE,9,4371,5225.257,8024.000,true
baseline,3,named_pagination,9,11462,1341.075,4072.000,true
baseline,3,positional_in_17,9,11681,969.480,2672.000,true
baseline,3,raw_update_chain_16,9,1571,8006.684,25448.000,true
baseline,3,positional_derived,9,1162,9349.570,15296.000,true
baseline,3,positional_naming_NO_CHANGE,9,5601,3375.272,4928.000,true
baseline,3,mybatis_naming_SCREAMING_SNAKE_CASE,9,2467,5806.242,9000.000,true
baseline,3,named_derived,9,1928,10874.896,17800.000,true
baseline,3,positional_subquery_raw,9,30712,655.307,2272.000,true
baseline,3,positional_select_star,9,3576,281.460,1424.000,true
baseline,3,raw_where_128,9,487,45786.858,56496.000,true
baseline,3,raw_update_map,9,12066,1708.826,3592.000,false
baseline,3,mybatis_select_star,9,62528,350.262,1424.000,true
baseline,3,mybatis_select_entity,9,24522,776.817,2000.000,true
baseline,3,named_between,9,13233,1620.419,3800.000,true
baseline,3,named_where_16,9,2876,6751.008,10584.000,true
baseline,3,positional_naming_KEBAB_CASE,9,3112,5364.910,5888.000,true
baseline,3,raw_batch_beans,9,2839,6900.423,16872.000,false
baseline,3,positional_select_entity,9,12836,620.427,2000.000,true
baseline,3,raw_between,9,14665,1399.618,3384.000,true
baseline,3,raw_insert_entity,9,21972,1016.612,2176.000,false
baseline,3,named_naming_CAMEL_CASE,9,3975,5571.673,9624.000,true
baseline,3,positional_in_1024,9,1121,15415.879,28504.000,true
baseline,3,raw_batch_4,9,4846,3162.072,7584.000,false
baseline,3,named_row_in,9,11516,1503.630,4016.000,true
baseline,3,named_update_chain_16,9,1197,17759.733,47000.000,true
baseline,3,mybatis_insert_placeholders,9,21047,1061.595,2584.000,true
baseline,3,named_subquery_structured,9,6395,1824.894,5488.000,true
baseline,3,mybatis_batch_4,9,6647,3032.887,8784.000,true
baseline,3,positional_naming_CAMEL_CASE,9,4918,3725.315,4928.000,true
baseline,3,mybatis_naming_KEBAB_CASE,9,3200,6984.188,8984.000,true
baseline,3,raw_group_order,9,5947,3797.259,6432.000,true
baseline,3,named_select_entity,9,31958,616.490,2000.000,true
baseline,3,mybatis_update_map,9,8073,1804.026,4200.000,true
baseline,3,positional_where_eq,9,10303,1010.667,2664.000,true
baseline,3,positional_repeated_names,9,1171,19307.173,30360.000,true
baseline,3,named_repeated_names,9,648,31518.827,64920.000,true
baseline,3,positional_late_modifier,9,27237,784.213,2360.000,true
baseline,3,positional_batch_4,9,2628,2265.449,5968.000,true
baseline,3,raw_naming_NO_CHANGE,9,4654,4653.266,7880.000,true
baseline,3,raw_condition_only,9,4310,6305.847,7816.000,true
baseline,3,raw_where_16,9,3472,6509.937,8840.000,true
baseline,3,raw_naming_SCREAMING_SNAKE_CASE,9,3940,6695.355,8856.000,true
baseline,3,raw_raw_expression,9,10643,2189.937,2624.000,true
baseline,3,named_union_raw,9,6305,4534.671,5200.000,true
baseline,3,named_select_expressions,9,9705,3885.049,2728.000,true
baseline,3,positional_row_in,9,19052,1279.252,2624.000,true
baseline,3,raw_in_17,9,8939,2380.043,5816.000,true
baseline,3,positional_delete,9,41127,542.909,1504.000,true
baseline,3,mybatis_in_256,9,801,39007.865,66616.000,true
baseline,3,positional_insert_placeholders,9,25397,1118.561,1944.000,true
baseline,3,named_dialect_Oracle,9,14268,2156.672,4272.000,true
baseline,3,positional_insert_values,9,24206,933.901,2104.000,true
baseline,3,positional_dialect_Oracle,9,19801,1324.681,3496.000,true
baseline,3,named_naming_UPPER_CAMEL_CASE,9,3096,9368.508,10584.000,true
baseline,3,named_insert_values,9,14284,1419.616,3048.000,true
baseline,3,named_dialect_PostgreSQL,9,10200,2244.824,4144.000,true
baseline,3,raw_union_raw,9,5882,4888.779,5200.000,true
baseline,3,named_batch_4,9,3804,3967.587,9736.000,true
baseline,3,raw_join_using,9,13805,1206.150,3176.000,true
baseline,3,raw_subquery_raw,9,24080,1151.690,2272.000,true
baseline,3,positional_nested,9,8375,2655.128,2952.000,true
baseline,3,named_dialect_DB2,9,14487,2481.197,4320.000,true
baseline,3,mybatis_update_chain_16,9,1469,21825.255,39936.000,true
baseline,3,positional_insert_entity,9,34074,1006.313,1816.000,true
baseline,3,positional_where_16,9,1000,6884.700,5888.000,true
baseline,3,named_raw_expression,9,13689,2465.520,2624.000,true
baseline,3,raw_repeated_names,9,915,37407.650,53896.000,true
baseline,3,raw_in_256,9,1079,27991.752,56640.000,true
baseline,3,named_batch_64,9,555,47631.532,134912.000,true
baseline,3,mybatis_subquery_structured,9,12751,2005.521,5232.000,true
baseline,3,raw_mixed_literals,9,7472,2144.874,3192.000,true
baseline,3,positional_raw_expression,9,12454,2204.818,2624.000,true
baseline,3,mybatis_row_in,9,14801,1644.706,3608.000,true
baseline,3,named_group_order,9,3157,4087.837,7688.000,true
baseline,3,named_naming_SCREAMING_SNAKE_CASE,9,3178,7128.099,10600.000,true
baseline,3,mybatis_join_using,9,20268,1168.398,3352.000,true
baseline,3,named_dialect_MySQL,9,13762,1709.018,4144.000,true
baseline,3,positional_subquery_structured,9,12905,1678.861,4704.000,true
baseline,3,raw_join_on,9,10164,2439.000,3952.000,true
baseline,3,positional_condition_only,9,4476,4748.548,4872.000,true
baseline,3,mybatis_group_order,9,5678,3890.120,7264.000,true
baseline,3,raw_derived,9,2021,12933.102,15848.000,true
baseline,3,positional_select_columns,9,12122,967.241,1952.000,true
baseline,3,mybatis_where_eq,9,16515,1143.161,2960.000,true
baseline,3,mybatis_naming_NO_CHANGE,9,3751,5541.669,8024.000,true
baseline,3,mybatis_delete,9,28601,547.656,1808.000,true
baseline,3,named_select_columns,9,21303,906.370,1952.000,true
baseline,3,named_in_16,9,7580,2795.712,7600.000,true
baseline,3,named_retry_rollback,9,5491,6169.823,8264.000,true
baseline,3,raw_row_in,9,17345,1691.675,3136.000,true
baseline,3,custom_handler_union,9,2015,16255.881,16512.000,true
baseline,3,named_update_map,9,11364,2110.234,4752.000,true
baseline,3,positional_dialect_PostgreSQL,9,17618,1582.864,3360.000,true
baseline,3,mybatis_where_16,9,2191,9359.334,8984.000,true
baseline,3,positional_naming_SCREAMING_SNAKE_CASE,9,4242,7063.248,5904.000,true
baseline,3,named_insert_placeholders,9,5968,1522.336,2888.000,true
baseline,3,named_where_eq,9,11962,1236.440,3120.000,true
baseline,3,named_in_17,9,7884,2932.116,7888.000,true
baseline,3,named_in_expression,9,743,39206.460,90680.000,true
baseline,3,mybatis_subquery_raw,9,33970,956.453,2272.000,true
baseline,3,mybatis_insert_entity,9,12250,1354.653,2456.000,true
baseline,3,positional_dialect_MySQL,9,16989,1502.731,3360.000,true
baseline,3,named_join_on,9,11255,2481.519,4288.000,true
baseline,3,mybatis_select_expressions,9,10104,2760.333,2728.000,true
baseline,3,named_mixed_literals,9,8912,2234.908,3768.000,true
baseline,3,mybatis_pagination,9,15529,1780.553,3808.000,true
baseline,3,mybatis_repeated_names,9,654,32742.966,52872.000,true
baseline,3,mybatis_raw_expression,9,12819,2608.636,2624.000,true
baseline,3,named_in_1024,9,166,188209.036,353216.000,true
baseline,3,positional_dialect_Microsoft_SQL_Server,9,8546,2178.879,3544.000,true
baseline,3,named_condition_only,9,3649,8115.374,9560.000,true
baseline,3,positional_union_raw,9,5664,5235.911,5200.000,true
baseline,3,raw_union_builder,9,3510,7960.655,10160.000,true
baseline,3,mybatis_where_128,9,301,69447.508,58208.000,true
baseline,3,named_insert_entity,9,9271,1515.619,2760.000,true
baseline,3,positional_in_16,9,20136,1551.828,2656.000,true
baseline,3,named_late_modifier,9,17526,1229.345,2816.000,true
baseline,3,positional_update_chain_16,9,1851,10469.530,22360.000,true
baseline,3,raw_subquery_structured,9,14684,2163.253,4616.000,true
baseline,3,raw_delete,9,46256,624.994,1624.000,true
baseline,3,mybatis_condition_only,9,3568,7983.688,7960.000,true
baseline,3,named_dialect_Microsoft_SQL_Server,9,13019,2517.014,4320.000,true
baseline,3,mybatis_join_on,9,10147,2657.603,4128.000,true
baseline,3,mybatis_select_columns,9,22655,1020.958,1952.000,true
baseline,3,positional_pagination,9,18335,1371.055,3288.000,true
baseline,3,mybatis_in_expression,9,837,34323.417,66656.000,true
baseline,3,mybatis_naming_UPPER_CAMEL_CASE,9,2764,10995.405,8984.000,true
baseline,3,positional_between,9,13932,2103.912,3056.000,true
baseline,3,positional_in_256,9,2510,6294.064,9576.000,true
baseline,3,raw_select_star,9,77113,621.610,1424.000,true
baseline,3,positional_where_128,9,345,52125.217,32808.000,true
baseline,3,mybatis_batch_64,9,367,54385.559,118896.000,true
baseline,3,positional_retry_rollback,9,5069,5217.893,5872.000,true
baseline,3,positional_in_expression,9,4056,8645.537,9760.000,true
baseline,3,raw_select_entity,9,33853,950.805,2000.000,true
baseline,3,raw_pagination,9,16483,1896.002,3400.000,true
baseline,3,raw_select_expressions,9,7375,4347.078,2728.000,true
baseline,3,mybatis_late_modifier,9,24887,1554.635,2656.000,true
baseline,3,named_subquery_raw,9,34069,1281.555,2272.000,true
baseline,3,mybatis_in_17,9,6885,4103.689,6344.000,true
baseline,3,positional_dialect_DB2,9,19217,1653.302,3544.000,true
baseline,3,positional_select_expressions,9,6181,4362.482,2728.000,true
baseline,3,named_naming_NO_CHANGE,9,4092,8631.183,9624.000,true
baseline,3,named_join_using,9,12854,2438.673,3512.000,true
baseline,3,raw_insert_placeholders,9,30899,1105.518,1944.000,true
baseline,3,positional_update_map,9,16590,1716.197,3024.000,true
baseline,3,raw_in_16,9,8003,3293.640,5600.000,true
baseline,3,positional_batch_beans,9,1505,6374.618,10440.000,true
baseline,3,raw_select_columns,9,27167,1373.814,1952.000,true
baseline,3,named_where_128,9,243,62493.827,71280.000,true
baseline,3,positional_union_builder,9,3465,10875.729,9768.000,true
baseline,3,raw_naming_UPPER_CAMEL_CASE,9,3283,10492.537,8840.000,true
baseline,3,raw_batch_64,9,639,64249.452,97344.000,false
baseline,3,named_naming_KEBAB_CASE,9,3301,13662.981,10584.000,true
baseline,3,raw_late_modifier,9,26362,1770.681,2480.000,true
baseline,3,raw_naming_KEBAB_CASE,9,3619,10690.246,8840.000,true
baseline,3,mybatis_derived,9,1924,24396.206,17144.000,true
baseline,3,mybatis_in_16,9,7256,3990.050,6128.000,true
baseline,3,named_batch_beans,9,2588,15850.232,26040.000,true
baseline,3,named_union_builder,9,1785,24941.737,17248.000,true
baseline,3,raw_in_expression,9,1066,34277.392,56616.000,true
baseline,3,positional_join_using,9,22400,2124.254,3056.000,true
baseline,3,positional_mixed_literals,9,10542,4116.401,2800.000,true
