version,fork,case,round,operations,ns_per_op,bytes_per_op,equivalent
baseline,4,raw_late_modifier,1,23754,1041.054,2480.000,true
baseline,4,mybatis_in_1024,1,122,135879.508,281472.000,true
baseline,4,raw_condition_only,1,3977,6924.089,7816.000,true
baseline,4,named_dialect_Microsoft_SQL_Server,1,6113,1835.465,4320.000,true
baseline,4,positional_select_expressions,1,4779,3519.397,2728.000,true
baseline,4,raw_insert_entity,1,23000,1353.861,2176.000,false
baseline,4,positional_group_order,1,3148,3579.670,6336.000,true
baseline,4,mybatis_group_order,1,2145,3898.508,7288.000,true
baseline,4,raw_naming_KEBAB_CASE,1,2219,6485.534,8840.000,true
baseline,4,positional_dialect_DB2,1,15112,1382.815,3544.000,true
baseline,4,raw_select_star,1,1268,424.369,1424.000,true
baseline,4,named_delete,1,20222,617.001,1960.000,true
baseline,4,named_retry_rollback,1,2342,7510.333,8264.000,true
baseline,4,named_pagination,1,8552,1467.037,4072.000,true
baseline,4,mybatis_batch_beans,1,2574,8429.876,22080.000,true
baseline,4,positional_pagination,1,10739,1044.883,3288.000,true
baseline,4,positional_union_builder,1,1755,6325.128,9768.000,true
baseline,4,raw_insert_placeholders,1,29503,1037.579,1944.000,true
baseline,4,raw_batch_beans,1,2890,8525.502,16896.000,false
baseline,4,named_dialect_DB2,1,12493,1761.723,4320.000,true
baseline,4,positional_in_expression,1,2307,4474.989,9760.000,true
baseline,4,mybatis_batch_64,1,119,37621.849,118896.000,true
baseline,4,mybatis_raw_expression,1,5809,1699.088,2624.000,true
baseline,4,raw_in_expression,1,1038,22335.645,56616.000,true
baseline,4,mybatis_select_expressions,1,4544,2743.442,2728.000,true
baseline,4,named_in_expression,1,350,31770.286,90680.000,true
baseline,4,named_insert_entity,1,5819,1091.442,2760.000,true
baseline,4,positional_naming_CAMEL_CASE,1,4973,3704.504,4928.000,true
baseline,4,raw_update_chain_16,1,2591,11327.596,25448.000,true
baseline,4,named_insert_values,1,8345,1584.937,3048.000,true
baseline,4,mybatis_subquery_raw,1,14476,757.550,2272.000,true
baseline,4,mybatis_naming_SCREAMING_SNAKE_CASE,1,1901,7433.561,9384.000,true
baseline,4,named_select_columns,1,20391,973.420,1952.000,true
baseline,4,positional_join_on,1,6284,2142.505,3832.000,true
baseline,4,positional_between,1,8632,1566.682,3056.000,true
baseline,4,named_in_256,1,409,40630.318,90712.000,true
baseline,4,raw_in_256,1,545,20053.394,56640.000,true
baseline,4,mybatis_repeated_names,1,177,41211.864,55944.000,true
baseline,4,raw_join_using,1,13617,1225.887,3176.000,true
baseline,4,mybatis_update_chain_16,1,646,18087.461,39960.000,true
baseline,4,raw_naming_UPPER_CAMEL_CASE,1,1877,6004.049,8840.000,true
baseline,4,positional_dialect_PostgreSQL,1,8291,2072.102,3360.000,true
baseline,4,named_dialect_PostgreSQL,1,6148,2387.589,4144.000,true
baseline,4,raw_where_128,1,255,47765.490,56496.000,true
baseline,4,positional_subquery_structured,1,7005,1754.461,4704.000,true
baseline,4,named_row_in,1,8394,1464.558,4016.000,true
baseline,4,mybatis_mixed_literals,1,11314,1806.222,3504.000,true
baseline,4,positional_dialect_Microsoft_SQL_Server,1,4302,1627.685,3544.000,true
baseline,4,named_naming_UPPER_CAMEL_CASE,1,1743,6667.871,10584.000,true
baseline,4,positional_dialect_Oracle,1,6742,1162.993,3496.000,true
baseline,4,positional_derived,1,1861,10454.272,15296.000,true
baseline,4,named_update_chain_16,1,853,16769.402,47000.000,true
baseline,4,positional_naming_SCREAMING_SNAKE_CASE,1,2019,4709.609,5904.000,true
baseline,4,named_union_builder,1,515,10949.126,17272.000,true
baseline,4,positional_in_16,1,18358,902.789,2656.000,true
baseline,4,positional_insert_values,1,274,936.861,2104.000,true
baseline,4,raw_where_16,1,2481,5385.933,8840.000,true
baseline,4,named_naming_NO_CHANGE,1,2066,6144.192,9624.000,true
baseline,4,raw_union_raw,1,5219,3584.576,5200.000,true
baseline,4,positional_dialect_MySQL,1,11750,1205.217,3360.000,true
baseline,4,mybatis_pagination,1,10854,1534.835,3832.000,true
baseline,4,named_batch_64,1,256,43346.875,134912.000,true
baseline,4,mybatis_in_17,1,7949,3130.847,6752.000,true
baseline,4,positional_insert_entity,1,15459,648.030,1816.000,true
baseline,4,mybatis_union_raw,1,3036,4230.468,5200.000,true
baseline,4,raw_naming_NO_CHANGE,1,2289,4637.702,7880.000,true
baseline,4,raw_between,1,13257,1408.275,3384.000,true
baseline,4,raw_derived,1,2192,11573.905,15848.000,true
baseline,4,mybatis_naming_UPPER_CAMEL_CASE,1,1647,6727.565,9368.000,true
baseline,4,mybatis_subquery_structured,1,6133,1822.371,5256.000,true
baseline,4,named_late_modifier,1,22153,801.598,2816.000,true
baseline,4,mybatis_naming_NO_CHANGE,1,1683,5476.233,8408.000,true
baseline,4,mybatis_in_expression,1,631,32212.995,72776.000,true
baseline,4,positional_union_raw,1,3031,3864.929,5200.000,true
baseline,4,positional_in_256,1,3158,4980.874,9576.000,true
baseline,4,positional_retry_rollback,1,4533,4773.660,5872.000,true
baseline,4,named_in_1024,1,62,171316.129,353216.000,true
baseline,4,positional_batch_64,1,229,19606.550,72176.000,true
baseline,4,raw_batch_4,1,7427,3277.380,7584.000,false
baseline,4,positional_update_chain_16,1,2481,9097.179,22360.000,true
baseline,4,named_join_on,1,4673,2248.491,4288.000,true
baseline,4,positional_batch_4,1,2420,2334.711,5968.000,true
baseline,4,mybatis_insert_values,1,16458,1703.706,2744.000,true
baseline,4,mybatis_select_star,1,67978,346.887,1424.000,true
baseline,4,positional_delete,1,15778,359.760,1504.000,true
baseline,4,raw_select_entity,1,11459,1076.621,2000.000,true
baseline,4,raw_select_expressions,1,8918,3025.948,2728.000,true
baseline,4,raw_group_order,1,6623,3541.794,6432.000,true
baseline,4,positional_select_star,1,1969,520.163,1424.000,true
baseline,4,named_select_star,1,73846,489.103,1424.000,true
baseline,4,positional_naming_UPPER_CAMEL_CASE,1,3530,5799.745,5888.000,true
baseline,4,raw_pagination,1,17742,1252.621,3400.000,true
baseline,4,custom_handler_union,1,1585,12111.672,16536.000,true
baseline,4,raw_row_in,1,10927,1372.325,3136.000,true
baseline,4,named_naming_KEBAB_CASE,1,1556,6562.339,10584.000,true
baseline,4,raw_in_17,1,9262,2185.824,5816.000,true
baseline,4,named_join_using,1,10587,1377.746,3512.000,true
baseline,4,named_naming_CAMEL_CASE,1,1876,6852.825,9624.000,true
baseline,4,positional_select_columns,1,14954,1200.067,1952.000,true
baseline,4,named_batch_4,1,2870,3557.909,9736.000,true
baseline,4,raw_in_1024,1,121,86992.562,220248.000,true
baseline,4,mybatis_union_builder,1,1659,13595.479,16696.000,true
baseline,4,positional_update_map,1,15440,1081.030,3024.000,true
baseline,4,named_group_order,1,3781,4726.289,7688.000,true
baseline,4,named_where_128,1,262,49322.519,71280.000,true
baseline,4,mybatis_derived,1,965,11837.824,17192.000,true
baseline,4,named_mixed_literals,1,5453,1635.925,3768.000,true
baseline,4,named_raw_expression,1,5746,1771.824,2624.000,true
baseline,4,named_naming_SCREAMING_SNAKE_CASE,1,1397,6456.908,10600.000,true
baseline,4,positional_naming_KEBAB_CASE,1,3966,4527.559,5888.000,true
baseline,4,named_dialect_MySQL,1,7924,1441.545,4144.000,true
baseline,4,named_repeated_names,1,461,28242.082,64920.000,true
baseline,4,raw_delete,1,51744,405.798,1624.000,true
baseline,4,named_subquery_raw,1,14612,616.096,2272.000,true
baseline,4,mybatis_update_map,1,5939,2080.822,4224.000,true
baseline,4,raw_subquery_structured,1,11657,1923.771,4616.000,true
baseline,4,raw_raw_expression,1,12366,1606.461,2624.000,true
baseline,4,named_batch_beans,1,699,8779.113,26064.000,true
baseline,4,named_update_map,1,5613,1789.507,4752.000,true
baseline,4,raw_mixed_literals,1,7423,1729.921,3192.000,true
baseline,4,mybatis_join_using,1,16998,1030.886,3376.000,true
baseline,4,named_in_16,1,7204,2307.357,7600.000,true
baseline,4,named_where_eq,1,18505,1146.863,3120.000,true
baseline,4,named_insert_placeholders,1,2063,1124.624,2888.000,true
baseline,4,positional_join_using,1,9457,906.366,3056.000,true
baseline,4,mybatis_insert_placeholders,1,19826,1068.092,2584.000,true
baseline,4,named_nested,1,4171,1452.026,3648.000,true
baseline,4,named_where_16,1,3086,9549.028,10584.000,true
baseline,4,mybatis_where_16,1,1666,7974.190,9368.000,true
baseline,4,named_select_entity,1,28773,708.977,2000.000,true
baseline,4,positional_raw_expression,1,11478,1623.880,2624.000,true
baseline,4,named_between,1,12065,1590.170,3800.000,true
baseline,4,positional_where_16,1,2360,5201.314,5888.000,true
baseline,4,positional_nested,1,7120,1240.239,2952.000,true
baseline,4,mybatis_nested,1,11684,1471.328,3464.000,true
baseline,4,positional_late_modifier,1,20500,719.805,2360.000,true
baseline,4,positional_mixed_literals,1,7384,1295.978,2800.000,true
baseline,4,positional_where_128,1,327,36581.957,32808.000,true
baseline,4,raw_union_builder,1,3742,6141.342,10160.000,true
baseline,4,mybatis_in_16,1,4366,2311.269,6512.000,true
baseline,4,mybatis_select_entity,1,30017,650.145,2000.000,true
baseline,4,positional_insert_placeholders,1,10032,693.152,1944.000,true
baseline,4,mybatis_batch_4,1,3402,3174.868,8784.000,true
baseline,4,positional_in_17,1,10369,856.235,2672.000,true
baseline,4,positional_in_1024,1,561,14313.725,28504.000,true
baseline,4,raw_batch_64,1,704,32693.040,97344.000,false
baseline,4,custom_handler_where,1,2420,6866.860,10616.000,true
baseline,4,positional_row_in,1,7766,1095.352,2624.000,true
baseline,4,positional_repeated_names,1,604,17959.437,30360.000,true
baseline,4,raw_insert_values,1,18485,1135.456,2464.000,false
baseline,4,mybatis_insert_entity,1,10286,1015.001,2456.000,true
baseline,4,mybatis_where_eq,1,17151,1035.951,2984.000,true
baseline,4,raw_update_map,1,14396,1703.140,3592.000,false
baseline,4,mybatis_select_columns,1,13544,1068.170,1952.000,true
baseline,4,positional_subquery_raw,1,26595,705.700,2272.000,true
baseline,4,mybatis_row_in,1,10779,1976.297,3704.000,true
baseline,4,raw_repeated_names,1,738,24918.022,53896.000,true
baseline,4,raw_naming_SCREAMING_SNAKE_CASE,1,3038,6828.802,8856.000,true
baseline,4,positional_select_entity,1,22437,688.220,2000.000,true
baseline,4,raw_subquery_raw,1,32227,729.069,2272.000,true
baseline,4,raw_retry_rollback,1,4705,3654.368,6376.000,true
baseline,4,mybatis_where_128,1,144,57388.889,61280.000,true
baseline,4,named_in_17,1,2984,2687.936,7888.000,true
baseline,4,raw_in_16,1,6143,2135.895,5600.000,true
baseline,4,named_dialect_Oracle,1,7062,1813.339,4272.000,true
baseline,4,mybatis_late_modifier,1,12046,1091.997,2680.000,true
baseline,4,raw_join_on,1,8403,3023.991,3952.000,true
baseline,4,positional_batch_beans,1,1558,4176.316,10464.000,true
baseline,4,mybatis_between,1,8619,1591.658,3592.000,true
baseline,4,named_subquery_structured,1,5227,2016.683,5488.000,true
baseline,4,raw_select_columns,1,11398,946.184,1952.000,true
baseline,4,named_condition_only,1,1506,5902.324,9560.000,true
baseline,4,positional_naming_NO_CHANGE,1,5276,4515.163,4928.000,true
baseline,4,raw_nested,1,14264,1814.821,3280.000,true
baseline,4,mybatis_naming_CAMEL_CASE,1,2905,6020.929,8408.000,true
baseline,4,positional_condition_only,1,2602,5692.506,4872.000,true
baseline,4,mybatis_in_256,1,651,37291.091,72760.000,true
baseline,4,mybatis_delete,1,12377,593.027,1832.000,true
baseline,4,raw_naming_CAMEL_CASE,1,3152,6294.162,7880.000,true
baseline,4,positional_where_eq,1,9577,1377.007,2664.000,true
baseline,4,named_union_raw,1,1870,3905.027,5200.000,true
baseline,4,mybatis_condition_only,1,2729,8400.770,8344.000,true
baseline,4,mybatis_retry_rollback,1,2729,6697.105,7592.000,true
baseline,4,named_select_expressions,1,7189,2815.844,2728.000,true
baseline,4,raw_where_eq,1,19232,1173.154,2784.000,true
baseline,4,named_derived,1,27,22085.185,17800.000,true
baseline,4,mybatis_naming_KEBAB_CASE,1,2866,10381.403,9368.000,true
baseline,4,mybatis_join_on,1,4823,2406.552,4152.000,true
baseline,4,mybatis_retry_rollback,2,2729,8062.184,7592.000,true
baseline,4,named_mixed_literals,2,5453,2799.908,3768.000,true
baseline,4,positional_batch_beans,2,1558,6053.145,10464.000,true
baseline,4,raw_raw_expression,2,12366,2483.519,2624.000,true
baseline,4,raw_where_16,2,2481,8680.169,8840.000,true
baseline,4,mybatis_where_eq,2,17151,1343.216,2984.000,true
baseline,4,named_in_1024,2,62,187080.645,353216.000,true
baseline,4,raw_insert_entity,2,23000,1888.391,2176.000,false
baseline,4,positional_union_builder,2,1755,8641.481,9768.000,true
baseline,4,raw_where_128,2,255,70414.510,56496.000,true
baseline,4,raw_derived,2,2192,17053.832,15848.000,true
baseline,4,raw_naming_NO_CHANGE,2,2289,8150.240,7880.000,true
baseline,4,named_insert_values,2,8345,1988.292,3048.000,true
baseline,4,mybatis_condition_only,2,2729,8155.368,8344.000,true
baseline,4,raw_select_columns,2,11398,1028.408,1952.000,true
baseline,4,mybatis_insert_values,2,16458,1518.070,2744.000,true
baseline,4,named_dialect_Microsoft_SQL_Server,2,6113,2758.335,4320.000,true
baseline,4,raw_between,2,13257,1711.926,3384.000,true
baseline,4,mybatis_union_builder,2,1659,18642.495,16696.000,true
baseline,4,mybatis_derived,2,965,14565.596,17192.000,true
baseline,4,positional_retry_rollback,2,4533,5252.813,5872.000,true
baseline,4,raw_update_chain_16,2,2591,10558.008,25448.000,true
baseline,4,raw_in_1024,2,121,89740.496,220248.000,true
baseline,4,named_batch_beans,2,699,9115.308,26064.000,true
baseline,4,raw_pagination,2,17742,1524.744,3400.000,true
baseline,4,raw_late_modifier,2,23754,1321.154,2480.000,true
baseline,4,raw_in_256,2,545,33683.119,56640.000,true
baseline,4,named_batch_64,2,256,76331.641,134912.000,true
baseline,4,positional_row_in,2,7766,2015.581,2624.000,true
baseline,4,mybatis_update_chain_16,2,646,27607.585,39960.000,true
baseline,4,raw_subquery_raw,2,32227,1268.253,2272.000,true
baseline,4,positional_late_modifier,2,20500,1214.361,2360.000,true
baseline,4,raw_repeated_names,2,738,34221.545,53896.000,true
baseline,4,positional_between,2,8632,1804.066,3056.000,true
baseline,4,named_dialect_PostgreSQL,2,6148,2726.334,4144.000,true
baseline,4,mybatis_batch_64,2,119,43205.882,118896.000,true
baseline,4,named_update_map,2,5613,2391.805,4752.000,true
baseline,4,custom_handler_union,2,1585,14594.700,16536.000,true
baseline,4,raw_batch_beans,2,2890,7972.907,16896.000,false
baseline,4,raw_union_builder,2,3742,6471.352,10160.000,true
baseline,4,positional_join_using,2,9457,1030.993,3056.000,true
baseline,4,positional_dialect_PostgreSQL,2,8291,1150.899,3360.000,true
baseline,4,positional_update_map,2,15440,1426.574,3024.000,true
baseline,4,named_naming_KEBAB_CASE,2,1556,7968.895,10584.000,true
baseline,4,raw_naming_KEBAB_CASE,2,2219,9804.912,8840.000,true
baseline,4,mybatis_update_map,2,5939,2137.010,4224.000,true
baseline,4,mybatis_between,2,8619,1637.383,3592.000,true
baseline,4,named_select_star,2,73846,354.775,1424.000,true
baseline,4,positional_insert_entity,2,15459,752.326,1816.000,true
baseline,4,raw_row_in,2,10927,1650.847,3136.000,true
baseline,4,raw_join_using,2,13617,1147.184,3176.000,true
baseline,4,named_where_eq,2,18505,1273.223,3120.000,true
baseline,4,positional_subquery_raw,2,26595,721.782,2272.000,true
baseline,4,raw_naming_SCREAMING_SNAKE_CASE,2,3038,7290.981,8856.000,true
baseline,4,named_union_raw,2,1870,4561.497,5200.000,true
baseline,4,mybatis_in_256,2,651,35349.770,72760.000,true
baseline,4,positional_in_1024,2,561,22136.364,28504.000,true
baseline,4,mybatis_group_order,2,2145,5231.049,7288.000,true
baseline,4,mybatis_late_modifier,2,12046,896.364,2680.000,true
baseline,4,mybatis_naming_NO_CHANGE,2,1683,6136.839,8408.000,true
baseline,4,mybatis_repeated_names,2,177,30040.678,55944.000,true
baseline,4,mybatis_batch_4,2,3402,3500.147,8784.000,true
baseline,4,raw_naming_UPPER_CAMEL_CASE,2,1877,5603.623,8840.000,true
baseline,4,named_naming_NO_CHANGE,2,2066,5636.254,9624.000,true
baseline,4,mybatis_pagination,2,10854,1322.692,3832.000,true
baseline,4,mybatis_naming_SCREAMING_SNAKE_CASE,2,1901,6383.114,9384.000,true
baseline,4,positional_dialect_Oracle,2,6742,1200.119,3496.000,true
baseline,4,raw_where_eq,2,19232,1141.384,2784.000,true
baseline,4,mybatis_in_expression,2,631,29213.946,72776.000,true
baseline,4,named_late_modifier,2,22153,806.911,2816.000,true
baseline,4,mybatis_select_expressions,2,4544,2450.880,2728.000,true
baseline,4,named_raw_expression,2,5746,2046.989,2624.000,true
baseline,4,mybatis_join_using,2,16998,1089.728,3376.000,true
baseline,4,positional_group_order,2,3148,3883.100,6336.000,true
baseline,4,named_row_in,2,8394,1427.281,4016.000,true
baseline,4,mybatis_nested,2,11684,1490.072,3464.000,true
baseline,4,positional_dialect_DB2,2,15112,1311.679,3544.000,true
baseline,4,named_group_order,2,3781,4383.867,7688.000,true
baseline,4,named_derived,2,27,12288.889,17800.000,true
baseline,4,positional_select_entity,2,22437,620.716,2000.000,true
baseline,4,named_union_builder,2,515,12942.330,17272.000,true
baseline,4,positional_where_128,2,327,32643.731,32808.000,true
baseline,4,positional_in_16,2,18358,955.970,2656.000,true
baseline,4,raw_in_17,2,9262,2041.913,5816.000,true
baseline,4,raw_condition_only,2,3977,7645.235,7816.000,true
baseline,4,raw_naming_CAMEL_CASE,2,3152,7660.882,7880.000,true
baseline,4,positional_dialect_Microsoft_SQL_Server,2,4302,1987.889,3544.000,true
baseline,4,raw_union_raw,2,5219,5234.183,5200.000,true
baseline,4,named_where_16,2,3086,9634.316,10584.000,true
baseline,4,mybatis_naming_CAMEL_CASE,2,2905,7864.062,8408.000,true
baseline,4,mybatis_insert_entity,2,10286,1484.260,2456.000,true
baseline,4,raw_retry_rollback,2,4705,5205.569,6376.000,true
baseline,4,positional_batch_4,2,2420,3787.934,5968.000,true
baseline,4,raw_group_order,2,6623,5382.787,6432.000,true
baseline,4,mybatis_select_columns,2,13544,1883.114,1952.000,true
baseline,4,named_naming_UPPER_CAMEL_CASE,2,1743,12882.960,10584.000,true
baseline,4,positional_batch_64,2,229,25332.751,72176.000,true
baseline,4,positional_nested,2,7120,1702.669,2952.000,true
baseline,4,named_where_128,2,262,64485.878,71280.000,true
baseline,4,named_repeated_names,2,461,51519.306,64920.000,true
baseline,4,named_delete,2,20222,840.392,1960.000,true
baseline,4,positional_naming_KEBAB_CASE,2,3966,9731.795,5888.000,true
baseline,4,named_in_256,2,409,51104.156,90712.000,true
baseline,4,mybatis_union_raw,2,3036,6219.170,5200.000,true
baseline,4,mybatis_in_17,2,7949,3547.503,6752.000,true
baseline,4,positional_join_on,2,6284,3319.860,3832.000,true
baseline,4,positional_delete,2,15778,761.351,1504.000,true
baseline,4,named_subquery_structured,2,5227,3564.282,5488.000,true
baseline,4,mybatis_in_16,2,4366,3497.229,6512.000,true
baseline,4,positional_where_eq,2,9577,2030.876,2664.000,true
baseline,4,mybatis_subquery_raw,2,14476,1305.568,2272.000,true
baseline,4,positional_mixed_literals,2,7384,2198.158,2800.000,true
baseline,4,mybatis_insert_placeholders,2,19826,1683.582,2584.000,true
baseline,4,mybatis_where_16,2,1666,10308.884,9368.000,true
baseline,4,named_dialect_MySQL,2,7924,2849.407,4144.000,true
baseline,4,mybatis_where_128,2,144,96693.750,61280.000,true
baseline,4,positional_insert_values,2,274,1820.073,2104.000,true
baseline,4,named_select_columns,2,20391,1504.463,1952.000,true
baseline,4,positional_select_columns,2,14954,1629.611,1952.000,true
baseline,4,mybatis_batch_beans,2,2574,14600.583,22080.000,true
baseline,4,custom_handler_where,2,2420,13281.529,10616.000,true
baseline,4,positional_insert_placeholders,2,10032,1241.986,1944.000,true
baseline,4,mybatis_naming_KEBAB_CASE,2,2866,13696.301,9368.000,true
baseline,4,named_retry_rollback,2,2342,9826.302,8264.000,true
baseline,4,positional_update_chain_16,2,2481,12853.003,22360.000,true
baseline,4,named_batch_4,2,2870,6793.902,9736.000,true
baseline,4,raw_insert_placeholders,2,29503,1550.324,1944.000,true
baseline,4,named_in_expression,2,350,59544.857,90680.000,true
baseline,4,raw_insert_values,2,18485,2398.556,2464.000,false
baseline,4,mybatis_select_entity,2,30017,1293.600,2000.000,true
baseline,4,raw_select_expressions,2,8918,4363.434,2728.000,true
baseline,4,named_naming_CAMEL_CASE,2,1876,10687.473,9624.000,true
baseline,4,mybatis_subquery_structured,2,6133,3303.815,5256.000,true
baseline,4,positional_repeated_names,2,604,30133.940,30360.000,true
baseline,4,named_condition_only,2,1506,11249.137,9560.000,true
baseline,4,positional_select_star,2,1969,718.994,1424.000,true
baseline,4,named_subquery_raw,2,14612,1315.419,2272.000,true
baseline,4,raw_batch_4,2,7427,5872.398,7584.000,false
baseline,4,named_insert_placeholders,2,2063,2195.637,2888.000,true
baseline,4,positional_naming_NO_CHANGE,2,5276,8027.824,4928.000,true
baseline,4,mybatis_raw_expression,2,5809,3774.006,2624.000,true
baseline,4,positional_naming_UPPER_CAMEL_CASE,2,3530,10672.295,5888.000,true
baseline,4,named_insert_entity,2,5819,1888.245,2760.000,true
baseline,4,named_in_17,2,2984,4326.408,7888.000,true
baseline,4,named_update_chain_16,2,853,29734.232,47000.000,true
baseline,4,named_join_on,2,4673,3681.340,4288.000,true
baseline,4,positional_naming_CAMEL_CASE,2,4973,6488.498,4928.000,true
baseline,4,positional_naming_SCREAMING_SNAKE_CASE,2,2019,13707.330,5904.000,true
baseline,4,positional_in_expression,2,2307,9786.389,9760.000,true
baseline,4,raw_mixed_literals,2,7423,3665.499,3192.000,true
baseline,4,mybatis_mixed_literals,2,11314,2741.692,3504.000,true
baseline,4,named_pagination,2,8552,2015.985,4072.000,true
baseline,4,named_dialect_DB2,2,12493,2115.713,4320.000,true
baseline,4,positional_in_256,2,3158,8134.104,9576.000,true
baseline,4,raw_select_entity,2,11459,1037.700,2000.000,true
baseline,4,raw_select_star,2,1268,686.041,1424.000,true
baseline,4,mybatis_naming_UPPER_CAMEL_CASE,2,1647,11494.232,9368.000,true
baseline,4,raw_batch_64,2,704,61916.193,97344.000,false
baseline,4,named_between,2,12065,2406.979,3800.000,true
baseline,4,named_join_using,2,10587,2078.766,3512.000,true
baseline,4,mybatis_row_in,2,10779,2723.685,3704.000,true
baseline,4,positional_condition_only,2,2602,8686.357,4872.000,true
baseline,4,raw_delete,2,51744,808.511,1624.000,true
baseline,4,positional_dialect_MySQL,2,11750,1881.906,3360.000,true
baseline,4,raw_nested,2,14264,2583.083,3280.000,true
baseline,4,positional_where_16,2,2360,9306.610,5888.000,true
baseline,4,raw_subquery_structured,2,11657,2766.587,4616.000,true
baseline,4,positional_derived,2,1861,17920.742,15296.000,true
baseline,4,raw_in_16,2,6143,2998.030,5600.000,true
baseline,4,named_select_entity,2,28773,1238.102,2000.000,true
baseline,4,named_nested,2,4171,3443.155,3648.000,true
baseline,4,mybatis_join_on,2,4823,3326.477,4152.000,true
baseline,4,positional_subquery_structured,2,7005,2855.889,4704.000,true
baseline,4,positional_pagination,2,10739,2051.038,3288.000,true
baseline,4,positional_union_raw,2,3031,6322.699,5200.000,true
baseline,4,raw_in_expression,2,1038,36519.075,56616.000,true
baseline,4,named_in_16,2,7204,3734.800,7600.000,true
baseline,4,raw_join_on,2,8403,3642.497,3952.000,true
baseline,4,mybatis_select_star,2,67978,669.141,1424.000,true
baseline,4,positional_in_17,2,10369,2059.861,2672.000,true
baseline,4,named_select_expressions,2,7189,4812.227,2728.000,true
baseline,4,named_naming_SCREAMING_SNAKE_CASE,2,1397,7361.632,10600.000,true
baseline,4,positional_raw_expression,2,11478,1844.668,2624.000,true
baseline,4,positional_select_expressions,2,4779,2273.425,2728.000,true
baseline,4,raw_update_map,2,14396,1813.851,3592.000,false
baseline,4,mybatis_in_1024,2,122,138336.885,281472.000,true
baseline,4,named_dialect_Oracle,2,7062,1853.469,4272.000,true
baseline,4,mybatis_delete,2,12377,448.833,1832.000,true
baseline,4,raw_union_builder,3,3742,5917.183,10160.000,true
baseline,4,positional_in_expression,3,2307,4328.435,9760.000,true
baseline,4,named_insert_entity,3,5819,940.677,2760.000,true
baseline,4,raw_naming_UPPER_CAMEL_CASE,3,1877,6862.120,8840.000,true
baseline,4,raw_naming_CAMEL_CASE,3,3152,6396.796,7880.000,true
baseline,4,raw_repeated_names,3,738,32969.648,53896.000,true
baseline,4,positional_naming_UPPER_CAMEL_CASE,3,3530,5784.504,5888.000,true
baseline,4,raw_naming_SCREAMING_SNAKE_CASE,3,3038,6420.737,8856.000,true
baseline,4,mybatis_insert_values,3,16458,1190.637,2744.000,true
baseline,4,raw_nested,3,14264,1725.729,3280.000,true
baseline,4,positional_naming_CAMEL_CASE,3,4973,3977.217,4928.000,true
baseline,4,positional_select_star,3,1969,298.426,1424.000,true
baseline,4,named_union_builder,3,515,11820.777,17272.000,true
baseline,4,positional_row_in,3,7766,1269.431,2624.000,true
baseline,4,named_dialect_Oracle,3,7062,1513.254,4272.000,true
baseline,4,positional_union_builder,3,1755,6888.148,9768.000,true
baseline,4,named_subquery_raw,3,14612,797.406,2272.000,true
baseline,4,raw_in_256,3,545,23498.899,56640.000,true
baseline,4,mybatis_in_1024,3,122,158740.164,281472.000,true
baseline,4,raw_join_on,3,8403,1866.548,3952.000,true
baseline,4,positional_condition_only,3,2602,4182.091,4872.000,true
baseline,4,raw_batch_64,3,704,44756.108,97344.000,false
baseline,4,named_dialect_PostgreSQL,3,6148,2723.520,4144.000,true
baseline,4,mybatis_select_columns,3,13544,1311.651,1952.000,true
baseline,4,raw_select_expressions,3,8918,3058.758,2728.000,true
baseline,4,raw_mixed_literals,3,7423,2487.175,3192.000,true
baseline,4,positional_in_1024,3,561,16528.342,28504.000,true
baseline,4,positional_late_modifier,3,20500,712.537,2360.000,true
baseline,4,raw_insert_placeholders,3,29503,831.092,1944.000,true
baseline,4,raw_where_eq,3,19232,1817.278,2784.000,true
baseline,4,named_pagination,3,8552,1867.622,4072.000,true
baseline,4,mybatis_insert_entity,3,10286,1131.062,2456.000,true
baseline,4,mybatis_where_eq,3,17151,1513.253,2984.000,true
baseline,4,mybatis_in_256,3,651,35438.249,72760.000,true
baseline,4,named_dialect_MySQL,3,7924,2100.278,4144.000,true
baseline,4,named_mixed_literals,3,5453,2175.793,3768.000,true
baseline,4,named_select_columns,3,20391,997.935,1952.000,true
baseline,4,mybatis_subquery_raw,3,14476,656.224,2272.000,true
baseline,4,raw_derived,3,2192,13374.498,15848.000,true
baseline,4,raw_where_16,3,2481,7479.000,8840.000,true
baseline,4,mybatis_naming_KEBAB_CASE,3,2866,9542.149,9368.000,true
baseline,4,named_in_256,3,409,41377.262,90712.000,true
baseline,4,named_in_16,3,7204,3220.822,7600.000,true
baseline,4,positional_update_chain_16,3,2481,12478.557,22360.000,true
baseline,4,positional_insert_values,3,274,1751.095,2104.000,true
baseline,4,named_naming_NO_CHANGE,3,2066,10656.583,9624.000,true
baseline,4,raw_naming_KEBAB_CASE,3,2219,11589.094,8840.000,true
baseline,4,raw_select_star,3,1268,536.830,1424.000,true
baseline,4,raw_update_map,3,14396,2306.974,3592.000,false
baseline,4,positional_dialect_Microsoft_SQL_Server,3,4302,1655.788,3544.000,true
baseline,4,mybatis_select_expressions,3,4544,3510.057,2728.000,true
baseline,4,raw_union_raw,3,5219,4684.346,5200.000,true
baseline,4,positional_naming_SCREAMING_SNAKE_CASE,3,2019,5223.526,5904.000,true
baseline,4,named_batch_beans,3,699,14336.910,26064.000,true
baseline,4,positional_naming_KEBAB_CASE,3,3966,6792.410,5888.000,true
baseline,4,named_derived,3,27,20137.037,17800.000,true
baseline,4,raw_in_16,3,6143,2697.428,5600.000,true
baseline,4,mybatis_batch_beans,3,2574,8971.251,22080.000,true
baseline,4,mybatis_union_builder,3,1659,15223.508,16696.000,true
baseline,4,named_union_raw,3,1870,4441.497,5200.000,true
baseline,4,raw_select_columns,3,11398,1131.277,1952.000,true
baseline,4,positional_in_16,3,18358,1052.495,2656.000,true
baseline,4,mybatis_naming_SCREAMING_SNAKE_CASE,3,1901,9624.934,9384.000,true
baseline,4,named_insert_placeholders,3,2063,1677.508,2888.000,true
baseline,4,positional_pagination,3,10739,1223.075,3288.000,true
baseline,4,positional_subquery_structured,3,7005,1606.567,4704.000,true
baseline,4,custom_handler_union,3,1585,14806.309,16536.000,true
baseline,4,mybatis_in_17,3,7949,3816.593,6752.000,true
baseline,4,raw_join_using,3,13617,1395.124,3176.000,true
baseline,4,named_where_eq,3,18505,1316.093,3120.000,true
baseline,4,positional_in_256,3,3158,4803.515,9576.000,true
baseline,4,mybatis_where_16,3,1666,8415.486,9368.000,true
baseline,4,positional_batch_64,3,229,25182.533,72176.000,true
baseline,4,named_retry_rollback,3,2342,6182.792,8264.000,true
baseline,4,named_batch_64,3,256,52616.797,134912.000,true
baseline,4,positional_join_on,3,6284,2804.058,3832.000,true
baseline,4,positional_batch_4,3,2420,3689.752,5968.000,true
baseline,4,mybatis_between,3,8619,1744.239,3592.000,true
baseline,4,raw_raw_expression,3,12366,2848.496,2624.000,true
baseline,4,raw_batch_4,3,7427,5547.179,7584.000,false
baseline,4,mybatis_retry_rollback,3,2729,5783.987,7592.000,true
baseline,4,positional_retry_rollback,3,4533,4069.601,5872.000,true
baseline,4,positional_where_16,3,2360,5617.966,5888.000,true
baseline,4,named_in_expression,3,350,43617.429,90680.000,true
baseline,4,positional_where_eq,3,9577,1752.960,2664.000,true
baseline,4,mybatis_batch_64,3,119,73721.008,118896.000,true
baseline,4,raw_group_order,3,6623,4873.033,6432.000,true
baseline,4,named_in_17,3,2984,3035.489,7888.000,true
baseline,4,positional_raw_expression,3,11478,2020.831,2624.000,true
baseline,4,mybatis_group_order,3,2145,6658.415,7288.000,true
baseline,4,positional_repeated_names,3,604,19376.821,30360.000,true
baseline,4,named_late_modifier,3,22153,1123.071,2816.000,true
baseline,4,mybatis_select_entity,3,30017,746.344,2000.000,true
baseline,4,positional_naming_NO_CHANGE,3,5276,4047.839,4928.000,true
baseline,4,positional_derived,3,1861,14988.662,15296.000,true
baseline,4,named_naming_CAMEL_CASE,3,1876,7296.588,9624.000,true
baseline,4,positional_join_using,3,9457,947.235,3056.000,true
baseline,4,positional_dialect_DB2,3,15112,1551.740,3544.000,true
baseline,4,mybatis_subquery_structured,3,6133,2613.256,5256.000,true
baseline,4,positional_union_raw,3,3031,6965.820,5200.000,true
baseline,4,mybatis_update_chain_16,3,646,26294.427,39960.000,true
baseline,4,named_select_expressions,3,7189,4192.669,2728.000,true
baseline,4,named_where_128,3,262,92198.855,71280.000,true
baseline,4,raw_subquery_structured,3,11657,3705.585,4616.000,true
baseline,4,named_naming_SCREAMING_SNAKE_CASE,3,1397,13134.503,10600.000,true
baseline,4,named_delete,3,20222,1071.323,1960.000,true
baseline,4,mybatis_in_16,3,4366,2933.578,6512.000,true
baseline,4,positional_dialect_MySQL,3,11750,1675.072,3360.000,true
baseline,4,raw_insert_values,3,18485,1650.062,2464.000,false
baseline,4,named_repeated_names,3,461,48878.525,64920.000,true
baseline,4,mybatis_union_raw,3,3036,6757.839,5200.000,true
baseline,4,mybatis_update_map,3,5939,3046.186,4224.000,true
baseline,4,mybatis_batch_4,3,3402,5498.648,8784.000,true
baseline,4,raw_in_1024,3,121,154680.165,220248.000,true
baseline,4,raw_delete,3,51744,785.490,1624.000,true
baseline,4,raw_where_128,3,255,88687.451,56496.000,true
baseline,4,named_dialect_DB2,3,12493,3116.097,4320.000,true
baseline,4,positional_select_columns,3,14954,1716.404,1952.000,true
baseline,4,named_naming_UPPER_CAMEL_CASE,3,1743,13862.708,10584.000,true
baseline,4,named_where_16,3,3086,14540.084,10584.000,true
baseline,4,named_raw_expression,3,5746,3149.652,2624.000,true
baseline,4,raw_in_17,3,9262,3149.050,5816.000,true
baseline,4,raw_select_entity,3,11459,1029.339,2000.000,true
baseline,4,raw_naming_NO_CHANGE,3,2289,5555.133,7880.000,true
baseline,4,positional_between,3,8632,2112.349,3056.000,true
baseline,4,named_dialect_Microsoft_SQL_Server,3,6113,3122.477,4320.000,true
baseline,4,positional_group_order,3,3148,6205.400,6336.000,true
baseline,4,positional_subquery_raw,3,26595,1330.427,2272.000,true
baseline,4,named_row_in,3,8394,2832.583,4016.000,true
baseline,4,mybatis_naming_NO_CHANGE,3,1683,12383.720,8408.000,true
baseline,4,raw_insert_entity,3,23000,1822.626,2176.000,false
baseline,4,named_select_star,3,73846,491.601,1424.000,true
baseline,4,named_select_entity,3,28773,1003.614,2000.000,true
baseline,4,raw_retry_rollback,3,4705,8910.712,6376.000,true
baseline,4,named_in_1024,3,62,263654.839,353216.000,true
baseline,4,named_batch_4,3,2870,6997.909,9736.000,true
baseline,4,positional_mixed_literals,3,7384,3403.061,2800.000,true
baseline,4,positional_select_expressions,3,4779,4824.754,2728.000,true
baseline,4,mybatis_insert_placeholders,3,19826,2032.069,2584.000,true
baseline,4,custom_handler_where,3,2420,18177.727,10616.000,true
baseline,4,mybatis_delete,3,12377,1723.067,1832.000,true
baseline,4,named_join_using,3,10587,2708.747,3512.000,true
baseline,4,positional_nested,3,7120,2584.649,2952.000,true
baseline,4,positional_insert_entity,3,15459,745.100,1816.000,true
baseline,4,mybatis_pagination,3,10854,1798.636,3832.000,true
baseline,4,positional_in_17,3,10369,1235.008,2672.000,true
baseline,4,mybatis_join_using,3,16998,1741.458,3376.000,true
baseline,4,positional_update_map,3,15440,1556.405,3024.000,true
baseline,4,mybatis_nested,3,11684,2905.837,3464.000,true
baseline,4,named_join_on,3,4673,4116.713,4288.000,true
baseline,4,raw_pagination,3,17742,3133.880,3400.000,true
baseline,4,positional_select_entity,3,22437,1531.212,2000.000,true
baseline,4,mybatis_mixed_literals,3,11314,3263.788,3504.000,true
baseline,4,raw_row_in,3,10927,2560.300,3136.000,true
baseline,4,raw_between,3,13257,2705.295,3384.000,true
baseline,4,mybatis_select_star,3,67978,513.540,1424.000,true
baseline,4,positional_dialect_PostgreSQL,3,8291,1965.071,3360.000,true
baseline,4,mybatis_join_on,3,4823,3559.486,4152.000,true
baseline,4,positional_where_128,3,327,59475.229,32808.000,true
baseline,4,mybatis_naming_UPPER_CAMEL_CASE,3,1647,12420.886,9368.000,true
baseline,4,mybatis_late_modifier,3,12046,1487.158,2680.000,true
baseline,4,mybatis_derived,3,965,17756.062,17192.000,true
baseline,4,mybatis_condition_only,3,2729,10752.327,8344.000,true
baseline,4,positional_dialect_Oracle,3,6742,2118.437,3496.000,true
baseline,4,named_update_map,3,5613,3150.045,4752.000,true
baseline,4,raw_late_modifier,3,23754,1341.555,2480.000,true
baseline,4,mybatis_raw_expression,3,5809,3320.744,2624.000,true
baseline,4,named_subquery_structured,3,5227,3166.788,5488.000,true
baseline,4,positional_insert_placeholders,3,10032,1506.798,1944.000,true
baseline,4,raw_batch_beans,3,2890,12556.401,16896.000,false
baseline,4,mybatis_where_128,3,144,103255.556,61280.000,true
baseline,4,named_naming_KEBAB_CASE,3,1556,12023.136,10584.000,true
baseline,4,named_nested,3,4171,6092.232,3648.000,true
baseline,4,named_insert_values,3,8345,5120.012,3048.000,true
baseline,4,named_group_order,3,3781,9309.548,7688.000,true
baseline,4,mybatis_row_in,3,10779,2812.478,3704.000,true
baseline,4,named_condition_only,3,1506,10483.267,9560.000,true
baseline,4,named_between,3,12065,2614.198,3800.000,true
baseline,4,named_update_chain_16,3,853,26171.747,47000.000,true
baseline,4,positional_batch_beans,3,1558,7344.223,10464.000,true
baseline,4,raw_condition_only,3,3977,9202.640,7816.000,true
baseline,4,raw_in_expression,3,1038,42573.025,56616.000,true
baseline,4,raw_update_chain_16,3,2591,22011.540,25448.000,true
baseline,4,positional_delete,3,15778,788.192,1504.000,true
baseline,4,mybatis_in_expression,3,631,52199.842,72776.000,true
baseline,4,mybatis_naming_CAMEL_CASE,3,2905,11553.528,8408.000,true
baseline,4,raw_subquery_raw,3,32227,1408.670,2272.000,true
baseline,4,mybatis_repeated_names,3,177,39897.175,55944.000,true
baseline,4,named_naming_NO_CHANGE,4,2066,12102.953,9624.000,true
baseline,4,raw_batch_64,4,704,116258.665,97344.000,false
baseline,4,named_select_entity,4,28773,2268.703,2000.000,true
baseline,4,positional_in_16,4,18358,2388.958,2656.000,true
baseline,4,raw_select_entity,4,11459,1170.730,2000.000,true
baseline,4,named_naming_UPPER_CAMEL_CASE,4,1743,12019.564,10584.000,true
baseline,4,mybatis_join_using,4,16998,1970.638,3376.000,true
baseline,4,named_select_star,4,73846,531.257,1424.000,true
baseline,4,named_insert_values,4,8345,2260.120,3048.000,true
baseline,4,mybatis_raw_expression,4,5809,2178.585,2624.000,true
baseline,4,named_dialect_Microsoft_SQL_Server,4,6113,2863.389,4320.000,true
baseline,4,raw_where_eq,4,19232,2125.967,2784.000,true
baseline,4,raw_late_modifier,4,23754,1499.857,2480.000,true
baseline,4,named_raw_expression,4,5746,2177.358,2624.000,true
baseline,4,raw_mixed_literals,4,7423,2285.545,3192.000,true
baseline,4,named_naming_SCREAMING_SNAKE_CASE,4,1397,9538.368,10600.000,true
baseline,4,named_insert_entity,4,5819,1820.141,2760.000,true
baseline,4,positional_retry_rollback,4,4533,5775.226,5872.000,true
baseline,4,raw_naming_SCREAMING_SNAKE_CASE,4,3038,11275.576,8856.000,true
baseline,4,raw_join_using,4,13617,1538.268,3176.000,true
baseline,4,positional_batch_64,4,229,21655.895,72176.000,true
baseline,4,custom_handler_where,4,2420,9879.339,10616.000,true
baseline,4,positional_late_modifier,4,20500,1331.434,2360.000,true
baseline,4,named_update_chain_16,4,853,26796.014,47000.000,true
baseline,4,raw_pagination,4,17742,1915.562,3400.000,true
baseline,4,mybatis_naming_CAMEL_CASE,4,2905,10385.645,8408.000,true
baseline,4,mybatis_naming_KEBAB_CASE,4,2866,9326.518,9368.000,true
baseline,4,positional_naming_KEBAB_CASE,4,3966,6892.436,5888.000,true
baseline,4,named_mixed_literals,4,5453,2369.760,3768.000,true
baseline,4,raw_update_map,4,14396,2347.235,3592.000,false
baseline,4,named_condition_only,4,1506,10980.677,9560.000,true
baseline,4,positional_update_map,4,15440,1294.722,3024.000,true
baseline,4,positional_dialect_DB2,4,15112,1267.251,3544.000,true
baseline,4,raw_update_chain_16,4,2591,8347.665,25448.000,true
baseline,4,positional_select_entity,4,22437,617.507,2000.000,true
baseline,4,raw_in_1024,4,121,75394.215,220248.000,true
baseline,4,named_dialect_MySQL,4,7924,1534.768,4144.000,true
baseline,4,mybatis_select_columns,4,13544,969.507,1952.000,true
baseline,4,mybatis_batch_64,4,119,38676.471,118896.000,true
baseline,4,named_subquery_raw,4,14612,925.698,2272.000,true
baseline,4,positional_insert_placeholders,4,10032,1189.105,1944.000,true
baseline,4,named_select_expressions,4,7189,2755.752,2728.000,true
baseline,4,positional_row_in,4,7766,1698.596,2624.000,true
baseline,4,named_join_using,4,10587,1706.395,3512.000,true
baseline,4,raw_batch_4,4,7427,5782.146,7584.000,false
baseline,4,positional_subquery_raw,4,26595,1177.770,2272.000,true
baseline,4,mybatis_in_expression,4,631,48663.708,72776.000,true
baseline,4,positional_dialect_Microsoft_SQL_Server,4,4302,2089.981,3544.000,true
baseline,4,raw_batch_beans,4,2890,13436.125,16896.000,false
baseline,4,named_late_modifier,4,22153,1463.066,2816.000,true
baseline,4,positional_update_chain_16,4,2481,17556.066,22360.000,true
baseline,4,named_retry_rollback,4,2342,7291.802,8264.000,true
baseline,4,mybatis_late_modifier,4,12046,1474.182,2680.000,true
baseline,4,named_batch_beans,4,699,16234.478,26064.000,true
baseline,4,mybatis_delete,4,12377,934.718,1832.000,true
baseline,4,mybatis_select_expressions,4,4544,4392.386,2728.000,true
baseline,4,mybatis_group_order,4,2145,4614.079,7288.000,true
baseline,4,named_naming_CAMEL_CASE,4,1876,9299.840,9624.000,true
baseline,4,raw_in_17,4,9262,3530.652,5816.000,true
baseline,4,raw_select_star,4,1268,579.338,1424.000,true
baseline,4,mybatis_update_map,4,5939,3272.908,4224.000,true
baseline,4,raw_in_expression,4,1038,32977.553,56616.000,true
baseline,4,positional_select_columns,4,14954,1827.752,1952.000,true
baseline,4,mybatis_in_16,4,4366,4266.743,6512.000,true
baseline,4,mybatis_insert_placeholders,4,19826,1559.245,2584.000,true
baseline,4,raw_union_raw,4,5219,4501.303,5200.000,true
baseline,4,positional_mixed_literals,4,7384,1451.259,2800.000,true
baseline,4,raw_repeated_names,4,738,33436.450,53896.000,true
baseline,4,positional_where_128,4,327,68553.517,32808.000,true
baseline,4,positional_insert_values,4,274,1901.825,2104.000,true
baseline,4,raw_in_256,4,545,29678.899,56640.000,true
baseline,4,custom_handler_union,4,1585,15251.987,16536.000,true
baseline,4,mybatis_condition_only,4,2729,11357.567,8344.000,true
baseline,4,named_in_256,4,409,58389.976,90712.000,true
baseline,4,named_subquery_structured,4,5227,3345.762,5488.000,true
baseline,4,mybatis_where_eq,4,17151,1880.660,2984.000,true
baseline,4,mybatis_retry_rollback,4,2729,8650.018,7592.000,true
baseline,4,named_where_128,4,262,98048.473,71280.000,true
baseline,4,mybatis_mixed_literals,4,11314,2794.290,3504.000,true
baseline,4,mybatis_select_entity,4,30017,690.409,2000.000,true
baseline,4,raw_naming_KEBAB_CASE,4,2219,7150.563,8840.000,true
baseline,4,named_batch_64,4,256,44566.016,134912.000,true
baseline,4,positional_union_raw,4,3031,4631.046,5200.000,true
baseline,4,named_dialect_Oracle,4,7062,1839.833,4272.000,true
baseline,4,named_dialect_DB2,4,12493,1944.209,4320.000,true
baseline,4,raw_select_expressions,4,8918,3452.187,2728.000,true
baseline,4,positional_join_on,4,6284,2641.534,3832.000,true
baseline,4,named_where_16,4,3086,9405.444,10584.000,true
baseline,4,named_in_expression,4,350,36651.429,90680.000,true
baseline,4,mybatis_row_in,4,10779,1747.899,3704.000,true
baseline,4,mybatis_in_1024,4,122,142210.656,281472.000,true
baseline,4,raw_group_order,4,6623,4015.582,6432.000,true
baseline,4,positional_naming_CAMEL_CASE,4,4973,3647.537,4928.000,true
baseline,4,raw_naming_CAMEL_CASE,4,3152,5266.148,7880.000,true
baseline,4,positional_pagination,4,10739,1561.551,3288.000,true
baseline,4,positional_dialect_MySQL,4,11750,1722.289,3360.000,true
baseline,4,named_naming_KEBAB_CASE,4,1556,10582.326,10584.000,true
baseline,4,named_in_16,4,7204,3276.263,7600.000,true
baseline,4,named_where_eq,4,18505,1904.491,3120.000,true
baseline,4,mybatis_naming_NO_CHANGE,4,1683,9383.660,8408.000,true
baseline,4,mybatis_insert_values,4,16458,2094.866,2744.000,true
baseline,4,mybatis_insert_entity,4,10286,3396.588,2456.000,true
baseline,4,mybatis_subquery_raw,4,14476,1088.926,2272.000,true
baseline,4,mybatis_derived,4,965,20535.751,17192.000,true
baseline,4,positional_delete,4,15778,533.642,1504.000,true
baseline,4,named_dialect_PostgreSQL,4,6148,2756.539,4144.000,true
baseline,4,positional_in_1024,4,561,27133.333,28504.000,true
baseline,4,mybatis_nested,4,11684,2992.648,3464.000,true
baseline,4,positional_dialect_PostgreSQL,4,8291,2177.819,3360.000,true
baseline,4,positional_where_16,4,2360,8636.017,5888.000,true
baseline,4,positional_group_order,4,3148,6448.062,6336.000,true
baseline,4,mybatis_in_17,4,7949,3704.919,6752.000,true
baseline,4,mybatis_in_256,4,651,41953.610,72760.000,true
baseline,4,mybatis_subquery_structured,4,6133,3505.071,5256.000,true
baseline,4,positional_in_expression,4,2307,7681.274,9760.000,true
baseline,4,raw_insert_values,4,18485,2022.710,2464.000,false
baseline,4,mybatis_where_128,4,144,84910.417,61280.000,true
baseline,4,mybatis_naming_UPPER_CAMEL_CASE,4,1647,12602.914,9368.000,true
baseline,4,raw_join_on,4,8403,2456.932,3952.000,true
baseline,4,mybatis_pagination,4,10854,2388.797,3832.000,true
baseline,4,raw_retry_rollback,4,4705,7032.604,6376.000,true
baseline,4,raw_in_16,4,6143,3940.990,5600.000,true
baseline,4,raw_nested,4,14264,3046.411,3280.000,true
baseline,4,positional_naming_NO_CHANGE,4,5276,5381.501,4928.000,true
baseline,4,raw_naming_UPPER_CAMEL_CASE,4,1877,9528.023,8840.000,true
baseline,4,mybatis_union_builder,4,1659,21617.722,16696.000,true
baseline,4,named_update_map,4,5613,3753.608,4752.000,true
baseline,4,positional_subquery_structured,4,7005,3093.248,4704.000,true
baseline,4,raw_select_columns,4,11398,2046.798,1952.000,true
baseline,4,raw_where_16,4,2481,10596.453,8840.000,true
baseline,4,raw_derived,4,2192,21297.810,15848.000,true
baseline,4,positional_insert_entity,4,15459,1029.976,1816.000,true
baseline,4,raw_row_in,4,10927,2492.587,3136.000,true
baseline,4,positional_select_star,4,1969,362.824,1424.000,true
baseline,4,named_in_17,4,2984,4744.471,7888.000,true
baseline,4,positional_union_builder,4,1755,9550.427,9768.000,true
baseline,4,positional_join_using,4,9457,1227.757,3056.000,true
baseline,4,named_row_in,4,8394,2570.205,4016.000,true
baseline,4,raw_condition_only,4,3977,9692.683,7816.000,true
baseline,4,mybatis_update_chain_16,4,646,28050.929,39960.000,true
baseline,4,positional_where_eq,4,9577,1829.696,2664.000,true
baseline,4,positional_naming_SCREAMING_SNAKE_CASE,4,2019,8117.831,5904.000,true
baseline,4,named_pagination,4,8552,2033.419,4072.000,true
baseline,4,raw_subquery_structured,4,11657,2265.978,4616.000,true
baseline,4,raw_delete,4,51744,699.080,1624.000,true
baseline,4,mybatis_naming_SCREAMING_SNAKE_CASE,4,1901,11400.473,9384.000,true
baseline,4,named_join_on,4,4673,3211.492,4288.000,true
baseline,4,positional_nested,4,7120,1891.882,2952.000,true
baseline,4,named_delete,4,20222,806.345,1960.000,true
baseline,4,named_between,4,12065,2558.566,3800.000,true
baseline,4,named_union_raw,4,1870,5648.663,5200.000,true
baseline,4,mybatis_batch_4,4,3402,5606.849,8784.000,true
baseline,4,mybatis_where_16,4,1666,11893.998,9368.000,true
baseline,4,positional_batch_beans,4,1558,4793.325,10464.000,true
baseline,4,positional_condition_only,4,2602,8149.846,4872.000,true
baseline,4,named_select_columns,4,20391,1487.764,1952.000,true
baseline,4,named_nested,4,4171,1882.858,3648.000,true
baseline,4,raw_insert_placeholders,4,29503,923.994,1944.000,true
baseline,4,positional_derived,4,1861,13897.313,15296.000,true
baseline,4,positional_in_17,4,10369,1040.361,2672.000,true
baseline,4,raw_naming_NO_CHANGE,4,2289,8312.844,7880.000,true
baseline,4,positional_raw_expression,4,11478,1934.100,2624.000,true
baseline,4,named_insert_placeholders,4,2063,1083.665,2888.000,true
baseline,4,mybatis_select_star,4,67978,449.541,1424.000,true
baseline,4,mybatis_batch_beans,4,2574,10411.616,22080.000,true
baseline,4,positional_between,4,8632,1693.570,3056.000,true
baseline,4,mybatis_repeated_names,4,177,73760.452,55944.000,true
baseline,4,positional_select_expressions,4,4779,3341.557,2728.000,true
baseline,4,mybatis_between,4,8619,2685.787,3592.000,true
baseline,4,positional_batch_4,4,2420,2587.397,5968.000,true
baseline,4,named_repeated_names,4,461,35662.690,64920.000,true
baseline,4,mybatis_join_on,4,4823,3030.811,4152.000,true
baseline,4,named_derived,4,27,14592.593,17800.000,true
baseline,4,raw_union_builder,4,3742,7139.284,10160.000,true
baseline,4,raw_where_128,4,255,45136.078,56496.000,true
baseline,4,raw_insert_entity,4,23000,1213.361,2176.000,false
baseline,4,named_in_1024,4,62,148648.387,353216.000,true
baseline,4,positional_naming_UPPER_CAMEL_CASE,4,3530,8461.813,5888.000,true
baseline,4,raw_raw_expression,4,12366,2441.315,2624.000,true
baseline,4,named_group_order,4,3781,4571.225,7688.000,true
baseline,4,raw_subquery_raw,4,32227,1010.525,2272.000,true
baseline,4,named_batch_4,4,2870,5342.578,9736.000,true
baseline,4,named_union_builder,4,515,16408.350,17272.000,true
baseline,4,raw_between,4,13257,1512.220,3384.000,true
baseline,4,mybatis_union_raw,4,3036,4585.804,5200.000,true
baseline,4,positional_dialect_Oracle,4,6742,1430.540,3496.000,true
baseline,4,positional_in_256,4,3158,5039.867,9576.000,true
baseline,4,positional_repeated_names,4,604,18104.305,30360.000,true
baseline,4,raw_insert_values,5,18485,1619.870,2464.000,false
baseline,4,raw_naming_UPPER_CAMEL_CASE,5,1877,6637.187,8840.000,true
baseline,4,mybatis_group_order,5,2145,7022.564,7288.000,true
baseline,4,mybatis_select_expressions,5,4544,4466.813,2728.000,true
baseline,4,mybatis_delete,5,12377,886.394,1832.000,true
baseline,4,mybatis_raw_expression,5,5809,1756.740,2624.000,true
baseline,4,positional_select_star,5,1969,454.901,1424.000,true
baseline,4,positional_update_chain_16,5,2481,7634.099,22360.000,true
baseline,4,named_select_expressions,5,7189,2479.079,2728.000,true
baseline,4,positional_subquery_structured,5,7005,1831.449,4704.000,true
baseline,4,named_in_16,5,7204,2493.948,7600.000,true
baseline,4,raw_pagination,5,17742,1224.721,3400.000,true
baseline,4,raw_group_order,5,6623,3324.521,6432.000,true
baseline,4,positional_dialect_Microsoft_SQL_Server,5,4302,1720.107,3544.000,true
baseline,4,mybatis_mixed_literals,5,11314,1700.530,3504.000,true
baseline,4,positional_dialect_Oracle,5,6742,1220.528,3496.000,true
baseline,4,named_insert_values,5,8345,1317.088,3048.000,true
baseline,4,positional_condition_only,5,2602,4182.014,4872.000,true
baseline,4,positional_pagination,5,10739,1011.090,3288.000,true
baseline,4,named_select_columns,5,20391,927.664,1952.000,true
baseline,4,mybatis_insert_values,5,16458,1246.798,2744.000,true
baseline,4,custom_handler_union,5,1585,13991.167,16536.000,true
baseline,4,raw_batch_4,5,7427,3222.122,7584.000,false
baseline,4,named_naming_CAMEL_CASE,5,1876,6480.597,9624.000,true
baseline,4,mybatis_select_entity,5,30017,628.344,2000.000,true
baseline,4,raw_select_star,5,1268,304.416,1424.000,true
baseline,4,raw_late_modifier,5,23754,787.291,2480.000,true
baseline,4,raw_nested,5,14264,1477.328,3280.000,true
baseline,4,mybatis_late_modifier,5,12046,941.698,2680.000,true
baseline,4,raw_subquery_structured,5,11657,2326.671,4616.000,true
baseline,4,mybatis_in_256,5,651,33956.989,72760.000,true
baseline,4,raw_mixed_literals,5,7423,1920.154,3192.000,true
baseline,4,named_select_star,5,73846,427.712,1424.000,true
baseline,4,positional_dialect_PostgreSQL,5,8291,1484.200,3360.000,true
baseline,4,raw_in_expression,5,1038,19878.998,56616.000,true
baseline,4,named_dialect_DB2,5,12493,1701.225,4320.000,true
baseline,4,positional_mixed_literals,5,7384,1255.133,2800.000,true
baseline,4,positional_nested,5,7120,1612.360,2952.000,true
baseline,4,raw_in_16,5,6143,2265.180,5600.000,true
baseline,4,raw_select_entity,5,11459,700.105,2000.000,true
baseline,4,positional_dialect_MySQL,5,11750,1736.255,3360.000,true
baseline,4,named_in_1024,5,62,178612.903,353216.000,true
baseline,4,positional_naming_UPPER_CAMEL_CASE,5,3530,6586.062,5888.000,true
baseline,4,raw_naming_SCREAMING_SNAKE_CASE,5,3038,8795.490,8856.000,true
baseline,4,raw_derived,5,2192,17775.547,15848.000,true
baseline,4,positional_in_17,5,10369,1536.455,2672.000,true
baseline,4,mybatis_nested,5,11684,2895.438,3464.000,true
baseline,4,raw_union_raw,5,5219,4562.062,5200.000,true
baseline,4,named_where_eq,5,18505,1493.002,3120.000,true
baseline,4,raw_update_chain_16,5,2591,14556.773,25448.000,true
baseline,4,named_nested,5,4171,2506.593,3648.000,true
baseline,4,mybatis_batch_64,5,119,57066.387,118896.000,true
baseline,4,named_condition_only,5,1506,11103.453,9560.000,true
baseline,4,positional_where_eq,5,9577,1224.528,2664.000,true
baseline,4,named_pagination,5,8552,1594.820,4072.000,true
baseline,4,positional_repeated_names,5,604,20727.815,30360.000,true
baseline,4,raw_naming_NO_CHANGE,5,2289,5443.469,7880.000,true
baseline,4,positional_group_order,5,3148,3613.088,6336.000,true
baseline,4,positional_naming_SCREAMING_SNAKE_CASE,5,2019,5996.335,5904.000,true
baseline,4,mybatis_update_map,5,5939,2298.080,4224.000,true
baseline,4,positional_batch_64,5,229,28023.144,72176.000,true
baseline,4,mybatis_batch_beans,5,2574,9879.215,22080.000,true
baseline,4,named_dialect_Oracle,5,7062,1980.799,4272.000,true
baseline,4,positional_dialect_DB2,5,15112,1448.902,3544.000,true
baseline,4,named_mixed_literals,5,5453,2130.350,3768.000,true
baseline,4,positional_update_map,5,15440,1372.979,3024.000,true
baseline,4,mybatis_repeated_names,5,177,31508.475,55944.000,true
baseline,4,mybatis_union_builder,5,1659,20288.186,16696.000,true
baseline,4,positional_select_entity,5,22437,1069.546,2000.000,true
baseline,4,named_row_in,5,8394,2069.990,4016.000,true
baseline,4,named_naming_KEBAB_CASE,5,1556,7231.748,10584.000,true
baseline,4,mybatis_pagination,5,10854,1327.722,3832.000,true
baseline,4,positional_in_1024,5,561,21657.219,28504.000,true
baseline,4,raw_join_using,5,13617,1072.020,3176.000,true
baseline,4,mybatis_select_star,5,67978,393.682,1424.000,true
baseline,4,raw_insert_entity,5,23000,1030.513,2176.000,false
baseline,4,named_naming_SCREAMING_SNAKE_CASE,5,1397,7697.709,10600.000,true
baseline,4,named_batch_64,5,256,84256.250,134912.000,true
baseline,4,mybatis_insert_placeholders,5,19826,1756.552,2584.000,true
baseline,4,positional_batch_4,5,2420,2727.066,5968.000,true
baseline,4,positional_in_expression,5,2307,5724.317,9760.000,true
baseline,4,mybatis_naming_CAMEL_CASE,5,2905,7126.162,8408.000,true
baseline,4,mybatis_subquery_raw,5,14476,913.961,2272.000,true
baseline,4,positional_batch_beans,5,1558,4907.125,10464.000,true
baseline,4,raw_insert_placeholders,5,29503,1040.331,1944.000,true
baseline,4,mybatis_insert_entity,5,10286,1500.612,2456.000,true
baseline,4,mybatis_where_eq,5,17151,1629.584,2984.000,true
baseline,4,raw_delete,5,51744,446.027,1624.000,true
baseline,4,mybatis_in_1024,5,122,112003.279,281472.000,true
baseline,4,positional_join_using,5,9457,1105.879,3056.000,true
baseline,4,named_insert_placeholders,5,2063,1173.049,2888.000,true
baseline,4,raw_batch_64,5,704,35509.091,97344.000,false
baseline,4,mybatis_where_128,5,144,89120.833,61280.000,true
baseline,4,mybatis_naming_UPPER_CAMEL_CASE,5,1647,13006.922,9368.000,true
baseline,4,raw_update_map,5,14396,2603.244,3592.000,false
baseline,4,custom_handler_where,5,2420,8571.529,10616.000,true
baseline,4,mybatis_naming_SCREAMING_SNAKE_CASE,5,1901,10891.426,9384.000,true
baseline,4,named_union_raw,5,1870,3950.107,5200.000,true
baseline,4,named_raw_expression,5,5746,1736.269,2624.000,true
baseline,4,mybatis_in_16,5,4366,2417.453,6512.000,true
baseline,4,positional_in_256,5,3158,6166.719,9576.000,true
baseline,4,named_delete,5,20222,521.086,1960.000,true
baseline,4,positional_union_builder,5,1755,6893.732,9768.000,true
baseline,4,named_update_chain_16,5,853,25017.351,47000.000,true
baseline,4,raw_raw_expression,5,12366,1834.708,2624.000,true
baseline,4,named_dialect_PostgreSQL,5,6148,1943.136,4144.000,true
baseline,4,positional_naming_NO_CHANGE,5,5276,3488.306,4928.000,true
baseline,4,raw_where_eq,5,19232,1114.164,2784.000,true
baseline,4,mybatis_union_raw,5,3036,3853.393,5200.000,true
baseline,4,mybatis_naming_NO_CHANGE,5,1683,5356.447,8408.000,true
baseline,4,positional_naming_KEBAB_CASE,5,3966,5667.297,5888.000,true
baseline,4,named_join_on,5,4673,1674.363,4288.000,true
baseline,4,positional_late_modifier,5,20500,652.829,2360.000,true
baseline,4,mybatis_in_17,5,7949,2530.167,6752.000,true
baseline,4,raw_in_17,5,9262,1969.477,5816.000,true
baseline,4,raw_between,5,13257,1315.592,3384.000,true
baseline,4,positional_between,5,8632,1279.032,3056.000,true
baseline,4,positional_derived,5,1861,10083.020,15296.000,true
baseline,4,positional_select_expressions,5,4779,2404.122,2728.000,true
baseline,4,positional_raw_expression,5,11478,1995.705,2624.000,true
baseline,4,raw_retry_rollback,5,4705,3915.430,6376.000,true
baseline,4,named_naming_UPPER_CAMEL_CASE,5,1743,7093.746,10584.000,true
baseline,4,raw_condition_only,5,3977,5438.496,7816.000,true
baseline,4,named_where_16,5,3086,7667.725,10584.000,true
baseline,4,mybatis_condition_only,5,2729,6944.485,8344.000,true
baseline,4,named_retry_rollback,5,2342,5335.824,8264.000,true
baseline,4,mybatis_derived,5,965,11421.140,17192.000,true
baseline,4,named_late_modifier,5,22153,873.137,2816.000,true
baseline,4,raw_in_256,5,545,19307.339,56640.000,true
baseline,4,raw_join_on,5,8403,1789.254,3952.000,true
baseline,4,raw_where_128,5,255,45293.725,56496.000,true
baseline,4,named_union_builder,5,515,11632.816,17272.000,true
baseline,4,positional_row_in,5,7766,966.637,2624.000,true
baseline,4,named_in_256,5,409,28235.208,90712.000,true
baseline,4,mybatis_retry_rollback,5,2729,5011.103,7592.000,true
baseline,4,named_between,5,12065,1477.928,3800.000,true
baseline,4,named_select_entity,5,28773,630.098,2000.000,true
baseline,4,raw_row_in,5,10927,1186.510,3136.000,true
baseline,4,mybatis_batch_4,5,3402,3353.880,8784.000,true
baseline,4,positional_where_128,5,327,35076.758,32808.000,true
baseline,4,mybatis_subquery_structured,5,6133,1852.258,5256.000,true
baseline,4,named_batch_4,5,2870,3429.721,9736.000,true
baseline,4,positional_union_raw,5,3031,3453.151,5200.000,true
baseline,4,named_dialect_Microsoft_SQL_Server,5,6113,1565.238,4320.000,true
baseline,4,positional_where_16,5,2360,4545.212,5888.000,true
baseline,4,named_dialect_MySQL,5,7924,1492.504,4144.000,true
baseline,4,raw_select_expressions,5,8918,2153.499,2728.000,true
baseline,4,named_subquery_structured,5,5227,1941.228,5488.000,true
baseline,4,raw_subquery_raw,5,32227,588.814,2272.000,true
baseline,4,mybatis_update_chain_16,5,646,14839.474,39960.000,true
baseline,4,named_insert_entity,5,5819,875.803,2760.000,true
baseline,4,named_subquery_raw,5,14612,676.506,2272.000,true
baseline,4,positional_delete,5,15778,414.254,1504.000,true
baseline,4,named_in_17,5,2984,2179.189,7888.000,true
baseline,4,positional_naming_CAMEL_CASE,5,4973,3393.605,4928.000,true
baseline,4,positional_retry_rollback,5,4533,3304.434,5872.000,true
baseline,4,positional_insert_placeholders,5,10032,702.382,1944.000,true
baseline,4,positional_in_16,5,18358,848.682,2656.000,true
baseline,4,named_join_using,5,10587,940.833,3512.000,true
baseline,4,named_where_128,5,262,48041.221,71280.000,true
baseline,4,named_naming_NO_CHANGE,5,2066,4806.970,9624.000,true
baseline,4,raw_select_columns,5,11398,915.652,1952.000,true
baseline,4,raw_naming_KEBAB_CASE,5,2219,5167.012,8840.000,true
baseline,4,named_group_order,5,3781,3567.019,7688.000,true
baseline,4,raw_naming_CAMEL_CASE,5,3152,4538.801,7880.000,true
baseline,4,raw_batch_beans,5,2890,6289.031,16896.000,false
baseline,4,mybatis_join_using,5,16998,1081.168,3376.000,true
baseline,4,named_in_expression,5,350,28048.000,90680.000,true
baseline,4,positional_subquery_raw,5,26595,671.852,2272.000,true
baseline,4,mybatis_where_16,5,1666,5803.541,9368.000,true
baseline,4,positional_insert_values,5,274,814.234,2104.000,true
baseline,4,raw_in_1024,5,121,79063.636,220248.000,true
baseline,4,mybatis_between,5,8619,1364.439,3592.000,true
baseline,4,raw_where_16,5,2481,5117.332,8840.000,true
baseline,4,named_repeated_names,5,461,27587.852,64920.000,true
baseline,4,mybatis_select_columns,5,13544,819.573,1952.000,true
baseline,4,named_derived,5,27,12511.111,17800.000,true
baseline,4,raw_repeated_names,5,738,22164.770,53896.000,true
baseline,4,positional_join_on,5,6284,1503.246,3832.000,true
baseline,4,mybatis_row_in,5,10779,1352.955,3704.000,true
baseline,4,positional_insert_entity,5,15459,685.504,1816.000,true
baseline,4,mybatis_join_on,5,4823,1694.837,4152.000,true
baseline,4,mybatis_in_expression,5,631,26796.197,72776.000,true
baseline,4,raw_union_builder,5,3742,5814.190,10160.000,true
baseline,4,mybatis_naming_KEBAB_CASE,5,2866,6535.485,9368.000,true
baseline,4,named_update_map,5,5613,1636.879,4752.000,true
baseline,4,positional_select_columns,5,14954,813.869,1952.000,true
baseline,4,named_batch_beans,5,699,7982.403,26064.000,true
baseline,4,positional_in_1024,6,561,17229.590,28504.000,true
baseline,4,mybatis_repeated_names,6,177,23777.966,55944.000,true
baseline,4,named_select_expressions,6,7189,2024.037,2728.000,true
baseline,4,raw_insert_placeholders,6,29503,738.322,1944.000,true
baseline,4,positional_in_16,6,18358,789.601,2656.000,true
baseline,4,positional_subquery_raw,6,26595,616.672,2272.000,true
baseline,4,positional_subquery_structured,6,7005,1602.984,4704.000,true
baseline,4,positional_join_using,6,9457,796.415,3056.000,true
baseline,4,positional_batch_beans,6,1558,4558.344,10464.000,true
baseline,4,named_where_eq,6,18505,1034.396,3120.000,true
baseline,4,mybatis_insert_placeholders,6,19826,1008.549,2584.000,true
baseline,4,mybatis_update_chain_16,6,646,13070.588,39960.000,true
baseline,4,positional_raw_expression,6,11478,1445.017,2624.000,true
baseline,4,raw_naming_KEBAB_CASE,6,2219,4980.487,8840.000,true
baseline,4,raw_select_entity,6,11459,681.299,2000.000,true
baseline,4,raw_update_chain_16,6,2591,7871.671,25448.000,true
baseline,4,mybatis_select_entity,6,30017,602.332,2000.000,true
baseline,4,positional_between,6,8632,1152.433,3056.000,true
baseline,4,raw_in_expression,6,1038,17487.669,56616.000,true
baseline,4,positional_row_in,6,7766,1207.855,2624.000,true
baseline,4,mybatis_raw_expression,6,5809,1459.356,2624.000,true
baseline,4,raw_raw_expression,6,12366,1571.349,2624.000,true
baseline,4,raw_join_using,6,13617,939.370,3176.000,true
baseline,4,named_union_raw,6,1870,3099.358,5200.000,true
baseline,4,mybatis_naming_NO_CHANGE,6,1683,4641.533,8408.000,true
baseline,4,mybatis_where_16,6,1666,5681.993,9368.000,true
baseline,4,mybatis_between,6,8619,1569.811,3592.000,true
baseline,4,named_nested,6,4171,1479.573,3648.000,true
baseline,4,raw_batch_beans,6,2890,7051.834,16896.000,false
baseline,4,named_batch_64,6,256,34363.672,134912.000,true
baseline,4,positional_select_columns,6,14954,814.230,1952.000,true
baseline,4,raw_union_raw,6,5219,3338.858,5200.000,true
baseline,4,mybatis_join_using,6,16998,1006.924,3376.000,true
baseline,4,named_naming_SCREAMING_SNAKE_CASE,6,1397,7129.993,10600.000,true
baseline,4,raw_in_17,6,9262,1779.875,5816.000,true
baseline,4,raw_batch_64,6,704,27898.864,97344.000,false
baseline,4,named_condition_only,6,1506,5470.385,9560.000,true
baseline,4,raw_where_eq,6,19232,997.660,2784.000,true
baseline,4,positional_dialect_PostgreSQL,6,8291,1069.135,3360.000,true
baseline,4,custom_handler_union,6,1585,11205.047,16536.000,true
baseline,4,named_in_17,6,2984,2313.740,7888.000,true
baseline,4,named_batch_beans,6,699,8025.036,26064.000,true
baseline,4,named_retry_rollback,6,2342,5586.465,8264.000,true
baseline,4,named_dialect_Microsoft_SQL_Server,6,6113,1450.172,4320.000,true
baseline,4,mybatis_insert_entity,6,10286,817.354,2456.000,true
baseline,4,raw_in_16,6,6143,2098.388,5600.000,true
baseline,4,positional_where_128,6,327,31370.948,32808.000,true
baseline,4,mybatis_union_raw,6,3036,3152.734,5200.000,true
baseline,4,named_in_256,6,409,25353.790,90712.000,true
baseline,4,raw_derived,6,2192,9569.617,15848.000,true
baseline,4,named_join_using,6,10587,941.730,3512.000,true
baseline,4,raw_late_modifier,6,23754,773.495,2480.000,true
baseline,4,named_pagination,6,8552,1379.595,4072.000,true
baseline,4,mybatis_in_1024,6,122,103191.803,281472.000,true
baseline,4,mybatis_group_order,6,2145,3302.238,7288.000,true
baseline,4,mybatis_batch_beans,6,2574,7066.434,22080.000,true
baseline,4,raw_insert_entity,6,23000,867.617,2176.000,false
baseline,4,named_naming_UPPER_CAMEL_CASE,6,1743,6294.033,10584.000,true
baseline,4,raw_condition_only,6,3977,4538.999,7816.000,true
baseline,4,positional_naming_CAMEL_CASE,6,4973,3502.333,4928.000,true
baseline,4,positional_dialect_Oracle,6,6742,1046.989,3496.000,true
baseline,4,positional_group_order,6,3148,2877.128,6336.000,true
baseline,4,named_insert_entity,6,5819,844.406,2760.000,true
baseline,4,positional_delete,6,15778,406.230,1504.000,true
baseline,4,raw_naming_UPPER_CAMEL_CASE,6,1877,5191.742,8840.000,true
baseline,4,positional_union_raw,6,3031,3097.064,5200.000,true
baseline,4,named_join_on,6,4673,1708.838,4288.000,true
baseline,4,named_batch_4,6,2870,3556.969,9736.000,true
baseline,4,named_derived,6,27,11129.630,17800.000,true
baseline,4,named_in_16,6,7204,2073.862,7600.000,true
baseline,4,positional_select_star,6,1969,322.702,1424.000,true
baseline,4,raw_select_expressions,6,8918,2202.377,2728.000,true
baseline,4,positional_where_eq,6,9577,848.272,2664.000,true
baseline,4,named_naming_KEBAB_CASE,6,1556,5860.219,10584.000,true
baseline,4,named_group_order,6,3781,3783.867,7688.000,true
baseline,4,positional_naming_KEBAB_CASE,6,3966,4118.154,5888.000,true
baseline,4,raw_subquery_structured,6,11657,1423.840,4616.000,true
baseline,4,named_naming_CAMEL_CASE,6,1876,5159.275,9624.000,true
baseline,4,raw_update_map,6,14396,1351.035,3592.000,false
baseline,4,named_union_builder,6,515,13399.029,17272.000,true
baseline,4,raw_join_on,6,8403,1537.856,3952.000,true
baseline,4,named_dialect_Oracle,6,7062,1284.664,4272.000,true
baseline,4,raw_select_star,6,1268,465.852,1424.000,true
baseline,4,named_update_chain_16,6,853,17528.722,47000.000,true
baseline,4,positional_update_chain_16,6,2481,6243.894,22360.000,true
baseline,4,raw_repeated_names,6,738,20737.805,53896.000,true
baseline,4,positional_insert_values,6,274,791.606,2104.000,true
baseline,4,named_select_star,6,73846,270.330,1424.000,true
baseline,4,named_repeated_names,6,461,27689.154,64920.000,true
baseline,4,raw_pagination,6,17742,1050.113,3400.000,true
baseline,4,named_select_entity,6,28773,558.259,2000.000,true
baseline,4,named_select_columns,6,20391,829.807,1952.000,true
baseline,4,raw_group_order,6,6623,3166.088,6432.000,true
baseline,4,mybatis_join_on,6,4823,2053.411,4152.000,true
baseline,4,mybatis_select_star,6,67978,324.021,1424.000,true
baseline,4,mybatis_select_columns,6,13544,751.152,1952.000,true
baseline,4,named_in_1024,6,62,161995.161,353216.000,true
baseline,4,positional_naming_UPPER_CAMEL_CASE,6,3530,4922.975,5888.000,true
baseline,4,mybatis_where_eq,6,17151,964.504,2984.000,true
baseline,4,raw_naming_NO_CHANGE,6,2289,4947.750,7880.000,true
baseline,4,positional_in_256,6,3158,4418.176,9576.000,true
baseline,4,mybatis_naming_KEBAB_CASE,6,2866,6164.759,9368.000,true
baseline,4,positional_repeated_names,6,604,16834.768,30360.000,true
baseline,4,mybatis_update_map,6,5939,1569.726,4224.000,true
baseline,4,named_insert_placeholders,6,2063,917.741,2888.000,true
baseline,4,mybatis_delete,6,12377,397.794,1832.000,true
baseline,4,mybatis_subquery_raw,6,14476,684.540,2272.000,true
baseline,4,mybatis_in_17,6,7949,2359.995,6752.000,true
baseline,4,mybatis_insert_values,6,16458,1120.713,2744.000,true
baseline,4,positional_batch_4,6,2420,1995.289,5968.000,true
baseline,4,raw_subquery_raw,6,32227,601.852,2272.000,true
baseline,4,positional_pagination,6,10739,959.614,3288.000,true
baseline,4,raw_nested,6,14264,1230.763,3280.000,true
baseline,4,named_row_in,6,8394,1429.616,4016.000,true
baseline,4,positional_mixed_literals,6,7384,1093.743,2800.000,true
baseline,4,raw_in_256,6,545,16759.633,56640.000,true
baseline,4,named_mixed_literals,6,5453,1555.162,3768.000,true
baseline,4,positional_join_on,6,6284,1652.085,3832.000,true
baseline,4,positional_insert_placeholders,6,10032,713.816,1944.000,true
baseline,4,mybatis_condition_only,6,2729,5162.734,8344.000,true
baseline,4,mybatis_union_builder,6,1659,11439.723,16696.000,true
baseline,4,named_update_map,6,5613,1671.780,4752.000,true
baseline,4,mybatis_batch_4,6,3402,2769.312,8784.000,true
baseline,4,positional_dialect_MySQL,6,11750,1043.609,3360.000,true
baseline,4,named_dialect_PostgreSQL,6,6148,1507.092,4144.000,true
baseline,4,raw_where_128,6,255,36094.118,56496.000,true
baseline,4,positional_insert_entity,6,15459,646.400,1816.000,true
baseline,4,positional_where_16,6,2360,4029.322,5888.000,true
baseline,4,raw_select_columns,6,11398,863.318,1952.000,true
baseline,4,mybatis_late_modifier,6,12046,832.774,2680.000,true
baseline,4,positional_retry_rollback,6,4533,2949.768,5872.000,true
baseline,4,positional_dialect_Microsoft_SQL_Server,6,4302,1268.201,3544.000,true
baseline,4,raw_naming_CAMEL_CASE,6,3152,4071.352,7880.000,true
baseline,4,positional_nested,6,7120,1270.014,2952.000,true
baseline,4,positional_batch_64,6,229,20073.362,72176.000,true
baseline,4,raw_insert_values,6,18485,1089.727,2464.000,false
baseline,4,raw_between,6,13257,1156.468,3384.000,true
baseline,4,named_dialect_DB2,6,12493,1408.813,4320.000,true
baseline,4,raw_delete,6,51744,452.435,1624.000,true
baseline,4,mybatis_select_expressions,6,4544,2189.393,2728.000,true
baseline,4,mybatis_in_16,6,4366,2123.042,6512.000,true
baseline,4,raw_batch_4,6,7427,2621.812,7584.000,false
baseline,4,positional_late_modifier,6,20500,657.522,2360.000,true
baseline,4,mybatis_mixed_literals,6,11314,1425.287,3504.000,true
baseline,4,positional_dialect_DB2,6,15112,1179.427,3544.000,true
baseline,4,named_where_128,6,262,44749.237,71280.000,true
baseline,4,raw_naming_SCREAMING_SNAKE_CASE,6,3038,5046.708,8856.000,true
baseline,4,positional_in_17,6,10369,873.845,2672.000,true
baseline,4,mybatis_naming_UPPER_CAMEL_CASE,6,1647,6239.405,9368.000,true
baseline,4,positional_select_entity,6,22437,603.918,2000.000,true
baseline,4,mybatis_subquery_structured,6,6133,1573.374,5256.000,true
baseline,4,positional_derived,6,1861,9177.109,15296.000,true
baseline,4,positional_naming_NO_CHANGE,6,5276,3264.121,4928.000,true
baseline,4,mybatis_pagination,6,10854,1183.269,3832.000,true
baseline,4,positional_union_builder,6,1755,5409.288,9768.000,true
baseline,4,named_in_expression,6,350,32658.571,90680.000,true
baseline,4,mybatis_where_128,6,144,44738.889,61280.000,true
baseline,4,positional_in_expression,6,2307,4877.980,9760.000,true
baseline,4,named_dialect_MySQL,6,7924,1442.617,4144.000,true
baseline,4,named_subquery_structured,6,5227,1836.713,5488.000,true
baseline,4,mybatis_in_expression,6,631,28557.369,72776.000,true
baseline,4,positional_condition_only,6,2602,3692.045,4872.000,true
baseline,4,raw_row_in,6,10927,1212.776,3136.000,true
baseline,4,mybatis_derived,6,965,11712.228,17192.000,true
baseline,4,mybatis_row_in,6,10779,1519.056,3704.000,true
baseline,4,mybatis_in_256,6,651,25910.906,72760.000,true
baseline,4,mybatis_naming_SCREAMING_SNAKE_CASE,6,1901,5938.927,9384.000,true
baseline,4,named_delete,6,20222,512.116,1960.000,true
baseline,4,raw_union_builder,6,3742,5561.652,10160.000,true
baseline,4,mybatis_nested,6,11684,1343.316,3464.000,true
baseline,4,positional_select_expressions,6,4779,1985.164,2728.000,true
baseline,4,raw_where_16,6,2481,5598.710,8840.000,true
baseline,4,named_between,6,12065,1337.812,3800.000,true
baseline,4,named_raw_expression,6,5746,1494.205,2624.000,true
baseline,4,named_where_16,6,3086,6460.888,10584.000,true
baseline,4,named_late_modifier,6,22153,788.029,2816.000,true
baseline,4,named_naming_NO_CHANGE,6,2066,4863.020,9624.000,true
baseline,4,named_insert_values,6,8345,1073.721,3048.000,true
baseline,4,raw_in_1024,6,121,79174.380,220248.000,true
baseline,4,positional_naming_SCREAMING_SNAKE_CASE,6,2019,4221.496,5904.000,true
baseline,4,positional_update_map,6,15440,1004.378,3024.000,true
baseline,4,raw_retry_rollback,6,4705,3682.529,6376.000,true
baseline,4,named_subquery_raw,6,14612,578.682,2272.000,true
baseline,4,custom_handler_where,6,2420,5996.405,10616.000,true
baseline,4,mybatis_batch_64,6,119,43593.277,118896.000,true
baseline,4,raw_mixed_literals,6,7423,1511.114,3192.000,true
baseline,4,mybatis_naming_CAMEL_CASE,6,2905,4862.616,8408.000,true
baseline,4,mybatis_retry_rollback,6,2729,5006.779,7592.000,true
baseline,4,raw_mixed_literals,7,7423,1461.525,3192.000,true
baseline,4,positional_insert_values,7,274,813.139,2104.000,true
baseline,4,raw_update_map,7,14396,1409.586,3592.000,false
baseline,4,positional_raw_expression,7,11478,1596.768,2624.000,true
baseline,4,named_in_16,7,7204,2265.366,7600.000,true
baseline,4,positional_insert_entity,7,15459,596.901,1816.000,true
baseline,4,named_subquery_raw,7,14612,596.359,2272.000,true
baseline,4,positional_repeated_names,7,604,18750.166,30360.000,true
baseline,4,positional_naming_CAMEL_CASE,7,4973,3320.993,4928.000,true
baseline,4,raw_repeated_names,7,738,23002.033,53896.000,true
baseline,4,positional_pagination,7,10739,1037.834,3288.000,true
baseline,4,mybatis_join_on,7,4823,1697.242,4152.000,true
baseline,4,named_join_using,7,10587,1037.952,3512.000,true
baseline,4,positional_naming_SCREAMING_SNAKE_CASE,7,2019,4287.172,5904.000,true
baseline,4,positional_join_on,7,6284,1499.825,3832.000,true
baseline,4,raw_late_modifier,7,23754,794.355,2480.000,true
baseline,4,raw_in_17,7,9262,1653.930,5816.000,true
baseline,4,positional_late_modifier,7,20500,691.629,2360.000,true
baseline,4,named_in_256,7,409,29352.323,90712.000,true
baseline,4,raw_naming_SCREAMING_SNAKE_CASE,7,3038,5148.815,8856.000,true
baseline,4,positional_update_map,7,15440,1086.101,3024.000,true
baseline,4,named_row_in,7,8394,1377.460,4016.000,true
baseline,4,raw_in_256,7,545,17991.560,56640.000,true
baseline,4,mybatis_in_1024,7,122,113170.492,281472.000,true
baseline,4,positional_union_raw,7,3031,3362.290,5200.000,true
baseline,4,mybatis_naming_KEBAB_CASE,7,2866,5967.132,9368.000,true
baseline,4,positional_batch_64,7,229,27211.354,72176.000,true
baseline,4,mybatis_derived,7,965,10755.026,17192.000,true
baseline,4,positional_in_expression,7,2307,4093.801,9760.000,true
baseline,4,mybatis_mixed_literals,7,11314,1668.163,3504.000,true
baseline,4,raw_union_raw,7,5219,3770.454,5200.000,true
baseline,4,mybatis_in_expression,7,631,26404.279,72776.000,true
baseline,4,named_late_modifier,7,22153,846.179,2816.000,true
baseline,4,raw_where_16,7,2481,5790.004,8840.000,true
baseline,4,named_derived,7,27,13955.556,17800.000,true
baseline,4,mybatis_naming_UPPER_CAMEL_CASE,7,1647,6095.871,9368.000,true
baseline,4,positional_subquery_raw,7,26595,644.189,2272.000,true
baseline,4,positional_select_star,7,1969,291.925,1424.000,true
baseline,4,raw_nested,7,14264,1377.643,3280.000,true
baseline,4,raw_group_order,7,6623,3235.920,6432.000,true
baseline,4,raw_batch_beans,7,2890,6439.446,16896.000,false
baseline,4,named_batch_4,7,2870,3434.948,9736.000,true
baseline,4,positional_between,7,8632,1113.218,3056.000,true
baseline,4,mybatis_nested,7,11684,1442.314,3464.000,true
baseline,4,raw_select_entity,7,11459,545.344,2000.000,true
baseline,4,raw_condition_only,7,3977,4562.660,7816.000,true
baseline,4,mybatis_naming_CAMEL_CASE,7,2905,5246.540,8408.000,true
baseline,4,named_join_on,7,4673,1673.058,4288.000,true
baseline,4,raw_naming_CAMEL_CASE,7,3152,4003.204,7880.000,true
baseline,4,raw_derived,7,2192,10068.887,15848.000,true
baseline,4,raw_insert_placeholders,7,29503,664.122,1944.000,true
baseline,4,mybatis_select_entity,7,30017,625.459,2000.000,true
baseline,4,named_where_eq,7,18505,1037.163,3120.000,true
baseline,4,named_delete,7,20222,421.427,1960.000,true
baseline,4,named_select_columns,7,20391,818.734,1952.000,true
baseline,4,named_update_chain_16,7,853,15654.279,47000.000,true
baseline,4,mybatis_select_columns,7,13544,888.866,1952.000,true
baseline,4,positional_select_expressions,7,4779,2095.899,2728.000,true
baseline,4,raw_in_16,7,6143,1635.471,5600.000,true
baseline,4,named_nested,7,4171,1361.304,3648.000,true
baseline,4,mybatis_batch_beans,7,2574,7486.558,22080.000,true
baseline,4,raw_batch_64,7,704,30142.330,97344.000,false
baseline,4,raw_pagination,7,17742,1128.306,3400.000,true
baseline,4,mybatis_subquery_raw,7,14476,583.366,2272.000,true
baseline,4,named_raw_expression,7,5746,1443.317,2624.000,true
baseline,4,raw_join_on,7,8403,1727.645,3952.000,true
baseline,4,named_between,7,12065,1339.271,3800.000,true
baseline,4,positional_where_eq,7,9577,961.136,2664.000,true
baseline,4,positional_update_chain_16,7,2481,6336.437,22360.000,true
baseline,4,named_in_1024,7,62,128546.774,353216.000,true
baseline,4,raw_row_in,7,10927,1237.998,3136.000,true
baseline,4,positional_where_16,7,2360,4330.085,5888.000,true
baseline,4,positional_in_1024,7,561,15204.100,28504.000,true
baseline,4,mybatis_late_modifier,7,12046,715.134,2680.000,true
baseline,4,named_union_raw,7,1870,3187.594,5200.000,true
baseline,4,named_batch_beans,7,699,7452.933,26064.000,true
baseline,4,named_condition_only,7,1506,5824.701,9560.000,true
baseline,4,raw_insert_entity,7,23000,877.791,2176.000,false
baseline,4,mybatis_raw_expression,7,5809,1470.701,2624.000,true
baseline,4,named_select_entity,7,28773,597.560,2000.000,true
baseline,4,raw_subquery_raw,7,32227,609.632,2272.000,true
baseline,4,named_group_order,7,3781,3682.280,7688.000,true
baseline,4,mybatis_batch_4,7,3402,3404.292,8784.000,true
baseline,4,mybatis_batch_64,7,119,35356.303,118896.000,true
baseline,4,mybatis_union_raw,7,3036,3367.819,5200.000,true
baseline,4,named_naming_CAMEL_CASE,7,1876,4867.697,9624.000,true
baseline,4,mybatis_retry_rollback,7,2729,4962.001,7592.000,true
baseline,4,positional_naming_UPPER_CAMEL_CASE,7,3530,4257.110,5888.000,true
baseline,4,named_union_builder,7,515,10567.184,17272.000,true
baseline,4,named_in_17,7,2984,2096.984,7888.000,true
baseline,4,raw_naming_NO_CHANGE,7,2289,3916.470,7880.000,true
baseline,4,mybatis_union_builder,7,1659,11426.884,16696.000,true
baseline,4,positional_dialect_MySQL,7,11750,1019.183,3360.000,true
baseline,4,raw_raw_expression,7,12366,1588.541,2624.000,true
baseline,4,positional_naming_NO_CHANGE,7,5276,3107.695,4928.000,true
baseline,4,mybatis_delete,7,12377,421.508,1832.000,true
baseline,4,mybatis_update_map,7,5939,1738.592,4224.000,true
baseline,4,positional_where_128,7,327,31271.254,32808.000,true
baseline,4,named_insert_entity,7,5819,1013.267,2760.000,true
baseline,4,mybatis_row_in,7,10779,1487.003,3704.000,true
baseline,4,named_naming_SCREAMING_SNAKE_CASE,7,1397,6011.883,10600.000,true
baseline,4,named_repeated_names,7,461,26479.610,64920.000,true
baseline,4,positional_dialect_PostgreSQL,7,8291,1129.152,3360.000,true
baseline,4,positional_delete,7,15778,464.368,1504.000,true
baseline,4,raw_in_expression,7,1038,18652.987,56616.000,true
baseline,4,raw_select_star,7,1268,590.457,1424.000,true
baseline,4,raw_select_columns,7,11398,772.662,1952.000,true
baseline,4,named_dialect_DB2,7,12493,1512.479,4320.000,true
baseline,4,positional_dialect_Oracle,7,6742,1217.013,3496.000,true
baseline,4,raw_subquery_structured,7,11657,1605.688,4616.000,true
baseline,4,mybatis_where_16,7,1666,6376.711,9368.000,true
baseline,4,raw_update_chain_16,7,2591,8619.259,25448.000,true
baseline,4,named_where_128,7,262,46140.840,71280.000,true
baseline,4,positional_derived,7,1861,9325.900,15296.000,true
baseline,4,raw_in_1024,7,121,72585.124,220248.000,true
baseline,4,named_retry_rollback,7,2342,4020.111,8264.000,true
baseline,4,positional_nested,7,7120,1099.537,2952.000,true
baseline,4,mybatis_between,7,8619,1303.933,3592.000,true
baseline,4,custom_handler_where,7,2420,6375.413,10616.000,true
baseline,4,positional_batch_beans,7,1558,3718.935,10464.000,true
baseline,4,raw_naming_KEBAB_CASE,7,2219,5263.227,8840.000,true
baseline,4,named_where_16,7,3086,6475.697,10584.000,true
baseline,4,named_mixed_literals,7,5453,1561.691,3768.000,true
baseline,4,positional_join_using,7,9457,831.035,3056.000,true
baseline,4,positional_insert_placeholders,7,10032,694.936,1944.000,true
baseline,4,positional_mixed_literals,7,7384,1298.429,2800.000,true
baseline,4,named_dialect_Oracle,7,7062,1346.035,4272.000,true
baseline,4,named_insert_placeholders,7,2063,1212.845,2888.000,true
baseline,4,positional_group_order,7,3148,2896.442,6336.000,true
baseline,4,raw_union_builder,7,3742,5739.872,10160.000,true
baseline,4,named_naming_NO_CHANGE,7,2066,4778.316,9624.000,true
baseline,4,mybatis_insert_placeholders,7,19826,1025.260,2584.000,true
baseline,4,named_naming_UPPER_CAMEL_CASE,7,1743,6486.517,10584.000,true
baseline,4,named_pagination,7,8552,1372.123,4072.000,true
baseline,4,mybatis_in_17,7,7949,2101.497,6752.000,true
baseline,4,positional_in_17,7,10369,915.517,2672.000,true
baseline,4,mybatis_group_order,7,2145,3554.126,7288.000,true
baseline,4,mybatis_insert_entity,7,10286,878.281,2456.000,true
baseline,4,named_in_expression,7,350,26586.571,90680.000,true
baseline,4,named_dialect_MySQL,7,7924,1482.042,4144.000,true
baseline,4,mybatis_where_eq,7,17151,1091.161,2984.000,true
baseline,4,raw_insert_values,7,18485,1028.299,2464.000,false
baseline,4,positional_dialect_Microsoft_SQL_Server,7,4302,1335.356,3544.000,true
baseline,4,raw_delete,7,51744,400.827,1624.000,true
baseline,4,named_update_map,7,5613,1966.150,4752.000,true
baseline,4,named_select_expressions,7,7189,2110.349,2728.000,true
baseline,4,positional_in_256,7,3158,4191.704,9576.000,true
baseline,4,named_dialect_Microsoft_SQL_Server,7,6113,1628.529,4320.000,true
baseline,4,mybatis_naming_NO_CHANGE,7,1683,4823.945,8408.000,true
baseline,4,positional_naming_KEBAB_CASE,7,3966,4377.887,5888.000,true
baseline,4,named_dialect_PostgreSQL,7,6148,1575.423,4144.000,true
baseline,4,mybatis_subquery_structured,7,6133,1662.009,5256.000,true
baseline,4,mybatis_select_expressions,7,4544,2128.851,2728.000,true
baseline,4,raw_batch_4,7,7427,2647.314,7584.000,false
baseline,4,mybatis_where_128,7,144,45508.333,61280.000,true
baseline,4,named_subquery_structured,7,5227,1728.659,5488.000,true
baseline,4,custom_handler_union,7,1585,10906.940,16536.000,true
baseline,4,mybatis_join_using,7,16998,927.121,3376.000,true
baseline,4,raw_where_128,7,255,41771.373,56496.000,true
baseline,4,positional_select_columns,7,14954,786.519,1952.000,true
baseline,4,positional_in_16,7,18358,862.196,2656.000,true
baseline,4,named_naming_KEBAB_CASE,7,1556,6164.460,10584.000,true
baseline,4,mybatis_select_star,7,67978,286.407,1424.000,true
baseline,4,positional_batch_4,7,2420,1992.975,5968.000,true
baseline,4,mybatis_pagination,7,10854,1212.383,3832.000,true
baseline,4,positional_row_in,7,7766,872.148,2624.000,true
baseline,4,mybatis_insert_values,7,16458,1096.476,2744.000,true
baseline,4,mybatis_update_chain_16,7,646,14705.263,39960.000,true
baseline,4,positional_condition_only,7,2602,3692.698,4872.000,true
baseline,4,raw_between,7,13257,1364.208,3384.000,true
baseline,4,positional_select_entity,7,22437,564.206,2000.000,true
baseline,4,named_batch_64,7,256,42704.688,134912.000,true
baseline,4,mybatis_repeated_names,7,177,23845.198,55944.000,true
baseline,4,raw_join_using,7,13617,882.735,3176.000,true
baseline,4,mybatis_condition_only,7,2729,5713.668,8344.000,true
baseline,4,mybatis_naming_SCREAMING_SNAKE_CASE,7,1901,6060.284,9384.000,true
baseline,4,raw_naming_UPPER_CAMEL_CASE,7,1877,5230.581,8840.000,true
baseline,4,positional_union_builder,7,1755,5321.481,9768.000,true
baseline,4,mybatis_in_16,7,4366,2324.622,6512.000,true
baseline,4,positional_retry_rollback,7,4533,3280.168,5872.000,true
baseline,4,raw_select_expressions,7,8918,2028.347,2728.000,true
baseline,4,positional_subquery_structured,7,7005,1584.897,4704.000,true
baseline,4,positional_dialect_DB2,7,15112,1115.544,3544.000,true
baseline,4,mybatis_in_256,7,651,26933.026,72760.000,true
baseline,4,raw_retry_rollback,7,4705,3348.162,6376.000,true
baseline,4,named_select_star,7,73846,314.041,1424.000,true
baseline,4,named_insert_values,7,8345,1191.300,3048.000,true
baseline,4,raw_where_eq,7,19232,1011.928,2784.000,true
baseline,4,raw_in_1024,8,121,82473.554,220248.000,true
baseline,4,positional_naming_UPPER_CAMEL_CASE,8,3530,4567.620,5888.000,true
baseline,4,named_select_star,8,73846,308.247,1424.000,true
baseline,4,positional_insert_placeholders,8,10032,720.913,1944.000,true
baseline,4,mybatis_in_17,8,7949,2400.252,6752.000,true
baseline,4,raw_naming_KEBAB_CASE,8,2219,5254.664,8840.000,true
baseline,4,named_condition_only,8,1506,5504.449,9560.000,true
baseline,4,raw_join_on,8,8403,1642.021,3952.000,true
baseline,4,raw_select_star,8,1268,277.918,1424.000,true
baseline,4,named_where_eq,8,18505,1040.816,3120.000,true
baseline,4,raw_retry_rollback,8,4705,4073.092,6376.000,true
baseline,4,positional_union_raw,8,3031,3338.073,5200.000,true
baseline,4,raw_late_modifier,8,23754,698.156,2480.000,true
baseline,4,named_select_expressions,8,7189,2250.327,2728.000,true
baseline,4,mybatis_repeated_names,8,177,25168.927,55944.000,true
baseline,4,raw_between,8,13257,1164.917,3384.000,true
baseline,4,raw_in_256,8,545,21185.872,56640.000,true
baseline,4,mybatis_select_star,8,67978,305.112,1424.000,true
baseline,4,raw_subquery_structured,8,11657,1480.021,4616.000,true
baseline,4,positional_in_expression,8,2307,4317.729,9760.000,true
baseline,4,positional_dialect_Microsoft_SQL_Server,8,4302,1468.387,3544.000,true
baseline,4,mybatis_where_eq,8,17151,1023.894,2984.000,true
baseline,4,positional_row_in,8,7766,1011.692,2624.000,true
baseline,4,mybatis_union_raw,8,3036,3243.215,5200.000,true
baseline,4,raw_delete,8,51744,393.559,1624.000,true
baseline,4,positional_dialect_DB2,8,15112,1220.308,3544.000,true
baseline,4,positional_between,8,8632,1158.075,3056.000,true
baseline,4,positional_batch_4,8,2420,2267.893,5968.000,true
baseline,4,mybatis_batch_64,8,119,37303.361,118896.000,true
baseline,4,raw_select_columns,8,11398,770.512,1952.000,true
baseline,4,named_subquery_raw,8,14612,569.765,2272.000,true
baseline,4,positional_update_map,8,15440,1145.052,3024.000,true
baseline,4,named_retry_rollback,8,2342,4099.573,8264.000,true
baseline,4,positional_subquery_raw,8,26595,627.701,2272.000,true
baseline,4,named_in_1024,8,62,120525.806,353216.000,true
baseline,4,named_between,8,12065,1414.654,3800.000,true
baseline,4,mybatis_batch_beans,8,2574,7628.438,22080.000,true
baseline,4,positional_dialect_MySQL,8,11750,1008.723,3360.000,true
baseline,4,named_repeated_names,8,461,30831.453,64920.000,true
baseline,4,mybatis_delete,8,12377,411.012,1832.000,true
baseline,4,positional_repeated_names,8,604,15754.801,30360.000,true
baseline,4,custom_handler_where,8,2420,6255.620,10616.000,true
baseline,4,mybatis_insert_entity,8,10286,987.011,2456.000,true
baseline,4,mybatis_condition_only,8,2729,5259.985,8344.000,true
baseline,4,named_where_16,8,3086,6662.346,10584.000,true
baseline,4,raw_batch_64,8,704,31322.443,97344.000,false
baseline,4,named_update_chain_16,8,853,17131.067,47000.000,true
baseline,4,positional_where_eq,8,9577,859.277,2664.000,true
baseline,4,raw_where_16,8,2481,5296.211,8840.000,true
baseline,4,mybatis_subquery_raw,8,14476,670.178,2272.000,true
baseline,4,raw_row_in,8,10927,1254.095,3136.000,true
baseline,4,named_union_raw,8,1870,3870.053,5200.000,true
baseline,4,named_insert_placeholders,8,2063,953.563,2888.000,true
baseline,4,raw_union_builder,8,3742,5781.908,10160.000,true
baseline,4,positional_pagination,8,10739,993.035,3288.000,true
baseline,4,positional_dialect_PostgreSQL,8,8291,1182.547,3360.000,true
baseline,4,named_naming_NO_CHANGE,8,2066,4867.570,9624.000,true
baseline,4,raw_pagination,8,17742,1115.720,3400.000,true
baseline,4,named_batch_beans,8,699,7710.730,26064.000,true
baseline,4,positional_naming_CAMEL_CASE,8,4973,3285.743,4928.000,true
baseline,4,positional_select_entity,8,22437,614.815,2000.000,true
baseline,4,named_select_columns,8,20391,777.740,1952.000,true
baseline,4,positional_in_17,8,10369,975.533,2672.000,true
baseline,4,positional_select_expressions,8,4779,2061.415,2728.000,true
baseline,4,raw_where_eq,8,19232,1026.846,2784.000,true
baseline,4,mybatis_where_128,8,144,45361.806,61280.000,true
baseline,4,mybatis_group_order,8,2145,3511.888,7288.000,true
baseline,4,raw_group_order,8,6623,3142.730,6432.000,true
baseline,4,named_dialect_Microsoft_SQL_Server,8,6113,1691.101,4320.000,true
baseline,4,raw_select_entity,8,11459,548.416,2000.000,true
baseline,4,mybatis_select_columns,8,13544,776.949,1952.000,true
baseline,4,named_in_16,8,7204,2361.396,7600.000,true
baseline,4,positional_derived,8,1861,13170.715,15296.000,true
baseline,4,positional_batch_beans,8,1558,5206.739,10464.000,true
baseline,4,raw_union_raw,8,5219,3414.945,5200.000,true
baseline,4,mybatis_in_16,8,4366,2054.512,6512.000,true
baseline,4,mybatis_insert_placeholders,8,19826,1066.140,2584.000,true
baseline,4,named_join_on,8,4673,3006.677,4288.000,true
baseline,4,raw_condition_only,8,3977,5339.779,7816.000,true
baseline,4,named_batch_4,8,2870,3195.993,9736.000,true
baseline,4,named_nested,8,4171,1365.332,3648.000,true
baseline,4,mybatis_pagination,8,10854,1340.345,3832.000,true
baseline,4,mybatis_union_builder,8,1659,11089.632,16696.000,true
baseline,4,raw_subquery_raw,8,32227,617.333,2272.000,true
baseline,4,positional_batch_64,8,229,16369.869,72176.000,true
baseline,4,mybatis_mixed_literals,8,11314,1598.250,3504.000,true
baseline,4,mybatis_row_in,8,10779,1354.569,3704.000,true
baseline,4,named_union_builder,8,515,10031.068,17272.000,true
baseline,4,positional_condition_only,8,2602,4176.326,4872.000,true
baseline,4,positional_update_chain_16,8,2481,6666.264,22360.000,true
baseline,4,positional_mixed_literals,8,7384,1294.082,2800.000,true
baseline,4,raw_in_expression,8,1038,17536.994,56616.000,true
baseline,4,named_dialect_MySQL,8,7924,1542.277,4144.000,true
baseline,4,positional_in_1024,8,561,13659.715,28504.000,true
baseline,4,positional_union_builder,8,1755,5231.111,9768.000,true
baseline,4,custom_handler_union,8,1585,10802.965,16536.000,true
baseline,4,mybatis_in_expression,8,631,26619.968,72776.000,true
baseline,4,raw_where_128,8,255,36904.314,56496.000,true
baseline,4,positional_join_on,8,6284,1722.056,3832.000,true
baseline,4,positional_in_256,8,3158,4060.133,9576.000,true
baseline,4,mybatis_between,8,8619,1369.451,3592.000,true
baseline,4,mybatis_naming_SCREAMING_SNAKE_CASE,8,1901,6765.071,9384.000,true
baseline,4,raw_derived,8,2192,10494.526,15848.000,true
baseline,4,named_select_entity,8,28773,607.285,2000.000,true
baseline,4,mybatis_insert_values,8,16458,1105.748,2744.000,true
baseline,4,mybatis_batch_4,8,3402,3055.761,8784.000,true
baseline,4,named_raw_expression,8,5746,1501.305,2624.000,true
baseline,4,positional_delete,8,15778,332.374,1504.000,true
baseline,4,named_in_17,8,2984,2191.253,7888.000,true
baseline,4,mybatis_subquery_structured,8,6133,1812.359,5256.000,true
baseline,4,positional_naming_NO_CHANGE,8,5276,3240.182,4928.000,true
baseline,4,mybatis_where_16,8,1666,6128.091,9368.000,true
baseline,4,positional_retry_rollback,8,4533,2803.243,5872.000,true
baseline,4,positional_join_using,8,9457,911.917,3056.000,true
baseline,4,positional_insert_values,8,274,798.540,2104.000,true
baseline,4,mybatis_in_1024,8,122,115087.705,281472.000,true
baseline,4,mybatis_retry_rollback,8,2729,4275.302,7592.000,true
baseline,4,mybatis_select_entity,8,30017,592.787,2000.000,true
baseline,4,raw_in_17,8,9262,1721.075,5816.000,true
baseline,4,raw_in_16,8,6143,1916.441,5600.000,true
baseline,4,mybatis_join_on,8,4823,1796.931,4152.000,true
baseline,4,positional_select_star,8,1969,509.446,1424.000,true
baseline,4,named_naming_UPPER_CAMEL_CASE,8,1743,6409.065,10584.000,true
baseline,4,named_subquery_structured,8,5227,1960.972,5488.000,true
baseline,4,mybatis_naming_UPPER_CAMEL_CASE,8,1647,6587.796,9368.000,true
baseline,4,mybatis_raw_expression,8,5809,1685.901,2624.000,true
baseline,4,mybatis_late_modifier,8,12046,749.676,2680.000,true
baseline,4,named_row_in,8,8394,1544.127,4016.000,true
baseline,4,raw_naming_UPPER_CAMEL_CASE,8,1877,5582.685,8840.000,true
baseline,4,named_dialect_PostgreSQL,8,6148,1373.178,4144.000,true
baseline,4,raw_update_chain_16,8,2591,8401.467,25448.000,true
baseline,4,raw_naming_SCREAMING_SNAKE_CASE,8,3038,5650.000,8856.000,true
baseline,4,positional_insert_entity,8,15459,579.294,1816.000,true
baseline,4,named_join_using,8,10587,951.648,3512.000,true
baseline,4,mybatis_derived,8,965,12157.824,17192.000,true
baseline,4,named_delete,8,20222,432.282,1960.000,true
baseline,4,positional_nested,8,7120,1137.654,2952.000,true
baseline,4,named_group_order,8,3781,3805.713,7688.000,true
baseline,4,mybatis_select_expressions,8,4544,2012.852,2728.000,true
baseline,4,named_dialect_Oracle,8,7062,1451.189,4272.000,true
baseline,4,mybatis_in_256,8,651,25829.339,72760.000,true
baseline,4,named_in_expression,8,350,28012.857,90680.000,true
baseline,4,raw_nested,8,14264,1614.645,3280.000,true
baseline,4,named_insert_entity,8,5819,870.046,2760.000,true
baseline,4,named_derived,8,27,11629.630,17800.000,true
baseline,4,positional_where_16,8,2360,4418.347,5888.000,true
baseline,4,raw_insert_values,8,18485,1094.450,2464.000,false
baseline,4,named_mixed_literals,8,5453,1456.079,3768.000,true
baseline,4,raw_join_using,8,13617,1076.625,3176.000,true
baseline,4,positional_raw_expression,8,11478,1427.174,2624.000,true
baseline,4,mybatis_naming_CAMEL_CASE,8,2905,4843.752,8408.000,true
baseline,4,raw_select_expressions,8,8918,2195.862,2728.000,true
baseline,4,mybatis_join_using,8,16998,963.307,3376.000,true
baseline,4,named_batch_64,8,256,38872.266,134912.000,true
baseline,4,positional_naming_SCREAMING_SNAKE_CASE,8,2019,4300.743,5904.000,true
baseline,4,raw_raw_expression,8,12366,1520.710,2624.000,true
baseline,4,named_dialect_DB2,8,12493,1492.428,4320.000,true
baseline,4,named_pagination,8,8552,1404.630,4072.000,true
baseline,4,named_naming_CAMEL_CASE,8,1876,5108.262,9624.000,true
baseline,4,mybatis_naming_KEBAB_CASE,8,2866,6589.253,9368.000,true
baseline,4,mybatis_nested,8,11684,1674.101,3464.000,true
baseline,4,named_naming_KEBAB_CASE,8,1556,6167.674,10584.000,true
baseline,4,positional_select_columns,8,14954,783.269,1952.000,true
baseline,4,named_naming_SCREAMING_SNAKE_CASE,8,1397,6088.547,10600.000,true
baseline,4,positional_subquery_structured,8,7005,1734.347,4704.000,true
baseline,4,positional_naming_KEBAB_CASE,8,3966,4223.777,5888.000,true
baseline,4,positional_group_order,8,3148,3022.935,6336.000,true
baseline,4,positional_dialect_Oracle,8,6742,1180.436,3496.000,true
baseline,4,raw_update_map,8,14396,1359.885,3592.000,false
baseline,4,named_insert_values,8,8345,1362.073,3048.000,true
baseline,4,named_where_128,8,262,45800.382,71280.000,true
baseline,4,raw_repeated_names,8,738,22865.041,53896.000,true
baseline,4,raw_naming_NO_CHANGE,8,2289,4319.397,7880.000,true
baseline,4,mybatis_update_chain_16,8,646,13004.489,39960.000,true
baseline,4,named_update_map,8,5613,1904.383,4752.000,true
baseline,4,mybatis_update_map,8,5939,1740.832,4224.000,true
baseline,4,mybatis_naming_NO_CHANGE,8,1683,4811.586,8408.000,true
baseline,4,raw_naming_CAMEL_CASE,8,3152,4050.698,7880.000,true
baseline,4,named_in_256,8,409,28424.205,90712.000,true
baseline,4,named_late_modifier,8,22153,752.887,2816.000,true
baseline,4,positional_in_16,8,18358,886.910,2656.000,true
baseline,4,raw_batch_4,8,7427,2798.155,7584.000,false
baseline,4,raw_batch_beans,8,2890,6448.616,16896.000,false
baseline,4,raw_insert_placeholders,8,29503,740.565,1944.000,true
baseline,4,positional_late_modifier,8,20500,662.459,2360.000,true
baseline,4,positional_where_128,8,327,31925.688,32808.000,true
baseline,4,raw_insert_entity,8,23000,841.865,2176.000,false
baseline,4,raw_mixed_literals,8,7423,1657.807,3192.000,true
baseline,4,positional_batch_64,9,229,17920.524,72176.000,true
baseline,4,positional_group_order,9,3148,3207.656,6336.000,true
baseline,4,raw_condition_only,9,3977,5124.818,7816.000,true
baseline,4,positional_raw_expression,9,11478,1533.717,2624.000,true
baseline,4,named_naming_KEBAB_CASE,9,1556,6348.393,10584.000,true
baseline,4,named_raw_expression,9,5746,1574.835,2624.000,true
baseline,4,named_join_using,9,10587,1055.086,3512.000,true
baseline,4,positional_retry_rollback,9,4533,2860.931,5872.000,true
baseline,4,raw_select_expressions,9,8918,2143.821,2728.000,true
baseline,4,named_update_chain_16,9,853,16772.919,47000.000,true
baseline,4,raw_naming_SCREAMING_SNAKE_CASE,9,3038,5268.005,8856.000,true
baseline,4,positional_late_modifier,9,20500,675.366,2360.000,true
baseline,4,positional_batch_4,9,2420,1760.785,5968.000,true
baseline,4,mybatis_union_builder,9,1659,12702.110,16696.000,true
baseline,4,mybatis_select_entity,9,30017,629.910,2000.000,true
baseline,4,mybatis_batch_4,9,3402,4143.298,8784.000,true
baseline,4,named_dialect_PostgreSQL,9,6148,1448.715,4144.000,true
baseline,4,raw_naming_KEBAB_CASE,9,2219,5579.901,8840.000,true
baseline,4,named_in_256,9,409,31666.259,90712.000,true
baseline,4,named_dialect_Oracle,9,7062,1480.969,4272.000,true
baseline,4,named_where_128,9,262,47470.611,71280.000,true
baseline,4,named_delete,9,20222,457.892,1960.000,true
baseline,4,positional_in_1024,9,561,14302.496,28504.000,true
baseline,4,positional_batch_beans,9,1558,4077.407,10464.000,true
baseline,4,mybatis_join_on,9,4823,2040.390,4152.000,true
baseline,4,raw_batch_64,9,704,31050.000,97344.000,false
baseline,4,raw_between,9,13257,1386.445,3384.000,true
baseline,4,named_nested,9,4171,1514.529,3648.000,true
baseline,4,named_group_order,9,3781,3858.291,7688.000,true
baseline,4,named_naming_NO_CHANGE,9,2066,5692.982,9624.000,true
baseline,4,mybatis_derived,9,965,12366.632,17192.000,true
baseline,4,raw_join_on,9,8403,1810.068,3952.000,true
baseline,4,mybatis_mixed_literals,9,11314,2073.184,3504.000,true
baseline,4,named_select_star,9,73846,298.623,1424.000,true
baseline,4,positional_select_expressions,9,4779,2264.616,2728.000,true
baseline,4,positional_naming_SCREAMING_SNAKE_CASE,9,2019,5426.152,5904.000,true
baseline,4,positional_select_columns,9,14954,864.458,1952.000,true
baseline,4,raw_join_using,9,13617,990.057,3176.000,true
baseline,4,mybatis_condition_only,9,2729,6530.267,8344.000,true
baseline,4,mybatis_subquery_structured,9,6133,1836.149,5256.000,true
baseline,4,positional_dialect_PostgreSQL,9,8291,1358.159,3360.000,true
baseline,4,mybatis_update_chain_16,9,646,14059.907,39960.000,true
baseline,4,positional_dialect_Oracle,9,6742,1142.777,3496.000,true
baseline,4,raw_update_map,9,14396,1456.960,3592.000,false
baseline,4,named_late_modifier,9,22153,840.703,2816.000,true
baseline,4,mybatis_join_using,9,16998,1014.761,3376.000,true
baseline,4,mybatis_update_map,9,5939,1894.191,4224.000,true
baseline,4,mybatis_in_16,9,4366,2191.067,6512.000,true
baseline,4,positional_union_builder,9,1755,5733.675,9768.000,true
baseline,4,mybatis_in_1024,9,122,121760.656,281472.000,true
baseline,4,named_batch_beans,9,699,8482.690,26064.000,true
baseline,4,positional_naming_KEBAB_CASE,9,3966,6795.260,5888.000,true
baseline,4,positional_insert_entity,9,15459,740.016,1816.000,true
baseline,4,mybatis_group_order,9,2145,3802.005,7288.000,true
baseline,4,named_where_eq,9,18505,1036.255,3120.000,true
baseline,4,raw_derived,9,2192,10365.602,15848.000,true
baseline,4,mybatis_union_raw,9,3036,3404.644,5200.000,true
baseline,4,mybatis_row_in,9,10779,1447.787,3704.000,true
baseline,4,positional_derived,9,1861,10018.431,15296.000,true
baseline,4,mybatis_batch_64,9,119,36615.126,118896.000,true
baseline,4,positional_subquery_raw,9,26595,665.768,2272.000,true
baseline,4,named_union_raw,9,1870,3711.390,5200.000,true
baseline,4,positional_in_17,9,10369,1713.193,2672.000,true
baseline,4,raw_naming_NO_CHANGE,9,2289,6298.777,7880.000,true
baseline,4,mybatis_naming_NO_CHANGE,9,1683,5062.092,8408.000,true
baseline,4,positional_in_expression,9,2307,4569.658,9760.000,true
baseline,4,raw_select_entity,9,11459,597.295,2000.000,true
baseline,4,mybatis_select_columns,9,13544,946.995,1952.000,true
baseline,4,raw_pagination,9,17742,1233.440,3400.000,true
baseline,4,positional_where_128,9,327,36740.367,32808.000,true
baseline,4,named_repeated_names,9,461,29771.150,64920.000,true
baseline,4,positional_repeated_names,9,604,18223.344,30360.000,true
baseline,4,named_update_map,9,5613,1983.681,4752.000,true
baseline,4,raw_naming_UPPER_CAMEL_CASE,9,1877,6079.275,8840.000,true
baseline,4,raw_insert_entity,9,23000,1096.539,2176.000,false
baseline,4,positional_naming_CAMEL_CASE,9,4973,5609.873,4928.000,true
baseline,4,positional_naming_UPPER_CAMEL_CASE,9,3530,7177.904,5888.000,true
baseline,4,mybatis_subquery_raw,9,14476,700.256,2272.000,true
baseline,4,named_dialect_DB2,9,12493,1755.559,4320.000,true
baseline,4,mybatis_nested,9,11684,2021.149,3464.000,true
baseline,4,raw_select_columns,9,11398,1102.062,1952.000,true
baseline,4,named_join_on,9,4673,2149.433,4288.000,true
baseline,4,named_insert_values,9,8345,1522.984,3048.000,true
baseline,4,positional_where_eq,9,9577,1117.970,2664.000,true
baseline,4,positional_between,9,8632,1238.404,3056.000,true
baseline,4,named_in_17,9,2984,2403.150,7888.000,true
baseline,4,named_between,9,12065,1593.891,3800.000,true
baseline,4,raw_mixed_literals,9,7423,1602.816,3192.000,true
baseline,4,mybatis_naming_SCREAMING_SNAKE_CASE,9,1901,8052.709,9384.000,true
baseline,4,positional_in_256,9,3158,6254.940,9576.000,true
baseline,4,raw_update_chain_16,9,2591,9492.551,25448.000,true
baseline,4,custom_handler_union,9,1585,11192.303,16536.000,true
baseline,4,named_condition_only,9,1506,7105.976,9560.000,true
baseline,4,named_naming_CAMEL_CASE,9,1876,6212.260,9624.000,true
baseline,4,raw_in_expression,9,1038,20232.659,56616.000,true
baseline,4,mybatis_insert_values,9,16458,1270.185,2744.000,true
baseline,4,mybatis_in_expression,9,631,29068.304,72776.000,true
baseline,4,named_row_in,9,8394,2079.890,4016.000,true
baseline,4,raw_where_128,9,255,44026.275,56496.000,true
baseline,4,mybatis_raw_expression,9,5809,2335.686,2624.000,true
baseline,4,mybatis_naming_CAMEL_CASE,9,2905,7503.580,8408.000,true
baseline,4,positional_where_16,9,2360,7902.119,5888.000,true
baseline,4,raw_where_eq,9,19232,1410.893,2784.000,true
baseline,4,positional_nested,9,7120,1725.562,2952.000,true
baseline,4,positional_delete,9,15778,377.969,1504.000,true
baseline,4,named_batch_4,9,2870,3830.139,9736.000,true
baseline,4,mybatis_pagination,9,10854,1692.841,3832.000,true
baseline,4,positional_select_entity,9,22437,712.150,2000.000,true
baseline,4,raw_in_16,9,6143,2770.812,5600.000,true
baseline,4,mybatis_in_256,9,651,48259.293,72760.000,true
baseline,4,named_batch_64,9,256,72917.969,134912.000,true
baseline,4,named_mixed_literals,9,5453,3274.785,3768.000,true
baseline,4,positional_update_map,9,15440,1732.481,3024.000,true
baseline,4,positional_union_raw,9,3031,4974.728,5200.000,true
baseline,4,named_union_builder,9,515,23850.874,17272.000,true
baseline,4,raw_nested,9,14264,2088.839,3280.000,true
baseline,4,positional_insert_values,9,274,1474.088,2104.000,true
baseline,4,named_select_columns,9,20391,1162.582,1952.000,true
baseline,4,raw_subquery_structured,9,11657,2516.419,4616.000,true
baseline,4,raw_group_order,9,6623,5578.182,6432.000,true
baseline,4,named_insert_placeholders,9,2063,2302.763,2888.000,true
baseline,4,raw_in_256,9,545,26297.064,56640.000,true
baseline,4,positional_update_chain_16,9,2481,8830.189,22360.000,true
baseline,4,named_derived,9,27,21351.852,17800.000,true
baseline,4,raw_union_raw,9,5219,5466.028,5200.000,true
baseline,4,mybatis_naming_UPPER_CAMEL_CASE,9,1647,7181.178,9368.000,true
baseline,4,raw_union_builder,9,3742,9778.087,10160.000,true
baseline,4,positional_dialect_MySQL,9,11750,1834.468,3360.000,true
baseline,4,named_subquery_raw,9,14612,891.343,2272.000,true
baseline,4,raw_batch_beans,9,2890,11190.138,16896.000,false
baseline,4,positional_subquery_structured,9,7005,2472.591,4704.000,true
baseline,4,raw_where_16,9,2481,8428.738,8840.000,true
baseline,4,mybatis_batch_beans,9,2574,13469.503,22080.000,true
baseline,4,named_in_expression,9,350,43750.286,90680.000,true
baseline,4,custom_handler_where,9,2420,9533.636,10616.000,true
baseline,4,raw_insert_placeholders,9,29503,1029.224,1944.000,true
baseline,4,mybatis_delete,9,12377,558.916,1832.000,true
baseline,4,raw_late_modifier,9,23754,833.624,2480.000,true
baseline,4,raw_raw_expression,9,12366,1878.627,2624.000,true
baseline,4,named_select_expressions,9,7189,2543.247,2728.000,true
baseline,4,named_in_1024,9,62,142374.194,353216.000,true
baseline,4,raw_batch_4,9,7427,3757.264,7584.000,false
baseline,4,positional_dialect_Microsoft_SQL_Server,9,4302,1605.323,3544.000,true
baseline,4,raw_insert_values,9,18485,1513.654,2464.000,false
baseline,4,raw_retry_rollback,9,4705,6138.342,6376.000,true
baseline,4,positional_join_on,9,6284,2039.020,3832.000,true
baseline,4,mybatis_insert_entity,9,10286,1176.910,2456.000,true
baseline,4,mybatis_where_eq,9,17151,1151.688,2984.000,true
baseline,4,raw_select_star,9,1268,308.281,1424.000,true
baseline,4,positional_in_16,9,18358,1030.559,2656.000,true
baseline,4,positional_insert_placeholders,9,10032,827.293,1944.000,true
baseline,4,named_retry_rollback,9,2342,4290.905,8264.000,true
baseline,4,named_select_entity,9,28773,637.664,2000.000,true
baseline,4,mybatis_in_17,9,7949,2385.004,6752.000,true
baseline,4,raw_in_17,9,9262,1793.544,5816.000,true
baseline,4,mybatis_select_expressions,9,4544,2324.934,2728.000,true
baseline,4,mybatis_naming_KEBAB_CASE,9,2866,6656.036,9368.000,true
baseline,4,positional_dialect_DB2,9,15112,1241.543,3544.000,true
baseline,4,positional_pagination,9,10739,1013.809,3288.000,true
baseline,4,mybatis_between,9,8619,1446.711,3592.000,true
baseline,4,positional_condition_only,9,2602,4283.397,4872.000,true
baseline,4,named_dialect_Microsoft_SQL_Server,9,6113,1611.696,4320.000,true
baseline,4,raw_repeated_names,9,738,23718.293,53896.000,true
baseline,4,named_naming_SCREAMING_SNAKE_CASE,9,1397,10196.779,10600.000,true
baseline,4,mybatis_where_128,9,144,56681.944,61280.000,true
baseline,4,positional_select_star,9,1969,288.116,1424.000,true
baseline,4,mybatis_select_star,9,67978,331.170,1424.000,true
baseline,4,raw_delete,9,51744,442.536,1624.000,true
baseline,4,mybatis_retry_rollback,9,2729,4650.824,7592.000,true
baseline,4,raw_naming_CAMEL_CASE,9,3152,5281.409,7880.000,true
baseline,4,positional_row_in,9,7766,1149.189,2624.000,true
baseline,4,named_in_16,9,7204,3530.344,7600.000,true
baseline,4,positional_mixed_literals,9,7384,1919.041,2800.000,true
baseline,4,named_insert_entity,9,5819,1255.164,2760.000,true
baseline,4,named_naming_UPPER_CAMEL_CASE,9,1743,9967.413,10584.000,true
baseline,4,mybatis_repeated_names,9,177,56057.062,55944.000,true
baseline,4,named_dialect_MySQL,9,7924,2433.266,4144.000,true
baseline,4,raw_subquery_raw,9,32227,1096.475,2272.000,true
baseline,4,positional_join_using,9,9457,1584.371,3056.000,true
baseline,4,mybatis_late_modifier,9,12046,1510.634,2680.000,true
baseline,4,mybatis_where_16,9,1666,9885.834,9368.000,true
baseline,4,positional_naming_NO_CHANGE,9,5276,6623.825,4928.000,true
baseline,4,raw_in_1024,9,121,157092.562,220248.000,true
baseline,4,named_subquery_structured,9,5227,3531.816,5488.000,true
baseline,4,mybatis_insert_placeholders,9,19826,1948.825,2584.000,true
baseline,4,raw_row_in,9,10927,2605.912,3136.000,true
baseline,4,named_where_16,9,3086,10269.410,10584.000,true
baseline,4,named_pagination,9,8552,2182.297,4072.000,true
