version,fork,case,round,operations,ns_per_op,bytes_per_op,equivalent
baseline,1,mybatis_where_128,1,464,45537.500,58208.000,true
baseline,1,mybatis_raw_expression,1,13470,1479.725,2624.000,true
baseline,1,mybatis_between,1,9442,1397.416,3544.000,true
baseline,1,named_dialect_MySQL,1,11259,1240.199,4144.000,true
baseline,1,named_pagination,1,17122,1253.177,4072.000,true
baseline,1,positional_union_builder,1,3689,5635.863,9768.000,true
baseline,1,raw_between,1,10330,1172.478,3384.000,true
baseline,1,named_naming_KEBAB_CASE,1,3381,6587.193,10584.000,true
baseline,1,named_update_chain_16,1,1374,16375.619,47000.000,true
baseline,1,raw_subquery_structured,1,15615,1408.915,4616.000,true
baseline,1,mybatis_subquery_raw,1,14216,733.089,2272.000,true
baseline,1,positional_in_1024,1,1555,13814.984,28504.000,true
baseline,1,named_retry_rollback,1,5342,3862.243,8264.000,true
baseline,1,named_dialect_Oracle,1,16130,1235.772,4272.000,true
baseline,1,named_mixed_literals,1,13279,1820.702,3768.000,true
baseline,1,raw_raw_expression,1,13737,1763.944,2624.000,true
baseline,1,named_dialect_DB2,1,11478,1487.411,4320.000,true
baseline,1,mybatis_join_on,1,10543,1771.156,4128.000,true
baseline,1,positional_naming_CAMEL_CASE,1,6592,3615.868,4928.000,true
baseline,1,raw_condition_only,1,2521,5092.662,7816.000,true
baseline,1,raw_insert_placeholders,1,28413,668.236,1944.000,true
baseline,1,raw_repeated_names,1,935,22537.005,53896.000,true
baseline,1,positional_dialect_PostgreSQL,1,19002,1135.723,3360.000,true
baseline,1,raw_insert_values,1,20088,1064.660,2464.000,false
baseline,1,raw_late_modifier,1,22071,714.340,2480.000,true
baseline,1,raw_update_map,1,16458,1344.720,3592.000,false
baseline,1,mybatis_update_map,1,13291,1958.167,4200.000,true
baseline,1,named_subquery_structured,1,11975,1628.735,5488.000,true
baseline,1,named_insert_values,1,18900,1173.677,3048.000,true
baseline,1,mybatis_select_star,1,76064,307.728,1424.000,true
baseline,1,mybatis_repeated_names,1,700,23660.571,52872.000,true
baseline,1,mybatis_insert_placeholders,1,21482,1074.621,2584.000,true
baseline,1,positional_mixed_literals,1,13331,1119.841,2800.000,true
baseline,1,positional_update_chain_16,1,3055,6274.697,22360.000,true
baseline,1,raw_batch_4,1,8212,2913.261,7584.000,false
baseline,1,positional_dialect_MySQL,1,20484,1205.097,3360.000,true
baseline,1,mybatis_retry_rollback,1,2977,3921.700,7568.000,true
baseline,1,positional_where_eq,1,22412,925.147,2664.000,true
baseline,1,positional_batch_64,1,1303,16950.729,72176.000,true
baseline,1,positional_between,1,19181,1098.332,3056.000,true
baseline,1,named_join_using,1,21432,971.454,3512.000,true
baseline,1,named_between,1,15681,1345.667,3800.000,true
baseline,1,raw_in_16,1,12054,1731.608,5600.000,true
baseline,1,positional_naming_KEBAB_CASE,1,4857,4444.204,5888.000,true
baseline,1,named_naming_UPPER_CAMEL_CASE,1,3434,5989.342,10584.000,true
baseline,1,mybatis_in_17,1,8643,2071.688,6344.000,true
baseline,1,named_dialect_PostgreSQL,1,15339,1398.364,4144.000,true
baseline,1,mybatis_pagination,1,17901,1187.716,3808.000,true
baseline,1,mybatis_naming_SCREAMING_SNAKE_CASE,1,3386,5780.360,9000.000,true
baseline,1,positional_dialect_DB2,1,19714,1087.724,3544.000,true
baseline,1,mybatis_in_1024,1,215,114326.977,256896.000,true
baseline,1,named_in_17,1,6325,2136.047,7888.000,true
baseline,1,raw_pagination,1,20211,1035.352,3400.000,true
baseline,1,custom_handler_union,1,1951,10763.096,16536.000,true
baseline,1,mybatis_select_expressions,1,10331,2197.735,2728.000,true
baseline,1,raw_select_entity,1,36920,625.374,2000.000,true
baseline,1,positional_naming_SCREAMING_SNAKE_CASE,1,4736,4280.807,5904.000,true
baseline,1,positional_group_order,1,6837,3150.753,6336.000,true
baseline,1,positional_batch_beans,1,1789,3494.690,10464.000,true
baseline,1,named_in_16,1,6215,2178.488,7600.000,true
baseline,1,named_select_expressions,1,6288,2297.678,2728.000,true
baseline,1,positional_raw_expression,1,13616,1512.067,2624.000,true
baseline,1,named_row_in,1,14326,1436.961,4016.000,true
baseline,1,custom_handler_where,1,3481,5882.074,10616.000,true
baseline,1,mybatis_nested,1,15099,1448.705,3416.000,true
baseline,1,raw_in_expression,1,938,19819.829,56616.000,true
baseline,1,raw_where_16,1,4032,5109.152,8840.000,true
baseline,1,raw_select_expressions,1,10271,2069.136,2728.000,true
baseline,1,mybatis_insert_entity,1,23581,858.738,2456.000,true
baseline,1,mybatis_union_builder,1,1059,11421.341,16648.000,true
baseline,1,raw_union_builder,1,3055,5744.092,10160.000,true
baseline,1,positional_naming_NO_CHANGE,1,6640,3209.669,4928.000,true
baseline,1,mybatis_naming_CAMEL_CASE,1,4336,4853.805,8024.000,true
baseline,1,positional_insert_placeholders,1,30174,657.076,1944.000,true
baseline,1,positional_select_columns,1,26930,785.990,1952.000,true
baseline,1,positional_update_map,1,22437,998.231,3024.000,true
baseline,1,positional_naming_UPPER_CAMEL_CASE,1,4624,4426.060,5888.000,true
baseline,1,raw_join_on,1,12076,1728.370,3952.000,true
baseline,1,positional_union_raw,1,6744,3313.538,5200.000,true
baseline,1,named_insert_placeholders,1,15376,1059.417,2920.000,true
baseline,1,raw_batch_64,1,818,26289.853,97344.000,false
baseline,1,named_in_256,1,476,30405.042,90712.000,true
baseline,1,positional_delete,1,64616,334.739,1504.000,true
baseline,1,positional_insert_values,1,27087,802.869,2104.000,true
baseline,1,positional_late_modifier,1,31977,645.717,2360.000,true
baseline,1,positional_in_16,1,18390,830.141,2656.000,true
baseline,1,named_union_raw,1,5231,3231.485,5200.000,true
baseline,1,named_condition_only,1,3830,5527.990,9560.000,true
baseline,1,named_union_builder,1,1621,10245.404,17272.000,true
baseline,1,named_naming_CAMEL_CASE,1,4228,4988.978,9624.000,true
baseline,1,positional_dialect_Oracle,1,16973,1004.660,3496.000,true
baseline,1,positional_join_using,1,20063,831.586,3056.000,true
baseline,1,named_late_modifier,1,24097,798.074,2816.000,true
baseline,1,mybatis_insert_values,1,19570,1141.502,2744.000,true
baseline,1,positional_subquery_raw,1,34211,595.434,2272.000,true
baseline,1,named_nested,1,15496,1393.340,3648.000,true
baseline,1,named_update_map,1,12752,1639.068,4752.000,true
baseline,1,raw_derived,1,2313,10028.361,15848.000,true
baseline,1,mybatis_naming_KEBAB_CASE,1,3596,5673.749,8984.000,true
baseline,1,positional_select_expressions,1,10489,2064.334,2728.000,true
baseline,1,raw_in_256,1,1098,18868.124,56640.000,true
baseline,1,named_select_entity,1,37407,584.182,2000.000,true
baseline,1,raw_subquery_raw,1,34158,632.224,2272.000,true
baseline,1,mybatis_condition_only,1,3787,5544.785,7960.000,true
baseline,1,raw_nested,1,13811,1222.815,3280.000,true
baseline,1,named_select_star,1,76148,300.404,1424.000,true
baseline,1,raw_naming_NO_CHANGE,1,4483,3943.475,7880.000,true
baseline,1,named_batch_beans,1,2687,8314.031,26064.000,true
baseline,1,named_where_128,1,461,45018.004,71280.000,true
baseline,1,positional_condition_only,1,5371,3818.656,4872.000,true
baseline,1,raw_update_chain_16,1,2741,7942.284,25448.000,true
baseline,1,raw_mixed_literals,1,14278,1465.737,3192.000,true
baseline,1,raw_naming_KEBAB_CASE,1,3923,5326.791,8840.000,true
baseline,1,raw_insert_entity,1,26962,812.762,2176.000,false
baseline,1,raw_group_order,1,3396,3596.084,6432.000,true
baseline,1,named_naming_NO_CHANGE,1,4347,4808.351,9624.000,true
baseline,1,mybatis_join_using,1,21730,963.382,3352.000,true
baseline,1,named_where_16,1,3525,6367.631,10584.000,true
baseline,1,positional_select_entity,1,36559,570.888,2000.000,true
baseline,1,named_delete,1,46973,452.898,1960.000,true
baseline,1,positional_where_128,1,672,30542.560,32808.000,true
baseline,1,positional_join_on,1,13132,1606.077,3832.000,true
baseline,1,raw_where_eq,1,21430,947.741,2784.000,true
baseline,1,raw_union_raw,1,6480,3422.809,5200.000,true
baseline,1,mybatis_where_16,1,3588,5766.862,8984.000,true
baseline,1,mybatis_update_chain_16,1,1595,13708.966,39936.000,true
baseline,1,mybatis_select_entity,1,26895,572.285,2000.000,true
baseline,1,named_repeated_names,1,828,25624.638,64920.000,true
baseline,1,named_join_on,1,12713,1672.682,4288.000,true
baseline,1,positional_retry_rollback,1,7124,2873.793,5872.000,true
baseline,1,named_subquery_raw,1,22411,571.126,2272.000,true
baseline,1,mybatis_in_16,1,9496,1964.480,6128.000,true
baseline,1,named_insert_entity,1,24029,943.177,2760.000,true
baseline,1,mybatis_late_modifier,1,25346,747.069,2656.000,true
baseline,1,raw_in_17,1,11788,1857.253,5816.000,true
baseline,1,named_naming_SCREAMING_SNAKE_CASE,1,3373,5849.363,10600.000,true
baseline,1,raw_batch_beans,1,2206,6049.683,16896.000,false
baseline,1,named_where_eq,1,13329,945.180,3120.000,true
baseline,1,positional_row_in,1,22403,935.843,2624.000,true
baseline,1,mybatis_batch_64,1,376,30735.904,118896.000,true
baseline,1,mybatis_union_raw,1,5814,3500.791,5200.000,true
baseline,1,positional_dialect_Microsoft_SQL_Server,1,16897,1259.235,3544.000,true
baseline,1,mybatis_derived,1,1802,10715.261,17144.000,true
baseline,1,mybatis_subquery_structured,1,12623,1602.646,5232.000,true
baseline,1,named_select_columns,1,26676,738.447,1952.000,true
baseline,1,raw_row_in,1,13215,1247.893,3136.000,true
baseline,1,mybatis_in_expression,1,892,23507.735,66656.000,true
baseline,1,named_dialect_Microsoft_SQL_Server,1,8995,1437.765,4320.000,true
baseline,1,raw_join_using,1,22462,905.623,3176.000,true
baseline,1,raw_in_1024,1,284,73197.183,220248.000,true
baseline,1,positional_insert_entity,1,37599,647.953,1816.000,true
baseline,1,named_batch_64,1,614,38246.906,134912.000,true
baseline,1,mybatis_in_256,1,658,23000.912,66616.000,true
baseline,1,mybatis_naming_NO_CHANGE,1,4493,4890.452,8024.000,true
baseline,1,positional_where_16,1,5005,4141.079,5888.000,true
baseline,1,mybatis_batch_beans,1,2949,8056.494,22080.000,true
baseline,1,mybatis_delete,1,50280,469.851,1808.000,true
baseline,1,positional_batch_4,1,7408,1917.846,5968.000,true
baseline,1,positional_pagination,1,18777,939.325,3288.000,true
baseline,1,mybatis_group_order,1,6215,3699.726,7264.000,true
baseline,1,positional_repeated_names,1,1159,16195.168,30360.000,true
baseline,1,named_in_1024,1,124,105197.581,353216.000,true
baseline,1,named_in_expression,1,599,29447.746,90680.000,true
baseline,1,raw_naming_CAMEL_CASE,1,5089,3963.077,7880.000,true
baseline,1,positional_in_17,1,25208,865.340,2672.000,true
baseline,1,named_batch_4,1,7285,3045.079,9736.000,true
baseline,1,positional_derived,1,997,9169.107,15296.000,true
baseline,1,positional_in_expression,1,4832,4939.363,9760.000,true
baseline,1,mybatis_batch_4,1,7874,2815.710,8784.000,true
baseline,1,raw_select_star,1,36301,283.860,1424.000,true
baseline,1,raw_select_columns,1,26018,818.656,1952.000,true
baseline,1,mybatis_mixed_literals,1,14522,1594.505,3432.000,true
baseline,1,mybatis_select_columns,1,27081,745.685,1952.000,true
baseline,1,mybatis_row_in,1,16003,1387.596,3608.000,true
baseline,1,positional_in_256,1,4537,4212.167,9576.000,true
baseline,1,raw_delete,1,42549,420.330,1624.000,true
baseline,1,positional_subquery_structured,1,14105,1353.648,4704.000,true
baseline,1,positional_nested,1,14409,1228.475,2952.000,true
baseline,1,raw_naming_UPPER_CAMEL_CASE,1,3874,5101.291,8840.000,true
baseline,1,named_derived,1,2088,11020.594,17800.000,true
baseline,1,raw_naming_SCREAMING_SNAKE_CASE,1,3967,5472.700,8856.000,true
baseline,1,mybatis_naming_UPPER_CAMEL_CASE,1,2740,6393.832,8984.000,true
baseline,1,named_raw_expression,1,13810,1499.841,2624.000,true
baseline,1,raw_where_128,1,536,37707.836,56496.000,true
baseline,1,positional_select_star,1,80885,285.337,1424.000,true
baseline,1,mybatis_where_eq,1,21663,1005.973,2960.000,true
baseline,1,raw_retry_rollback,1,6607,3259.437,6376.000,true
baseline,1,named_group_order,1,5615,3515.779,7688.000,true
baseline,1,positional_in_1024,2,1555,14038.714,28504.000,true
baseline,1,named_condition_only,2,3830,6070.914,9560.000,true
baseline,1,positional_select_entity,2,36559,558.680,2000.000,true
baseline,1,mybatis_retry_rollback,2,2977,4581.055,7568.000,true
baseline,1,mybatis_where_eq,2,21663,986.918,2960.000,true
baseline,1,mybatis_repeated_names,2,700,24023.286,52872.000,true
baseline,1,named_union_builder,2,1621,11116.039,17272.000,true
baseline,1,raw_where_16,2,4032,5173.264,8840.000,true
baseline,1,named_where_128,2,461,53595.879,71280.000,true
baseline,1,named_derived,2,2088,10423.994,17800.000,true
baseline,1,named_update_map,2,12752,1713.190,4752.000,true
baseline,1,raw_subquery_raw,2,34158,594.063,2272.000,true
baseline,1,raw_naming_CAMEL_CASE,2,5089,4007.683,7880.000,true
baseline,1,named_repeated_names,2,828,25923.551,64920.000,true
baseline,1,named_select_star,2,76148,278.899,1424.000,true
baseline,1,mybatis_naming_SCREAMING_SNAKE_CASE,2,3386,5985.322,9000.000,true
baseline,1,mybatis_naming_CAMEL_CASE,2,4336,4896.679,8024.000,true
baseline,1,mybatis_delete,2,50280,428.568,1808.000,true
baseline,1,mybatis_insert_placeholders,2,21482,1002.970,2584.000,true
baseline,1,raw_late_modifier,2,22071,759.531,2480.000,true
baseline,1,positional_naming_UPPER_CAMEL_CASE,2,4624,4435.900,5888.000,true
baseline,1,positional_batch_beans,2,1789,4027.110,10464.000,true
baseline,1,mybatis_subquery_raw,2,14216,703.904,2272.000,true
baseline,1,named_dialect_MySQL,2,11259,1248.681,4144.000,true
baseline,1,mybatis_naming_NO_CHANGE,2,4493,4804.496,8024.000,true
baseline,1,positional_union_raw,2,6744,3283.066,5200.000,true
baseline,1,positional_where_128,2,672,32228.274,32808.000,true
baseline,1,positional_nested,2,14409,1110.362,2952.000,true
baseline,1,mybatis_batch_64,2,376,32035.638,118896.000,true
baseline,1,positional_subquery_raw,2,34211,617.214,2272.000,true
baseline,1,positional_insert_placeholders,2,30174,652.370,1944.000,true
baseline,1,positional_select_expressions,2,10489,2162.904,2728.000,true
baseline,1,named_in_17,2,6325,2133.075,7888.000,true
baseline,1,named_batch_4,2,7285,2916.445,9736.000,true
baseline,1,named_insert_placeholders,2,15376,1027.875,2920.000,true
baseline,1,mybatis_select_star,2,76064,287.096,1424.000,true
baseline,1,positional_batch_64,2,1303,17221.566,72176.000,true
baseline,1,positional_insert_entity,2,37599,625.729,1816.000,true
baseline,1,raw_naming_NO_CHANGE,2,4483,4143.342,7880.000,true
baseline,1,mybatis_row_in,2,16003,1437.793,3608.000,true
baseline,1,named_raw_expression,2,13810,1506.546,2624.000,true
baseline,1,positional_in_17,2,25208,1039.868,2672.000,true
baseline,1,named_pagination,2,17122,1183.425,4072.000,true
baseline,1,raw_naming_KEBAB_CASE,2,3923,5115.218,8840.000,true
baseline,1,mybatis_select_expressions,2,10331,2126.174,2728.000,true
baseline,1,raw_condition_only,2,2521,4614.359,7816.000,true
baseline,1,mybatis_select_entity,2,26895,571.311,2000.000,true
baseline,1,named_union_raw,2,5231,3421.373,5200.000,true
baseline,1,positional_select_star,2,80885,298.641,1424.000,true
baseline,1,mybatis_mixed_literals,2,14522,1525.272,3432.000,true
baseline,1,raw_insert_values,2,20088,1168.797,2464.000,false
baseline,1,named_nested,2,15496,1306.834,3648.000,true
baseline,1,positional_union_builder,2,3689,5794.145,9768.000,true
baseline,1,positional_derived,2,997,9322.668,15296.000,true
baseline,1,positional_batch_4,2,7408,1834.922,5968.000,true
baseline,1,raw_update_map,2,16458,1343.055,3592.000,false
baseline,1,mybatis_join_using,2,21730,1041.555,3352.000,true
baseline,1,mybatis_late_modifier,2,25346,746.043,2656.000,true
baseline,1,named_naming_UPPER_CAMEL_CASE,2,3434,6012.638,10584.000,true
baseline,1,named_dialect_Oracle,2,16130,1329.603,4272.000,true
baseline,1,named_naming_CAMEL_CASE,2,4228,5010.691,9624.000,true
baseline,1,positional_insert_values,2,27087,837.202,2104.000,true
baseline,1,mybatis_condition_only,2,3787,5274.703,7960.000,true
baseline,1,named_dialect_Microsoft_SQL_Server,2,8995,1430.172,4320.000,true
baseline,1,mybatis_where_128,2,464,47671.121,58208.000,true
baseline,1,mybatis_batch_4,2,7874,2777.280,8784.000,true
baseline,1,named_in_expression,2,599,26403.339,90680.000,true
baseline,1,named_between,2,15681,1390.906,3800.000,true
baseline,1,named_naming_KEBAB_CASE,2,3381,6116.474,10584.000,true
baseline,1,raw_derived,2,2313,9499.395,15848.000,true
baseline,1,raw_mixed_literals,2,14278,1573.869,3192.000,true
baseline,1,mybatis_nested,2,15099,1354.918,3416.000,true
baseline,1,mybatis_select_columns,2,27081,783.675,1952.000,true
baseline,1,raw_raw_expression,2,13737,1516.139,2624.000,true
baseline,1,positional_dialect_MySQL,2,20484,1066.530,3360.000,true
baseline,1,raw_where_128,2,536,41091.604,56496.000,true
baseline,1,mybatis_batch_beans,2,2949,7902.747,22080.000,true
baseline,1,mybatis_in_1024,2,215,106124.186,256896.000,true
baseline,1,positional_join_using,2,20063,914.554,3056.000,true
baseline,1,mybatis_derived,2,1802,11233.463,17144.000,true
baseline,1,positional_dialect_PostgreSQL,2,19002,1116.419,3360.000,true
baseline,1,mybatis_in_256,2,658,25030.243,66616.000,true
baseline,1,named_delete,2,46973,481.413,1960.000,true
baseline,1,mybatis_in_17,2,8643,2141.710,6344.000,true
baseline,1,positional_naming_KEBAB_CASE,2,4857,4137.286,5888.000,true
baseline,1,raw_in_expression,2,938,20383.049,56616.000,true
baseline,1,raw_retry_rollback,2,6607,3841.441,6376.000,true
baseline,1,positional_row_in,2,22403,951.279,2624.000,true
baseline,1,raw_batch_4,2,8212,2503.349,7584.000,false
baseline,1,raw_insert_entity,2,26962,905.163,2176.000,false
baseline,1,positional_group_order,2,6837,3124.733,6336.000,true
baseline,1,mybatis_update_chain_16,2,1595,18274.984,39936.000,true
baseline,1,positional_pagination,2,18777,919.710,3288.000,true
baseline,1,raw_row_in,2,13215,1206.076,3136.000,true
baseline,1,mybatis_insert_values,2,19570,1109.765,2744.000,true
baseline,1,raw_group_order,2,3396,3364.959,6432.000,true
baseline,1,positional_dialect_DB2,2,19714,1033.230,3544.000,true
baseline,1,mybatis_update_map,2,13291,1568.671,4200.000,true
baseline,1,raw_in_17,2,11788,1849.211,5816.000,true
baseline,1,positional_in_256,2,4537,4101.102,9576.000,true
baseline,1,mybatis_naming_UPPER_CAMEL_CASE,2,2740,6478.759,8984.000,true
baseline,1,named_select_columns,2,26676,741.468,1952.000,true
baseline,1,raw_subquery_structured,2,15615,1536.599,4616.000,true
baseline,1,mybatis_in_16,2,9496,2154.813,6128.000,true
baseline,1,raw_pagination,2,20211,1036.777,3400.000,true
baseline,1,raw_naming_SCREAMING_SNAKE_CASE,2,3967,5095.513,8856.000,true
baseline,1,named_group_order,2,5615,3641.229,7688.000,true
baseline,1,positional_where_eq,2,22412,849.661,2664.000,true
baseline,1,named_subquery_structured,2,11975,2023.741,5488.000,true
baseline,1,positional_late_modifier,2,31977,684.798,2360.000,true
baseline,1,raw_update_chain_16,2,2741,7930.208,25448.000,true
baseline,1,named_join_on,2,12713,1846.409,4288.000,true
baseline,1,named_in_256,2,476,28221.849,90712.000,true
baseline,1,named_where_16,2,3525,6525.702,10584.000,true
baseline,1,positional_naming_CAMEL_CASE,2,6592,3121.223,4928.000,true
baseline,1,raw_union_raw,2,6480,3373.580,5200.000,true
baseline,1,positional_delete,2,64616,370.540,1504.000,true
baseline,1,positional_dialect_Microsoft_SQL_Server,2,16897,1294.188,3544.000,true
baseline,1,raw_select_expressions,2,10271,1993.418,2728.000,true
baseline,1,named_select_entity,2,37407,574.064,2000.000,true
baseline,1,named_insert_values,2,18900,1203.608,3048.000,true
baseline,1,named_dialect_DB2,2,11478,1258.355,4320.000,true
baseline,1,raw_batch_64,2,818,27584.352,97344.000,false
baseline,1,raw_select_columns,2,26018,761.327,1952.000,true
baseline,1,named_insert_entity,2,24029,924.100,2760.000,true
baseline,1,raw_delete,2,42549,467.322,1624.000,true
baseline,1,positional_in_expression,2,4832,4221.440,9760.000,true
baseline,1,named_subquery_raw,2,22411,730.445,2272.000,true
baseline,1,named_row_in,2,14326,1464.694,4016.000,true
baseline,1,raw_in_1024,2,284,78525.000,220248.000,true
baseline,1,raw_union_builder,2,3055,5418.789,10160.000,true
baseline,1,mybatis_pagination,2,17901,1108.290,3808.000,true
baseline,1,positional_dialect_Oracle,2,16973,1064.868,3496.000,true
baseline,1,mybatis_insert_entity,2,23581,857.674,2456.000,true
baseline,1,mybatis_join_on,2,10543,1758.892,4128.000,true
baseline,1,raw_where_eq,2,21430,988.945,2784.000,true
baseline,1,raw_in_16,2,12054,1686.444,5600.000,true
baseline,1,positional_in_16,2,18390,870.870,2656.000,true
baseline,1,named_update_chain_16,2,1374,16248.399,47000.000,true
baseline,1,named_in_16,2,6215,2464.264,7600.000,true
baseline,1,positional_naming_SCREAMING_SNAKE_CASE,2,4736,4192.441,5904.000,true
baseline,1,named_late_modifier,2,24097,842.337,2816.000,true
baseline,1,named_join_using,2,21432,981.117,3512.000,true
baseline,1,mybatis_subquery_structured,2,12623,1648.443,5232.000,true
baseline,1,mybatis_between,2,9442,1301.928,3544.000,true
baseline,1,positional_mixed_literals,2,13331,1143.455,2800.000,true
baseline,1,named_where_eq,2,13329,1048.331,3120.000,true
baseline,1,mybatis_in_expression,2,892,23327.130,66656.000,true
baseline,1,mybatis_group_order,2,6215,3904.553,7264.000,true
baseline,1,positional_subquery_structured,2,14105,1533.477,4704.000,true
baseline,1,custom_handler_where,2,3481,6211.462,10616.000,true
baseline,1,raw_join_on,2,12076,1602.509,3952.000,true
baseline,1,mybatis_union_raw,2,5814,3390.815,5200.000,true
baseline,1,mybatis_union_builder,2,1059,11624.268,16648.000,true
baseline,1,raw_between,2,10330,1214.385,3384.000,true
baseline,1,named_batch_64,2,614,39129.316,134912.000,true
baseline,1,named_in_1024,2,124,141584.677,353216.000,true
baseline,1,raw_batch_beans,2,2206,7344.742,16896.000,false
baseline,1,raw_naming_UPPER_CAMEL_CASE,2,3874,5647.651,8840.000,true
baseline,1,named_naming_NO_CHANGE,2,4347,5120.589,9624.000,true
baseline,1,positional_update_chain_16,2,3055,6698.953,22360.000,true
baseline,1,named_naming_SCREAMING_SNAKE_CASE,2,3373,6384.939,10600.000,true
baseline,1,mybatis_naming_KEBAB_CASE,2,3596,5756.118,8984.000,true
baseline,1,raw_nested,2,13811,1324.299,3280.000,true
baseline,1,positional_join_on,2,13132,1486.240,3832.000,true
baseline,1,raw_insert_placeholders,2,28413,718.872,1944.000,true
baseline,1,named_batch_beans,2,2687,8012.765,26064.000,true
baseline,1,named_retry_rollback,2,5342,5019.993,8264.000,true
baseline,1,raw_in_256,2,1098,19722.222,56640.000,true
baseline,1,named_dialect_PostgreSQL,2,15339,1411.617,4144.000,true
baseline,1,named_mixed_literals,2,13279,1597.703,3768.000,true
baseline,1,positional_retry_rollback,2,7124,2464.388,5872.000,true
baseline,1,raw_join_using,2,22462,984.151,3176.000,true
baseline,1,raw_select_entity,2,36920,571.135,2000.000,true
baseline,1,positional_where_16,2,5005,4225.095,5888.000,true
baseline,1,positional_naming_NO_CHANGE,2,6640,3491.852,4928.000,true
baseline,1,positional_condition_only,2,5371,3555.800,4872.000,true
baseline,1,mybatis_raw_expression,2,13470,1583.563,2624.000,true
baseline,1,mybatis_where_16,2,3588,5696.739,8984.000,true
baseline,1,named_select_expressions,2,6288,1981.838,2728.000,true
baseline,1,raw_repeated_names,2,935,23591.123,53896.000,true
baseline,1,positional_select_columns,2,26930,815.162,1952.000,true
baseline,1,custom_handler_union,2,1951,10472.373,16536.000,true
baseline,1,raw_select_star,2,36301,294.416,1424.000,true
baseline,1,positional_update_map,2,22437,1055.016,3024.000,true
baseline,1,positional_between,2,19181,1094.458,3056.000,true
baseline,1,positional_repeated_names,2,1159,15660.569,30360.000,true
baseline,1,positional_raw_expression,2,13616,1464.079,2624.000,true
baseline,1,raw_update_chain_16,3,2741,8194.455,25448.000,true
baseline,1,named_where_128,3,461,46752.061,71280.000,true
baseline,1,raw_row_in,3,13215,1247.537,3136.000,true
baseline,1,raw_insert_entity,3,26962,824.364,2176.000,false
baseline,1,named_naming_KEBAB_CASE,3,3381,5706.329,10584.000,true
baseline,1,named_in_17,3,6325,2245.518,7888.000,true
baseline,1,mybatis_late_modifier,3,25346,728.083,2656.000,true
baseline,1,raw_naming_UPPER_CAMEL_CASE,3,3874,5089.546,8840.000,true
baseline,1,named_mixed_literals,3,13279,1585.850,3768.000,true
baseline,1,positional_union_builder,3,3689,5238.791,9768.000,true
baseline,1,mybatis_mixed_literals,3,14522,1545.868,3432.000,true
baseline,1,positional_row_in,3,22403,955.613,2624.000,true
baseline,1,positional_mixed_literals,3,13331,1175.508,2800.000,true
baseline,1,named_nested,3,15496,1407.466,3648.000,true
baseline,1,raw_where_eq,3,21430,992.371,2784.000,true
baseline,1,named_union_raw,3,5231,3239.667,5200.000,true
baseline,1,positional_dialect_MySQL,3,20484,1071.812,3360.000,true
baseline,1,positional_insert_placeholders,3,30174,713.210,1944.000,true
baseline,1,positional_dialect_Oracle,3,16973,1179.656,3496.000,true
baseline,1,raw_subquery_raw,3,34158,696.979,2272.000,true
baseline,1,positional_naming_KEBAB_CASE,3,4857,4436.751,5888.000,true
baseline,1,named_group_order,3,5615,3488.459,7688.000,true
baseline,1,named_select_star,3,76148,314.070,1424.000,true
baseline,1,positional_in_256,3,4537,3978.334,9576.000,true
baseline,1,positional_batch_beans,3,1789,3593.516,10464.000,true
baseline,1,named_late_modifier,3,24097,778.159,2816.000,true
baseline,1,positional_naming_NO_CHANGE,3,6640,3380.075,4928.000,true
baseline,1,mybatis_batch_4,3,7874,2912.002,8784.000,true
baseline,1,named_select_entity,3,37407,528.848,2000.000,true
baseline,1,named_subquery_raw,3,22411,629.048,2272.000,true
baseline,1,raw_join_on,3,12076,1634.465,3952.000,true
baseline,1,named_insert_entity,3,24029,912.760,2760.000,true
baseline,1,mybatis_condition_only,3,3787,6252.020,7960.000,true
baseline,1,mybatis_union_raw,3,5814,3550.585,5200.000,true
baseline,1,named_repeated_names,3,828,31191.304,64920.000,true
baseline,1,mybatis_select_entity,3,26895,598.580,2000.000,true
baseline,1,named_between,3,15681,1410.988,3800.000,true
baseline,1,raw_delete,3,42549,424.985,1624.000,true
baseline,1,mybatis_group_order,3,6215,3421.561,7264.000,true
baseline,1,raw_union_builder,3,3055,6570.475,10160.000,true
baseline,1,positional_join_on,3,13132,1684.443,3832.000,true
baseline,1,named_pagination,3,17122,1356.208,4072.000,true
baseline,1,raw_in_expression,3,938,18271.535,56616.000,true
baseline,1,raw_pagination,3,20211,959.512,3400.000,true
baseline,1,positional_group_order,3,6837,3936.185,6336.000,true
baseline,1,mybatis_union_builder,3,1059,10935.883,16648.000,true
baseline,1,raw_in_16,3,12054,1756.935,5600.000,true
baseline,1,raw_insert_values,3,20088,1130.715,2464.000,false
baseline,1,named_batch_beans,3,2687,9568.403,26064.000,true
baseline,1,mybatis_naming_UPPER_CAMEL_CASE,3,2740,6592.591,8984.000,true
baseline,1,named_condition_only,3,3830,6963.055,9560.000,true
baseline,1,named_update_chain_16,3,1374,17536.463,47000.000,true
baseline,1,named_join_on,3,12713,1738.071,4288.000,true
baseline,1,mybatis_update_map,3,13291,1712.919,4200.000,true
baseline,1,positional_union_raw,3,6744,3567.927,5200.000,true
baseline,1,positional_select_entity,3,36559,632.195,2000.000,true
baseline,1,mybatis_join_on,3,10543,1739.467,4128.000,true
baseline,1,named_naming_NO_CHANGE,3,4347,5041.546,9624.000,true
baseline,1,raw_join_using,3,22462,928.172,3176.000,true
baseline,1,raw_batch_4,3,8212,2472.552,7584.000,false
baseline,1,named_in_1024,3,124,110059.677,353216.000,true
baseline,1,named_update_map,3,12752,1676.129,4752.000,true
baseline,1,positional_in_17,3,25208,855.605,2672.000,true
baseline,1,named_delete,3,46973,461.386,1960.000,true
baseline,1,mybatis_insert_entity,3,23581,910.229,2456.000,true
baseline,1,raw_in_256,3,1098,18684.244,56640.000,true
baseline,1,named_dialect_Microsoft_SQL_Server,3,8995,1427.793,4320.000,true
baseline,1,raw_union_raw,3,6480,3472.253,5200.000,true
baseline,1,positional_in_1024,3,1555,14104.502,28504.000,true
baseline,1,positional_raw_expression,3,13616,1563.323,2624.000,true
baseline,1,named_row_in,3,14326,1313.947,4016.000,true
baseline,1,positional_pagination,3,18777,974.623,3288.000,true
baseline,1,raw_derived,3,2313,9871.120,15848.000,true
baseline,1,positional_batch_4,3,7408,1809.652,5968.000,true
baseline,1,positional_select_expressions,3,10489,2024.254,2728.000,true
baseline,1,mybatis_where_128,3,464,47133.190,58208.000,true
baseline,1,raw_repeated_names,3,935,22541.497,53896.000,true
baseline,1,mybatis_in_1024,3,215,108070.698,256896.000,true
baseline,1,mybatis_where_eq,3,21663,997.526,2960.000,true
baseline,1,raw_raw_expression,3,13737,1562.568,2624.000,true
baseline,1,mybatis_pagination,3,17901,1096.369,3808.000,true
baseline,1,positional_between,3,19181,1128.028,3056.000,true
baseline,1,named_select_columns,3,26676,793.980,1952.000,true
baseline,1,mybatis_naming_CAMEL_CASE,3,4336,4670.849,8024.000,true
baseline,1,named_retry_rollback,3,5342,5662.523,8264.000,true
baseline,1,mybatis_select_expressions,3,10331,2044.904,2728.000,true
baseline,1,mybatis_naming_SCREAMING_SNAKE_CASE,3,3386,5998.080,9000.000,true
baseline,1,named_dialect_MySQL,3,11259,1428.129,4144.000,true
baseline,1,raw_naming_CAMEL_CASE,3,5089,4274.180,7880.000,true
baseline,1,named_insert_values,3,18900,1107.159,3048.000,true
baseline,1,mybatis_select_star,3,76064,305.846,1424.000,true
baseline,1,raw_between,3,10330,1157.367,3384.000,true
baseline,1,positional_dialect_DB2,3,19714,1115.106,3544.000,true
baseline,1,positional_retry_rollback,3,7124,3431.668,5872.000,true
baseline,1,named_where_16,3,3525,5698.383,10584.000,true
baseline,1,named_batch_64,3,614,37488.274,134912.000,true
baseline,1,mybatis_retry_rollback,3,2977,3690.729,7568.000,true
baseline,1,mybatis_in_16,3,9496,2094.198,6128.000,true
baseline,1,mybatis_batch_64,3,376,35544.415,118896.000,true
baseline,1,mybatis_between,3,9442,1292.650,3544.000,true
baseline,1,raw_insert_placeholders,3,28413,697.557,1944.000,true
baseline,1,named_in_expression,3,599,29127.880,90680.000,true
baseline,1,mybatis_in_17,3,8643,2204.246,6344.000,true
baseline,1,raw_where_128,3,536,40051.119,56496.000,true
baseline,1,positional_nested,3,14409,1137.192,2952.000,true
baseline,1,positional_where_eq,3,22412,884.678,2664.000,true
baseline,1,positional_delete,3,64616,385.525,1504.000,true
baseline,1,raw_naming_KEBAB_CASE,3,3923,5884.960,8840.000,true
baseline,1,positional_naming_CAMEL_CASE,3,6592,3119.918,4928.000,true
baseline,1,raw_retry_rollback,3,6607,3220.433,6376.000,true
baseline,1,positional_subquery_structured,3,14105,1356.328,4704.000,true
baseline,1,mybatis_row_in,3,16003,1347.147,3608.000,true
baseline,1,raw_nested,3,13811,1406.915,3280.000,true
baseline,1,raw_select_star,3,36301,274.037,1424.000,true
baseline,1,raw_in_1024,3,284,79128.169,220248.000,true
baseline,1,positional_subquery_raw,3,34211,591.666,2272.000,true
baseline,1,raw_mixed_literals,3,14278,1568.994,3192.000,true
baseline,1,named_insert_placeholders,3,15376,1015.745,2920.000,true
baseline,1,raw_update_map,3,16458,1353.087,3592.000,false
baseline,1,raw_condition_only,3,2521,4776.478,7816.000,true
baseline,1,named_in_16,3,6215,2224.698,7600.000,true
baseline,1,mybatis_raw_expression,3,13470,1542.903,2624.000,true
baseline,1,positional_insert_values,3,27087,800.007,2104.000,true
baseline,1,mybatis_batch_beans,3,2949,7327.196,22080.000,true
baseline,1,positional_dialect_Microsoft_SQL_Server,3,16897,1383.228,3544.000,true
baseline,1,raw_batch_beans,3,2206,6216.999,16896.000,false
baseline,1,custom_handler_union,3,1951,11618.452,16536.000,true
baseline,1,raw_batch_64,3,818,27698.411,97344.000,false
baseline,1,named_in_256,3,476,25478.151,90712.000,true
baseline,1,positional_update_chain_16,3,3055,6738.560,22360.000,true
baseline,1,named_where_eq,3,13329,945.847,3120.000,true
baseline,1,raw_naming_SCREAMING_SNAKE_CASE,3,3967,5198.563,8856.000,true
baseline,1,mybatis_naming_KEBAB_CASE,3,3596,5615.851,8984.000,true
baseline,1,raw_in_17,3,11788,1915.473,5816.000,true
baseline,1,raw_select_entity,3,36920,601.585,2000.000,true
baseline,1,positional_in_16,3,18390,887.210,2656.000,true
baseline,1,raw_late_modifier,3,22071,722.468,2480.000,true
baseline,1,raw_select_columns,3,26018,806.196,1952.000,true
baseline,1,positional_condition_only,3,5371,3670.359,4872.000,true
baseline,1,positional_in_expression,3,4832,4991.536,9760.000,true
baseline,1,mybatis_update_chain_16,3,1595,14141.755,39936.000,true
baseline,1,named_dialect_Oracle,3,16130,1339.845,4272.000,true
baseline,1,positional_dialect_PostgreSQL,3,19002,1110.983,3360.000,true
baseline,1,raw_where_16,3,4032,5184.821,8840.000,true
baseline,1,named_dialect_PostgreSQL,3,15339,1382.150,4144.000,true
baseline,1,positional_select_star,3,80885,285.624,1424.000,true
baseline,1,mybatis_subquery_raw,3,14216,693.310,2272.000,true
baseline,1,named_derived,3,2088,10750.814,17800.000,true
baseline,1,mybatis_in_expression,3,892,24619.731,66656.000,true
baseline,1,named_naming_CAMEL_CASE,3,4228,4927.744,9624.000,true
baseline,1,positional_insert_entity,3,37599,630.910,1816.000,true
baseline,1,mybatis_delete,3,50280,446.764,1808.000,true
baseline,1,mybatis_insert_values,3,19570,1140.388,2744.000,true
baseline,1,positional_naming_SCREAMING_SNAKE_CASE,3,4736,4575.739,5904.000,true
baseline,1,mybatis_where_16,3,3588,5690.970,8984.000,true
baseline,1,named_raw_expression,3,13810,1444.953,2624.000,true
baseline,1,named_naming_SCREAMING_SNAKE_CASE,3,3373,6151.319,10600.000,true
baseline,1,named_naming_UPPER_CAMEL_CASE,3,3434,6051.252,10584.000,true
baseline,1,mybatis_derived,3,1802,12043.285,17144.000,true
baseline,1,positional_repeated_names,3,1159,15080.328,30360.000,true
baseline,1,positional_select_columns,3,26930,797.356,1952.000,true
baseline,1,raw_select_expressions,3,10271,1986.973,2728.000,true
baseline,1,mybatis_in_256,3,658,25039.058,66616.000,true
baseline,1,mybatis_select_columns,3,27081,752.897,1952.000,true
baseline,1,mybatis_repeated_names,3,700,24944.571,52872.000,true
baseline,1,named_union_builder,3,1621,11248.304,17272.000,true
baseline,1,mybatis_join_using,3,21730,976.291,3352.000,true
baseline,1,custom_handler_where,3,3481,6184.660,10616.000,true
baseline,1,mybatis_naming_NO_CHANGE,3,4493,4973.915,8024.000,true
baseline,1,positional_batch_64,3,1303,18112.510,72176.000,true
baseline,1,named_dialect_DB2,3,11478,1353.319,4320.000,true
baseline,1,positional_update_map,3,22437,1043.491,3024.000,true
baseline,1,mybatis_nested,3,15099,1329.889,3416.000,true
baseline,1,mybatis_insert_placeholders,3,21482,1054.269,2584.000,true
baseline,1,named_subquery_structured,3,11975,1755.916,5488.000,true
baseline,1,raw_naming_NO_CHANGE,3,4483,4060.049,7880.000,true
baseline,1,raw_subquery_structured,3,15615,1351.041,4616.000,true
baseline,1,positional_where_128,3,672,33784.375,32808.000,true
baseline,1,positional_where_16,3,5005,4137.502,5888.000,true
baseline,1,positional_derived,3,997,9507.823,15296.000,true
baseline,1,positional_join_using,3,20063,848.846,3056.000,true
baseline,1,positional_late_modifier,3,31977,632.064,2360.000,true
baseline,1,named_batch_4,3,7285,2959.822,9736.000,true
baseline,1,raw_group_order,3,3396,2939.753,6432.000,true
baseline,1,named_join_using,3,21432,1017.110,3512.000,true
baseline,1,named_select_expressions,3,6288,1977.211,2728.000,true
baseline,1,positional_naming_UPPER_CAMEL_CASE,3,4624,4488.300,5888.000,true
baseline,1,mybatis_subquery_structured,3,12623,1658.813,5232.000,true
baseline,1,raw_batch_beans,4,2206,8273.572,16896.000,false
baseline,1,mybatis_subquery_structured,4,12623,1778.777,5232.000,true
baseline,1,named_insert_placeholders,4,15376,958.637,2920.000,true
baseline,1,positional_pagination,4,18777,918.283,3288.000,true
baseline,1,mybatis_batch_beans,4,2949,8912.411,22080.000,true
baseline,1,named_nested,4,15496,1410.306,3648.000,true
baseline,1,raw_update_chain_16,4,2741,8687.158,25448.000,true
baseline,1,mybatis_union_builder,4,1059,10651.558,16648.000,true
baseline,1,raw_in_256,4,1098,19804.281,56640.000,true
baseline,1,positional_select_expressions,4,10489,2019.821,2728.000,true
baseline,1,custom_handler_where,4,3481,5873.628,10616.000,true
baseline,1,positional_dialect_MySQL,4,20484,1030.014,3360.000,true
baseline,1,named_delete,4,46973,515.850,1960.000,true
baseline,1,mybatis_subquery_raw,4,14216,660.298,2272.000,true
baseline,1,positional_subquery_raw,4,34211,627.485,2272.000,true
baseline,1,mybatis_raw_expression,4,13470,1535.820,2624.000,true
baseline,1,positional_dialect_Oracle,4,16973,1008.991,3496.000,true
baseline,1,named_where_eq,4,13329,1024.578,3120.000,true
baseline,1,raw_in_17,4,11788,1703.368,5816.000,true
baseline,1,mybatis_select_star,4,76064,294.941,1424.000,true
baseline,1,raw_raw_expression,4,13737,1478.773,2624.000,true
baseline,1,raw_insert_placeholders,4,28413,704.364,1944.000,true
baseline,1,raw_naming_UPPER_CAMEL_CASE,4,3874,5097.677,8840.000,true
baseline,1,mybatis_insert_placeholders,4,21482,1064.696,2584.000,true
baseline,1,mybatis_where_16,4,3588,6167.057,8984.000,true
baseline,1,named_select_star,4,76148,299.798,1424.000,true
baseline,1,mybatis_in_16,4,9496,2091.175,6128.000,true
baseline,1,raw_derived,4,2313,9544.790,15848.000,true
baseline,1,named_in_1024,4,124,126273.387,353216.000,true
baseline,1,raw_naming_KEBAB_CASE,4,3923,5182.131,8840.000,true
baseline,1,positional_row_in,4,22403,937.049,2624.000,true
baseline,1,positional_delete,4,64616,367.459,1504.000,true
baseline,1,positional_in_17,4,25208,893.748,2672.000,true
baseline,1,raw_insert_values,4,20088,1047.426,2464.000,false
baseline,1,named_naming_SCREAMING_SNAKE_CASE,4,3373,5978.802,10600.000,true
baseline,1,mybatis_batch_64,4,376,33740.691,118896.000,true
baseline,1,named_batch_4,4,7285,3049.856,9736.000,true
baseline,1,named_mixed_literals,4,13279,1504.865,3768.000,true
baseline,1,positional_where_128,4,672,30934.673,32808.000,true
baseline,1,named_where_128,4,461,49094.360,71280.000,true
baseline,1,raw_select_entity,4,36920,649.561,2000.000,true
baseline,1,named_join_using,4,21432,963.452,3512.000,true
baseline,1,raw_select_columns,4,26018,757.237,1952.000,true
baseline,1,positional_union_builder,4,3689,5649.336,9768.000,true
baseline,1,raw_join_on,4,12076,1609.382,3952.000,true
baseline,1,raw_naming_CAMEL_CASE,4,5089,4048.320,7880.000,true
baseline,1,raw_subquery_raw,4,34158,634.130,2272.000,true
baseline,1,raw_union_raw,4,6480,3322.901,5200.000,true
baseline,1,mybatis_delete,4,50280,509.385,1808.000,true
baseline,1,mybatis_in_expression,4,892,22935.762,66656.000,true
baseline,1,raw_union_builder,4,3055,5672.308,10160.000,true
baseline,1,positional_insert_placeholders,4,30174,675.532,1944.000,true
baseline,1,positional_in_256,4,4537,4438.726,9576.000,true
baseline,1,mybatis_repeated_names,4,700,25058.143,52872.000,true
baseline,1,mybatis_where_eq,4,21663,941.596,2960.000,true
baseline,1,raw_update_map,4,16458,1344.015,3592.000,false
baseline,1,raw_row_in,4,13215,1398.971,3136.000,true
baseline,1,mybatis_select_expressions,4,10331,1960.217,2728.000,true
baseline,1,mybatis_nested,4,15099,1391.456,3416.000,true
baseline,1,positional_naming_CAMEL_CASE,4,6592,3263.137,4928.000,true
baseline,1,positional_naming_SCREAMING_SNAKE_CASE,4,4736,4126.499,5904.000,true
baseline,1,positional_group_order,4,6837,3373.804,6336.000,true
baseline,1,positional_between,4,19181,1093.994,3056.000,true
baseline,1,mybatis_naming_KEBAB_CASE,4,3596,5828.504,8984.000,true
baseline,1,positional_mixed_literals,4,13331,1313.232,2800.000,true
baseline,1,positional_condition_only,4,5371,3577.099,4872.000,true
baseline,1,named_in_16,4,6215,2168.142,7600.000,true
baseline,1,mybatis_in_17,4,8643,1960.789,6344.000,true
baseline,1,mybatis_select_columns,4,27081,792.205,1952.000,true
baseline,1,mybatis_derived,4,1802,11105.716,17144.000,true
baseline,1,positional_late_modifier,4,31977,633.674,2360.000,true
baseline,1,positional_derived,4,997,9215.346,15296.000,true
baseline,1,raw_subquery_structured,4,15615,1414.729,4616.000,true
baseline,1,positional_where_eq,4,22412,891.210,2664.000,true
baseline,1,named_select_entity,4,37407,553.399,2000.000,true
baseline,1,named_batch_beans,4,2687,7893.301,26064.000,true
baseline,1,named_in_256,4,476,26886.765,90712.000,true
baseline,1,raw_nested,4,13811,1252.958,3280.000,true
baseline,1,named_between,4,15681,1518.526,3800.000,true
baseline,1,raw_condition_only,4,2521,4558.985,7816.000,true
baseline,1,named_update_chain_16,4,1374,15807.351,47000.000,true
baseline,1,raw_in_1024,4,284,74508.099,220248.000,true
baseline,1,positional_nested,4,14409,1139.323,2952.000,true
baseline,1,raw_select_star,4,36301,282.056,1424.000,true
baseline,1,named_insert_entity,4,24029,899.825,2760.000,true
baseline,1,raw_insert_entity,4,26962,808.252,2176.000,false
baseline,1,mybatis_insert_values,4,19570,1069.775,2744.000,true
baseline,1,positional_naming_UPPER_CAMEL_CASE,4,4624,4856.120,5888.000,true
baseline,1,positional_select_star,4,80885,305.743,1424.000,true
baseline,1,named_row_in,4,14326,1375.234,4016.000,true
baseline,1,raw_group_order,4,3396,2929.181,6432.000,true
baseline,1,raw_pagination,4,20211,1003.518,3400.000,true
baseline,1,raw_delete,4,42549,416.769,1624.000,true
baseline,1,mybatis_row_in,4,16003,1358.052,3608.000,true
baseline,1,positional_batch_64,4,1303,17048.657,72176.000,true
baseline,1,mybatis_mixed_literals,4,14522,1482.468,3432.000,true
baseline,1,mybatis_batch_4,4,7874,2745.453,8784.000,true
baseline,1,named_where_16,4,3525,7094.099,10584.000,true
baseline,1,positional_select_columns,4,26930,803.398,1952.000,true
baseline,1,mybatis_join_using,4,21730,947.874,3352.000,true
baseline,1,named_select_expressions,4,6288,2295.865,2728.000,true
baseline,1,mybatis_naming_UPPER_CAMEL_CASE,4,2740,5834.891,8984.000,true
baseline,1,named_batch_64,4,614,38971.987,134912.000,true
baseline,1,named_union_builder,4,1621,10595.805,17272.000,true
baseline,1,named_subquery_structured,4,11975,1803.390,5488.000,true
baseline,1,mybatis_naming_NO_CHANGE,4,4493,4898.932,8024.000,true
baseline,1,mybatis_between,4,9442,1300.064,3544.000,true
baseline,1,named_derived,4,2088,10416.284,17800.000,true
baseline,1,named_naming_CAMEL_CASE,4,4228,5190.161,9624.000,true
baseline,1,positional_where_16,4,5005,4202.917,5888.000,true
baseline,1,positional_repeated_names,4,1159,16051.510,30360.000,true
baseline,1,positional_update_map,4,22437,1016.165,3024.000,true
baseline,1,named_pagination,4,17122,1231.065,4072.000,true
baseline,1,named_condition_only,4,3830,5620.653,9560.000,true
baseline,1,raw_select_expressions,4,10271,1952.176,2728.000,true
baseline,1,raw_where_16,4,4032,5482.589,8840.000,true
baseline,1,named_repeated_names,4,828,27841.063,64920.000,true
baseline,1,positional_join_using,4,20063,812.660,3056.000,true
baseline,1,positional_raw_expression,4,13616,1543.184,2624.000,true
baseline,1,named_group_order,4,5615,3344.648,7688.000,true
baseline,1,mybatis_select_entity,4,26895,666.369,2000.000,true
baseline,1,positional_in_expression,4,4832,4309.975,9760.000,true
baseline,1,named_dialect_PostgreSQL,4,15339,1280.292,4144.000,true
baseline,1,mybatis_naming_CAMEL_CASE,4,4336,5194.972,8024.000,true
baseline,1,raw_naming_NO_CHANGE,4,4483,3870.912,7880.000,true
baseline,1,mybatis_update_chain_16,4,1595,13319.060,39936.000,true
baseline,1,named_in_expression,4,599,26311.018,90680.000,true
baseline,1,named_join_on,4,12713,1595.477,4288.000,true
baseline,1,mybatis_pagination,4,17901,1153.662,3808.000,true
baseline,1,positional_retry_rollback,4,7124,2625.000,5872.000,true
baseline,1,mybatis_where_128,4,464,44825.431,58208.000,true
baseline,1,raw_in_16,4,12054,1781.326,5600.000,true
baseline,1,named_update_map,4,12752,1675.455,4752.000,true
baseline,1,mybatis_in_256,4,658,22654.711,66616.000,true
baseline,1,positional_insert_values,4,27087,833.714,2104.000,true
baseline,1,raw_where_128,4,536,41587.873,56496.000,true
baseline,1,named_naming_UPPER_CAMEL_CASE,4,3434,6070.210,10584.000,true
baseline,1,raw_repeated_names,4,935,22840.642,53896.000,true
baseline,1,raw_late_modifier,4,22071,773.354,2480.000,true
baseline,1,positional_batch_beans,4,1789,5807.826,10464.000,true
baseline,1,custom_handler_union,4,1951,10889.288,16536.000,true
baseline,1,raw_between,4,10330,1150.484,3384.000,true
baseline,1,named_union_raw,4,5231,3552.361,5200.000,true
baseline,1,positional_dialect_Microsoft_SQL_Server,4,16897,1274.871,3544.000,true
baseline,1,raw_where_eq,4,21430,996.020,2784.000,true
baseline,1,mybatis_union_raw,4,5814,3530.444,5200.000,true
baseline,1,raw_mixed_literals,4,14278,1426.313,3192.000,true
baseline,1,raw_retry_rollback,4,6607,3161.980,6376.000,true
baseline,1,positional_naming_KEBAB_CASE,4,4857,4261.334,5888.000,true
baseline,1,positional_batch_4,4,7408,1946.855,5968.000,true
baseline,1,named_dialect_Oracle,4,16130,1335.381,4272.000,true
baseline,1,mybatis_late_modifier,4,25346,688.756,2656.000,true
baseline,1,raw_in_expression,4,938,22836.994,56616.000,true
baseline,1,positional_dialect_DB2,4,19714,1078.142,3544.000,true
baseline,1,named_dialect_Microsoft_SQL_Server,4,8995,1672.073,4320.000,true
baseline,1,named_subquery_raw,4,22411,602.307,2272.000,true
baseline,1,named_naming_NO_CHANGE,4,4347,5294.318,9624.000,true
baseline,1,positional_in_1024,4,1555,13525.016,28504.000,true
baseline,1,mybatis_naming_SCREAMING_SNAKE_CASE,4,3386,6217.454,9000.000,true
baseline,1,raw_join_using,4,22462,919.419,3176.000,true
baseline,1,positional_in_16,4,18390,810.767,2656.000,true
baseline,1,raw_batch_64,4,818,26218.582,97344.000,false
baseline,1,named_in_17,4,6325,2252.680,7888.000,true
baseline,1,positional_naming_NO_CHANGE,4,6640,3034.669,4928.000,true
baseline,1,named_dialect_DB2,4,11478,1350.932,4320.000,true
baseline,1,positional_update_chain_16,4,3055,6398.069,22360.000,true
baseline,1,raw_naming_SCREAMING_SNAKE_CASE,4,3967,5281.346,8856.000,true
baseline,1,mybatis_condition_only,4,3787,5698.468,7960.000,true
baseline,1,positional_insert_entity,4,37599,668.071,1816.000,true
baseline,1,mybatis_join_on,4,10543,1821.673,4128.000,true
baseline,1,mybatis_in_1024,4,215,98942.326,256896.000,true
baseline,1,positional_join_on,4,13132,1628.945,3832.000,true
baseline,1,mybatis_group_order,4,6215,3463.636,7264.000,true
baseline,1,named_raw_expression,4,13810,1481.550,2624.000,true
baseline,1,named_insert_values,4,18900,1140.175,3048.000,true
baseline,1,mybatis_retry_rollback,4,2977,3495.364,7568.000,true
baseline,1,named_late_modifier,4,24097,754.625,2816.000,true
baseline,1,named_select_columns,4,26676,784.061,1952.000,true
baseline,1,raw_batch_4,4,8212,2470.969,7584.000,false
baseline,1,positional_select_entity,4,36559,590.993,2000.000,true
baseline,1,named_retry_rollback,4,5342,3764.433,8264.000,true
baseline,1,positional_subquery_structured,4,14105,1517.065,4704.000,true
baseline,1,mybatis_insert_entity,4,23581,898.249,2456.000,true
baseline,1,positional_dialect_PostgreSQL,4,19002,1126.513,3360.000,true
baseline,1,named_naming_KEBAB_CASE,4,3381,5844.780,10584.000,true
baseline,1,positional_union_raw,4,6744,3356.806,5200.000,true
baseline,1,mybatis_update_map,4,13291,1601.926,4200.000,true
baseline,1,named_dialect_MySQL,4,11259,1375.495,4144.000,true
baseline,1,positional_dialect_Microsoft_SQL_Server,5,16897,1269.083,3544.000,true
baseline,1,named_update_chain_16,5,1374,16228.821,47000.000,true
baseline,1,named_subquery_raw,5,22411,630.240,2272.000,true
baseline,1,positional_retry_rollback,5,7124,2868.206,5872.000,true
baseline,1,positional_nested,5,14409,1208.516,2952.000,true
baseline,1,mybatis_union_raw,5,5814,3255.229,5200.000,true
baseline,1,mybatis_in_17,5,8643,2085.341,6344.000,true
baseline,1,raw_naming_UPPER_CAMEL_CASE,5,3874,5511.977,8840.000,true
baseline,1,raw_subquery_structured,5,15615,1420.903,4616.000,true
baseline,1,raw_union_raw,5,6480,3220.833,5200.000,true
baseline,1,raw_update_chain_16,5,2741,7672.820,25448.000,true
baseline,1,named_select_expressions,5,6288,2079.198,2728.000,true
baseline,1,named_batch_64,5,614,40056.352,134912.000,true
baseline,1,mybatis_pagination,5,17901,1126.987,3808.000,true
baseline,1,named_insert_values,5,18900,1341.979,3048.000,true
baseline,1,named_condition_only,5,3830,5521.671,9560.000,true
baseline,1,raw_subquery_raw,5,34158,609.488,2272.000,true
baseline,1,named_retry_rollback,5,5342,4004.605,8264.000,true
baseline,1,raw_row_in,5,13215,1126.417,3136.000,true
baseline,1,named_where_eq,5,13329,999.422,3120.000,true
baseline,1,positional_in_1024,5,1555,13283.537,28504.000,true
baseline,1,positional_dialect_PostgreSQL,5,19002,1160.515,3360.000,true
baseline,1,raw_in_256,5,1098,19270.583,56640.000,true
baseline,1,mybatis_select_columns,5,27081,828.433,1952.000,true
baseline,1,named_update_map,5,12752,1669.675,4752.000,true
baseline,1,named_insert_placeholders,5,15376,1028.395,2920.000,true
baseline,1,named_repeated_names,5,828,27342.391,64920.000,true
baseline,1,mybatis_naming_CAMEL_CASE,5,4336,4705.858,8024.000,true
baseline,1,mybatis_derived,5,1802,11449.612,17144.000,true
baseline,1,positional_insert_entity,5,37599,589.574,1816.000,true
baseline,1,mybatis_condition_only,5,3787,5637.206,7960.000,true
baseline,1,named_select_star,5,76148,305.162,1424.000,true
baseline,1,raw_mixed_literals,5,14278,1619.008,3192.000,true
baseline,1,raw_join_using,5,22462,957.613,3176.000,true
baseline,1,positional_repeated_names,5,1159,14633.909,30360.000,true
baseline,1,positional_naming_KEBAB_CASE,5,4857,4262.631,5888.000,true
baseline,1,named_dialect_MySQL,5,11259,1515.374,4144.000,true
baseline,1,mybatis_mixed_literals,5,14522,1498.623,3432.000,true
baseline,1,positional_mixed_literals,5,13331,1182.109,2800.000,true
baseline,1,mybatis_subquery_raw,5,14216,796.335,2272.000,true
baseline,1,positional_between,5,19181,1070.549,3056.000,true
baseline,1,mybatis_subquery_structured,5,12623,1679.569,5232.000,true
baseline,1,mybatis_between,5,9442,1414.573,3544.000,true
baseline,1,positional_batch_64,5,1303,18052.878,72176.000,true
baseline,1,positional_condition_only,5,5371,3607.913,4872.000,true
baseline,1,mybatis_insert_placeholders,5,21482,1054.781,2584.000,true
baseline,1,mybatis_in_expression,5,892,23987.780,66656.000,true
baseline,1,mybatis_update_map,5,13291,1541.637,4200.000,true
baseline,1,named_union_builder,5,1621,11725.663,17272.000,true
baseline,1,raw_union_builder,5,3055,5363.830,10160.000,true
baseline,1,named_select_entity,5,37407,587.296,2000.000,true
baseline,1,named_between,5,15681,1413.928,3800.000,true
baseline,1,raw_insert_values,5,20088,1021.670,2464.000,false
baseline,1,positional_select_columns,5,26930,805.043,1952.000,true
baseline,1,raw_in_expression,5,938,19724.094,56616.000,true
baseline,1,positional_dialect_MySQL,5,20484,1057.606,3360.000,true
baseline,1,mybatis_naming_UPPER_CAMEL_CASE,5,2740,5812.482,8984.000,true
baseline,1,positional_subquery_structured,5,14105,1456.235,4704.000,true
baseline,1,named_join_on,5,12713,1642.704,4288.000,true
baseline,1,named_pagination,5,17122,1226.627,4072.000,true
baseline,1,positional_dialect_DB2,5,19714,1102.303,3544.000,true
baseline,1,positional_insert_values,5,27087,826.363,2104.000,true
baseline,1,custom_handler_where,5,3481,5847.860,10616.000,true
baseline,1,raw_late_modifier,5,22071,778.093,2480.000,true
baseline,1,mybatis_where_16,5,3588,5961.399,8984.000,true
baseline,1,mybatis_naming_NO_CHANGE,5,4493,4545.894,8024.000,true
baseline,1,raw_naming_NO_CHANGE,5,4483,3908.030,7880.000,true
baseline,1,mybatis_join_using,5,21730,943.000,3352.000,true
baseline,1,positional_in_256,5,4537,4728.146,9576.000,true
baseline,1,positional_select_star,5,80885,291.289,1424.000,true
baseline,1,named_in_expression,5,599,27616.027,90680.000,true
baseline,1,named_dialect_PostgreSQL,5,15339,1355.695,4144.000,true
baseline,1,raw_nested,5,13811,1263.319,3280.000,true
baseline,1,raw_in_1024,5,284,79942.958,220248.000,true
baseline,1,named_in_256,5,476,27490.966,90712.000,true
baseline,1,positional_select_expressions,5,10489,2080.456,2728.000,true
baseline,1,raw_derived,5,2313,10009.684,15848.000,true
baseline,1,named_dialect_Microsoft_SQL_Server,5,8995,1476.854,4320.000,true
baseline,1,positional_join_on,5,13132,1581.351,3832.000,true
baseline,1,raw_insert_placeholders,5,28413,633.967,1944.000,true
baseline,1,positional_in_expression,5,4832,4518.088,9760.000,true
baseline,1,mybatis_naming_KEBAB_CASE,5,3596,5714.850,8984.000,true
baseline,1,mybatis_raw_expression,5,13470,1520.126,2624.000,true
baseline,1,raw_condition_only,5,2521,4992.305,7816.000,true
baseline,1,raw_select_entity,5,36920,554.754,2000.000,true
baseline,1,positional_where_16,5,5005,4291.429,5888.000,true
baseline,1,positional_batch_beans,5,1789,4179.039,10464.000,true
baseline,1,mybatis_nested,5,15099,1283.635,3416.000,true
baseline,1,positional_late_modifier,5,31977,652.022,2360.000,true
baseline,1,named_where_128,5,461,46203.037,71280.000,true
baseline,1,positional_where_128,5,672,30998.661,32808.000,true
baseline,1,positional_update_map,5,22437,1025.271,3024.000,true
baseline,1,raw_group_order,5,3396,2905.330,6432.000,true
baseline,1,raw_naming_CAMEL_CASE,5,5089,4380.291,7880.000,true
baseline,1,mybatis_in_1024,5,215,93685.116,256896.000,true
baseline,1,custom_handler_union,5,1951,11228.293,16536.000,true
baseline,1,named_batch_beans,5,2687,7822.441,26064.000,true
baseline,1,named_insert_entity,5,24029,888.743,2760.000,true
baseline,1,mybatis_select_expressions,5,10331,2031.526,2728.000,true
baseline,1,positional_union_builder,5,3689,5836.948,9768.000,true
baseline,1,named_select_columns,5,26676,775.255,1952.000,true
baseline,1,raw_naming_SCREAMING_SNAKE_CASE,5,3967,5371.414,8856.000,true
baseline,1,positional_join_using,5,20063,850.022,3056.000,true
baseline,1,named_group_order,5,5615,3667.996,7688.000,true
baseline,1,named_mixed_literals,5,13279,1417.787,3768.000,true
baseline,1,named_in_1024,5,124,142062.903,353216.000,true
baseline,1,raw_in_16,5,12054,1705.434,5600.000,true
baseline,1,positional_derived,5,997,9438.014,15296.000,true
baseline,1,raw_retry_rollback,5,6607,3309.566,6376.000,true
baseline,1,raw_where_16,5,4032,5337.326,8840.000,true
baseline,1,mybatis_late_modifier,5,25346,777.200,2656.000,true
baseline,1,named_in_17,5,6325,2405.486,7888.000,true
baseline,1,raw_join_on,5,12076,1604.165,3952.000,true
baseline,1,named_where_16,5,3525,6341.986,10584.000,true
baseline,1,raw_select_star,5,36301,279.103,1424.000,true
baseline,1,positional_naming_UPPER_CAMEL_CASE,5,4624,4485.921,5888.000,true
baseline,1,raw_select_expressions,5,10271,2115.841,2728.000,true
baseline,1,mybatis_join_on,5,10543,1787.119,4128.000,true
baseline,1,raw_select_columns,5,26018,957.825,1952.000,true
baseline,1,mybatis_row_in,5,16003,1456.689,3608.000,true
baseline,1,positional_naming_NO_CHANGE,5,6640,3142.199,4928.000,true
baseline,1,mybatis_retry_rollback,5,2977,4279.745,7568.000,true
baseline,1,raw_in_17,5,11788,1777.545,5816.000,true
baseline,1,mybatis_select_star,5,76064,279.868,1424.000,true
baseline,1,positional_batch_4,5,7408,1706.736,5968.000,true
baseline,1,mybatis_select_entity,5,26895,556.661,2000.000,true
baseline,1,raw_naming_KEBAB_CASE,5,3923,5434.795,8840.000,true
baseline,1,mybatis_insert_entity,5,23581,853.819,2456.000,true
baseline,1,positional_dialect_Oracle,5,16973,1092.146,3496.000,true
baseline,1,mybatis_where_128,5,464,44867.026,58208.000,true
baseline,1,positional_row_in,5,22403,940.437,2624.000,true
baseline,1,named_naming_CAMEL_CASE,5,4228,5198.534,9624.000,true
baseline,1,raw_delete,5,42549,410.922,1624.000,true
baseline,1,raw_batch_beans,5,2206,7522.303,16896.000,false
baseline,1,mybatis_where_eq,5,21663,1017.080,2960.000,true
baseline,1,mybatis_batch_64,5,376,31487.500,118896.000,true
baseline,1,raw_repeated_names,5,935,22742.567,53896.000,true
baseline,1,positional_update_chain_16,5,3055,6129.394,22360.000,true
baseline,1,mybatis_in_256,5,658,22973.252,66616.000,true
baseline,1,mybatis_batch_beans,5,2949,7258.528,22080.000,true
baseline,1,named_delete,5,46973,455.555,1960.000,true
baseline,1,mybatis_in_16,5,9496,2006.813,6128.000,true
baseline,1,mybatis_batch_4,5,7874,2792.278,8784.000,true
baseline,1,positional_naming_SCREAMING_SNAKE_CASE,5,4736,4291.470,5904.000,true
baseline,1,mybatis_naming_SCREAMING_SNAKE_CASE,5,3386,6304.076,9000.000,true
baseline,1,named_dialect_DB2,5,11478,1248.275,4320.000,true
baseline,1,raw_batch_4,5,8212,2633.548,7584.000,false
baseline,1,positional_union_raw,5,6744,3471.382,5200.000,true
baseline,1,raw_raw_expression,5,13737,1517.478,2624.000,true
baseline,1,mybatis_group_order,5,6215,3582.285,7264.000,true
baseline,1,positional_in_16,5,18390,771.001,2656.000,true
baseline,1,named_subquery_structured,5,11975,1769.954,5488.000,true
baseline,1,named_in_16,5,6215,2386.581,7600.000,true
baseline,1,named_join_using,5,21432,958.007,3512.000,true
baseline,1,mybatis_repeated_names,5,700,23583.429,52872.000,true
baseline,1,named_raw_expression,5,13810,1641.101,2624.000,true
baseline,1,named_late_modifier,5,24097,819.936,2816.000,true
baseline,1,positional_raw_expression,5,13616,1522.833,2624.000,true
baseline,1,raw_insert_entity,5,26962,836.974,2176.000,false
baseline,1,positional_naming_CAMEL_CASE,5,6592,3239.184,4928.000,true
baseline,1,raw_update_map,5,16458,1335.211,3592.000,false
baseline,1,named_derived,5,2088,10692.577,17800.000,true
baseline,1,positional_subquery_raw,5,34211,624.390,2272.000,true
baseline,1,named_nested,5,15496,1394.257,3648.000,true
baseline,1,mybatis_delete,5,50280,477.474,1808.000,true
baseline,1,named_naming_SCREAMING_SNAKE_CASE,5,3373,6341.447,10600.000,true
baseline,1,named_naming_UPPER_CAMEL_CASE,5,3434,5957.047,10584.000,true
baseline,1,raw_where_128,5,536,41967.910,56496.000,true
baseline,1,raw_between,5,10330,1160.571,3384.000,true
baseline,1,named_naming_KEBAB_CASE,5,3381,6451.878,10584.000,true
baseline,1,raw_batch_64,5,818,27870.049,97344.000,false
baseline,1,mybatis_insert_values,5,19570,1093.281,2744.000,true
baseline,1,positional_in_17,5,25208,926.972,2672.000,true
baseline,1,positional_group_order,5,6837,3224.996,6336.000,true
baseline,1,positional_where_eq,5,22412,851.945,2664.000,true
baseline,1,raw_pagination,5,20211,985.503,3400.000,true
baseline,1,positional_delete,5,64616,358.609,1504.000,true
baseline,1,positional_pagination,5,18777,912.590,3288.000,true
baseline,1,named_union_raw,5,5231,3412.674,5200.000,true
baseline,1,mybatis_update_chain_16,5,1595,12761.191,39936.000,true
baseline,1,named_batch_4,5,7285,3163.459,9736.000,true
baseline,1,named_dialect_Oracle,5,16130,1377.204,4272.000,true
baseline,1,named_row_in,5,14326,1397.501,4016.000,true
baseline,1,raw_where_eq,5,21430,988.353,2784.000,true
baseline,1,mybatis_union_builder,5,1059,10723.702,16648.000,true
baseline,1,positional_insert_placeholders,5,30174,700.239,1944.000,true
baseline,1,positional_select_entity,5,36559,595.440,2000.000,true
baseline,1,named_naming_NO_CHANGE,5,4347,4791.166,9624.000,true
baseline,1,raw_in_256,6,1098,19412.659,56640.000,true
baseline,1,mybatis_naming_CAMEL_CASE,6,4336,4805.120,8024.000,true
baseline,1,named_condition_only,6,3830,6146.214,9560.000,true
baseline,1,named_in_1024,6,124,117329.839,353216.000,true
baseline,1,mybatis_union_builder,6,1059,12262.512,16648.000,true
baseline,1,positional_row_in,6,22403,858.894,2624.000,true
baseline,1,positional_where_128,6,672,31113.244,32808.000,true
baseline,1,mybatis_nested,6,15099,1290.039,3416.000,true
baseline,1,mybatis_retry_rollback,6,2977,3944.273,7568.000,true
baseline,1,positional_dialect_MySQL,6,20484,1044.049,3360.000,true
baseline,1,positional_select_entity,6,36559,564.288,2000.000,true
baseline,1,raw_batch_4,6,8212,2550.597,7584.000,false
baseline,1,mybatis_naming_UPPER_CAMEL_CASE,6,2740,5939.051,8984.000,true
baseline,1,positional_insert_placeholders,6,30174,675.655,1944.000,true
baseline,1,positional_in_expression,6,4832,4199.234,9760.000,true
baseline,1,mybatis_pagination,6,17901,1132.730,3808.000,true
baseline,1,named_in_16,6,6215,2286.758,7600.000,true
baseline,1,raw_pagination,6,20211,982.104,3400.000,true
baseline,1,raw_batch_64,6,818,27281.907,97344.000,false
baseline,1,positional_where_eq,6,22412,924.067,2664.000,true
baseline,1,positional_naming_UPPER_CAMEL_CASE,6,4624,4366.047,5888.000,true
baseline,1,raw_derived,6,2313,9993.212,15848.000,true
baseline,1,named_row_in,6,14326,1366.432,4016.000,true
baseline,1,positional_subquery_raw,6,34211,614.539,2272.000,true
baseline,1,positional_delete,6,64616,356.842,1504.000,true
baseline,1,raw_subquery_structured,6,15615,1470.996,4616.000,true
baseline,1,positional_dialect_Oracle,6,16973,967.713,3496.000,true
baseline,1,positional_in_256,6,4537,4876.218,9576.000,true
baseline,1,mybatis_delete,6,50280,451.901,1808.000,true
baseline,1,positional_select_expressions,6,10489,1974.259,2728.000,true
baseline,1,named_between,6,15681,1352.592,3800.000,true
baseline,1,named_join_on,6,12713,1712.224,4288.000,true
baseline,1,named_dialect_PostgreSQL,6,15339,1403.084,4144.000,true
baseline,1,mybatis_group_order,6,6215,3429.879,7264.000,true
baseline,1,positional_dialect_DB2,6,19714,1123.080,3544.000,true
baseline,1,positional_mixed_literals,6,13331,1216.555,2800.000,true
baseline,1,mybatis_insert_entity,6,23581,880.785,2456.000,true
baseline,1,raw_join_on,6,12076,1605.151,3952.000,true
baseline,1,mybatis_update_map,6,13291,1695.636,4200.000,true
baseline,1,raw_naming_SCREAMING_SNAKE_CASE,6,3967,5144.290,8856.000,true
baseline,1,mybatis_condition_only,6,3787,5458.912,7960.000,true
baseline,1,named_union_builder,6,1621,10657.372,17272.000,true
baseline,1,mybatis_update_chain_16,6,1595,13652.602,39936.000,true
baseline,1,positional_naming_CAMEL_CASE,6,6592,3205.340,4928.000,true
baseline,1,raw_where_16,6,4032,5327.108,8840.000,true
baseline,1,mybatis_naming_SCREAMING_SNAKE_CASE,6,3386,5826.285,9000.000,true
baseline,1,raw_naming_UPPER_CAMEL_CASE,6,3874,5361.590,8840.000,true
baseline,1,raw_repeated_names,6,935,23194.439,53896.000,true
baseline,1,positional_update_map,6,22437,1024.237,3024.000,true
baseline,1,positional_naming_NO_CHANGE,6,6640,3114.337,4928.000,true
baseline,1,named_where_16,6,3525,6341.362,10584.000,true
baseline,1,mybatis_union_raw,6,5814,3194.186,5200.000,true
baseline,1,positional_derived,6,997,9694.383,15296.000,true
baseline,1,named_naming_NO_CHANGE,6,4347,5088.406,9624.000,true
baseline,1,named_join_using,6,21432,1038.125,3512.000,true
baseline,1,named_naming_SCREAMING_SNAKE_CASE,6,3373,5903.439,10600.000,true
baseline,1,positional_batch_64,6,1303,19873.753,72176.000,true
baseline,1,positional_join_on,6,13132,1521.474,3832.000,true
baseline,1,raw_select_star,6,36301,329.214,1424.000,true
baseline,1,named_delete,6,46973,478.413,1960.000,true
baseline,1,positional_repeated_names,6,1159,15561.087,30360.000,true
baseline,1,positional_late_modifier,6,31977,700.306,2360.000,true
baseline,1,raw_union_builder,6,3055,5744.910,10160.000,true
baseline,1,named_retry_rollback,6,5342,5007.844,8264.000,true
baseline,1,named_dialect_DB2,6,11478,1361.091,4320.000,true
baseline,1,raw_mixed_literals,6,14278,1660.310,3192.000,true
baseline,1,positional_naming_KEBAB_CASE,6,4857,4137.595,5888.000,true
baseline,1,mybatis_subquery_raw,6,14216,585.685,2272.000,true
baseline,1,positional_in_1024,6,1555,14407.717,28504.000,true
baseline,1,raw_naming_NO_CHANGE,6,4483,4287.508,7880.000,true
baseline,1,named_in_expression,6,599,26218.197,90680.000,true
baseline,1,named_select_entity,6,37407,572.305,2000.000,true
baseline,1,mybatis_in_expression,6,892,24964.574,66656.000,true
baseline,1,mybatis_batch_beans,6,2949,7361.919,22080.000,true
baseline,1,positional_in_16,6,18390,861.495,2656.000,true
baseline,1,mybatis_in_256,6,658,23025.380,66616.000,true
baseline,1,mybatis_in_16,6,9496,2007.171,6128.000,true
baseline,1,mybatis_join_using,6,21730,957.193,3352.000,true
baseline,1,positional_between,6,19181,1119.994,3056.000,true
baseline,1,named_late_modifier,6,24097,917.977,2816.000,true
baseline,1,raw_insert_entity,6,26962,836.985,2176.000,false
baseline,1,mybatis_select_expressions,6,10331,2024.199,2728.000,true
baseline,1,mybatis_batch_64,6,376,35148.936,118896.000,true
baseline,1,named_in_17,6,6325,2162.324,7888.000,true
baseline,1,raw_in_1024,6,284,76133.451,220248.000,true
baseline,1,named_subquery_structured,6,11975,1776.476,5488.000,true
baseline,1,mybatis_subquery_structured,6,12623,1589.456,5232.000,true
baseline,1,named_batch_64,6,614,35971.010,134912.000,true
baseline,1,named_union_raw,6,5231,3314.930,5200.000,true
baseline,1,positional_update_chain_16,6,3055,7845.237,22360.000,true
baseline,1,raw_where_128,6,536,40298.134,56496.000,true
baseline,1,named_dialect_MySQL,6,11259,1268.905,4144.000,true
baseline,1,named_batch_4,6,7285,2871.064,9736.000,true
baseline,1,positional_where_16,6,5005,4226.673,5888.000,true
baseline,1,named_select_star,6,76148,300.598,1424.000,true
baseline,1,mybatis_late_modifier,6,25346,775.053,2656.000,true
baseline,1,mybatis_row_in,6,16003,1322.621,3608.000,true
baseline,1,named_naming_CAMEL_CASE,6,4228,5299.314,9624.000,true
baseline,1,raw_update_chain_16,6,2741,7996.935,25448.000,true
baseline,1,raw_in_16,6,12054,1725.676,5600.000,true
baseline,1,mybatis_join_on,6,10543,1579.807,4128.000,true
baseline,1,named_subquery_raw,6,22411,753.675,2272.000,true
baseline,1,mybatis_insert_placeholders,6,21482,1038.404,2584.000,true
baseline,1,raw_row_in,6,13215,1145.297,3136.000,true
baseline,1,named_repeated_names,6,828,25173.913,64920.000,true
baseline,1,mybatis_raw_expression,6,13470,1472.932,2624.000,true
baseline,1,mybatis_between,6,9442,1435.512,3544.000,true
baseline,1,raw_select_expressions,6,10271,1978.571,2728.000,true
baseline,1,raw_in_expression,6,938,20088.273,56616.000,true
baseline,1,named_derived,6,2088,10383.669,17800.000,true
baseline,1,positional_dialect_PostgreSQL,6,19002,1089.564,3360.000,true
baseline,1,mybatis_select_star,6,76064,273.116,1424.000,true
baseline,1,positional_condition_only,6,5371,3764.029,4872.000,true
baseline,1,mybatis_repeated_names,6,700,23220.143,52872.000,true
baseline,1,raw_subquery_raw,6,34158,603.449,2272.000,true
baseline,1,raw_where_eq,6,21430,980.467,2784.000,true
baseline,1,raw_batch_beans,6,2206,6206.301,16896.000,false
baseline,1,named_insert_placeholders,6,15376,1047.145,2920.000,true
baseline,1,named_insert_entity,6,24029,918.457,2760.000,true
baseline,1,mybatis_select_entity,6,26895,540.666,2000.000,true
baseline,1,raw_update_map,6,16458,1337.344,3592.000,false
baseline,1,positional_insert_entity,6,37599,645.911,1816.000,true
baseline,1,named_where_128,6,461,43942.516,71280.000,true
baseline,1,positional_batch_4,6,7408,1825.648,5968.000,true
baseline,1,positional_batch_beans,6,1789,3475.964,10464.000,true
baseline,1,named_naming_KEBAB_CASE,6,3381,6379.710,10584.000,true
baseline,1,named_in_256,6,476,25983.613,90712.000,true
baseline,1,named_dialect_Microsoft_SQL_Server,6,8995,1506.982,4320.000,true
baseline,1,mybatis_where_eq,6,21663,975.927,2960.000,true
baseline,1,raw_late_modifier,6,22071,775.425,2480.000,true
baseline,1,raw_select_columns,6,26018,817.038,1952.000,true
baseline,1,raw_naming_KEBAB_CASE,6,3923,5104.129,8840.000,true
baseline,1,mybatis_where_128,6,464,45815.517,58208.000,true
baseline,1,custom_handler_where,6,3481,6095.260,10616.000,true
baseline,1,raw_naming_CAMEL_CASE,6,5089,4228.964,7880.000,true
baseline,1,positional_naming_SCREAMING_SNAKE_CASE,6,4736,4246.833,5904.000,true
baseline,1,raw_in_17,6,11788,1796.683,5816.000,true
baseline,1,named_mixed_literals,6,13279,1573.899,3768.000,true
baseline,1,raw_select_entity,6,36920,570.661,2000.000,true
baseline,1,raw_nested,6,13811,1239.823,3280.000,true
baseline,1,mybatis_batch_4,6,7874,2947.396,8784.000,true
baseline,1,named_batch_beans,6,2687,8276.368,26064.000,true
baseline,1,positional_in_17,6,25208,939.234,2672.000,true
baseline,1,mybatis_where_16,6,3588,5805.713,8984.000,true
baseline,1,raw_raw_expression,6,13737,1620.638,2624.000,true
baseline,1,raw_group_order,6,3396,2940.636,6432.000,true
baseline,1,mybatis_insert_values,6,19570,1169.295,2744.000,true
baseline,1,mybatis_naming_NO_CHANGE,6,4493,4560.494,8024.000,true
baseline,1,named_select_expressions,6,6288,2073.108,2728.000,true
baseline,1,raw_join_using,6,22462,901.594,3176.000,true
baseline,1,positional_nested,6,14409,1228.232,2952.000,true
baseline,1,named_dialect_Oracle,6,16130,1267.973,4272.000,true
baseline,1,positional_join_using,6,20063,771.565,3056.000,true
baseline,1,named_update_chain_16,6,1374,15848.836,47000.000,true
baseline,1,positional_pagination,6,18777,924.551,3288.000,true
baseline,1,raw_delete,6,42549,416.720,1624.000,true
baseline,1,mybatis_select_columns,6,27081,779.768,1952.000,true
baseline,1,raw_insert_values,6,20088,1100.577,2464.000,false
baseline,1,positional_select_columns,6,26930,817.185,1952.000,true
baseline,1,positional_subquery_structured,6,14105,1489.933,4704.000,true
baseline,1,named_insert_values,6,18900,1083.074,3048.000,true
baseline,1,positional_insert_values,6,27087,833.263,2104.000,true
baseline,1,mybatis_derived,6,1802,10928.524,17144.000,true
baseline,1,named_select_columns,6,26676,773.744,1952.000,true
baseline,1,positional_select_star,6,80885,299.843,1424.000,true
baseline,1,positional_raw_expression,6,13616,1509.496,2624.000,true
baseline,1,custom_handler_union,6,1951,10553.460,16536.000,true
baseline,1,positional_group_order,6,6837,3332.266,6336.000,true
baseline,1,named_where_eq,6,13329,1021.419,3120.000,true
baseline,1,named_nested,6,15496,1331.402,3648.000,true
baseline,1,mybatis_in_1024,6,215,99326.512,256896.000,true
baseline,1,positional_union_builder,6,3689,5266.739,9768.000,true
baseline,1,named_raw_expression,6,13810,1551.528,2624.000,true
baseline,1,named_group_order,6,5615,3428.139,7688.000,true
baseline,1,positional_dialect_Microsoft_SQL_Server,6,16897,1303.569,3544.000,true
baseline,1,raw_condition_only,6,2521,4496.152,7816.000,true
baseline,1,named_pagination,6,17122,1306.144,4072.000,true
baseline,1,named_naming_UPPER_CAMEL_CASE,6,3434,6273.471,10584.000,true
baseline,1,mybatis_mixed_literals,6,14522,1468.296,3432.000,true
baseline,1,raw_between,6,10330,1241.733,3384.000,true
baseline,1,named_update_map,6,12752,1824.192,4752.000,true
baseline,1,mybatis_in_17,6,8643,2441.132,6344.000,true
baseline,1,raw_union_raw,6,6480,3631.806,5200.000,true
baseline,1,mybatis_naming_KEBAB_CASE,6,3596,5741.379,8984.000,true
baseline,1,positional_retry_rollback,6,7124,2748.105,5872.000,true
baseline,1,raw_insert_placeholders,6,28413,812.934,1944.000,true
baseline,1,raw_retry_rollback,6,6607,3400.923,6376.000,true
baseline,1,positional_union_raw,6,6744,3256.228,5200.000,true
baseline,1,raw_update_map,7,16458,1305.122,3592.000,false
baseline,1,mybatis_naming_CAMEL_CASE,7,4336,4929.313,8024.000,true
baseline,1,positional_update_map,7,22437,1056.434,3024.000,true
baseline,1,positional_dialect_MySQL,7,20484,1113.176,3360.000,true
baseline,1,mybatis_union_builder,7,1059,11679.131,16648.000,true
baseline,1,named_in_expression,7,599,24973.122,90680.000,true
baseline,1,named_join_using,7,21432,996.580,3512.000,true
baseline,1,named_select_expressions,7,6288,2069.513,2728.000,true
baseline,1,mybatis_raw_expression,7,13470,1574.610,2624.000,true
baseline,1,positional_select_columns,7,26930,836.784,1952.000,true
baseline,1,positional_where_16,7,5005,4157.622,5888.000,true
baseline,1,positional_in_256,7,4537,4641.151,9576.000,true
baseline,1,positional_delete,7,64616,342.025,1504.000,true
baseline,1,named_naming_NO_CHANGE,7,4347,4687.371,9624.000,true
baseline,1,raw_where_16,7,4032,5346.677,8840.000,true
baseline,1,mybatis_retry_rollback,7,2977,4498.220,7568.000,true
baseline,1,mybatis_where_128,7,464,45312.069,58208.000,true
baseline,1,positional_between,7,19181,1156.577,3056.000,true
baseline,1,raw_nested,7,13811,1321.729,3280.000,true
baseline,1,raw_row_in,7,13215,1184.336,3136.000,true
baseline,1,named_select_columns,7,26676,788.507,1952.000,true
baseline,1,positional_group_order,7,6837,3016.528,6336.000,true
baseline,1,raw_insert_entity,7,26962,860.745,2176.000,false
baseline,1,named_late_modifier,7,24097,769.561,2816.000,true
baseline,1,raw_in_1024,7,284,75746.127,220248.000,true
baseline,1,positional_late_modifier,7,31977,645.398,2360.000,true
baseline,1,mybatis_row_in,7,16003,1405.961,3608.000,true
baseline,1,raw_select_expressions,7,10271,2024.866,2728.000,true
baseline,1,raw_in_17,7,11788,1831.082,5816.000,true
baseline,1,mybatis_join_on,7,10543,1575.206,4128.000,true
baseline,1,named_row_in,7,14326,1406.073,4016.000,true
baseline,1,positional_pagination,7,18777,999.350,3288.000,true
baseline,1,mybatis_mixed_literals,7,14522,1458.966,3432.000,true
baseline,1,positional_where_eq,7,22412,888.051,2664.000,true
baseline,1,raw_select_columns,7,26018,826.612,1952.000,true
baseline,1,mybatis_in_expression,7,892,24273.430,66656.000,true
baseline,1,mybatis_group_order,7,6215,3255.495,7264.000,true
baseline,1,named_insert_values,7,18900,1154.646,3048.000,true
baseline,1,positional_naming_CAMEL_CASE,7,6592,3202.382,4928.000,true
baseline,1,positional_insert_placeholders,7,30174,709.485,1944.000,true
baseline,1,positional_raw_expression,7,13616,1684.636,2624.000,true
baseline,1,mybatis_condition_only,7,3787,5676.155,7960.000,true
baseline,1,raw_subquery_raw,7,34158,607.767,2272.000,true
baseline,1,positional_batch_4,7,7408,1993.264,5968.000,true
baseline,1,positional_row_in,7,22403,996.630,2624.000,true
baseline,1,raw_insert_values,7,20088,1057.278,2464.000,false
baseline,1,named_batch_beans,7,2687,8104.726,26064.000,true
baseline,1,named_nested,7,15496,1340.752,3648.000,true
baseline,1,positional_in_17,7,25208,946.513,2672.000,true
baseline,1,named_select_star,7,76148,299.584,1424.000,true
baseline,1,named_naming_SCREAMING_SNAKE_CASE,7,3373,6460.866,10600.000,true
baseline,1,mybatis_union_raw,7,5814,3898.658,5200.000,true
baseline,1,positional_retry_rollback,7,7124,2884.054,5872.000,true
baseline,1,mybatis_late_modifier,7,25346,753.571,2656.000,true
baseline,1,raw_update_chain_16,7,2741,7771.653,25448.000,true
baseline,1,mybatis_where_16,7,3588,5971.934,8984.000,true
baseline,1,positional_naming_UPPER_CAMEL_CASE,7,4624,4956.618,5888.000,true
baseline,1,raw_delete,7,42549,412.719,1624.000,true
baseline,1,named_insert_entity,7,24029,929.589,2760.000,true
baseline,1,mybatis_naming_UPPER_CAMEL_CASE,7,2740,7593.102,8984.000,true
baseline,1,positional_select_expressions,7,10489,2046.125,2728.000,true
baseline,1,mybatis_select_star,7,76064,278.008,1424.000,true
baseline,1,raw_pagination,7,20211,979.833,3400.000,true
baseline,1,positional_naming_SCREAMING_SNAKE_CASE,7,4736,4440.984,5904.000,true
baseline,1,named_between,7,15681,1367.948,3800.000,true
baseline,1,mybatis_select_expressions,7,10331,3006.389,2728.000,true
baseline,1,raw_batch_4,7,8212,2630.455,7584.000,false
baseline,1,mybatis_update_chain_16,7,1595,12867.962,39936.000,true
baseline,1,named_where_16,7,3525,6236.369,10584.000,true
baseline,1,raw_late_modifier,7,22071,676.825,2480.000,true
baseline,1,mybatis_repeated_names,7,700,24234.000,52872.000,true
baseline,1,raw_naming_KEBAB_CASE,7,3923,5097.247,8840.000,true
baseline,1,mybatis_pagination,7,17901,1145.003,3808.000,true
baseline,1,raw_naming_UPPER_CAMEL_CASE,7,3874,5420.754,8840.000,true
baseline,1,positional_dialect_Oracle,7,16973,967.772,3496.000,true
baseline,1,mybatis_update_map,7,13291,1707.990,4200.000,true
baseline,1,named_naming_UPPER_CAMEL_CASE,7,3434,6547.321,10584.000,true
baseline,1,positional_select_entity,7,36559,574.841,2000.000,true
baseline,1,named_subquery_raw,7,22411,621.829,2272.000,true
baseline,1,named_naming_KEBAB_CASE,7,3381,6150.370,10584.000,true
baseline,1,mybatis_select_entity,7,26895,606.142,2000.000,true
baseline,1,positional_dialect_PostgreSQL,7,19002,1112.804,3360.000,true
baseline,1,positional_repeated_names,7,1159,15741.501,30360.000,true
baseline,1,mybatis_naming_KEBAB_CASE,7,3596,6356.730,8984.000,true
baseline,1,raw_subquery_structured,7,15615,1504.355,4616.000,true
baseline,1,raw_group_order,7,3396,2913.575,6432.000,true
baseline,1,positional_in_16,7,18390,882.338,2656.000,true
baseline,1,mybatis_where_eq,7,21663,1038.379,2960.000,true
baseline,1,named_dialect_Microsoft_SQL_Server,7,8995,1425.058,4320.000,true
baseline,1,positional_mixed_literals,7,13331,1199.077,2800.000,true
baseline,1,mybatis_between,7,9442,1313.482,3544.000,true
baseline,1,named_dialect_DB2,7,11478,1411.352,4320.000,true
baseline,1,named_in_17,7,6325,2143.715,7888.000,true
baseline,1,mybatis_in_1024,7,215,99714.884,256896.000,true
baseline,1,raw_between,7,10330,1254.840,3384.000,true
baseline,1,mybatis_subquery_structured,7,12623,1652.737,5232.000,true
baseline,1,named_repeated_names,7,828,26629.710,64920.000,true
baseline,1,raw_join_using,7,22462,969.940,3176.000,true
baseline,1,named_group_order,7,5615,3532.787,7688.000,true
baseline,1,mybatis_derived,7,1802,11148.446,17144.000,true
baseline,1,named_in_256,7,476,25849.580,90712.000,true
baseline,1,named_where_128,7,461,47230.369,71280.000,true
baseline,1,raw_in_256,7,1098,18956.193,56640.000,true
baseline,1,positional_insert_entity,7,37599,589.056,1816.000,true
baseline,1,positional_derived,7,997,10598.395,15296.000,true
baseline,1,raw_naming_SCREAMING_SNAKE_CASE,7,3967,5560.121,8856.000,true
baseline,1,raw_naming_CAMEL_CASE,7,5089,4243.132,7880.000,true
baseline,1,raw_batch_64,7,818,27739.853,97344.000,false
baseline,1,mybatis_join_using,7,21730,953.037,3352.000,true
baseline,1,raw_in_expression,7,938,17759.275,56616.000,true
baseline,1,mybatis_naming_SCREAMING_SNAKE_CASE,7,3386,6385.735,9000.000,true
baseline,1,raw_repeated_names,7,935,21668.984,53896.000,true
baseline,1,positional_condition_only,7,5371,3724.446,4872.000,true
baseline,1,positional_naming_KEBAB_CASE,7,4857,4340.539,5888.000,true
baseline,1,positional_select_star,7,80885,280.523,1424.000,true
baseline,1,named_in_16,7,6215,2355.607,7600.000,true
baseline,1,raw_union_raw,7,6480,3830.880,5200.000,true
baseline,1,named_retry_rollback,7,5342,4205.672,8264.000,true
baseline,1,named_update_chain_16,7,1374,15918.923,47000.000,true
baseline,1,mybatis_insert_values,7,19570,1147.910,2744.000,true
baseline,1,mybatis_insert_placeholders,7,21482,1020.054,2584.000,true
baseline,1,positional_join_on,7,13132,1599.954,3832.000,true
baseline,1,named_where_eq,7,13329,972.736,3120.000,true
baseline,1,mybatis_nested,7,15099,1444.063,3416.000,true
baseline,1,named_dialect_PostgreSQL,7,15339,1329.741,4144.000,true
baseline,1,custom_handler_where,7,3481,5886.556,10616.000,true
baseline,1,positional_union_raw,7,6744,3481.791,5200.000,true
baseline,1,raw_where_128,7,536,41234.888,56496.000,true
baseline,1,named_batch_64,7,614,39755.212,134912.000,true
baseline,1,positional_update_chain_16,7,3055,6549.264,22360.000,true
baseline,1,named_pagination,7,17122,1237.139,4072.000,true
baseline,1,raw_retry_rollback,7,6607,3313.788,6376.000,true
baseline,1,mybatis_batch_64,7,376,32010.904,118896.000,true
baseline,1,mybatis_insert_entity,7,23581,932.039,2456.000,true
baseline,1,raw_join_on,7,12076,1665.518,3952.000,true
baseline,1,custom_handler_union,7,1951,11052.486,16536.000,true
baseline,1,named_dialect_Oracle,7,16130,1299.169,4272.000,true
baseline,1,raw_batch_beans,7,2206,6180.825,16896.000,false
baseline,1,mybatis_in_256,7,658,24410.638,66616.000,true
baseline,1,named_delete,7,46973,515.134,1960.000,true
baseline,1,raw_insert_placeholders,7,28413,747.992,1944.000,true
baseline,1,raw_where_eq,7,21430,1138.908,2784.000,true
baseline,1,raw_condition_only,7,2521,5072.313,7816.000,true
baseline,1,positional_insert_values,7,27087,833.038,2104.000,true
baseline,1,named_in_1024,7,124,127775.000,353216.000,true
baseline,1,positional_union_builder,7,3689,5314.611,9768.000,true
baseline,1,raw_naming_NO_CHANGE,7,4483,4307.071,7880.000,true
baseline,1,named_mixed_literals,7,13279,1465.645,3768.000,true
baseline,1,positional_dialect_Microsoft_SQL_Server,7,16897,1295.123,3544.000,true
baseline,1,raw_select_entity,7,36920,568.480,2000.000,true
baseline,1,named_naming_CAMEL_CASE,7,4228,5225.946,9624.000,true
baseline,1,positional_subquery_raw,7,34211,625.381,2272.000,true
baseline,1,mybatis_naming_NO_CHANGE,7,4493,4592.989,8024.000,true
baseline,1,named_insert_placeholders,7,15376,1084.781,2920.000,true
baseline,1,named_subquery_structured,7,11975,1783.056,5488.000,true
baseline,1,positional_subquery_structured,7,14105,1313.158,4704.000,true
baseline,1,raw_raw_expression,7,13737,1526.782,2624.000,true
baseline,1,raw_union_builder,7,3055,5538.887,10160.000,true
baseline,1,mybatis_delete,7,50280,455.724,1808.000,true
baseline,1,mybatis_batch_4,7,7874,2950.927,8784.000,true
baseline,1,named_union_builder,7,1621,11117.027,17272.000,true
baseline,1,named_derived,7,2088,10403.113,17800.000,true
baseline,1,mybatis_subquery_raw,7,14216,630.135,2272.000,true
baseline,1,positional_naming_NO_CHANGE,7,6640,3040.889,4928.000,true
baseline,1,positional_nested,7,14409,1367.229,2952.000,true
baseline,1,mybatis_in_16,7,9496,2051.274,6128.000,true
baseline,1,named_select_entity,7,37407,611.222,2000.000,true
baseline,1,mybatis_batch_beans,7,2949,7677.823,22080.000,true
baseline,1,positional_batch_beans,7,1789,3720.514,10464.000,true
baseline,1,named_join_on,7,12713,1766.428,4288.000,true
baseline,1,named_dialect_MySQL,7,11259,1397.335,4144.000,true
baseline,1,named_union_raw,7,5231,3376.276,5200.000,true
baseline,1,positional_in_1024,7,1555,13477.042,28504.000,true
baseline,1,named_batch_4,7,7285,3016.980,9736.000,true
baseline,1,positional_in_expression,7,4832,4574.338,9760.000,true
baseline,1,positional_batch_64,7,1303,18243.285,72176.000,true
baseline,1,named_raw_expression,7,13810,1520.521,2624.000,true
baseline,1,mybatis_in_17,7,8643,2124.540,6344.000,true
baseline,1,named_update_map,7,12752,1738.206,4752.000,true
baseline,1,positional_dialect_DB2,7,19714,1153.926,3544.000,true
baseline,1,raw_select_star,7,36301,294.783,1424.000,true
baseline,1,mybatis_select_columns,7,27081,747.362,1952.000,true
baseline,1,positional_where_128,7,672,33094.792,32808.000,true
baseline,1,named_condition_only,7,3830,5410.522,9560.000,true
baseline,1,raw_in_16,7,12054,1806.612,5600.000,true
baseline,1,raw_derived,7,2313,9774.060,15848.000,true
baseline,1,raw_mixed_literals,7,14278,1517.313,3192.000,true
baseline,1,positional_join_using,7,20063,900.932,3056.000,true
baseline,1,raw_insert_entity,8,26962,937.063,2176.000,false
baseline,1,named_update_chain_16,8,1374,15912.227,47000.000,true
baseline,1,positional_condition_only,8,5371,3998.939,4872.000,true
baseline,1,raw_in_17,8,11788,1799.618,5816.000,true
baseline,1,raw_select_entity,8,36920,527.738,2000.000,true
baseline,1,named_select_star,8,76148,290.835,1424.000,true
baseline,1,raw_retry_rollback,8,6607,3229.998,6376.000,true
baseline,1,raw_repeated_names,8,935,23284.385,53896.000,true
baseline,1,raw_between,8,10330,1229.932,3384.000,true
baseline,1,positional_derived,8,997,10703.711,15296.000,true
baseline,1,raw_delete,8,42549,434.285,1624.000,true
baseline,1,mybatis_pagination,8,17901,1099.799,3808.000,true
baseline,1,named_group_order,8,5615,3789.849,7688.000,true
baseline,1,raw_batch_beans,8,2206,5828.015,16896.000,false
baseline,1,positional_dialect_Oracle,8,16973,1045.189,3496.000,true
baseline,1,positional_where_128,8,672,32902.530,32808.000,true
baseline,1,mybatis_subquery_structured,8,12623,1705.862,5232.000,true
baseline,1,positional_naming_NO_CHANGE,8,6640,3310.331,4928.000,true
baseline,1,positional_dialect_Microsoft_SQL_Server,8,16897,1222.282,3544.000,true
baseline,1,named_dialect_MySQL,8,11259,1364.233,4144.000,true
baseline,1,positional_select_entity,8,36559,557.786,2000.000,true
baseline,1,raw_where_eq,8,21430,958.241,2784.000,true
baseline,1,positional_delete,8,64616,346.931,1504.000,true
baseline,1,mybatis_naming_KEBAB_CASE,8,3596,5598.081,8984.000,true
baseline,1,raw_late_modifier,8,22071,774.211,2480.000,true
baseline,1,mybatis_in_17,8,8643,2093.220,6344.000,true
baseline,1,named_where_16,8,3525,6119.887,10584.000,true
baseline,1,mybatis_insert_placeholders,8,21482,1000.424,2584.000,true
baseline,1,raw_update_map,8,16458,1675.720,3592.000,false
baseline,1,positional_insert_placeholders,8,30174,667.399,1944.000,true
baseline,1,mybatis_union_builder,8,1059,12041.926,16648.000,true
baseline,1,raw_subquery_raw,8,34158,642.939,2272.000,true
baseline,1,mybatis_where_16,8,3588,6178.818,8984.000,true
baseline,1,positional_batch_64,8,1303,17880.430,72176.000,true
baseline,1,raw_where_16,8,4032,6008.457,8840.000,true
baseline,1,mybatis_naming_SCREAMING_SNAKE_CASE,8,3386,5920.053,9000.000,true
baseline,1,positional_batch_4,8,7408,1810.772,5968.000,true
baseline,1,named_dialect_PostgreSQL,8,15339,1463.466,4144.000,true
baseline,1,positional_group_order,8,6837,2864.677,6336.000,true
baseline,1,raw_in_1024,8,284,80298.944,220248.000,true
baseline,1,raw_where_128,8,536,40243.657,56496.000,true
baseline,1,positional_naming_SCREAMING_SNAKE_CASE,8,4736,4464.295,5904.000,true
baseline,1,mybatis_update_map,8,13291,1521.985,4200.000,true
baseline,1,named_raw_expression,8,13810,1608.559,2624.000,true
baseline,1,named_where_eq,8,13329,974.477,3120.000,true
baseline,1,named_condition_only,8,3830,5417.311,9560.000,true
baseline,1,mybatis_late_modifier,8,25346,749.558,2656.000,true
baseline,1,raw_derived,8,2313,9436.489,15848.000,true
baseline,1,named_in_17,8,6325,2379.937,7888.000,true
baseline,1,named_subquery_raw,8,22411,692.870,2272.000,true
baseline,1,named_union_builder,8,1621,11565.577,17272.000,true
baseline,1,mybatis_insert_values,8,19570,1111.073,2744.000,true
baseline,1,named_select_columns,8,26676,857.164,1952.000,true
baseline,1,mybatis_derived,8,1802,11041.176,17144.000,true
baseline,1,named_repeated_names,8,828,28376.087,64920.000,true
baseline,1,mybatis_batch_beans,8,2949,7944.083,22080.000,true
baseline,1,named_late_modifier,8,24097,922.874,2816.000,true
baseline,1,mybatis_select_star,8,76064,293.078,1424.000,true
baseline,1,named_between,8,15681,1427.103,3800.000,true
baseline,1,raw_group_order,8,3396,2959.658,6432.000,true
baseline,1,positional_naming_UPPER_CAMEL_CASE,8,4624,4911.613,5888.000,true
baseline,1,raw_in_256,8,1098,19565.665,56640.000,true
baseline,1,positional_in_256,8,4537,4193.101,9576.000,true
baseline,1,positional_where_16,8,5005,4749.930,5888.000,true
baseline,1,raw_subquery_structured,8,15615,1397.541,4616.000,true
baseline,1,mybatis_condition_only,8,3787,6078.532,7960.000,true
baseline,1,positional_update_map,8,22437,1020.301,3024.000,true
baseline,1,raw_select_columns,8,26018,768.656,1952.000,true
baseline,1,mybatis_row_in,8,16003,1391.870,3608.000,true
baseline,1,positional_dialect_DB2,8,19714,1105.610,3544.000,true
baseline,1,raw_union_builder,8,3055,5471.588,10160.000,true
baseline,1,positional_mixed_literals,8,13331,1228.190,2800.000,true
baseline,1,raw_select_expressions,8,10271,2084.782,2728.000,true
baseline,1,mybatis_in_256,8,658,24881.307,66616.000,true
baseline,1,mybatis_union_raw,8,5814,3544.874,5200.000,true
baseline,1,mybatis_where_eq,8,21663,1016.129,2960.000,true
baseline,1,named_insert_entity,8,24029,908.323,2760.000,true
baseline,1,mybatis_mixed_literals,8,14522,1512.760,3432.000,true
baseline,1,raw_update_chain_16,8,2741,7986.611,25448.000,true
baseline,1,raw_insert_placeholders,8,28413,701.073,1944.000,true
baseline,1,mybatis_in_1024,8,215,101601.860,256896.000,true
baseline,1,named_naming_SCREAMING_SNAKE_CASE,8,3373,6035.666,10600.000,true
baseline,1,raw_batch_4,8,8212,2504.907,7584.000,false
baseline,1,mybatis_select_expressions,8,10331,2021.740,2728.000,true
baseline,1,named_where_128,8,461,46363.341,71280.000,true
baseline,1,mybatis_join_using,8,21730,969.885,3352.000,true
baseline,1,named_dialect_Microsoft_SQL_Server,8,8995,1577.387,4320.000,true
baseline,1,positional_nested,8,14409,1349.532,2952.000,true
baseline,1,named_in_256,8,476,26685.714,90712.000,true
baseline,1,named_in_16,8,6215,2839.662,7600.000,true
baseline,1,raw_raw_expression,8,13737,1516.823,2624.000,true
baseline,1,mybatis_naming_CAMEL_CASE,8,4336,5308.326,8024.000,true
baseline,1,mybatis_retry_rollback,8,2977,3527.410,7568.000,true
baseline,1,named_insert_values,8,18900,1309.656,3048.000,true
baseline,1,mybatis_select_entity,8,26895,564.276,2000.000,true
baseline,1,mybatis_delete,8,50280,444.063,1808.000,true
baseline,1,positional_insert_entity,8,37599,676.459,1816.000,true
baseline,1,mybatis_subquery_raw,8,14216,688.611,2272.000,true
baseline,1,positional_naming_KEBAB_CASE,8,4857,4296.541,5888.000,true
baseline,1,positional_update_chain_16,8,3055,7073.159,22360.000,true
baseline,1,named_naming_UPPER_CAMEL_CASE,8,3434,6152.009,10584.000,true
baseline,1,mybatis_raw_expression,8,13470,1597.275,2624.000,true
baseline,1,named_in_expression,8,599,27477.462,90680.000,true
baseline,1,named_mixed_literals,8,13279,1470.126,3768.000,true
baseline,1,positional_select_star,8,80885,295.349,1424.000,true
baseline,1,raw_join_on,8,12076,1574.520,3952.000,true
baseline,1,named_delete,8,46973,534.956,1960.000,true
baseline,1,raw_naming_SCREAMING_SNAKE_CASE,8,3967,5433.602,8856.000,true
baseline,1,named_pagination,8,17122,1292.875,4072.000,true
baseline,1,mybatis_batch_4,8,7874,2799.301,8784.000,true
baseline,1,positional_in_expression,8,4832,4597.910,9760.000,true
baseline,1,named_join_using,8,21432,1142.348,3512.000,true
baseline,1,named_select_entity,8,37407,734.432,2000.000,true
baseline,1,raw_batch_64,8,818,30200.122,97344.000,false
baseline,1,raw_row_in,8,13215,1385.796,3136.000,true
baseline,1,raw_in_expression,8,938,17871.002,56616.000,true
baseline,1,raw_insert_values,8,20088,1076.478,2464.000,false
baseline,1,positional_in_17,8,25208,880.336,2672.000,true
baseline,1,positional_subquery_structured,8,14105,1438.306,4704.000,true
baseline,1,positional_union_raw,8,6744,3342.601,5200.000,true
baseline,1,mybatis_where_128,8,464,45695.474,58208.000,true
baseline,1,raw_naming_UPPER_CAMEL_CASE,8,3874,5232.705,8840.000,true
baseline,1,named_row_in,8,14326,1515.734,4016.000,true
baseline,1,raw_join_using,8,22462,958.187,3176.000,true
baseline,1,named_dialect_DB2,8,11478,1294.799,4320.000,true
baseline,1,positional_batch_beans,8,1789,3611.403,10464.000,true
baseline,1,named_nested,8,15496,1488.907,3648.000,true
baseline,1,positional_retry_rollback,8,7124,3514.935,5872.000,true
baseline,1,raw_union_raw,8,6480,3208.040,5200.000,true
baseline,1,named_batch_beans,8,2687,8450.577,26064.000,true
baseline,1,raw_mixed_literals,8,14278,1569.407,3192.000,true
baseline,1,positional_join_using,8,20063,853.885,3056.000,true
baseline,1,named_retry_rollback,8,5342,4720.592,8264.000,true
baseline,1,positional_in_1024,8,1555,14409.839,28504.000,true
baseline,1,named_naming_NO_CHANGE,8,4347,4671.889,9624.000,true
baseline,1,named_select_expressions,8,6288,2057.554,2728.000,true
baseline,1,positional_union_builder,8,3689,5705.720,9768.000,true
baseline,1,mybatis_join_on,8,10543,1681.523,4128.000,true
baseline,1,mybatis_repeated_names,8,700,26234.571,52872.000,true
baseline,1,positional_between,8,19181,1103.514,3056.000,true
baseline,1,positional_repeated_names,8,1159,14923.123,30360.000,true
baseline,1,named_union_raw,8,5231,3220.436,5200.000,true
baseline,1,positional_raw_expression,8,13616,1573.303,2624.000,true
baseline,1,positional_where_eq,8,22412,926.954,2664.000,true
baseline,1,mybatis_update_chain_16,8,1595,12685.580,39936.000,true
baseline,1,mybatis_group_order,8,6215,3630.185,7264.000,true
baseline,1,positional_subquery_raw,8,34211,590.638,2272.000,true
baseline,1,raw_nested,8,13811,1288.241,3280.000,true
baseline,1,raw_naming_CAMEL_CASE,8,5089,4419.611,7880.000,true
baseline,1,mybatis_batch_64,8,376,36043.085,118896.000,true
baseline,1,named_subquery_structured,8,11975,1721.503,5488.000,true
baseline,1,raw_in_16,8,12054,1753.824,5600.000,true
baseline,1,mybatis_nested,8,15099,1367.018,3416.000,true
baseline,1,mybatis_select_columns,8,27081,822.654,1952.000,true
baseline,1,positional_row_in,8,22403,961.487,2624.000,true
baseline,1,positional_dialect_MySQL,8,20484,1109.183,3360.000,true
baseline,1,raw_naming_KEBAB_CASE,8,3923,5555.136,8840.000,true
baseline,1,mybatis_in_expression,8,892,22332.287,66656.000,true
baseline,1,named_batch_64,8,614,37671.661,134912.000,true
baseline,1,named_update_map,8,12752,1776.592,4752.000,true
baseline,1,named_naming_KEBAB_CASE,8,3381,6279.828,10584.000,true
baseline,1,mybatis_between,8,9442,1311.396,3544.000,true
baseline,1,raw_naming_NO_CHANGE,8,4483,4179.478,7880.000,true
baseline,1,positional_dialect_PostgreSQL,8,19002,1077.471,3360.000,true
baseline,1,positional_in_16,8,18390,858.271,2656.000,true
baseline,1,named_naming_CAMEL_CASE,8,4228,5202.862,9624.000,true
baseline,1,mybatis_in_16,8,9496,2068.966,6128.000,true
baseline,1,positional_select_columns,8,26930,789.621,1952.000,true
baseline,1,mybatis_insert_entity,8,23581,927.666,2456.000,true
baseline,1,positional_naming_CAMEL_CASE,8,6592,3098.346,4928.000,true
baseline,1,named_dialect_Oracle,8,16130,1307.130,4272.000,true
baseline,1,named_join_on,8,12713,1786.691,4288.000,true
baseline,1,custom_handler_union,8,1951,11056.330,16536.000,true
baseline,1,named_insert_placeholders,8,15376,1030.834,2920.000,true
baseline,1,raw_condition_only,8,2521,4549.504,7816.000,true
baseline,1,named_in_1024,8,124,138279.839,353216.000,true
baseline,1,positional_select_expressions,8,10489,2145.152,2728.000,true
baseline,1,positional_pagination,8,18777,947.564,3288.000,true
baseline,1,named_derived,8,2088,10708.812,17800.000,true
baseline,1,custom_handler_where,8,3481,6368.113,10616.000,true
baseline,1,mybatis_naming_UPPER_CAMEL_CASE,8,2740,6219.051,8984.000,true
baseline,1,raw_pagination,8,20211,1030.276,3400.000,true
baseline,1,positional_late_modifier,8,31977,659.158,2360.000,true
baseline,1,positional_join_on,8,13132,1562.489,3832.000,true
baseline,1,positional_insert_values,8,27087,866.541,2104.000,true
baseline,1,named_batch_4,8,7285,3091.187,9736.000,true
baseline,1,raw_select_star,8,36301,344.277,1424.000,true
baseline,1,mybatis_naming_NO_CHANGE,8,4493,4656.755,8024.000,true
baseline,1,positional_update_map,9,22437,1051.005,3024.000,true
baseline,1,positional_select_columns,9,26930,862.113,1952.000,true
baseline,1,positional_insert_values,9,27087,779.053,2104.000,true
baseline,1,positional_pagination,9,18777,1042.057,3288.000,true
baseline,1,raw_insert_values,9,20088,1087.610,2464.000,false
baseline,1,named_select_expressions,9,6288,1964.170,2728.000,true
baseline,1,named_derived,9,2088,10500.575,17800.000,true
baseline,1,raw_in_17,9,11788,1784.527,5816.000,true
baseline,1,positional_dialect_Oracle,9,16973,1128.121,3496.000,true
baseline,1,mybatis_in_16,9,9496,1979.339,6128.000,true
baseline,1,named_row_in,9,14326,1460.498,4016.000,true
baseline,1,mybatis_select_columns,9,27081,792.903,1952.000,true
baseline,1,mybatis_naming_KEBAB_CASE,9,3596,5982.175,8984.000,true
baseline,1,positional_join_on,9,13132,1533.970,3832.000,true
baseline,1,positional_insert_entity,9,37599,669.864,1816.000,true
baseline,1,mybatis_join_on,9,10543,1728.749,4128.000,true
baseline,1,named_subquery_structured,9,11975,1823.173,5488.000,true
baseline,1,mybatis_naming_NO_CHANGE,9,4493,4607.723,8024.000,true
baseline,1,named_select_entity,9,37407,595.068,2000.000,true
baseline,1,mybatis_where_128,9,464,44584.267,58208.000,true
baseline,1,named_delete,9,46973,459.604,1960.000,true
baseline,1,positional_batch_4,9,7408,1835.867,5968.000,true
baseline,1,mybatis_subquery_raw,9,14216,575.056,2272.000,true
baseline,1,mybatis_naming_SCREAMING_SNAKE_CASE,9,3386,6237.183,9000.000,true
baseline,1,raw_batch_beans,9,2206,5991.704,16896.000,false
baseline,1,positional_where_16,9,5005,4560.380,5888.000,true
baseline,1,named_in_expression,9,599,26127.713,90680.000,true
baseline,1,mybatis_repeated_names,9,700,24198.429,52872.000,true
baseline,1,positional_condition_only,9,5371,3703.016,4872.000,true
baseline,1,raw_mixed_literals,9,14278,1551.849,3192.000,true
baseline,1,named_naming_KEBAB_CASE,9,3381,6040.787,10584.000,true
baseline,1,named_retry_rollback,9,5342,4276.170,8264.000,true
baseline,1,named_dialect_DB2,9,11478,1295.426,4320.000,true
baseline,1,raw_between,9,10330,1263.214,3384.000,true
baseline,1,named_update_map,9,12752,1662.022,4752.000,true
baseline,1,named_late_modifier,9,24097,768.502,2816.000,true
baseline,1,named_where_eq,9,13329,1014.172,3120.000,true
baseline,1,named_insert_entity,9,24029,907.175,2760.000,true
baseline,1,named_where_16,9,3525,5773.589,10584.000,true
baseline,1,named_naming_SCREAMING_SNAKE_CASE,9,3373,6152.891,10600.000,true
baseline,1,raw_nested,9,13811,1294.751,3280.000,true
baseline,1,raw_naming_UPPER_CAMEL_CASE,9,3874,5509.138,8840.000,true
baseline,1,mybatis_in_17,9,8643,2106.317,6344.000,true
baseline,1,positional_group_order,9,6837,3084.672,6336.000,true
baseline,1,positional_in_16,9,18390,879.233,2656.000,true
baseline,1,named_batch_4,9,7285,3081.441,9736.000,true
baseline,1,raw_batch_4,9,8212,2471.529,7584.000,false
baseline,1,raw_naming_NO_CHANGE,9,4483,4127.660,7880.000,true
baseline,1,mybatis_insert_values,9,19570,1060.153,2744.000,true
baseline,1,named_where_128,9,461,47424.512,71280.000,true
baseline,1,mybatis_row_in,9,16003,1353.040,3608.000,true
baseline,1,raw_in_1024,9,284,71452.113,220248.000,true
baseline,1,mybatis_nested,9,15099,1391.953,3416.000,true
baseline,1,named_raw_expression,9,13810,1553.164,2624.000,true
baseline,1,named_in_17,9,6325,2124.206,7888.000,true
baseline,1,named_join_on,9,12713,1755.085,4288.000,true
baseline,1,positional_delete,9,64616,364.981,1504.000,true
baseline,1,named_join_using,9,21432,997.088,3512.000,true
baseline,1,named_in_16,9,6215,2240.692,7600.000,true
baseline,1,mybatis_select_entity,9,26895,567.373,2000.000,true
baseline,1,named_dialect_MySQL,9,11259,1344.587,4144.000,true
baseline,1,raw_union_builder,9,3055,5457.480,10160.000,true
baseline,1,raw_select_star,9,36301,322.834,1424.000,true
baseline,1,mybatis_pagination,9,17901,1152.969,3808.000,true
baseline,1,named_repeated_names,9,828,29783.937,64920.000,true
baseline,1,positional_row_in,9,22403,919.122,2624.000,true
baseline,1,raw_retry_rollback,9,6607,3294.824,6376.000,true
baseline,1,mybatis_delete,9,50280,478.220,1808.000,true
baseline,1,raw_batch_64,9,818,27587.164,97344.000,false
baseline,1,positional_union_builder,9,3689,5459.854,9768.000,true
baseline,1,mybatis_join_using,9,21730,968.150,3352.000,true
baseline,1,named_mixed_literals,9,13279,1527.818,3768.000,true
baseline,1,mybatis_between,9,9442,1278.839,3544.000,true
baseline,1,mybatis_in_1024,9,215,99248.372,256896.000,true
baseline,1,custom_handler_union,9,1951,11235.469,16536.000,true
baseline,1,raw_update_chain_16,9,2741,7450.967,25448.000,true
baseline,1,named_condition_only,9,3830,6509.869,9560.000,true
baseline,1,mybatis_derived,9,1802,11487.791,17144.000,true
baseline,1,mybatis_in_256,9,658,23835.410,66616.000,true
baseline,1,positional_dialect_PostgreSQL,9,19002,1053.184,3360.000,true
baseline,1,named_dialect_PostgreSQL,9,15339,1267.938,4144.000,true
baseline,1,positional_naming_KEBAB_CASE,9,4857,5038.583,5888.000,true
baseline,1,raw_raw_expression,9,13737,1512.150,2624.000,true
baseline,1,raw_in_expression,9,938,19131.130,56616.000,true
baseline,1,raw_insert_placeholders,9,28413,666.054,1944.000,true
baseline,1,positional_where_eq,9,22412,868.825,2664.000,true
baseline,1,named_between,9,15681,1355.003,3800.000,true
baseline,1,raw_subquery_raw,9,34158,611.576,2272.000,true
baseline,1,raw_pagination,9,20211,986.651,3400.000,true
baseline,1,named_dialect_Microsoft_SQL_Server,9,8995,1741.790,4320.000,true
baseline,1,mybatis_retry_rollback,9,2977,3816.930,7568.000,true
baseline,1,mybatis_group_order,9,6215,3271.730,7264.000,true
baseline,1,positional_batch_64,9,1303,17990.867,72176.000,true
baseline,1,named_update_chain_16,9,1374,15056.841,47000.000,true
baseline,1,raw_insert_entity,9,26962,874.279,2176.000,false
baseline,1,mybatis_raw_expression,9,13470,1595.182,2624.000,true
baseline,1,named_pagination,9,17122,1145.339,4072.000,true
baseline,1,mybatis_in_expression,9,892,22147.870,66656.000,true
baseline,1,positional_retry_rollback,9,7124,3382.580,5872.000,true
baseline,1,positional_naming_CAMEL_CASE,9,6592,3193.356,4928.000,true
baseline,1,raw_where_128,9,536,40507.836,56496.000,true
baseline,1,raw_in_256,9,1098,18494.536,56640.000,true
baseline,1,positional_update_chain_16,9,3055,6174.664,22360.000,true
baseline,1,positional_nested,9,14409,1229.634,2952.000,true
baseline,1,raw_where_16,9,4032,5080.655,8840.000,true
baseline,1,mybatis_where_16,9,3588,6046.433,8984.000,true
baseline,1,raw_condition_only,9,2521,4841.848,7816.000,true
baseline,1,raw_derived,9,2313,9690.489,15848.000,true
baseline,1,mybatis_union_builder,9,1059,13183.097,16648.000,true
baseline,1,raw_delete,9,42549,448.170,1624.000,true
baseline,1,raw_subquery_structured,9,15615,1372.943,4616.000,true
baseline,1,positional_dialect_DB2,9,19714,1074.120,3544.000,true
baseline,1,positional_naming_SCREAMING_SNAKE_CASE,9,4736,4499.240,5904.000,true
baseline,1,positional_naming_UPPER_CAMEL_CASE,9,4624,4367.042,5888.000,true
baseline,1,raw_join_using,9,22462,927.718,3176.000,true
baseline,1,positional_select_star,9,80885,286.377,1424.000,true
baseline,1,positional_in_expression,9,4832,4252.007,9760.000,true
baseline,1,named_insert_placeholders,9,15376,1128.935,2920.000,true
baseline,1,positional_in_17,9,25208,875.286,2672.000,true
baseline,1,mybatis_condition_only,9,3787,6374.756,7960.000,true
baseline,1,positional_between,9,19181,1117.564,3056.000,true
baseline,1,named_nested,9,15496,1430.750,3648.000,true
baseline,1,mybatis_insert_entity,9,23581,1030.826,2456.000,true
baseline,1,positional_late_modifier,9,31977,890.443,2360.000,true
baseline,1,positional_select_entity,9,36559,685.607,2000.000,true
baseline,1,positional_insert_placeholders,9,30174,714.310,1944.000,true
baseline,1,positional_mixed_literals,9,13331,1185.612,2800.000,true
baseline,1,positional_subquery_raw,9,34211,677.601,2272.000,true
baseline,1,mybatis_batch_64,9,376,34080.851,118896.000,true
baseline,1,positional_join_using,9,20063,1089.438,3056.000,true
baseline,1,positional_naming_NO_CHANGE,9,6640,3717.364,4928.000,true
baseline,1,raw_union_raw,9,6480,3468.981,5200.000,true
baseline,1,mybatis_update_map,9,13291,1691.227,4200.000,true
baseline,1,raw_naming_KEBAB_CASE,9,3923,5106.169,8840.000,true
baseline,1,positional_select_expressions,9,10489,2179.674,2728.000,true
baseline,1,named_select_star,9,76148,345.567,1424.000,true
baseline,1,mybatis_select_expressions,9,10331,2305.498,2728.000,true
baseline,1,positional_repeated_names,9,1159,15226.316,30360.000,true
baseline,1,positional_in_256,9,4537,4981.618,9576.000,true
baseline,1,raw_late_modifier,9,22071,1032.984,2480.000,true
baseline,1,mybatis_select_star,9,76064,294.050,1424.000,true
baseline,1,mybatis_batch_4,9,7874,2721.146,8784.000,true
baseline,1,positional_subquery_structured,9,14105,1366.352,4704.000,true
baseline,1,mybatis_naming_UPPER_CAMEL_CASE,9,2740,6702.263,8984.000,true
baseline,1,raw_join_on,9,12076,1605.035,3952.000,true
baseline,1,named_in_1024,9,124,130099.194,353216.000,true
baseline,1,raw_select_expressions,9,10271,2072.836,2728.000,true
baseline,1,named_group_order,9,5615,4131.683,7688.000,true
baseline,1,named_union_raw,9,5231,3290.939,5200.000,true
baseline,1,raw_select_entity,9,36920,553.405,2000.000,true
baseline,1,raw_naming_SCREAMING_SNAKE_CASE,9,3967,5272.599,8856.000,true
baseline,1,positional_raw_expression,9,13616,1573.472,2624.000,true
baseline,1,mybatis_union_raw,9,5814,3514.465,5200.000,true
baseline,1,raw_naming_CAMEL_CASE,9,5089,4216.487,7880.000,true
baseline,1,positional_derived,9,997,9275.326,15296.000,true
baseline,1,mybatis_where_eq,9,21663,1091.677,2960.000,true
baseline,1,named_batch_beans,9,2687,7862.300,26064.000,true
baseline,1,positional_dialect_Microsoft_SQL_Server,9,16897,1271.569,3544.000,true
baseline,1,mybatis_insert_placeholders,9,21482,981.100,2584.000,true
baseline,1,mybatis_naming_CAMEL_CASE,9,4336,4945.480,8024.000,true
baseline,1,named_dialect_Oracle,9,16130,1614.290,4272.000,true
baseline,1,mybatis_subquery_structured,9,12623,1711.796,5232.000,true
baseline,1,named_naming_UPPER_CAMEL_CASE,9,3434,6411.037,10584.000,true
baseline,1,positional_union_raw,9,6744,3245.715,5200.000,true
baseline,1,raw_repeated_names,9,935,22405.882,53896.000,true
baseline,1,named_subquery_raw,9,22411,628.049,2272.000,true
baseline,1,raw_in_16,9,12054,1789.821,5600.000,true
baseline,1,named_insert_values,9,18900,1160.222,3048.000,true
baseline,1,positional_where_128,9,672,32945.833,32808.000,true
baseline,1,raw_update_map,9,16458,1345.072,3592.000,false
baseline,1,named_naming_NO_CHANGE,9,4347,5062.618,9624.000,true
baseline,1,mybatis_mixed_literals,9,14522,1438.486,3432.000,true
baseline,1,custom_handler_where,9,3481,6922.206,10616.000,true
baseline,1,mybatis_update_chain_16,9,1595,16794.107,39936.000,true
baseline,1,raw_where_eq,9,21430,987.788,2784.000,true
baseline,1,named_naming_CAMEL_CASE,9,4228,5445.672,9624.000,true
baseline,1,named_in_256,9,476,38150.840,90712.000,true
baseline,1,positional_batch_beans,9,1789,3910.509,10464.000,true
baseline,1,positional_in_1024,9,1555,13716.206,28504.000,true
baseline,1,named_batch_64,9,614,36348.046,134912.000,true
baseline,1,raw_select_columns,9,26018,832.585,1952.000,true
baseline,1,named_union_builder,9,1621,10342.936,17272.000,true
baseline,1,mybatis_batch_beans,9,2949,7417.531,22080.000,true
baseline,1,named_select_columns,9,26676,806.661,1952.000,true
baseline,1,mybatis_late_modifier,9,25346,878.620,2656.000,true
baseline,1,raw_row_in,9,13215,1181.635,3136.000,true
baseline,1,raw_group_order,9,3396,2986.484,6432.000,true
baseline,1,positional_dialect_MySQL,9,20484,1088.186,3360.000,true
