version,fork,case,round,operations,ns_per_op,bytes_per_op,equivalent
current,1,mybatis_where_128,1,706,39628.329,34848.000,true
current,1,mybatis_raw_expression,1,20606,1507.357,1744.000,true
current,1,mybatis_between,1,12954,1776.401,2344.000,true
current,1,named_dialect_MySQL,1,6108,1361.919,2408.000,true
current,1,named_pagination,1,21912,1078.605,2384.000,true
current,1,positional_union_builder,1,5059,2673.177,3920.000,true
current,1,raw_between,1,16041,1004.576,1648.000,true
current,1,named_naming_KEBAB_CASE,1,4470,5291.387,6936.000,true
current,1,named_update_chain_16,1,2280,13897.763,24072.000,true
current,1,raw_subquery_structured,1,14281,1128.471,2720.000,true
current,1,mybatis_subquery_raw,1,22795,574.968,1344.000,true
current,1,positional_in_1024,1,4001,7132.192,20800.000,true
current,1,named_retry_rollback,1,6519,4095.812,5304.000,true
current,1,named_dialect_Oracle,1,11079,1735.689,2584.000,true
current,1,named_mixed_literals,1,20265,1454.730,2416.000,true
current,1,raw_raw_expression,1,20587,1434.104,1744.000,true
current,1,named_dialect_DB2,1,12056,1650.382,2584.000,true
current,1,mybatis_join_on,1,16009,2023.187,2648.000,true
current,1,positional_naming_CAMEL_CASE,1,9207,2929.782,1880.000,true
current,1,raw_condition_only,1,8321,3242.231,2720.000,true
current,1,raw_insert_placeholders,1,46469,558.652,1208.000,true
current,1,raw_repeated_names,1,1031,16325.509,14152.000,true
current,1,positional_dialect_PostgreSQL,1,16738,1151.954,1848.000,true
current,1,raw_insert_values,1,20696,719.791,1536.000,true
current,1,raw_late_modifier,1,40151,743.585,1344.000,true
current,1,raw_update_map,1,17970,1172.749,1960.000,true
current,1,mybatis_update_map,1,10078,1176.126,2512.000,true
current,1,named_subquery_structured,1,15042,1824.053,3568.000,true
current,1,named_insert_values,1,26556,988.937,2176.000,true
current,1,mybatis_select_star,1,108500,250.036,880.000,true
current,1,mybatis_repeated_names,1,754,19870.424,30536.000,true
current,1,mybatis_insert_placeholders,1,17895,794.574,1616.000,true
current,1,positional_mixed_literals,1,24008,1110.909,1696.000,true
current,1,positional_update_chain_16,1,4504,5351.532,14560.000,true
current,1,raw_batch_4,1,10280,1636.722,3432.000,true
current,1,positional_dialect_MySQL,1,13426,952.853,1848.000,true
current,1,mybatis_retry_rollback,1,3360,4106.637,4784.000,true
current,1,positional_where_eq,1,23740,1010.472,1592.000,true
current,1,positional_batch_64,1,2042,12831.342,25496.000,true
current,1,positional_between,1,24427,989.958,1736.000,true
current,1,named_join_using,1,24062,1172.745,2136.000,true
current,1,named_between,1,19700,1361.183,2600.000,true
current,1,raw_in_16,1,16893,860.569,1344.000,true
current,1,positional_naming_KEBAB_CASE,1,4616,3986.633,3648.000,true
current,1,named_naming_UPPER_CAMEL_CASE,1,3000,11839.100,6664.000,true
current,1,mybatis_in_17,1,8070,2639.430,4192.000,true
current,1,named_dialect_PostgreSQL,1,5446,1871.906,2408.000,true
current,1,mybatis_pagination,1,9224,1544.189,2152.000,true
current,1,mybatis_naming_SCREAMING_SNAKE_CASE,1,4080,5677.500,5352.000,true
current,1,positional_dialect_DB2,1,15475,1022.753,2032.000,true
current,1,mybatis_in_1024,1,178,113248.315,182240.000,true
current,1,named_in_17,1,12463,2615.285,5736.000,true
current,1,raw_pagination,1,19029,1259.168,1712.000,true
current,1,custom_handler_union,1,3502,7982.696,7248.000,true
current,1,mybatis_select_expressions,1,7566,2603.767,1936.000,true
current,1,raw_select_entity,1,8892,1014.316,1304.000,true
current,1,positional_naming_SCREAMING_SNAKE_CASE,1,5976,4495.549,3664.000,true
current,1,positional_group_order,1,14043,2333.810,3112.000,true
current,1,positional_batch_beans,1,4921,3771.408,6984.000,true
current,1,named_in_16,1,12510,2602.222,5520.000,true
current,1,named_select_expressions,1,14312,2025.098,1936.000,true
current,1,positional_raw_expression,1,21292,1096.957,1744.000,true
current,1,named_row_in,1,20691,1503.137,2680.000,true
current,1,custom_handler_where,1,2824,7341.962,6968.000,true
current,1,mybatis_nested,1,15489,1513.384,2024.000,true
current,1,raw_in_expression,1,2610,8367.854,3712.000,true
current,1,raw_where_16,1,2928,4626.059,3272.000,true
current,1,raw_select_expressions,1,10537,2865.351,1936.000,true
current,1,mybatis_insert_entity,1,13774,1201.583,1568.000,true
current,1,mybatis_union_builder,1,2601,6257.555,6768.000,true
current,1,raw_union_builder,1,7484,2561.344,3704.000,true
current,1,positional_naming_NO_CHANGE,1,7999,2435.204,1880.000,true
current,1,mybatis_naming_CAMEL_CASE,1,5992,4134.746,3568.000,true
current,1,positional_insert_placeholders,1,43499,610.750,1208.000,true
current,1,positional_select_columns,1,38533,1061.223,1216.000,true
current,1,positional_update_map,1,29160,1432.178,1872.000,true
current,1,positional_naming_UPPER_CAMEL_CASE,1,4506,5556.281,3376.000,true
current,1,raw_join_on,1,9442,1614.594,2336.000,true
current,1,positional_union_raw,1,19907,1443.708,1472.000,true
current,1,named_insert_placeholders,1,11453,1167.161,1920.000,true
current,1,raw_batch_64,1,1772,19542.946,32232.000,true
current,1,named_in_256,1,668,26741.168,71352.000,true
current,1,positional_delete,1,49265,400.063,1000.000,true
current,1,positional_insert_values,1,27152,817.859,1464.000,true
current,1,positional_late_modifier,1,44098,670.427,1432.000,true
current,1,positional_in_16,1,31577,1201.571,1728.000,true
current,1,named_union_raw,1,20711,1690.063,1472.000,true
current,1,named_condition_only,1,5765,5755.976,6384.000,true
current,1,named_union_builder,1,5305,5692.516,6792.000,true
current,1,named_naming_CAMEL_CASE,1,3580,4770.447,5168.000,true
current,1,positional_dialect_Oracle,1,26362,1228.875,2032.000,true
current,1,positional_join_using,1,31094,1082.659,1752.000,true
current,1,named_late_modifier,1,36025,749.599,1816.000,true
current,1,mybatis_insert_values,1,12819,1095.046,1840.000,true
current,1,positional_subquery_raw,1,23675,641.246,1344.000,true
current,1,named_nested,1,20202,1407.088,2256.000,true
current,1,named_update_map,1,18353,1229.712,2976.000,true
current,1,raw_derived,1,3872,3426.653,5216.000,true
current,1,mybatis_naming_KEBAB_CASE,1,4899,5440.192,5336.000,true
current,1,positional_select_expressions,1,13787,1743.817,1936.000,true
current,1,raw_in_256,1,3485,3985.280,2464.000,true
current,1,named_select_entity,1,38530,567.488,1304.000,true
current,1,raw_subquery_raw,1,18894,532.561,1344.000,true
current,1,mybatis_condition_only,1,4621,3608.093,4784.000,true
current,1,raw_nested,1,6277,923.132,1616.000,true
current,1,named_select_star,1,64166,220.481,880.000,true
current,1,raw_naming_NO_CHANGE,1,4406,1986.655,1504.000,true
current,1,named_batch_beans,1,3403,7028.387,18616.000,true
current,1,named_where_128,1,663,30566.214,47920.000,true
current,1,positional_condition_only,1,8092,2468.450,3104.000,true
current,1,raw_update_chain_16,1,4212,5011.159,13856.000,true
current,1,raw_mixed_literals,1,11524,1075.738,1864.000,true
current,1,raw_naming_KEBAB_CASE,1,4148,3157.546,3272.000,true
current,1,raw_insert_entity,1,33326,570.392,1264.000,true
current,1,raw_group_order,1,10317,1497.916,2952.000,true
current,1,named_naming_NO_CHANGE,1,2565,2849.786,5168.000,true
current,1,mybatis_join_using,1,25448,739.893,1976.000,true
current,1,named_where_16,1,4488,4683.601,6936.000,true
current,1,positional_select_entity,1,44262,510.399,1304.000,true
current,1,named_delete,1,62045,346.310,1384.000,true
current,1,positional_where_128,1,971,21622.657,20712.000,true
current,1,positional_join_on,1,20346,1169.247,2424.000,true
current,1,raw_where_eq,1,14218,663.216,1504.000,true
current,1,raw_union_raw,1,12134,1064.233,1472.000,true
current,1,mybatis_where_16,1,3220,4175.932,5336.000,true
current,1,mybatis_update_chain_16,1,1621,8272.980,21304.000,true
current,1,mybatis_select_entity,1,42706,470.140,1304.000,true
current,1,named_repeated_names,1,1063,19417.027,42584.000,true
current,1,named_join_on,1,17272,1222.603,2808.000,true
current,1,positional_retry_rollback,1,6299,2763.804,3864.000,true
current,1,named_subquery_raw,1,34592,467.134,1344.000,true
current,1,mybatis_in_16,1,6587,1773.326,4048.000,true
current,1,named_insert_entity,1,28874,861.585,1904.000,true
current,1,mybatis_late_modifier,1,17073,585.363,1656.000,true
current,1,raw_in_17,1,15010,582.898,1352.000,true
current,1,named_naming_SCREAMING_SNAKE_CASE,1,4572,4425.284,6952.000,true
current,1,raw_batch_beans,1,5339,3283.630,8808.000,true
current,1,named_where_eq,1,28483,765.190,1976.000,true
current,1,positional_row_in,1,15143,671.043,1608.000,true
current,1,mybatis_batch_64,1,751,21971.105,54296.000,true
current,1,mybatis_union_raw,1,12979,995.285,1472.000,true
current,1,positional_dialect_Microsoft_SQL_Server,1,12139,1060.178,2032.000,true
current,1,mybatis_derived,1,1717,4331.858,7208.000,true
current,1,mybatis_subquery_structured,1,11435,1435.654,3312.000,true
current,1,named_select_columns,1,36443,590.906,1216.000,true
current,1,raw_row_in,1,17120,893.884,1608.000,true
current,1,mybatis_in_expression,1,834,18969.904,48432.000,true
current,1,named_dialect_Microsoft_SQL_Server,1,8361,1872.635,2584.000,true
current,1,raw_join_using,1,22470,855.296,1664.000,true
current,1,raw_in_1024,1,950,14427.579,6328.000,true
current,1,positional_insert_entity,1,25959,596.968,1192.000,true
current,1,named_batch_64,1,920,22073.370,72360.000,true
current,1,mybatis_in_256,1,942,20131.423,47256.000,true
current,1,mybatis_naming_NO_CHANGE,1,3595,3403.032,3568.000,true
current,1,positional_where_16,1,7089,3098.406,3648.000,true
current,1,mybatis_batch_beans,1,3499,5640.412,14120.000,true
current,1,mybatis_delete,1,60178,315.725,1232.000,true
current,1,positional_batch_4,1,3220,1119.534,2968.000,true
current,1,positional_pagination,1,28285,829.970,1824.000,true
current,1,mybatis_group_order,1,5992,2053.822,3608.000,true
current,1,positional_repeated_names,1,1528,12785.013,17240.000,true
current,1,named_in_1024,1,184,100602.174,278560.000,true
current,1,named_in_expression,1,670,24485.821,72456.000,true
current,1,raw_naming_CAMEL_CASE,1,7796,2241.778,1504.000,true
current,1,positional_in_17,1,36108,723.167,1680.000,true
current,1,named_batch_4,1,10307,3433.958,5744.000,true
current,1,positional_derived,1,5798,3924.198,5480.000,true
current,1,positional_in_expression,1,7421,4079.369,7536.000,true
current,1,mybatis_batch_4,1,5641,2409.520,4664.000,true
current,1,raw_select_star,1,47626,211.471,880.000,true
current,1,raw_select_columns,1,17074,733.367,1216.000,true
current,1,mybatis_mixed_literals,1,12254,1051.673,2080.000,true
current,1,mybatis_select_columns,1,36809,632.468,1216.000,true
current,1,mybatis_row_in,1,10864,1351.896,2272.000,true
current,1,positional_in_256,1,9583,2583.231,6208.000,true
current,1,raw_delete,1,55812,267.881,912.000,true
current,1,positional_subquery_structured,1,15642,1140.826,2856.000,true
current,1,positional_nested,1,24680,895.324,1704.000,true
current,1,raw_naming_UPPER_CAMEL_CASE,1,4054,3497.410,3000.000,true
current,1,named_derived,1,3335,5828.756,7256.000,true
current,1,raw_naming_SCREAMING_SNAKE_CASE,1,4428,3212.647,3288.000,true
current,1,mybatis_naming_UPPER_CAMEL_CASE,1,3167,4690.622,5064.000,true
current,1,named_raw_expression,1,23080,1031.577,1744.000,true
current,1,raw_where_128,1,35,23557.143,17776.000,true
current,1,positional_select_star,1,122930,219.257,880.000,true
current,1,mybatis_where_eq,1,29045,736.891,1816.000,true
current,1,raw_retry_rollback,1,5023,2738.841,3976.000,true
current,1,named_group_order,1,11031,2175.505,3936.000,true
current,1,positional_in_1024,2,4001,6208.298,20800.000,true
current,1,named_condition_only,2,5765,3745.291,6384.000,true
current,1,positional_select_entity,2,44262,569.183,1304.000,true
current,1,mybatis_retry_rollback,2,3360,3708.750,4784.000,true
current,1,mybatis_where_eq,2,29045,935.937,1816.000,true
current,1,mybatis_repeated_names,2,754,22853.448,30536.000,true
current,1,named_union_builder,2,5305,6936.532,6792.000,true
current,1,raw_where_16,2,2928,4667.418,3272.000,true
current,1,named_where_128,2,663,46692.609,47920.000,true
current,1,named_derived,2,3335,8155.982,7256.000,true
current,1,named_update_map,2,18353,2394.246,2976.000,true
current,1,raw_subquery_raw,2,18894,924.283,1344.000,true
current,1,raw_naming_CAMEL_CASE,2,7796,3067.740,1504.000,true
current,1,named_repeated_names,2,1063,28632.926,42584.000,true
current,1,named_select_star,2,64166,309.072,880.000,true
current,1,mybatis_naming_SCREAMING_SNAKE_CASE,2,4080,6270.515,5352.000,true
current,1,mybatis_naming_CAMEL_CASE,2,5992,5337.083,3568.000,true
current,1,mybatis_delete,2,60178,524.343,1232.000,true
current,1,mybatis_insert_placeholders,2,17895,1045.504,1616.000,true
current,1,raw_late_modifier,2,40151,763.577,1344.000,true
current,1,positional_naming_UPPER_CAMEL_CASE,2,4506,3887.439,3376.000,true
current,1,positional_batch_beans,2,4921,3486.466,6984.000,true
current,1,mybatis_subquery_raw,2,22795,740.408,1344.000,true
current,1,named_dialect_MySQL,2,6108,1172.855,2408.000,true
current,1,mybatis_naming_NO_CHANGE,2,3595,4637.803,3568.000,true
current,1,positional_union_raw,2,19907,2141.875,1472.000,true
current,1,positional_where_128,2,971,34275.592,20712.000,true
current,1,positional_nested,2,24680,1429.818,1704.000,true
current,1,mybatis_batch_64,2,751,38364.447,54296.000,true
current,1,positional_subquery_raw,2,23675,796.431,1344.000,true
current,1,positional_insert_placeholders,2,43499,523.711,1208.000,true
current,1,positional_select_expressions,2,13787,1826.025,1936.000,true
current,1,named_in_17,2,12463,2017.452,5736.000,true
current,1,named_batch_4,2,10307,3135.820,5744.000,true
current,1,named_insert_placeholders,2,11453,965.974,1920.000,true
current,1,mybatis_select_star,2,108500,244.291,880.000,true
current,1,positional_batch_64,2,2042,13169.833,25496.000,true
current,1,positional_insert_entity,2,25959,756.231,1192.000,true
current,1,raw_naming_NO_CHANGE,2,4406,2406.537,1504.000,true
current,1,mybatis_row_in,2,10864,1026.491,2272.000,true
current,1,named_raw_expression,2,23080,1517.041,1744.000,true
current,1,positional_in_17,2,36108,888.872,1680.000,true
current,1,named_pagination,2,21912,1559.762,2384.000,true
current,1,raw_naming_KEBAB_CASE,2,4148,5360.608,3272.000,true
current,1,mybatis_select_expressions,2,7566,2495.599,1936.000,true
current,1,raw_condition_only,2,8321,3628.434,2720.000,true
current,1,mybatis_select_entity,2,42706,705.135,1304.000,true
current,1,named_union_raw,2,20711,1640.838,1472.000,true
current,1,positional_select_star,2,122930,219.423,880.000,true
current,1,mybatis_mixed_literals,2,12254,1586.290,2080.000,true
current,1,raw_insert_values,2,20696,928.614,1536.000,true
current,1,named_nested,2,20202,1223.602,2256.000,true
current,1,positional_union_builder,2,5059,2563.115,3920.000,true
current,1,positional_derived,2,5798,3538.444,5480.000,true
current,1,positional_batch_4,2,3220,1481.553,2968.000,true
current,1,raw_update_map,2,17970,1087.028,1960.000,true
current,1,mybatis_join_using,2,25448,854.032,1976.000,true
current,1,mybatis_late_modifier,2,17073,568.383,1656.000,true
current,1,named_naming_UPPER_CAMEL_CASE,2,3000,5877.600,6664.000,true
current,1,named_dialect_Oracle,2,11079,1253.263,2584.000,true
current,1,named_naming_CAMEL_CASE,2,3580,3316.872,5168.000,true
current,1,positional_insert_values,2,27152,674.506,1464.000,true
current,1,mybatis_condition_only,2,4621,4160.182,4784.000,true
current,1,named_dialect_Microsoft_SQL_Server,2,8361,1203.839,2584.000,true
current,1,mybatis_where_128,2,706,29668.272,34848.000,true
current,1,mybatis_batch_4,2,5641,2204.006,4664.000,true
current,1,named_in_expression,2,670,26136.716,72456.000,true
current,1,named_between,2,19700,1216.198,2600.000,true
current,1,named_naming_KEBAB_CASE,2,4470,4283.624,6936.000,true
current,1,raw_derived,2,3872,3329.313,5216.000,true
current,1,raw_mixed_literals,2,11524,1219.273,1864.000,true
current,1,mybatis_nested,2,15489,1104.100,2024.000,true
current,1,mybatis_select_columns,2,36809,599.620,1216.000,true
current,1,raw_raw_expression,2,20587,1081.974,1744.000,true
current,1,positional_dialect_MySQL,2,13426,1079.666,1848.000,true
current,1,raw_where_128,2,35,32962.857,17776.000,true
current,1,mybatis_batch_beans,2,3499,7031.209,14120.000,true
current,1,mybatis_in_1024,2,178,85916.292,182240.000,true
current,1,positional_join_using,2,31094,654.699,1752.000,true
current,1,mybatis_derived,2,1717,5664.415,7208.000,true
current,1,positional_dialect_PostgreSQL,2,16738,928.283,1848.000,true
current,1,mybatis_in_256,2,942,17060.191,47256.000,true
current,1,named_delete,2,62045,360.087,1384.000,true
current,1,mybatis_in_17,2,8070,1525.118,4192.000,true
current,1,positional_naming_KEBAB_CASE,2,4616,3186.937,3648.000,true
current,1,raw_in_expression,2,2610,4400.421,3712.000,true
current,1,raw_retry_rollback,2,5023,2679.216,3976.000,true
current,1,positional_row_in,2,15143,714.158,1608.000,true
current,1,raw_batch_4,2,10280,1268.589,3432.000,true
current,1,raw_insert_entity,2,33326,596.528,1264.000,true
current,1,positional_group_order,2,14043,1444.748,3112.000,true
current,1,mybatis_update_chain_16,2,1621,8978.717,21304.000,true
current,1,positional_pagination,2,28285,717.801,1824.000,true
current,1,raw_row_in,2,17120,786.776,1608.000,true
current,1,mybatis_insert_values,2,12819,800.694,1840.000,true
current,1,raw_group_order,2,10317,1401.706,2952.000,true
current,1,positional_dialect_DB2,2,15475,868.168,2032.000,true
current,1,mybatis_update_map,2,10078,1043.481,2512.000,true
current,1,raw_in_17,2,15010,805.736,1352.000,true
current,1,positional_in_256,2,9583,2658.207,6208.000,true
current,1,mybatis_naming_UPPER_CAMEL_CASE,2,3167,3988.728,5064.000,true
current,1,named_select_columns,2,36443,613.569,1216.000,true
current,1,raw_subquery_structured,2,14281,967.075,2720.000,true
current,1,mybatis_in_16,2,6587,1505.207,4048.000,true
current,1,raw_pagination,2,19029,639.561,1712.000,true
current,1,raw_naming_SCREAMING_SNAKE_CASE,2,4428,3038.211,3288.000,true
current,1,named_group_order,2,11031,2041.809,3936.000,true
current,1,positional_where_eq,2,23740,611.900,1592.000,true
current,1,named_subquery_structured,2,15042,1427.603,3568.000,true
current,1,positional_late_modifier,2,44098,696.252,1432.000,true
current,1,raw_update_chain_16,2,4212,7871.581,13856.000,true
current,1,named_join_on,2,17272,1575.371,2808.000,true
current,1,named_in_256,2,668,26408.832,71352.000,true
current,1,named_where_16,2,4488,4970.410,6936.000,true
current,1,positional_naming_CAMEL_CASE,2,9207,3699.783,1880.000,true
current,1,raw_union_raw,2,12134,1468.147,1472.000,true
current,1,positional_delete,2,49265,321.595,1000.000,true
current,1,positional_dialect_Microsoft_SQL_Server,2,12139,1450.029,2032.000,true
current,1,raw_select_expressions,2,10537,1521.942,1936.000,true
current,1,named_select_entity,2,38530,526.802,1304.000,true
current,1,named_insert_values,2,26556,804.986,2176.000,true
current,1,named_dialect_DB2,2,12056,1150.224,2584.000,true
current,1,raw_batch_64,2,1772,12362.923,32232.000,true
current,1,raw_select_columns,2,17074,699.602,1216.000,true
current,1,named_insert_entity,2,28874,838.266,1904.000,true
current,1,raw_delete,2,55812,301.548,912.000,true
current,1,positional_in_expression,2,7421,3235.224,7536.000,true
current,1,named_subquery_raw,2,34592,444.036,1344.000,true
current,1,named_row_in,2,20691,1044.469,2680.000,true
current,1,raw_in_1024,2,950,13008.105,6328.000,true
current,1,raw_union_builder,2,7484,2012.186,3704.000,true
current,1,mybatis_pagination,2,9224,883.673,2152.000,true
current,1,positional_dialect_Oracle,2,26362,771.338,2032.000,true
current,1,mybatis_insert_entity,2,13774,804.523,1568.000,true
current,1,mybatis_join_on,2,16009,1135.730,2648.000,true
current,1,raw_where_eq,2,14218,635.933,1504.000,true
current,1,raw_in_16,2,16893,601.071,1344.000,true
current,1,positional_in_16,2,31577,668.122,1728.000,true
current,1,named_update_chain_16,2,2280,9299.342,24072.000,true
current,1,named_in_16,2,12510,1672.518,5520.000,true
current,1,positional_naming_SCREAMING_SNAKE_CASE,2,5976,3068.825,3664.000,true
current,1,named_late_modifier,2,36025,572.647,1816.000,true
current,1,named_join_using,2,24062,867.675,2136.000,true
current,1,mybatis_subquery_structured,2,11435,1238.303,3312.000,true
current,1,mybatis_between,2,12954,1097.970,2344.000,true
current,1,positional_mixed_literals,2,24008,830.482,1696.000,true
current,1,named_where_eq,2,28483,741.534,1976.000,true
current,1,mybatis_in_expression,2,834,17518.225,48432.000,true
current,1,mybatis_group_order,2,5992,1918.124,3608.000,true
current,1,positional_subquery_structured,2,15642,1671.474,2856.000,true
current,1,custom_handler_where,2,2824,5942.103,6968.000,true
current,1,raw_join_on,2,9442,1541.061,2336.000,true
current,1,mybatis_union_raw,2,12979,1732.691,1472.000,true
current,1,mybatis_union_builder,2,2601,6683.007,6768.000,true
current,1,raw_between,2,16041,1014.301,1648.000,true
current,1,named_batch_64,2,920,23475.435,72360.000,true
current,1,named_in_1024,2,184,131472.283,278560.000,true
current,1,raw_batch_beans,2,5339,4289.717,8808.000,true
current,1,raw_naming_UPPER_CAMEL_CASE,2,4054,3652.812,3000.000,true
current,1,named_naming_NO_CHANGE,2,2565,4140.351,5168.000,true
current,1,positional_update_chain_16,2,4504,8055.528,14560.000,true
current,1,named_naming_SCREAMING_SNAKE_CASE,2,4572,6420.976,6952.000,true
current,1,mybatis_naming_KEBAB_CASE,2,4899,6441.192,5336.000,true
current,1,raw_nested,2,6277,1372.535,1616.000,true
current,1,positional_join_on,2,20346,1559.746,2424.000,true
current,1,raw_insert_placeholders,2,46469,487.602,1208.000,true
current,1,named_batch_beans,2,3403,8341.258,18616.000,true
current,1,named_retry_rollback,2,6519,4380.380,5304.000,true
current,1,raw_in_256,2,3485,3569.613,2464.000,true
current,1,named_dialect_PostgreSQL,2,5446,1165.277,2408.000,true
current,1,named_mixed_literals,2,20265,1219.132,2416.000,true
current,1,positional_retry_rollback,2,6299,3479.663,3864.000,true
current,1,raw_join_using,2,22470,672.577,1664.000,true
current,1,raw_select_entity,2,8892,489.384,1304.000,true
current,1,positional_where_16,2,7089,3208.802,3648.000,true
current,1,positional_naming_NO_CHANGE,2,7999,2459.707,1880.000,true
current,1,positional_condition_only,2,8092,2614.780,3104.000,true
current,1,mybatis_raw_expression,2,20606,1035.800,1744.000,true
current,1,mybatis_where_16,2,3220,4192.888,5336.000,true
current,1,named_select_expressions,2,14312,1442.084,1936.000,true
current,1,raw_repeated_names,2,1031,12380.795,14152.000,true
current,1,positional_select_columns,2,38533,806.703,1216.000,true
current,1,custom_handler_union,2,3502,4912.364,7248.000,true
current,1,raw_select_star,2,47626,226.704,880.000,true
current,1,positional_update_map,2,29160,821.286,1872.000,true
current,1,positional_between,2,24427,813.223,1736.000,true
current,1,positional_repeated_names,2,1528,13447.709,17240.000,true
current,1,positional_raw_expression,2,21292,943.260,1744.000,true
current,1,raw_update_chain_16,3,4212,4579.131,13856.000,true
current,1,named_where_128,3,663,30730.618,47920.000,true
current,1,raw_row_in,3,17120,754.632,1608.000,true
current,1,raw_insert_entity,3,33326,590.236,1264.000,true
current,1,named_naming_KEBAB_CASE,3,4470,4351.790,6936.000,true
current,1,named_in_17,3,12463,1779.387,5736.000,true
current,1,mybatis_late_modifier,3,17073,571.921,1656.000,true
current,1,raw_naming_UPPER_CAMEL_CASE,3,4054,3307.351,3000.000,true
current,1,named_mixed_literals,3,20265,1038.613,2416.000,true
current,1,positional_union_builder,3,5059,2078.691,3920.000,true
current,1,mybatis_mixed_literals,3,12254,1105.329,2080.000,true
current,1,positional_row_in,3,15143,675.012,1608.000,true
current,1,positional_mixed_literals,3,24008,851.495,1696.000,true
current,1,named_nested,3,20202,1028.408,2256.000,true
current,1,raw_where_eq,3,14218,765.987,1504.000,true
current,1,named_union_raw,3,20711,1059.973,1472.000,true
current,1,positional_dialect_MySQL,3,13426,932.251,1848.000,true
current,1,positional_insert_placeholders,3,43499,544.291,1208.000,true
current,1,positional_dialect_Oracle,3,26362,804.840,2032.000,true
current,1,raw_subquery_raw,3,18894,451.011,1344.000,true
current,1,positional_naming_KEBAB_CASE,3,4616,3061.005,3648.000,true
current,1,named_group_order,3,11031,1998.386,3936.000,true
current,1,named_select_star,3,64166,199.288,880.000,true
current,1,positional_in_256,3,9583,2120.536,6208.000,true
current,1,positional_batch_beans,3,4921,2818.492,6984.000,true
current,1,named_late_modifier,3,36025,597.951,1816.000,true
current,1,positional_naming_NO_CHANGE,3,7999,2073.047,1880.000,true
current,1,mybatis_batch_4,3,5641,1777.770,4664.000,true
current,1,named_select_entity,3,38530,513.325,1304.000,true
current,1,named_subquery_raw,3,34592,453.200,1344.000,true
current,1,raw_join_on,3,9442,1159.987,2336.000,true
current,1,named_insert_entity,3,28874,775.043,1904.000,true
current,1,mybatis_condition_only,3,4621,3455.724,4784.000,true
current,1,mybatis_union_raw,3,12979,1240.874,1472.000,true
current,1,named_repeated_names,3,1063,21574.506,42584.000,true
current,1,mybatis_select_entity,3,42706,544.333,1304.000,true
current,1,named_between,3,19700,1136.208,2600.000,true
current,1,raw_delete,3,55812,249.749,912.000,true
current,1,mybatis_group_order,3,5992,2052.670,3608.000,true
current,1,raw_union_builder,3,7484,2322.127,3704.000,true
current,1,positional_join_on,3,20346,1190.848,2424.000,true
current,1,named_pagination,3,21912,1580.842,2384.000,true
current,1,raw_in_expression,3,2610,6572.490,3712.000,true
current,1,raw_pagination,3,19029,913.558,1712.000,true
current,1,positional_group_order,3,14043,1971.687,3112.000,true
current,1,mybatis_union_builder,3,2601,4403.729,6768.000,true
current,1,raw_in_16,3,16893,1870.207,1344.000,true
current,1,raw_insert_values,3,20696,792.941,1536.000,true
current,1,named_batch_beans,3,3403,9034.852,18616.000,true
current,1,mybatis_naming_UPPER_CAMEL_CASE,3,3167,4530.881,5064.000,true
current,1,named_condition_only,3,5765,4696.496,6384.000,true
current,1,named_update_chain_16,3,2280,12138.333,24072.000,true
current,1,named_join_on,3,17272,1592.219,2808.000,true
current,1,mybatis_update_map,3,10078,1180.403,2512.000,true
current,1,positional_union_raw,3,19907,1151.831,1472.000,true
current,1,positional_select_entity,3,44262,564.416,1304.000,true
current,1,mybatis_join_on,3,16009,1495.659,2648.000,true
current,1,named_naming_NO_CHANGE,3,2565,2970.448,5168.000,true
current,1,raw_join_using,3,22470,697.770,1664.000,true
current,1,raw_batch_4,3,10280,1263.589,3432.000,true
current,1,named_in_1024,3,184,86676.087,278560.000,true
current,1,named_update_map,3,18353,1140.658,2976.000,true
current,1,positional_in_17,3,36108,577.390,1680.000,true
current,1,named_delete,3,62045,370.328,1384.000,true
current,1,mybatis_insert_entity,3,13774,676.775,1568.000,true
current,1,raw_in_256,3,3485,3588.666,2464.000,true
current,1,named_dialect_Microsoft_SQL_Server,3,8361,1149.468,2584.000,true
current,1,raw_union_raw,3,12134,998.698,1472.000,true
current,1,positional_in_1024,3,4001,5966.733,20800.000,true
current,1,positional_raw_expression,3,21292,989.738,1744.000,true
current,1,named_row_in,3,20691,986.463,2680.000,true
current,1,positional_pagination,3,28285,716.917,1824.000,true
current,1,raw_derived,3,3872,3296.178,5216.000,true
current,1,positional_batch_4,3,3220,1116.863,2968.000,true
current,1,positional_select_expressions,3,13787,1443.041,1936.000,true
current,1,mybatis_where_128,3,706,27342.351,34848.000,true
current,1,raw_repeated_names,3,1031,10860.330,14152.000,true
current,1,mybatis_in_1024,3,178,82538.764,182240.000,true
current,1,mybatis_where_eq,3,29045,708.266,1816.000,true
current,1,raw_raw_expression,3,20587,930.374,1744.000,true
current,1,mybatis_pagination,3,9224,820.945,2152.000,true
current,1,positional_between,3,24427,736.521,1736.000,true
current,1,named_select_columns,3,36443,579.801,1216.000,true
current,1,mybatis_naming_CAMEL_CASE,3,5992,3248.431,3568.000,true
current,1,named_retry_rollback,3,6519,3836.187,5304.000,true
current,1,mybatis_select_expressions,3,7566,1326.209,1936.000,true
current,1,mybatis_naming_SCREAMING_SNAKE_CASE,3,4080,4027.990,5352.000,true
current,1,named_dialect_MySQL,3,6108,922.872,2408.000,true
current,1,raw_naming_CAMEL_CASE,3,7796,2403.220,1504.000,true
current,1,named_insert_values,3,26556,784.060,2176.000,true
current,1,mybatis_select_star,3,108500,210.209,880.000,true
current,1,raw_between,3,16041,672.963,1648.000,true
current,1,positional_dialect_DB2,3,15475,802.152,2032.000,true
current,1,positional_retry_rollback,3,6299,2804.985,3864.000,true
current,1,named_where_16,3,4488,3865.709,6936.000,true
current,1,named_batch_64,3,920,23383.804,72360.000,true
current,1,mybatis_retry_rollback,3,3360,3372.351,4784.000,true
current,1,mybatis_in_16,3,6587,1445.985,4048.000,true
current,1,mybatis_batch_64,3,751,24203.862,54296.000,true
current,1,mybatis_between,3,12954,1429.697,2344.000,true
current,1,raw_insert_placeholders,3,46469,522.497,1208.000,true
current,1,named_in_expression,3,670,22969.552,72456.000,true
current,1,mybatis_in_17,3,8070,1548.178,4192.000,true
current,1,raw_where_128,3,35,20794.286,17776.000,true
current,1,positional_nested,3,24680,935.381,1704.000,true
current,1,positional_where_eq,3,23740,609.781,1592.000,true
current,1,positional_delete,3,49265,270.135,1000.000,true
current,1,raw_naming_KEBAB_CASE,3,4148,2923.047,3272.000,true
current,1,positional_naming_CAMEL_CASE,3,9207,2180.830,1880.000,true
current,1,raw_retry_rollback,3,5023,2783.556,3976.000,true
current,1,positional_subquery_structured,3,15642,1102.634,2856.000,true
current,1,mybatis_row_in,3,10864,961.552,2272.000,true
current,1,raw_nested,3,6277,817.078,1616.000,true
current,1,raw_select_star,3,47626,213.621,880.000,true
current,1,raw_in_1024,3,950,13735.579,6328.000,true
current,1,positional_subquery_raw,3,23675,527.282,1344.000,true
current,1,raw_mixed_literals,3,11524,1086.081,1864.000,true
current,1,named_insert_placeholders,3,11453,696.324,1920.000,true
current,1,raw_update_map,3,17970,1239.727,1960.000,true
current,1,raw_condition_only,3,8321,3076.710,2720.000,true
current,1,named_in_16,3,12510,1877.354,5520.000,true
current,1,mybatis_raw_expression,3,20606,1015.136,1744.000,true
current,1,positional_insert_values,3,27152,671.497,1464.000,true
current,1,mybatis_batch_beans,3,3499,5670.849,14120.000,true
current,1,positional_dialect_Microsoft_SQL_Server,3,12139,1022.514,2032.000,true
current,1,raw_batch_beans,3,5339,3655.310,8808.000,true
current,1,custom_handler_union,3,3502,4717.704,7248.000,true
current,1,raw_batch_64,3,1772,12987.415,32232.000,true
current,1,named_in_256,3,668,22312.874,71352.000,true
current,1,positional_update_chain_16,3,4504,6162.500,14560.000,true
current,1,named_where_eq,3,28483,902.774,1976.000,true
current,1,raw_naming_SCREAMING_SNAKE_CASE,3,4428,3304.584,3288.000,true
current,1,mybatis_naming_KEBAB_CASE,3,4899,4520.167,5336.000,true
current,1,raw_in_17,3,15010,671.412,1352.000,true
current,1,raw_select_entity,3,8892,506.298,1304.000,true
current,1,positional_in_16,3,31577,738.443,1728.000,true
current,1,raw_late_modifier,3,40151,554.753,1344.000,true
current,1,raw_select_columns,3,17074,617.248,1216.000,true
current,1,positional_condition_only,3,8092,2500.309,3104.000,true
current,1,positional_in_expression,3,7421,3045.250,7536.000,true
current,1,mybatis_update_chain_16,3,1621,7927.082,21304.000,true
current,1,named_dialect_Oracle,3,11079,1102.735,2584.000,true
current,1,positional_dialect_PostgreSQL,3,16738,804.624,1848.000,true
current,1,raw_where_16,3,2928,3996.209,3272.000,true
current,1,named_dialect_PostgreSQL,3,5446,1040.690,2408.000,true
current,1,positional_select_star,3,122930,217.717,880.000,true
current,1,mybatis_subquery_raw,3,22795,444.720,1344.000,true
current,1,named_derived,3,3335,4411.334,7256.000,true
current,1,mybatis_in_expression,3,834,18678.657,48432.000,true
current,1,named_naming_CAMEL_CASE,3,3580,3140.028,5168.000,true
current,1,positional_insert_entity,3,25959,671.035,1192.000,true
current,1,mybatis_delete,3,60178,324.851,1232.000,true
current,1,mybatis_insert_values,3,12819,712.957,1840.000,true
current,1,positional_naming_SCREAMING_SNAKE_CASE,3,5976,3078.949,3664.000,true
current,1,mybatis_where_16,3,3220,3898.789,5336.000,true
current,1,named_raw_expression,3,23080,933.995,1744.000,true
current,1,named_naming_SCREAMING_SNAKE_CASE,3,4572,4140.770,6952.000,true
current,1,named_naming_UPPER_CAMEL_CASE,3,3000,4953.633,6664.000,true
current,1,mybatis_derived,3,1717,3911.648,7208.000,true
current,1,positional_repeated_names,3,1528,11199.673,17240.000,true
current,1,positional_select_columns,3,38533,633.623,1216.000,true
current,1,raw_select_expressions,3,10537,1386.543,1936.000,true
current,1,mybatis_in_256,3,942,17505.308,47256.000,true
current,1,mybatis_select_columns,3,36809,624.432,1216.000,true
current,1,mybatis_repeated_names,3,754,18045.225,30536.000,true
current,1,named_union_builder,3,5305,4343.525,6792.000,true
current,1,mybatis_join_using,3,25448,752.346,1976.000,true
current,1,custom_handler_where,3,2824,4609.348,6968.000,true
current,1,mybatis_naming_NO_CHANGE,3,3595,2804.423,3568.000,true
current,1,positional_batch_64,3,2042,9816.846,25496.000,true
current,1,named_dialect_DB2,3,12056,1116.763,2584.000,true
current,1,positional_update_map,3,29160,786.965,1872.000,true
current,1,mybatis_nested,3,15489,970.657,2024.000,true
current,1,mybatis_insert_placeholders,3,17895,1867.650,1616.000,true
current,1,named_subquery_structured,3,15042,1392.494,3568.000,true
current,1,raw_naming_NO_CHANGE,3,4406,1970.177,1504.000,true
current,1,raw_subquery_structured,3,14281,1089.377,2720.000,true
current,1,positional_where_128,3,971,21188.260,20712.000,true
current,1,positional_where_16,3,7089,2929.511,3648.000,true
current,1,positional_derived,3,5798,3615.419,5480.000,true
current,1,positional_join_using,3,31094,666.048,1752.000,true
current,1,positional_late_modifier,3,44098,527.990,1432.000,true
current,1,named_batch_4,3,10307,2077.966,5744.000,true
current,1,raw_group_order,3,10317,1411.738,2952.000,true
current,1,named_join_using,3,24062,787.009,2136.000,true
current,1,named_select_expressions,3,14312,1429.549,1936.000,true
current,1,positional_naming_UPPER_CAMEL_CASE,3,4506,3113.449,3376.000,true
current,1,mybatis_subquery_structured,3,11435,1342.693,3312.000,true
current,1,raw_batch_beans,4,5339,3454.823,8808.000,true
current,1,mybatis_subquery_structured,4,11435,1306.874,3312.000,true
current,1,named_insert_placeholders,4,11453,623.697,1920.000,true
current,1,positional_pagination,4,28285,727.481,1824.000,true
current,1,mybatis_batch_beans,4,3499,5734.810,14120.000,true
current,1,named_nested,4,20202,1013.355,2256.000,true
current,1,raw_update_chain_16,4,4212,4703.799,13856.000,true
current,1,mybatis_union_builder,4,2601,3896.348,6768.000,true
current,1,raw_in_256,4,3485,3216.471,2464.000,true
current,1,positional_select_expressions,4,13787,1399.333,1936.000,true
current,1,custom_handler_where,4,2824,4071.671,6968.000,true
current,1,positional_dialect_MySQL,4,13426,697.594,1848.000,true
current,1,named_delete,4,62045,360.803,1384.000,true
current,1,mybatis_subquery_raw,4,22795,495.117,1344.000,true
current,1,positional_subquery_raw,4,23675,466.762,1344.000,true
current,1,mybatis_raw_expression,4,20606,879.511,1744.000,true
current,1,positional_dialect_Oracle,4,26362,854.249,2032.000,true
current,1,named_where_eq,4,28483,714.847,1976.000,true
current,1,raw_in_17,4,15010,648.161,1352.000,true
current,1,mybatis_select_star,4,108500,195.785,880.000,true
current,1,raw_raw_expression,4,20587,941.750,1744.000,true
current,1,raw_insert_placeholders,4,46469,442.635,1208.000,true
current,1,raw_naming_UPPER_CAMEL_CASE,4,4054,3119.413,3000.000,true
current,1,mybatis_insert_placeholders,4,17895,631.685,1616.000,true
current,1,mybatis_where_16,4,3220,3825.870,5336.000,true
current,1,named_select_star,4,64166,200.285,880.000,true
current,1,mybatis_in_16,4,6587,1398.087,4048.000,true
current,1,raw_derived,4,3872,3590.496,5216.000,true
current,1,named_in_1024,4,184,88720.109,278560.000,true
current,1,raw_naming_KEBAB_CASE,4,4148,2977.652,3272.000,true
current,1,positional_row_in,4,15143,695.047,1608.000,true
current,1,positional_delete,4,49265,272.658,1000.000,true
current,1,positional_in_17,4,36108,735.416,1680.000,true
current,1,raw_insert_values,4,20696,686.220,1536.000,true
current,1,named_naming_SCREAMING_SNAKE_CASE,4,4572,4271.829,6952.000,true
current,1,mybatis_batch_64,4,751,21310.120,54296.000,true
current,1,named_batch_4,4,10307,2044.863,5744.000,true
current,1,named_mixed_literals,4,20265,1167.135,2416.000,true
current,1,positional_where_128,4,971,21436.457,20712.000,true
current,1,named_where_128,4,663,31804.072,47920.000,true
current,1,raw_select_entity,4,8892,892.465,1304.000,true
current,1,named_join_using,4,24062,1275.189,2136.000,true
current,1,raw_select_columns,4,17074,758.358,1216.000,true
current,1,positional_union_builder,4,5059,2255.367,3920.000,true
current,1,raw_join_on,4,9442,1179.898,2336.000,true
current,1,raw_naming_CAMEL_CASE,4,7796,2827.886,1504.000,true
current,1,raw_subquery_raw,4,18894,780.100,1344.000,true
current,1,raw_union_raw,4,12134,1055.637,1472.000,true
current,1,mybatis_delete,4,60178,327.572,1232.000,true
current,1,mybatis_in_expression,4,834,17289.688,48432.000,true
current,1,raw_union_builder,4,7484,2157.723,3704.000,true
current,1,positional_insert_placeholders,4,43499,434.635,1208.000,true
current,1,positional_in_256,4,9583,2214.901,6208.000,true
current,1,mybatis_repeated_names,4,754,16652.653,30536.000,true
current,1,mybatis_where_eq,4,29045,789.385,1816.000,true
current,1,raw_update_map,4,17970,836.906,1960.000,true
current,1,raw_row_in,4,17120,786.700,1608.000,true
current,1,mybatis_select_expressions,4,7566,1371.319,1936.000,true
current,1,mybatis_nested,4,15489,995.674,2024.000,true
current,1,positional_naming_CAMEL_CASE,4,9207,2238.840,1880.000,true
current,1,positional_naming_SCREAMING_SNAKE_CASE,4,5976,3154.334,3664.000,true
current,1,positional_group_order,4,14043,1486.670,3112.000,true
current,1,positional_between,4,24427,768.555,1736.000,true
current,1,mybatis_naming_KEBAB_CASE,4,4899,4243.866,5336.000,true
current,1,positional_mixed_literals,4,24008,963.204,1696.000,true
current,1,positional_condition_only,4,8092,2491.757,3104.000,true
current,1,named_in_16,4,12510,1695.564,5520.000,true
current,1,mybatis_in_17,4,8070,1715.192,4192.000,true
current,1,mybatis_select_columns,4,36809,611.082,1216.000,true
current,1,mybatis_derived,4,1717,3854.514,7208.000,true
current,1,positional_late_modifier,4,44098,506.320,1432.000,true
current,1,positional_derived,4,5798,3478.544,5480.000,true
current,1,raw_subquery_structured,4,14281,1069.904,2720.000,true
current,1,positional_where_eq,4,23740,636.803,1592.000,true
current,1,named_select_entity,4,38530,668.435,1304.000,true
current,1,named_batch_beans,4,3403,7077.931,18616.000,true
current,1,named_in_256,4,668,20386.677,71352.000,true
current,1,raw_nested,4,6277,1004.923,1616.000,true
current,1,named_between,4,19700,1137.924,2600.000,true
current,1,raw_condition_only,4,8321,3427.665,2720.000,true
current,1,named_update_chain_16,4,2280,10200.263,24072.000,true
current,1,raw_in_1024,4,950,12921.053,6328.000,true
current,1,positional_nested,4,24680,974.793,1704.000,true
current,1,raw_select_star,4,47626,208.336,880.000,true
current,1,named_insert_entity,4,28874,801.133,1904.000,true
current,1,raw_insert_entity,4,33326,759.587,1264.000,true
current,1,mybatis_insert_values,4,12819,869.670,1840.000,true
current,1,positional_naming_UPPER_CAMEL_CASE,4,4506,3361.607,3376.000,true
current,1,positional_select_star,4,122930,223.356,880.000,true
current,1,named_row_in,4,20691,1200.411,2680.000,true
current,1,raw_group_order,4,10317,2792.818,2952.000,true
current,1,raw_pagination,4,19029,884.298,1712.000,true
current,1,raw_delete,4,55812,311.128,912.000,true
current,1,mybatis_row_in,4,10864,994.919,2272.000,true
current,1,positional_batch_64,4,2042,10467.385,25496.000,true
current,1,mybatis_mixed_literals,4,12254,1325.184,2080.000,true
current,1,mybatis_batch_4,4,5641,1955.433,4664.000,true
current,1,named_where_16,4,4488,5300.468,6936.000,true
current,1,positional_select_columns,4,38533,599.670,1216.000,true
current,1,mybatis_join_using,4,25448,892.577,1976.000,true
current,1,named_select_expressions,4,14312,1645.647,1936.000,true
current,1,mybatis_naming_UPPER_CAMEL_CASE,4,3167,4385.696,5064.000,true
current,1,named_batch_64,4,920,23552.391,72360.000,true
current,1,named_union_builder,4,5305,7409.896,6792.000,true
current,1,named_subquery_structured,4,15042,1635.600,3568.000,true
current,1,mybatis_naming_NO_CHANGE,4,3595,3157.135,3568.000,true
current,1,mybatis_between,4,12954,1098.672,2344.000,true
current,1,named_derived,4,3335,5439.850,7256.000,true
current,1,named_naming_CAMEL_CASE,4,3580,3384.246,5168.000,true
current,1,positional_where_16,4,7089,3180.166,3648.000,true
current,1,positional_repeated_names,4,1528,11732.199,17240.000,true
current,1,positional_update_map,4,29160,795.219,1872.000,true
current,1,named_pagination,4,21912,1052.930,2384.000,true
current,1,named_condition_only,4,5765,5286.921,6384.000,true
current,1,raw_select_expressions,4,10537,1438.417,1936.000,true
current,1,raw_where_16,4,2928,2911.612,3272.000,true
current,1,named_repeated_names,4,1063,19474.224,42584.000,true
current,1,positional_join_using,4,31094,702.058,1752.000,true
current,1,positional_raw_expression,4,21292,876.475,1744.000,true
current,1,named_group_order,4,11031,1926.634,3936.000,true
current,1,mybatis_select_entity,4,42706,475.041,1304.000,true
current,1,positional_in_expression,4,7421,3095.607,7536.000,true
current,1,named_dialect_PostgreSQL,4,5446,1021.318,2408.000,true
current,1,mybatis_naming_CAMEL_CASE,4,5992,3220.577,3568.000,true
current,1,raw_naming_NO_CHANGE,4,4406,1969.496,1504.000,true
current,1,mybatis_update_chain_16,4,1621,8244.540,21304.000,true
current,1,named_in_expression,4,670,21622.687,72456.000,true
current,1,named_join_on,4,17272,1196.138,2808.000,true
current,1,mybatis_pagination,4,9224,933.521,2152.000,true
current,1,positional_retry_rollback,4,6299,2245.626,3864.000,true
current,1,mybatis_where_128,4,706,27980.028,34848.000,true
current,1,raw_in_16,4,16893,600.059,1344.000,true
current,1,named_update_map,4,18353,1171.781,2976.000,true
current,1,mybatis_in_256,4,942,17453.397,47256.000,true
current,1,positional_insert_values,4,27152,601.285,1464.000,true
current,1,raw_where_128,4,35,20840.000,17776.000,true
current,1,named_naming_UPPER_CAMEL_CASE,4,3000,4320.200,6664.000,true
current,1,raw_repeated_names,4,1031,11515.422,14152.000,true
current,1,raw_late_modifier,4,40151,447.262,1344.000,true
current,1,positional_batch_beans,4,4921,2817.456,6984.000,true
current,1,custom_handler_union,4,3502,4628.698,7248.000,true
current,1,raw_between,4,16041,701.440,1648.000,true
current,1,named_union_raw,4,20711,1082.410,1472.000,true
current,1,positional_dialect_Microsoft_SQL_Server,4,12139,934.986,2032.000,true
current,1,raw_where_eq,4,14218,628.014,1504.000,true
current,1,mybatis_union_raw,4,12979,1091.140,1472.000,true
current,1,raw_mixed_literals,4,11524,976.918,1864.000,true
current,1,raw_retry_rollback,4,5023,2348.119,3976.000,true
current,1,positional_naming_KEBAB_CASE,4,4616,3036.503,3648.000,true
current,1,positional_batch_4,4,3220,1747.547,2968.000,true
current,1,named_dialect_Oracle,4,11079,968.589,2584.000,true
current,1,mybatis_late_modifier,4,17073,525.385,1656.000,true
current,1,raw_in_expression,4,2610,4977.241,3712.000,true
current,1,positional_dialect_DB2,4,15475,895.871,2032.000,true
current,1,named_dialect_Microsoft_SQL_Server,4,8361,1198.445,2584.000,true
current,1,named_subquery_raw,4,34592,501.122,1344.000,true
current,1,named_naming_NO_CHANGE,4,2565,3115.166,5168.000,true
current,1,positional_in_1024,4,4001,5836.516,20800.000,true
current,1,mybatis_naming_SCREAMING_SNAKE_CASE,4,4080,4091.422,5352.000,true
current,1,raw_join_using,4,22470,696.782,1664.000,true
current,1,positional_in_16,4,31577,622.773,1728.000,true
current,1,raw_batch_64,4,1772,12139.729,32232.000,true
current,1,named_in_17,4,12463,1719.835,5736.000,true
current,1,positional_naming_NO_CHANGE,4,7999,1921.190,1880.000,true
current,1,named_dialect_DB2,4,12056,1058.286,2584.000,true
current,1,positional_update_chain_16,4,4504,4639.654,14560.000,true
current,1,raw_naming_SCREAMING_SNAKE_CASE,4,4428,3285.456,3288.000,true
current,1,mybatis_condition_only,4,4621,3223.696,4784.000,true
current,1,positional_insert_entity,4,25959,541.866,1192.000,true
current,1,mybatis_join_on,4,16009,1210.169,2648.000,true
current,1,mybatis_in_1024,4,178,89296.629,182240.000,true
current,1,positional_join_on,4,20346,1134.616,2424.000,true
current,1,mybatis_group_order,4,5992,1698.965,3608.000,true
current,1,named_raw_expression,4,23080,919.038,1744.000,true
current,1,named_insert_values,4,26556,790.718,2176.000,true
current,1,mybatis_retry_rollback,4,3360,3158.810,4784.000,true
current,1,named_late_modifier,4,36025,602.454,1816.000,true
current,1,named_select_columns,4,36443,653.119,1216.000,true
current,1,raw_batch_4,4,10280,1265.837,3432.000,true
current,1,positional_select_entity,4,44262,526.650,1304.000,true
current,1,named_retry_rollback,4,6519,3289.431,5304.000,true
current,1,positional_subquery_structured,4,15642,1072.862,2856.000,true
current,1,mybatis_insert_entity,4,13774,691.150,1568.000,true
current,1,positional_dialect_PostgreSQL,4,16738,846.642,1848.000,true
current,1,named_naming_KEBAB_CASE,4,4470,4065.168,6936.000,true
current,1,positional_union_raw,4,19907,1030.688,1472.000,true
current,1,mybatis_update_map,4,10078,1087.001,2512.000,true
current,1,named_dialect_MySQL,4,6108,912.688,2408.000,true
current,1,positional_dialect_Microsoft_SQL_Server,5,12139,1028.338,2032.000,true
current,1,named_update_chain_16,5,2280,9344.693,24072.000,true
current,1,named_subquery_raw,5,34592,487.196,1344.000,true
current,1,positional_retry_rollback,5,6299,3364.836,3864.000,true
current,1,positional_nested,5,24680,890.879,1704.000,true
current,1,mybatis_union_raw,5,12979,1058.140,1472.000,true
current,1,mybatis_in_17,5,8070,1526.059,4192.000,true
current,1,raw_naming_UPPER_CAMEL_CASE,5,4054,3205.303,3000.000,true
current,1,raw_subquery_structured,5,14281,1055.367,2720.000,true
current,1,raw_union_raw,5,12134,1494.849,1472.000,true
current,1,raw_update_chain_16,5,4212,5272.887,13856.000,true
current,1,named_select_expressions,5,14312,1335.369,1936.000,true
current,1,named_batch_64,5,920,25557.717,72360.000,true
current,1,mybatis_pagination,5,9224,806.884,2152.000,true
current,1,named_insert_values,5,26556,812.204,2176.000,true
current,1,named_condition_only,5,5765,3630.997,6384.000,true
current,1,raw_subquery_raw,5,18894,542.405,1344.000,true
current,1,named_retry_rollback,5,6519,3783.280,5304.000,true
current,1,raw_row_in,5,17120,785.894,1608.000,true
current,1,named_where_eq,5,28483,745.810,1976.000,true
current,1,positional_in_1024,5,4001,5928.093,20800.000,true
current,1,positional_dialect_PostgreSQL,5,16738,836.331,1848.000,true
current,1,raw_in_256,5,3485,3461.377,2464.000,true
current,1,mybatis_select_columns,5,36809,628.672,1216.000,true
current,1,named_update_map,5,18353,1218.558,2976.000,true
current,1,named_insert_placeholders,5,11453,652.676,1920.000,true
current,1,named_repeated_names,5,1063,21129.915,42584.000,true
current,1,mybatis_naming_CAMEL_CASE,5,5992,3427.253,3568.000,true
current,1,mybatis_derived,5,1717,4002.563,7208.000,true
current,1,positional_insert_entity,5,25959,579.579,1192.000,true
current,1,mybatis_condition_only,5,4621,3701.861,4784.000,true
current,1,named_select_star,5,64166,265.477,880.000,true
current,1,raw_mixed_literals,5,11524,1187.938,1864.000,true
current,1,raw_join_using,5,22470,782.724,1664.000,true
current,1,positional_repeated_names,5,1528,14229.908,17240.000,true
current,1,positional_naming_KEBAB_CASE,5,4616,4025.563,3648.000,true
current,1,named_dialect_MySQL,5,6108,1035.953,2408.000,true
current,1,mybatis_mixed_literals,5,12254,1418.827,2080.000,true
current,1,positional_mixed_literals,5,24008,1220.143,1696.000,true
current,1,mybatis_subquery_raw,5,22795,646.238,1344.000,true
current,1,positional_between,5,24427,852.028,1736.000,true
current,1,mybatis_subquery_structured,5,11435,1616.178,3312.000,true
current,1,mybatis_between,5,12954,1115.964,2344.000,true
current,1,positional_batch_64,5,2042,11384.133,25496.000,true
current,1,positional_condition_only,5,8092,2871.799,3104.000,true
current,1,mybatis_insert_placeholders,5,17895,692.585,1616.000,true
current,1,mybatis_in_expression,5,834,21108.633,48432.000,true
current,1,mybatis_update_map,5,10078,1769.379,2512.000,true
current,1,named_union_builder,5,5305,4807.710,6792.000,true
current,1,raw_union_builder,5,7484,2301.296,3704.000,true
current,1,named_select_entity,5,38530,510.716,1304.000,true
current,1,named_between,5,19700,1077.563,2600.000,true
current,1,raw_insert_values,5,20696,643.617,1536.000,true
current,1,positional_select_columns,5,38533,581.982,1216.000,true
current,1,raw_in_expression,5,2610,4847.739,3712.000,true
current,1,positional_dialect_MySQL,5,13426,781.230,1848.000,true
current,1,mybatis_naming_UPPER_CAMEL_CASE,5,3167,4312.314,5064.000,true
current,1,positional_subquery_structured,5,15642,1062.345,2856.000,true
current,1,named_join_on,5,17272,1193.296,2808.000,true
current,1,named_pagination,5,21912,986.510,2384.000,true
current,1,positional_dialect_DB2,5,15475,769.609,2032.000,true
current,1,positional_insert_values,5,27152,606.924,1464.000,true
current,1,custom_handler_where,5,2824,4178.789,6968.000,true
current,1,raw_late_modifier,5,40151,480.210,1344.000,true
current,1,mybatis_where_16,5,3220,3881.925,5336.000,true
current,1,mybatis_naming_NO_CHANGE,5,3595,2938.498,3568.000,true
current,1,raw_naming_NO_CHANGE,5,4406,1833.023,1504.000,true
current,1,mybatis_join_using,5,25448,765.950,1976.000,true
current,1,positional_in_256,5,9583,2056.444,6208.000,true
current,1,positional_select_star,5,122930,206.382,880.000,true
current,1,named_in_expression,5,670,19919.403,72456.000,true
current,1,named_dialect_PostgreSQL,5,5446,1095.795,2408.000,true
current,1,raw_nested,5,6277,810.769,1616.000,true
current,1,raw_in_1024,5,950,12855.474,6328.000,true
current,1,named_in_256,5,668,19495.060,71352.000,true
current,1,positional_select_expressions,5,13787,1426.307,1936.000,true
current,1,raw_derived,5,3872,3431.121,5216.000,true
current,1,named_dialect_Microsoft_SQL_Server,5,8361,1138.692,2584.000,true
current,1,positional_join_on,5,20346,1140.470,2424.000,true
current,1,raw_insert_placeholders,5,46469,440.519,1208.000,true
current,1,positional_in_expression,5,7421,2906.037,7536.000,true
current,1,mybatis_naming_KEBAB_CASE,5,4899,3955.236,5336.000,true
current,1,mybatis_raw_expression,5,20606,885.669,1744.000,true
current,1,raw_condition_only,5,8321,2489.929,2720.000,true
current,1,raw_select_entity,5,8892,593.286,1304.000,true
current,1,positional_where_16,5,7089,2938.059,3648.000,true
current,1,positional_batch_beans,5,4921,2774.477,6984.000,true
current,1,mybatis_nested,5,15489,1009.891,2024.000,true
current,1,positional_late_modifier,5,44098,495.004,1432.000,true
current,1,named_where_128,5,663,29256.109,47920.000,true
current,1,positional_where_128,5,971,21183.316,20712.000,true
current,1,positional_update_map,5,29160,772.222,1872.000,true
current,1,raw_group_order,5,10317,1477.329,2952.000,true
current,1,raw_naming_CAMEL_CASE,5,7796,2575.911,1504.000,true
current,1,mybatis_in_1024,5,178,80907.303,182240.000,true
current,1,custom_handler_union,5,3502,4690.320,7248.000,true
current,1,named_batch_beans,5,3403,6079.019,18616.000,true
current,1,named_insert_entity,5,28874,787.463,1904.000,true
current,1,mybatis_select_expressions,5,7566,1758.181,1936.000,true
current,1,positional_union_builder,5,5059,2303.677,3920.000,true
current,1,named_select_columns,5,36443,609.689,1216.000,true
current,1,raw_naming_SCREAMING_SNAKE_CASE,5,4428,3059.734,3288.000,true
current,1,positional_join_using,5,31094,877.066,1752.000,true
current,1,named_group_order,5,11031,1946.369,3936.000,true
current,1,named_mixed_literals,5,20265,1107.851,2416.000,true
current,1,named_in_1024,5,184,85012.500,278560.000,true
current,1,raw_in_16,5,16893,649.186,1344.000,true
current,1,positional_derived,5,5798,3512.935,5480.000,true
current,1,raw_retry_rollback,5,5023,4022.596,3976.000,true
current,1,raw_where_16,5,2928,4570.492,3272.000,true
current,1,mybatis_late_modifier,5,17073,626.580,1656.000,true
current,1,named_in_17,5,12463,1876.418,5736.000,true
current,1,raw_join_on,5,9442,1150.466,2336.000,true
current,1,named_where_16,5,4488,4573.329,6936.000,true
current,1,raw_select_star,5,47626,297.482,880.000,true
current,1,positional_naming_UPPER_CAMEL_CASE,5,4506,3966.001,3376.000,true
current,1,raw_select_expressions,5,10537,1441.435,1936.000,true
current,1,mybatis_join_on,5,16009,1254.857,2648.000,true
current,1,raw_select_columns,5,17074,806.466,1216.000,true
current,1,mybatis_row_in,5,10864,1039.111,2272.000,true
current,1,positional_naming_NO_CHANGE,5,7999,2000.225,1880.000,true
current,1,mybatis_retry_rollback,5,3360,3336.905,4784.000,true
current,1,raw_in_17,5,15010,629.214,1352.000,true
current,1,mybatis_select_star,5,108500,202.038,880.000,true
current,1,positional_batch_4,5,3220,1335.186,2968.000,true
current,1,mybatis_select_entity,5,42706,480.192,1304.000,true
current,1,raw_naming_KEBAB_CASE,5,4148,3340.140,3272.000,true
current,1,mybatis_insert_entity,5,13774,765.014,1568.000,true
current,1,positional_dialect_Oracle,5,26362,1042.743,2032.000,true
current,1,mybatis_where_128,5,706,28894.901,34848.000,true
current,1,positional_row_in,5,15143,678.723,1608.000,true
current,1,named_naming_CAMEL_CASE,5,3580,3609.330,5168.000,true
current,1,raw_delete,5,55812,241.283,912.000,true
current,1,raw_batch_beans,5,5339,3355.441,8808.000,true
current,1,mybatis_where_eq,5,29045,733.204,1816.000,true
current,1,mybatis_batch_64,5,751,20629.960,54296.000,true
current,1,raw_repeated_names,5,1031,11889.816,14152.000,true
current,1,positional_update_chain_16,5,4504,4848.091,14560.000,true
current,1,mybatis_in_256,5,942,16391.401,47256.000,true
current,1,mybatis_batch_beans,5,3499,5685.882,14120.000,true
current,1,named_delete,5,62045,348.708,1384.000,true
current,1,mybatis_in_16,5,6587,1406.346,4048.000,true
current,1,mybatis_batch_4,5,5641,1993.671,4664.000,true
current,1,positional_naming_SCREAMING_SNAKE_CASE,5,5976,3128.598,3664.000,true
current,1,mybatis_naming_SCREAMING_SNAKE_CASE,5,4080,4171.127,5352.000,true
current,1,named_dialect_DB2,5,12056,1060.584,2584.000,true
current,1,raw_batch_4,5,10280,1253.181,3432.000,true
current,1,positional_union_raw,5,19907,1004.546,1472.000,true
current,1,raw_raw_expression,5,20587,967.800,1744.000,true
current,1,mybatis_group_order,5,5992,1756.492,3608.000,true
current,1,positional_in_16,5,31577,656.848,1728.000,true
current,1,named_subquery_structured,5,15042,1454.228,3568.000,true
current,1,named_in_16,5,12510,1751.239,5520.000,true
current,1,named_join_using,5,24062,800.977,2136.000,true
current,1,mybatis_repeated_names,5,754,17280.637,30536.000,true
current,1,named_raw_expression,5,23080,908.315,1744.000,true
current,1,named_late_modifier,5,36025,602.712,1816.000,true
current,1,positional_raw_expression,5,21292,876.498,1744.000,true
current,1,raw_insert_entity,5,33326,611.427,1264.000,true
current,1,positional_naming_CAMEL_CASE,5,9207,2244.597,1880.000,true
current,1,raw_update_map,5,17970,767.234,1960.000,true
current,1,named_derived,5,3335,4175.622,7256.000,true
current,1,positional_subquery_raw,5,23675,440.021,1344.000,true
current,1,named_nested,5,20202,1067.790,2256.000,true
current,1,mybatis_delete,5,60178,311.720,1232.000,true
current,1,named_naming_SCREAMING_SNAKE_CASE,5,4572,4026.444,6952.000,true
current,1,named_naming_UPPER_CAMEL_CASE,5,3000,5929.100,6664.000,true
current,1,raw_where_128,5,35,25400.000,17776.000,true
current,1,raw_between,5,16041,748.750,1648.000,true
current,1,named_naming_KEBAB_CASE,5,4470,3986.555,6936.000,true
current,1,raw_batch_64,5,1772,12332.731,32232.000,true
current,1,mybatis_insert_values,5,12819,717.825,1840.000,true
current,1,positional_in_17,5,36108,570.433,1680.000,true
current,1,positional_group_order,5,14043,1520.266,3112.000,true
current,1,positional_where_eq,5,23740,643.753,1592.000,true
current,1,raw_pagination,5,19029,639.608,1712.000,true
current,1,positional_delete,5,49265,265.572,1000.000,true
current,1,positional_pagination,5,28285,733.297,1824.000,true
current,1,named_union_raw,5,20711,1063.556,1472.000,true
current,1,mybatis_update_chain_16,5,1621,8140.654,21304.000,true
current,1,named_batch_4,5,10307,2038.304,5744.000,true
current,1,named_dialect_Oracle,5,11079,1073.427,2584.000,true
current,1,named_row_in,5,20691,971.084,2680.000,true
current,1,raw_where_eq,5,14218,592.770,1504.000,true
current,1,mybatis_union_builder,5,2601,4570.780,6768.000,true
current,1,positional_insert_placeholders,5,43499,413.729,1208.000,true
current,1,positional_select_entity,5,44262,625.315,1304.000,true
current,1,named_naming_NO_CHANGE,5,2565,3299.142,5168.000,true
current,1,raw_in_256,6,3485,3316.815,2464.000,true
current,1,mybatis_naming_CAMEL_CASE,6,5992,3188.401,3568.000,true
current,1,named_condition_only,6,5765,4278.109,6384.000,true
current,1,named_in_1024,6,184,90755.978,278560.000,true
current,1,mybatis_union_builder,6,2601,4294.156,6768.000,true
current,1,positional_row_in,6,15143,678.809,1608.000,true
current,1,positional_where_128,6,971,22833.677,20712.000,true
current,1,mybatis_nested,6,15489,1051.572,2024.000,true
current,1,mybatis_retry_rollback,6,3360,3734.107,4784.000,true
current,1,positional_dialect_MySQL,6,13426,724.713,1848.000,true
current,1,positional_select_entity,6,44262,557.144,1304.000,true
current,1,raw_batch_4,6,10280,1357.986,3432.000,true
current,1,mybatis_naming_UPPER_CAMEL_CASE,6,3167,4244.427,5064.000,true
current,1,positional_insert_placeholders,6,43499,470.569,1208.000,true
current,1,positional_in_expression,6,7421,3028.824,7536.000,true
current,1,mybatis_pagination,6,9224,945.794,2152.000,true
current,1,named_in_16,6,12510,1695.020,5520.000,true
current,1,raw_pagination,6,19029,708.692,1712.000,true
current,1,raw_batch_64,6,1772,15147.460,32232.000,true
current,1,positional_where_eq,6,23740,639.916,1592.000,true
current,1,positional_naming_UPPER_CAMEL_CASE,6,4506,3246.738,3376.000,true
current,1,raw_derived,6,3872,3238.249,5216.000,true
current,1,named_row_in,6,20691,1018.027,2680.000,true
current,1,positional_subquery_raw,6,23675,541.039,1344.000,true
current,1,positional_delete,6,49265,245.529,1000.000,true
current,1,raw_subquery_structured,6,14281,1087.431,2720.000,true
current,1,positional_dialect_Oracle,6,26362,778.116,2032.000,true
current,1,positional_in_256,6,9583,2322.863,6208.000,true
current,1,mybatis_delete,6,60178,309.701,1232.000,true
current,1,positional_select_expressions,6,13787,1364.764,1936.000,true
current,1,named_between,6,19700,1100.985,2600.000,true
current,1,named_join_on,6,17272,1273.240,2808.000,true
current,1,named_dialect_PostgreSQL,6,5446,1033.731,2408.000,true
current,1,mybatis_group_order,6,5992,1870.945,3608.000,true
current,1,positional_dialect_DB2,6,15475,869.441,2032.000,true
current,1,positional_mixed_literals,6,24008,878.953,1696.000,true
current,1,mybatis_insert_entity,6,13774,726.775,1568.000,true
current,1,raw_join_on,6,9442,1190.140,2336.000,true
current,1,mybatis_update_map,6,10078,1172.901,2512.000,true
current,1,raw_naming_SCREAMING_SNAKE_CASE,6,4428,4009.011,3288.000,true
current,1,mybatis_condition_only,6,4621,3636.615,4784.000,true
current,1,named_union_builder,6,5305,4615.966,6792.000,true
current,1,mybatis_update_chain_16,6,1621,9985.133,21304.000,true
current,1,positional_naming_CAMEL_CASE,6,9207,2407.342,1880.000,true
current,1,raw_where_16,6,2928,3076.093,3272.000,true
current,1,mybatis_naming_SCREAMING_SNAKE_CASE,6,4080,3999.093,5352.000,true
current,1,raw_naming_UPPER_CAMEL_CASE,6,4054,3340.725,3000.000,true
current,1,raw_repeated_names,6,1031,12226.867,14152.000,true
current,1,positional_update_map,6,29160,804.036,1872.000,true
current,1,positional_naming_NO_CHANGE,6,7999,2001.663,1880.000,true
current,1,named_where_16,6,4488,4077.830,6936.000,true
current,1,mybatis_union_raw,6,12979,980.076,1472.000,true
current,1,positional_derived,6,5798,3325.716,5480.000,true
current,1,named_naming_NO_CHANGE,6,2565,2857.505,5168.000,true
current,1,named_join_using,6,24062,829.013,2136.000,true
current,1,named_naming_SCREAMING_SNAKE_CASE,6,4572,4250.700,6952.000,true
current,1,positional_batch_64,6,2042,9616.650,25496.000,true
current,1,positional_join_on,6,20346,1241.035,2424.000,true
current,1,raw_select_star,6,47626,187.026,880.000,true
current,1,named_delete,6,62045,349.859,1384.000,true
current,1,positional_repeated_names,6,1528,11692.539,17240.000,true
current,1,positional_late_modifier,6,44098,480.695,1432.000,true
current,1,raw_union_builder,6,7484,2282.803,3704.000,true
current,1,named_retry_rollback,6,6519,3129.314,5304.000,true
current,1,named_dialect_DB2,6,12056,1117.684,2584.000,true
current,1,raw_mixed_literals,6,11524,958.435,1864.000,true
current,1,positional_naming_KEBAB_CASE,6,4616,3058.774,3648.000,true
current,1,mybatis_subquery_raw,6,22795,633.183,1344.000,true
current,1,positional_in_1024,6,4001,6607.898,20800.000,true
current,1,raw_naming_NO_CHANGE,6,4406,1970.268,1504.000,true
current,1,named_in_expression,6,670,23404.030,72456.000,true
current,1,named_select_entity,6,38530,495.674,1304.000,true
current,1,mybatis_in_expression,6,834,17109.113,48432.000,true
current,1,mybatis_batch_beans,6,3499,5990.454,14120.000,true
current,1,positional_in_16,6,31577,663.866,1728.000,true
current,1,mybatis_in_256,6,942,16037.686,47256.000,true
current,1,mybatis_in_16,6,6587,1614.362,4048.000,true
current,1,mybatis_join_using,6,25448,744.475,1976.000,true
current,1,positional_between,6,24427,870.483,1736.000,true
current,1,named_late_modifier,6,36025,587.781,1816.000,true
current,1,raw_insert_entity,6,33326,605.032,1264.000,true
current,1,mybatis_select_expressions,6,7566,1444.925,1936.000,true
current,1,mybatis_batch_64,6,751,22641.145,54296.000,true
current,1,named_in_17,6,12463,1777.662,5736.000,true
current,1,raw_in_1024,6,950,12745.789,6328.000,true
current,1,named_subquery_structured,6,15042,1587.980,3568.000,true
current,1,mybatis_subquery_structured,6,11435,1343.708,3312.000,true
current,1,named_batch_64,6,920,30590.761,72360.000,true
current,1,named_union_raw,6,20711,1823.210,1472.000,true
current,1,positional_update_chain_16,6,4504,7258.459,14560.000,true
current,1,raw_where_128,6,35,32557.143,17776.000,true
current,1,named_dialect_MySQL,6,6108,1315.602,2408.000,true
current,1,named_batch_4,6,10307,2856.496,5744.000,true
current,1,positional_where_16,6,7089,3400.550,3648.000,true
current,1,named_select_star,6,64166,209.865,880.000,true
current,1,mybatis_late_modifier,6,17073,682.300,1656.000,true
current,1,mybatis_row_in,6,10864,1302.384,2272.000,true
current,1,named_naming_CAMEL_CASE,6,3580,3654.106,5168.000,true
current,1,raw_update_chain_16,6,4212,5305.437,13856.000,true
current,1,raw_in_16,6,16893,783.253,1344.000,true
current,1,mybatis_join_on,6,16009,1231.557,2648.000,true
current,1,named_subquery_raw,6,34592,488.292,1344.000,true
current,1,mybatis_insert_placeholders,6,17895,716.932,1616.000,true
current,1,raw_row_in,6,17120,719.737,1608.000,true
current,1,named_repeated_names,6,1063,21342.615,42584.000,true
current,1,mybatis_raw_expression,6,20606,982.393,1744.000,true
current,1,mybatis_between,6,12954,1152.447,2344.000,true
current,1,raw_select_expressions,6,10537,2210.069,1936.000,true
current,1,raw_in_expression,6,2610,6301.379,3712.000,true
current,1,named_derived,6,3335,4292.594,7256.000,true
current,1,positional_dialect_PostgreSQL,6,16738,892.275,1848.000,true
current,1,mybatis_select_star,6,108500,226.697,880.000,true
current,1,positional_condition_only,6,8092,2662.234,3104.000,true
current,1,mybatis_repeated_names,6,754,17988.859,30536.000,true
current,1,raw_subquery_raw,6,18894,557.918,1344.000,true
current,1,raw_where_eq,6,14218,698.706,1504.000,true
current,1,raw_batch_beans,6,5339,3991.590,8808.000,true
current,1,named_insert_placeholders,6,11453,852.825,1920.000,true
current,1,named_insert_entity,6,28874,751.202,1904.000,true
current,1,mybatis_select_entity,6,42706,544.038,1304.000,true
current,1,raw_update_map,6,17970,1041.742,1960.000,true
current,1,positional_insert_entity,6,25959,695.994,1192.000,true
current,1,named_where_128,6,663,45420.060,47920.000,true
current,1,positional_batch_4,6,3220,1884.876,2968.000,true
current,1,positional_batch_beans,6,4921,3957.305,6984.000,true
current,1,named_naming_KEBAB_CASE,6,4470,5665.257,6936.000,true
current,1,named_in_256,6,668,24680.838,71352.000,true
current,1,named_dialect_Microsoft_SQL_Server,6,8361,1228.394,2584.000,true
current,1,mybatis_where_eq,6,29045,789.196,1816.000,true
current,1,raw_late_modifier,6,40151,551.122,1344.000,true
current,1,raw_select_columns,6,17074,612.698,1216.000,true
current,1,raw_naming_KEBAB_CASE,6,4148,3204.243,3272.000,true
current,1,mybatis_where_128,6,706,29779.603,34848.000,true
current,1,custom_handler_where,6,2824,4233.286,6968.000,true
current,1,raw_naming_CAMEL_CASE,6,7796,2157.376,1504.000,true
current,1,positional_naming_SCREAMING_SNAKE_CASE,6,5976,3183.735,3664.000,true
current,1,raw_in_17,6,15010,585.476,1352.000,true
current,1,named_mixed_literals,6,20265,1035.248,2416.000,true
current,1,raw_select_entity,6,8892,461.032,1304.000,true
current,1,raw_nested,6,6277,809.686,1616.000,true
current,1,mybatis_batch_4,6,5641,1957.313,4664.000,true
current,1,named_batch_beans,6,3403,5675.786,18616.000,true
current,1,positional_in_17,6,36108,576.005,1680.000,true
current,1,mybatis_where_16,6,3220,3901.522,5336.000,true
current,1,raw_raw_expression,6,20587,933.929,1744.000,true
current,1,raw_group_order,6,10317,1377.329,2952.000,true
current,1,mybatis_insert_values,6,12819,790.670,1840.000,true
current,1,mybatis_naming_NO_CHANGE,6,3595,2795.855,3568.000,true
current,1,named_select_expressions,6,14312,1329.800,1936.000,true
current,1,raw_join_using,6,22470,679.270,1664.000,true
current,1,positional_nested,6,24680,865.689,1704.000,true
current,1,named_dialect_Oracle,6,11079,979.005,2584.000,true
current,1,positional_join_using,6,31094,680.212,1752.000,true
current,1,named_update_chain_16,6,2280,9368.947,24072.000,true
current,1,positional_pagination,6,28285,674.806,1824.000,true
current,1,raw_delete,6,55812,251.251,912.000,true
current,1,mybatis_select_columns,6,36809,591.206,1216.000,true
current,1,raw_insert_values,6,20696,584.649,1536.000,true
current,1,positional_select_columns,6,38533,636.893,1216.000,true
current,1,positional_subquery_structured,6,15642,1070.113,2856.000,true
current,1,named_insert_values,6,26556,798.189,2176.000,true
current,1,positional_insert_values,6,27152,592.280,1464.000,true
current,1,mybatis_derived,6,1717,4193.768,7208.000,true
current,1,named_select_columns,6,36443,565.453,1216.000,true
current,1,positional_select_star,6,122930,209.689,880.000,true
current,1,positional_raw_expression,6,21292,897.581,1744.000,true
current,1,custom_handler_union,6,3502,4570.931,7248.000,true
current,1,positional_group_order,6,14043,1512.718,3112.000,true
current,1,named_where_eq,6,28483,793.463,1976.000,true
current,1,named_nested,6,20202,1085.640,2256.000,true
current,1,mybatis_in_1024,6,178,76397.753,182240.000,true
current,1,positional_union_builder,6,5059,2113.323,3920.000,true
current,1,named_raw_expression,6,23080,891.807,1744.000,true
current,1,named_group_order,6,11031,1911.232,3936.000,true
current,1,positional_dialect_Microsoft_SQL_Server,6,12139,1021.995,2032.000,true
current,1,raw_condition_only,6,8321,2588.415,2720.000,true
current,1,named_pagination,6,21912,925.721,2384.000,true
current,1,named_naming_UPPER_CAMEL_CASE,6,3000,4581.033,6664.000,true
current,1,mybatis_mixed_literals,6,12254,1101.110,2080.000,true
current,1,raw_between,6,16041,684.995,1648.000,true
current,1,named_update_map,6,18353,1155.560,2976.000,true
current,1,mybatis_in_17,6,8070,1464.981,4192.000,true
current,1,raw_union_raw,6,12134,1030.377,1472.000,true
current,1,mybatis_naming_KEBAB_CASE,6,4899,4087.936,5336.000,true
current,1,positional_retry_rollback,6,6299,2423.750,3864.000,true
current,1,raw_insert_placeholders,6,46469,461.901,1208.000,true
current,1,raw_retry_rollback,6,5023,2833.386,3976.000,true
current,1,positional_union_raw,6,19907,1031.456,1472.000,true
current,1,raw_update_map,7,17970,831.525,1960.000,true
current,1,mybatis_naming_CAMEL_CASE,7,5992,3070.277,3568.000,true
current,1,positional_update_map,7,29160,789.866,1872.000,true
current,1,positional_dialect_MySQL,7,13426,790.504,1848.000,true
current,1,mybatis_union_builder,7,2601,4154.979,6768.000,true
current,1,named_in_expression,7,670,23057.612,72456.000,true
current,1,named_join_using,7,24062,820.273,2136.000,true
current,1,named_select_expressions,7,14312,1355.925,1936.000,true
current,1,mybatis_raw_expression,7,20606,926.614,1744.000,true
current,1,positional_select_columns,7,38533,576.298,1216.000,true
current,1,positional_where_16,7,7089,2831.189,3648.000,true
current,1,positional_in_256,7,9583,2101.461,6208.000,true
current,1,positional_delete,7,49265,276.391,1000.000,true
current,1,named_naming_NO_CHANGE,7,2565,2981.053,5168.000,true
current,1,raw_where_16,7,2928,2866.564,3272.000,true
current,1,mybatis_retry_rollback,7,3360,2917.470,4784.000,true
current,1,mybatis_where_128,7,706,30283.144,34848.000,true
current,1,positional_between,7,24427,717.849,1736.000,true
current,1,raw_nested,7,6277,840.497,1616.000,true
current,1,raw_row_in,7,17120,734.124,1608.000,true
current,1,named_select_columns,7,36443,628.886,1216.000,true
current,1,positional_group_order,7,14043,1514.755,3112.000,true
current,1,raw_insert_entity,7,33326,564.523,1264.000,true
current,1,named_late_modifier,7,36025,598.890,1816.000,true
current,1,raw_in_1024,7,950,12149.789,6328.000,true
current,1,positional_late_modifier,7,44098,510.139,1432.000,true
current,1,mybatis_row_in,7,10864,911.193,2272.000,true
current,1,raw_select_expressions,7,10537,1478.542,1936.000,true
current,1,raw_in_17,7,15010,588.721,1352.000,true
current,1,mybatis_join_on,7,16009,1136.898,2648.000,true
current,1,named_row_in,7,20691,1031.091,2680.000,true
current,1,positional_pagination,7,28285,737.504,1824.000,true
current,1,mybatis_mixed_literals,7,12254,975.110,2080.000,true
current,1,positional_where_eq,7,23740,702.991,1592.000,true
current,1,raw_select_columns,7,17074,573.217,1216.000,true
current,1,mybatis_in_expression,7,834,17208.993,48432.000,true
current,1,mybatis_group_order,7,5992,1763.234,3608.000,true
current,1,named_insert_values,7,26556,841.539,2176.000,true
current,1,positional_naming_CAMEL_CASE,7,9207,2322.548,1880.000,true
current,1,positional_insert_placeholders,7,43499,435.019,1208.000,true
current,1,positional_raw_expression,7,21292,965.856,1744.000,true
current,1,mybatis_condition_only,7,4621,3444.254,4784.000,true
current,1,raw_subquery_raw,7,18894,519.546,1344.000,true
current,1,positional_batch_4,7,3220,1298.913,2968.000,true
current,1,positional_row_in,7,15143,750.750,1608.000,true
current,1,raw_insert_values,7,20696,584.838,1536.000,true
current,1,named_batch_beans,7,3403,6369.703,18616.000,true
current,1,named_nested,7,20202,1063.162,2256.000,true
current,1,positional_in_17,7,36108,539.839,1680.000,true
current,1,named_select_star,7,64166,197.016,880.000,true
current,1,named_naming_SCREAMING_SNAKE_CASE,7,4572,3994.116,6952.000,true
current,1,mybatis_union_raw,7,12979,1060.706,1472.000,true
current,1,positional_retry_rollback,7,6299,2258.406,3864.000,true
current,1,mybatis_late_modifier,7,17073,531.090,1656.000,true
current,1,raw_update_chain_16,7,4212,4844.041,13856.000,true
current,1,mybatis_where_16,7,3220,4418.851,5336.000,true
current,1,positional_naming_UPPER_CAMEL_CASE,7,4506,3247.670,3376.000,true
current,1,raw_delete,7,55812,273.638,912.000,true
current,1,named_insert_entity,7,28874,824.739,1904.000,true
current,1,mybatis_naming_UPPER_CAMEL_CASE,7,3167,4311.746,5064.000,true
current,1,positional_select_expressions,7,13787,1357.685,1936.000,true
current,1,mybatis_select_star,7,108500,211.236,880.000,true
current,1,raw_pagination,7,19029,662.646,1712.000,true
current,1,positional_naming_SCREAMING_SNAKE_CASE,7,5976,3099.716,3664.000,true
current,1,named_between,7,19700,1094.624,2600.000,true
current,1,mybatis_select_expressions,7,7566,1447.661,1936.000,true
current,1,raw_batch_4,7,10280,1540.389,3432.000,true
current,1,mybatis_update_chain_16,7,1621,8380.938,21304.000,true
current,1,named_where_16,7,4488,4192.914,6936.000,true
current,1,raw_late_modifier,7,40151,484.680,1344.000,true
current,1,mybatis_repeated_names,7,754,17403.714,30536.000,true
current,1,raw_naming_KEBAB_CASE,7,4148,3270.058,3272.000,true
current,1,mybatis_pagination,7,9224,844.059,2152.000,true
current,1,raw_naming_UPPER_CAMEL_CASE,7,4054,3416.404,3000.000,true
current,1,positional_dialect_Oracle,7,26362,866.179,2032.000,true
current,1,mybatis_update_map,7,10078,1078.498,2512.000,true
current,1,named_naming_UPPER_CAMEL_CASE,7,3000,4268.100,6664.000,true
current,1,positional_select_entity,7,44262,519.690,1304.000,true
current,1,named_subquery_raw,7,34592,489.232,1344.000,true
current,1,named_naming_KEBAB_CASE,7,4470,4155.347,6936.000,true
current,1,mybatis_select_entity,7,42706,530.368,1304.000,true
current,1,positional_dialect_PostgreSQL,7,16738,1087.597,1848.000,true
current,1,positional_repeated_names,7,1528,11642.866,17240.000,true
current,1,mybatis_naming_KEBAB_CASE,7,4899,4221.025,5336.000,true
current,1,raw_subquery_structured,7,14281,1008.487,2720.000,true
current,1,raw_group_order,7,10317,1499.079,2952.000,true
current,1,positional_in_16,7,31577,639.282,1728.000,true
current,1,mybatis_where_eq,7,29045,743.522,1816.000,true
current,1,named_dialect_Microsoft_SQL_Server,7,8361,1105.322,2584.000,true
current,1,positional_mixed_literals,7,24008,896.780,1696.000,true
current,1,mybatis_between,7,12954,1058.191,2344.000,true
current,1,named_dialect_DB2,7,12056,1049.635,2584.000,true
current,1,named_in_17,7,12463,1665.378,5736.000,true
current,1,mybatis_in_1024,7,178,78650.562,182240.000,true
current,1,raw_between,7,16041,702.388,1648.000,true
current,1,mybatis_subquery_structured,7,11435,1389.733,3312.000,true
current,1,named_repeated_names,7,1063,17981.562,42584.000,true
current,1,raw_join_using,7,22470,668.429,1664.000,true
current,1,named_group_order,7,11031,1893.101,3936.000,true
current,1,mybatis_derived,7,1717,3923.588,7208.000,true
current,1,named_in_256,7,668,20747.305,71352.000,true
current,1,named_where_128,7,663,31157.919,47920.000,true
current,1,raw_in_256,7,3485,3522.927,2464.000,true
current,1,positional_insert_entity,7,25959,502.743,1192.000,true
current,1,positional_derived,7,5798,3271.404,5480.000,true
current,1,raw_naming_SCREAMING_SNAKE_CASE,7,4428,3153.365,3288.000,true
current,1,raw_naming_CAMEL_CASE,7,7796,2128.707,1504.000,true
current,1,raw_batch_64,7,1772,11631.433,32232.000,true
current,1,mybatis_join_using,7,25448,771.569,1976.000,true
current,1,raw_in_expression,7,2610,4084.636,3712.000,true
current,1,mybatis_naming_SCREAMING_SNAKE_CASE,7,4080,3885.980,5352.000,true
current,1,raw_repeated_names,7,1031,11841.222,14152.000,true
current,1,positional_condition_only,7,8092,2547.232,3104.000,true
current,1,positional_naming_KEBAB_CASE,7,4616,2935.724,3648.000,true
current,1,positional_select_star,7,122930,211.844,880.000,true
current,1,named_in_16,7,12510,1626.475,5520.000,true
current,1,raw_union_raw,7,12134,1070.694,1472.000,true
current,1,named_retry_rollback,7,6519,3029.452,5304.000,true
current,1,named_update_chain_16,7,2280,9578.816,24072.000,true
current,1,mybatis_insert_values,7,12819,727.693,1840.000,true
current,1,mybatis_insert_placeholders,7,17895,664.778,1616.000,true
current,1,positional_join_on,7,20346,1064.740,2424.000,true
current,1,named_where_eq,7,28483,756.090,1976.000,true
current,1,mybatis_nested,7,15489,962.593,2024.000,true
current,1,named_dialect_PostgreSQL,7,5446,961.403,2408.000,true
current,1,custom_handler_where,7,2824,4139.306,6968.000,true
current,1,positional_union_raw,7,19907,974.612,1472.000,true
current,1,raw_where_128,7,35,20980.000,17776.000,true
current,1,named_batch_64,7,920,23303.696,72360.000,true
current,1,positional_update_chain_16,7,4504,4884.281,14560.000,true
current,1,named_pagination,7,21912,941.142,2384.000,true
current,1,raw_retry_rollback,7,5023,2591.559,3976.000,true
current,1,mybatis_batch_64,7,751,20197.736,54296.000,true
current,1,mybatis_insert_entity,7,13774,728.307,1568.000,true
current,1,raw_join_on,7,9442,1113.239,2336.000,true
current,1,custom_handler_union,7,3502,4481.268,7248.000,true
current,1,named_dialect_Oracle,7,11079,999.079,2584.000,true
current,1,raw_batch_beans,7,5339,3885.353,8808.000,true
current,1,mybatis_in_256,7,942,18322.930,47256.000,true
current,1,named_delete,7,62045,343.483,1384.000,true
current,1,raw_insert_placeholders,7,46469,424.229,1208.000,true
current,1,raw_where_eq,7,14218,693.705,1504.000,true
current,1,raw_condition_only,7,8321,2414.049,2720.000,true
current,1,positional_insert_values,7,27152,568.249,1464.000,true
current,1,named_in_1024,7,184,90752.174,278560.000,true
current,1,positional_union_builder,7,5059,2114.449,3920.000,true
current,1,raw_naming_NO_CHANGE,7,4406,1851.158,1504.000,true
current,1,named_mixed_literals,7,20265,1071.725,2416.000,true
current,1,positional_dialect_Microsoft_SQL_Server,7,12139,1027.473,2032.000,true
current,1,raw_select_entity,7,8892,602.935,1304.000,true
current,1,named_naming_CAMEL_CASE,7,3580,3197.263,5168.000,true
current,1,positional_subquery_raw,7,23675,468.448,1344.000,true
current,1,mybatis_naming_NO_CHANGE,7,3595,3414.715,3568.000,true
current,1,named_insert_placeholders,7,11453,810.984,1920.000,true
current,1,named_subquery_structured,7,15042,1340.001,3568.000,true
current,1,positional_subquery_structured,7,15642,1137.099,2856.000,true
current,1,raw_raw_expression,7,20587,908.160,1744.000,true
current,1,raw_union_builder,7,7484,2111.772,3704.000,true
current,1,mybatis_delete,7,60178,330.089,1232.000,true
current,1,mybatis_batch_4,7,5641,1983.939,4664.000,true
current,1,named_union_builder,7,5305,3936.550,6792.000,true
current,1,named_derived,7,3335,4757.331,7256.000,true
current,1,mybatis_subquery_raw,7,22795,479.281,1344.000,true
current,1,positional_naming_NO_CHANGE,7,7999,1881.260,1880.000,true
current,1,positional_nested,7,24680,877.188,1704.000,true
current,1,mybatis_in_16,7,6587,1558.691,4048.000,true
current,1,named_select_entity,7,38530,555.871,1304.000,true
current,1,mybatis_batch_beans,7,3499,5225.722,14120.000,true
current,1,positional_batch_beans,7,4921,3270.595,6984.000,true
current,1,named_join_on,7,17272,1222.036,2808.000,true
current,1,named_dialect_MySQL,7,6108,1076.113,2408.000,true
current,1,named_union_raw,7,20711,971.831,1472.000,true
current,1,positional_in_1024,7,4001,5847.263,20800.000,true
current,1,named_batch_4,7,10307,1951.761,5744.000,true
current,1,positional_in_expression,7,7421,3175.435,7536.000,true
current,1,positional_batch_64,7,2042,9104.799,25496.000,true
current,1,named_raw_expression,7,23080,929.697,1744.000,true
current,1,mybatis_in_17,7,8070,1471.301,4192.000,true
current,1,named_update_map,7,18353,1170.223,2976.000,true
current,1,positional_dialect_DB2,7,15475,804.659,2032.000,true
current,1,raw_select_star,7,47626,215.624,880.000,true
current,1,mybatis_select_columns,7,36809,573.121,1216.000,true
current,1,positional_where_128,7,971,22073.326,20712.000,true
current,1,named_condition_only,7,5765,3394.657,6384.000,true
current,1,raw_in_16,7,16893,576.623,1344.000,true
current,1,raw_derived,7,3872,3346.617,5216.000,true
current,1,raw_mixed_literals,7,11524,1047.102,1864.000,true
current,1,positional_join_using,7,31094,675.474,1752.000,true
current,1,raw_insert_entity,8,33326,555.293,1264.000,true
current,1,named_update_chain_16,8,2280,9553.509,24072.000,true
current,1,positional_condition_only,8,8092,2444.464,3104.000,true
current,1,raw_in_17,8,15010,587.735,1352.000,true
current,1,raw_select_entity,8,8892,621.379,1304.000,true
current,1,named_select_star,8,64166,202.135,880.000,true
current,1,raw_retry_rollback,8,5023,2747.541,3976.000,true
current,1,raw_repeated_names,8,1031,11199.612,14152.000,true
current,1,raw_between,8,16041,727.355,1648.000,true
current,1,positional_derived,8,5798,3492.515,5480.000,true
current,1,raw_delete,8,55812,241.857,912.000,true
current,1,mybatis_pagination,8,9224,825.076,2152.000,true
current,1,named_group_order,8,11031,1880.301,3936.000,true
current,1,raw_batch_beans,8,5339,3515.902,8808.000,true
current,1,positional_dialect_Oracle,8,26362,799.393,2032.000,true
current,1,positional_where_128,8,971,21483.728,20712.000,true
current,1,mybatis_subquery_structured,8,11435,1302.239,3312.000,true
current,1,positional_naming_NO_CHANGE,8,7999,1917.702,1880.000,true
current,1,positional_dialect_Microsoft_SQL_Server,8,12139,1020.125,2032.000,true
current,1,named_dialect_MySQL,8,6108,1136.591,2408.000,true
current,1,positional_select_entity,8,44262,468.404,1304.000,true
current,1,raw_where_eq,8,14218,687.614,1504.000,true
current,1,positional_delete,8,49265,254.432,1000.000,true
current,1,mybatis_naming_KEBAB_CASE,8,4899,4025.536,5336.000,true
current,1,raw_late_modifier,8,40151,465.520,1344.000,true
current,1,mybatis_in_17,8,8070,1544.064,4192.000,true
current,1,named_where_16,8,4488,3889.661,6936.000,true
current,1,mybatis_insert_placeholders,8,17895,681.621,1616.000,true
current,1,raw_update_map,8,17970,760.940,1960.000,true
current,1,positional_insert_placeholders,8,43499,438.077,1208.000,true
current,1,mybatis_union_builder,8,2601,3919.300,6768.000,true
current,1,raw_subquery_raw,8,18894,442.162,1344.000,true
current,1,mybatis_where_16,8,3220,3686.770,5336.000,true
current,1,positional_batch_64,8,2042,9616.699,25496.000,true
current,1,raw_where_16,8,2928,2994.160,3272.000,true
current,1,mybatis_naming_SCREAMING_SNAKE_CASE,8,4080,3822.010,5352.000,true
current,1,positional_batch_4,8,3220,1601.801,2968.000,true
current,1,named_dialect_PostgreSQL,8,5446,1004.205,2408.000,true
current,1,positional_group_order,8,14043,1434.238,3112.000,true
current,1,raw_in_1024,8,950,12349.789,6328.000,true
current,1,raw_where_128,8,35,21811.429,17776.000,true
current,1,positional_naming_SCREAMING_SNAKE_CASE,8,5976,3308.317,3664.000,true
current,1,mybatis_update_map,8,10078,1133.667,2512.000,true
current,1,named_raw_expression,8,23080,1050.763,1744.000,true
current,1,named_where_eq,8,28483,715.381,1976.000,true
current,1,named_condition_only,8,5765,3697.016,6384.000,true
current,1,mybatis_late_modifier,8,17073,521.490,1656.000,true
current,1,raw_derived,8,3872,3177.634,5216.000,true
current,1,named_in_17,8,12463,1684.514,5736.000,true
current,1,named_subquery_raw,8,34592,477.761,1344.000,true
current,1,named_union_builder,8,5305,4211.536,6792.000,true
current,1,mybatis_insert_values,8,12819,796.287,1840.000,true
current,1,named_select_columns,8,36443,568.041,1216.000,true
current,1,mybatis_derived,8,1717,3859.289,7208.000,true
current,1,named_repeated_names,8,1063,19094.638,42584.000,true
current,1,mybatis_batch_beans,8,3499,5446.099,14120.000,true
current,1,named_late_modifier,8,36025,576.805,1816.000,true
current,1,mybatis_select_star,8,108500,212.628,880.000,true
current,1,named_between,8,19700,1016.675,2600.000,true
current,1,raw_group_order,8,10317,1602.210,2952.000,true
current,1,positional_naming_UPPER_CAMEL_CASE,8,4506,3304.372,3376.000,true
current,1,raw_in_256,8,3485,3197.618,2464.000,true
current,1,positional_in_256,8,9583,1999.019,6208.000,true
current,1,positional_where_16,8,7089,2992.270,3648.000,true
current,1,raw_subquery_structured,8,14281,1026.756,2720.000,true
current,1,mybatis_condition_only,8,4621,3390.522,4784.000,true
current,1,positional_update_map,8,29160,747.565,1872.000,true
current,1,raw_select_columns,8,17074,619.937,1216.000,true
current,1,mybatis_row_in,8,10864,915.906,2272.000,true
current,1,positional_dialect_DB2,8,15475,795.457,2032.000,true
current,1,raw_union_builder,8,7484,2200.548,3704.000,true
current,1,positional_mixed_literals,8,24008,805.186,1696.000,true
current,1,raw_select_expressions,8,10537,1528.509,1936.000,true
current,1,mybatis_in_256,8,942,16057.749,47256.000,true
current,1,mybatis_union_raw,8,12979,1010.902,1472.000,true
current,1,mybatis_where_eq,8,29045,736.230,1816.000,true
current,1,named_insert_entity,8,28874,728.295,1904.000,true
current,1,mybatis_mixed_literals,8,12254,1010.617,2080.000,true
current,1,raw_update_chain_16,8,4212,4720.204,13856.000,true
current,1,raw_insert_placeholders,8,46469,430.960,1208.000,true
current,1,mybatis_in_1024,8,178,73192.697,182240.000,true
current,1,named_naming_SCREAMING_SNAKE_CASE,8,4572,4040.857,6952.000,true
current,1,raw_batch_4,8,10280,1330.885,3432.000,true
current,1,mybatis_select_expressions,8,7566,1515.015,1936.000,true
current,1,named_where_128,8,663,29041.327,47920.000,true
current,1,mybatis_join_using,8,25448,938.498,1976.000,true
current,1,named_dialect_Microsoft_SQL_Server,8,8361,1377.515,2584.000,true
current,1,positional_nested,8,24680,929.489,1704.000,true
current,1,named_in_256,8,668,20873.653,71352.000,true
current,1,named_in_16,8,12510,1686.978,5520.000,true
current,1,raw_raw_expression,8,20587,980.629,1744.000,true
current,1,mybatis_naming_CAMEL_CASE,8,5992,3094.910,3568.000,true
current,1,mybatis_retry_rollback,8,3360,2899.673,4784.000,true
current,1,named_insert_values,8,26556,797.944,2176.000,true
current,1,mybatis_select_entity,8,42706,489.795,1304.000,true
current,1,mybatis_delete,8,60178,304.271,1232.000,true
current,1,positional_insert_entity,8,25959,539.008,1192.000,true
current,1,mybatis_subquery_raw,8,22795,440.548,1344.000,true
current,1,positional_naming_KEBAB_CASE,8,4616,3279.289,3648.000,true
current,1,positional_update_chain_16,8,4504,4668.406,14560.000,true
current,1,named_naming_UPPER_CAMEL_CASE,8,3000,4753.333,6664.000,true
current,1,mybatis_raw_expression,8,20606,905.474,1744.000,true
current,1,named_in_expression,8,670,22614.627,72456.000,true
current,1,named_mixed_literals,8,20265,1009.657,2416.000,true
current,1,positional_select_star,8,122930,209.061,880.000,true
current,1,raw_join_on,8,9442,1029.941,2336.000,true
current,1,named_delete,8,62045,338.719,1384.000,true
current,1,raw_naming_SCREAMING_SNAKE_CASE,8,4428,2961.676,3288.000,true
current,1,named_pagination,8,21912,911.783,2384.000,true
current,1,mybatis_batch_4,8,5641,1759.422,4664.000,true
current,1,positional_in_expression,8,7421,2989.516,7536.000,true
current,1,named_join_using,8,24062,848.425,2136.000,true
current,1,named_select_entity,8,38530,463.870,1304.000,true
current,1,raw_batch_64,8,1772,11978.104,32232.000,true
current,1,raw_row_in,8,17120,703.954,1608.000,true
current,1,raw_in_expression,8,2610,4832.682,3712.000,true
current,1,raw_insert_values,8,20696,616.501,1536.000,true
current,1,positional_in_17,8,36108,687.540,1680.000,true
current,1,positional_subquery_structured,8,15642,1157.384,2856.000,true
current,1,positional_union_raw,8,19907,1040.976,1472.000,true
current,1,mybatis_where_128,8,706,27482.011,34848.000,true
current,1,raw_naming_UPPER_CAMEL_CASE,8,4054,3039.023,3000.000,true
current,1,named_row_in,8,20691,1087.038,2680.000,true
current,1,raw_join_using,8,22470,634.304,1664.000,true
current,1,named_dialect_DB2,8,12056,1136.165,2584.000,true
current,1,positional_batch_beans,8,4921,2684.332,6984.000,true
current,1,named_nested,8,20202,1034.185,2256.000,true
current,1,positional_retry_rollback,8,6299,2320.908,3864.000,true
current,1,raw_union_raw,8,12134,969.326,1472.000,true
current,1,named_batch_beans,8,3403,6031.825,18616.000,true
current,1,raw_mixed_literals,8,11524,965.455,1864.000,true
current,1,positional_join_using,8,31094,697.652,1752.000,true
current,1,named_retry_rollback,8,6519,3753.198,5304.000,true
current,1,positional_in_1024,8,4001,5763.934,20800.000,true
current,1,named_naming_NO_CHANGE,8,2565,2840.585,5168.000,true
current,1,named_select_expressions,8,14312,1313.045,1936.000,true
current,1,positional_union_builder,8,5059,2096.758,3920.000,true
current,1,mybatis_join_on,8,16009,1201.468,2648.000,true
current,1,mybatis_repeated_names,8,754,16947.215,30536.000,true
current,1,positional_between,8,24427,750.182,1736.000,true
current,1,positional_repeated_names,8,1528,11012.107,17240.000,true
current,1,named_union_raw,8,20711,977.814,1472.000,true
current,1,positional_raw_expression,8,21292,969.749,1744.000,true
current,1,positional_where_eq,8,23740,621.441,1592.000,true
current,1,mybatis_update_chain_16,8,1621,8296.792,21304.000,true
current,1,mybatis_group_order,8,5992,1643.441,3608.000,true
current,1,positional_subquery_raw,8,23675,524.579,1344.000,true
current,1,raw_nested,8,6277,870.973,1616.000,true
current,1,raw_naming_CAMEL_CASE,8,7796,2117.188,1504.000,true
current,1,mybatis_batch_64,8,751,19943.142,54296.000,true
current,1,named_subquery_structured,8,15042,1400.485,3568.000,true
current,1,raw_in_16,8,16893,581.738,1344.000,true
current,1,mybatis_nested,8,15489,1267.971,2024.000,true
current,1,mybatis_select_columns,8,36809,574.384,1216.000,true
current,1,positional_row_in,8,15143,731.427,1608.000,true
current,1,positional_dialect_MySQL,8,13426,699.851,1848.000,true
current,1,raw_naming_KEBAB_CASE,8,4148,2938.235,3272.000,true
current,1,mybatis_in_expression,8,834,17998.082,48432.000,true
current,1,named_batch_64,8,920,21875.978,72360.000,true
current,1,named_update_map,8,18353,1192.372,2976.000,true
current,1,named_naming_KEBAB_CASE,8,4470,4195.101,6936.000,true
current,1,mybatis_between,8,12954,990.451,2344.000,true
current,1,raw_naming_NO_CHANGE,8,4406,1843.486,1504.000,true
current,1,positional_dialect_PostgreSQL,8,16738,769.740,1848.000,true
current,1,positional_in_16,8,31577,652.586,1728.000,true
current,1,named_naming_CAMEL_CASE,8,3580,3195.726,5168.000,true
current,1,mybatis_in_16,8,6587,1566.419,4048.000,true
current,1,positional_select_columns,8,38533,585.662,1216.000,true
current,1,mybatis_insert_entity,8,13774,789.320,1568.000,true
current,1,positional_naming_CAMEL_CASE,8,9207,2194.385,1880.000,true
current,1,named_dialect_Oracle,8,11079,991.073,2584.000,true
current,1,named_join_on,8,17272,1205.095,2808.000,true
current,1,custom_handler_union,8,3502,4569.132,7248.000,true
current,1,named_insert_placeholders,8,11453,638.680,1920.000,true
current,1,raw_condition_only,8,8321,2520.935,2720.000,true
current,1,named_in_1024,8,184,85222.283,278560.000,true
current,1,positional_select_expressions,8,13787,1369.921,1936.000,true
current,1,positional_pagination,8,28285,694.007,1824.000,true
current,1,named_derived,8,3335,4310.945,7256.000,true
current,1,custom_handler_where,8,2824,3859.525,6968.000,true
current,1,mybatis_naming_UPPER_CAMEL_CASE,8,3167,3969.466,5064.000,true
current,1,raw_pagination,8,19029,675.495,1712.000,true
current,1,positional_late_modifier,8,44098,530.754,1432.000,true
current,1,positional_join_on,8,20346,1193.306,2424.000,true
current,1,positional_insert_values,8,27152,577.913,1464.000,true
current,1,named_batch_4,8,10307,2079.441,5744.000,true
current,1,raw_select_star,8,47626,205.251,880.000,true
current,1,mybatis_naming_NO_CHANGE,8,3595,2907.594,3568.000,true
current,1,positional_update_map,9,29160,753.971,1872.000,true
current,1,positional_select_columns,9,38533,594.654,1216.000,true
current,1,positional_insert_values,9,27152,694.494,1464.000,true
current,1,positional_pagination,9,28285,711.031,1824.000,true
current,1,raw_insert_values,9,20696,651.078,1536.000,true
current,1,named_select_expressions,9,14312,1359.251,1936.000,true
current,1,named_derived,9,3335,3899.040,7256.000,true
current,1,raw_in_17,9,15010,680.353,1352.000,true
current,1,positional_dialect_Oracle,9,26362,819.088,2032.000,true
current,1,mybatis_in_16,9,6587,1745.802,4048.000,true
current,1,named_row_in,9,20691,996.892,2680.000,true
current,1,mybatis_select_columns,9,36809,596.778,1216.000,true
current,1,mybatis_naming_KEBAB_CASE,9,4899,3934.823,5336.000,true
current,1,positional_join_on,9,20346,1100.216,2424.000,true
current,1,positional_insert_entity,9,25959,521.237,1192.000,true
current,1,mybatis_join_on,9,16009,1242.507,2648.000,true
current,1,named_subquery_structured,9,15042,1328.221,3568.000,true
current,1,mybatis_naming_NO_CHANGE,9,3595,3336.662,3568.000,true
current,1,named_select_entity,9,38530,621.544,1304.000,true
current,1,mybatis_where_128,9,706,28672.238,34848.000,true
current,1,named_delete,9,62045,344.421,1384.000,true
current,1,positional_batch_4,9,3220,1152.671,2968.000,true
current,1,mybatis_subquery_raw,9,22795,454.253,1344.000,true
current,1,mybatis_naming_SCREAMING_SNAKE_CASE,9,4080,4060.172,5352.000,true
current,1,raw_batch_beans,9,5339,4057.614,8808.000,true
current,1,positional_where_16,9,7089,3234.659,3648.000,true
current,1,named_in_expression,9,670,22075.672,72456.000,true
current,1,mybatis_repeated_names,9,754,16624.138,30536.000,true
current,1,positional_condition_only,9,8092,2626.421,3104.000,true
current,1,raw_mixed_literals,9,11524,973.065,1864.000,true
current,1,named_naming_KEBAB_CASE,9,4470,4983.490,6936.000,true
current,1,named_retry_rollback,9,6519,3455.729,5304.000,true
current,1,named_dialect_DB2,9,12056,970.869,2584.000,true
current,1,raw_between,9,16041,672.701,1648.000,true
current,1,named_update_map,9,18353,1202.092,2976.000,true
current,1,named_late_modifier,9,36025,657.674,1816.000,true
current,1,named_where_eq,9,28483,963.859,1976.000,true
current,1,named_insert_entity,9,28874,705.517,1904.000,true
current,1,named_where_16,9,4488,4253.676,6936.000,true
current,1,named_naming_SCREAMING_SNAKE_CASE,9,4572,4534.908,6952.000,true
current,1,raw_nested,9,6277,824.375,1616.000,true
current,1,raw_naming_UPPER_CAMEL_CASE,9,4054,3281.130,3000.000,true
current,1,mybatis_in_17,9,8070,1430.558,4192.000,true
current,1,positional_group_order,9,14043,1474.087,3112.000,true
current,1,positional_in_16,9,31577,649.014,1728.000,true
current,1,named_batch_4,9,10307,1961.065,5744.000,true
current,1,raw_batch_4,9,10280,1264.767,3432.000,true
current,1,raw_naming_NO_CHANGE,9,4406,1866.886,1504.000,true
current,1,mybatis_insert_values,9,12819,897.683,1840.000,true
current,1,named_where_128,9,663,30163.801,47920.000,true
current,1,mybatis_row_in,9,10864,913.384,2272.000,true
current,1,raw_in_1024,9,950,13202.737,6328.000,true
current,1,mybatis_nested,9,15489,990.406,2024.000,true
current,1,named_raw_expression,9,23080,923.674,1744.000,true
current,1,named_in_17,9,12463,1682.420,5736.000,true
current,1,named_join_on,9,17272,1409.449,2808.000,true
current,1,positional_delete,9,49265,295.814,1000.000,true
current,1,named_join_using,9,24062,740.271,2136.000,true
current,1,named_in_16,9,12510,1692.438,5520.000,true
current,1,mybatis_select_entity,9,42706,495.251,1304.000,true
current,1,named_dialect_MySQL,9,6108,932.024,2408.000,true
current,1,raw_union_builder,9,7484,2000.534,3704.000,true
current,1,raw_select_star,9,47626,207.771,880.000,true
current,1,mybatis_pagination,9,9224,807.350,2152.000,true
current,1,named_repeated_names,9,1063,19188.993,42584.000,true
current,1,positional_row_in,9,15143,671.333,1608.000,true
current,1,raw_retry_rollback,9,5023,2561.378,3976.000,true
current,1,mybatis_delete,9,60178,309.602,1232.000,true
current,1,raw_batch_64,9,1772,12112.020,32232.000,true
current,1,positional_union_builder,9,5059,2090.136,3920.000,true
current,1,mybatis_join_using,9,25448,956.955,1976.000,true
current,1,named_mixed_literals,9,20265,1070.831,2416.000,true
current,1,mybatis_between,9,12954,1006.454,2344.000,true
current,1,mybatis_in_1024,9,178,74519.663,182240.000,true
current,1,custom_handler_union,9,3502,4955.054,7248.000,true
current,1,raw_update_chain_16,9,4212,4486.491,13856.000,true
current,1,named_condition_only,9,5765,3810.043,6384.000,true
current,1,mybatis_derived,9,1717,4007.397,7208.000,true
current,1,mybatis_in_256,9,942,18043.737,47256.000,true
current,1,positional_dialect_PostgreSQL,9,16738,797.413,1848.000,true
current,1,named_dialect_PostgreSQL,9,5446,960.723,2408.000,true
current,1,positional_naming_KEBAB_CASE,9,4616,3133.947,3648.000,true
current,1,raw_raw_expression,9,20587,923.986,1744.000,true
current,1,raw_in_expression,9,2610,4523.985,3712.000,true
current,1,raw_insert_placeholders,9,46469,424.399,1208.000,true
current,1,positional_where_eq,9,23740,647.363,1592.000,true
current,1,named_between,9,19700,1062.655,2600.000,true
current,1,raw_subquery_raw,9,18894,433.916,1344.000,true
current,1,raw_pagination,9,19029,699.727,1712.000,true
current,1,named_dialect_Microsoft_SQL_Server,9,8361,1108.480,2584.000,true
current,1,mybatis_retry_rollback,9,3360,2801.012,4784.000,true
current,1,mybatis_group_order,9,5992,1642.891,3608.000,true
current,1,positional_batch_64,9,2042,9470.715,25496.000,true
current,1,named_update_chain_16,9,2280,10465.000,24072.000,true
current,1,raw_insert_entity,9,33326,576.181,1264.000,true
current,1,mybatis_raw_expression,9,20606,919.436,1744.000,true
current,1,named_pagination,9,21912,890.845,2384.000,true
current,1,mybatis_in_expression,9,834,18561.990,48432.000,true
current,1,positional_retry_rollback,9,6299,2306.541,3864.000,true
current,1,positional_naming_CAMEL_CASE,9,9207,2341.631,1880.000,true
current,1,raw_where_128,9,35,20988.571,17776.000,true
current,1,raw_in_256,9,3485,3220.430,2464.000,true
current,1,positional_update_chain_16,9,4504,4837.123,14560.000,true
current,1,positional_nested,9,24680,884.749,1704.000,true
current,1,raw_where_16,9,2928,2804.030,3272.000,true
current,1,mybatis_where_16,9,3220,3893.789,5336.000,true
current,1,raw_condition_only,9,8321,2416.488,2720.000,true
current,1,raw_derived,9,3872,3809.427,5216.000,true
current,1,mybatis_union_builder,9,2601,5434.525,6768.000,true
current,1,raw_delete,9,55812,297.320,912.000,true
current,1,raw_subquery_structured,9,14281,972.236,2720.000,true
current,1,positional_dialect_DB2,9,15475,832.194,2032.000,true
current,1,positional_naming_SCREAMING_SNAKE_CASE,9,5976,3124.247,3664.000,true
current,1,positional_naming_UPPER_CAMEL_CASE,9,4506,3578.540,3376.000,true
current,1,raw_join_using,9,22470,737.855,1664.000,true
current,1,positional_select_star,9,122930,215.655,880.000,true
current,1,positional_in_expression,9,7421,3129.524,7536.000,true
current,1,named_insert_placeholders,9,11453,622.675,1920.000,true
current,1,positional_in_17,9,36108,580.115,1680.000,true
current,1,mybatis_condition_only,9,4621,3222.766,4784.000,true
current,1,positional_between,9,24427,739.894,1736.000,true
current,1,named_nested,9,20202,1242.327,2256.000,true
current,1,mybatis_insert_entity,9,13774,672.579,1568.000,true
current,1,positional_late_modifier,9,44098,511.295,1432.000,true
current,1,positional_select_entity,9,44262,507.133,1304.000,true
current,1,positional_insert_placeholders,9,43499,527.621,1208.000,true
current,1,positional_mixed_literals,9,24008,857.043,1696.000,true
current,1,positional_subquery_raw,9,23675,444.253,1344.000,true
current,1,mybatis_batch_64,9,751,20904.394,54296.000,true
current,1,positional_join_using,9,31094,692.960,1752.000,true
current,1,positional_naming_NO_CHANGE,9,7999,1882.035,1880.000,true
current,1,raw_union_raw,9,12134,1054.747,1472.000,true
current,1,mybatis_update_map,9,10078,1057.650,2512.000,true
current,1,raw_naming_KEBAB_CASE,9,4148,3213.549,3272.000,true
current,1,positional_select_expressions,9,13787,1328.969,1936.000,true
current,1,named_select_star,9,64166,206.315,880.000,true
current,1,mybatis_select_expressions,9,7566,1465.543,1936.000,true
current,1,positional_repeated_names,9,1528,11060.929,17240.000,true
current,1,positional_in_256,9,9583,2224.084,6208.000,true
current,1,raw_late_modifier,9,40151,488.780,1344.000,true
current,1,mybatis_select_star,9,108500,199.825,880.000,true
current,1,mybatis_batch_4,9,5641,1756.533,4664.000,true
current,1,positional_subquery_structured,9,15642,1105.274,2856.000,true
current,1,mybatis_naming_UPPER_CAMEL_CASE,9,3167,4198.105,5064.000,true
current,1,raw_join_on,9,9442,1019.201,2336.000,true
current,1,named_in_1024,9,184,90570.109,278560.000,true
current,1,raw_select_expressions,9,10537,1874.955,1936.000,true
current,1,named_group_order,9,11031,1972.224,3936.000,true
current,1,named_union_raw,9,20711,990.247,1472.000,true
current,1,raw_select_entity,9,8892,467.420,1304.000,true
current,1,raw_naming_SCREAMING_SNAKE_CASE,9,4428,3153.862,3288.000,true
current,1,positional_raw_expression,9,21292,930.913,1744.000,true
current,1,mybatis_union_raw,9,12979,989.637,1472.000,true
current,1,raw_naming_CAMEL_CASE,9,7796,2274.538,1504.000,true
current,1,positional_derived,9,5798,3478.803,5480.000,true
current,1,mybatis_where_eq,9,29045,694.719,1816.000,true
current,1,named_batch_beans,9,3403,6108.875,18616.000,true
current,1,positional_dialect_Microsoft_SQL_Server,9,12139,952.879,2032.000,true
current,1,mybatis_insert_placeholders,9,17895,690.075,1616.000,true
current,1,mybatis_naming_CAMEL_CASE,9,5992,3085.330,3568.000,true
current,1,named_dialect_Oracle,9,11079,978.482,2584.000,true
current,1,mybatis_subquery_structured,9,11435,1340.612,3312.000,true
current,1,named_naming_UPPER_CAMEL_CASE,9,3000,5275.300,6664.000,true
current,1,positional_union_raw,9,19907,1051.987,1472.000,true
current,1,raw_repeated_names,9,1031,11072.260,14152.000,true
current,1,named_subquery_raw,9,34592,464.350,1344.000,true
current,1,raw_in_16,9,16893,719.825,1344.000,true
current,1,named_insert_values,9,26556,780.931,2176.000,true
current,1,positional_where_128,9,971,21835.324,20712.000,true
current,1,raw_update_map,9,17970,761.247,1960.000,true
current,1,named_naming_NO_CHANGE,9,2565,2852.632,5168.000,true
current,1,mybatis_mixed_literals,9,12254,1053.403,2080.000,true
current,1,custom_handler_where,9,2824,3941.076,6968.000,true
current,1,mybatis_update_chain_16,9,1621,7601.789,21304.000,true
current,1,raw_where_eq,9,14218,614.348,1504.000,true
current,1,named_naming_CAMEL_CASE,9,3580,3508.436,5168.000,true
current,1,named_in_256,9,668,20969.611,71352.000,true
current,1,positional_batch_beans,9,4921,2850.701,6984.000,true
current,1,positional_in_1024,9,4001,5866.183,20800.000,true
current,1,named_batch_64,9,920,24020.435,72360.000,true
current,1,raw_select_columns,9,17074,563.687,1216.000,true
current,1,named_union_builder,9,5305,4139.604,6792.000,true
current,1,mybatis_batch_beans,9,3499,5514.233,14120.000,true
current,1,named_select_columns,9,36443,621.321,1216.000,true
current,1,mybatis_late_modifier,9,17073,530.235,1656.000,true
current,1,raw_row_in,9,17120,684.194,1608.000,true
current,1,raw_group_order,9,10317,1468.780,2952.000,true
current,1,positional_dialect_MySQL,9,13426,700.425,1848.000,true
