version,fork,case,round,operations,ns_per_op,bytes_per_op,equivalent
current,3,named_subquery_structured,1,2511,4538.550,3616.000,true
current,3,mybatis_in_1024,1,44,224138.636,182264.000,true
current,3,positional_retry_rollback,1,494,6459.514,3888.000,true
current,3,mybatis_between,1,3039,3284.140,2368.000,true
current,3,named_batch_4,1,5337,5207.026,5608.000,true
current,3,named_batch_beans,1,1184,29238.598,18640.000,true
current,3,positional_join_using,1,1378,1562.337,1776.000,true
current,3,mybatis_repeated_names,1,367,33022.343,30560.000,true
current,3,positional_select_star,1,2773,464.623,904.000,true
current,3,raw_select_entity,1,18555,1342.301,1328.000,true
current,3,mybatis_naming_CAMEL_CASE,1,2642,8452.763,3592.000,true
current,3,raw_in_1024,1,1124,33806.050,6352.000,true
current,3,named_derived,1,2125,10699.529,7360.000,true
current,3,raw_where_16,1,3012,9408.632,3296.000,true
current,3,positional_join_on,1,7997,3613.092,2448.000,true
current,3,positional_naming_CAMEL_CASE,1,3696,5495.509,1904.000,true
current,3,mybatis_subquery_raw,1,9525,1480.577,1368.000,true
current,3,mybatis_in_16,1,5945,4349.437,4072.000,true
current,3,named_in_1024,1,99,202247.475,278584.000,true
current,3,named_in_expression,1,379,92117.942,72480.000,true
current,3,positional_condition_only,1,49,6112.245,3128.000,true
current,3,mybatis_retry_rollback,1,3441,9492.647,4808.000,true
current,3,positional_naming_SCREAMING_SNAKE_CASE,1,3143,9259.529,3688.000,true
current,3,named_dialect_DB2,1,8678,3202.892,2608.000,true
current,3,positional_insert_entity,1,11102,1620.771,1216.000,true
current,3,mybatis_batch_4,1,4241,5948.833,4528.000,true
current,3,named_insert_placeholders,1,8280,2073.261,1944.000,true
current,3,mybatis_naming_UPPER_CAMEL_CASE,1,1951,11289.339,5088.000,true
current,3,raw_batch_4,1,16133,2583.190,3296.000,true
current,3,mybatis_insert_entity,1,12639,2074.974,1592.000,true
current,3,positional_in_expression,1,3098,9473.757,7560.000,true
current,3,raw_derived,1,168,21983.333,5264.000,true
current,3,mybatis_join_using,1,9034,1950.199,2000.000,true
current,3,named_mixed_literals,1,569,2344.815,2440.000,true
current,3,mybatis_derived,1,3773,9554.943,7256.000,true
current,3,positional_mixed_literals,1,455,1918.242,1720.000,true
current,3,named_select_star,1,24835,425.814,904.000,true
current,3,mybatis_insert_values,1,2062,1550.145,1864.000,true
current,3,positional_late_modifier,1,14671,1126.222,1456.000,true
current,3,positional_union_builder,1,4,19200.000,3968.000,true
current,3,raw_where_eq,1,17285,1227.047,1528.000,true
current,3,named_late_modifier,1,12192,1315.978,1840.000,true
current,3,mybatis_join_on,1,1874,2746.798,2672.000,true
current,3,named_insert_values,1,9509,1969.587,2200.000,true
current,3,named_batch_64,1,325,54281.538,70304.000,true
current,3,raw_in_16,1,14241,2633.263,1368.000,true
current,3,raw_batch_64,1,1588,33384.887,30176.000,true
current,3,raw_delete,1,68196,732.241,936.000,true
current,3,named_select_entity,1,28212,1340.593,1328.000,true
current,3,positional_derived,1,1517,8214.239,5528.000,true
current,3,mybatis_update_map,1,8038,3669.719,2536.000,true
current,3,raw_update_map,1,23919,2709.068,1984.000,true
current,3,raw_where_128,1,437,61265.904,17800.000,true
current,3,named_repeated_names,1,163,70166.871,42608.000,true
current,3,positional_naming_KEBAB_CASE,1,2915,9601.235,3672.000,true
current,3,mybatis_naming_SCREAMING_SNAKE_CASE,1,2019,10842.645,5376.000,true
current,3,named_where_eq,1,16460,2516.707,2000.000,true
current,3,named_dialect_Microsoft_SQL_Server,1,6816,3921.728,2608.000,true
current,3,positional_naming_NO_CHANGE,1,4315,6640.139,1904.000,true
current,3,mybatis_group_order,1,3723,6162.638,3632.000,true
current,3,named_nested,1,331,3423.867,2280.000,true
current,3,positional_update_chain_16,1,1838,11606.257,14584.000,true
current,3,raw_naming_SCREAMING_SNAKE_CASE,1,940,11078.511,3312.000,true
current,3,mybatis_condition_only,1,2195,14318.542,4808.000,true
current,3,positional_in_17,1,786,5647.328,1704.000,true
current,3,positional_raw_expression,1,9512,7203.101,1768.000,true
current,3,raw_in_256,1,660,15996.970,2488.000,true
current,3,positional_where_16,1,2986,7773.141,3672.000,true
current,3,positional_batch_64,1,477,22736.059,23440.000,true
current,3,positional_subquery_raw,1,20629,953.662,1368.000,true
current,3,mybatis_where_16,1,55,8405.455,5360.000,true
current,3,named_raw_expression,1,6535,2098.424,1768.000,true
current,3,mybatis_select_star,1,19001,478.812,904.000,true
current,3,mybatis_row_in,1,3418,2445.319,2296.000,true
current,3,mybatis_in_expression,1,519,46993.064,48456.000,true
current,3,positional_select_expressions,1,5790,2622.349,1960.000,true
current,3,positional_dialect_DB2,1,10592,2984.318,2056.000,true
current,3,mybatis_select_entity,1,15247,1458.451,1328.000,true
current,3,named_in_256,1,16,53718.750,71376.000,true
current,3,raw_naming_KEBAB_CASE,1,2012,8341.600,3296.000,true
current,3,raw_select_star,1,37205,1213.813,904.000,true
current,3,mybatis_late_modifier,1,12549,1366.842,1680.000,true
current,3,named_dialect_Oracle,1,8121,2837.249,2608.000,true
current,3,named_row_in,1,791,2332.364,2704.000,true
current,3,raw_select_columns,1,10360,1357.944,1240.000,true
current,3,raw_condition_only,1,6029,5013.120,2744.000,true
current,3,positional_where_eq,1,39,2030.769,1616.000,true
current,3,raw_nested,1,14963,1750.565,1640.000,true
current,3,positional_insert_placeholders,1,36,1500.000,1232.000,true
current,3,positional_insert_values,1,14,2578.571,1488.000,true
current,3,positional_dialect_Oracle,1,10406,1678.436,2056.000,true
current,3,raw_select_expressions,1,4717,3333.114,1960.000,true
current,3,named_dialect_PostgreSQL,1,5442,2459.298,2432.000,true
current,3,mybatis_union_builder,1,2,42550.000,6816.000,true
current,3,positional_naming_UPPER_CAMEL_CASE,1,2626,8012.148,3400.000,true
current,3,named_union_builder,1,266,10179.323,6864.000,true
current,3,raw_batch_beans,1,4774,9576.875,8832.000,true
current,3,named_select_expressions,1,3571,4446.010,1960.000,true
current,3,raw_mixed_literals,1,11088,2919.499,1888.000,true
current,3,raw_naming_NO_CHANGE,1,200,4600.000,1528.000,true
current,3,positional_in_16,1,939,1918.424,1752.000,true
current,3,raw_pagination,1,10945,1626.661,1736.000,true
current,3,raw_subquery_raw,1,12838,1074.061,1368.000,true
current,3,positional_batch_beans,1,2374,9283.825,7008.000,true
current,3,raw_in_expression,1,2871,9964.960,3736.000,true
current,3,named_subquery_raw,1,1827,1149.152,1368.000,true
current,3,mybatis_nested,1,11058,3164.632,2048.000,true
current,3,mybatis_select_columns,1,14139,1614.761,1240.000,true
current,3,positional_in_256,1,1173,4147.656,6232.000,true
current,3,named_select_columns,1,15275,1584.720,1240.000,true
current,3,named_in_16,1,451,8126.829,5544.000,true
current,3,positional_union_raw,1,6734,3122.156,1496.000,true
current,3,mybatis_pagination,1,13346,1859.898,2176.000,true
current,3,mybatis_naming_KEBAB_CASE,1,1935,9007.959,5360.000,true
current,3,raw_union_builder,1,3597,5140.645,3752.000,true
current,3,named_retry_rollback,1,5,19900.000,5328.000,true
current,3,named_join_using,1,11304,1846.727,2160.000,true
current,3,custom_handler_union,1,1821,11207.633,7320.000,true
current,3,mybatis_raw_expression,1,8752,2253.039,1768.000,true
current,3,positional_between,1,11744,1848.254,1760.000,true
current,3,named_dialect_MySQL,1,2789,2296.737,2432.000,true
current,3,raw_insert_entity,1,31591,2777.111,1288.000,true
current,3,mybatis_in_256,1,555,38482.342,47280.000,true
current,3,positional_select_entity,1,59,1993.220,1328.000,true
current,3,mybatis_insert_placeholders,1,4847,1935.321,1640.000,true
current,3,positional_dialect_MySQL,1,9296,1957.197,1872.000,true
current,3,positional_update_map,1,1924,8530.977,1896.000,true
current,3,raw_naming_CAMEL_CASE,1,2932,7744.372,1528.000,true
current,3,named_naming_UPPER_CAMEL_CASE,1,2028,9576.874,6688.000,true
current,3,named_between,1,9198,3816.906,2624.000,true
current,3,mybatis_naming_NO_CHANGE,1,370,6675.135,3592.000,true
current,3,named_naming_NO_CHANGE,1,2989,8187.186,5192.000,true
current,3,mybatis_where_128,1,264,69640.530,34872.000,true
current,3,positional_select_columns,1,8819,4628.155,1240.000,true
current,3,named_update_chain_16,1,310,34830.000,24096.000,true
current,3,raw_insert_placeholders,1,37518,1943.542,1232.000,true
current,3,raw_raw_expression,1,8380,2587.411,1768.000,true
current,3,named_join_on,1,7936,2970.502,2832.000,true
current,3,raw_naming_UPPER_CAMEL_CASE,1,1894,7981.626,3024.000,true
current,3,named_union_raw,1,1362,2316.373,1496.000,true
current,3,raw_join_using,1,12506,1622.221,1688.000,true
current,3,named_group_order,1,4337,5602.098,3960.000,true
current,3,named_delete,1,8344,794.223,1408.000,true
current,3,named_in_17,1,1689,3510.065,5760.000,true
current,3,raw_in_17,1,18207,2363.986,1376.000,true
current,3,raw_group_order,1,6452,4058.106,2976.000,true
current,3,raw_subquery_structured,1,1571,2498.281,2768.000,true
current,3,raw_repeated_names,1,930,31686.559,14176.000,true
current,3,named_naming_KEBAB_CASE,1,710,9731.690,6960.000,true
current,3,custom_handler_where,1,726,12128.788,6992.000,true
current,3,positional_delete,1,32122,847.821,1024.000,true
current,3,mybatis_update_chain_16,1,605,23091.074,21328.000,true
current,3,positional_row_in,1,9946,2864.287,1632.000,true
current,3,raw_union_raw,1,7790,3771.065,1496.000,true
current,3,named_update_map,1,364,3135.714,3000.000,true
current,3,raw_between,1,12715,1954.990,1672.000,true
current,3,raw_late_modifier,1,17821,1110.667,1368.000,true
current,3,mybatis_subquery_structured,1,8384,3942.116,3360.000,true
current,3,positional_dialect_PostgreSQL,1,2810,1971.174,1872.000,true
current,3,positional_subquery_structured,1,4968,3702.516,2904.000,true
current,3,positional_nested,1,151,1948.344,1728.000,true
current,3,mybatis_batch_64,1,456,74901.316,52240.000,true
current,3,named_where_16,1,2178,8851.286,6960.000,true
current,3,positional_in_1024,1,1562,9588.924,20824.000,true
current,3,named_where_128,1,354,91361.582,47944.000,true
current,3,positional_where_128,1,6,51000.000,20736.000,true
current,3,mybatis_in_17,1,7313,3514.946,4216.000,true
current,3,named_condition_only,1,1813,8795.036,6408.000,true
current,3,positional_dialect_Microsoft_SQL_Server,1,6897,2473.336,2056.000,true
current,3,positional_pagination,1,9890,1604.752,1848.000,true
current,3,mybatis_delete,1,22723,864.076,1256.000,true
current,3,positional_batch_4,1,5719,2637.821,2832.000,true
current,3,mybatis_batch_beans,1,806,41852.978,14144.000,true
current,3,named_naming_SCREAMING_SNAKE_CASE,1,1496,9651.136,6976.000,true
current,3,raw_retry_rollback,1,1383,5480.839,4000.000,true
current,3,raw_row_in,1,11358,1597.781,1632.000,true
current,3,raw_insert_values,1,22518,1688.556,1560.000,true
current,3,positional_repeated_names,1,19,26363.158,17264.000,true
current,3,mybatis_mixed_literals,1,2172,2434.024,2104.000,true
current,3,mybatis_select_expressions,1,5159,6119.519,1960.000,true
current,3,named_pagination,1,4385,2520.000,2408.000,true
current,3,mybatis_where_eq,1,10754,1675.191,1840.000,true
current,3,named_naming_CAMEL_CASE,1,1178,10470.204,5192.000,true
current,3,positional_group_order,1,4510,4784.457,3136.000,true
current,3,mybatis_union_raw,1,5562,2536.120,1496.000,true
current,3,named_insert_entity,1,5716,2682.435,1928.000,true
current,3,raw_join_on,1,8303,4300.108,2360.000,true
current,3,raw_update_chain_16,1,4172,11664.525,13880.000,true
current,3,positional_late_modifier,2,14671,1233.324,1456.000,true
current,3,named_raw_expression,2,6535,2744.468,1768.000,true
current,3,named_retry_rollback,2,5,18000.000,5328.000,true
current,3,mybatis_in_16,2,5945,3340.118,4072.000,true
current,3,named_union_raw,2,1362,2438.179,1496.000,true
current,3,named_mixed_literals,2,569,1799.824,2440.000,true
current,3,positional_in_17,2,786,1404.326,1704.000,true
current,3,mybatis_join_on,2,1874,2941.889,2672.000,true
current,3,mybatis_union_builder,2,2,28650.000,6816.000,true
current,3,mybatis_batch_64,2,456,44349.342,52240.000,true
current,3,raw_select_entity,2,18555,1483.379,1328.000,true
current,3,named_repeated_names,2,163,53438.037,42608.000,true
current,3,positional_derived,2,1517,6177.324,5528.000,true
current,3,named_dialect_MySQL,2,2789,1761.707,2432.000,true
current,3,named_insert_placeholders,2,8280,1393.140,1944.000,true
current,3,named_select_columns,2,15275,1451.660,1240.000,true
current,3,raw_union_builder,2,3597,4088.129,3752.000,true
current,3,raw_retry_rollback,2,1383,4574.042,4000.000,true
current,3,named_in_16,2,451,3492.239,5544.000,true
current,3,raw_insert_entity,2,31591,1123.589,1288.000,true
current,3,named_subquery_raw,2,1827,845.375,1368.000,true
current,3,positional_select_star,2,2773,274.180,904.000,true
current,3,mybatis_subquery_structured,2,8384,2683.445,3360.000,true
current,3,positional_join_on,2,7997,1580.593,2448.000,true
current,3,named_between,2,9198,2109.339,2624.000,true
current,3,named_dialect_PostgreSQL,2,5442,1500.257,2432.000,true
current,3,positional_union_raw,2,6734,2244.416,1496.000,true
current,3,raw_naming_KEBAB_CASE,2,2012,7251.491,3296.000,true
current,3,raw_mixed_literals,2,11088,2290.007,1888.000,true
current,3,positional_where_eq,2,39,1728.205,1616.000,true
current,3,raw_naming_CAMEL_CASE,2,2932,4944.372,1528.000,true
current,3,named_where_16,2,2178,7737.098,6960.000,true
current,3,raw_in_expression,2,2871,8572.901,3736.000,true
current,3,positional_select_expressions,2,5790,3437.962,1960.000,true
current,3,raw_select_expressions,2,4717,1964.978,1960.000,true
current,3,named_in_17,2,1689,2564.594,5760.000,true
current,3,positional_dialect_DB2,2,10592,1318.165,2056.000,true
current,3,mybatis_retry_rollback,2,3441,4086.806,4808.000,true
current,3,positional_raw_expression,2,9512,1375.767,1768.000,true
current,3,positional_batch_4,2,5719,2050.289,2832.000,true
current,3,raw_in_16,2,14241,964.672,1368.000,true
current,3,positional_repeated_names,2,19,14968.421,17264.000,true
current,3,positional_subquery_raw,2,20629,823.738,1368.000,true
current,3,mybatis_derived,2,3773,7490.724,7256.000,true
current,3,raw_select_star,2,37205,487.233,904.000,true
current,3,raw_late_modifier,2,17821,1045.351,1368.000,true
current,3,positional_join_using,2,1378,1417.779,1776.000,true
current,3,mybatis_naming_SCREAMING_SNAKE_CASE,2,2019,7100.644,5376.000,true
current,3,positional_batch_beans,2,2374,4904.212,7008.000,true
current,3,raw_repeated_names,2,930,21812.151,14176.000,true
current,3,raw_row_in,2,11358,1398.811,1632.000,true
current,3,mybatis_raw_expression,2,8752,2259.598,1768.000,true
current,3,mybatis_insert_values,2,2062,1772.648,1864.000,true
current,3,mybatis_batch_beans,2,806,19418.859,14144.000,true
current,3,named_pagination,2,4385,2989.190,2408.000,true
current,3,mybatis_naming_KEBAB_CASE,2,1935,12315.245,5360.000,true
current,3,mybatis_mixed_literals,2,2172,3604.190,2104.000,true
current,3,named_dialect_Microsoft_SQL_Server,2,6816,9450.998,2608.000,true
current,3,named_batch_4,2,5337,6656.699,5608.000,true
current,3,mybatis_select_columns,2,14139,1462.876,1240.000,true
current,3,raw_subquery_structured,2,1571,2804.774,2768.000,true
current,3,named_batch_beans,2,1184,17317.061,18640.000,true
current,3,positional_dialect_Oracle,2,10406,2033.067,2056.000,true
current,3,mybatis_subquery_raw,2,9525,1709.711,1368.000,true
current,3,mybatis_naming_NO_CHANGE,2,370,6587.568,3592.000,true
current,3,positional_dialect_Microsoft_SQL_Server,2,6897,2439.524,2056.000,true
current,3,raw_pagination,2,10945,2820.978,1736.000,true
current,3,positional_naming_NO_CHANGE,2,4315,3968.667,1904.000,true
current,3,positional_between,2,11744,1401.703,1760.000,true
current,3,positional_group_order,2,4510,2009.113,3136.000,true
current,3,named_join_using,2,11304,1383.404,2160.000,true
current,3,raw_join_on,2,8303,1300.723,2360.000,true
current,3,raw_update_chain_16,2,4172,6459.012,13880.000,true
current,3,mybatis_where_16,2,55,5134.545,5360.000,true
current,3,positional_select_columns,2,8819,806.645,1240.000,true
current,3,mybatis_group_order,2,3723,2058.313,3632.000,true
current,3,raw_select_columns,2,10360,668.378,1240.000,true
current,3,named_subquery_structured,2,2511,2786.141,3616.000,true
current,3,raw_insert_placeholders,2,37518,559.622,1232.000,true
current,3,raw_derived,2,168,6284.524,5264.000,true
current,3,named_in_expression,2,379,25843.008,72480.000,true
current,3,named_in_1024,2,99,107262.626,278584.000,true
current,3,positional_insert_entity,2,11102,586.912,1216.000,true
current,3,mybatis_delete,2,22723,424.715,1256.000,true
current,3,mybatis_select_expressions,2,5159,2143.245,1960.000,true
current,3,raw_batch_beans,2,4774,4040.385,8832.000,true
current,3,raw_join_using,2,12506,704.294,1688.000,true
current,3,mybatis_union_raw,2,5562,1177.005,1496.000,true
current,3,named_naming_CAMEL_CASE,2,1178,3750.594,5192.000,true
current,3,named_select_star,2,24835,221.949,904.000,true
current,3,named_delete,2,8344,451.582,1408.000,true
current,3,mybatis_in_1024,2,44,80570.455,182264.000,true
current,3,named_naming_KEBAB_CASE,2,710,4428.028,6960.000,true
current,3,named_select_entity,2,28212,632.561,1328.000,true
current,3,raw_where_128,2,437,28539.817,17800.000,true
current,3,raw_insert_values,2,22518,1054.916,1560.000,true
current,3,mybatis_repeated_names,2,367,31399.455,30560.000,true
current,3,raw_where_16,2,3012,5247.610,3296.000,true
current,3,mybatis_naming_CAMEL_CASE,2,2642,4000.492,3592.000,true
current,3,positional_update_map,2,1924,1183.680,1896.000,true
current,3,positional_naming_CAMEL_CASE,2,3696,3958.442,1904.000,true
current,3,named_union_builder,2,266,13428.947,6864.000,true
current,3,raw_naming_SCREAMING_SNAKE_CASE,2,940,5642.234,3312.000,true
current,3,mybatis_late_modifier,2,12549,937.509,1680.000,true
current,3,mybatis_in_17,2,7313,2449.091,4216.000,true
current,3,named_update_chain_16,2,310,19002.581,24096.000,true
current,3,raw_where_eq,2,17285,926.439,1528.000,true
current,3,raw_naming_NO_CHANGE,2,200,2665.000,1528.000,true
current,3,named_nested,2,331,1297.583,2280.000,true
current,3,positional_select_entity,2,59,767.797,1328.000,true
current,3,mybatis_pagination,2,13346,1279.702,2176.000,true
current,3,named_naming_SCREAMING_SNAKE_CASE,2,1496,6308.422,6976.000,true
current,3,mybatis_between,2,3039,1318.230,2368.000,true
current,3,mybatis_update_map,2,8038,1428.365,2536.000,true
current,3,positional_nested,2,151,1274.834,1728.000,true
current,3,mybatis_join_using,2,9034,906.321,2000.000,true
current,3,mybatis_naming_UPPER_CAMEL_CASE,2,1951,5099.641,5088.000,true
current,3,raw_nested,2,14963,1460.917,1640.000,true
current,3,raw_in_1024,2,1124,17395.996,6352.000,true
current,3,mybatis_where_eq,2,10754,804.240,1840.000,true
current,3,positional_row_in,2,9946,929.509,1632.000,true
current,3,positional_pagination,2,9890,924.611,1848.000,true
current,3,named_join_on,2,7936,1518.989,2832.000,true
current,3,mybatis_row_in,2,3418,1361.147,2296.000,true
current,3,positional_where_16,2,2986,3772.505,3672.000,true
current,3,mybatis_insert_placeholders,2,4847,987.662,1640.000,true
current,3,positional_naming_SCREAMING_SNAKE_CASE,2,3143,4116.195,3688.000,true
current,3,raw_in_17,2,18207,1281.370,1376.000,true
current,3,raw_raw_expression,2,8380,1817.172,1768.000,true
current,3,positional_batch_64,2,477,16346.751,23440.000,true
current,3,positional_in_1024,2,1562,8171.511,20824.000,true
current,3,named_dialect_Oracle,2,8121,1794.016,2608.000,true
current,3,mybatis_update_chain_16,2,605,14436.860,21328.000,true
current,3,named_where_eq,2,16460,1242.145,2000.000,true
current,3,raw_union_raw,2,7790,1696.868,1496.000,true
current,3,positional_dialect_PostgreSQL,2,2810,1023.025,1872.000,true
current,3,raw_delete,2,68196,541.570,936.000,true
current,3,mybatis_select_star,2,19001,511.336,904.000,true
current,3,positional_in_16,2,939,2538.019,1752.000,true
current,3,positional_in_expression,2,3098,5826.404,7560.000,true
current,3,positional_update_chain_16,2,1838,11661.752,14584.000,true
current,3,raw_group_order,2,6452,3028.937,2976.000,true
current,3,positional_mixed_literals,2,455,1264.835,1720.000,true
current,3,named_select_expressions,2,3571,2801.008,1960.000,true
current,3,positional_in_256,2,1173,3782.694,6232.000,true
current,3,named_naming_UPPER_CAMEL_CASE,2,2028,9153.748,6688.000,true
current,3,positional_condition_only,2,49,5324.490,3128.000,true
current,3,positional_naming_KEBAB_CASE,2,2915,4569.640,3672.000,true
current,3,named_where_128,2,354,70288.701,47944.000,true
current,3,mybatis_select_entity,2,15247,1225.808,1328.000,true
current,3,raw_batch_4,2,16133,4132.275,3296.000,true
current,3,raw_subquery_raw,2,12838,1447.905,1368.000,true
current,3,raw_between,2,12715,1882.100,1672.000,true
current,3,positional_subquery_structured,2,4968,3443.357,2904.000,true
current,3,mybatis_where_128,2,264,103275.758,34872.000,true
current,3,mybatis_batch_4,2,4241,6622.589,4528.000,true
current,3,positional_retry_rollback,2,494,20326.113,3888.000,true
current,3,named_update_map,2,364,2564.835,3000.000,true
current,3,mybatis_condition_only,2,2195,13739.271,4808.000,true
current,3,named_in_256,2,16,216075.000,71376.000,true
current,3,custom_handler_union,2,1821,10919.824,7320.000,true
current,3,positional_insert_values,2,14,2357.143,1488.000,true
current,3,named_derived,2,2125,10085.082,7328.000,true
current,3,positional_naming_UPPER_CAMEL_CASE,2,2626,7440.213,3400.000,true
current,3,mybatis_in_expression,2,519,47907.322,48456.000,true
current,3,positional_where_128,2,6,51933.333,20736.000,true
current,3,mybatis_in_256,2,555,36660.541,47280.000,true
current,3,positional_insert_placeholders,2,36,838.889,1232.000,true
current,3,mybatis_insert_entity,2,12639,1328.982,1592.000,true
current,3,named_late_modifier,2,12192,1124.861,1840.000,true
current,3,raw_update_map,2,23919,1683.799,1984.000,true
current,3,positional_union_builder,2,4,12925.000,3968.000,true
current,3,raw_in_256,2,660,8818.030,2488.000,true
current,3,named_insert_entity,2,5716,4179.251,1928.000,true
current,3,named_condition_only,2,1813,8798.897,6408.000,true
current,3,positional_delete,2,32122,513.841,1024.000,true
current,3,raw_naming_UPPER_CAMEL_CASE,2,1894,7039.440,3024.000,true
current,3,named_naming_NO_CHANGE,2,2989,5200.167,5192.000,true
current,3,named_insert_values,2,9509,1366.264,2200.000,true
current,3,raw_batch_64,2,1588,17979.093,30176.000,true
current,3,raw_condition_only,2,6029,3428.164,2744.000,true
current,3,named_group_order,2,4337,2838.022,3960.000,true
current,3,named_row_in,2,791,1727.307,2704.000,true
current,3,named_dialect_DB2,2,8678,1618.357,2608.000,true
current,3,named_batch_64,2,325,39131.077,70304.000,true
current,3,custom_handler_where,2,726,6670.937,6992.000,true
current,3,positional_dialect_MySQL,2,9296,1356.164,1872.000,true
current,3,mybatis_nested,2,11058,2030.069,2048.000,true
current,3,named_between,3,9198,1813.579,2624.000,true
current,3,raw_pagination,3,10945,1123.024,1736.000,true
current,3,positional_dialect_DB2,3,10592,1120.714,2056.000,true
current,3,named_naming_UPPER_CAMEL_CASE,3,2028,6299.162,6688.000,true
current,3,raw_batch_64,3,1588,22934.068,30176.000,true
current,3,raw_union_builder,3,3597,4179.094,3752.000,true
current,3,positional_select_expressions,3,5790,5155.751,1960.000,true
current,3,positional_repeated_names,3,19,34794.737,17264.000,true
current,3,raw_naming_KEBAB_CASE,3,2012,7992.097,3296.000,true
current,3,mybatis_delete,3,22723,1344.924,1256.000,true
current,3,positional_insert_values,3,14,3385.714,1488.000,true
current,3,raw_union_raw,3,7790,6149.872,1496.000,true
current,3,raw_in_256,3,660,7565.303,2488.000,true
current,3,custom_handler_union,3,1821,16845.964,7320.000,true
current,3,mybatis_join_on,3,1874,6231.163,2672.000,true
current,3,mybatis_select_entity,3,15247,1589.322,1328.000,true
current,3,positional_where_16,3,2986,13436.839,3672.000,true
current,3,mybatis_between,3,3039,5801.547,2368.000,true
current,3,mybatis_nested,3,11058,3171.921,2048.000,true
current,3,mybatis_in_expression,3,519,51935.838,48456.000,true
current,3,raw_where_128,3,437,73721.281,17800.000,true
current,3,positional_join_using,3,1378,2788.171,1776.000,true
current,3,positional_raw_expression,3,9512,3138.856,1768.000,true
current,3,named_in_16,3,451,6221.951,5544.000,true
current,3,raw_join_on,3,8303,3039.480,2360.000,true
current,3,named_in_expression,3,379,58968.338,72480.000,true
current,3,positional_subquery_structured,3,4968,2808.957,2904.000,true
current,3,mybatis_naming_KEBAB_CASE,3,1935,11229.147,5360.000,true
current,3,named_insert_values,3,9509,2038.227,2200.000,true
current,3,positional_in_expression,3,3098,6076.307,7560.000,true
current,3,mybatis_select_columns,3,14139,1576.851,1240.000,true
current,3,raw_insert_values,3,22518,1445.888,1560.000,true
current,3,mybatis_naming_UPPER_CAMEL_CASE,3,1951,11622.604,5088.000,true
current,3,custom_handler_where,3,726,10110.744,6992.000,true
current,3,raw_between,3,12715,1894.770,1672.000,true
current,3,raw_delete,3,68196,633.927,936.000,true
current,3,raw_in_expression,3,2871,9396.412,3736.000,true
current,3,raw_where_16,3,3012,7641.268,3296.000,true
current,3,raw_update_chain_16,3,4172,9947.603,13880.000,true
current,3,named_in_256,3,16,49131.250,71376.000,true
current,3,positional_batch_beans,3,2374,4917.734,7008.000,true
current,3,named_retry_rollback,3,5,13620.000,5328.000,true
current,3,positional_in_16,3,939,1248.669,1752.000,true
current,3,positional_update_map,3,1924,1435.239,1896.000,true
current,3,positional_in_17,3,786,1502.417,1704.000,true
current,3,positional_dialect_Microsoft_SQL_Server,3,6897,2229.375,2056.000,true
current,3,mybatis_insert_entity,3,12639,1481.541,1592.000,true
current,3,mybatis_in_1024,3,44,174438.636,182264.000,true
current,3,positional_insert_placeholders,3,36,4238.889,1232.000,true
current,3,named_select_entity,3,28212,1327.793,1328.000,true
current,3,positional_select_star,3,2773,753.264,904.000,true
current,3,named_naming_NO_CHANGE,3,2989,13133.590,5192.000,true
current,3,positional_join_on,3,7997,2304.427,2448.000,true
current,3,named_raw_expression,3,6535,2588.952,1768.000,true
current,3,positional_select_entity,3,59,1659.322,1328.000,true
current,3,named_naming_SCREAMING_SNAKE_CASE,3,1496,13044.786,6976.000,true
current,3,named_select_expressions,3,3571,4397.228,1960.000,true
current,3,named_subquery_structured,3,2511,3478.614,3616.000,true
current,3,positional_between,3,11744,1772.437,1760.000,true
current,3,raw_select_star,3,37205,541.795,904.000,true
current,3,raw_select_expressions,3,4717,3221.200,1960.000,true
current,3,raw_update_map,3,23919,1715.022,1984.000,true
current,3,raw_select_columns,3,10360,1133.465,1240.000,true
current,3,named_batch_4,3,5337,4247.424,5608.000,true
current,3,named_batch_beans,3,1184,12275.929,18640.000,true
current,3,named_group_order,3,4337,4476.804,3960.000,true
current,3,mybatis_where_eq,3,10754,1623.229,1840.000,true
current,3,mybatis_where_16,3,55,7829.091,5360.000,true
current,3,raw_naming_CAMEL_CASE,3,2932,5792.906,1528.000,true
current,3,named_dialect_MySQL,3,2789,1947.938,2432.000,true
current,3,positional_update_chain_16,3,1838,12397.661,14584.000,true
current,3,mybatis_in_256,3,555,40694.054,47280.000,true
current,3,positional_mixed_literals,3,455,2390.330,1720.000,true
current,3,positional_delete,3,32122,711.375,1024.000,true
current,3,raw_late_modifier,3,17821,1598.519,1368.000,true
current,3,mybatis_where_128,3,264,70406.439,34872.000,true
current,3,raw_nested,3,14963,2497.226,1640.000,true
current,3,raw_in_1024,3,1124,30750.445,6352.000,true
current,3,mybatis_in_16,3,5945,3871.270,4072.000,true
current,3,mybatis_derived,3,3773,9406.547,7256.000,true
current,3,positional_batch_4,3,5719,2937.262,2832.000,true
current,3,named_join_using,3,11304,2041.154,2160.000,true
current,3,mybatis_join_using,3,9034,2267.534,2000.000,true
current,3,named_mixed_literals,3,569,3487.522,2440.000,true
current,3,mybatis_group_order,3,3723,5647.354,3632.000,true
current,3,named_union_builder,3,266,21734.211,6864.000,true
current,3,raw_in_16,3,14241,2513.609,1368.000,true
current,3,mybatis_union_builder,3,2,31000.000,6816.000,true
current,3,mybatis_condition_only,3,2195,10002.688,4808.000,true
current,3,positional_subquery_raw,3,20629,1447.884,1368.000,true
current,3,positional_derived,3,1517,12929.136,5528.000,true
current,3,mybatis_insert_placeholders,3,4847,2774.706,1640.000,true
current,3,named_dialect_PostgreSQL,3,5442,4119.699,2432.000,true
current,3,positional_dialect_Oracle,3,10406,4151.970,2056.000,true
current,3,mybatis_in_17,3,7313,4060.659,4216.000,true
current,3,raw_join_using,3,12506,1899.160,1688.000,true
current,3,mybatis_naming_SCREAMING_SNAKE_CASE,3,2019,10490.193,5376.000,true
current,3,raw_where_eq,3,17285,2004.663,1528.000,true
current,3,raw_repeated_names,3,930,32793.226,14176.000,true
current,3,raw_insert_entity,3,31591,3006.983,1288.000,true
current,3,mybatis_insert_values,3,2062,2469.690,1864.000,true
current,3,positional_union_raw,3,6734,3077.487,1496.000,true
current,3,positional_naming_UPPER_CAMEL_CASE,3,2626,15913.823,3400.000,true
current,3,mybatis_subquery_structured,3,8384,4607.180,3360.000,true
current,3,named_derived,3,2125,11139.247,7328.000,true
current,3,named_subquery_raw,3,1827,1368.966,1368.000,true
current,3,named_dialect_DB2,3,8678,3804.356,2608.000,true
current,3,mybatis_select_star,3,19001,515.173,904.000,true
current,3,positional_condition_only,3,49,5471.429,3128.000,true
current,3,named_condition_only,3,1813,11055.268,6408.000,true
current,3,mybatis_union_raw,3,5562,2998.885,1496.000,true
current,3,positional_naming_NO_CHANGE,3,4315,4665.562,1904.000,true
current,3,named_dialect_Microsoft_SQL_Server,3,6816,3364.862,2608.000,true
current,3,named_where_128,3,354,99079.661,47944.000,true
current,3,named_insert_entity,3,5716,5043.422,1928.000,true
current,3,mybatis_update_map,3,8038,5432.632,2536.000,true
current,3,raw_batch_beans,3,4774,10200.817,8832.000,true
current,3,mybatis_retry_rollback,3,3441,9209.590,4808.000,true
current,3,named_select_columns,3,15275,1953.087,1240.000,true
current,3,raw_batch_4,3,16133,5027.125,3296.000,true
current,3,positional_union_builder,3,4,15125.000,3968.000,true
current,3,raw_retry_rollback,3,1383,7456.688,4000.000,true
current,3,named_pagination,3,4385,2830.376,2408.000,true
current,3,named_repeated_names,3,163,75810.429,42608.000,true
current,3,positional_naming_KEBAB_CASE,3,2915,11785.386,3672.000,true
current,3,positional_naming_CAMEL_CASE,3,3696,10391.640,1904.000,true
current,3,positional_row_in,3,9946,4094.983,1632.000,true
current,3,mybatis_pagination,3,13346,2550.929,2176.000,true
current,3,named_in_17,3,1689,6361.397,5760.000,true
current,3,mybatis_batch_64,3,456,58864.912,52240.000,true
current,3,mybatis_row_in,3,3418,2375.073,2296.000,true
current,3,positional_pagination,3,9890,3656.754,1848.000,true
current,3,raw_raw_expression,3,8380,5883.926,1768.000,true
current,3,mybatis_select_expressions,3,5159,11439.329,1960.000,true
current,3,named_where_16,3,2178,14744.031,6960.000,true
current,3,named_batch_64,3,325,63309.538,70304.000,true
current,3,positional_dialect_MySQL,3,9296,4020.557,1872.000,true
current,3,positional_retry_rollback,3,494,7495.749,3888.000,true
current,3,named_join_on,3,7936,3828.843,2832.000,true
current,3,raw_naming_SCREAMING_SNAKE_CASE,3,940,9277.766,3312.000,true
current,3,raw_mixed_literals,3,11088,2854.149,1888.000,true
current,3,mybatis_naming_NO_CHANGE,3,370,24396.486,3592.000,true
current,3,raw_condition_only,3,6029,8922.408,2744.000,true
current,3,named_naming_CAMEL_CASE,3,1178,7840.577,5192.000,true
current,3,mybatis_batch_4,3,4241,8448.809,4528.000,true
current,3,mybatis_late_modifier,3,12549,1736.624,1680.000,true
current,3,raw_derived,3,168,9609.524,5264.000,true
current,3,positional_select_columns,3,8819,2254.598,1240.000,true
current,3,raw_subquery_raw,3,12838,1214.364,1368.000,true
current,3,named_dialect_Oracle,3,8121,3914.284,2608.000,true
current,3,raw_select_entity,3,18555,1774.557,1328.000,true
current,3,raw_group_order,3,6452,4015.732,2976.000,true
current,3,mybatis_batch_beans,3,806,13920.471,14144.000,true
current,3,positional_nested,3,151,1553.642,1728.000,true
current,3,raw_naming_UPPER_CAMEL_CASE,3,1894,5656.811,3024.000,true
current,3,named_naming_KEBAB_CASE,3,710,10238.873,6960.000,true
current,3,named_select_star,3,24835,495.329,904.000,true
current,3,positional_where_eq,3,39,1825.641,1616.000,true
current,3,named_update_map,3,364,2548.626,3000.000,true
current,3,mybatis_update_chain_16,3,605,16261.157,21328.000,true
current,3,positional_batch_64,3,477,12778.826,23440.000,true
current,3,mybatis_naming_CAMEL_CASE,3,2642,6513.134,3592.000,true
current,3,raw_naming_NO_CHANGE,3,200,4163.500,1528.000,true
current,3,positional_in_256,3,1173,3800.682,6232.000,true
current,3,positional_dialect_PostgreSQL,3,2810,1645.979,1872.000,true
current,3,positional_in_1024,3,1562,9853.073,20824.000,true
current,3,mybatis_mixed_literals,3,2172,2609.070,2104.000,true
current,3,mybatis_subquery_raw,3,9525,1331.790,1368.000,true
current,3,raw_row_in,3,11358,4092.094,1632.000,true
current,3,named_in_1024,3,99,203579.798,278584.000,true
current,3,positional_naming_SCREAMING_SNAKE_CASE,3,3143,8164.970,3688.000,true
current,3,named_nested,3,331,2727.795,2280.000,true
current,3,mybatis_repeated_names,3,367,42114.169,30560.000,true
current,3,named_insert_placeholders,3,8280,1996.884,1944.000,true
current,3,named_row_in,3,791,2681.922,2704.000,true
current,3,named_update_chain_16,3,310,20730.968,24096.000,true
current,3,named_late_modifier,3,12192,1423.237,1840.000,true
current,3,named_where_eq,3,16460,2813.335,2000.000,true
current,3,mybatis_raw_expression,3,8752,3036.175,1768.000,true
current,3,named_union_raw,3,1362,4115.051,1496.000,true
current,3,named_delete,3,8344,1087.692,1408.000,true
current,3,raw_subquery_structured,3,1571,2754.297,2768.000,true
current,3,positional_group_order,3,4510,5500.887,3136.000,true
current,3,raw_insert_placeholders,3,37518,1648.374,1232.000,true
current,3,raw_in_17,3,18207,3107.492,1376.000,true
current,3,positional_late_modifier,3,14671,2116.972,1456.000,true
current,3,positional_insert_entity,3,11102,1366.799,1216.000,true
current,3,positional_where_128,3,6,49166.667,20736.000,true
current,3,named_select_entity,4,28212,2288.739,1328.000,true
current,3,named_group_order,4,4337,4527.507,3960.000,true
current,3,raw_repeated_names,4,930,40684.194,14176.000,true
current,3,raw_join_using,4,12506,2136.159,1688.000,true
current,3,named_update_map,4,364,2573.626,3000.000,true
current,3,positional_update_chain_16,4,1838,19901.741,14584.000,true
current,3,named_row_in,4,791,2086.346,2704.000,true
current,3,raw_in_256,4,660,10022.121,2488.000,true
current,3,raw_join_on,4,8303,3913.212,2360.000,true
current,3,positional_condition_only,4,49,39791.837,3128.000,true
current,3,named_select_columns,4,15275,1564.897,1240.000,true
current,3,raw_insert_placeholders,4,37518,1097.519,1232.000,true
current,3,raw_retry_rollback,4,1383,7416.631,4000.000,true
current,3,positional_batch_4,4,5719,2479.909,2832.000,true
current,3,named_in_256,4,16,68156.250,71376.000,true
current,3,positional_repeated_names,4,19,206736.842,17264.000,true
current,3,mybatis_where_16,4,55,9458.182,5360.000,true
current,3,mybatis_raw_expression,4,8752,3457.644,1768.000,true
current,3,mybatis_mixed_literals,4,2172,3634.162,2104.000,true
current,3,mybatis_select_columns,4,14139,1743.864,1240.000,true
current,3,raw_insert_values,4,22518,1629.328,1560.000,true
current,3,positional_subquery_structured,4,4968,2615.560,2904.000,true
current,3,positional_dialect_DB2,4,10592,2909.186,2056.000,true
current,3,raw_nested,4,14963,3145.519,1640.000,true
current,3,mybatis_select_star,4,19001,488.343,904.000,true
current,3,mybatis_retry_rollback,4,3441,7789.858,4808.000,true
current,3,raw_batch_4,4,16133,3645.980,3296.000,true
current,3,raw_delete,4,68196,847.374,936.000,true
current,3,positional_join_using,4,1378,1454.282,1776.000,true
current,3,mybatis_batch_4,4,4241,4064.725,4528.000,true
current,3,named_batch_beans,4,1184,19490.456,18640.000,true
current,3,positional_nested,4,151,2451.656,1728.000,true
current,3,raw_update_map,4,23919,2217.409,1984.000,true
current,3,named_late_modifier,4,12192,1489.797,1840.000,true
current,3,raw_in_16,4,14241,1601.882,1368.000,true
current,3,positional_join_on,4,7997,3147.155,2448.000,true
current,3,named_dialect_Microsoft_SQL_Server,4,6816,3092.107,2608.000,true
current,3,positional_delete,4,32122,692.407,1024.000,true
current,3,mybatis_in_1024,4,44,267984.091,182264.000,true
current,3,mybatis_naming_CAMEL_CASE,4,2642,10501.136,3592.000,true
current,3,named_retry_rollback,4,5,26340.000,5328.000,true
current,3,raw_late_modifier,4,17821,1811.015,1368.000,true
current,3,positional_where_16,4,2986,7556.229,3672.000,true
current,3,named_condition_only,4,1813,7849.697,6408.000,true
current,3,mybatis_in_17,4,7313,3797.361,4216.000,true
current,3,mybatis_union_raw,4,5562,3932.237,1496.000,true
current,3,raw_naming_CAMEL_CASE,4,2932,6113.199,1528.000,true
current,3,mybatis_insert_placeholders,4,4847,2249.598,1640.000,true
current,3,positional_insert_entity,4,11102,2007.188,1216.000,true
current,3,named_subquery_structured,4,2511,3897.730,3616.000,true
current,3,mybatis_insert_entity,4,12639,2597.112,1592.000,true
current,3,positional_union_raw,4,6734,2472.721,1496.000,true
current,3,positional_select_expressions,4,5790,5143.022,1960.000,true
current,3,named_batch_64,4,325,62342.769,70304.000,true
current,3,named_select_star,4,24835,513.082,904.000,true
current,3,named_insert_placeholders,4,8280,3861.884,1944.000,true
current,3,positional_union_builder,4,4,14100.000,3968.000,true
current,3,positional_select_star,4,2773,658.781,904.000,true
current,3,mybatis_where_eq,4,10754,1925.256,1840.000,true
current,3,named_naming_NO_CHANGE,4,2989,7763.834,5192.000,true
current,3,raw_condition_only,4,6029,6190.977,2744.000,true
current,3,positional_group_order,4,4510,6609.024,3136.000,true
current,3,named_join_using,4,11304,1922.320,2160.000,true
current,3,raw_batch_beans,4,4774,9217.512,8832.000,true
current,3,mybatis_repeated_names,4,367,42209.809,30560.000,true
current,3,positional_insert_values,4,14,2257.143,1488.000,true
current,3,raw_where_128,4,437,43327.460,17800.000,true
current,3,named_between,4,9198,3266.819,2624.000,true
current,3,mybatis_update_map,4,8038,3041.503,2536.000,true
current,3,raw_between,4,12715,1782.234,1672.000,true
current,3,mybatis_where_128,4,264,160642.803,34872.000,true
current,3,raw_insert_entity,4,31591,1825.574,1288.000,true
current,3,raw_naming_UPPER_CAMEL_CASE,4,1894,13626.346,3024.000,true
current,3,positional_in_256,4,1173,4444.928,6232.000,true
current,3,mybatis_between,4,3039,2390.852,2368.000,true
current,3,named_naming_KEBAB_CASE,4,710,9088.873,6960.000,true
current,3,raw_derived,4,168,6310.119,5264.000,true
current,3,mybatis_late_modifier,4,12549,1953.638,1680.000,true
current,3,mybatis_naming_KEBAB_CASE,4,1935,9560.930,5360.000,true
current,3,positional_where_eq,4,39,1805.128,1616.000,true
current,3,named_in_expression,4,379,57492.876,72480.000,true
current,3,raw_union_raw,4,7790,3066.046,1496.000,true
current,3,raw_naming_NO_CHANGE,4,200,4110.500,1528.000,true
current,3,positional_pagination,4,9890,4429.353,1848.000,true
current,3,positional_naming_SCREAMING_SNAKE_CASE,4,3143,8504.359,3688.000,true
current,3,positional_dialect_Microsoft_SQL_Server,4,6897,2759.852,2056.000,true
current,3,named_insert_values,4,9509,3414.639,2200.000,true
current,3,raw_where_16,4,3012,6766.467,3296.000,true
current,3,positional_raw_expression,4,9512,6537.836,1768.000,true
current,3,positional_in_17,4,786,2924.300,1704.000,true
current,3,positional_dialect_PostgreSQL,4,2810,6056.192,1872.000,true
current,3,raw_update_chain_16,4,4172,11788.950,13880.000,true
current,3,positional_batch_64,4,477,27470.021,23440.000,true
current,3,mybatis_select_expressions,4,5159,3429.211,1960.000,true
current,3,positional_mixed_literals,4,455,2019.341,1720.000,true
current,3,raw_pagination,4,10945,1928.360,1736.000,true
current,3,positional_in_expression,4,3098,9415.332,7560.000,true
current,3,mybatis_condition_only,4,2195,8988.884,4808.000,true
current,3,named_where_128,4,354,73503.955,47944.000,true
current,3,positional_late_modifier,4,14671,2033.270,1456.000,true
current,3,named_batch_4,4,5337,4693.761,5608.000,true
current,3,named_dialect_Oracle,4,8121,3029.036,2608.000,true
current,3,named_repeated_names,4,163,47625.153,42608.000,true
current,3,raw_in_17,4,18207,3067.946,1376.000,true
current,3,named_naming_SCREAMING_SNAKE_CASE,4,1496,16674.599,6976.000,true
current,3,positional_dialect_MySQL,4,9296,2003.485,1872.000,true
current,3,named_union_raw,4,1362,5034.435,1496.000,true
current,3,raw_select_star,4,37205,681.408,904.000,true
current,3,named_where_16,4,2178,11397.383,6960.000,true
current,3,mybatis_update_chain_16,4,605,25617.686,21328.000,true
current,3,raw_row_in,4,11358,2099.304,1632.000,true
current,3,mybatis_pagination,4,13346,3125.184,2176.000,true
current,3,custom_handler_where,4,726,10030.854,6992.000,true
current,3,raw_select_entity,4,18555,1381.504,1328.000,true
current,3,named_in_17,4,1689,3982.889,5760.000,true
current,3,named_pagination,4,4385,4619.863,2408.000,true
current,3,named_select_expressions,4,3571,4715.066,1960.000,true
current,3,raw_raw_expression,4,8380,4283.795,1768.000,true
current,3,positional_subquery_raw,4,20629,1142.537,1368.000,true
current,3,mybatis_derived,4,3773,8257.885,7256.000,true
current,3,mybatis_nested,4,11058,2449.331,2048.000,true
current,3,positional_derived,4,1517,8006.394,5528.000,true
current,3,named_join_on,4,7936,4475.403,2832.000,true
current,3,mybatis_subquery_structured,4,8384,3140.064,3360.000,true
current,3,positional_between,4,11744,2406.829,1760.000,true
current,3,mybatis_join_on,4,1874,3695.945,2672.000,true
current,3,raw_union_builder,4,3597,5845.677,3752.000,true
current,3,mybatis_in_16,4,5945,3219.344,4072.000,true
current,3,positional_insert_placeholders,4,36,1352.778,1232.000,true
current,3,mybatis_subquery_raw,4,9525,1481.879,1368.000,true
current,3,mybatis_delete,4,22723,1281.332,1256.000,true
current,3,positional_dialect_Oracle,4,10406,2464.665,2056.000,true
current,3,named_delete,4,8344,1057.323,1408.000,true
current,3,mybatis_batch_beans,4,806,35366.749,14144.000,true
current,3,named_raw_expression,4,6535,2330.803,1768.000,true
current,3,raw_select_columns,4,10360,1217.066,1240.000,true
current,3,positional_select_columns,4,8819,780.667,1240.000,true
current,3,named_naming_CAMEL_CASE,4,1178,6137.861,5192.000,true
current,3,raw_batch_64,4,1588,14332.872,30176.000,true
current,3,raw_in_expression,4,2871,7319.958,3736.000,true
current,3,raw_subquery_raw,4,12838,773.057,1368.000,true
current,3,custom_handler_union,4,1821,7042.339,7320.000,true
current,3,named_dialect_MySQL,4,2789,1966.870,2432.000,true
current,3,raw_group_order,4,6452,2088.112,2976.000,true
current,3,raw_in_1024,4,1124,24718.950,6352.000,true
current,3,raw_subquery_structured,4,1571,2110.630,2768.000,true
current,3,positional_update_map,4,1924,1485.967,1896.000,true
current,3,positional_naming_KEBAB_CASE,4,2915,5766.141,3672.000,true
current,3,positional_in_16,4,939,1266.773,1752.000,true
current,3,mybatis_naming_NO_CHANGE,4,370,4197.838,3592.000,true
current,3,mybatis_batch_64,4,456,44234.868,52240.000,true
current,3,mybatis_join_using,4,9034,1726.356,2000.000,true
current,3,mybatis_insert_values,4,2062,1477.304,1864.000,true
current,3,positional_retry_rollback,4,494,4627.530,3888.000,true
current,3,mybatis_naming_SCREAMING_SNAKE_CASE,4,2019,7311.937,5376.000,true
current,3,mybatis_select_entity,4,15247,817.905,1328.000,true
current,3,named_in_1024,4,99,155437.374,278584.000,true
current,3,positional_where_128,4,6,43066.667,20736.000,true
current,3,named_nested,4,331,2235.045,2280.000,true
current,3,named_derived,4,2125,6941.929,7328.000,true
current,3,positional_naming_NO_CHANGE,4,4315,3859.768,1904.000,true
current,3,mybatis_naming_UPPER_CAMEL_CASE,4,1951,8955.100,5088.000,true
current,3,raw_naming_KEBAB_CASE,4,2012,6993.091,3296.000,true
current,3,named_update_chain_16,4,310,28974.194,24096.000,true
current,3,named_subquery_raw,4,1827,914.122,1368.000,true
current,3,positional_batch_beans,4,2374,6085.805,7008.000,true
current,3,named_where_eq,4,16460,1850.954,2000.000,true
current,3,named_insert_entity,4,5716,1872.638,1928.000,true
current,3,named_naming_UPPER_CAMEL_CASE,4,2028,10444.083,6688.000,true
current,3,positional_select_entity,4,59,1901.695,1328.000,true
current,3,positional_row_in,4,9946,1138.659,1632.000,true
current,3,positional_naming_UPPER_CAMEL_CASE,4,2626,5844.593,3400.000,true
current,3,named_in_16,4,451,2127.051,5544.000,true
current,3,mybatis_in_expression,4,519,28537.572,48456.000,true
current,3,raw_mixed_literals,4,11088,1660.633,1888.000,true
current,3,positional_in_1024,4,1562,8491.997,20824.000,true
current,3,mybatis_in_256,4,555,71253.874,47280.000,true
current,3,mybatis_row_in,4,3418,2001.346,2296.000,true
current,3,raw_where_eq,4,17285,999.219,1528.000,true
current,3,raw_select_expressions,4,4717,2705.088,1960.000,true
current,3,raw_naming_SCREAMING_SNAKE_CASE,4,940,5100.957,3312.000,true
current,3,named_dialect_DB2,4,8678,1402.431,2608.000,true
current,3,named_union_builder,4,266,8333.835,6864.000,true
current,3,positional_naming_CAMEL_CASE,4,3696,3335.065,1904.000,true
current,3,named_mixed_literals,4,569,2340.070,2440.000,true
current,3,mybatis_group_order,4,3723,2842.197,3632.000,true
current,3,mybatis_union_builder,4,2,22300.000,6816.000,true
current,3,named_dialect_PostgreSQL,4,5442,1712.201,2432.000,true
current,3,mybatis_naming_KEBAB_CASE,5,1935,6007.700,5360.000,true
current,3,named_late_modifier,5,12192,694.160,1840.000,true
current,3,raw_retry_rollback,5,1383,4656.905,4000.000,true
current,3,positional_group_order,5,4510,2165.166,3136.000,true
current,3,mybatis_update_chain_16,5,605,9881.653,21328.000,true
current,3,raw_in_expression,5,2871,5097.179,3736.000,true
current,3,raw_naming_CAMEL_CASE,5,2932,4075.307,1528.000,true
current,3,named_dialect_PostgreSQL,5,5442,1734.068,2432.000,true
current,3,named_derived,5,2125,6958.494,7328.000,true
current,3,raw_insert_values,5,22518,1068.394,1560.000,true
current,3,mybatis_group_order,5,3723,2851.007,3632.000,true
current,3,raw_subquery_raw,5,12838,945.669,1368.000,true
current,3,raw_condition_only,5,6029,3448.582,2744.000,true
current,3,positional_between,5,11744,1176.958,1760.000,true
current,3,positional_join_using,5,1378,838.607,1776.000,true
current,3,mybatis_between,5,3039,1530.800,2368.000,true
current,3,raw_group_order,5,6452,1790.375,2976.000,true
current,3,positional_subquery_structured,5,4968,1417.895,2904.000,true
current,3,mybatis_batch_64,5,456,27806.360,52240.000,true
current,3,positional_select_entity,5,59,820.339,1328.000,true
current,3,mybatis_select_entity,5,15247,691.743,1328.000,true
current,3,positional_naming_CAMEL_CASE,5,3696,3175.893,1904.000,true
current,3,mybatis_where_eq,5,10754,943.342,1840.000,true
current,3,named_nested,5,331,2384.592,2280.000,true
current,3,positional_late_modifier,5,14671,608.241,1456.000,true
current,3,positional_batch_4,5,5719,1626.473,2832.000,true
current,3,mybatis_select_expressions,5,5159,1872.417,1960.000,true
current,3,raw_select_expressions,5,4717,2005.194,1960.000,true
current,3,named_where_16,5,2178,7123.140,6960.000,true
current,3,mybatis_select_star,5,19001,279.659,904.000,true
current,3,named_select_star,5,24835,269.756,904.000,true
current,3,mybatis_naming_SCREAMING_SNAKE_CASE,5,2019,5888.806,5376.000,true
current,3,positional_pagination,5,9890,911.587,1848.000,true
current,3,mybatis_where_16,5,55,4883.636,5360.000,true
current,3,raw_naming_SCREAMING_SNAKE_CASE,5,940,4841.170,3312.000,true
current,3,named_join_on,5,7936,2098.954,2832.000,true
current,3,mybatis_select_columns,5,14139,1044.098,1240.000,true
current,3,positional_select_expressions,5,5790,2222.107,1960.000,true
current,3,mybatis_derived,5,3773,5798.145,7256.000,true
current,3,positional_join_on,5,7997,1840.890,2448.000,true
current,3,positional_insert_placeholders,5,36,1375.000,1232.000,true
current,3,positional_dialect_MySQL,5,9296,1922.762,1872.000,true
current,3,named_in_expression,5,379,44996.834,72480.000,true
current,3,named_insert_placeholders,5,8280,1588.200,1944.000,true
current,3,raw_select_entity,5,18555,828.197,1328.000,true
current,3,mybatis_join_using,5,9034,1621.485,2000.000,true
current,3,positional_where_16,5,2986,6582.184,3672.000,true
current,3,named_retry_rollback,5,5,29340.000,5328.000,true
current,3,named_batch_64,5,325,37396.923,70304.000,true
current,3,raw_batch_64,5,1588,14807.557,30176.000,true
current,3,custom_handler_union,5,1821,6571.280,7320.000,true
current,3,named_pagination,5,4385,1815.827,2408.000,true
current,3,positional_naming_NO_CHANGE,5,4315,4749.131,1904.000,true
current,3,mybatis_subquery_raw,5,9525,1238.887,1368.000,true
current,3,raw_nested,5,14963,2183.299,1640.000,true
current,3,mybatis_in_1024,5,44,153875.000,182264.000,true
current,3,mybatis_naming_CAMEL_CASE,5,2642,6196.972,3592.000,true
current,3,mybatis_union_builder,5,2,22150.000,6816.000,true
current,3,mybatis_repeated_names,5,367,33952.589,30560.000,true
current,3,positional_union_builder,5,4,13375.000,3968.000,true
current,3,named_between,5,9198,1601.142,2624.000,true
current,3,raw_where_eq,5,17285,1165.768,1528.000,true
current,3,positional_dialect_DB2,5,10592,1095.412,2056.000,true
current,3,positional_naming_KEBAB_CASE,5,2915,5983.808,3672.000,true
current,3,raw_naming_KEBAB_CASE,5,2012,6361.034,3296.000,true
current,3,positional_update_map,5,1924,1607.848,1896.000,true
current,3,positional_in_1024,5,1562,8291.677,20824.000,true
current,3,raw_select_columns,5,10360,1206.236,1240.000,true
current,3,positional_in_17,5,786,1325.318,1704.000,true
current,3,named_dialect_MySQL,5,2789,2027.393,2432.000,true
current,3,named_update_map,5,364,3919.505,3000.000,true
current,3,positional_dialect_Microsoft_SQL_Server,5,6897,1741.960,2056.000,true
current,3,raw_in_17,5,18207,1203.098,1376.000,true
current,3,mybatis_insert_entity,5,12639,1604.510,1592.000,true
current,3,named_insert_values,5,9509,1593.743,2200.000,true
current,3,positional_insert_values,5,14,1421.429,1488.000,true
current,3,positional_update_chain_16,5,1838,7305.005,14584.000,true
current,3,raw_batch_4,5,16133,2547.511,3296.000,true
current,3,mybatis_union_raw,5,5562,2027.274,1496.000,true
current,3,named_subquery_structured,5,2511,3551.573,3616.000,true
current,3,positional_delete,5,32122,531.539,1024.000,true
current,3,raw_naming_UPPER_CAMEL_CASE,5,1894,8010.401,3024.000,true
current,3,positional_derived,5,1517,5867.633,5528.000,true
current,3,positional_in_256,5,1173,3858.824,6232.000,true
current,3,positional_batch_64,5,477,17892.243,23440.000,true
current,3,raw_in_16,5,14241,1571.217,1368.000,true
current,3,positional_union_raw,5,6734,2099.079,1496.000,true
current,3,raw_mixed_literals,5,11088,1519.733,1888.000,true
current,3,raw_in_1024,5,1124,17106.940,6352.000,true
current,3,mybatis_raw_expression,5,8752,1348.560,1768.000,true
current,3,positional_nested,5,151,1341.060,1728.000,true
current,3,raw_delete,5,68196,475.174,936.000,true
current,3,raw_join_on,5,8303,2588.607,2360.000,true
current,3,named_in_17,5,1689,3180.521,5760.000,true
current,3,raw_raw_expression,5,8380,1878.126,1768.000,true
current,3,mybatis_pagination,5,13346,2010.183,2176.000,true
current,3,mybatis_batch_beans,5,806,10274.690,14144.000,true
current,3,raw_repeated_names,5,930,20533.118,14176.000,true
current,3,raw_between,5,12715,1671.239,1672.000,true
current,3,raw_naming_NO_CHANGE,5,200,4634.500,1528.000,true
current,3,raw_where_16,5,3012,5277.224,3296.000,true
current,3,raw_select_star,5,37205,471.888,904.000,true
current,3,positional_subquery_raw,5,20629,791.977,1368.000,true
current,3,positional_naming_UPPER_CAMEL_CASE,5,2626,4874.791,3400.000,true
current,3,named_naming_UPPER_CAMEL_CASE,5,2028,8530.966,6688.000,true
current,3,raw_derived,5,168,6046.429,5264.000,true
current,3,positional_in_16,5,939,1264.963,1752.000,true
current,3,named_naming_NO_CHANGE,5,2989,5942.288,5192.000,true
current,3,positional_mixed_literals,5,455,1179.780,1720.000,true
current,3,positional_retry_rollback,5,494,3533.603,3888.000,true
current,3,named_join_using,5,11304,1613.694,2160.000,true
current,3,mybatis_batch_4,5,4241,2906.154,4528.000,true
current,3,named_update_chain_16,5,310,20738.710,24096.000,true
current,3,raw_insert_placeholders,5,37518,705.283,1232.000,true
current,3,mybatis_insert_values,5,2062,1435.597,1864.000,true
current,3,positional_raw_expression,5,9512,1655.772,1768.000,true
current,3,named_batch_4,5,5337,3774.480,5608.000,true
current,3,positional_where_eq,5,39,1148.718,1616.000,true
current,3,named_row_in,5,791,1385.967,2704.000,true
current,3,positional_insert_entity,5,11102,1069.969,1216.000,true
current,3,mybatis_retry_rollback,5,3441,7173.293,4808.000,true
current,3,named_subquery_raw,5,1827,1175.424,1368.000,true
current,3,named_naming_SCREAMING_SNAKE_CASE,5,1496,9141.644,6976.000,true
current,3,mybatis_in_256,5,555,34673.153,47280.000,true
current,3,custom_handler_where,5,726,7651.653,6992.000,true
current,3,named_union_raw,5,1362,2366.667,1496.000,true
current,3,positional_select_star,5,2773,493.942,904.000,true
current,3,named_select_columns,5,15275,1332.779,1240.000,true
current,3,named_where_eq,5,16460,957.454,2000.000,true
current,3,mybatis_late_modifier,5,12549,1038.529,1680.000,true
current,3,named_repeated_names,5,163,37348.466,42608.000,true
current,3,named_select_expressions,5,3571,1944.497,1960.000,true
current,3,mybatis_join_on,5,1874,1728.388,2672.000,true
current,3,positional_batch_beans,5,2374,3435.973,7008.000,true
current,3,named_mixed_literals,5,569,1540.773,2440.000,true
current,3,named_dialect_Oracle,5,8121,1538.924,2608.000,true
current,3,positional_dialect_PostgreSQL,5,2810,1313.488,1872.000,true
current,3,raw_update_chain_16,5,4172,6903.931,13880.000,true
current,3,named_dialect_Microsoft_SQL_Server,5,6816,2241.344,2608.000,true
current,3,positional_row_in,5,9946,1523.225,1632.000,true
current,3,named_select_entity,5,28212,1041.188,1328.000,true
current,3,named_union_builder,5,266,8966.165,6864.000,true
current,3,positional_where_128,5,6,49983.333,20736.000,true
current,3,mybatis_nested,5,11058,2547.522,2048.000,true
current,3,named_raw_expression,5,6535,1376.312,1768.000,true
current,3,raw_in_256,5,660,6823.636,2488.000,true
current,3,raw_insert_entity,5,31591,1102.020,1288.000,true
current,3,positional_in_expression,5,3098,4165.332,7560.000,true
current,3,positional_naming_SCREAMING_SNAKE_CASE,5,3143,5162.965,3688.000,true
current,3,named_condition_only,5,1813,5849.145,6408.000,true
current,3,raw_union_builder,5,3597,2679.844,3752.000,true
current,3,mybatis_row_in,5,3418,1293.534,2296.000,true
current,3,positional_repeated_names,5,19,14873.684,17264.000,true
current,3,mybatis_where_128,5,264,52118.561,34872.000,true
current,3,mybatis_condition_only,5,2195,5658.041,4808.000,true
current,3,mybatis_delete,5,22723,493.117,1256.000,true
current,3,named_insert_entity,5,5716,1079.444,1928.000,true
current,3,mybatis_naming_UPPER_CAMEL_CASE,5,1951,5433.419,5088.000,true
current,3,named_naming_KEBAB_CASE,5,710,5788.169,6960.000,true
current,3,raw_pagination,5,10945,950.169,1736.000,true
current,3,raw_where_128,5,437,36802.746,17800.000,true
current,3,mybatis_naming_NO_CHANGE,5,370,5975.676,3592.000,true
current,3,mybatis_in_expression,5,519,34727.746,48456.000,true
current,3,named_dialect_DB2,5,8678,1909.334,2608.000,true
current,3,raw_late_modifier,5,17821,596.353,1368.000,true
current,3,raw_batch_beans,5,4774,6225.639,8832.000,true
current,3,mybatis_subquery_structured,5,8384,2603.805,3360.000,true
current,3,raw_union_raw,5,7790,1407.535,1496.000,true
current,3,raw_subquery_structured,5,1571,1855.188,2768.000,true
current,3,mybatis_in_16,5,5945,3182.826,4072.000,true
current,3,named_in_16,5,451,2094.457,5544.000,true
current,3,named_in_1024,5,99,143719.192,278584.000,true
current,3,positional_dialect_Oracle,5,10406,1692.495,2056.000,true
current,3,raw_update_map,5,23919,1514.808,1984.000,true
current,3,mybatis_update_map,5,8038,3284.001,2536.000,true
current,3,mybatis_insert_placeholders,5,4847,1525.995,1640.000,true
current,3,positional_select_columns,5,8819,1249.915,1240.000,true
current,3,raw_row_in,5,11358,1611.278,1632.000,true
current,3,named_batch_beans,5,1184,13518.497,18640.000,true
current,3,named_group_order,5,4337,3799.377,3960.000,true
current,3,mybatis_in_17,5,7313,2735.758,4216.000,true
current,3,positional_condition_only,5,49,6112.245,3128.000,true
current,3,raw_join_using,5,12506,1320.446,1688.000,true
current,3,mybatis_mixed_literals,5,2172,1844.613,2104.000,true
current,3,named_where_128,5,354,68550.565,47944.000,true
current,3,named_in_256,5,16,45125.000,71376.000,true
current,3,named_delete,5,8344,855.741,1408.000,true
current,3,named_naming_CAMEL_CASE,5,1178,7696.944,5192.000,true
current,3,named_join_on,6,7936,2615.890,2832.000,true
current,3,raw_mixed_literals,6,11088,2214.132,1888.000,true
current,3,mybatis_batch_64,6,456,45094.079,52240.000,true
current,3,positional_dialect_PostgreSQL,6,2810,1955.409,1872.000,true
current,3,raw_nested,6,14963,2242.050,1640.000,true
current,3,named_insert_values,6,9509,2023.283,2200.000,true
current,3,named_derived,6,2125,8267.294,7328.000,true
current,3,raw_condition_only,6,6029,4404.793,2744.000,true
current,3,raw_insert_entity,6,31591,1037.644,1288.000,true
current,3,named_in_expression,6,379,43898.153,72480.000,true
current,3,mybatis_derived,6,3773,7966.525,7256.000,true
current,3,named_select_columns,6,15275,1277.296,1240.000,true
current,3,raw_in_17,6,18207,1162.157,1376.000,true
current,3,mybatis_raw_expression,6,8752,1956.673,1768.000,true
current,3,raw_subquery_structured,6,1571,2488.415,2768.000,true
current,3,mybatis_insert_values,6,2062,1598.545,1864.000,true
current,3,raw_where_128,6,437,42199.314,17800.000,true
current,3,named_delete,6,8344,1002.900,1408.000,true
current,3,positional_delete,6,32122,735.110,1024.000,true
current,3,positional_derived,6,1517,6315.227,5528.000,true
current,3,mybatis_select_star,6,19001,435.667,904.000,true
current,3,named_dialect_PostgreSQL,6,5442,1787.155,2432.000,true
current,3,mybatis_join_using,6,9034,1470.201,2000.000,true
current,3,named_dialect_Oracle,6,8121,1904.889,2608.000,true
current,3,mybatis_pagination,6,13346,1446.209,2176.000,true
current,3,custom_handler_where,6,726,8362.121,6992.000,true
current,3,positional_naming_CAMEL_CASE,6,3696,6021.807,1904.000,true
current,3,mybatis_in_1024,6,44,176738.636,182264.000,true
current,3,raw_naming_UPPER_CAMEL_CASE,6,1894,7773.706,3024.000,true
current,3,positional_batch_beans,6,2374,5744.398,7008.000,true
current,3,raw_select_columns,6,10360,1219.498,1240.000,true
current,3,positional_batch_4,6,5719,2023.396,2832.000,true
current,3,mybatis_subquery_structured,6,8384,2488.132,3360.000,true
current,3,positional_union_raw,6,6734,2542.605,1496.000,true
current,3,named_naming_KEBAB_CASE,6,710,9559.577,6960.000,true
current,3,raw_subquery_raw,6,12838,1107.641,1368.000,true
current,3,positional_late_modifier,6,14671,1003.115,1456.000,true
current,3,positional_dialect_MySQL,6,9296,1663.490,1872.000,true
current,3,named_raw_expression,6,6535,1610.956,1768.000,true
current,3,positional_join_on,6,7997,2783.794,2448.000,true
current,3,positional_retry_rollback,6,494,6658.502,3888.000,true
current,3,positional_naming_SCREAMING_SNAKE_CASE,6,3143,7326.472,3688.000,true
current,3,mybatis_repeated_names,6,367,38558.856,30560.000,true
current,3,mybatis_insert_placeholders,6,4847,1012.152,1640.000,true
current,3,mybatis_in_256,6,555,33723.964,47280.000,true
current,3,named_in_16,6,451,3860.310,5544.000,true
current,3,positional_where_16,6,2986,5208.238,3672.000,true
current,3,positional_join_using,6,1378,1866.981,1776.000,true
current,3,named_between,6,9198,1654.773,2624.000,true
current,3,positional_condition_only,6,49,4571.429,3128.000,true
current,3,named_select_entity,6,28212,853.956,1328.000,true
current,3,named_retry_rollback,6,5,17120.000,5328.000,true
current,3,raw_where_16,6,3012,4267.331,3296.000,true
current,3,raw_late_modifier,6,17821,912.676,1368.000,true
current,3,raw_select_star,6,37205,422.631,904.000,true
current,3,named_naming_UPPER_CAMEL_CASE,6,2028,7800.789,6688.000,true
current,3,named_late_modifier,6,12192,1179.298,1840.000,true
current,3,positional_between,6,11744,2085.678,1760.000,true
current,3,mybatis_in_16,6,5945,3356.333,4072.000,true
current,3,raw_update_chain_16,6,4172,10758.485,13880.000,true
current,3,mybatis_row_in,6,3418,2083.645,2296.000,true
current,3,positional_subquery_structured,6,4968,2633.998,2904.000,true
current,3,raw_union_builder,6,3597,4355.185,3752.000,true
current,3,positional_pagination,6,9890,1323.438,1848.000,true
current,3,raw_insert_placeholders,6,37518,844.341,1232.000,true
current,3,mybatis_select_entity,6,15247,1237.319,1328.000,true
current,3,raw_raw_expression,6,8380,1909.690,1768.000,true
current,3,positional_select_star,6,2773,279.733,904.000,true
current,3,mybatis_update_chain_16,6,605,17336.364,21328.000,true
current,3,named_in_17,6,1689,3433.689,5760.000,true
current,3,positional_insert_values,6,14,1978.571,1488.000,true
current,3,positional_select_expressions,6,5790,4218.946,1960.000,true
current,3,raw_update_map,6,23919,1796.492,1984.000,true
current,3,raw_group_order,6,6452,3049.024,2976.000,true
current,3,named_pagination,6,4385,1597.651,2408.000,true
current,3,raw_select_entity,6,18555,1032.520,1328.000,true
current,3,positional_in_256,6,1173,3208.355,6232.000,true
current,3,named_where_16,6,2178,9383.930,6960.000,true
current,3,mybatis_mixed_literals,6,2172,2643.002,2104.000,true
current,3,custom_handler_union,6,1821,18948.600,7320.000,true
current,3,named_repeated_names,6,163,48669.325,42608.000,true
current,3,mybatis_naming_SCREAMING_SNAKE_CASE,6,2019,10951.263,5376.000,true
current,3,named_where_eq,6,16460,1430.018,2000.000,true
current,3,mybatis_where_128,6,264,52910.985,34872.000,true
current,3,positional_where_128,6,6,46216.667,20736.000,true
current,3,raw_select_expressions,6,4717,2428.683,1960.000,true
current,3,positional_repeated_names,6,19,21847.368,17264.000,true
current,3,mybatis_in_17,6,7313,2965.814,4216.000,true
current,3,raw_repeated_names,6,930,21526.237,14176.000,true
current,3,named_subquery_raw,6,1827,1746.962,1368.000,true
current,3,mybatis_between,6,3039,3445.673,2368.000,true
current,3,raw_retry_rollback,6,1383,6660.448,4000.000,true
current,3,positional_group_order,6,4510,3952.483,3136.000,true
current,3,named_nested,6,331,3005.740,2280.000,true
current,3,positional_select_entity,6,59,1213.559,1328.000,true
current,3,named_update_chain_16,6,310,18556.129,24096.000,true
current,3,raw_in_1024,6,1124,25441.815,6352.000,true
current,3,positional_subquery_raw,6,20629,1118.658,1368.000,true
current,3,positional_naming_KEBAB_CASE,6,2915,6518.799,3672.000,true
current,3,positional_raw_expression,6,9512,2040.465,1768.000,true
current,3,named_dialect_Microsoft_SQL_Server,6,6816,2608.480,2608.000,true
current,3,mybatis_insert_entity,6,12639,1110.665,1592.000,true
current,3,mybatis_naming_NO_CHANGE,6,370,3621.622,3592.000,true
current,3,mybatis_condition_only,6,2195,5013.394,4808.000,true
current,3,positional_in_expression,6,3098,5122.272,7560.000,true
current,3,mybatis_join_on,6,1874,1479.776,2672.000,true
current,3,positional_insert_entity,6,11102,695.001,1216.000,true
current,3,named_row_in,6,791,1488.748,2704.000,true
current,3,named_subquery_structured,6,2511,1758.065,3616.000,true
current,3,positional_dialect_Oracle,6,10406,1021.843,2056.000,true
current,3,named_naming_CAMEL_CASE,6,1178,4501.358,5192.000,true
current,3,positional_row_in,6,9946,951.277,1632.000,true
current,3,raw_insert_values,6,22518,1023.315,1560.000,true
current,3,raw_row_in,6,11358,1057.043,1632.000,true
current,3,mybatis_union_builder,6,2,22600.000,6816.000,true
current,3,mybatis_delete,6,22723,468.974,1256.000,true
current,3,mybatis_naming_CAMEL_CASE,6,2642,4121.726,3592.000,true
current,3,positional_naming_NO_CHANGE,6,4315,2779.815,1904.000,true
current,3,raw_batch_4,6,16133,1798.357,3296.000,true
current,3,raw_join_using,6,12506,1078.666,1688.000,true
current,3,mybatis_naming_KEBAB_CASE,6,1935,8873.592,5360.000,true
current,3,raw_naming_SCREAMING_SNAKE_CASE,6,940,5346.170,3312.000,true
current,3,positional_select_columns,6,8819,819.946,1240.000,true
current,3,positional_where_eq,6,39,1082.051,1616.000,true
current,3,mybatis_where_eq,6,10754,1225.879,1840.000,true
current,3,raw_derived,6,168,4386.905,5264.000,true
current,3,raw_naming_KEBAB_CASE,6,2012,4312.624,3296.000,true
current,3,raw_batch_64,6,1588,19975.441,30176.000,true
current,3,named_dialect_DB2,6,8678,1769.405,2608.000,true
current,3,named_naming_SCREAMING_SNAKE_CASE,6,1496,8168.115,6976.000,true
current,3,positional_batch_64,6,477,17550.105,23440.000,true
current,3,mybatis_in_expression,6,519,44098.844,48456.000,true
current,3,mybatis_retry_rollback,6,3441,6675.094,4808.000,true
current,3,named_batch_beans,6,1184,13228.378,18640.000,true
current,3,positional_update_map,6,1924,1895.270,1896.000,true
current,3,positional_dialect_Microsoft_SQL_Server,6,6897,2276.251,2056.000,true
current,3,positional_nested,6,151,2353.642,1728.000,true
current,3,positional_naming_UPPER_CAMEL_CASE,6,2626,6592.727,3400.000,true
current,3,positional_insert_placeholders,6,36,3300.000,1232.000,true
current,3,raw_where_eq,6,17285,1112.444,1528.000,true
current,3,positional_in_1024,6,1562,11340.013,20824.000,true
current,3,named_select_expressions,6,3571,3160.235,1960.000,true
current,3,positional_in_17,6,786,1442.366,1704.000,true
current,3,mybatis_naming_UPPER_CAMEL_CASE,6,1951,8433.573,5088.000,true
current,3,named_naming_NO_CHANGE,6,2989,7949.649,5192.000,true
current,3,raw_in_256,6,660,7615.152,2488.000,true
current,3,raw_delete,6,68196,630.065,936.000,true
current,3,mybatis_select_expressions,6,5159,2786.315,1960.000,true
current,3,mybatis_select_columns,6,14139,1058.279,1240.000,true
current,3,raw_batch_beans,6,4774,5079.346,8832.000,true
current,3,named_union_raw,6,1362,1883.700,1496.000,true
current,3,named_in_256,6,16,27656.250,71376.000,true
current,3,mybatis_batch_4,6,4241,2622.117,4528.000,true
current,3,named_union_builder,6,266,13087.594,6864.000,true
current,3,positional_update_chain_16,6,1838,8466.485,14584.000,true
current,3,mybatis_update_map,6,8038,2211.234,2536.000,true
current,3,raw_in_expression,6,2871,7521.804,3736.000,true
current,3,positional_mixed_literals,6,455,2596.044,1720.000,true
current,3,raw_pagination,6,10945,1426.286,1736.000,true
current,3,mybatis_union_raw,6,5562,2618.806,1496.000,true
current,3,raw_naming_CAMEL_CASE,6,2932,5013.404,1528.000,true
current,3,named_mixed_literals,6,569,2381.195,2440.000,true
current,3,mybatis_where_16,6,55,9065.455,5360.000,true
current,3,named_dialect_MySQL,6,2789,1946.827,2432.000,true
current,3,named_where_128,6,354,42777.684,47944.000,true
current,3,named_insert_entity,6,5716,1292.652,1928.000,true
current,3,mybatis_group_order,6,3723,8028.552,3632.000,true
current,3,positional_union_builder,6,4,11125.000,3968.000,true
current,3,named_select_star,6,24835,452.442,904.000,true
current,3,raw_naming_NO_CHANGE,6,200,3737.500,1528.000,true
current,3,mybatis_nested,6,11058,1714.306,2048.000,true
current,3,raw_between,6,12715,1205.317,1672.000,true
current,3,named_batch_4,6,5337,2995.653,5608.000,true
current,3,raw_join_on,6,8303,2076.719,2360.000,true
current,3,named_update_map,6,364,2401.923,3000.000,true
current,3,named_in_1024,6,99,196267.677,278584.000,true
current,3,raw_in_16,6,14241,1557.271,1368.000,true
current,3,named_insert_placeholders,6,8280,1764.614,1944.000,true
current,3,positional_dialect_DB2,6,10592,1637.821,2056.000,true
current,3,mybatis_late_modifier,6,12549,1189.194,1680.000,true
current,3,positional_in_16,6,939,1028.754,1752.000,true
current,3,named_group_order,6,4337,3855.407,3960.000,true
current,3,named_join_using,6,11304,1712.845,2160.000,true
current,3,named_condition_only,6,1813,7565.472,6408.000,true
current,3,named_batch_64,6,325,51537.231,70304.000,true
current,3,raw_union_raw,6,7790,2347.766,1496.000,true
current,3,mybatis_batch_beans,6,806,11303.598,14144.000,true
current,3,mybatis_subquery_raw,6,9525,1014.814,1368.000,true
current,3,raw_raw_expression,7,8380,2094.821,1768.000,true
current,3,named_in_256,7,16,69706.250,71376.000,true
current,3,raw_union_raw,7,7790,2482.246,1496.000,true
current,3,raw_select_columns,7,10360,1533.263,1240.000,true
current,3,raw_insert_entity,7,31591,1502.741,1288.000,true
current,3,positional_in_1024,7,1562,12815.301,20824.000,true
current,3,named_in_expression,7,379,56335.884,72480.000,true
current,3,named_dialect_DB2,7,8678,2347.580,2608.000,true
current,3,positional_derived,7,1517,7329.730,5528.000,true
current,3,positional_where_128,7,6,64516.667,20736.000,true
current,3,named_delete,7,8344,999.185,1408.000,true
current,3,raw_select_entity,7,18555,1426.871,1328.000,true
current,3,named_subquery_structured,7,2511,2820.311,3616.000,true
current,3,named_where_16,7,2178,7783.655,6960.000,true
current,3,named_raw_expression,7,6535,1754.966,1768.000,true
current,3,mybatis_naming_UPPER_CAMEL_CASE,7,1951,8384.213,5088.000,true
current,3,named_derived,7,2125,9314.918,7328.000,true
current,3,named_batch_64,7,325,43986.769,70304.000,true
current,3,named_batch_beans,7,1184,12126.605,18640.000,true
current,3,raw_row_in,7,11358,1285.825,1632.000,true
current,3,positional_dialect_DB2,7,10592,1604.985,2056.000,true
current,3,raw_update_chain_16,7,4172,12995.518,13880.000,true
current,3,raw_naming_NO_CHANGE,7,200,4866.000,1528.000,true
current,3,positional_naming_SCREAMING_SNAKE_CASE,7,3143,7348.139,3688.000,true
current,3,raw_select_star,7,37205,529.133,904.000,true
current,3,named_insert_placeholders,7,8280,1361.220,1944.000,true
current,3,positional_subquery_raw,7,20629,1076.678,1368.000,true
current,3,positional_in_expression,7,3098,6473.338,7560.000,true
current,3,named_naming_UPPER_CAMEL_CASE,7,2028,8195.118,6688.000,true
current,3,mybatis_naming_NO_CHANGE,7,370,6616.216,3592.000,true
current,3,mybatis_batch_beans,7,806,14594.045,14144.000,true
current,3,mybatis_group_order,7,3723,3723.341,3632.000,true
current,3,positional_dialect_Oracle,7,10406,1378.157,2056.000,true
current,3,positional_in_256,7,1173,2926.002,6232.000,true
current,3,named_mixed_literals,7,569,1854.130,2440.000,true
current,3,mybatis_union_builder,7,2,30650.000,6816.000,true
current,3,named_select_expressions,7,3571,2475.469,1960.000,true
current,3,raw_group_order,7,6452,3102.232,2976.000,true
current,3,raw_condition_only,7,6029,4932.858,2744.000,true
current,3,mybatis_join_on,7,1874,3096.265,2672.000,true
current,3,raw_late_modifier,7,17821,978.032,1368.000,true
current,3,positional_dialect_PostgreSQL,7,2810,1488.221,1872.000,true
current,3,positional_in_16,7,939,1784.345,1752.000,true
current,3,named_dialect_Microsoft_SQL_Server,7,6816,3248.415,2608.000,true
current,3,positional_batch_4,7,5719,3022.399,2832.000,true
current,3,mybatis_in_1024,7,44,174534.091,182264.000,true
current,3,raw_batch_64,7,1588,25533.438,30176.000,true
current,3,mybatis_where_16,7,55,15001.818,5360.000,true
current,3,raw_insert_placeholders,7,37518,1101.959,1232.000,true
current,3,mybatis_insert_values,7,2062,1990.204,1864.000,true
current,3,mybatis_condition_only,7,2195,7632.346,4808.000,true
current,3,raw_naming_CAMEL_CASE,7,2932,5047.885,1528.000,true
current,3,named_select_star,7,24835,437.669,904.000,true
current,3,mybatis_retry_rollback,7,3441,7984.162,4808.000,true
current,3,named_group_order,7,4337,4639.313,3960.000,true
current,3,positional_delete,7,32122,543.304,1024.000,true
current,3,mybatis_where_128,7,264,48853.409,34872.000,true
current,3,raw_nested,7,14963,2263.724,1640.000,true
current,3,mybatis_naming_KEBAB_CASE,7,1935,6921.292,5360.000,true
current,3,positional_update_map,7,1924,1573.233,1896.000,true
current,3,mybatis_join_using,7,9034,1858.280,2000.000,true
current,3,raw_in_1024,7,1124,21723.043,6352.000,true
current,3,named_join_using,7,11304,1559.837,2160.000,true
current,3,raw_insert_values,7,22518,1177.383,1560.000,true
current,3,mybatis_raw_expression,7,8752,1831.581,1768.000,true
current,3,mybatis_in_17,7,7313,3801.709,4216.000,true
current,3,positional_naming_UPPER_CAMEL_CASE,7,2626,6398.705,3400.000,true
current,3,named_naming_KEBAB_CASE,7,710,8118.169,6960.000,true
current,3,raw_where_128,7,437,37463.844,17800.000,true
current,3,mybatis_naming_SCREAMING_SNAKE_CASE,7,2019,10157.107,5376.000,true
current,3,named_naming_SCREAMING_SNAKE_CASE,7,1496,11206.350,6976.000,true
current,3,named_where_eq,7,16460,1619.927,2000.000,true
current,3,raw_retry_rollback,7,1383,3647.072,4000.000,true
current,3,positional_condition_only,7,49,3818.367,3128.000,true
current,3,positional_raw_expression,7,9512,1605.278,1768.000,true
current,3,raw_naming_UPPER_CAMEL_CASE,7,1894,6932.893,3024.000,true
current,3,named_condition_only,7,1813,5885.273,6408.000,true
current,3,positional_batch_64,7,477,16966.247,23440.000,true
current,3,raw_where_eq,7,17285,1429.557,1528.000,true
current,3,mybatis_between,7,3039,1783.021,2368.000,true
current,3,custom_handler_union,7,1821,8670.840,7320.000,true
current,3,named_dialect_PostgreSQL,7,5442,2005.200,2432.000,true
current,3,mybatis_repeated_names,7,367,29901.635,30560.000,true
current,3,named_select_columns,7,15275,1097.381,1240.000,true
current,3,positional_naming_CAMEL_CASE,7,3696,4516.910,1904.000,true
current,3,mybatis_subquery_structured,7,8384,2622.591,3360.000,true
current,3,named_join_on,7,7936,3164.667,2832.000,true
current,3,named_insert_values,7,9509,1966.600,2200.000,true
current,3,mybatis_derived,7,3773,14051.047,7256.000,true
current,3,mybatis_in_256,7,555,49813.333,47280.000,true
current,3,named_update_map,7,364,5259.066,3000.000,true
current,3,mybatis_select_expressions,7,5159,4193.972,1960.000,true
current,3,named_union_raw,7,1362,3779.442,1496.000,true
current,3,raw_in_expression,7,2871,16259.979,3736.000,true
current,3,named_nested,7,331,2786.707,2280.000,true
current,3,positional_select_columns,7,8819,1348.078,1240.000,true
current,3,named_pagination,7,4385,4301.460,2408.000,true
current,3,named_where_128,7,354,130142.655,47944.000,true
current,3,positional_insert_placeholders,7,36,41850.000,1232.000,true
current,3,mybatis_select_star,7,19001,736.393,904.000,true
current,3,positional_subquery_structured,7,4968,2465.258,2904.000,true
current,3,mybatis_delete,7,22723,2186.076,1256.000,true
current,3,named_late_modifier,7,12192,4262.762,1840.000,true
current,3,named_in_17,7,1689,3974.896,5760.000,true
current,3,named_subquery_raw,7,1827,1045.868,1368.000,true
current,3,named_retry_rollback,7,5,16260.000,5328.000,true
current,3,positional_join_using,7,1378,1479.826,1776.000,true
current,3,positional_insert_values,7,14,1800.000,1488.000,true
current,3,named_in_1024,7,99,312831.313,278584.000,true
current,3,named_in_16,7,451,37560.089,5544.000,true
current,3,raw_join_using,7,12506,2942.332,1688.000,true
current,3,named_update_chain_16,7,310,28605.484,24096.000,true
current,3,raw_batch_beans,7,4774,9021.010,8832.000,true
current,3,raw_delete,7,68196,915.799,936.000,true
current,3,positional_union_builder,7,4,13175.000,3968.000,true
current,3,raw_pagination,7,10945,2379.178,1736.000,true
current,3,mybatis_late_modifier,7,12549,1532.640,1680.000,true
current,3,named_batch_4,7,5337,6586.996,5608.000,true
current,3,positional_retry_rollback,7,494,5859.109,3888.000,true
current,3,mybatis_in_16,7,5945,5381.850,4072.000,true
current,3,raw_join_on,7,8303,2983.657,2360.000,true
current,3,raw_between,7,12715,2172.041,1672.000,true
current,3,mybatis_where_eq,7,10754,2042.087,1840.000,true
current,3,positional_select_expressions,7,5790,3986.839,1960.000,true
current,3,raw_in_256,7,660,9078.788,2488.000,true
current,3,positional_select_star,7,2773,621.962,904.000,true
current,3,positional_where_16,7,2986,11265.372,3672.000,true
current,3,raw_batch_4,7,16133,5251.392,3296.000,true
current,3,mybatis_nested,7,11058,3580.087,2048.000,true
current,3,positional_between,7,11744,3725.145,1760.000,true
current,3,raw_where_16,7,3012,10282.503,3296.000,true
current,3,positional_dialect_Microsoft_SQL_Server,7,6897,3220.255,2056.000,true
current,3,mybatis_subquery_raw,7,9525,1996.987,1368.000,true
current,3,positional_naming_NO_CHANGE,7,4315,10107.740,1904.000,true
current,3,named_repeated_names,7,163,48889.571,42608.000,true
current,3,named_dialect_Oracle,7,8121,2462.012,2608.000,true
current,3,mybatis_update_chain_16,7,605,41758.843,21328.000,true
current,3,named_naming_CAMEL_CASE,7,1178,14017.997,5192.000,true
current,3,positional_union_raw,7,6734,3470.775,1496.000,true
current,3,positional_pagination,7,9890,1777.826,1848.000,true
current,3,raw_subquery_raw,7,12838,1212.845,1368.000,true
current,3,raw_subquery_structured,7,1571,2680.713,2768.000,true
current,3,raw_union_builder,7,3597,6853.211,3752.000,true
current,3,positional_join_on,7,7997,2606.590,2448.000,true
current,3,positional_select_entity,7,59,1818.644,1328.000,true
current,3,mybatis_mixed_literals,7,2172,2715.470,2104.000,true
current,3,positional_repeated_names,7,19,24215.789,17264.000,true
current,3,raw_mixed_literals,7,11088,3785.444,1888.000,true
current,3,mybatis_pagination,7,13346,5235.029,2176.000,true
current,3,named_union_builder,7,266,8956.015,6864.000,true
current,3,positional_update_chain_16,7,1838,10523.395,14584.000,true
current,3,raw_derived,7,168,8162.500,5264.000,true
current,3,mybatis_in_expression,7,519,46785.164,48456.000,true
current,3,raw_in_17,7,18207,1837.491,1376.000,true
current,3,mybatis_select_columns,7,14139,1382.877,1240.000,true
current,3,mybatis_union_raw,7,5562,2281.122,1496.000,true
current,3,positional_where_eq,7,39,2679.487,1616.000,true
current,3,mybatis_batch_64,7,456,53687.500,52240.000,true
current,3,raw_in_16,7,14241,2745.559,1368.000,true
current,3,named_between,7,9198,2502.294,2624.000,true
current,3,named_dialect_MySQL,7,2789,2309.286,2432.000,true
current,3,positional_dialect_MySQL,7,9296,2271.031,1872.000,true
current,3,raw_naming_SCREAMING_SNAKE_CASE,7,940,6781.702,3312.000,true
current,3,raw_repeated_names,7,930,31969.140,14176.000,true
current,3,mybatis_row_in,7,3418,2236.747,2296.000,true
current,3,mybatis_insert_placeholders,7,4847,2756.489,1640.000,true
current,3,mybatis_select_entity,7,15247,2078.770,1328.000,true
current,3,mybatis_naming_CAMEL_CASE,7,2642,9538.494,3592.000,true
current,3,positional_batch_beans,7,2374,7167.607,7008.000,true
current,3,raw_update_map,7,23919,2191.567,1984.000,true
current,3,positional_late_modifier,7,14671,1910.020,1456.000,true
current,3,positional_in_17,7,786,1700.763,1704.000,true
current,3,named_row_in,7,791,3052.086,2704.000,true
current,3,raw_naming_KEBAB_CASE,7,2012,10675.298,3296.000,true
current,3,named_select_entity,7,28212,2531.554,1328.000,true
current,3,named_insert_entity,7,5716,3479.251,1928.000,true
current,3,positional_nested,7,151,24135.762,1728.000,true
current,3,mybatis_batch_4,7,4241,6711.295,4528.000,true
current,3,positional_insert_entity,7,11102,1698.135,1216.000,true
current,3,positional_naming_KEBAB_CASE,7,2915,10357.530,3672.000,true
current,3,raw_select_expressions,7,4717,4423.808,1960.000,true
current,3,positional_group_order,7,4510,4498.448,3136.000,true
current,3,positional_mixed_literals,7,455,2187.692,1720.000,true
current,3,named_naming_NO_CHANGE,7,2989,9833.188,5192.000,true
current,3,custom_handler_where,7,726,9351.515,6992.000,true
current,3,mybatis_update_map,7,8038,3115.452,2536.000,true
current,3,mybatis_insert_entity,7,12639,1848.350,1592.000,true
current,3,positional_row_in,7,9946,1805.952,1632.000,true
current,3,raw_subquery_structured,8,1571,2433.673,2768.000,true
current,3,mybatis_condition_only,8,2195,11106.834,4808.000,true
current,3,named_join_on,8,7936,4373.589,2832.000,true
current,3,mybatis_row_in,8,3418,3060.152,2296.000,true
current,3,named_pagination,8,4385,2756.442,2408.000,true
current,3,named_mixed_literals,8,569,2683.480,2440.000,true
current,3,named_dialect_PostgreSQL,8,5442,2573.466,2432.000,true
current,3,named_raw_expression,8,6535,2643.795,1768.000,true
current,3,named_dialect_MySQL,8,2789,2764.288,2432.000,true
current,3,raw_where_eq,8,17285,1799.115,1528.000,true
current,3,positional_where_16,8,2986,34728.366,3672.000,true
current,3,named_batch_beans,8,1184,43235.473,18640.000,true
current,3,positional_in_16,8,939,1732.907,1752.000,true
current,3,raw_retry_rollback,8,1383,6129.356,4000.000,true
current,3,mybatis_in_1024,8,44,205690.909,182264.000,true
current,3,positional_in_256,8,1173,6002.813,6232.000,true
current,3,positional_in_1024,8,1562,17942.702,20824.000,true
current,3,named_subquery_structured,8,2511,10479.689,3616.000,true
current,3,raw_where_128,8,437,76508.009,17800.000,true
current,3,mybatis_update_chain_16,8,605,23609.917,21328.000,true
current,3,mybatis_union_raw,8,5562,4766.253,1496.000,true
current,3,positional_dialect_PostgreSQL,8,2810,2308.541,1872.000,true
current,3,named_in_16,8,451,4783.370,5544.000,true
current,3,named_between,8,9198,3362.144,2624.000,true
current,3,mybatis_in_256,8,555,51950.270,47280.000,true
current,3,mybatis_nested,8,11058,3937.828,2048.000,true
current,3,positional_where_eq,8,39,10456.410,1616.000,true
current,3,raw_naming_SCREAMING_SNAKE_CASE,8,940,9075.638,3312.000,true
current,3,raw_mixed_literals,8,11088,4174.242,1888.000,true
current,3,named_in_expression,8,379,109077.309,72480.000,true
current,3,mybatis_naming_SCREAMING_SNAKE_CASE,8,2019,51032.838,5376.000,true
current,3,mybatis_join_on,8,1874,9694.397,2672.000,true
current,3,positional_dialect_Microsoft_SQL_Server,8,6897,3441.844,2056.000,true
current,3,mybatis_select_columns,8,14139,4201.655,1240.000,true
current,3,raw_update_chain_16,8,4172,15071.620,13880.000,true
current,3,positional_dialect_MySQL,8,9296,2809.111,1872.000,true
current,3,raw_insert_entity,8,31591,2322.332,1288.000,true
current,3,positional_insert_placeholders,8,36,2125.000,1232.000,true
current,3,positional_union_builder,8,4,23000.000,3968.000,true
current,3,positional_naming_KEBAB_CASE,8,2915,10668.096,3672.000,true
current,3,named_in_17,8,1689,3753.700,5760.000,true
current,3,raw_batch_64,8,1588,29127.897,30176.000,true
current,3,named_in_1024,8,99,289050.505,278584.000,true
current,3,mybatis_insert_placeholders,8,4847,1983.041,1640.000,true
current,3,named_dialect_Oracle,8,8121,2495.395,2608.000,true
current,3,positional_dialect_Oracle,8,10406,1973.400,2056.000,true
current,3,raw_batch_beans,8,4774,7367.595,8832.000,true
current,3,named_repeated_names,8,163,36130.061,42608.000,true
current,3,named_where_128,8,354,67908.192,47944.000,true
current,3,positional_select_expressions,8,5790,3057.202,1960.000,true
current,3,raw_in_17,8,18207,2111.204,1376.000,true
current,3,mybatis_in_expression,8,519,73118.304,48456.000,true
current,3,custom_handler_union,8,1821,10704.942,7320.000,true
current,3,mybatis_group_order,8,3723,5471.152,3632.000,true
current,3,raw_nested,8,14963,2412.925,1640.000,true
current,3,mybatis_in_17,8,7313,4988.951,4216.000,true
current,3,positional_repeated_names,8,19,26363.158,17264.000,true
current,3,named_dialect_Microsoft_SQL_Server,8,6816,4433.553,2608.000,true
current,3,mybatis_naming_NO_CHANGE,8,370,9731.622,3592.000,true
current,3,mybatis_naming_CAMEL_CASE,8,2642,6994.436,3592.000,true
current,3,raw_update_map,8,23919,2242.769,1984.000,true
current,3,raw_delete,8,68196,1080.449,936.000,true
current,3,mybatis_select_star,8,19001,1032.967,904.000,true
current,3,named_row_in,8,791,5569.279,2704.000,true
current,3,positional_update_map,8,1924,16691.008,1896.000,true
current,3,positional_update_chain_16,8,1838,13888.357,14584.000,true
current,3,raw_in_16,8,14241,2159.195,1368.000,true
current,3,positional_pagination,8,9890,2630.020,1848.000,true
current,3,mybatis_retry_rollback,8,3441,14687.446,4808.000,true
current,3,positional_batch_beans,8,2374,11833.319,7008.000,true
current,3,named_select_expressions,8,3571,4043.349,1960.000,true
current,3,raw_naming_KEBAB_CASE,8,2012,88691.402,3296.000,true
current,3,positional_join_using,8,1378,2202.758,1776.000,true
current,3,raw_select_star,8,37205,1016.288,904.000,true
current,3,positional_where_128,8,6,45133.333,20736.000,true
current,3,raw_in_256,8,660,28998.030,2488.000,true
current,3,mybatis_where_128,8,264,92347.727,34872.000,true
current,3,named_join_using,8,11304,2332.864,2160.000,true
current,3,raw_in_1024,8,1124,44915.569,6352.000,true
current,3,positional_late_modifier,8,14671,2077.261,1456.000,true
current,3,raw_raw_expression,8,8380,3316.408,1768.000,true
current,3,raw_naming_CAMEL_CASE,8,2932,8692.360,1528.000,true
current,3,named_where_eq,8,16460,3725.352,2000.000,true
current,3,raw_pagination,8,10945,2782.741,1736.000,true
current,3,positional_join_on,8,7997,2686.845,2448.000,true
current,3,named_naming_CAMEL_CASE,8,1178,8117.487,5192.000,true
current,3,positional_retry_rollback,8,494,5281.579,3888.000,true
current,3,named_dialect_DB2,8,8678,2879.143,2608.000,true
current,3,named_nested,8,331,3705.438,2280.000,true
current,3,positional_naming_UPPER_CAMEL_CASE,8,2626,9258.949,3400.000,true
current,3,mybatis_select_entity,8,15247,2199.980,1328.000,true
current,3,mybatis_subquery_structured,8,8384,3762.739,3360.000,true
current,3,mybatis_insert_entity,8,12639,2876.525,1592.000,true
current,3,raw_late_modifier,8,17821,1435.582,1368.000,true
current,3,positional_naming_NO_CHANGE,8,4315,6580.765,1904.000,true
current,3,raw_insert_placeholders,8,37518,2096.354,1232.000,true
current,3,raw_naming_UPPER_CAMEL_CASE,8,1894,15856.125,3024.000,true
current,3,positional_naming_CAMEL_CASE,8,3696,9171.429,1904.000,true
current,3,named_where_16,8,2178,12123.232,6960.000,true
current,3,mybatis_batch_beans,8,806,21130.645,14144.000,true
current,3,mybatis_join_using,8,9034,2472.958,2000.000,true
current,3,mybatis_repeated_names,8,367,104433.243,30560.000,true
current,3,mybatis_batch_64,8,456,67125.439,52240.000,true
current,3,raw_select_expressions,8,4717,3987.895,1960.000,true
current,3,positional_group_order,8,4510,4330.022,3136.000,true
current,3,named_union_builder,8,266,18044.737,6864.000,true
current,3,positional_between,8,11744,3831.633,1760.000,true
current,3,mybatis_delete,8,22723,1288.800,1256.000,true
current,3,named_delete,8,8344,1374.461,1408.000,true
current,3,mybatis_raw_expression,8,8752,5966.373,1768.000,true
current,3,named_select_entity,8,28212,1417.670,1328.000,true
current,3,named_late_modifier,8,12192,1576.074,1840.000,true
current,3,positional_dialect_DB2,8,10592,2169.071,2056.000,true
current,3,positional_nested,8,151,2329.801,1728.000,true
current,3,raw_between,8,12715,2691.223,1672.000,true
current,3,named_select_star,8,24835,545.170,904.000,true
current,3,positional_in_17,8,786,1488.677,1704.000,true
current,3,named_group_order,8,4337,6060.410,3960.000,true
current,3,named_naming_UPPER_CAMEL_CASE,8,2028,10315.434,6688.000,true
current,3,positional_batch_64,8,477,24358.071,23440.000,true
current,3,raw_condition_only,8,6029,7054.785,2744.000,true
current,3,positional_select_entity,8,59,72927.119,1328.000,true
current,3,positional_select_star,8,2773,568.301,904.000,true
current,3,positional_subquery_raw,8,20629,1794.435,1368.000,true
current,3,named_subquery_raw,8,1827,2516.858,1368.000,true
current,3,mybatis_update_map,8,8038,5104.417,2536.000,true
current,3,positional_insert_values,8,14,2050.000,1488.000,true
current,3,mybatis_in_16,8,5945,3657.460,4072.000,true
current,3,positional_subquery_structured,8,4968,2930.213,2904.000,true
current,3,positional_batch_4,8,5719,2293.286,2832.000,true
current,3,named_insert_placeholders,8,8280,2232.452,1944.000,true
current,3,named_insert_entity,8,5716,2665.395,1928.000,true
current,3,positional_union_raw,8,6734,2463.855,1496.000,true
current,3,named_derived,8,2125,9310.965,7328.000,true
current,3,raw_select_columns,8,10360,1266.448,1240.000,true
current,3,named_union_raw,8,1362,3806.902,1496.000,true
current,3,mybatis_naming_KEBAB_CASE,8,1935,9453.953,5360.000,true
current,3,mybatis_subquery_raw,8,9525,1389.302,1368.000,true
current,3,named_retry_rollback,8,5,18840.000,5328.000,true
current,3,named_select_columns,8,15275,1459.247,1240.000,true
current,3,named_batch_64,8,325,60546.154,70304.000,true
current,3,raw_derived,8,168,8358.333,5264.000,true
current,3,raw_group_order,8,6452,4199.830,2976.000,true
current,3,raw_union_raw,8,7790,7622.670,1496.000,true
current,3,named_in_256,8,16,52731.250,71376.000,true
current,3,named_update_map,8,364,2734.066,3000.000,true
current,3,raw_subquery_raw,8,12838,2542.810,1368.000,true
current,3,raw_where_16,8,3012,8518.958,3296.000,true
current,3,named_update_chain_16,8,310,29354.516,24096.000,true
current,3,custom_handler_where,8,726,13688.430,6992.000,true
current,3,mybatis_insert_values,8,2062,1790.640,1864.000,true
current,3,positional_select_columns,8,8819,1904.014,1240.000,true
current,3,raw_union_builder,8,3597,6252.099,3752.000,true
current,3,raw_join_using,8,12506,2109.675,1688.000,true
current,3,mybatis_naming_UPPER_CAMEL_CASE,8,1951,10579.446,5088.000,true
current,3,positional_in_expression,8,3098,8270.949,7560.000,true
current,3,raw_row_in,8,11358,2109.738,1632.000,true
current,3,positional_condition_only,8,49,6216.327,3128.000,true
current,3,positional_mixed_literals,8,455,3644.835,1720.000,true
current,3,mybatis_batch_4,8,4241,8564.678,4528.000,true
current,3,raw_batch_4,8,16133,4600.663,3296.000,true
current,3,named_naming_SCREAMING_SNAKE_CASE,8,1496,10929.679,6976.000,true
current,3,named_naming_NO_CHANGE,8,2989,16008.598,5192.000,true
current,3,positional_row_in,8,9946,2466.439,1632.000,true
current,3,positional_delete,8,32122,875.721,1024.000,true
current,3,mybatis_pagination,8,13346,3426.068,2176.000,true
current,3,mybatis_select_expressions,8,5159,9559.081,1960.000,true
current,3,mybatis_between,8,3039,5599.803,2368.000,true
current,3,raw_select_entity,8,18555,2667.480,1328.000,true
current,3,positional_raw_expression,8,9512,3920.816,1768.000,true
current,3,mybatis_derived,8,3773,15403.896,7256.000,true
current,3,raw_naming_NO_CHANGE,8,200,5659.000,1528.000,true
current,3,raw_in_expression,8,2871,15277.813,3736.000,true
current,3,positional_derived,8,1517,19775.346,5528.000,true
current,3,mybatis_mixed_literals,8,2172,3190.239,2104.000,true
current,3,mybatis_where_16,8,55,13465.455,5360.000,true
current,3,raw_insert_values,8,22518,3121.805,1560.000,true
current,3,named_insert_values,8,9509,4646.493,2200.000,true
current,3,mybatis_late_modifier,8,12549,2611.690,1680.000,true
current,3,named_naming_KEBAB_CASE,8,710,8815.775,6960.000,true
current,3,raw_repeated_names,8,930,34685.699,14176.000,true
current,3,named_batch_4,8,5337,8119.449,5608.000,true
current,3,positional_insert_entity,8,11102,4610.322,1216.000,true
current,3,mybatis_where_eq,8,10754,4608.332,1840.000,true
current,3,named_condition_only,8,1813,9987.479,6408.000,true
current,3,positional_naming_SCREAMING_SNAKE_CASE,8,3143,10515.877,3688.000,true
current,3,raw_join_on,8,8303,3343.575,2360.000,true
current,3,mybatis_union_builder,8,2,142900.000,6816.000,true
current,3,raw_naming_CAMEL_CASE,9,2932,7962.278,1528.000,true
current,3,mybatis_in_1024,9,44,185175.000,182264.000,true
current,3,named_delete,9,8344,1377.289,1408.000,true
current,3,positional_group_order,9,4510,18025.122,3136.000,true
current,3,named_select_star,9,24835,1170.296,904.000,true
current,3,mybatis_union_raw,9,5562,2338.206,1496.000,true
current,3,named_in_256,9,16,51087.500,71376.000,true
current,3,mybatis_retry_rollback,9,3441,10813.659,4808.000,true
current,3,named_nested,9,331,3090.937,2280.000,true
current,3,positional_naming_UPPER_CAMEL_CASE,9,2626,9654.379,3400.000,true
current,3,mybatis_batch_beans,9,806,55215.012,14144.000,true
current,3,raw_retry_rollback,9,1383,7688.214,4000.000,true
current,3,raw_nested,9,14963,4068.442,1640.000,true
current,3,mybatis_mixed_literals,9,2172,2944.567,2104.000,true
current,3,raw_where_eq,9,17285,2353.781,1528.000,true
current,3,mybatis_union_builder,9,2,73650.000,6816.000,true
current,3,raw_in_1024,9,1124,43993.861,6352.000,true
current,3,custom_handler_where,9,726,10998.760,6992.000,true
current,3,positional_batch_64,9,477,24589.308,23440.000,true
current,3,mybatis_nested,9,11058,2694.882,2048.000,true
current,3,raw_insert_values,9,22518,1922.786,1560.000,true
current,3,mybatis_between,9,3039,2819.381,2368.000,true
current,3,mybatis_insert_values,9,2062,4177.061,1864.000,true
current,3,positional_join_on,9,7997,3632.025,2448.000,true
current,3,mybatis_naming_CAMEL_CASE,9,2642,9718.660,3592.000,true
current,3,named_pagination,9,4385,3148.278,2408.000,true
current,3,positional_in_17,9,786,1856.616,1704.000,true
current,3,raw_update_chain_16,9,4172,12886.457,13880.000,true
current,3,positional_derived,9,1517,8689.848,5528.000,true
current,3,positional_naming_NO_CHANGE,9,4315,12352.167,1904.000,true
current,3,mybatis_naming_SCREAMING_SNAKE_CASE,9,2019,12268.252,5376.000,true
current,3,named_derived,9,2125,25055.200,7328.000,true
current,3,positional_subquery_raw,9,20629,2941.485,1368.000,true
current,3,positional_select_star,9,2773,2980.887,904.000,true
current,3,raw_where_128,9,437,117037.071,17800.000,true
current,3,raw_update_map,9,23919,4144.287,1984.000,true
current,3,mybatis_select_star,9,19001,703.221,904.000,true
current,3,mybatis_select_entity,9,15247,3761.061,1328.000,true
current,3,named_between,9,9198,4434.399,2624.000,true
current,3,named_where_16,9,2178,13724.564,6960.000,true
current,3,positional_naming_KEBAB_CASE,9,2915,14724.288,3672.000,true
current,3,raw_batch_beans,9,4774,38570.989,8832.000,true
current,3,positional_select_entity,9,59,1344.068,1328.000,true
current,3,raw_between,9,12715,2130.067,1672.000,true
current,3,raw_insert_entity,9,31591,1484.483,1288.000,true
current,3,named_naming_CAMEL_CASE,9,1178,10322.241,5192.000,true
current,3,positional_in_1024,9,1562,17974.328,20824.000,true
current,3,raw_batch_4,9,16133,4025.091,3296.000,true
current,3,named_row_in,9,791,7592.794,2704.000,true
current,3,named_update_chain_16,9,310,41715.161,24096.000,true
current,3,mybatis_insert_placeholders,9,4847,1595.544,1640.000,true
current,3,named_subquery_structured,9,2511,3902.907,3616.000,true
current,3,mybatis_batch_4,9,4241,5582.999,4528.000,true
current,3,positional_naming_CAMEL_CASE,9,3696,6515.584,1904.000,true
current,3,mybatis_naming_KEBAB_CASE,9,1935,15568.992,5360.000,true
current,3,raw_group_order,9,6452,8163.019,2976.000,true
current,3,named_select_entity,9,28212,1590.139,1328.000,true
current,3,mybatis_update_map,9,8038,2896.206,2536.000,true
current,3,positional_where_eq,9,39,1858.974,1616.000,true
current,3,positional_repeated_names,9,19,24342.105,17264.000,true
current,3,named_repeated_names,9,163,59674.847,42608.000,true
current,3,positional_late_modifier,9,14671,1506.537,1456.000,true
current,3,positional_batch_4,9,5719,5010.526,2832.000,true
current,3,raw_naming_NO_CHANGE,9,200,4860.500,1528.000,true
current,3,raw_condition_only,9,6029,8027.467,2744.000,true
current,3,raw_where_16,9,3012,11300.365,3296.000,true
current,3,raw_naming_SCREAMING_SNAKE_CASE,9,940,9480.851,3312.000,true
current,3,raw_raw_expression,9,8380,3369.344,1768.000,true
current,3,named_union_raw,9,1362,3132.085,1496.000,true
current,3,named_select_expressions,9,3571,5535.928,1960.000,true
current,3,positional_row_in,9,9946,3096.310,1632.000,true
current,3,raw_in_17,9,18207,2373.576,1376.000,true
current,3,positional_delete,9,32122,967.353,1024.000,true
current,3,mybatis_in_256,9,555,52465.405,47280.000,true
current,3,positional_insert_placeholders,9,36,1519.444,1232.000,true
current,3,named_dialect_Oracle,9,8121,3708.213,2608.000,true
current,3,positional_insert_values,9,14,2278.571,1488.000,true
current,3,positional_dialect_Oracle,9,10406,2367.288,2056.000,true
current,3,named_naming_UPPER_CAMEL_CASE,9,2028,11023.028,6688.000,true
current,3,named_insert_values,9,9509,1754.611,2200.000,true
current,3,named_dialect_PostgreSQL,9,5442,2384.362,2432.000,true
current,3,raw_union_raw,9,7790,2288.074,1496.000,true
current,3,named_batch_4,9,5337,5557.354,5608.000,true
current,3,raw_join_using,9,12506,1911.978,1688.000,true
current,3,raw_subquery_raw,9,12838,1161.700,1368.000,true
current,3,positional_nested,9,151,2202.649,1728.000,true
current,3,named_dialect_DB2,9,8678,2611.132,2608.000,true
current,3,mybatis_update_chain_16,9,605,24026.116,21328.000,true
current,3,positional_insert_entity,9,11102,1355.035,1216.000,true
current,3,positional_where_16,9,2986,7015.539,3672.000,true
current,3,named_raw_expression,9,6535,2700.704,1768.000,true
current,3,raw_repeated_names,9,930,40364.516,14176.000,true
current,3,raw_in_256,9,660,10101.970,2488.000,true
current,3,named_batch_64,9,325,78285.231,70304.000,true
current,3,mybatis_subquery_structured,9,8384,5009.017,3360.000,true
current,3,raw_mixed_literals,9,11088,3254.960,1888.000,true
current,3,positional_raw_expression,9,9512,4868.061,1768.000,true
current,3,mybatis_row_in,9,3418,2670.743,2296.000,true
current,3,named_group_order,9,4337,4782.938,3960.000,true
current,3,named_naming_SCREAMING_SNAKE_CASE,9,1496,9510.160,6976.000,true
current,3,mybatis_join_using,9,9034,2263.017,2000.000,true
current,3,named_dialect_MySQL,9,2789,2528.397,2432.000,true
current,3,positional_subquery_structured,9,4968,2960.064,2904.000,true
current,3,raw_join_on,9,8303,2477.466,2360.000,true
current,3,positional_condition_only,9,49,4328.571,3128.000,true
current,3,mybatis_group_order,9,3723,5191.727,3632.000,true
current,3,raw_derived,9,168,8156.548,5264.000,true
current,3,positional_select_columns,9,8819,1694.217,1240.000,true
current,3,mybatis_where_eq,9,10754,2068.802,1840.000,true
current,3,mybatis_naming_NO_CHANGE,9,370,6831.892,3592.000,true
current,3,mybatis_delete,9,22723,880.870,1256.000,true
current,3,named_select_columns,9,15275,1599.064,1240.000,true
current,3,named_in_16,9,451,4468.736,5544.000,true
current,3,named_retry_rollback,9,5,16740.000,5328.000,true
current,3,raw_row_in,9,11358,1859.931,1632.000,true
current,3,custom_handler_union,9,1821,14449.094,7320.000,true
current,3,named_update_map,9,364,3856.868,3000.000,true
current,3,positional_dialect_PostgreSQL,9,2810,3413.416,1872.000,true
current,3,mybatis_where_16,9,55,9429.091,5360.000,true
current,3,positional_naming_SCREAMING_SNAKE_CASE,9,3143,8988.228,3688.000,true
current,3,named_insert_placeholders,9,8280,2619.143,1944.000,true
current,3,named_where_eq,9,16460,3483.232,2000.000,true
current,3,named_in_17,9,1689,5741.681,5760.000,true
current,3,named_in_expression,9,379,59707.652,72480.000,true
current,3,mybatis_subquery_raw,9,9525,1491.255,1368.000,true
current,3,mybatis_insert_entity,9,12639,2470.923,1592.000,true
current,3,positional_dialect_MySQL,9,9296,2041.082,1872.000,true
current,3,named_join_on,9,7936,3058.468,2832.000,true
current,3,mybatis_select_expressions,9,5159,5364.489,1960.000,true
current,3,named_mixed_literals,9,569,3097.540,2440.000,true
current,3,mybatis_pagination,9,13346,2711.869,2176.000,true
current,3,mybatis_repeated_names,9,367,42675.477,30560.000,true
current,3,mybatis_raw_expression,9,8752,6760.329,1768.000,true
current,3,named_in_1024,9,99,407770.707,278584.000,true
current,3,positional_dialect_Microsoft_SQL_Server,9,6897,4135.943,2056.000,true
current,3,named_condition_only,9,1813,8283.287,6408.000,true
current,3,positional_union_raw,9,6734,2119.142,1496.000,true
current,3,raw_union_builder,9,3597,5270.809,3752.000,true
current,3,mybatis_where_128,9,264,92509.848,34872.000,true
current,3,named_insert_entity,9,5716,2024.528,1928.000,true
current,3,positional_in_16,9,939,2182.961,1752.000,true
current,3,named_late_modifier,9,12192,2287.057,1840.000,true
current,3,positional_update_chain_16,9,1838,15487.432,14584.000,true
current,3,raw_subquery_structured,9,1571,3307.193,2768.000,true
current,3,raw_delete,9,68196,933.555,936.000,true
current,3,mybatis_condition_only,9,2195,10083.462,4808.000,true
current,3,named_dialect_Microsoft_SQL_Server,9,6816,6298.914,2608.000,true
current,3,mybatis_join_on,9,1874,2668.303,2672.000,true
current,3,mybatis_select_columns,9,14139,1931.204,1240.000,true
current,3,positional_pagination,9,9890,2880.566,1848.000,true
current,3,mybatis_in_expression,9,519,84333.911,48456.000,true
current,3,mybatis_naming_UPPER_CAMEL_CASE,9,1951,20320.605,5088.000,true
current,3,positional_between,9,11744,2791.204,1760.000,true
current,3,positional_in_256,9,1173,7172.634,6232.000,true
current,3,raw_select_star,9,37205,780.812,904.000,true
current,3,positional_where_128,9,6,317016.667,20736.000,true
current,3,mybatis_batch_64,9,456,75822.368,52240.000,true
current,3,positional_retry_rollback,9,494,5892.713,3888.000,true
current,3,positional_in_expression,9,3098,8452.905,7560.000,true
current,3,raw_select_entity,9,18555,3078.108,1328.000,true
current,3,raw_pagination,9,10945,2565.528,1736.000,true
current,3,raw_select_expressions,9,4717,7323.235,1960.000,true
current,3,mybatis_late_modifier,9,12549,2138.529,1680.000,true
current,3,named_subquery_raw,9,1827,1003.722,1368.000,true
current,3,mybatis_in_17,9,7313,6311.336,4216.000,true
current,3,positional_dialect_DB2,9,10592,2945.808,2056.000,true
current,3,positional_select_expressions,9,5790,4969.085,1960.000,true
current,3,named_naming_NO_CHANGE,9,2989,11324.222,5192.000,true
current,3,named_join_using,9,11304,2372.090,2160.000,true
current,3,raw_insert_placeholders,9,37518,1407.452,1232.000,true
current,3,positional_update_map,9,1924,6920.634,1896.000,true
current,3,raw_in_16,9,14241,4922.042,1368.000,true
current,3,positional_batch_beans,9,2374,8562.089,7008.000,true
current,3,raw_select_columns,9,10360,4853.002,1240.000,true
current,3,named_where_128,9,354,111322.599,47944.000,true
current,3,positional_union_builder,9,4,10950.000,3968.000,true
current,3,raw_naming_UPPER_CAMEL_CASE,9,1894,11355.702,3024.000,true
current,3,raw_batch_64,9,1588,32101.700,30176.000,true
current,3,named_naming_KEBAB_CASE,9,710,10569.014,6960.000,true
current,3,raw_late_modifier,9,17821,1329.476,1368.000,true
current,3,raw_naming_KEBAB_CASE,9,2012,15756.561,3296.000,true
current,3,mybatis_derived,9,3773,12348.821,7256.000,true
current,3,mybatis_in_16,9,5945,6248.865,4072.000,true
current,3,named_batch_beans,9,1184,44499.662,18640.000,true
current,3,named_union_builder,9,266,9275.940,6864.000,true
current,3,raw_in_expression,9,2871,11351.829,3736.000,true
current,3,positional_join_using,9,1378,1890.711,1776.000,true
current,3,positional_mixed_literals,9,455,1915.165,1720.000,true
