version,fork,case,round,operations,ns_per_op,bytes_per_op,equivalent
current,2,named_in_1024,1,251,331031.873,278560.000,true
current,2,positional_select_columns,1,35880,1174.813,1216.000,true
current,2,mybatis_naming_UPPER_CAMEL_CASE,1,4634,10351.446,5064.000,true
current,2,positional_batch_beans,1,2747,6149.836,6984.000,true
current,2,named_derived,1,3510,7482.137,7256.000,true
current,2,named_delete,1,45065,665.448,1384.000,true
current,2,mybatis_naming_CAMEL_CASE,1,3681,5519.207,3568.000,true
current,2,mybatis_between,1,19271,2221.275,2344.000,true
current,2,raw_mixed_literals,1,18906,2519.766,1864.000,true
current,2,positional_select_entity,1,40475,1381.697,1304.000,true
current,2,named_nested,1,20042,1328.780,2256.000,true
current,2,mybatis_select_columns,1,36534,926.041,1216.000,true
current,2,named_dialect_DB2,1,9387,1457.484,2584.000,true
current,2,positional_late_modifier,1,42082,895.269,1432.000,true
current,2,positional_naming_SCREAMING_SNAKE_CASE,1,5667,5031.780,3664.000,true
current,2,raw_union_builder,1,3992,3411.949,3704.000,true
current,2,named_join_using,1,20655,1220.944,2136.000,true
current,2,mybatis_in_16,1,13848,2060.420,4048.000,true
current,2,mybatis_row_in,1,21283,1068.219,2272.000,true
current,2,mybatis_union_builder,1,4945,4597.695,6768.000,true
current,2,mybatis_where_eq,1,28262,1126.544,1816.000,true
current,2,positional_pagination,1,27996,1123.661,1824.000,true
current,2,mybatis_select_star,1,72140,259.050,880.000,true
current,2,positional_nested,1,23762,1649.992,1704.000,true
current,2,mybatis_where_16,1,3921,5291.915,5336.000,true
current,2,named_naming_CAMEL_CASE,1,5995,4249.508,5168.000,true
current,2,named_naming_KEBAB_CASE,1,3846,5250.156,6936.000,true
current,2,positional_dialect_Oracle,1,12556,898.606,2032.000,true
current,2,mybatis_in_256,1,1289,17816.292,47256.000,true
current,2,named_subquery_structured,1,11490,1596.110,3568.000,true
current,2,positional_where_16,1,7112,4087.542,3648.000,true
current,2,mybatis_pagination,1,23027,1134.807,2152.000,true
current,2,positional_dialect_MySQL,1,25750,773.118,1848.000,true
current,2,raw_update_map,1,24899,927.238,1960.000,true
current,2,named_dialect_PostgreSQL,1,13903,1154.780,2408.000,true
current,2,mybatis_subquery_raw,1,42096,620.178,1344.000,true
current,2,positional_in_16,1,30530,817.429,1728.000,true
current,2,raw_batch_4,1,9236,1985.524,3272.000,true
current,2,positional_in_17,1,32646,719.074,1680.000,true
current,2,raw_batch_64,1,1737,12291.998,30152.000,true
current,2,named_naming_SCREAMING_SNAKE_CASE,1,2597,4173.431,6952.000,true
current,2,mybatis_union_raw,1,20196,1051.144,1472.000,true
current,2,mybatis_update_map,1,19294,1208.806,2512.000,true
current,2,positional_insert_values,1,34798,609.173,1464.000,true
current,2,raw_between,1,24239,1042.927,1648.000,true
current,2,named_between,1,20190,1315.681,2600.000,true
current,2,named_union_builder,1,4257,4635.072,6792.000,true
current,2,custom_handler_where,1,2456,4997.557,6968.000,true
current,2,positional_row_in,1,24724,1083.749,1608.000,true
current,2,raw_row_in,1,24508,1412.037,1608.000,true
current,2,positional_naming_KEBAB_CASE,1,3470,3939.769,3648.000,true
current,2,named_dialect_Oracle,1,11450,1481.022,2584.000,true
current,2,positional_update_chain_16,1,4742,8722.353,14560.000,true
current,2,raw_subquery_structured,1,18949,1292.263,2720.000,true
current,2,positional_dialect_DB2,1,13035,1137.837,2032.000,true
current,2,mybatis_raw_expression,1,20748,1030.191,1744.000,true
current,2,positional_mixed_literals,1,13898,1243.517,1696.000,true
current,2,positional_batch_64,1,1523,14082.272,23416.000,true
current,2,mybatis_insert_placeholders,1,20527,983.061,1616.000,true
current,2,named_in_16,1,11723,2019.483,5520.000,true
current,2,positional_insert_entity,1,24441,710.707,1192.000,true
current,2,raw_where_128,1,638,28150.940,17776.000,true
current,2,mybatis_in_1024,1,190,90172.105,182240.000,true
current,2,raw_in_16,1,26574,637.947,1344.000,true
current,2,named_union_raw,1,20780,1095.414,1472.000,true
current,2,mybatis_nested,1,21439,938.859,2024.000,true
current,2,mybatis_in_17,1,13916,1584.500,4192.000,true
current,2,mybatis_insert_entity,1,29820,903.488,1568.000,true
current,2,positional_union_raw,1,21053,1101.791,1472.000,true
current,2,mybatis_join_on,1,17857,1398.779,2648.000,true
current,2,named_in_256,1,690,21109.420,71352.000,true
current,2,named_in_17,1,11553,1904.588,5736.000,true
current,2,raw_select_star,1,52030,460.415,880.000,true
current,2,mybatis_derived,1,3919,5799.847,7208.000,true
current,2,raw_naming_SCREAMING_SNAKE_CASE,1,4438,3735.917,3288.000,true
current,2,named_dialect_MySQL,1,18845,1266.484,2408.000,true
current,2,raw_delete,1,66795,283.246,912.000,true
current,2,raw_retry_rollback,1,4201,3163.652,3976.000,true
current,2,mybatis_repeated_names,1,1135,19187.841,30536.000,true
current,2,raw_derived,1,4622,4338.057,5216.000,true
current,2,mybatis_naming_SCREAMING_SNAKE_CASE,1,4419,4897.420,5352.000,true
current,2,mybatis_delete,1,42905,409.519,1232.000,true
current,2,named_group_order,1,10680,2486.461,3936.000,true
current,2,mybatis_condition_only,1,6056,4120.145,4784.000,true
current,2,positional_derived,1,6357,4068.853,5480.000,true
current,2,named_insert_values,1,27872,1320.282,2176.000,true
current,2,positional_subquery_structured,1,13697,1522.260,2856.000,true
current,2,mybatis_update_chain_16,1,2583,10665.815,21304.000,true
current,2,positional_where_128,1,979,23549.336,20712.000,true
current,2,named_naming_NO_CHANGE,1,6056,3697.655,5168.000,true
current,2,named_subquery_raw,1,42328,489.272,1344.000,true
current,2,raw_naming_KEBAB_CASE,1,5604,3305.228,3272.000,true
current,2,raw_select_columns,1,35891,574.540,1216.000,true
current,2,mybatis_join_using,1,26984,769.960,1976.000,true
current,2,raw_join_using,1,22264,652.057,1664.000,true
current,2,named_naming_UPPER_CAMEL_CASE,1,4551,4612.591,6664.000,true
current,2,positional_select_expressions,1,13194,2779.044,1936.000,true
current,2,raw_insert_entity,1,16648,657.671,1264.000,true
current,2,positional_raw_expression,1,17981,1468.011,1744.000,true
current,2,raw_union_raw,1,9557,1240.054,1472.000,true
current,2,mybatis_group_order,1,11256,2330.313,3608.000,true
current,2,raw_repeated_names,1,1641,15389.336,14152.000,true
current,2,raw_batch_beans,1,5375,4465.656,8808.000,true
current,2,mybatis_select_expressions,1,12912,1887.678,1936.000,true
current,2,positional_in_expression,1,7670,3747.288,7536.000,true
current,2,raw_naming_NO_CHANGE,1,10213,2153.696,1504.000,true
current,2,positional_insert_placeholders,1,24466,510.083,1208.000,true
current,2,mybatis_where_128,1,697,30482.496,34848.000,true
current,2,custom_handler_union,1,587,4834.072,7248.000,true
current,2,named_update_chain_16,1,2344,11365.316,24072.000,true
current,2,positional_repeated_names,1,931,12047.476,17240.000,true
current,2,raw_where_eq,1,31259,696.734,1504.000,true
current,2,positional_join_on,1,19521,1116.218,2424.000,true
current,2,mybatis_batch_beans,1,2164,6089.649,14120.000,true
current,2,raw_join_on,1,15262,1210.031,2336.000,true
current,2,named_where_eq,1,23172,1108.221,1976.000,true
current,2,positional_group_order,1,13332,1733.423,3112.000,true
current,2,positional_batch_4,1,6872,1553.711,2808.000,true
current,2,named_batch_beans,1,3428,7345.916,18616.000,true
current,2,positional_naming_CAMEL_CASE,1,8489,2794.723,1880.000,true
current,2,positional_select_star,1,115707,320.517,880.000,true
current,2,positional_dialect_PostgreSQL,1,12765,911.586,1848.000,true
current,2,mybatis_batch_4,1,11793,2543.577,4504.000,true
current,2,named_select_columns,1,35853,815.349,1216.000,true
current,2,positional_delete,1,82983,309.607,1000.000,true
current,2,positional_in_1024,1,3875,6804.284,20800.000,true
current,2,raw_naming_UPPER_CAMEL_CASE,1,4530,3616.137,3000.000,true
current,2,mybatis_select_entity,1,43479,538.331,1304.000,true
current,2,named_repeated_names,1,630,23353.651,42584.000,true
current,2,named_where_128,1,678,36460.029,47920.000,true
current,2,positional_dialect_Microsoft_SQL_Server,1,9094,1135.254,2032.000,true
current,2,raw_in_1024,1,1230,14587.886,6328.000,true
current,2,raw_in_expression,1,2466,8681.062,3712.000,true
current,2,raw_update_chain_16,1,1963,6834.488,13856.000,true
current,2,named_batch_64,1,971,37460.865,70280.000,true
current,2,named_pagination,1,22112,999.891,2384.000,true
current,2,named_batch_4,1,10947,1978.314,5584.000,true
current,2,mybatis_mixed_literals,1,19324,1095.224,2080.000,true
current,2,raw_nested,1,12051,800.216,1616.000,true
current,2,raw_where_16,1,6835,2931.324,3272.000,true
current,2,named_select_star,1,81367,215.160,880.000,true
current,2,positional_condition_only,1,7530,2711.647,3104.000,true
current,2,named_select_expressions,1,14464,1800.809,1936.000,true
current,2,raw_select_entity,1,42631,654.899,1304.000,true
current,2,raw_insert_values,1,13217,688.863,1536.000,true
current,2,mybatis_in_expression,1,770,17726.883,48432.000,true
current,2,named_insert_placeholders,1,30625,746.782,1952.000,true
current,2,named_raw_expression,1,22311,1121.398,1744.000,true
current,2,positional_update_map,1,28612,765.609,1872.000,true
current,2,positional_between,1,27218,759.501,1736.000,true
current,2,named_in_expression,1,1001,23452.248,72456.000,true
current,2,raw_group_order,1,8579,1550.169,2952.000,true
current,2,named_join_on,1,17528,1365.221,2808.000,true
current,2,raw_in_17,1,18845,663.842,1352.000,true
current,2,mybatis_naming_NO_CHANGE,1,6460,2847.276,3568.000,true
current,2,named_mixed_literals,1,19818,1114.901,2416.000,true
current,2,named_dialect_Microsoft_SQL_Server,1,9027,1253.905,2584.000,true
current,2,raw_naming_CAMEL_CASE,1,5355,2196.396,1504.000,true
current,2,mybatis_naming_KEBAB_CASE,1,4804,4151.145,5336.000,true
current,2,positional_naming_UPPER_CAMEL_CASE,1,3829,3420.371,3376.000,true
current,2,positional_in_256,1,7050,2093.177,6208.000,true
current,2,mybatis_batch_64,1,1098,20357.104,52216.000,true
current,2,mybatis_late_modifier,1,34689,592.462,1656.000,true
current,2,named_late_modifier,1,33912,607.399,1816.000,true
current,2,positional_naming_NO_CHANGE,1,9502,1930.278,1880.000,true
current,2,raw_subquery_raw,1,40605,489.184,1344.000,true
current,2,raw_condition_only,1,6800,3984.353,2720.000,true
current,2,named_condition_only,1,5874,4644.876,6384.000,true
current,2,positional_join_using,1,30361,1079.826,1752.000,true
current,2,named_where_16,1,5212,4420.645,6936.000,true
current,2,named_update_map,1,17491,1305.603,2976.000,true
current,2,positional_subquery_raw,1,44053,561.315,1344.000,true
current,2,named_retry_rollback,1,7640,3459.869,5304.000,true
current,2,positional_retry_rollback,1,9184,2730.107,3864.000,true
current,2,positional_union_builder,1,9646,2288.316,3920.000,true
current,2,raw_insert_placeholders,1,24041,656.100,1208.000,true
current,2,named_insert_entity,1,30320,786.243,1904.000,true
current,2,mybatis_retry_rollback,1,1859,4400.538,4784.000,true
current,2,named_row_in,1,20880,1328.108,2680.000,true
current,2,raw_late_modifier,1,39017,564.592,1344.000,true
current,2,mybatis_insert_values,1,27974,982.727,1840.000,true
current,2,raw_pagination,1,13354,1292.392,1712.000,true
current,2,named_select_entity,1,43085,582.217,1304.000,true
current,2,raw_select_expressions,1,13127,1873.078,1936.000,true
current,2,mybatis_subquery_structured,1,15951,1480.064,3312.000,true
current,2,raw_in_256,1,5302,3397.322,2464.000,true
current,2,raw_raw_expression,1,21589,918.528,1744.000,true
current,2,positional_where_eq,1,31433,688.385,1592.000,true
current,2,raw_retry_rollback,2,4201,2643.728,3976.000,true
current,2,raw_in_256,2,5302,3325.707,2464.000,true
current,2,mybatis_select_expressions,2,12912,1530.220,1936.000,true
current,2,named_where_16,2,5212,4053.799,6936.000,true
current,2,named_in_expression,2,1001,22744.655,72456.000,true
current,2,raw_union_raw,2,9557,1166.674,1472.000,true
current,2,positional_in_256,2,7050,2273.348,6208.000,true
current,2,mybatis_insert_entity,2,29820,693.266,1568.000,true
current,2,raw_derived,2,4622,3764.885,5216.000,true
current,2,positional_nested,2,23762,864.077,1704.000,true
current,2,positional_dialect_DB2,2,13035,844.097,2032.000,true
current,2,mybatis_naming_NO_CHANGE,2,6460,2971.223,3568.000,true
current,2,positional_in_16,2,30530,712.398,1728.000,true
current,2,named_select_entity,2,43085,575.706,1304.000,true
current,2,raw_batch_64,2,1737,11519.977,30152.000,true
current,2,positional_union_builder,2,9646,2157.879,3920.000,true
current,2,raw_pagination,2,13354,728.478,1712.000,true
current,2,named_naming_SCREAMING_SNAKE_CASE,2,2597,4379.245,6952.000,true
current,2,raw_subquery_structured,2,18949,1056.789,2720.000,true
current,2,raw_naming_NO_CHANGE,2,10213,2314.863,1504.000,true
current,2,named_in_17,2,11553,3834.121,5736.000,true
current,2,positional_between,2,27218,1570.531,1736.000,true
current,2,raw_naming_CAMEL_CASE,2,5355,3322.428,1504.000,true
current,2,raw_repeated_names,2,1641,15525.289,14152.000,true
current,2,named_naming_KEBAB_CASE,2,3846,5109.230,6936.000,true
current,2,raw_insert_values,2,13217,760.324,1536.000,true
current,2,mybatis_update_map,2,19294,1655.209,2512.000,true
current,2,positional_batch_64,2,1523,11867.958,23416.000,true
current,2,mybatis_union_builder,2,4945,4778.645,6768.000,true
current,2,raw_batch_4,2,9236,1389.768,3272.000,true
current,2,raw_in_17,2,18845,836.031,1352.000,true
current,2,named_join_using,2,20655,869.499,2136.000,true
current,2,named_in_1024,2,251,93723.506,278560.000,true
current,2,named_dialect_PostgreSQL,2,13903,1104.654,2408.000,true
current,2,mybatis_raw_expression,2,20748,1029.699,1744.000,true
current,2,positional_in_expression,2,7670,3200.821,7536.000,true
current,2,raw_select_expressions,2,13127,1654.445,1936.000,true
current,2,named_union_builder,2,4257,4008.527,6792.000,true
current,2,named_naming_CAMEL_CASE,2,5995,3284.787,5168.000,true
current,2,positional_dialect_PostgreSQL,2,12765,875.582,1848.000,true
current,2,raw_naming_UPPER_CAMEL_CASE,2,4530,3215.982,3000.000,true
current,2,mybatis_batch_64,2,1098,19865.301,52216.000,true
current,2,positional_group_order,2,13332,1722.742,3112.000,true
current,2,named_between,2,20190,2067.722,2600.000,true
current,2,raw_update_map,2,24899,1224.101,1960.000,true
current,2,named_raw_expression,2,22311,1206.746,1744.000,true
current,2,positional_select_star,2,115707,330.112,880.000,true
current,2,named_nested,2,20042,1341.812,2256.000,true
current,2,positional_join_using,2,30361,991.766,1752.000,true
current,2,mybatis_repeated_names,2,1135,23440.441,30536.000,true
current,2,named_naming_UPPER_CAMEL_CASE,2,4551,5319.842,6664.000,true
current,2,named_delete,2,45065,577.162,1384.000,true
current,2,positional_select_entity,2,40475,708.334,1304.000,true
current,2,positional_condition_only,2,7530,2993.971,3104.000,true
current,2,named_naming_NO_CHANGE,2,6056,3622.771,5168.000,true
current,2,raw_insert_placeholders,2,24041,605.283,1208.000,true
current,2,named_select_columns,2,35853,582.077,1216.000,true
current,2,raw_select_entity,2,42631,497.082,1304.000,true
current,2,mybatis_condition_only,2,6056,3255.053,4784.000,true
current,2,mybatis_naming_UPPER_CAMEL_CASE,2,4634,4279.866,5064.000,true
current,2,mybatis_naming_CAMEL_CASE,2,3681,2950.666,3568.000,true
current,2,named_union_raw,2,20780,1031.732,1472.000,true
current,2,raw_union_builder,2,3992,2167.485,3704.000,true
current,2,named_dialect_Oracle,2,11450,961.799,2584.000,true
current,2,named_dialect_DB2,2,9387,982.082,2584.000,true
current,2,mybatis_join_using,2,26984,760.351,1976.000,true
current,2,mybatis_select_entity,2,43479,504.418,1304.000,true
current,2,mybatis_select_star,2,72140,203.733,880.000,true
current,2,positional_naming_NO_CHANGE,2,9502,3803.968,1880.000,true
current,2,mybatis_naming_SCREAMING_SNAKE_CASE,2,4419,6064.969,5352.000,true
current,2,custom_handler_where,2,2456,4232.573,6968.000,true
current,2,named_derived,2,3510,4216.439,7256.000,true
current,2,positional_where_16,2,7112,3073.945,3648.000,true
current,2,positional_select_expressions,2,13194,1433.455,1936.000,true
current,2,raw_group_order,2,8579,1492.913,2952.000,true
current,2,positional_where_eq,2,31433,661.127,1592.000,true
current,2,positional_naming_CAMEL_CASE,2,8489,2201.814,1880.000,true
current,2,raw_where_eq,2,31259,619.130,1504.000,true
current,2,positional_union_raw,2,21053,1154.520,1472.000,true
current,2,raw_insert_entity,2,16648,826.616,1264.000,true
current,2,mybatis_in_1024,2,190,79708.947,182240.000,true
current,2,named_batch_64,2,971,25910.608,70280.000,true
current,2,raw_where_128,2,638,22982.602,17776.000,true
current,2,positional_naming_KEBAB_CASE,2,3470,3523.228,3648.000,true
current,2,raw_join_using,2,22264,966.789,1664.000,true
current,2,mybatis_naming_KEBAB_CASE,2,4804,5269.172,5336.000,true
current,2,positional_dialect_Oracle,2,12556,1408.243,2032.000,true
current,2,positional_where_128,2,979,28882.942,20712.000,true
current,2,named_mixed_literals,2,19818,1247.543,2416.000,true
current,2,raw_naming_KEBAB_CASE,2,5604,3631.638,3272.000,true
current,2,raw_mixed_literals,2,18906,1571.586,1864.000,true
current,2,positional_retry_rollback,2,9184,3865.440,3864.000,true
current,2,mybatis_batch_beans,2,2164,9319.593,14120.000,true
current,2,mybatis_between,2,19271,1723.227,2344.000,true
current,2,mybatis_batch_4,2,11793,2928.822,4504.000,true
current,2,positional_dialect_Microsoft_SQL_Server,2,9094,1690.246,2032.000,true
current,2,mybatis_pagination,2,23027,1408.373,2152.000,true
current,2,mybatis_delete,2,42905,594.851,1232.000,true
current,2,named_in_16,2,11723,2881.114,5520.000,true
current,2,positional_pagination,2,27996,1297.203,1824.000,true
current,2,raw_raw_expression,2,21589,1701.922,1744.000,true
current,2,named_where_eq,2,23172,1167.374,1976.000,true
current,2,raw_update_chain_16,2,1963,7392.613,13856.000,true
current,2,positional_subquery_raw,2,44053,882.657,1344.000,true
current,2,positional_join_on,2,19521,2129.225,2424.000,true
current,2,mybatis_subquery_structured,2,15951,2344.016,3312.000,true
current,2,named_subquery_raw,2,42328,976.484,1344.000,true
current,2,positional_insert_values,2,34798,860.095,1464.000,true
current,2,positional_insert_entity,2,24441,1211.714,1192.000,true
current,2,named_select_star,2,81367,386.727,880.000,true
current,2,mybatis_join_on,2,17857,2395.419,2648.000,true
current,2,positional_mixed_literals,2,13898,1701.691,1696.000,true
current,2,positional_repeated_names,2,931,17702.793,17240.000,true
current,2,mybatis_retry_rollback,2,1859,6090.479,4784.000,true
current,2,positional_insert_placeholders,2,24466,927.025,1208.000,true
current,2,named_pagination,2,22112,1826.321,2384.000,true
current,2,named_late_modifier,2,33912,1182.469,1816.000,true
current,2,mybatis_in_17,2,13916,3078.485,4192.000,true
current,2,named_group_order,2,10680,4090.843,3936.000,true
current,2,mybatis_insert_values,2,27974,1343.773,1840.000,true
current,2,positional_subquery_structured,2,13697,2256.954,2856.000,true
current,2,named_insert_entity,2,30320,1418.005,1904.000,true
current,2,custom_handler_union,2,587,9218.569,7248.000,true
current,2,raw_join_on,2,15262,2030.815,2336.000,true
current,2,raw_between,2,24239,1429.589,1648.000,true
current,2,positional_dialect_MySQL,2,25750,1355.068,1848.000,true
current,2,raw_in_expression,2,2466,7802.190,3712.000,true
current,2,positional_in_17,2,32646,1212.029,1680.000,true
current,2,mybatis_in_256,2,1289,29159.814,47256.000,true
current,2,positional_update_map,2,28612,1334.077,1872.000,true
current,2,named_select_expressions,2,14464,3476.977,1936.000,true
current,2,mybatis_update_chain_16,2,2583,15832.559,21304.000,true
current,2,mybatis_in_expression,2,770,33653.377,48432.000,true
current,2,positional_batch_4,2,6872,1897.424,2808.000,true
current,2,mybatis_nested,2,21439,2031.657,2024.000,true
current,2,named_subquery_structured,2,11490,2617.833,3568.000,true
current,2,named_row_in,2,20880,1681.360,2680.000,true
current,2,raw_naming_SCREAMING_SNAKE_CASE,2,4438,6350.653,3288.000,true
current,2,raw_select_columns,2,35891,1038.720,1216.000,true
current,2,positional_delete,2,82983,539.431,1000.000,true
current,2,mybatis_derived,2,3919,7088.033,7208.000,true
current,2,named_repeated_names,2,630,36982.063,42584.000,true
current,2,positional_row_in,2,24724,2224.143,1608.000,true
current,2,mybatis_where_128,2,697,50797.274,34848.000,true
current,2,mybatis_late_modifier,2,34689,879.625,1656.000,true
current,2,mybatis_where_eq,2,28262,1241.285,1816.000,true
current,2,positional_batch_beans,2,2747,5182.017,6984.000,true
current,2,named_insert_values,2,27872,1613.906,2176.000,true
current,2,positional_update_chain_16,2,4742,8500.991,14560.000,true
current,2,positional_naming_UPPER_CAMEL_CASE,2,3829,5346.096,3376.000,true
current,2,named_batch_4,2,10947,3344.268,5584.000,true
current,2,named_where_128,2,678,50175.074,47920.000,true
current,2,positional_in_1024,2,3875,8786.090,20800.000,true
current,2,raw_subquery_raw,2,40605,744.386,1344.000,true
current,2,named_dialect_MySQL,2,18845,1542.001,2408.000,true
current,2,mybatis_select_columns,2,36534,1172.248,1216.000,true
current,2,mybatis_where_16,2,3921,7737.516,5336.000,true
current,2,positional_raw_expression,2,17981,1542.489,1744.000,true
current,2,mybatis_insert_placeholders,2,20527,1312.213,1616.000,true
current,2,mybatis_union_raw,2,20196,1335.532,1472.000,true
current,2,raw_row_in,2,24508,1398.564,1608.000,true
current,2,raw_select_star,2,52030,425.589,880.000,true
current,2,mybatis_mixed_literals,2,19324,2123.655,2080.000,true
current,2,named_retry_rollback,2,7640,5990.118,5304.000,true
current,2,named_update_chain_16,2,2344,18108.404,24072.000,true
current,2,raw_late_modifier,2,39017,825.968,1344.000,true
current,2,named_insert_placeholders,2,30625,1002.279,1952.000,true
current,2,raw_in_1024,2,1230,18519.675,6328.000,true
current,2,raw_where_16,2,6835,4884.097,3272.000,true
current,2,named_update_map,2,17491,1424.258,2976.000,true
current,2,positional_late_modifier,2,42082,679.490,1432.000,true
current,2,positional_derived,2,6357,4486.755,5480.000,true
current,2,positional_select_columns,2,35880,756.795,1216.000,true
current,2,raw_batch_beans,2,5375,4078.363,8808.000,true
current,2,mybatis_subquery_raw,2,42096,537.700,1344.000,true
current,2,named_condition_only,2,5874,5026.370,6384.000,true
current,2,mybatis_in_16,2,13848,1629.947,4048.000,true
current,2,raw_delete,2,66795,251.309,912.000,true
current,2,mybatis_row_in,2,21283,1445.247,2272.000,true
current,2,named_dialect_Microsoft_SQL_Server,2,9027,1284.314,2584.000,true
current,2,named_batch_beans,2,3428,7415.753,18616.000,true
current,2,named_in_256,2,690,27334.783,71352.000,true
current,2,raw_nested,2,12051,1113.219,1616.000,true
current,2,raw_condition_only,2,6800,4108.015,2720.000,true
current,2,raw_in_16,2,26574,1071.991,1344.000,true
current,2,mybatis_group_order,2,11256,2194.314,3608.000,true
current,2,positional_naming_SCREAMING_SNAKE_CASE,2,5667,4858.849,3664.000,true
current,2,named_join_on,2,17528,1406.618,2808.000,true
current,2,mybatis_in_1024,3,190,91123.684,182240.000,true
current,2,named_where_eq,3,23172,867.189,1976.000,true
current,2,mybatis_join_on,3,17857,1420.446,2648.000,true
current,2,named_in_17,3,11553,2260.867,5736.000,true
current,2,mybatis_group_order,3,11256,2858.182,3608.000,true
current,2,positional_late_modifier,3,42082,633.620,1432.000,true
current,2,mybatis_insert_entity,3,29820,982.877,1568.000,true
current,2,mybatis_union_raw,3,20196,1335.784,1472.000,true
current,2,named_select_star,3,81367,311.304,880.000,true
current,2,positional_dialect_Oracle,3,12556,956.133,2032.000,true
current,2,raw_insert_entity,3,16648,645.423,1264.000,true
current,2,positional_subquery_structured,3,13697,1460.692,2856.000,true
current,2,positional_group_order,3,13332,1885.756,3112.000,true
current,2,positional_naming_KEBAB_CASE,3,3470,4128.674,3648.000,true
current,2,raw_insert_placeholders,3,24041,566.486,1208.000,true
current,2,named_union_builder,3,4257,5703.430,6792.000,true
current,2,named_update_chain_16,3,2344,11093.985,24072.000,true
current,2,mybatis_where_eq,3,28262,817.196,1816.000,true
current,2,positional_pagination,3,27996,1227.690,1824.000,true
current,2,named_dialect_Microsoft_SQL_Server,3,9027,2100.111,2584.000,true
current,2,named_dialect_Oracle,3,11450,2386.646,2584.000,true
current,2,raw_where_16,3,6835,5927.008,3272.000,true
current,2,raw_subquery_structured,3,18949,1862.800,2720.000,true
current,2,raw_batch_64,3,1737,15347.496,30152.000,true
current,2,raw_where_128,3,638,34137.304,17776.000,true
current,2,raw_condition_only,3,6800,4110.235,2720.000,true
current,2,raw_group_order,3,8579,1977.154,2952.000,true
current,2,positional_select_entity,3,40475,742.666,1304.000,true
current,2,named_insert_entity,3,30320,1028.948,1904.000,true
current,2,raw_naming_KEBAB_CASE,3,5604,4185.528,3272.000,true
current,2,mybatis_retry_rollback,3,1859,5067.187,4784.000,true
current,2,named_retry_rollback,3,7640,4920.995,5304.000,true
current,2,mybatis_naming_CAMEL_CASE,3,3681,4884.488,3568.000,true
current,2,positional_dialect_DB2,3,13035,1171.860,2032.000,true
current,2,raw_naming_UPPER_CAMEL_CASE,3,4530,4875.298,3000.000,true
current,2,raw_batch_beans,3,5375,5124.298,8808.000,true
current,2,positional_raw_expression,3,17981,1108.754,1744.000,true
current,2,mybatis_update_chain_16,3,2583,9562.060,21304.000,true
current,2,positional_in_256,3,7050,2134.496,6208.000,true
current,2,mybatis_in_17,3,13916,2115.342,4192.000,true
current,2,raw_late_modifier,3,39017,682.646,1344.000,true
current,2,positional_in_1024,3,3875,6384.155,20800.000,true
current,2,named_in_16,3,11723,1915.081,5520.000,true
current,2,named_subquery_structured,3,11490,1745.997,3568.000,true
current,2,raw_in_17,3,18845,686.607,1352.000,true
current,2,raw_mixed_literals,3,18906,1032.096,1864.000,true
current,2,positional_in_16,3,30530,752.918,1728.000,true
current,2,positional_delete,3,82983,460.565,1000.000,true
current,2,mybatis_delete,3,42905,357.728,1232.000,true
current,2,mybatis_naming_KEBAB_CASE,3,4804,5943.963,5336.000,true
current,2,positional_join_using,3,30361,821.603,1752.000,true
current,2,custom_handler_union,3,587,4567.632,7248.000,true
current,2,raw_batch_4,3,9236,1476.830,3272.000,true
current,2,named_mixed_literals,3,19818,1353.941,2416.000,true
current,2,named_union_raw,3,20780,1268.022,1472.000,true
current,2,positional_nested,3,23762,1093.721,1704.000,true
current,2,mybatis_subquery_raw,3,42096,887.707,1344.000,true
current,2,mybatis_naming_SCREAMING_SNAKE_CASE,3,4419,7081.172,5352.000,true
current,2,raw_update_map,3,24899,1145.419,1960.000,true
current,2,raw_insert_values,3,13217,1224.340,1536.000,true
current,2,raw_derived,3,4622,3992.817,5216.000,true
current,2,raw_in_1024,3,1230,11620.813,6328.000,true
current,2,mybatis_repeated_names,3,1135,19872.687,30536.000,true
current,2,positional_where_16,3,7112,3037.880,3648.000,true
current,2,raw_join_using,3,22264,725.759,1664.000,true
current,2,named_between,3,20190,1181.050,2600.000,true
current,2,named_select_expressions,3,14464,1588.357,1936.000,true
current,2,mybatis_condition_only,3,6056,3480.978,4784.000,true
current,2,positional_mixed_literals,3,13898,933.739,1696.000,true
current,2,raw_nested,3,12051,990.797,1616.000,true
current,2,positional_join_on,3,19521,1308.734,2424.000,true
current,2,positional_union_builder,3,9646,2242.401,3920.000,true
current,2,raw_pagination,3,13354,702.658,1712.000,true
current,2,raw_update_chain_16,3,1963,6363.729,13856.000,true
current,2,named_update_map,3,17491,1373.546,2976.000,true
current,2,named_select_columns,3,35853,588.414,1216.000,true
current,2,named_raw_expression,3,22311,931.823,1744.000,true
current,2,positional_repeated_names,3,931,13381.310,17240.000,true
current,2,named_dialect_DB2,3,9387,1795.792,2584.000,true
current,2,named_naming_NO_CHANGE,3,6056,3014.680,5168.000,true
current,2,positional_condition_only,3,7530,3028.898,3104.000,true
current,2,mybatis_in_256,3,1289,24720.326,47256.000,true
current,2,raw_repeated_names,3,1641,13583.486,14152.000,true
current,2,mybatis_derived,3,3919,4398.035,7208.000,true
current,2,positional_row_in,3,24724,1070.567,1608.000,true
current,2,mybatis_where_128,3,697,33764.419,34848.000,true
current,2,named_naming_UPPER_CAMEL_CASE,3,4551,4751.835,6664.000,true
current,2,mybatis_select_star,3,72140,231.397,880.000,true
current,2,mybatis_insert_values,3,27974,871.756,1840.000,true
current,2,positional_in_expression,3,7670,4018.944,7536.000,true
current,2,raw_join_on,3,15262,1835.113,2336.000,true
current,2,positional_insert_entity,3,24441,746.966,1192.000,true
current,2,named_late_modifier,3,33912,947.057,1816.000,true
current,2,mybatis_raw_expression,3,20748,1107.475,1744.000,true
current,2,positional_insert_values,3,34798,762.713,1464.000,true
current,2,raw_naming_SCREAMING_SNAKE_CASE,3,4438,3609.959,3288.000,true
current,2,named_subquery_raw,3,42328,557.499,1344.000,true
current,2,mybatis_batch_beans,3,2164,6044.131,14120.000,true
current,2,mybatis_naming_NO_CHANGE,3,6460,3215.387,3568.000,true
current,2,positional_update_chain_16,3,4742,7029.587,14560.000,true
current,2,raw_naming_CAMEL_CASE,3,5355,2289.150,1504.000,true
current,2,named_batch_beans,3,3428,6245.158,18616.000,true
current,2,mybatis_select_entity,3,43479,563.635,1304.000,true
current,2,positional_batch_64,3,1523,11145.437,23416.000,true
current,2,named_dialect_MySQL,3,18845,2468.623,2408.000,true
current,2,named_dialect_PostgreSQL,3,13903,1731.188,2408.000,true
current,2,mybatis_select_columns,3,36534,805.827,1216.000,true
current,2,named_where_128,3,678,34868.437,47920.000,true
current,2,positional_subquery_raw,3,44053,627.347,1344.000,true
current,2,named_batch_4,3,10947,1989.449,5584.000,true
current,2,raw_select_expressions,3,13127,1530.281,1936.000,true
current,2,positional_in_17,3,32646,630.154,1680.000,true
current,2,mybatis_between,3,19271,1116.201,2344.000,true
current,2,mybatis_select_expressions,3,12912,1501.890,1936.000,true
current,2,mybatis_pagination,3,23027,915.460,2152.000,true
current,2,named_in_expression,3,1001,27028.671,72456.000,true
current,2,positional_naming_NO_CHANGE,3,9502,2283.172,1880.000,true
current,2,raw_in_expression,3,2466,5381.995,3712.000,true
current,2,positional_naming_SCREAMING_SNAKE_CASE,3,5667,5111.135,3664.000,true
current,2,named_group_order,3,10680,2500.159,3936.000,true
current,2,mybatis_mixed_literals,3,19324,1100.761,2080.000,true
current,2,named_insert_values,3,27872,848.533,2176.000,true
current,2,raw_in_256,3,5302,3192.361,2464.000,true
current,2,named_join_using,3,20655,836.383,2136.000,true
current,2,positional_naming_CAMEL_CASE,3,8489,2253.599,1880.000,true
current,2,named_derived,3,3510,3942.934,7256.000,true
current,2,named_naming_SCREAMING_SNAKE_CASE,3,2597,4407.355,6952.000,true
current,2,positional_retry_rollback,3,9184,2439.003,3864.000,true
current,2,mybatis_batch_4,3,11793,1855.423,4504.000,true
current,2,raw_delete,3,66795,227.888,912.000,true
current,2,mybatis_batch_64,3,1098,19663.843,52216.000,true
current,2,positional_dialect_Microsoft_SQL_Server,3,9094,960.721,2032.000,true
current,2,raw_between,3,24239,750.377,1648.000,true
current,2,positional_where_eq,3,31433,771.861,1592.000,true
current,2,mybatis_insert_placeholders,3,20527,676.470,1616.000,true
current,2,named_naming_CAMEL_CASE,3,5995,4711.343,5168.000,true
current,2,raw_in_16,3,26574,694.623,1344.000,true
current,2,raw_union_builder,3,3992,2040.757,3704.000,true
current,2,mybatis_update_map,3,19294,1217.995,2512.000,true
current,2,raw_naming_NO_CHANGE,3,10213,2005.464,1504.000,true
current,2,positional_batch_4,3,6872,1109.750,2808.000,true
current,2,custom_handler_where,3,2456,4433.347,6968.000,true
current,2,mybatis_in_expression,3,770,19140.260,48432.000,true
current,2,named_in_1024,3,251,93929.084,278560.000,true
current,2,positional_select_columns,3,35880,590.780,1216.000,true
current,2,positional_between,3,27218,1008.384,1736.000,true
current,2,raw_select_star,3,52030,242.793,880.000,true
current,2,raw_retry_rollback,3,4201,3408.641,3976.000,true
current,2,named_pagination,3,22112,1015.069,2384.000,true
current,2,named_where_16,3,5212,4331.811,6936.000,true
current,2,named_condition_only,3,5874,3835.053,6384.000,true
current,2,named_batch_64,3,971,22203.708,70280.000,true
current,2,named_delete,3,45065,359.931,1384.000,true
current,2,positional_derived,3,6357,3430.109,5480.000,true
current,2,mybatis_naming_UPPER_CAMEL_CASE,3,4634,6226.931,5064.000,true
current,2,raw_raw_expression,3,21589,1210.334,1744.000,true
current,2,positional_dialect_MySQL,3,25750,870.707,1848.000,true
current,2,mybatis_subquery_structured,3,15951,1685.606,3312.000,true
current,2,mybatis_in_16,3,13848,1862.579,4048.000,true
current,2,positional_where_128,3,979,25011.440,20712.000,true
current,2,mybatis_join_using,3,26984,1011.166,1976.000,true
current,2,raw_where_eq,3,31259,763.345,1504.000,true
current,2,raw_union_raw,3,9557,1269.509,1472.000,true
current,2,positional_batch_beans,3,2747,3116.382,6984.000,true
current,2,named_nested,3,20042,1221.171,2256.000,true
current,2,positional_dialect_PostgreSQL,3,12765,836.475,1848.000,true
current,2,raw_select_entity,3,42631,511.281,1304.000,true
current,2,mybatis_nested,3,21439,962.428,2024.000,true
current,2,positional_select_expressions,3,13194,1612.680,1936.000,true
current,2,named_naming_KEBAB_CASE,3,3846,4676.937,6936.000,true
current,2,named_select_entity,3,43085,602.138,1304.000,true
current,2,mybatis_late_modifier,3,34689,619.632,1656.000,true
current,2,named_row_in,3,20880,1278.520,2680.000,true
current,2,positional_update_map,3,28612,876.258,1872.000,true
current,2,raw_select_columns,3,35891,561.316,1216.000,true
current,2,raw_row_in,3,24508,767.264,1608.000,true
current,2,mybatis_where_16,3,3921,3995.282,5336.000,true
current,2,mybatis_row_in,3,21283,1012.385,2272.000,true
current,2,named_in_256,3,690,20752.174,71352.000,true
current,2,named_insert_placeholders,3,30625,936.947,1952.000,true
current,2,named_join_on,3,17528,1253.024,2808.000,true
current,2,named_repeated_names,3,630,20499.524,42584.000,true
current,2,positional_insert_placeholders,3,24466,462.168,1208.000,true
current,2,positional_naming_UPPER_CAMEL_CASE,3,3829,3621.833,3376.000,true
current,2,positional_select_star,3,115707,229.608,880.000,true
current,2,raw_subquery_raw,3,40605,534.284,1344.000,true
current,2,positional_union_raw,3,21053,1123.427,1472.000,true
current,2,mybatis_union_builder,3,4945,4265.561,6768.000,true
current,2,positional_in_16,4,30530,844.042,1728.000,true
current,2,named_dialect_MySQL,4,18845,1048.618,2408.000,true
current,2,named_join_using,4,20655,1069.789,2136.000,true
current,2,named_in_expression,4,1001,24011.588,72456.000,true
current,2,raw_repeated_names,4,1641,11944.059,14152.000,true
current,2,positional_raw_expression,4,17981,1145.743,1744.000,true
current,2,named_select_star,4,81367,249.950,880.000,true
current,2,mybatis_subquery_structured,4,15951,1443.157,3312.000,true
current,2,positional_insert_values,4,34798,909.524,1464.000,true
current,2,mybatis_batch_64,4,1098,23474.226,52216.000,true
current,2,mybatis_insert_values,4,27974,1093.204,1840.000,true
current,2,named_insert_entity,4,30320,805.976,1904.000,true
current,2,raw_where_16,4,6835,3804.375,3272.000,true
current,2,positional_join_using,4,30361,938.648,1752.000,true
current,2,positional_batch_64,4,1523,10763.296,23416.000,true
current,2,positional_insert_placeholders,4,24466,650.605,1208.000,true
current,2,mybatis_retry_rollback,4,1859,4102.690,4784.000,true
current,2,named_in_17,4,11553,2172.449,5736.000,true
current,2,named_batch_beans,4,3428,10102.625,18616.000,true
current,2,positional_repeated_names,4,931,18636.950,17240.000,true
current,2,named_union_raw,4,20780,1893.571,1472.000,true
current,2,positional_select_columns,4,35880,894.858,1216.000,true
current,2,positional_select_expressions,4,13194,1729.589,1936.000,true
current,2,mybatis_in_17,4,13916,1924.123,4192.000,true
current,2,named_batch_64,4,971,29985.891,70280.000,true
current,2,mybatis_join_using,4,26984,775.267,1976.000,true
current,2,raw_insert_values,4,13217,686.669,1536.000,true
current,2,named_join_on,4,17528,1133.466,2808.000,true
current,2,named_repeated_names,4,630,22160.952,42584.000,true
current,2,named_update_chain_16,4,2344,8796.886,24072.000,true
current,2,mybatis_update_chain_16,4,2583,8195.199,21304.000,true
current,2,raw_group_order,4,8579,1581.000,2952.000,true
current,2,mybatis_repeated_names,4,1135,17831.894,30536.000,true
current,2,named_raw_expression,4,22311,938.443,1744.000,true
current,2,mybatis_condition_only,4,6056,3564.927,4784.000,true
current,2,mybatis_union_raw,4,20196,1045.885,1472.000,true
current,2,mybatis_group_order,4,11256,1901.039,3608.000,true
current,2,raw_naming_CAMEL_CASE,4,5355,2125.229,1504.000,true
current,2,positional_dialect_DB2,4,13035,856.862,2032.000,true
current,2,raw_naming_KEBAB_CASE,4,5604,3109.422,3272.000,true
current,2,mybatis_where_128,4,697,30748.780,34848.000,true
current,2,named_naming_SCREAMING_SNAKE_CASE,4,2597,4357.104,6952.000,true
current,2,mybatis_update_map,4,19294,1243.091,2512.000,true
current,2,positional_batch_beans,4,2747,3237.131,6984.000,true
current,2,named_insert_placeholders,4,30625,720.669,1952.000,true
current,2,positional_row_in,4,24724,772.767,1608.000,true
current,2,positional_in_1024,4,3875,6239.948,20800.000,true
current,2,named_union_builder,4,4257,4762.180,6792.000,true
current,2,raw_where_128,4,638,31110.815,17776.000,true
current,2,named_delete,4,45065,385.625,1384.000,true
current,2,raw_pagination,4,13354,916.714,1712.000,true
current,2,raw_in_256,4,5302,3480.875,2464.000,true
current,2,named_dialect_DB2,4,9387,1068.936,2584.000,true
current,2,raw_in_16,4,26574,744.246,1344.000,true
current,2,mybatis_naming_KEBAB_CASE,4,4804,4978.081,5336.000,true
current,2,named_in_256,4,690,21206.377,71352.000,true
current,2,raw_select_columns,4,35891,652.757,1216.000,true
current,2,positional_update_chain_16,4,4742,6460.860,14560.000,true
current,2,mybatis_naming_CAMEL_CASE,4,3681,3432.790,3568.000,true
current,2,mybatis_pagination,4,23027,1038.281,2152.000,true
current,2,mybatis_late_modifier,4,34689,611.225,1656.000,true
current,2,raw_batch_beans,4,5375,3750.791,8808.000,true
current,2,raw_union_builder,4,3992,2074.574,3704.000,true
current,2,positional_naming_NO_CHANGE,4,9502,1993.012,1880.000,true
current,2,mybatis_in_expression,4,770,18403.896,48432.000,true
current,2,mybatis_batch_4,4,11793,2106.054,4504.000,true
current,2,mybatis_raw_expression,4,20748,1143.551,1744.000,true
current,2,raw_row_in,4,24508,900.963,1608.000,true
current,2,raw_naming_UPPER_CAMEL_CASE,4,4530,3674.658,3000.000,true
current,2,raw_retry_rollback,4,4201,2917.067,3976.000,true
current,2,named_where_16,4,5212,6517.191,6936.000,true
current,2,positional_retry_rollback,4,9184,3256.032,3864.000,true
current,2,positional_subquery_structured,4,13697,1175.710,2856.000,true
current,2,raw_union_raw,4,9557,3163.472,1472.000,true
current,2,mybatis_subquery_raw,4,42096,709.113,1344.000,true
current,2,positional_in_17,4,32646,725.005,1680.000,true
current,2,positional_join_on,4,19521,1450.843,2424.000,true
current,2,positional_dialect_Oracle,4,12556,872.579,2032.000,true
current,2,named_derived,4,3510,4190.000,7256.000,true
current,2,raw_mixed_literals,4,18906,1094.055,1864.000,true
current,2,raw_join_on,4,15262,1085.873,2336.000,true
current,2,raw_derived,4,4622,3189.096,5216.000,true
current,2,named_naming_UPPER_CAMEL_CASE,4,4551,5087.212,6664.000,true
current,2,mybatis_where_16,4,3921,4426.269,5336.000,true
current,2,mybatis_where_eq,4,28262,1074.241,1816.000,true
current,2,raw_insert_entity,4,16648,616.621,1264.000,true
current,2,positional_naming_UPPER_CAMEL_CASE,4,3829,3744.137,3376.000,true
current,2,positional_naming_CAMEL_CASE,4,8489,2618.424,1880.000,true
current,2,named_dialect_PostgreSQL,4,13903,1251.255,2408.000,true
current,2,positional_delete,4,82983,281.653,1000.000,true
current,2,mybatis_select_entity,4,43479,567.361,1304.000,true
current,2,positional_batch_4,4,6872,1154.467,2808.000,true
current,2,mybatis_select_star,4,72140,222.280,880.000,true
current,2,named_select_columns,4,35853,618.654,1216.000,true
current,2,positional_union_raw,4,21053,1400.442,1472.000,true
current,2,mybatis_insert_placeholders,4,20527,739.655,1616.000,true
current,2,mybatis_derived,4,3919,4349.860,7208.000,true
current,2,raw_condition_only,4,6800,2820.824,2720.000,true
current,2,raw_subquery_structured,4,18949,1162.684,2720.000,true
current,2,positional_derived,4,6357,4179.031,5480.000,true
current,2,named_insert_values,4,27872,882.319,2176.000,true
current,2,named_in_1024,4,251,93441.434,278560.000,true
current,2,positional_select_entity,4,40475,974.352,1304.000,true
current,2,mybatis_naming_UPPER_CAMEL_CASE,4,4634,6133.707,5064.000,true
current,2,raw_where_eq,4,31259,845.088,1504.000,true
current,2,named_nested,4,20042,1174.968,2256.000,true
current,2,custom_handler_where,4,2456,4743.730,6968.000,true
current,2,named_naming_KEBAB_CASE,4,3846,4542.616,6936.000,true
current,2,named_subquery_raw,4,42328,547.229,1344.000,true
current,2,mybatis_batch_beans,4,2164,5733.041,14120.000,true
current,2,named_row_in,4,20880,1161.183,2680.000,true
current,2,mybatis_in_1024,4,190,83517.895,182240.000,true
current,2,positional_dialect_PostgreSQL,4,12765,921.222,1848.000,true
current,2,positional_subquery_raw,4,44053,850.466,1344.000,true
current,2,raw_select_star,4,52030,330.805,880.000,true
current,2,mybatis_select_expressions,4,12912,1895.113,1936.000,true
current,2,named_batch_4,4,10947,2555.997,5584.000,true
current,2,named_subquery_structured,4,11490,2116.162,3568.000,true
current,2,raw_nested,4,12051,947.282,1616.000,true
current,2,mybatis_delete,4,42905,466.722,1232.000,true
current,2,named_select_expressions,4,14464,1584.914,1936.000,true
current,2,mybatis_nested,4,21439,1066.309,2024.000,true
current,2,mybatis_insert_entity,4,29820,731.995,1568.000,true
current,2,mybatis_mixed_literals,4,19324,1090.804,2080.000,true
current,2,mybatis_row_in,4,21283,991.449,2272.000,true
current,2,mybatis_between,4,19271,1235.245,2344.000,true
current,2,named_dialect_Oracle,4,11450,1043.869,2584.000,true
current,2,named_retry_rollback,4,7640,3730.785,5304.000,true
current,2,named_late_modifier,4,33912,593.878,1816.000,true
current,2,mybatis_join_on,4,17857,1365.509,2648.000,true
current,2,raw_naming_NO_CHANGE,4,10213,3267.375,1504.000,true
current,2,named_mixed_literals,4,19818,1209.315,2416.000,true
current,2,named_where_128,4,678,32783.628,47920.000,true
current,2,named_in_16,4,11723,1739.751,5520.000,true
current,2,named_dialect_Microsoft_SQL_Server,4,9027,1274.665,2584.000,true
current,2,raw_in_17,4,18845,692.109,1352.000,true
current,2,mybatis_union_builder,4,4945,4216.684,6768.000,true
current,2,custom_handler_union,4,587,7709.710,7248.000,true
current,2,positional_group_order,4,13332,2036.484,3112.000,true
current,2,raw_update_map,4,24899,894.747,1960.000,true
current,2,mybatis_in_256,4,1289,17855.857,47256.000,true
current,2,positional_select_star,4,115707,228.902,880.000,true
current,2,raw_raw_expression,4,21589,1044.018,1744.000,true
current,2,positional_dialect_Microsoft_SQL_Server,4,9094,1082.439,2032.000,true
current,2,named_naming_CAMEL_CASE,4,5995,3825.905,5168.000,true
current,2,raw_select_entity,4,42631,514.902,1304.000,true
current,2,named_between,4,20190,1076.157,2600.000,true
current,2,raw_insert_placeholders,4,24041,457.959,1208.000,true
current,2,mybatis_select_columns,4,36534,611.419,1216.000,true
current,2,positional_where_16,4,7112,3015.593,3648.000,true
current,2,positional_nested,4,23762,923.761,1704.000,true
current,2,positional_dialect_MySQL,4,25750,771.802,1848.000,true
current,2,raw_late_modifier,4,39017,516.424,1344.000,true
current,2,raw_delete,4,66795,254.693,912.000,true
current,2,positional_where_eq,4,31433,683.845,1592.000,true
current,2,named_select_entity,4,43085,553.791,1304.000,true
current,2,named_pagination,4,22112,1246.115,2384.000,true
current,2,positional_pagination,4,27996,763.609,1824.000,true
current,2,positional_union_builder,4,9646,2341.675,3920.000,true
current,2,raw_in_expression,4,2466,4448.743,3712.000,true
current,2,raw_in_1024,4,1230,12671.057,6328.000,true
current,2,raw_select_expressions,4,13127,1570.504,1936.000,true
current,2,named_group_order,4,10680,2509.391,3936.000,true
current,2,positional_where_128,4,979,26637.079,20712.000,true
current,2,mybatis_naming_SCREAMING_SNAKE_CASE,4,4419,4251.641,5352.000,true
current,2,raw_subquery_raw,4,40605,529.868,1344.000,true
current,2,positional_between,4,27218,781.439,1736.000,true
current,2,named_naming_NO_CHANGE,4,6056,2975.793,5168.000,true
current,2,named_condition_only,4,5874,4774.021,6384.000,true
current,2,positional_naming_SCREAMING_SNAKE_CASE,4,5667,3110.305,3664.000,true
current,2,raw_join_using,4,22264,672.867,1664.000,true
current,2,positional_late_modifier,4,42082,544.242,1432.000,true
current,2,named_where_eq,4,23172,808.955,1976.000,true
current,2,positional_mixed_literals,4,13898,850.367,1696.000,true
current,2,raw_between,4,24239,723.074,1648.000,true
current,2,raw_batch_4,4,9236,2370.918,3272.000,true
current,2,raw_naming_SCREAMING_SNAKE_CASE,4,4438,4953.808,3288.000,true
current,2,positional_in_expression,4,7670,3977.549,7536.000,true
current,2,positional_insert_entity,4,24441,589.419,1192.000,true
current,2,positional_in_256,4,7050,2404.014,6208.000,true
current,2,raw_batch_64,4,1737,15047.611,30152.000,true
current,2,mybatis_naming_NO_CHANGE,4,6460,4100.449,3568.000,true
current,2,positional_condition_only,4,7530,3488.712,3104.000,true
current,2,raw_update_chain_16,4,1963,5022.364,13856.000,true
current,2,positional_naming_KEBAB_CASE,4,3470,3631.153,3648.000,true
current,2,positional_update_map,4,28612,897.316,1872.000,true
current,2,mybatis_in_16,4,13848,2005.438,4048.000,true
current,2,named_update_map,4,17491,1566.926,2976.000,true
current,2,positional_update_chain_16,5,4742,5476.402,14560.000,true
current,2,named_update_chain_16,5,2344,10753.882,24072.000,true
current,2,positional_subquery_structured,5,13697,1467.365,2856.000,true
current,2,named_pagination,5,22112,1261.193,2384.000,true
current,2,positional_mixed_literals,5,13898,1108.361,1696.000,true
current,2,raw_repeated_names,5,1641,12478.489,14152.000,true
current,2,raw_union_builder,5,3992,2235.145,3704.000,true
current,2,raw_raw_expression,5,21589,1047.483,1744.000,true
current,2,positional_select_columns,5,35880,803.211,1216.000,true
current,2,mybatis_join_using,5,26984,803.072,1976.000,true
current,2,mybatis_repeated_names,5,1135,18197.357,30536.000,true
current,2,named_subquery_raw,5,42328,529.647,1344.000,true
current,2,positional_nested,5,23762,1185.898,1704.000,true
current,2,mybatis_between,5,19271,1353.235,2344.000,true
current,2,raw_where_eq,5,31259,779.177,1504.000,true
current,2,named_in_1024,5,251,102241.833,278560.000,true
current,2,positional_derived,5,6357,3837.754,5480.000,true
current,2,raw_in_1024,5,1230,13257.805,6328.000,true
current,2,named_between,5,20190,1434.522,2600.000,true
current,2,raw_naming_NO_CHANGE,5,10213,2045.246,1504.000,true
current,2,positional_subquery_raw,5,44053,537.736,1344.000,true
current,2,raw_between,5,24239,763.361,1648.000,true
current,2,positional_select_star,5,115707,229.383,880.000,true
current,2,mybatis_in_256,5,1289,20797.595,47256.000,true
current,2,named_dialect_DB2,5,9387,1372.973,2584.000,true
current,2,named_mixed_literals,5,19818,1128.848,2416.000,true
current,2,positional_in_16,5,30530,1083.400,1728.000,true
current,2,named_insert_entity,5,30320,899.555,1904.000,true
current,2,mybatis_insert_values,5,27974,813.019,1840.000,true
current,2,positional_naming_CAMEL_CASE,5,8489,2606.338,1880.000,true
current,2,raw_insert_placeholders,5,24041,490.050,1208.000,true
current,2,positional_in_17,5,32646,749.439,1680.000,true
current,2,raw_nested,5,12051,1242.893,1616.000,true
current,2,positional_update_map,5,28612,979.285,1872.000,true
current,2,named_naming_CAMEL_CASE,5,5995,7643.903,5168.000,true
current,2,named_insert_placeholders,5,30625,811.458,1952.000,true
current,2,raw_union_raw,5,9557,1051.365,1472.000,true
current,2,positional_dialect_MySQL,5,25750,780.672,1848.000,true
current,2,raw_batch_64,5,1737,12186.528,30152.000,true
current,2,named_in_16,5,11723,2269.445,5520.000,true
current,2,mybatis_naming_SCREAMING_SNAKE_CASE,5,4419,4806.925,5352.000,true
current,2,raw_where_128,5,638,25501.411,17776.000,true
current,2,mybatis_batch_64,5,1098,23227.049,52216.000,true
current,2,mybatis_insert_placeholders,5,20527,993.355,1616.000,true
current,2,named_batch_64,5,971,30899.588,70280.000,true
current,2,named_retry_rollback,5,7640,4940.406,5304.000,true
current,2,positional_union_raw,5,21053,1111.818,1472.000,true
current,2,raw_in_17,5,18845,654.943,1352.000,true
current,2,raw_naming_KEBAB_CASE,5,5604,3146.271,3272.000,true
current,2,raw_mixed_literals,5,18906,1750.846,1864.000,true
current,2,raw_in_expression,5,2466,5824.290,3712.000,true
current,2,named_batch_4,5,10947,2738.714,5584.000,true
current,2,mybatis_naming_CAMEL_CASE,5,3681,3454.496,3568.000,true
current,2,positional_batch_64,5,1523,9558.897,23416.000,true
current,2,mybatis_select_star,5,72140,358.597,880.000,true
current,2,named_dialect_Oracle,5,11450,1306.079,2584.000,true
current,2,named_insert_values,5,27872,1156.641,2176.000,true
current,2,positional_naming_NO_CHANGE,5,9502,2616.533,1880.000,true
current,2,positional_join_using,5,30361,763.759,1752.000,true
current,2,raw_join_using,5,22264,761.624,1664.000,true
current,2,named_select_star,5,81367,214.335,880.000,true
current,2,named_in_256,5,690,22263.478,71352.000,true
current,2,positional_in_expression,5,7670,3141.525,7536.000,true
current,2,raw_group_order,5,8579,1891.351,2952.000,true
current,2,named_select_expressions,5,14464,1691.538,1936.000,true
current,2,raw_condition_only,5,6800,3958.324,2720.000,true
current,2,raw_retry_rollback,5,4201,3012.021,3976.000,true
current,2,mybatis_condition_only,5,6056,4213.177,4784.000,true
current,2,mybatis_pagination,5,23027,992.418,2152.000,true
current,2,positional_where_eq,5,31433,910.973,1592.000,true
current,2,positional_raw_expression,5,17981,1133.630,1744.000,true
current,2,named_raw_expression,5,22311,1206.840,1744.000,true
current,2,mybatis_derived,5,3919,6099.107,7208.000,true
current,2,named_update_map,5,17491,1641.501,2976.000,true
current,2,named_join_using,5,20655,1095.909,2136.000,true
current,2,positional_join_on,5,19521,1267.430,2424.000,true
current,2,named_naming_UPPER_CAMEL_CASE,5,4551,12110.877,6664.000,true
current,2,mybatis_nested,5,21439,1601.535,2024.000,true
current,2,positional_batch_beans,5,2747,5261.959,6984.000,true
current,2,mybatis_select_expressions,5,12912,1957.876,1936.000,true
current,2,positional_retry_rollback,5,9184,3352.232,3864.000,true
current,2,positional_between,5,27218,874.341,1736.000,true
current,2,positional_dialect_Oracle,5,12556,1293.334,2032.000,true
current,2,named_batch_beans,5,3428,8262.048,18616.000,true
current,2,named_delete,5,45065,502.916,1384.000,true
current,2,mybatis_in_16,5,13848,2017.215,4048.000,true
current,2,mybatis_union_builder,5,4945,4720.910,6768.000,true
current,2,mybatis_subquery_raw,5,42096,778.516,1344.000,true
current,2,raw_join_on,5,15262,1552.464,2336.000,true
current,2,raw_naming_CAMEL_CASE,5,5355,3054.753,1504.000,true
current,2,positional_pagination,5,27996,859.798,1824.000,true
current,2,positional_naming_SCREAMING_SNAKE_CASE,5,5667,3433.810,3664.000,true
current,2,mybatis_where_eq,5,28262,882.400,1816.000,true
current,2,named_union_builder,5,4257,6215.621,6792.000,true
current,2,named_dialect_Microsoft_SQL_Server,5,9027,2188.102,2584.000,true
current,2,mybatis_retry_rollback,5,1859,5358.096,4784.000,true
current,2,named_group_order,5,10680,2297.856,3936.000,true
current,2,mybatis_naming_KEBAB_CASE,5,4804,5578.372,5336.000,true
current,2,custom_handler_union,5,587,5612.947,7248.000,true
current,2,mybatis_late_modifier,5,34689,999.510,1656.000,true
current,2,raw_late_modifier,5,39017,715.142,1344.000,true
current,2,positional_union_builder,5,9646,2501.161,3920.000,true
current,2,named_union_raw,5,20780,1441.853,1472.000,true
current,2,positional_repeated_names,5,931,12472.825,17240.000,true
current,2,mybatis_mixed_literals,5,19324,1537.917,2080.000,true
current,2,raw_in_256,5,5302,5489.381,2464.000,true
current,2,positional_condition_only,5,7530,3545.046,3104.000,true
current,2,mybatis_join_on,5,17857,1613.289,2648.000,true
current,2,mybatis_union_raw,5,20196,1181.878,1472.000,true
current,2,raw_update_chain_16,5,1963,6612.837,13856.000,true
current,2,mybatis_insert_entity,5,29820,833.528,1568.000,true
current,2,raw_subquery_raw,5,40605,583.857,1344.000,true
current,2,positional_naming_UPPER_CAMEL_CASE,5,3829,3445.887,3376.000,true
current,2,named_select_columns,5,35853,577.411,1216.000,true
current,2,raw_update_map,5,24899,848.982,1960.000,true
current,2,positional_batch_4,5,6872,1186.598,2808.000,true
current,2,positional_insert_values,5,34798,634.126,1464.000,true
current,2,positional_insert_entity,5,24441,524.913,1192.000,true
current,2,named_join_on,5,17528,1320.424,2808.000,true
current,2,mybatis_row_in,5,21283,1194.047,2272.000,true
current,2,mybatis_select_columns,5,36534,733.399,1216.000,true
current,2,named_select_entity,5,43085,552.227,1304.000,true
current,2,raw_naming_UPPER_CAMEL_CASE,5,4530,3415.254,3000.000,true
current,2,raw_insert_values,5,13217,794.953,1536.000,true
current,2,positional_insert_placeholders,5,24466,586.316,1208.000,true
current,2,named_in_expression,5,1001,36343.556,72456.000,true
current,2,named_derived,5,3510,6583.846,7256.000,true
current,2,raw_select_expressions,5,13127,1812.950,1936.000,true
current,2,named_in_17,5,11553,2131.896,5736.000,true
current,2,mybatis_select_entity,5,43479,749.132,1304.000,true
current,2,raw_pagination,5,13354,1461.375,1712.000,true
current,2,named_where_16,5,5212,4877.571,6936.000,true
current,2,raw_in_16,5,26574,750.237,1344.000,true
current,2,mybatis_naming_NO_CHANGE,5,6460,3107.105,3568.000,true
current,2,positional_late_modifier,5,42082,654.772,1432.000,true
current,2,mybatis_update_map,5,19294,1333.036,2512.000,true
current,2,positional_dialect_PostgreSQL,5,12765,1334.837,1848.000,true
current,2,named_nested,5,20042,1297.226,2256.000,true
current,2,mybatis_where_16,5,3921,6331.089,5336.000,true
current,2,custom_handler_where,5,2456,4967.142,6968.000,true
current,2,named_where_128,5,678,38120.206,47920.000,true
current,2,named_naming_NO_CHANGE,5,6056,4368.329,5168.000,true
current,2,raw_select_columns,5,35891,709.292,1216.000,true
current,2,raw_delete,5,66795,277.870,912.000,true
current,2,named_where_eq,5,23172,886.264,1976.000,true
current,2,mybatis_delete,5,42905,357.669,1232.000,true
current,2,raw_select_entity,5,42631,573.810,1304.000,true
current,2,positional_select_expressions,5,13194,1523.602,1936.000,true
current,2,named_naming_KEBAB_CASE,5,3846,4340.198,6936.000,true
current,2,mybatis_subquery_structured,5,15951,1630.901,3312.000,true
current,2,named_dialect_PostgreSQL,5,13903,1147.537,2408.000,true
current,2,positional_in_1024,5,3875,6750.890,20800.000,true
current,2,positional_row_in,5,24724,681.411,1608.000,true
current,2,named_naming_SCREAMING_SNAKE_CASE,5,2597,4560.069,6952.000,true
current,2,named_subquery_structured,5,11490,1387.842,3568.000,true
current,2,mybatis_in_1024,5,190,74474.211,182240.000,true
current,2,mybatis_batch_beans,5,2164,6168.762,14120.000,true
current,2,raw_naming_SCREAMING_SNAKE_CASE,5,4438,2940.581,3288.000,true
current,2,positional_where_128,5,979,21280.592,20712.000,true
current,2,positional_dialect_Microsoft_SQL_Server,5,9094,1162.778,2032.000,true
current,2,positional_group_order,5,13332,1585.936,3112.000,true
current,2,mybatis_in_17,5,13916,1522.708,4192.000,true
current,2,mybatis_in_expression,5,770,17294.675,48432.000,true
current,2,positional_delete,5,82983,265.060,1000.000,true
current,2,raw_derived,5,4622,3364.323,5216.000,true
current,2,raw_insert_entity,5,16648,601.003,1264.000,true
current,2,raw_batch_4,5,9236,1258.738,3272.000,true
current,2,mybatis_where_128,5,697,33223.386,34848.000,true
current,2,mybatis_batch_4,5,11793,1789.426,4504.000,true
current,2,mybatis_group_order,5,11256,1946.375,3608.000,true
current,2,named_row_in,5,20880,1062.098,2680.000,true
current,2,named_dialect_MySQL,5,18845,969.504,2408.000,true
current,2,named_late_modifier,5,33912,654.591,1816.000,true
current,2,raw_row_in,5,24508,736.698,1608.000,true
current,2,positional_select_entity,5,40475,925.487,1304.000,true
current,2,named_repeated_names,5,630,22102.857,42584.000,true
current,2,mybatis_update_chain_16,5,2583,8678.087,21304.000,true
current,2,mybatis_naming_UPPER_CAMEL_CASE,5,4634,4191.972,5064.000,true
current,2,mybatis_raw_expression,5,20748,941.368,1744.000,true
current,2,named_condition_only,5,5874,3659.891,6384.000,true
current,2,positional_naming_KEBAB_CASE,5,3470,3205.735,3648.000,true
current,2,positional_dialect_DB2,5,13035,921.404,2032.000,true
current,2,raw_subquery_structured,5,18949,1028.587,2720.000,true
current,2,positional_in_256,5,7050,2083.092,6208.000,true
current,2,raw_where_16,5,6835,2983.570,3272.000,true
current,2,raw_select_star,5,52030,232.850,880.000,true
current,2,raw_batch_beans,5,5375,3571.684,8808.000,true
current,2,positional_where_16,5,7112,3091.929,3648.000,true
current,2,raw_in_expression,6,2466,4435.401,3712.000,true
current,2,raw_insert_values,6,13217,739.767,1536.000,true
current,2,positional_delete,6,82983,272.708,1000.000,true
current,2,mybatis_in_256,6,1289,18204.034,47256.000,true
current,2,named_mixed_literals,6,19818,1086.351,2416.000,true
current,2,positional_dialect_MySQL,6,25750,733.658,1848.000,true
current,2,mybatis_union_builder,6,4945,4064.530,6768.000,true
current,2,positional_in_1024,6,3875,6037.729,20800.000,true
current,2,named_batch_64,6,971,21688.157,70280.000,true
current,2,named_delete,6,45065,327.669,1384.000,true
current,2,positional_batch_beans,6,2747,3105.461,6984.000,true
current,2,positional_dialect_DB2,6,13035,849.965,2032.000,true
current,2,positional_subquery_raw,6,44053,505.968,1344.000,true
current,2,raw_delete,6,66795,225.905,912.000,true
current,2,mybatis_row_in,6,21283,984.758,2272.000,true
current,2,mybatis_naming_SCREAMING_SNAKE_CASE,6,4419,3821.272,5352.000,true
current,2,named_naming_UPPER_CAMEL_CASE,6,4551,6764.096,6664.000,true
current,2,raw_naming_KEBAB_CASE,6,5604,3309.957,3272.000,true
current,2,named_select_columns,6,35853,645.324,1216.000,true
current,2,positional_in_17,6,32646,578.573,1680.000,true
current,2,raw_in_17,6,18845,654.757,1352.000,true
current,2,named_in_expression,6,1001,22014.885,72456.000,true
current,2,mybatis_insert_entity,6,29820,665.238,1568.000,true
current,2,named_dialect_PostgreSQL,6,13903,1060.232,2408.000,true
current,2,named_where_16,6,5212,3920.107,6936.000,true
current,2,raw_union_builder,6,3992,2007.740,3704.000,true
current,2,mybatis_insert_placeholders,6,20527,738.569,1616.000,true
current,2,positional_in_16,6,30530,686.993,1728.000,true
current,2,positional_select_entity,6,40475,529.253,1304.000,true
current,2,named_between,6,20190,1188.752,2600.000,true
current,2,positional_mixed_literals,6,13898,1413.405,1696.000,true
current,2,positional_between,6,27218,774.061,1736.000,true
current,2,positional_select_expressions,6,13194,1807.579,1936.000,true
current,2,raw_naming_SCREAMING_SNAKE_CASE,6,4438,5418.184,3288.000,true
current,2,positional_late_modifier,6,42082,605.404,1432.000,true
current,2,mybatis_join_on,6,17857,1203.618,2648.000,true
current,2,mybatis_delete,6,42905,339.718,1232.000,true
current,2,named_in_16,6,11723,1838.147,5520.000,true
current,2,raw_join_using,6,22264,686.557,1664.000,true
current,2,mybatis_join_using,6,26984,918.092,1976.000,true
current,2,named_naming_CAMEL_CASE,6,5995,3307.523,5168.000,true
current,2,positional_naming_CAMEL_CASE,6,8489,2459.018,1880.000,true
current,2,positional_join_on,6,19521,1099.063,2424.000,true
current,2,raw_repeated_names,6,1641,13192.200,14152.000,true
current,2,named_where_128,6,678,32276.549,47920.000,true
current,2,raw_condition_only,6,6800,2533.926,2720.000,true
current,2,raw_subquery_raw,6,40605,521.571,1344.000,true
current,2,raw_where_16,6,6835,3010.300,3272.000,true
current,2,raw_batch_64,6,1737,15098.906,30152.000,true
current,2,positional_insert_placeholders,6,24466,478.885,1208.000,true
current,2,raw_union_raw,6,9557,1176.175,1472.000,true
current,2,mybatis_where_128,6,697,31268.149,34848.000,true
current,2,named_insert_placeholders,6,30625,718.599,1952.000,true
current,2,raw_late_modifier,6,39017,496.109,1344.000,true
current,2,positional_dialect_Oracle,6,12556,837.719,2032.000,true
current,2,mybatis_select_expressions,6,12912,1595.105,1936.000,true
current,2,mybatis_select_columns,6,36534,764.699,1216.000,true
current,2,named_dialect_Oracle,6,11450,1177.345,2584.000,true
current,2,mybatis_in_16,6,13848,1482.669,4048.000,true
current,2,named_repeated_names,6,630,20166.984,42584.000,true
current,2,raw_retry_rollback,6,4201,3137.182,3976.000,true
current,2,mybatis_union_raw,6,20196,1120.098,1472.000,true
current,2,raw_where_128,6,638,23138.558,17776.000,true
current,2,named_batch_4,6,10947,1884.900,5584.000,true
current,2,mybatis_naming_CAMEL_CASE,6,3681,3262.157,3568.000,true
current,2,mybatis_batch_4,6,11793,1918.596,4504.000,true
current,2,named_dialect_DB2,6,9387,1142.868,2584.000,true
current,2,mybatis_repeated_names,6,1135,22825.022,30536.000,true
current,2,raw_select_expressions,6,13127,1694.926,1936.000,true
current,2,mybatis_batch_beans,6,2164,10505.915,14120.000,true
current,2,named_row_in,6,20880,1365.608,2680.000,true
current,2,mybatis_nested,6,21439,1259.280,2024.000,true
current,2,raw_batch_4,6,9236,1500.942,3272.000,true
current,2,mybatis_late_modifier,6,34689,616.806,1656.000,true
current,2,raw_insert_placeholders,6,24041,465.031,1208.000,true
current,2,positional_union_raw,6,21053,1223.146,1472.000,true
current,2,positional_batch_4,6,6872,1398.006,2808.000,true
current,2,named_union_builder,6,4257,4353.817,6792.000,true
current,2,positional_dialect_Microsoft_SQL_Server,6,9094,1200.792,2032.000,true
current,2,named_insert_entity,6,30320,710.178,1904.000,true
current,2,named_update_chain_16,6,2344,8885.452,24072.000,true
current,2,raw_update_chain_16,6,1963,4495.466,13856.000,true
current,2,mybatis_naming_NO_CHANGE,6,6460,2812.864,3568.000,true
current,2,positional_where_16,6,7112,2960.827,3648.000,true
current,2,positional_update_map,6,28612,798.389,1872.000,true
current,2,mybatis_update_chain_16,6,2583,8487.340,21304.000,true
current,2,named_naming_KEBAB_CASE,6,3846,5691.784,6936.000,true
current,2,mybatis_select_star,6,72140,240.312,880.000,true
current,2,mybatis_subquery_raw,6,42096,553.917,1344.000,true
current,2,mybatis_naming_UPPER_CAMEL_CASE,6,4634,5584.268,5064.000,true
current,2,mybatis_insert_values,6,27974,1541.117,1840.000,true
current,2,named_union_raw,6,20780,1702.579,1472.000,true
current,2,mybatis_in_17,6,13916,1989.185,4192.000,true
current,2,positional_where_eq,6,31433,1058.903,1592.000,true
current,2,mybatis_pagination,6,23027,1101.068,2152.000,true
current,2,named_late_modifier,6,33912,681.278,1816.000,true
current,2,positional_insert_values,6,34798,822.973,1464.000,true
current,2,positional_naming_NO_CHANGE,6,9502,2438.003,1880.000,true
current,2,positional_where_128,6,979,30857.099,20712.000,true
current,2,raw_mixed_literals,6,18906,1406.030,1864.000,true
current,2,named_dialect_MySQL,6,18845,1245.964,2408.000,true
current,2,raw_select_columns,6,35891,830.963,1216.000,true
current,2,positional_naming_UPPER_CAMEL_CASE,6,3829,4996.109,3376.000,true
current,2,raw_in_256,6,5302,4646.473,2464.000,true
current,2,named_naming_NO_CHANGE,6,6056,4321.466,5168.000,true
current,2,mybatis_naming_KEBAB_CASE,6,4804,5587.823,5336.000,true
current,2,raw_where_eq,6,31259,940.107,1504.000,true
current,2,raw_pagination,6,13354,836.349,1712.000,true
current,2,named_group_order,6,10680,2459.345,3936.000,true
current,2,mybatis_in_expression,6,770,21239.610,48432.000,true
current,2,positional_repeated_names,6,931,12282.922,17240.000,true
current,2,named_update_map,6,17491,1287.302,2976.000,true
current,2,named_subquery_structured,6,11490,1815.988,3568.000,true
current,2,raw_naming_CAMEL_CASE,6,5355,2794.715,1504.000,true
current,2,positional_nested,6,23762,924.590,1704.000,true
current,2,positional_join_using,6,30361,740.450,1752.000,true
current,2,custom_handler_union,6,587,4657.922,7248.000,true
current,2,positional_raw_expression,6,17981,900.918,1744.000,true
current,2,raw_naming_UPPER_CAMEL_CASE,6,4530,3152.936,3000.000,true
current,2,named_raw_expression,6,22311,997.091,1744.000,true
current,2,positional_select_star,6,115707,212.246,880.000,true
current,2,raw_update_map,6,24899,796.530,1960.000,true
current,2,named_retry_rollback,6,7640,3180.471,5304.000,true
current,2,positional_row_in,6,24724,744.734,1608.000,true
current,2,positional_derived,6,6357,3234.828,5480.000,true
current,2,positional_in_expression,6,7670,3096.623,7536.000,true
current,2,positional_condition_only,6,7530,2458.831,3104.000,true
current,2,named_in_17,6,11553,1767.835,5736.000,true
current,2,named_subquery_raw,6,42328,519.155,1344.000,true
current,2,raw_insert_entity,6,16648,527.463,1264.000,true
current,2,positional_subquery_structured,6,13697,1161.663,2856.000,true
current,2,mybatis_where_eq,6,28262,699.367,1816.000,true
current,2,positional_in_256,6,7050,2120.199,6208.000,true
current,2,positional_batch_64,6,1523,8497.111,23416.000,true
current,2,raw_derived,6,4622,3529.727,5216.000,true
current,2,mybatis_batch_64,6,1098,19050.273,52216.000,true
current,2,mybatis_mixed_literals,6,19324,1236.623,2080.000,true
current,2,raw_between,6,24239,1058.571,1648.000,true
current,2,named_insert_values,6,27872,828.495,2176.000,true
current,2,named_condition_only,6,5874,3520.940,6384.000,true
current,2,raw_raw_expression,6,21589,926.685,1744.000,true
current,2,named_select_entity,6,43085,488.996,1304.000,true
current,2,named_join_using,6,20655,753.977,2136.000,true
current,2,positional_dialect_PostgreSQL,6,12765,874.117,1848.000,true
current,2,named_where_eq,6,23172,693.281,1976.000,true
current,2,raw_subquery_structured,6,18949,1056.182,2720.000,true
current,2,custom_handler_where,6,2456,4329.479,6968.000,true
current,2,positional_naming_KEBAB_CASE,6,3470,3240.922,3648.000,true
current,2,positional_union_builder,6,9646,2310.688,3920.000,true
current,2,named_derived,6,3510,4362.479,7256.000,true
current,2,mybatis_select_entity,6,43479,593.086,1304.000,true
current,2,named_batch_beans,6,3428,6903.471,18616.000,true
current,2,positional_select_columns,6,35880,853.069,1216.000,true
current,2,named_in_1024,6,251,89823.904,278560.000,true
current,2,named_nested,6,20042,1039.153,2256.000,true
current,2,raw_in_16,6,26574,592.703,1344.000,true
current,2,raw_row_in,6,24508,986.021,1608.000,true
current,2,positional_retry_rollback,6,9184,3645.917,3864.000,true
current,2,mybatis_derived,6,3919,5040.470,7208.000,true
current,2,positional_pagination,6,27996,770.721,1824.000,true
current,2,mybatis_condition_only,6,6056,3180.796,4784.000,true
current,2,positional_group_order,6,13332,1660.869,3112.000,true
current,2,mybatis_between,6,19271,1272.093,2344.000,true
current,2,named_in_256,6,690,22112.464,71352.000,true
current,2,raw_naming_NO_CHANGE,6,10213,1966.660,1504.000,true
current,2,named_pagination,6,22112,952.628,2384.000,true
current,2,named_dialect_Microsoft_SQL_Server,6,9027,1226.011,2584.000,true
current,2,raw_select_star,6,52030,230.244,880.000,true
current,2,mybatis_in_1024,6,190,69660.000,182240.000,true
current,2,mybatis_retry_rollback,6,1859,3249.758,4784.000,true
current,2,mybatis_update_map,6,19294,1171.851,2512.000,true
current,2,raw_batch_beans,6,5375,3537.042,8808.000,true
current,2,positional_naming_SCREAMING_SNAKE_CASE,6,5667,2999.876,3664.000,true
current,2,mybatis_subquery_structured,6,15951,1404.031,3312.000,true
current,2,raw_select_entity,6,42631,517.293,1304.000,true
current,2,mybatis_raw_expression,6,20748,989.527,1744.000,true
current,2,mybatis_group_order,6,11256,1969.323,3608.000,true
current,2,mybatis_where_16,6,3921,4291.992,5336.000,true
current,2,raw_in_1024,6,1230,12002.927,6328.000,true
current,2,raw_join_on,6,15262,1121.537,2336.000,true
current,2,named_select_expressions,6,14464,1528.457,1936.000,true
current,2,positional_insert_entity,6,24441,655.047,1192.000,true
current,2,raw_group_order,6,8579,1760.170,2952.000,true
current,2,named_join_on,6,17528,1477.236,2808.000,true
current,2,raw_nested,6,12051,958.435,1616.000,true
current,2,named_select_star,6,81367,233.881,880.000,true
current,2,named_naming_SCREAMING_SNAKE_CASE,6,2597,4274.201,6952.000,true
current,2,positional_update_chain_16,6,4742,4864.888,14560.000,true
current,2,mybatis_where_eq,7,28262,849.982,1816.000,true
current,2,raw_in_256,7,5302,3577.839,2464.000,true
current,2,mybatis_nested,7,21439,1091.767,2024.000,true
current,2,mybatis_union_builder,7,4945,4265.986,6768.000,true
current,2,mybatis_batch_4,7,11793,1891.877,4504.000,true
current,2,raw_naming_SCREAMING_SNAKE_CASE,7,4438,3039.928,3288.000,true
current,2,positional_naming_NO_CHANGE,7,9502,2029.552,1880.000,true
current,2,named_in_17,7,11553,2262.417,5736.000,true
current,2,raw_select_expressions,7,13127,2707.008,1936.000,true
current,2,named_in_expression,7,1001,25609.890,72456.000,true
current,2,positional_delete,7,82983,287.992,1000.000,true
current,2,positional_raw_expression,7,17981,992.208,1744.000,true
current,2,raw_join_on,7,15262,1084.655,2336.000,true
current,2,named_in_16,7,11723,1903.472,5520.000,true
current,2,mybatis_subquery_raw,7,42096,576.620,1344.000,true
current,2,raw_delete,7,66795,333.763,912.000,true
current,2,named_in_1024,7,251,95398.008,278560.000,true
current,2,raw_between,7,24239,832.543,1648.000,true
current,2,mybatis_retry_rollback,7,1859,3812.534,4784.000,true
current,2,positional_insert_values,7,34798,744.911,1464.000,true
current,2,positional_derived,7,6357,3585.087,5480.000,true
current,2,mybatis_row_in,7,21283,1106.089,2272.000,true
current,2,named_mixed_literals,7,19818,1763.397,2416.000,true
current,2,named_dialect_Oracle,7,11450,1121.153,2584.000,true
current,2,mybatis_group_order,7,11256,2228.376,3608.000,true
current,2,raw_repeated_names,7,1641,12684.887,14152.000,true
current,2,mybatis_naming_CAMEL_CASE,7,3681,3375.958,3568.000,true
current,2,named_union_builder,7,4257,5367.700,6792.000,true
current,2,positional_where_16,7,7112,3560.461,3648.000,true
current,2,mybatis_select_columns,7,36534,615.235,1216.000,true
current,2,named_naming_KEBAB_CASE,7,3846,4703.770,6936.000,true
current,2,positional_dialect_PostgreSQL,7,12765,873.608,1848.000,true
current,2,positional_condition_only,7,7530,2627.875,3104.000,true
current,2,raw_subquery_raw,7,40605,557.803,1344.000,true
current,2,named_row_in,7,20880,1251.427,2680.000,true
current,2,positional_insert_entity,7,24441,542.490,1192.000,true
current,2,positional_row_in,7,24724,920.951,1608.000,true
current,2,mybatis_where_16,7,3921,4625.988,5336.000,true
current,2,raw_naming_CAMEL_CASE,7,5355,2445.714,1504.000,true
current,2,positional_in_1024,7,3875,6225.342,20800.000,true
current,2,named_select_columns,7,35853,589.323,1216.000,true
current,2,raw_in_1024,7,1230,11156.260,6328.000,true
current,2,raw_union_builder,7,3992,1996.894,3704.000,true
current,2,mybatis_in_256,7,1289,17599.612,47256.000,true
current,2,positional_select_columns,7,35880,587.748,1216.000,true
current,2,raw_in_17,7,18845,672.253,1352.000,true
current,2,named_naming_SCREAMING_SNAKE_CASE,7,2597,4078.360,6952.000,true
current,2,raw_batch_4,7,9236,1203.952,3272.000,true
current,2,named_insert_placeholders,7,30625,738.922,1952.000,true
current,2,positional_where_128,7,979,22232.686,20712.000,true
current,2,positional_select_expressions,7,13194,2004.313,1936.000,true
current,2,named_select_star,7,81367,280.105,880.000,true
current,2,named_update_chain_16,7,2344,9426.920,24072.000,true
current,2,named_naming_CAMEL_CASE,7,5995,3525.471,5168.000,true
current,2,mybatis_select_entity,7,43479,520.541,1304.000,true
current,2,positional_naming_UPPER_CAMEL_CASE,7,3829,4284.879,3376.000,true
current,2,positional_naming_SCREAMING_SNAKE_CASE,7,5667,5106.282,3664.000,true
current,2,named_join_using,7,20655,1183.161,2136.000,true
current,2,mybatis_insert_placeholders,7,20527,815.112,1616.000,true
current,2,mybatis_naming_NO_CHANGE,7,6460,3148.591,3568.000,true
current,2,mybatis_naming_KEBAB_CASE,7,4804,5111.969,5336.000,true
current,2,raw_mixed_literals,7,18906,1143.960,1864.000,true
current,2,raw_naming_NO_CHANGE,7,10213,2322.755,1504.000,true
current,2,named_dialect_MySQL,7,18845,1132.385,2408.000,true
current,2,raw_retry_rollback,7,4201,2824.542,3976.000,true
current,2,mybatis_in_expression,7,770,19858.831,48432.000,true
current,2,raw_select_entity,7,42631,530.776,1304.000,true
current,2,mybatis_insert_values,7,27974,956.002,1840.000,true
current,2,raw_naming_KEBAB_CASE,7,5604,4802.748,3272.000,true
current,2,named_where_eq,7,23172,828.983,1976.000,true
current,2,mybatis_join_on,7,17857,1280.551,2648.000,true
current,2,positional_batch_beans,7,2747,4960.393,6984.000,true
current,2,named_subquery_structured,7,11490,1545.683,3568.000,true
current,2,mybatis_naming_SCREAMING_SNAKE_CASE,7,4419,4314.483,5352.000,true
current,2,positional_select_entity,7,40475,624.482,1304.000,true
current,2,raw_late_modifier,7,39017,791.242,1344.000,true
current,2,raw_group_order,7,8579,2619.070,2952.000,true
current,2,named_insert_entity,7,30320,957.563,1904.000,true
current,2,mybatis_derived,7,3919,5186.246,7208.000,true
current,2,raw_insert_entity,7,16648,693.122,1264.000,true
current,2,named_union_raw,7,20780,1162.055,1472.000,true
current,2,raw_join_using,7,22264,666.767,1664.000,true
current,2,raw_select_star,7,52030,211.912,880.000,true
current,2,named_where_16,7,5212,3979.931,6936.000,true
current,2,mybatis_raw_expression,7,20748,928.027,1744.000,true
current,2,named_naming_UPPER_CAMEL_CASE,7,4551,4404.570,6664.000,true
current,2,positional_naming_CAMEL_CASE,7,8489,2234.068,1880.000,true
current,2,positional_dialect_DB2,7,13035,883.191,2032.000,true
current,2,raw_batch_64,7,1737,10565.573,30152.000,true
current,2,raw_where_16,7,6835,3162.780,3272.000,true
current,2,raw_pagination,7,13354,658.499,1712.000,true
current,2,positional_join_using,7,30361,697.882,1752.000,true
current,2,raw_update_chain_16,7,1963,4631.737,13856.000,true
current,2,mybatis_update_chain_16,7,2583,8471.545,21304.000,true
current,2,positional_in_17,7,32646,577.360,1680.000,true
current,2,named_select_entity,7,43085,498.744,1304.000,true
current,2,raw_batch_beans,7,5375,3615.312,8808.000,true
current,2,named_naming_NO_CHANGE,7,6056,3038.260,5168.000,true
current,2,positional_group_order,7,13332,1707.553,3112.000,true
current,2,named_join_on,7,17528,1244.443,2808.000,true
current,2,mybatis_between,7,19271,1076.888,2344.000,true
current,2,named_dialect_DB2,7,9387,999.020,2584.000,true
current,2,positional_dialect_Microsoft_SQL_Server,7,9094,1706.829,2032.000,true
current,2,named_repeated_names,7,630,37941.270,42584.000,true
current,2,mybatis_late_modifier,7,34689,614.523,1656.000,true
current,2,positional_union_raw,7,21053,1156.215,1472.000,true
current,2,named_between,7,20190,1032.848,2600.000,true
current,2,raw_update_map,7,24899,834.090,1960.000,true
current,2,positional_repeated_names,7,931,14943.072,17240.000,true
current,2,mybatis_select_expressions,7,12912,1565.458,1936.000,true
current,2,positional_union_builder,7,9646,2186.554,3920.000,true
current,2,raw_nested,7,12051,811.360,1616.000,true
current,2,named_in_256,7,690,22705.362,71352.000,true
current,2,positional_between,7,27218,769.190,1736.000,true
current,2,positional_in_16,7,30530,696.607,1728.000,true
current,2,raw_select_columns,7,35891,589.847,1216.000,true
current,2,named_raw_expression,7,22311,954.310,1744.000,true
current,2,raw_in_16,7,26574,635.967,1344.000,true
current,2,custom_handler_union,7,587,4745.315,7248.000,true
current,2,raw_insert_values,7,13217,684.089,1536.000,true
current,2,positional_dialect_MySQL,7,25750,797.942,1848.000,true
current,2,custom_handler_where,7,2456,4140.024,6968.000,true
current,2,positional_insert_placeholders,7,24466,452.428,1208.000,true
current,2,mybatis_in_1024,7,190,80321.053,182240.000,true
current,2,named_nested,7,20042,1007.644,2256.000,true
current,2,raw_in_expression,7,2466,3983.698,3712.000,true
current,2,mybatis_union_raw,7,20196,1067.607,1472.000,true
current,2,positional_naming_KEBAB_CASE,7,3470,2953.487,3648.000,true
current,2,positional_update_chain_16,7,4742,4592.661,14560.000,true
current,2,named_batch_4,7,10947,2055.431,5584.000,true
current,2,positional_subquery_raw,7,44053,533.482,1344.000,true
current,2,named_condition_only,7,5874,3897.259,6384.000,true
current,2,mybatis_repeated_names,7,1135,17818.502,30536.000,true
current,2,raw_where_128,7,638,24631.818,17776.000,true
current,2,positional_batch_4,7,6872,1438.882,2808.000,true
current,2,named_derived,7,3510,4325.670,7256.000,true
current,2,mybatis_in_16,7,13848,1648.187,4048.000,true
current,2,raw_derived,7,4622,3968.109,5216.000,true
current,2,raw_condition_only,7,6800,2807.559,2720.000,true
current,2,positional_update_map,7,28612,923.997,1872.000,true
current,2,named_delete,7,45065,365.601,1384.000,true
current,2,positional_retry_rollback,7,9184,2798.650,3864.000,true
current,2,positional_batch_64,7,1523,12267.367,23416.000,true
current,2,positional_select_star,7,115707,220.383,880.000,true
current,2,named_dialect_Microsoft_SQL_Server,7,9027,1242.018,2584.000,true
current,2,raw_subquery_structured,7,18949,1059.560,2720.000,true
current,2,mybatis_update_map,7,19294,1149.736,2512.000,true
current,2,mybatis_condition_only,7,6056,3598.018,4784.000,true
current,2,positional_subquery_structured,7,13697,1081.244,2856.000,true
current,2,raw_naming_UPPER_CAMEL_CASE,7,4530,3448.808,3000.000,true
current,2,mybatis_join_using,7,26984,1089.831,1976.000,true
current,2,named_subquery_raw,7,42328,672.607,1344.000,true
current,2,named_dialect_PostgreSQL,7,13903,1126.929,2408.000,true
current,2,positional_dialect_Oracle,7,12556,874.673,2032.000,true
current,2,named_batch_64,7,971,22329.557,70280.000,true
current,2,positional_pagination,7,27996,699.161,1824.000,true
current,2,named_late_modifier,7,33912,622.440,1816.000,true
current,2,mybatis_mixed_literals,7,19324,1025.481,2080.000,true
current,2,positional_in_256,7,7050,2114.426,6208.000,true
current,2,positional_join_on,7,19521,1163.839,2424.000,true
current,2,positional_nested,7,23762,950.257,1704.000,true
current,2,named_where_128,7,678,37427.434,47920.000,true
current,2,raw_insert_placeholders,7,24041,525.481,1208.000,true
current,2,named_retry_rollback,7,7640,3574.830,5304.000,true
current,2,mybatis_delete,7,42905,464.032,1232.000,true
current,2,mybatis_subquery_structured,7,15951,1390.747,3312.000,true
current,2,named_select_expressions,7,14464,1519.386,1936.000,true
current,2,mybatis_pagination,7,23027,933.647,2152.000,true
current,2,mybatis_in_17,7,13916,1566.125,4192.000,true
current,2,positional_where_eq,7,31433,699.523,1592.000,true
current,2,positional_in_expression,7,7670,3281.421,7536.000,true
current,2,raw_union_raw,7,9557,1152.778,1472.000,true
current,2,positional_mixed_literals,7,13898,855.497,1696.000,true
current,2,mybatis_naming_UPPER_CAMEL_CASE,7,4634,4504.963,5064.000,true
current,2,mybatis_insert_entity,7,29820,670.339,1568.000,true
current,2,named_pagination,7,22112,971.803,2384.000,true
current,2,mybatis_where_128,7,697,32828.264,34848.000,true
current,2,positional_late_modifier,7,42082,549.703,1432.000,true
current,2,mybatis_batch_64,7,1098,21238.342,52216.000,true
current,2,named_batch_beans,7,3428,7634.189,18616.000,true
current,2,named_group_order,7,10680,2448.155,3936.000,true
current,2,raw_where_eq,7,31259,708.263,1504.000,true
current,2,named_update_map,7,17491,1191.110,2976.000,true
current,2,named_insert_values,7,27872,822.930,2176.000,true
current,2,raw_row_in,7,24508,771.899,1608.000,true
current,2,mybatis_batch_beans,7,2164,5780.360,14120.000,true
current,2,raw_raw_expression,7,21589,998.870,1744.000,true
current,2,mybatis_select_star,7,72140,208.029,880.000,true
current,2,named_derived,8,3510,4588.632,7256.000,true
current,2,raw_union_builder,8,3992,2297.044,3704.000,true
current,2,named_union_builder,8,4257,4104.534,6792.000,true
current,2,raw_in_17,8,18845,653.171,1352.000,true
current,2,named_insert_placeholders,8,30625,1125.737,1952.000,true
current,2,positional_in_1024,8,3875,7405.497,20800.000,true
current,2,mybatis_insert_values,8,27974,895.896,1840.000,true
current,2,raw_in_expression,8,2466,4589.051,3712.000,true
current,2,positional_subquery_structured,8,13697,1284.953,2856.000,true
current,2,raw_naming_CAMEL_CASE,8,5355,2473.072,1504.000,true
current,2,mybatis_subquery_raw,8,42096,537.065,1344.000,true
current,2,positional_retry_rollback,8,9184,2820.089,3864.000,true
current,2,raw_subquery_structured,8,18949,1430.334,2720.000,true
current,2,raw_group_order,8,8579,1833.873,2952.000,true
current,2,positional_dialect_DB2,8,13035,1386.130,2032.000,true
current,2,raw_late_modifier,8,39017,613.597,1344.000,true
current,2,mybatis_nested,8,21439,1449.214,2024.000,true
current,2,named_update_chain_16,8,2344,14982.850,24072.000,true
current,2,positional_select_star,8,115707,298.492,880.000,true
current,2,positional_row_in,8,24724,996.534,1608.000,true
current,2,raw_raw_expression,8,21589,1190.736,1744.000,true
current,2,raw_update_map,8,24899,1311.209,1960.000,true
current,2,raw_join_using,8,22264,1485.272,1664.000,true
current,2,mybatis_join_on,8,17857,1825.962,2648.000,true
current,2,positional_batch_64,8,1523,11916.875,23416.000,true
current,2,mybatis_in_16,8,13848,2149.704,4048.000,true
current,2,named_dialect_Oracle,8,11450,1653.144,2584.000,true
current,2,positional_nested,8,23762,1212.562,1704.000,true
current,2,named_row_in,8,20880,1277.217,2680.000,true
current,2,mybatis_batch_4,8,11793,2061.825,4504.000,true
current,2,raw_where_eq,8,31259,680.163,1504.000,true
current,2,named_in_17,8,11553,1817.805,5736.000,true
current,2,positional_delete,8,82983,299.396,1000.000,true
current,2,mybatis_naming_UPPER_CAMEL_CASE,8,4634,4318.451,5064.000,true
current,2,positional_insert_entity,8,24441,603.073,1192.000,true
current,2,mybatis_condition_only,8,6056,4202.609,4784.000,true
current,2,mybatis_repeated_names,8,1135,20536.388,30536.000,true
current,2,raw_update_chain_16,8,1963,7663.067,13856.000,true
current,2,custom_handler_union,8,587,7642.249,7248.000,true
current,2,positional_dialect_MySQL,8,25750,948.470,1848.000,true
current,2,raw_mixed_literals,8,18906,1293.309,1864.000,true
current,2,named_naming_UPPER_CAMEL_CASE,8,4551,5172.292,6664.000,true
current,2,mybatis_join_using,8,26984,883.212,1976.000,true
current,2,named_in_16,8,11723,1804.342,5520.000,true
current,2,named_select_columns,8,35853,553.884,1216.000,true
current,2,named_naming_NO_CHANGE,8,6056,3183.801,5168.000,true
current,2,named_union_raw,8,20780,1050.452,1472.000,true
current,2,positional_derived,8,6357,3327.135,5480.000,true
current,2,raw_nested,8,12051,884.333,1616.000,true
current,2,positional_in_16,8,30530,975.175,1728.000,true
current,2,mybatis_subquery_structured,8,15951,1676.465,3312.000,true
current,2,mybatis_mixed_literals,8,19324,1088.279,2080.000,true
current,2,positional_join_on,8,19521,1174.694,2424.000,true
current,2,positional_dialect_Microsoft_SQL_Server,8,9094,1136.299,2032.000,true
current,2,raw_batch_beans,8,5375,3358.084,8808.000,true
current,2,named_join_using,8,20655,796.412,2136.000,true
current,2,raw_select_expressions,8,13127,1521.018,1936.000,true
current,2,positional_pagination,8,27996,748.318,1824.000,true
current,2,named_where_128,8,678,30746.755,47920.000,true
current,2,positional_dialect_PostgreSQL,8,12765,801.692,1848.000,true
current,2,positional_update_chain_16,8,4742,4676.276,14560.000,true
current,2,raw_where_16,8,6835,3104.638,3272.000,true
current,2,mybatis_between,8,19271,1094.380,2344.000,true
current,2,mybatis_union_builder,8,4945,4142.224,6768.000,true
current,2,raw_between,8,24239,697.780,1648.000,true
current,2,raw_insert_values,8,13217,606.802,1536.000,true
current,2,positional_repeated_names,8,931,12126.208,17240.000,true
current,2,named_repeated_names,8,630,18692.698,42584.000,true
current,2,positional_in_expression,8,7670,3035.645,7536.000,true
current,2,named_mixed_literals,8,19818,1055.984,2416.000,true
current,2,raw_derived,8,4622,3322.955,5216.000,true
current,2,positional_join_using,8,30361,841.655,1752.000,true
current,2,mybatis_in_17,8,13916,1618.339,4192.000,true
current,2,mybatis_raw_expression,8,20748,964.117,1744.000,true
current,2,named_select_entity,8,43085,539.636,1304.000,true
current,2,positional_naming_NO_CHANGE,8,9502,2025.310,1880.000,true
current,2,named_in_1024,8,251,91989.243,278560.000,true
current,2,positional_late_modifier,8,42082,540.110,1432.000,true
current,2,positional_raw_expression,8,17981,985.946,1744.000,true
current,2,raw_select_star,8,52030,223.473,880.000,true
current,2,named_naming_KEBAB_CASE,8,3846,4305.746,6936.000,true
current,2,named_in_expression,8,1001,22721.379,72456.000,true
current,2,named_subquery_structured,8,11490,1533.107,3568.000,true
current,2,raw_insert_placeholders,8,24041,659.640,1208.000,true
current,2,raw_in_16,8,26574,717.939,1344.000,true
current,2,named_subquery_raw,8,42328,464.468,1344.000,true
current,2,named_where_16,8,5212,4619.896,6936.000,true
current,2,positional_in_256,8,7050,2133.574,6208.000,true
current,2,mybatis_naming_CAMEL_CASE,8,3681,3406.384,3568.000,true
current,2,mybatis_group_order,8,11256,1863.353,3608.000,true
current,2,mybatis_in_expression,8,770,19020.000,48432.000,true
current,2,named_condition_only,8,5874,3895.012,6384.000,true
current,2,named_select_star,8,81367,351.364,880.000,true
current,2,positional_where_16,8,7112,3217.702,3648.000,true
current,2,raw_repeated_names,8,1641,11679.951,14152.000,true
current,2,mybatis_union_raw,8,20196,1046.742,1472.000,true
current,2,named_retry_rollback,8,7640,3252.631,5304.000,true
current,2,named_where_eq,8,23172,760.521,1976.000,true
current,2,raw_row_in,8,24508,755.708,1608.000,true
current,2,raw_in_1024,8,1230,11667.073,6328.000,true
current,2,raw_condition_only,8,6800,2498.676,2720.000,true
current,2,positional_naming_CAMEL_CASE,8,8489,2400.895,1880.000,true
current,2,custom_handler_where,8,2456,3938.681,6968.000,true
current,2,positional_select_expressions,8,13194,1565.734,1936.000,true
current,2,named_dialect_DB2,8,9387,1034.473,2584.000,true
current,2,mybatis_derived,8,3919,4138.428,7208.000,true
current,2,raw_retry_rollback,8,4201,2762.342,3976.000,true
current,2,raw_select_entity,8,42631,498.044,1304.000,true
current,2,mybatis_late_modifier,8,34689,614.368,1656.000,true
current,2,positional_batch_beans,8,2747,3007.499,6984.000,true
current,2,raw_union_raw,8,9557,1032.458,1472.000,true
current,2,positional_union_raw,8,21053,1122.947,1472.000,true
current,2,mybatis_retry_rollback,8,1859,3659.602,4784.000,true
current,2,mybatis_insert_entity,8,29820,721.697,1568.000,true
current,2,mybatis_delete,8,42905,564.435,1232.000,true
current,2,raw_where_128,8,638,22030.878,17776.000,true
current,2,positional_naming_KEBAB_CASE,8,3470,3485.937,3648.000,true
current,2,named_naming_CAMEL_CASE,8,5995,3908.524,5168.000,true
current,2,mybatis_row_in,8,21283,1046.709,2272.000,true
current,2,positional_union_builder,8,9646,2269.407,3920.000,true
current,2,named_join_on,8,17528,1285.868,2808.000,true
current,2,positional_update_map,8,28612,790.182,1872.000,true
current,2,positional_batch_4,8,6872,1285.972,2808.000,true
current,2,raw_pagination,8,13354,708.432,1712.000,true
current,2,mybatis_naming_SCREAMING_SNAKE_CASE,8,4419,4060.715,5352.000,true
current,2,mybatis_where_eq,8,28262,743.606,1816.000,true
current,2,mybatis_insert_placeholders,8,20527,707.230,1616.000,true
current,2,raw_in_256,8,5302,3613.410,2464.000,true
current,2,named_late_modifier,8,33912,656.894,1816.000,true
current,2,raw_batch_64,8,1737,11539.781,30152.000,true
current,2,mybatis_select_entity,8,43479,508.452,1304.000,true
current,2,mybatis_naming_KEBAB_CASE,8,4804,4449.147,5336.000,true
current,2,named_batch_beans,8,3428,6659.247,18616.000,true
current,2,mybatis_in_256,8,1289,28208.922,47256.000,true
current,2,positional_select_columns,8,35880,879.891,1216.000,true
current,2,named_nested,8,20042,1561.885,2256.000,true
current,2,named_update_map,8,17491,1367.675,2976.000,true
current,2,raw_select_columns,8,35891,782.762,1216.000,true
current,2,raw_naming_KEBAB_CASE,8,5604,4377.338,3272.000,true
current,2,mybatis_update_chain_16,8,2583,11857.104,21304.000,true
current,2,raw_naming_SCREAMING_SNAKE_CASE,8,4438,3927.693,3288.000,true
current,2,mybatis_in_1024,8,190,106093.684,182240.000,true
current,2,mybatis_select_columns,8,36534,786.166,1216.000,true
current,2,positional_subquery_raw,8,44053,886.920,1344.000,true
current,2,mybatis_select_star,8,72140,229.045,880.000,true
current,2,positional_in_17,8,32646,990.256,1680.000,true
current,2,mybatis_batch_64,8,1098,22219.035,52216.000,true
current,2,mybatis_pagination,8,23027,1082.820,2152.000,true
current,2,positional_between,8,27218,846.087,1736.000,true
current,2,positional_insert_values,8,34798,777.162,1464.000,true
current,2,named_insert_values,8,27872,1001.231,2176.000,true
current,2,mybatis_where_128,8,697,41374.319,34848.000,true
current,2,mybatis_where_16,8,3921,4269.294,5336.000,true
current,2,named_batch_4,8,10947,2427.962,5584.000,true
current,2,named_insert_entity,8,30320,998.730,1904.000,true
current,2,positional_where_128,8,979,25635.342,20712.000,true
current,2,mybatis_naming_NO_CHANGE,8,6460,3306.146,3568.000,true
current,2,mybatis_update_map,8,19294,1351.441,2512.000,true
current,2,positional_naming_SCREAMING_SNAKE_CASE,8,5667,3110.217,3664.000,true
current,2,positional_naming_UPPER_CAMEL_CASE,8,3829,3272.369,3376.000,true
current,2,positional_dialect_Oracle,8,12556,964.264,2032.000,true
current,2,positional_where_eq,8,31433,665.778,1592.000,true
current,2,named_pagination,8,22112,917.800,2384.000,true
current,2,named_in_256,8,690,21004.493,71352.000,true
current,2,raw_subquery_raw,8,40605,575.136,1344.000,true
current,2,raw_naming_UPPER_CAMEL_CASE,8,4530,3060.221,3000.000,true
current,2,raw_batch_4,8,9236,1400.346,3272.000,true
current,2,named_dialect_Microsoft_SQL_Server,8,9027,1255.035,2584.000,true
current,2,named_group_order,8,10680,2021.592,3936.000,true
current,2,named_naming_SCREAMING_SNAKE_CASE,8,2597,4068.117,6952.000,true
current,2,named_between,8,20190,1029.490,2600.000,true
current,2,raw_delete,8,66795,240.530,912.000,true
current,2,named_select_expressions,8,14464,1555.780,1936.000,true
current,2,positional_insert_placeholders,8,24466,753.936,1208.000,true
current,2,raw_insert_entity,8,16648,549.339,1264.000,true
current,2,named_dialect_MySQL,8,18845,995.622,2408.000,true
current,2,positional_condition_only,8,7530,2555.259,3104.000,true
current,2,named_delete,8,45065,732.804,1384.000,true
current,2,raw_naming_NO_CHANGE,8,10213,2130.618,1504.000,true
current,2,named_raw_expression,8,22311,1016.248,1744.000,true
current,2,positional_select_entity,8,40475,598.070,1304.000,true
current,2,mybatis_batch_beans,8,2164,5685.906,14120.000,true
current,2,named_dialect_PostgreSQL,8,13903,1044.178,2408.000,true
current,2,positional_group_order,8,13332,1642.477,3112.000,true
current,2,raw_join_on,8,15262,1198.591,2336.000,true
current,2,positional_mixed_literals,8,13898,939.034,1696.000,true
current,2,named_batch_64,8,971,25568.383,70280.000,true
current,2,mybatis_select_expressions,8,12912,2116.822,1936.000,true
current,2,named_late_modifier,9,33912,605.791,1816.000,true
current,2,named_insert_entity,9,30320,742.790,1904.000,true
current,2,named_in_expression,9,1001,23951.948,72456.000,true
current,2,named_naming_CAMEL_CASE,9,5995,3486.489,5168.000,true
current,2,raw_select_star,9,52030,241.236,880.000,true
current,2,named_batch_64,9,971,25054.583,70280.000,true
current,2,mybatis_nested,9,21439,1032.819,2024.000,true
current,2,mybatis_mixed_literals,9,19324,1097.392,2080.000,true
current,2,named_derived,9,3510,4126.724,7256.000,true
current,2,named_dialect_Oracle,9,11450,1164.664,2584.000,true
current,2,raw_batch_64,9,1737,11809.960,30152.000,true
current,2,mybatis_batch_64,9,1098,22018.488,52216.000,true
current,2,custom_handler_where,9,2456,4543.485,6968.000,true
current,2,named_mixed_literals,9,19818,1129.680,2416.000,true
current,2,positional_naming_UPPER_CAMEL_CASE,9,3829,3719.274,3376.000,true
current,2,positional_update_map,9,28612,858.032,1872.000,true
current,2,mybatis_between,9,19271,1260.158,2344.000,true
current,2,positional_retry_rollback,9,9184,3836.476,3864.000,true
current,2,raw_late_modifier,9,39017,693.831,1344.000,true
current,2,positional_where_eq,9,31433,708.427,1592.000,true
current,2,mybatis_insert_placeholders,9,20527,730.048,1616.000,true
current,2,positional_condition_only,9,7530,2768.579,3104.000,true
current,2,raw_where_eq,9,31259,638.114,1504.000,true
current,2,raw_naming_NO_CHANGE,9,10213,1937.599,1504.000,true
current,2,raw_in_1024,9,1230,12664.959,6328.000,true
current,2,mybatis_select_star,9,72140,224.914,880.000,true
current,2,positional_insert_values,9,34798,761.489,1464.000,true
current,2,positional_in_17,9,32646,648.073,1680.000,true
current,2,named_dialect_PostgreSQL,9,13903,1050.550,2408.000,true
current,2,mybatis_where_16,9,3921,3946.621,5336.000,true
current,2,raw_in_expression,9,2466,5691.687,3712.000,true
current,2,positional_naming_SCREAMING_SNAKE_CASE,9,5667,3161.532,3664.000,true
current,2,mybatis_subquery_structured,9,15951,1375.951,3312.000,true
current,2,mybatis_naming_CAMEL_CASE,9,3681,3534.827,3568.000,true
current,2,positional_where_128,9,979,27718.488,20712.000,true
current,2,named_update_map,9,17491,1280.293,2976.000,true
current,2,positional_join_on,9,19521,1243.456,2424.000,true
current,2,raw_select_entity,9,42631,929.563,1304.000,true
current,2,raw_nested,9,12051,889.403,1616.000,true
current,2,raw_naming_CAMEL_CASE,9,5355,2336.377,1504.000,true
current,2,raw_union_builder,9,3992,2583.417,3704.000,true
current,2,raw_in_16,9,26574,652.811,1344.000,true
current,2,raw_update_chain_16,9,1963,5381.253,13856.000,true
current,2,named_in_17,9,11553,1807.470,5736.000,true
current,2,positional_select_entity,9,40475,528.702,1304.000,true
current,2,mybatis_row_in,9,21283,1035.216,2272.000,true
current,2,named_group_order,9,10680,2715.431,3936.000,true
current,2,raw_batch_4,9,9236,1781.117,3272.000,true
current,2,mybatis_batch_4,9,11793,2005.274,4504.000,true
current,2,named_naming_NO_CHANGE,9,6056,3388.804,5168.000,true
current,2,positional_pagination,9,27996,765.752,1824.000,true
current,2,named_dialect_DB2,9,9387,1052.626,2584.000,true
current,2,mybatis_condition_only,9,6056,3652.163,4784.000,true
current,2,raw_group_order,9,8579,1575.230,2952.000,true
current,2,mybatis_delete,9,42905,337.676,1232.000,true
current,2,named_update_chain_16,9,2344,9323.891,24072.000,true
current,2,mybatis_subquery_raw,9,42096,565.213,1344.000,true
current,2,raw_derived,9,4622,4858.827,5216.000,true
current,2,positional_batch_4,9,6872,1361.787,2808.000,true
current,2,mybatis_in_256,9,1289,17666.486,47256.000,true
current,2,positional_raw_expression,9,17981,937.462,1744.000,true
current,2,raw_repeated_names,9,1641,11171.237,14152.000,true
current,2,named_dialect_Microsoft_SQL_Server,9,9027,1200.831,2584.000,true
current,2,named_select_expressions,9,14464,1533.213,1936.000,true
current,2,mybatis_in_1024,9,190,78275.263,182240.000,true
current,2,mybatis_insert_entity,9,29820,723.481,1568.000,true
current,2,named_batch_beans,9,3428,6629.201,18616.000,true
current,2,named_select_entity,9,43085,486.408,1304.000,true
current,2,raw_batch_beans,9,5375,4276.707,8808.000,true
current,2,custom_handler_union,9,587,4993.015,7248.000,true
current,2,named_join_using,9,20655,862.987,2136.000,true
current,2,positional_repeated_names,9,931,11292.266,17240.000,true
current,2,positional_late_modifier,9,42082,514.600,1432.000,true
current,2,named_between,9,20190,1049.515,2600.000,true
current,2,positional_dialect_MySQL,9,25750,832.148,1848.000,true
current,2,positional_update_chain_16,9,4742,4920.709,14560.000,true
current,2,named_where_16,9,5212,4185.591,6936.000,true
current,2,raw_update_map,9,24899,888.879,1960.000,true
current,2,positional_join_using,9,30361,735.714,1752.000,true
current,2,mybatis_join_on,9,17857,1195.548,2648.000,true
current,2,mybatis_update_chain_16,9,2583,8367.325,21304.000,true
current,2,mybatis_in_16,9,13848,2698.787,4048.000,true
current,2,raw_retry_rollback,9,4201,3035.158,3976.000,true
current,2,raw_subquery_structured,9,18949,1120.861,2720.000,true
current,2,mybatis_group_order,9,11256,2130.117,3608.000,true
current,2,mybatis_join_using,9,26984,845.927,1976.000,true
current,2,mybatis_late_modifier,9,34689,695.563,1656.000,true
current,2,mybatis_derived,9,3919,5765.068,7208.000,true
current,2,named_row_in,9,20880,1181.705,2680.000,true
current,2,positional_in_256,9,7050,2539.504,6208.000,true
current,2,positional_subquery_structured,9,13697,1331.985,2856.000,true
current,2,raw_mixed_literals,9,18906,1218.470,1864.000,true
current,2,named_join_on,9,17528,1395.978,2808.000,true
current,2,raw_row_in,9,24508,958.316,1608.000,true
current,2,raw_join_on,9,15262,1802.929,2336.000,true
current,2,mybatis_pagination,9,23027,1363.664,2152.000,true
current,2,mybatis_naming_NO_CHANGE,9,6460,4662.307,3568.000,true
current,2,raw_insert_entity,9,16648,1148.168,1264.000,true
current,2,named_naming_KEBAB_CASE,9,3846,8269.995,6936.000,true
current,2,raw_in_256,9,5302,3986.288,2464.000,true
current,2,positional_union_builder,9,9646,3455.536,3920.000,true
current,2,mybatis_in_17,9,13916,1991.348,4192.000,true
current,2,raw_raw_expression,9,21589,1188.383,1744.000,true
current,2,positional_batch_beans,9,2747,3833.600,6984.000,true
current,2,named_subquery_raw,9,42328,594.476,1344.000,true
current,2,positional_in_1024,9,3875,7511.252,20800.000,true
current,2,mybatis_where_128,9,697,37349.067,34848.000,true
current,2,raw_naming_UPPER_CAMEL_CASE,9,4530,4077.395,3000.000,true
current,2,positional_batch_64,9,1523,12485.817,23416.000,true
current,2,named_retry_rollback,9,7640,3426.008,5304.000,true
current,2,mybatis_raw_expression,9,20748,987.825,1744.000,true
current,2,positional_naming_CAMEL_CASE,9,8489,2367.051,1880.000,true
current,2,mybatis_batch_beans,9,2164,5465.111,14120.000,true
current,2,positional_nested,9,23762,903.392,1704.000,true
current,2,mybatis_select_entity,9,43479,617.112,1304.000,true
current,2,mybatis_insert_values,9,27974,790.105,1840.000,true
current,2,named_delete,9,45065,359.097,1384.000,true
current,2,positional_insert_placeholders,9,24466,577.679,1208.000,true
current,2,positional_union_raw,9,21053,1151.218,1472.000,true
current,2,positional_in_expression,9,7670,3110.052,7536.000,true
current,2,raw_join_using,9,22264,666.426,1664.000,true
current,2,named_raw_expression,9,22311,1140.254,1744.000,true
current,2,named_where_eq,9,23172,1242.366,1976.000,true
current,2,raw_between,9,24239,843.909,1648.000,true
current,2,positional_select_expressions,9,13194,1675.989,1936.000,true
current,2,positional_row_in,9,24724,786.422,1608.000,true
current,2,raw_insert_placeholders,9,24041,509.850,1208.000,true
current,2,raw_select_expressions,9,13127,1516.028,1936.000,true
current,2,named_in_16,9,11723,2200.247,5520.000,true
current,2,positional_select_columns,9,35880,617.464,1216.000,true
current,2,positional_dialect_Microsoft_SQL_Server,9,9094,1077.051,2032.000,true
current,2,named_in_256,9,690,22395.507,71352.000,true
current,2,positional_where_16,9,7112,3196.921,3648.000,true
current,2,raw_naming_KEBAB_CASE,9,5604,3253.480,3272.000,true
current,2,positional_derived,9,6357,3702.784,5480.000,true
current,2,named_pagination,9,22112,959.850,2384.000,true
current,2,positional_subquery_raw,9,44053,540.803,1344.000,true
current,2,positional_naming_NO_CHANGE,9,9502,2104.431,1880.000,true
current,2,named_insert_placeholders,9,30625,698.958,1952.000,true
current,2,named_naming_UPPER_CAMEL_CASE,9,4551,4539.398,6664.000,true
current,2,raw_where_128,9,638,23922.727,17776.000,true
current,2,raw_union_raw,9,9557,1778.163,1472.000,true
current,2,named_union_builder,9,4257,5066.526,6792.000,true
current,2,named_repeated_names,9,630,20956.190,42584.000,true
current,2,named_union_raw,9,20780,1109.240,1472.000,true
current,2,raw_delete,9,66795,224.193,912.000,true
current,2,positional_dialect_Oracle,9,12556,984.446,2032.000,true
current,2,named_select_star,9,81367,219.853,880.000,true
current,2,mybatis_naming_SCREAMING_SNAKE_CASE,9,4419,4094.637,5352.000,true
current,2,positional_mixed_literals,9,13898,841.272,1696.000,true
current,2,mybatis_select_expressions,9,12912,1575.139,1936.000,true
current,2,positional_dialect_PostgreSQL,9,12765,823.463,1848.000,true
current,2,positional_between,9,27218,706.547,1736.000,true
current,2,mybatis_union_builder,9,4945,4011.608,6768.000,true
current,2,mybatis_repeated_names,9,1135,17228.018,30536.000,true
current,2,positional_insert_entity,9,24441,513.125,1192.000,true
current,2,mybatis_retry_rollback,9,1859,3215.707,4784.000,true
current,2,named_batch_4,9,10947,1919.942,5584.000,true
current,2,named_select_columns,9,35853,579.742,1216.000,true
current,2,positional_delete,9,82983,274.482,1000.000,true
current,2,positional_select_star,9,115707,319.759,880.000,true
current,2,named_naming_SCREAMING_SNAKE_CASE,9,2597,5811.167,6952.000,true
current,2,mybatis_update_map,9,19294,1167.710,2512.000,true
current,2,named_subquery_structured,9,11490,1491.628,3568.000,true
current,2,named_where_128,9,678,30510.472,47920.000,true
current,2,mybatis_select_columns,9,36534,597.745,1216.000,true
current,2,raw_pagination,9,13354,662.011,1712.000,true
current,2,positional_naming_KEBAB_CASE,9,3470,3056.167,3648.000,true
current,2,mybatis_in_expression,9,770,18256.623,48432.000,true
current,2,named_condition_only,9,5874,3556.061,6384.000,true
current,2,raw_subquery_raw,9,40605,490.959,1344.000,true
current,2,mybatis_where_eq,9,28262,725.727,1816.000,true
current,2,named_in_1024,9,251,86473.705,278560.000,true
current,2,raw_select_columns,9,35891,547.884,1216.000,true
current,2,named_dialect_MySQL,9,18845,1011.350,2408.000,true
current,2,positional_dialect_DB2,9,13035,825.086,2032.000,true
current,2,mybatis_naming_UPPER_CAMEL_CASE,9,4634,4401.921,5064.000,true
current,2,raw_in_17,9,18845,642.977,1352.000,true
current,2,raw_condition_only,9,6800,2496.706,2720.000,true
current,2,positional_group_order,9,13332,1532.478,3112.000,true
current,2,raw_naming_SCREAMING_SNAKE_CASE,9,4438,3177.918,3288.000,true
current,2,named_insert_values,9,27872,764.760,2176.000,true
current,2,raw_insert_values,9,13217,683.158,1536.000,true
current,2,raw_where_16,9,6835,2957.264,3272.000,true
current,2,mybatis_union_raw,9,20196,1102.689,1472.000,true
current,2,mybatis_naming_KEBAB_CASE,9,4804,4074.084,5336.000,true
current,2,positional_in_16,9,30530,670.757,1728.000,true
current,2,named_nested,9,20042,1037.721,2256.000,true
