version,fork,case,round,operations,ns_per_op,bytes_per_op,equivalent
current,4,raw_late_modifier,1,13307,2145.465,1368.000,true
current,4,mybatis_in_1024,1,67,178020.896,182264.000,true
current,4,raw_condition_only,1,3871,6859.080,2744.000,true
current,4,named_dialect_Microsoft_SQL_Server,1,7666,4711.166,2608.000,true
current,4,positional_select_expressions,1,6298,6537.504,1960.000,true
current,4,raw_insert_entity,1,11743,1960.376,1288.000,true
current,4,positional_group_order,1,4927,3463.020,3136.000,true
current,4,mybatis_group_order,1,7720,6974.080,3632.000,true
current,4,raw_naming_KEBAB_CASE,1,2262,9369.319,3296.000,true
current,4,positional_dialect_DB2,1,4060,2451.995,2056.000,true
current,4,raw_select_star,1,53131,600.060,904.000,true
current,4,named_delete,1,46476,867.411,1408.000,true
current,4,named_retry_rollback,1,3334,9253.539,5328.000,true
current,4,named_pagination,1,19912,2287.324,2408.000,true
current,4,mybatis_batch_beans,1,983,10963.683,14144.000,true
current,4,positional_pagination,1,22378,1764.957,1848.000,true
current,4,positional_union_builder,1,3804,5273.160,4040.000,true
current,4,raw_insert_placeholders,1,14829,1096.183,1232.000,true
current,4,raw_batch_beans,1,409,7287.531,8832.000,true
current,4,named_dialect_DB2,1,319,2345.768,2608.000,true
current,4,positional_in_expression,1,3668,6599.973,7560.000,true
current,4,mybatis_batch_64,1,465,49168.387,54352.000,true
current,4,mybatis_raw_expression,1,16297,2541.640,1768.000,true
current,4,raw_in_expression,1,1966,9325.280,3736.000,true
current,4,mybatis_select_expressions,1,13005,4076.301,1960.000,true
current,4,named_in_expression,1,935,62703.102,72480.000,true
current,4,named_insert_entity,1,24675,2311.980,1928.000,true
current,4,positional_naming_CAMEL_CASE,1,5577,6177.318,1904.000,true
current,4,raw_update_chain_16,1,333,13048.048,13880.000,true
current,4,named_insert_values,1,24016,1905.401,2200.000,true
current,4,mybatis_subquery_raw,1,21280,1003.012,1368.000,true
current,4,mybatis_naming_SCREAMING_SNAKE_CASE,1,2336,13116.096,5376.000,true
current,4,named_select_columns,1,11474,1807.286,1240.000,true
current,4,positional_join_on,1,9412,4133.011,2448.000,true
current,4,positional_between,1,7677,2864.752,1760.000,true
current,4,named_in_256,1,854,71735.480,71376.000,true
current,4,raw_in_256,1,2579,7140.054,2488.000,true
current,4,mybatis_repeated_names,1,540,69502.407,30560.000,true
current,4,raw_join_using,1,3319,1619.072,1688.000,true
current,4,mybatis_update_chain_16,1,868,34858.410,21328.000,true
current,4,raw_naming_UPPER_CAMEL_CASE,1,3695,18828.200,3024.000,true
current,4,positional_dialect_PostgreSQL,1,1017,2502.557,1872.000,true
current,4,named_dialect_PostgreSQL,1,8626,3061.071,2432.000,true
current,4,raw_where_128,1,800,56883.125,17800.000,true
current,4,positional_subquery_structured,1,9748,3302.462,2904.000,true
current,4,named_row_in,1,19956,3444.924,2704.000,true
current,4,mybatis_mixed_literals,1,7216,4923.448,2104.000,true
current,4,positional_dialect_Microsoft_SQL_Server,1,294,2254.082,2056.000,true
current,4,named_naming_UPPER_CAMEL_CASE,1,2220,29475.856,6688.000,true
current,4,positional_dialect_Oracle,1,10290,3140.515,2056.000,true
current,4,positional_derived,1,1506,13057.503,5528.000,true
current,4,named_update_chain_16,1,2176,72105.974,24096.000,true
current,4,positional_naming_SCREAMING_SNAKE_CASE,1,3353,8701.819,3688.000,true
current,4,named_union_builder,1,1217,14076.335,6912.046,true
current,4,positional_in_16,1,1181,1809.314,1752.000,true
current,4,positional_insert_values,1,13213,1606.138,1488.000,true
current,4,raw_where_16,1,3520,26601.875,3296.000,true
current,4,named_naming_NO_CHANGE,1,2911,31599.450,5192.000,true
current,4,raw_union_raw,1,8071,4350.242,1496.000,true
current,4,positional_dialect_MySQL,1,6285,2069.244,1872.000,true
current,4,mybatis_pagination,1,12783,3715.865,2176.000,true
current,4,named_batch_64,1,856,53291.939,72416.000,true
current,4,mybatis_in_17,1,4029,4641.102,4216.000,true
current,4,positional_insert_entity,1,3186,1718.738,1216.000,true
current,4,mybatis_union_raw,1,17342,2520.574,1496.000,true
current,4,raw_naming_NO_CHANGE,1,4308,5892.526,1528.000,true
current,4,raw_between,1,16380,2101.184,1672.000,true
current,4,raw_derived,1,2039,5885.091,5264.000,true
current,4,mybatis_naming_UPPER_CAMEL_CASE,1,2200,9624.091,5088.000,true
current,4,mybatis_subquery_structured,1,7364,5966.418,3360.000,true
current,4,named_late_modifier,1,17741,2354.507,1840.000,true
current,4,mybatis_naming_NO_CHANGE,1,3175,13810.110,3592.000,true
current,4,mybatis_in_expression,1,564,58835.638,48456.000,true
current,4,positional_union_raw,1,7484,4581.227,1496.000,true
current,4,positional_in_256,1,5436,5682.266,6232.000,true
current,4,positional_retry_rollback,1,1962,4923.445,3888.000,true
current,4,named_in_1024,1,156,229840.385,278584.000,true
current,4,positional_batch_64,1,765,77536.078,25552.000,true
current,4,raw_batch_4,1,4161,2569.478,3488.000,true
current,4,positional_update_chain_16,1,282,9508.156,14584.000,true
current,4,named_join_on,1,10845,5055.095,2832.000,true
current,4,positional_batch_4,1,4796,8374.729,3024.000,true
current,4,mybatis_insert_values,1,22704,4365.090,1864.000,true
current,4,mybatis_select_star,1,78318,606.393,904.000,true
current,4,positional_delete,1,31684,747.563,1024.000,true
current,4,raw_select_entity,1,21382,2441.530,1328.000,true
current,4,raw_select_expressions,1,3919,3388.671,1960.000,true
current,4,raw_group_order,1,5273,6644.813,2976.000,true
current,4,positional_select_star,1,10880,1170.763,904.000,true
current,4,named_select_star,1,36610,742.925,904.000,true
current,4,positional_naming_UPPER_CAMEL_CASE,1,5007,12697.563,3400.000,true
current,4,raw_pagination,1,12249,2612.458,1736.000,true
current,4,custom_handler_union,1,912,25883.004,7368.000,true
current,4,raw_row_in,1,11374,2172.314,1632.000,true
current,4,named_naming_KEBAB_CASE,1,1983,14871.004,6960.000,true
current,4,raw_in_17,1,14839,2289.757,1376.000,true
current,4,named_join_using,1,13963,2685.333,2160.000,true
current,4,named_naming_CAMEL_CASE,1,5188,12066.345,5192.000,true
current,4,positional_select_columns,1,17475,2225.980,1240.000,true
current,4,named_batch_4,1,7731,10063.459,5800.000,true
current,4,raw_in_1024,1,622,51131.029,6352.000,true
current,4,mybatis_union_builder,1,3811,19482.708,6888.000,true
current,4,positional_update_map,1,11827,1782.244,1896.000,true
current,4,named_group_order,1,10102,5655.662,3960.000,true
current,4,named_where_128,1,391,79337.596,47944.000,true
current,4,mybatis_derived,1,3154,17466.931,7256.000,true
current,4,named_mixed_literals,1,14041,3972.673,2440.000,true
current,4,named_raw_expression,1,15102,3115.627,1768.000,true
current,4,named_naming_SCREAMING_SNAKE_CASE,1,3862,20394.873,6976.000,true
current,4,positional_naming_KEBAB_CASE,1,3212,10974.844,3672.000,true
current,4,named_dialect_MySQL,1,8183,2943.028,2432.000,true
current,4,named_repeated_names,1,892,77502.578,42608.000,true
current,4,raw_delete,1,25605,943.546,936.000,true
current,4,named_subquery_raw,1,16431,2194.419,1368.000,true
current,4,mybatis_update_map,1,9555,3163.946,2536.000,true
current,4,raw_subquery_structured,1,9192,4386.510,2768.000,true
current,4,raw_raw_expression,1,9477,2896.560,1768.000,true
current,4,named_batch_beans,1,2590,22626.216,18640.000,true
current,4,named_update_map,1,14556,8196.929,3000.000,true
current,4,raw_mixed_literals,1,5476,5377.374,1888.000,true
current,4,mybatis_join_using,1,18936,3090.463,2000.000,true
current,4,named_in_16,1,9617,9522.107,5544.000,true
current,4,named_where_eq,1,14095,2047.201,2000.000,true
current,4,named_insert_placeholders,1,8911,1959.028,1944.000,true
current,4,positional_join_using,1,3112,2892.513,1776.000,true
current,4,mybatis_insert_placeholders,1,10827,2081.638,1640.000,true
current,4,named_nested,1,19477,3291.765,2280.000,true
current,4,named_where_16,1,4304,21607.179,6960.000,true
current,4,mybatis_where_16,1,905,13209.503,5360.000,true
current,4,named_select_entity,1,9176,2906.343,1328.000,true
current,4,positional_raw_expression,1,10229,6777.926,1768.000,true
current,4,named_between,1,9438,13438.165,2624.000,true
current,4,positional_where_16,1,1948,13167.813,3672.000,true
current,4,positional_nested,1,6849,3419.726,1728.000,true
current,4,mybatis_nested,1,8193,4082.119,2048.000,true
current,4,positional_late_modifier,1,5083,1618.847,1456.000,true
current,4,positional_mixed_literals,1,10839,5138.205,1720.000,true
current,4,positional_where_128,1,286,62918.531,20736.000,true
current,4,raw_union_builder,1,3857,6637.438,3824.000,true
current,4,mybatis_in_16,1,7833,4975.731,4072.000,true
current,4,mybatis_select_entity,1,15893,1386.610,1328.000,true
current,4,positional_insert_placeholders,1,181,1065.193,1232.000,true
current,4,mybatis_batch_4,1,5725,6507.074,4720.000,true
current,4,positional_in_17,1,19103,3552.924,1704.000,true
current,4,positional_in_1024,1,2159,28991.385,20824.000,true
current,4,raw_batch_64,1,24,30554.167,32288.000,true
current,4,custom_handler_where,1,7,11971.429,6992.000,true
current,4,positional_row_in,1,12093,2344.695,1632.000,true
current,4,positional_repeated_names,1,1051,31225.024,17264.000,true
current,4,raw_insert_values,1,10729,2178.656,1560.000,true
current,4,mybatis_insert_entity,1,253,2322.134,1592.000,true
current,4,mybatis_where_eq,1,14216,2670.245,1840.000,true
current,4,raw_update_map,1,597,1752.094,1984.000,true
current,4,mybatis_select_columns,1,19638,1739.418,1240.000,true
current,4,positional_subquery_raw,1,21193,2367.971,1368.000,true
current,4,mybatis_row_in,1,10248,3510.636,2296.000,true
current,4,raw_repeated_names,1,618,22713.269,14176.000,true
current,4,raw_naming_SCREAMING_SNAKE_CASE,1,3562,7728.130,3312.000,true
current,4,positional_select_entity,1,10,2800.000,1328.000,true
current,4,raw_subquery_raw,1,19649,2043.962,1368.000,true
current,4,raw_retry_rollback,1,3876,11027.270,4000.000,true
current,4,mybatis_where_128,1,579,85531.952,34872.000,true
current,4,named_in_17,1,10351,7048.208,5760.000,true
current,4,raw_in_16,1,16174,2127.037,1368.000,true
current,4,named_dialect_Oracle,1,8770,6999.122,2608.000,true
current,4,mybatis_late_modifier,1,16726,1994.924,1680.000,true
current,4,raw_join_on,1,5410,3882.495,2360.000,true
current,4,positional_batch_beans,1,2899,7559.434,7008.000,true
current,4,mybatis_between,1,15882,3317.970,2368.000,true
current,4,named_subquery_structured,1,11971,4839.562,3616.000,true
current,4,raw_select_columns,1,1788,1238.870,1240.000,true
current,4,named_condition_only,1,3264,10406.587,6408.000,true
current,4,positional_naming_NO_CHANGE,1,4101,5614.752,1904.000,true
current,4,raw_nested,1,8168,2425.992,1640.000,true
current,4,mybatis_naming_CAMEL_CASE,1,3916,13418.105,3592.000,true
current,4,positional_condition_only,1,2829,6867.656,3128.000,true
current,4,mybatis_in_256,1,512,54764.063,47280.000,true
current,4,mybatis_delete,1,52992,1078.193,1256.000,true
current,4,raw_naming_CAMEL_CASE,1,6281,6150.406,1528.000,true
current,4,positional_where_eq,1,1709,1633.645,1616.000,true
current,4,named_union_raw,1,10617,9349.298,1496.000,true
current,4,mybatis_condition_only,1,3148,18461.213,4808.000,true
current,4,mybatis_retry_rollback,1,2979,11829.238,4808.000,true
current,4,named_select_expressions,1,11988,4990.974,1960.000,true
current,4,raw_where_eq,1,15652,2116.656,1528.000,true
current,4,named_derived,1,2599,19195.306,7304.000,true
current,4,mybatis_naming_KEBAB_CASE,1,2452,61532.708,5360.000,true
current,4,mybatis_join_on,1,7064,5347.084,2672.000,true
current,4,mybatis_retry_rollback,2,2979,8144.176,4808.000,true
current,4,named_mixed_literals,2,14041,5470.501,2440.000,true
current,4,positional_batch_beans,2,2899,9813.867,7008.000,true
current,4,raw_raw_expression,2,9477,4005.930,1768.000,true
current,4,raw_where_16,2,3520,9506.676,3296.000,true
current,4,mybatis_where_eq,2,14216,7040.377,1840.000,true
current,4,named_in_1024,2,156,256614.744,278584.000,true
current,4,raw_insert_entity,2,11743,2732.862,1288.000,true
current,4,positional_union_builder,2,3804,33658.491,4040.000,true
current,4,raw_where_128,2,800,76384.625,17800.000,true
current,4,raw_derived,2,2039,11851.398,5264.000,true
current,4,raw_naming_NO_CHANGE,2,4308,6833.217,1528.000,true
current,4,named_insert_values,2,24016,3426.491,2200.000,true
current,4,mybatis_condition_only,2,3148,8416.233,4808.000,true
current,4,raw_select_columns,2,1788,2462.808,1240.000,true
current,4,mybatis_insert_values,2,22704,2231.651,1864.000,true
current,4,named_dialect_Microsoft_SQL_Server,2,7666,2038.860,2608.000,true
current,4,raw_between,2,16380,1497.674,1672.000,true
current,4,mybatis_union_builder,2,3811,7071.241,6888.000,true
current,4,mybatis_derived,2,3154,9205.041,7256.000,true
current,4,positional_retry_rollback,2,1962,4293.119,3888.000,true
current,4,raw_update_chain_16,2,333,10972.673,13880.000,true
current,4,raw_in_1024,2,622,27548.875,6352.000,true
current,4,named_batch_beans,2,2590,19690.849,18640.000,true
current,4,raw_pagination,2,12249,1337.701,1736.000,true
current,4,raw_late_modifier,2,13307,1246.412,1368.000,true
current,4,raw_in_256,2,2579,6458.317,2488.000,true
current,4,named_batch_64,2,856,45404.089,72416.000,true
current,4,positional_row_in,2,12093,1298.602,1632.000,true
current,4,mybatis_update_chain_16,2,868,10467.627,21328.000,true
current,4,raw_subquery_raw,2,19649,875.011,1368.000,true
current,4,positional_late_modifier,2,5083,1078.222,1456.000,true
current,4,raw_repeated_names,2,618,19822.168,14176.000,true
current,4,positional_between,2,7677,1615.058,1760.000,true
current,4,named_dialect_PostgreSQL,2,8626,2059.077,2432.000,true
current,4,mybatis_batch_64,2,465,41075.914,54352.000,true
current,4,named_update_map,2,14556,2256.520,3000.000,true
current,4,custom_handler_union,2,912,8426.316,7368.000,true
current,4,raw_batch_beans,2,409,5920.782,8832.000,true
current,4,raw_union_builder,2,3857,3304.926,3824.000,true
current,4,positional_join_using,2,3112,1198.843,1776.000,true
current,4,positional_dialect_PostgreSQL,2,1017,1567.158,1872.000,true
current,4,positional_update_map,2,11827,1573.518,1896.000,true
current,4,named_naming_KEBAB_CASE,2,1983,5410.086,6960.000,true
current,4,raw_naming_KEBAB_CASE,2,2262,5575.287,3296.000,true
current,4,mybatis_update_map,2,9555,2530.445,2536.000,true
current,4,mybatis_between,2,15882,2713.078,2368.000,true
current,4,named_select_star,2,36610,505.193,904.000,true
current,4,positional_insert_entity,2,3186,1373.917,1216.000,true
current,4,raw_row_in,2,11374,1690.364,1632.000,true
current,4,raw_join_using,2,3319,1261.705,1688.000,true
current,4,named_where_eq,2,14095,1455.310,2000.000,true
current,4,positional_subquery_raw,2,21193,1163.214,1368.000,true
current,4,raw_naming_SCREAMING_SNAKE_CASE,2,3562,6712.577,3312.000,true
current,4,named_union_raw,2,10617,2128.756,1496.000,true
current,4,mybatis_in_256,2,512,33237.695,47280.000,true
current,4,positional_in_1024,2,2159,14924.687,20824.000,true
current,4,mybatis_group_order,2,7720,5045.207,3632.000,true
current,4,mybatis_late_modifier,2,16726,1533.397,1680.000,true
current,4,mybatis_naming_NO_CHANGE,2,3175,12390.047,3592.000,true
current,4,mybatis_repeated_names,2,540,58846.852,30560.000,true
current,4,mybatis_batch_4,2,5725,4210.882,4720.000,true
current,4,raw_naming_UPPER_CAMEL_CASE,2,3695,6700.027,3024.000,true
current,4,named_naming_NO_CHANGE,2,2911,8630.127,5192.000,true
current,4,mybatis_pagination,2,12783,2328.475,2176.000,true
current,4,mybatis_naming_SCREAMING_SNAKE_CASE,2,2336,11289.255,5376.000,true
current,4,positional_dialect_Oracle,2,10290,2423.460,2056.000,true
current,4,raw_where_eq,2,15652,1652.108,1528.000,true
current,4,mybatis_in_expression,2,564,60341.312,48456.000,true
current,4,named_late_modifier,2,17741,1791.968,1840.000,true
current,4,mybatis_select_expressions,2,13005,3854.171,1960.000,true
current,4,named_raw_expression,2,15102,2338.571,1768.000,true
current,4,mybatis_join_using,2,18936,1826.056,2000.000,true
current,4,positional_group_order,2,4927,4110.087,3136.000,true
current,4,named_row_in,2,19956,2369.593,2704.000,true
current,4,mybatis_nested,2,8193,3237.227,2048.000,true
current,4,positional_dialect_DB2,2,4060,3001.379,2056.000,true
current,4,named_group_order,2,10102,4680.855,3960.000,true
current,4,named_derived,2,2599,13935.860,7304.000,true
current,4,positional_select_entity,2,10,2660.000,1328.000,true
current,4,named_union_builder,2,1217,10744.125,6912.000,true
current,4,positional_where_128,2,286,48466.084,20736.000,true
current,4,positional_in_16,2,1181,1899.238,1752.000,true
current,4,raw_in_17,2,14839,1592.621,1376.000,true
current,4,raw_condition_only,2,3871,5727.021,2744.000,true
current,4,raw_naming_CAMEL_CASE,2,6281,5942.477,1528.000,true
current,4,positional_dialect_Microsoft_SQL_Server,2,294,2825.850,2056.000,true
current,4,raw_union_raw,2,8071,2713.034,1496.000,true
current,4,named_where_16,2,4304,10119.029,6960.000,true
current,4,mybatis_naming_CAMEL_CASE,2,3916,7882.508,3592.000,true
current,4,mybatis_insert_entity,2,253,1664.822,1592.000,true
current,4,raw_retry_rollback,2,3876,5232.276,4000.000,true
current,4,positional_batch_4,2,4796,3163.657,3024.000,true
current,4,raw_group_order,2,5273,3511.474,2976.000,true
current,4,mybatis_select_columns,2,19638,1186.129,1240.000,true
current,4,named_naming_UPPER_CAMEL_CASE,2,2220,6719.775,6688.000,true
current,4,positional_batch_64,2,765,22465.098,25552.000,true
current,4,positional_nested,2,6849,2573.325,1728.000,true
current,4,named_where_128,2,391,60563.939,47944.000,true
current,4,named_repeated_names,2,892,36576.233,42608.000,true
current,4,named_delete,2,46476,901.192,1408.000,true
current,4,positional_naming_KEBAB_CASE,2,3212,5865.660,3672.000,true
current,4,named_in_256,2,854,51570.609,71376.000,true
current,4,mybatis_union_raw,2,17342,7577.990,1496.000,true
current,4,mybatis_in_17,2,4029,5925.316,4216.000,true
current,4,positional_join_on,2,9412,3521.069,2448.000,true
current,4,positional_delete,2,31684,3277.263,1024.000,true
current,4,named_subquery_structured,2,11971,5093.108,3616.000,true
current,4,mybatis_in_16,2,7833,3895.251,4072.000,true
current,4,positional_where_eq,2,1709,1570.509,1616.000,true
current,4,mybatis_subquery_raw,2,21280,1245.169,1368.000,true
current,4,positional_mixed_literals,2,10839,2626.285,1720.000,true
current,4,mybatis_insert_placeholders,2,10827,2855.934,1640.000,true
current,4,mybatis_where_16,2,905,8001.105,5360.000,true
current,4,named_dialect_MySQL,2,8183,7758.585,2432.000,true
current,4,mybatis_where_128,2,579,78130.915,34872.000,true
current,4,positional_insert_values,2,13213,4918.663,1488.000,true
current,4,named_select_columns,2,11474,4258.986,1240.000,true
current,4,positional_select_columns,2,17475,1511.536,1240.000,true
current,4,mybatis_batch_beans,2,983,18166.226,14144.000,true
current,4,custom_handler_where,2,7,16271.429,6992.000,true
current,4,positional_insert_placeholders,2,181,1647.514,1232.000,true
current,4,mybatis_naming_KEBAB_CASE,2,2452,9979.364,5360.000,true
current,4,named_retry_rollback,2,3334,7262.537,5328.000,true
current,4,positional_update_chain_16,2,282,9478.369,14584.000,true
current,4,named_batch_4,2,7731,4832.053,5800.000,true
current,4,raw_insert_placeholders,2,14829,1198.779,1232.000,true
current,4,named_in_expression,2,935,55643.316,72480.000,true
current,4,raw_insert_values,2,10729,1623.767,1560.000,true
current,4,mybatis_select_entity,2,15893,1590.342,1328.000,true
current,4,raw_select_expressions,2,3919,3430.850,1960.000,true
current,4,named_naming_CAMEL_CASE,2,5188,10037.914,5192.000,true
current,4,mybatis_subquery_structured,2,7364,5232.387,3360.000,true
current,4,positional_repeated_names,2,1051,31265.366,17264.000,true
current,4,named_condition_only,2,3264,9373.346,6408.000,true
current,4,positional_select_star,2,10880,837.206,904.000,true
current,4,named_subquery_raw,2,16431,1510.718,1368.000,true
current,4,raw_batch_4,2,4161,4241.144,3488.000,true
current,4,named_insert_placeholders,2,8911,1909.494,1944.000,true
current,4,positional_naming_NO_CHANGE,2,4101,4871.324,1904.000,true
current,4,mybatis_raw_expression,2,16297,1963.337,1768.000,true
current,4,positional_naming_UPPER_CAMEL_CASE,2,5007,7606.151,3400.000,true
current,4,named_insert_entity,2,24675,1907.198,1928.000,true
current,4,named_in_17,2,10351,4376.756,5760.000,true
current,4,named_update_chain_16,2,2176,26435.983,24096.000,true
current,4,named_join_on,2,10845,4476.634,2832.000,true
current,4,positional_naming_CAMEL_CASE,2,5577,5657.881,1904.000,true
current,4,positional_naming_SCREAMING_SNAKE_CASE,2,3353,6707.396,3688.000,true
current,4,positional_in_expression,2,3668,7452.972,7560.000,true
current,4,raw_mixed_literals,2,5476,3586.432,1888.000,true
current,4,mybatis_mixed_literals,2,7216,3546.674,2104.000,true
current,4,named_pagination,2,19912,2476.939,2408.000,true
current,4,named_dialect_DB2,2,319,7583.699,2608.000,true
current,4,positional_in_256,2,5436,4278.127,6232.000,true
current,4,raw_select_entity,2,21382,1550.557,1328.000,true
current,4,raw_select_star,2,53131,591.771,904.000,true
current,4,mybatis_naming_UPPER_CAMEL_CASE,2,2200,12346.818,5088.000,true
current,4,raw_batch_64,2,24,26362.500,32288.000,true
current,4,named_between,2,9438,2535.929,2624.000,true
current,4,named_join_using,2,13963,1885.676,2160.000,true
current,4,mybatis_row_in,2,10248,2150.576,2296.000,true
current,4,positional_condition_only,2,2829,6215.730,3128.000,true
current,4,raw_delete,2,25605,623.179,936.000,true
current,4,positional_dialect_MySQL,2,6285,1663.182,1872.000,true
current,4,raw_nested,2,8168,1861.043,1640.000,true
current,4,positional_where_16,2,1948,6358.676,3672.000,true
current,4,raw_subquery_structured,2,9192,2154.384,2768.000,true
current,4,positional_derived,2,1506,7203.386,5528.000,true
current,4,raw_in_16,2,16174,1189.304,1368.000,true
current,4,named_select_entity,2,9176,1559.438,1328.000,true
current,4,named_nested,2,19477,2470.873,2280.000,true
current,4,mybatis_join_on,2,7064,2265.756,2672.000,true
current,4,positional_subquery_structured,2,9748,2604.627,2904.000,true
current,4,positional_pagination,2,22378,1531.835,1848.000,true
current,4,positional_union_raw,2,7484,2137.079,1496.000,true
current,4,raw_in_expression,2,1966,8364.802,3736.000,true
current,4,named_in_16,2,9617,3334.397,5544.000,true
current,4,raw_join_on,2,5410,2097.893,2360.000,true
current,4,mybatis_select_star,2,78318,327.941,904.000,true
current,4,positional_in_17,2,19103,1027.975,1704.000,true
current,4,named_select_expressions,2,11988,1961.795,1960.000,true
current,4,named_naming_SCREAMING_SNAKE_CASE,2,3862,5973.537,6976.000,true
current,4,positional_raw_expression,2,10229,1506.931,1768.000,true
current,4,positional_select_expressions,2,6298,1999.031,1960.000,true
current,4,raw_update_map,2,597,1063.149,1984.000,true
current,4,mybatis_in_1024,2,67,103794.030,182264.000,true
current,4,named_dialect_Oracle,2,8770,1597.594,2608.000,true
current,4,mybatis_delete,2,52992,609.762,1256.000,true
current,4,raw_union_builder,3,3857,4394.841,3824.000,true
current,4,positional_in_expression,3,3668,6210.878,7560.000,true
current,4,named_insert_entity,3,24675,1907.076,1928.000,true
current,4,raw_naming_UPPER_CAMEL_CASE,3,3695,12385.494,3024.000,true
current,4,raw_naming_CAMEL_CASE,3,6281,7425.856,1528.000,true
current,4,raw_repeated_names,3,618,35950.324,14176.000,true
current,4,positional_naming_UPPER_CAMEL_CASE,3,5007,9492.111,3400.000,true
current,4,raw_naming_SCREAMING_SNAKE_CASE,3,3562,7539.669,3312.000,true
current,4,mybatis_insert_values,3,22704,10150.326,1864.000,true
current,4,raw_nested,3,8168,5892.789,1640.000,true
current,4,positional_naming_CAMEL_CASE,3,5577,11239.071,1904.000,true
current,4,positional_select_star,3,10880,456.094,904.000,true
current,4,named_union_builder,3,1217,39564.174,6912.000,true
current,4,positional_row_in,3,12093,4446.639,1632.000,true
current,4,named_dialect_Oracle,3,8770,4189.749,2608.000,true
current,4,positional_union_builder,3,3804,5333.649,4040.000,true
current,4,named_subquery_raw,3,16431,1764.956,1368.000,true
current,4,raw_in_256,3,2579,10463.242,2488.000,true
current,4,mybatis_in_1024,3,67,198610.448,182264.000,true
current,4,raw_join_on,3,5410,2316.266,2360.000,true
current,4,positional_condition_only,3,2829,5257.299,3128.000,true
current,4,raw_batch_64,3,24,27212.500,32288.000,true
current,4,named_dialect_PostgreSQL,3,8626,2357.269,2432.000,true
current,4,mybatis_select_columns,3,19638,1458.285,1240.000,true
current,4,raw_select_expressions,3,3919,2821.868,1960.000,true
current,4,raw_mixed_literals,3,5476,2067.330,1888.000,true
current,4,positional_in_1024,3,2159,10915.285,20824.000,true
current,4,positional_late_modifier,3,5083,1242.022,1456.000,true
current,4,raw_insert_placeholders,3,14829,1164.408,1232.000,true
current,4,raw_where_eq,3,15652,1558.120,1528.000,true
current,4,named_pagination,3,19912,1925.136,2408.000,true
current,4,mybatis_insert_entity,3,253,2133.992,1592.000,true
current,4,mybatis_where_eq,3,14216,1167.874,1840.000,true
current,4,mybatis_in_256,3,512,23785.742,47280.000,true
current,4,named_dialect_MySQL,3,8183,1686.863,2432.000,true
current,4,named_mixed_literals,3,14041,1599.744,2440.000,true
current,4,named_select_columns,3,11474,1010.136,1240.000,true
current,4,mybatis_subquery_raw,3,21280,989.605,1368.000,true
current,4,raw_derived,3,2039,6156.989,5264.000,true
current,4,raw_where_16,3,3520,3842.216,3296.000,true
current,4,mybatis_naming_KEBAB_CASE,3,2452,17363.051,5360.000,true
current,4,named_in_256,3,854,34229.859,71376.000,true
current,4,named_in_16,3,9617,3398.659,5544.000,true
current,4,positional_update_chain_16,3,282,10491.844,14584.000,true
current,4,positional_insert_values,3,13213,795.156,1488.000,true
current,4,named_naming_NO_CHANGE,3,2911,4123.188,5192.000,true
current,4,raw_naming_KEBAB_CASE,3,2262,4574.359,3296.000,true
current,4,raw_select_star,3,53131,264.392,904.000,true
current,4,raw_update_map,3,597,1648.074,1984.000,true
current,4,positional_dialect_Microsoft_SQL_Server,3,294,2328.912,2056.000,true
current,4,mybatis_select_expressions,3,13005,2325.383,1960.000,true
current,4,raw_union_raw,3,8071,1599.096,1496.000,true
current,4,positional_naming_SCREAMING_SNAKE_CASE,3,3353,4675.037,3688.000,true
current,4,named_batch_beans,3,2590,8336.178,18640.000,true
current,4,positional_naming_KEBAB_CASE,3,3212,5207.192,3672.000,true
current,4,named_derived,3,2599,4871.643,7304.000,true
current,4,raw_in_16,3,16174,762.390,1368.000,true
current,4,mybatis_batch_beans,3,983,8171.109,14144.000,true
current,4,mybatis_union_builder,3,3811,6702.545,6888.000,true
current,4,named_union_raw,3,10617,1912.226,1496.000,true
current,4,raw_select_columns,3,1788,1243.680,1240.000,true
current,4,positional_in_16,3,1181,1144.115,1752.000,true
current,4,mybatis_naming_SCREAMING_SNAKE_CASE,3,2336,6071.575,5376.000,true
current,4,named_insert_placeholders,3,8911,1188.565,1944.000,true
current,4,positional_pagination,3,22378,949.357,1848.000,true
current,4,positional_subquery_structured,3,9748,1228.006,2904.000,true
current,4,custom_handler_union,3,912,5167.873,7368.000,true
current,4,mybatis_in_17,3,4029,1901.986,4216.000,true
current,4,raw_join_using,3,3319,1056.764,1688.000,true
current,4,named_where_eq,3,14095,808.095,2000.000,true
current,4,positional_in_256,3,5436,2488.742,6232.000,true
current,4,mybatis_where_16,3,905,4400.994,5360.000,true
current,4,positional_batch_64,3,765,12812.026,25552.000,true
current,4,named_retry_rollback,3,3334,3525.255,5328.000,true
current,4,named_batch_64,3,856,30933.178,72416.000,true
current,4,positional_join_on,3,9412,1669.178,2448.000,true
current,4,positional_batch_4,3,4796,2239.616,3024.000,true
current,4,mybatis_between,3,15882,2044.182,2368.000,true
current,4,raw_raw_expression,3,9477,1797.784,1768.000,true
current,4,raw_batch_4,3,4161,2869.719,3488.000,true
current,4,mybatis_retry_rollback,3,2979,8484.894,4808.000,true
current,4,positional_retry_rollback,3,1962,5465.545,3888.000,true
current,4,positional_where_16,3,1948,7785.472,3672.000,true
current,4,named_in_expression,3,935,74596.364,72480.000,true
current,4,positional_where_eq,3,1709,1840.609,1616.000,true
current,4,mybatis_batch_64,3,465,157533.333,54352.000,true
current,4,raw_group_order,3,5273,4085.056,2976.000,true
current,4,named_in_17,3,10351,6882.388,5760.000,true
current,4,positional_raw_expression,3,10229,3035.175,1768.000,true
current,4,mybatis_group_order,3,7720,7184.456,3632.000,true
current,4,positional_repeated_names,3,1051,38049.667,17264.000,true
current,4,named_late_modifier,3,17741,2718.274,1840.000,true
current,4,mybatis_select_entity,3,15893,1745.089,1328.000,true
current,4,positional_naming_NO_CHANGE,3,4101,5989.173,1904.000,true
current,4,positional_derived,3,1506,8059.960,5528.000,true
current,4,named_naming_CAMEL_CASE,3,5188,8205.378,5192.000,true
current,4,positional_join_using,3,3112,1585.572,1776.000,true
current,4,positional_dialect_DB2,3,4060,1965.197,2056.000,true
current,4,mybatis_subquery_structured,3,7364,2784.533,3360.000,true
current,4,positional_union_raw,3,7484,2311.758,1496.000,true
current,4,mybatis_update_chain_16,3,868,17876.037,21328.000,true
current,4,named_select_expressions,3,11988,2917.618,1960.000,true
current,4,named_where_128,3,391,53252.430,47944.000,true
current,4,raw_subquery_structured,3,9192,1590.916,2768.000,true
current,4,named_naming_SCREAMING_SNAKE_CASE,3,3862,12857.483,6976.000,true
current,4,named_delete,3,46476,1283.204,1408.000,true
current,4,mybatis_in_16,3,7833,4588.944,4072.000,true
current,4,positional_dialect_MySQL,3,6285,2915.179,1872.000,true
current,4,raw_insert_values,3,10729,1555.466,1560.000,true
current,4,named_repeated_names,3,892,81460.090,42608.000,true
current,4,mybatis_union_raw,3,17342,3817.714,1496.000,true
current,4,mybatis_update_map,3,9555,3457.321,2536.000,true
current,4,mybatis_batch_4,3,5725,5434.707,4720.000,true
current,4,raw_in_1024,3,622,26080.225,6352.000,true
current,4,raw_delete,3,25605,872.537,936.000,true
current,4,raw_where_128,3,800,78920.625,17800.000,true
current,4,named_dialect_DB2,3,319,2530.408,2608.000,true
current,4,positional_select_columns,3,17475,1384.870,1240.000,true
current,4,named_naming_UPPER_CAMEL_CASE,3,2220,9782.432,6688.000,true
current,4,named_where_16,3,4304,9983.666,6960.000,true
current,4,named_raw_expression,3,15102,2296.332,1768.000,true
current,4,raw_in_17,3,14839,1635.737,1376.000,true
current,4,raw_select_entity,3,21382,1485.296,1328.000,true
current,4,raw_naming_NO_CHANGE,3,4308,5451.764,1528.000,true
current,4,positional_between,3,7677,1823.460,1760.000,true
current,4,named_dialect_Microsoft_SQL_Server,3,7666,3040.895,2608.000,true
current,4,positional_group_order,3,4927,4992.429,3136.000,true
current,4,positional_subquery_raw,3,21193,1227.070,1368.000,true
current,4,named_row_in,3,19956,2319.423,2704.000,true
current,4,mybatis_naming_NO_CHANGE,3,3175,5238.835,3592.000,true
current,4,raw_insert_entity,3,11743,686.026,1288.000,true
current,4,named_select_star,3,36610,356.160,904.000,true
current,4,named_select_entity,3,9176,973.452,1328.000,true
current,4,raw_retry_rollback,3,3876,3563.364,4000.000,true
current,4,named_in_1024,3,156,154483.974,278584.000,true
current,4,named_batch_4,3,7731,3853.188,5800.000,true
current,4,positional_mixed_literals,3,10839,1365.191,1720.000,true
current,4,positional_select_expressions,3,6298,2551.588,1960.000,true
current,4,mybatis_insert_placeholders,3,10827,1155.158,1640.000,true
current,4,custom_handler_where,3,7,12257.143,6992.000,true
current,4,mybatis_delete,3,52992,613.172,1256.000,true
current,4,named_join_using,3,13963,1553.642,2160.000,true
current,4,positional_nested,3,6849,1914.601,1728.000,true
current,4,positional_insert_entity,3,3186,1135.248,1216.000,true
current,4,mybatis_pagination,3,12783,2218.415,2176.000,true
current,4,positional_in_17,3,19103,1039.559,1704.000,true
current,4,mybatis_join_using,3,18936,1522.101,2000.000,true
current,4,positional_update_map,3,11827,3009.884,1896.000,true
current,4,mybatis_nested,3,8193,4442.231,2048.000,true
current,4,named_join_on,3,10845,4790.189,2832.000,true
current,4,raw_pagination,3,12249,4668.936,1736.000,true
current,4,positional_select_entity,3,10,2850.000,1328.000,true
current,4,mybatis_mixed_literals,3,7216,2287.140,2104.000,true
current,4,raw_row_in,3,11374,2231.897,1632.000,true
current,4,raw_between,3,16380,3376.746,1672.000,true
current,4,mybatis_select_star,3,78318,625.050,904.000,true
current,4,positional_dialect_PostgreSQL,3,1017,1748.181,1872.000,true
current,4,mybatis_join_on,3,7064,3068.106,2672.000,true
current,4,positional_where_128,3,286,45516.434,20736.000,true
current,4,mybatis_naming_UPPER_CAMEL_CASE,3,2200,9590.727,5088.000,true
current,4,mybatis_late_modifier,3,16726,1395.462,1680.000,true
current,4,mybatis_derived,3,3154,9026.506,7256.000,true
current,4,mybatis_condition_only,3,3148,11744.282,4808.000,true
current,4,positional_dialect_Oracle,3,10290,1765.734,2056.000,true
current,4,named_update_map,3,14556,3759.343,3000.000,true
current,4,raw_late_modifier,3,13307,1425.693,1368.000,true
current,4,mybatis_raw_expression,3,16297,2480.641,1768.000,true
current,4,named_subquery_structured,3,11971,5126.999,3616.000,true
current,4,positional_insert_placeholders,3,181,968.508,1232.000,true
current,4,raw_batch_beans,3,409,44342.543,8832.000,true
current,4,mybatis_where_128,3,579,90960.794,34872.000,true
current,4,named_naming_KEBAB_CASE,3,1983,8596.924,6960.000,true
current,4,named_nested,3,19477,1896.622,2280.000,true
current,4,named_insert_values,3,24016,2847.327,2200.000,true
current,4,named_group_order,3,10102,11959.315,3960.000,true
current,4,mybatis_row_in,3,10248,5629.899,2296.000,true
current,4,named_condition_only,3,3264,8758.609,6408.000,true
current,4,named_between,3,9438,2833.344,2624.000,true
current,4,named_update_chain_16,3,2176,25203.079,24096.000,true
current,4,positional_batch_beans,3,2899,9314.729,7008.000,true
current,4,raw_condition_only,3,3871,6362.077,2744.000,true
current,4,raw_in_expression,3,1966,14126.704,3736.000,true
current,4,raw_update_chain_16,3,333,20491.592,13880.000,true
current,4,positional_delete,3,31684,751.209,1024.000,true
current,4,mybatis_in_expression,3,564,36586.525,48456.000,true
current,4,mybatis_naming_CAMEL_CASE,3,3916,7459.142,3592.000,true
current,4,raw_subquery_raw,3,19649,1217.930,1368.000,true
current,4,mybatis_repeated_names,3,540,32551.111,30560.000,true
current,4,named_naming_NO_CHANGE,4,2911,6371.865,5192.000,true
current,4,raw_batch_64,4,24,26258.333,32288.000,true
current,4,named_select_entity,4,9176,1167.731,1328.000,true
current,4,positional_in_16,4,1181,1557.155,1752.000,true
current,4,raw_select_entity,4,21382,1230.184,1328.000,true
current,4,named_naming_UPPER_CAMEL_CASE,4,2220,8816.216,6688.000,true
current,4,mybatis_join_using,4,18936,1431.031,2000.000,true
current,4,named_select_star,4,36610,390.492,904.000,true
current,4,named_insert_values,4,24016,1370.678,2200.000,true
current,4,mybatis_raw_expression,4,16297,1936.332,1768.000,true
current,4,named_dialect_Microsoft_SQL_Server,4,7666,3004.305,2608.000,true
current,4,raw_where_eq,4,15652,3337.414,1528.000,true
current,4,raw_late_modifier,4,13307,1279.778,1368.000,true
current,4,named_raw_expression,4,15102,2804.033,1768.000,true
current,4,raw_mixed_literals,4,5476,5223.375,1888.000,true
current,4,named_naming_SCREAMING_SNAKE_CASE,4,3862,9233.687,6976.000,true
current,4,named_insert_entity,4,24675,2191.927,1928.000,true
current,4,positional_retry_rollback,4,1962,6166.565,3888.000,true
current,4,raw_naming_SCREAMING_SNAKE_CASE,4,3562,8145.312,3312.000,true
current,4,raw_join_using,4,3319,1568.033,1688.000,true
current,4,positional_batch_64,4,765,28705.490,25552.000,true
current,4,custom_handler_where,4,7,23057.143,6992.000,true
current,4,positional_late_modifier,4,5083,3834.566,1456.000,true
current,4,named_update_chain_16,4,2176,36116.085,24096.000,true
current,4,raw_pagination,4,12249,1582.733,1736.000,true
current,4,mybatis_naming_CAMEL_CASE,4,3916,18161.568,3592.000,true
current,4,mybatis_naming_KEBAB_CASE,4,2452,22905.832,5360.000,true
current,4,positional_naming_KEBAB_CASE,4,3212,12941.750,3672.000,true
current,4,named_mixed_literals,4,14041,3129.499,2440.000,true
current,4,raw_update_map,4,597,2313.568,1984.000,true
current,4,named_condition_only,4,3264,8568.934,6408.000,true
current,4,positional_update_map,4,11827,1863.093,1896.000,true
current,4,positional_dialect_DB2,4,4060,1697.882,2056.000,true
current,4,raw_update_chain_16,4,333,11702.102,13880.000,true
current,4,positional_select_entity,4,10,3120.000,1328.000,true
current,4,raw_in_1024,4,622,26640.032,6352.000,true
current,4,named_dialect_MySQL,4,8183,1891.055,2432.000,true
current,4,mybatis_select_columns,4,19638,1590.783,1240.000,true
current,4,mybatis_batch_64,4,465,42077.849,54352.000,true
current,4,named_subquery_raw,4,16431,1137.940,1368.000,true
current,4,positional_insert_placeholders,4,181,1006.630,1232.000,true
current,4,named_select_expressions,4,11988,3523.065,1960.000,true
current,4,positional_row_in,4,12093,1422.848,1632.000,true
current,4,named_join_using,4,13963,1696.799,2160.000,true
current,4,raw_batch_4,4,4161,3158.303,3488.000,true
current,4,positional_subquery_raw,4,21193,1310.046,1368.000,true
current,4,mybatis_in_expression,4,564,50835.993,48456.000,true
current,4,positional_dialect_Microsoft_SQL_Server,4,294,2254.082,2056.000,true
current,4,raw_batch_beans,4,409,7384.352,8832.000,true
current,4,named_late_modifier,4,17741,1870.340,1840.000,true
current,4,positional_update_chain_16,4,282,9323.050,14584.000,true
current,4,named_retry_rollback,4,3334,6692.322,5328.000,true
current,4,mybatis_late_modifier,4,16726,1278.429,1680.000,true
current,4,named_batch_beans,4,2590,11195.985,18640.000,true
current,4,mybatis_delete,4,52992,622.551,1256.000,true
current,4,mybatis_select_expressions,4,13005,2397.747,1960.000,true
current,4,mybatis_group_order,4,7720,3145.803,3632.000,true
current,4,named_naming_CAMEL_CASE,4,5188,6713.300,5192.000,true
current,4,raw_in_17,4,14839,1413.741,1376.000,true
current,4,raw_select_star,4,53131,441.654,904.000,true
current,4,mybatis_update_map,4,9555,1764.961,2536.000,true
current,4,raw_in_expression,4,1966,9775.534,3736.000,true
current,4,positional_select_columns,4,17475,855.187,1240.000,true
current,4,mybatis_in_16,4,7833,2368.275,4072.000,true
current,4,mybatis_insert_placeholders,4,10827,933.971,1640.000,true
current,4,raw_union_raw,4,8071,1389.072,1496.000,true
current,4,positional_mixed_literals,4,10839,1168.964,1720.000,true
current,4,raw_repeated_names,4,618,13926.375,14176.000,true
current,4,positional_where_128,4,286,28510.490,20736.000,true
current,4,positional_insert_values,4,13213,932.021,1488.000,true
current,4,raw_in_256,4,2579,8408.375,2488.000,true
current,4,custom_handler_union,4,912,21082.456,7368.000,true
current,4,mybatis_condition_only,4,3148,5774.174,4808.000,true
current,4,named_in_256,4,854,35917.447,71376.000,true
current,4,named_subquery_structured,4,11971,1912.246,3616.000,true
current,4,mybatis_where_eq,4,14216,1478.215,1840.000,true
current,4,mybatis_retry_rollback,4,2979,5661.766,4808.000,true
current,4,named_where_128,4,391,41296.419,47944.000,true
current,4,mybatis_mixed_literals,4,7216,1234.022,2104.000,true
current,4,mybatis_select_entity,4,15893,583.125,1328.000,true
current,4,raw_naming_KEBAB_CASE,4,2262,3701.017,3296.000,true
current,4,named_batch_64,4,856,28292.290,72416.000,true
current,4,positional_union_raw,4,7484,1287.814,1496.000,true
current,4,named_dialect_Oracle,4,8770,1370.205,2608.000,true
current,4,named_dialect_DB2,4,319,1296.238,2608.000,true
current,4,raw_select_expressions,4,3919,1852.539,1960.000,true
current,4,positional_join_on,4,9412,1464.460,2448.000,true
current,4,named_where_16,4,4304,6390.567,6960.000,true
current,4,named_in_expression,4,935,29295.829,72480.000,true
current,4,mybatis_row_in,4,10248,1493.111,2296.000,true
current,4,mybatis_in_1024,4,67,92365.672,182264.000,true
current,4,raw_group_order,4,5273,2091.807,2976.000,true
current,4,positional_naming_CAMEL_CASE,4,5577,3817.016,1904.000,true
current,4,raw_naming_CAMEL_CASE,4,6281,4492.883,1528.000,true
current,4,positional_pagination,4,22378,1494.535,1848.000,true
current,4,positional_dialect_MySQL,4,6285,1634.686,1872.000,true
current,4,named_naming_KEBAB_CASE,4,1983,5739.486,6960.000,true
current,4,named_in_16,4,9617,3519.008,5544.000,true
current,4,named_where_eq,4,14095,1429.415,2000.000,true
current,4,mybatis_naming_NO_CHANGE,4,3175,6161.386,3592.000,true
current,4,mybatis_insert_values,4,22704,1393.208,1864.000,true
current,4,mybatis_insert_entity,4,253,1703.953,1592.000,true
current,4,mybatis_subquery_raw,4,21280,850.451,1368.000,true
current,4,mybatis_derived,4,3154,7645.498,7256.000,true
current,4,positional_delete,4,31684,622.137,1024.000,true
current,4,named_dialect_PostgreSQL,4,8626,2734.895,2432.000,true
current,4,positional_in_1024,4,2159,13647.198,20824.000,true
current,4,mybatis_nested,4,8193,2392.420,2048.000,true
current,4,positional_dialect_PostgreSQL,4,1017,1637.856,1872.000,true
current,4,positional_where_16,4,1948,6252.361,3672.000,true
current,4,positional_group_order,4,4927,3375.604,3136.000,true
current,4,mybatis_in_17,4,4029,3786.994,4216.000,true
current,4,mybatis_in_256,4,512,22943.164,47280.000,true
current,4,mybatis_subquery_structured,4,7364,2427.920,3360.000,true
current,4,positional_in_expression,4,3668,3786.832,7560.000,true
current,4,raw_insert_values,4,10729,931.336,1560.000,true
current,4,mybatis_where_128,4,579,35542.660,34872.000,true
current,4,mybatis_naming_UPPER_CAMEL_CASE,4,2200,5104.773,5088.000,true
current,4,raw_join_on,4,5410,1192.292,2360.000,true
current,4,mybatis_pagination,4,12783,1077.212,2176.000,true
current,4,raw_retry_rollback,4,3876,3513.596,4000.000,true
current,4,raw_in_16,4,16174,780.790,1368.000,true
current,4,raw_nested,4,8168,1083.350,1640.000,true
current,4,positional_naming_NO_CHANGE,4,4101,2423.409,1904.000,true
current,4,raw_naming_UPPER_CAMEL_CASE,4,3695,4542.003,3024.000,true
current,4,mybatis_union_builder,4,3811,5262.792,6888.000,true
current,4,named_update_map,4,14556,1427.837,3000.000,true
current,4,positional_subquery_structured,4,9748,1386.397,2904.000,true
current,4,raw_select_columns,4,1788,679.362,1240.000,true
current,4,raw_where_16,4,3520,3282.727,3296.000,true
current,4,raw_derived,4,2039,3926.484,5264.000,true
current,4,positional_insert_entity,4,3186,833.082,1216.000,true
current,4,raw_row_in,4,11374,776.473,1632.000,true
current,4,positional_select_star,4,10880,238.290,904.000,true
current,4,named_in_17,4,10351,2193.160,5760.000,true
current,4,positional_union_builder,4,3804,2433.728,4040.000,true
current,4,positional_join_using,4,3112,806.138,1776.000,true
current,4,named_row_in,4,19956,1480.753,2704.000,true
current,4,raw_condition_only,4,3871,3390.700,2744.000,true
current,4,mybatis_update_chain_16,4,868,10632.719,21328.000,true
current,4,positional_where_eq,4,1709,782.914,1616.000,true
current,4,positional_naming_SCREAMING_SNAKE_CASE,4,3353,4450.194,3688.000,true
current,4,named_pagination,4,19912,1308.914,2408.000,true
current,4,raw_subquery_structured,4,9192,1509.791,2768.000,true
current,4,raw_delete,4,25605,284.749,936.000,true
current,4,mybatis_naming_SCREAMING_SNAKE_CASE,4,2336,4584.375,5376.000,true
current,4,named_join_on,4,10845,1607.893,2832.000,true
current,4,positional_nested,4,6849,1455.497,1728.000,true
current,4,named_delete,4,46476,562.622,1408.000,true
current,4,named_between,4,9438,1363.456,2624.000,true
current,4,named_union_raw,4,10617,1222.728,1496.000,true
current,4,mybatis_batch_4,4,5725,2064.384,4720.000,true
current,4,mybatis_where_16,4,905,4299.006,5360.000,true
current,4,positional_batch_beans,4,2899,3520.766,7008.000,true
current,4,positional_condition_only,4,2829,2923.400,3128.000,true
current,4,named_select_columns,4,11474,659.578,1240.000,true
current,4,named_nested,4,19477,1118.807,2280.000,true
current,4,raw_insert_placeholders,4,14829,569.829,1232.000,true
current,4,positional_derived,4,1506,3679.216,5528.000,true
current,4,positional_in_17,4,19103,670.382,1704.000,true
current,4,raw_naming_NO_CHANGE,4,4308,2395.195,1528.000,true
current,4,positional_raw_expression,4,10229,1132.154,1768.000,true
current,4,named_insert_placeholders,4,8911,800.157,1944.000,true
current,4,mybatis_select_star,4,78318,244.419,904.000,true
current,4,mybatis_batch_beans,4,983,6418.718,14144.000,true
current,4,positional_between,4,7677,1170.561,1760.000,true
current,4,mybatis_repeated_names,4,540,21555.370,30560.000,true
current,4,positional_select_expressions,4,6298,1605.383,1960.000,true
current,4,mybatis_between,4,15882,1214.135,2368.000,true
current,4,positional_batch_4,4,4796,1340.784,3024.000,true
current,4,named_repeated_names,4,892,23492.713,42608.000,true
current,4,mybatis_join_on,4,7064,1261.948,2672.000,true
current,4,named_derived,4,2599,4846.402,7304.000,true
current,4,raw_union_builder,4,3857,2474.721,3824.000,true
current,4,raw_where_128,4,800,34058.000,17800.000,true
current,4,raw_insert_entity,4,11743,1363.025,1288.000,true
current,4,named_in_1024,4,156,169132.051,278584.000,true
current,4,positional_naming_UPPER_CAMEL_CASE,4,5007,8153.905,3400.000,true
current,4,raw_raw_expression,4,9477,2892.350,1768.000,true
current,4,named_group_order,4,10102,5605.633,3960.000,true
current,4,raw_subquery_raw,4,19649,1161.840,1368.000,true
current,4,named_batch_4,4,7731,5085.668,5800.000,true
current,4,named_union_builder,4,1217,10841.660,6912.000,true
current,4,raw_between,4,16380,1640.800,1672.000,true
current,4,mybatis_union_raw,4,17342,2915.131,1496.000,true
current,4,positional_dialect_Oracle,4,10290,2193.042,2056.000,true
current,4,positional_in_256,4,5436,14454.673,6232.000,true
current,4,positional_repeated_names,4,1051,36591.722,17264.000,true
current,4,raw_insert_values,5,10729,1345.596,1560.000,true
current,4,raw_naming_UPPER_CAMEL_CASE,5,3695,6741.705,3024.000,true
current,4,mybatis_group_order,5,7720,5104.741,3632.000,true
current,4,mybatis_select_expressions,5,13005,5720.746,1960.000,true
current,4,mybatis_delete,5,52992,997.707,1256.000,true
current,4,mybatis_raw_expression,5,16297,2487.887,1768.000,true
current,4,positional_select_star,5,10880,442.555,904.000,true
current,4,positional_update_chain_16,5,282,9852.128,14584.000,true
current,4,named_select_expressions,5,11988,3491.775,1960.000,true
current,4,positional_subquery_structured,5,9748,2414.875,2904.000,true
current,4,named_in_16,5,9617,3251.503,5544.000,true
current,4,raw_pagination,5,12249,1052.706,1736.000,true
current,4,raw_group_order,5,5273,1879.234,2976.000,true
current,4,positional_dialect_Microsoft_SQL_Server,5,294,1308.163,2056.000,true
current,4,mybatis_mixed_literals,5,7216,1472.769,2104.000,true
current,4,positional_dialect_Oracle,5,10290,1439.602,2056.000,true
current,4,named_insert_values,5,24016,1567.505,2200.000,true
current,4,positional_condition_only,5,2829,8089.855,3128.000,true
current,4,positional_pagination,5,22378,1060.135,1848.000,true
current,4,named_select_columns,5,11474,727.471,1240.000,true
current,4,mybatis_insert_values,5,22704,927.070,1864.000,true
current,4,custom_handler_union,5,912,8203.838,7368.000,true
current,4,raw_batch_4,5,4161,1908.315,3488.000,true
current,4,named_naming_CAMEL_CASE,5,5188,4178.566,5192.000,true
current,4,mybatis_select_entity,5,15893,877.443,1328.000,true
current,4,raw_select_star,5,53131,545.465,904.000,true
current,4,raw_late_modifier,5,13307,1106.237,1368.000,true
current,4,raw_nested,5,8168,1890.879,1640.000,true
current,4,mybatis_late_modifier,5,16726,1303.922,1680.000,true
current,4,raw_subquery_structured,5,9192,2945.692,2768.000,true
current,4,mybatis_in_256,5,512,64409.570,47280.000,true
current,4,raw_mixed_literals,5,5476,3694.869,1888.000,true
current,4,named_select_star,5,36610,562.213,904.000,true
current,4,positional_dialect_PostgreSQL,5,1017,1826.352,1872.000,true
current,4,raw_in_expression,5,1966,12096.185,3736.000,true
current,4,named_dialect_DB2,5,319,2726.959,2608.000,true
current,4,positional_mixed_literals,5,10839,1976.437,1720.000,true
current,4,positional_nested,5,6849,1947.204,1728.000,true
current,4,raw_in_16,5,16174,1083.814,1368.000,true
current,4,raw_select_entity,5,21382,960.195,1328.000,true
current,4,positional_dialect_MySQL,5,6285,1519.523,1872.000,true
current,4,named_in_1024,5,156,157587.821,278584.000,true
current,4,positional_naming_UPPER_CAMEL_CASE,5,5007,5609.746,3400.000,true
current,4,raw_naming_SCREAMING_SNAKE_CASE,5,3562,10589.528,3312.000,true
current,4,raw_derived,5,2039,8049.877,5264.000,true
current,4,positional_in_17,5,19103,1625.336,1704.000,true
current,4,mybatis_nested,5,8193,2118.565,2048.000,true
current,4,raw_union_raw,5,8071,2611.795,1496.000,true
current,4,named_where_eq,5,14095,2378.929,2000.000,true
current,4,raw_update_chain_16,5,333,14430.631,13880.000,true
current,4,named_nested,5,19477,3117.395,2280.000,true
current,4,mybatis_batch_64,5,465,73536.989,54352.000,true
current,4,named_condition_only,5,3264,9376.134,6408.000,true
current,4,positional_where_eq,5,1709,1299.415,1616.000,true
current,4,named_pagination,5,19912,1666.141,2408.000,true
current,4,positional_repeated_names,5,1051,19983.539,17264.000,true
current,4,raw_naming_NO_CHANGE,5,4308,3828.575,1528.000,true
current,4,positional_group_order,5,4927,2721.879,3136.000,true
current,4,positional_naming_SCREAMING_SNAKE_CASE,5,3353,5790.576,3688.000,true
current,4,mybatis_update_map,5,9555,1920.042,2536.000,true
current,4,positional_batch_64,5,765,17724.314,25552.000,true
current,4,mybatis_batch_beans,5,983,8349.440,14144.000,true
current,4,named_dialect_Oracle,5,8770,1910.262,2608.000,true
current,4,positional_dialect_DB2,5,4060,1685.197,2056.000,true
current,4,named_mixed_literals,5,14041,1954.611,2440.000,true
current,4,positional_update_map,5,11827,1417.832,1896.000,true
current,4,mybatis_repeated_names,5,540,31245.741,30560.000,true
current,4,mybatis_union_builder,5,3811,5675.518,6888.000,true
current,4,positional_select_entity,5,10,2580.000,1328.000,true
current,4,named_row_in,5,19956,1520.756,2704.000,true
current,4,named_naming_KEBAB_CASE,5,1983,6335.703,6960.000,true
current,4,mybatis_pagination,5,12783,1483.666,2176.000,true
current,4,positional_in_1024,5,2159,7316.628,20824.000,true
current,4,raw_join_using,5,3319,1423.953,1688.000,true
current,4,mybatis_select_star,5,78318,306.329,904.000,true
current,4,raw_insert_entity,5,11743,699.932,1288.000,true
current,4,named_naming_SCREAMING_SNAKE_CASE,5,3862,6411.652,6976.000,true
current,4,named_batch_64,5,856,38642.173,72416.000,true
current,4,mybatis_insert_placeholders,5,10827,1220.458,1640.000,true
current,4,positional_batch_4,5,4796,1700.563,3024.000,true
current,4,positional_in_expression,5,3668,4129.117,7560.000,true
current,4,mybatis_naming_CAMEL_CASE,5,3916,3960.572,3592.000,true
current,4,mybatis_subquery_raw,5,21280,956.180,1368.000,true
current,4,positional_batch_beans,5,2899,3783.512,7008.000,true
current,4,raw_insert_placeholders,5,14829,777.429,1232.000,true
current,4,mybatis_insert_entity,5,253,1073.518,1592.000,true
current,4,mybatis_where_eq,5,14216,1019.914,1840.000,true
current,4,raw_delete,5,25605,293.357,936.000,true
current,4,mybatis_in_1024,5,67,126141.791,182264.000,true
current,4,positional_join_using,5,3112,897.911,1776.000,true
current,4,named_insert_placeholders,5,8911,1057.188,1944.000,true
current,4,raw_batch_64,5,24,18033.333,32288.000,true
current,4,mybatis_where_128,5,579,43047.841,34872.000,true
current,4,mybatis_naming_UPPER_CAMEL_CASE,5,2200,4949.136,5088.000,true
current,4,raw_update_map,5,597,984.255,1984.000,true
current,4,custom_handler_where,5,7,5171.429,6992.000,true
current,4,mybatis_naming_SCREAMING_SNAKE_CASE,5,2336,4962.372,5376.000,true
current,4,named_union_raw,5,10617,1222.502,1496.000,true
current,4,named_raw_expression,5,15102,1084.962,1768.000,true
current,4,mybatis_in_16,5,7833,1822.546,4072.000,true
current,4,positional_in_256,5,5436,2397.130,6232.000,true
current,4,named_delete,5,46476,447.063,1408.000,true
current,4,positional_union_builder,5,3804,4162.171,4040.000,true
current,4,named_update_chain_16,5,2176,15519.807,24096.000,true
current,4,raw_raw_expression,5,9477,1478.495,1768.000,true
current,4,named_dialect_PostgreSQL,5,8626,1447.890,2432.000,true
current,4,positional_naming_NO_CHANGE,5,4101,3590.539,1904.000,true
current,4,raw_where_eq,5,15652,1010.733,1528.000,true
current,4,mybatis_union_raw,5,17342,1369.121,1496.000,true
current,4,mybatis_naming_NO_CHANGE,5,3175,3383.402,3592.000,true
current,4,positional_naming_KEBAB_CASE,5,3212,3856.631,3672.000,true
current,4,named_join_on,5,10845,1543.790,2832.000,true
current,4,positional_late_modifier,5,5083,650.738,1456.000,true
current,4,mybatis_in_17,5,4029,3341.499,4216.000,true
current,4,raw_in_17,5,14839,1627.320,1376.000,true
current,4,raw_between,5,16380,1597.943,1672.000,true
current,4,positional_between,5,7677,1609.496,1760.000,true
current,4,positional_derived,5,1506,9514.210,5528.000,true
current,4,positional_select_expressions,5,6298,2585.630,1960.000,true
current,4,positional_raw_expression,5,10229,1270.202,1768.000,true
current,4,raw_retry_rollback,5,3876,3685.630,4000.000,true
current,4,named_naming_UPPER_CAMEL_CASE,5,2220,8567.838,6688.000,true
current,4,raw_condition_only,5,3871,4517.902,2744.000,true
current,4,named_where_16,5,4304,6951.905,6960.000,true
current,4,mybatis_condition_only,5,3148,20377.033,4808.000,true
current,4,named_retry_rollback,5,3334,9851.800,5328.000,true
current,4,mybatis_derived,5,3154,12781.959,7256.000,true
current,4,named_late_modifier,5,17741,1514.892,1840.000,true
current,4,raw_in_256,5,2579,10364.831,2488.000,true
current,4,raw_join_on,5,5410,2496.506,2360.000,true
current,4,raw_where_128,5,800,45599.625,17800.000,true
current,4,named_union_builder,5,1217,8273.459,6912.000,true
current,4,positional_row_in,5,12093,1243.488,1632.000,true
current,4,named_in_256,5,854,47488.056,71376.000,true
current,4,mybatis_retry_rollback,5,2979,6311.581,4808.000,true
current,4,named_between,5,9438,2273.840,2624.000,true
current,4,named_select_entity,5,9176,995.368,1328.000,true
current,4,raw_row_in,5,11374,1412.529,1632.000,true
current,4,mybatis_batch_4,5,5725,4191.406,4720.000,true
current,4,positional_where_128,5,286,38439.510,20736.000,true
current,4,mybatis_subquery_structured,5,7364,2974.878,3360.000,true
current,4,named_batch_4,5,7731,4421.006,5800.000,true
current,4,positional_union_raw,5,7484,2105.064,1496.000,true
current,4,named_dialect_Microsoft_SQL_Server,5,7666,2645.121,2608.000,true
current,4,positional_where_16,5,1948,5485.986,3672.000,true
current,4,named_dialect_MySQL,5,8183,2046.438,2432.000,true
current,4,raw_select_expressions,5,3919,3421.179,1960.000,true
current,4,named_subquery_structured,5,11971,2931.777,3616.000,true
current,4,raw_subquery_raw,5,19649,812.474,1368.000,true
current,4,mybatis_update_chain_16,5,868,18612.558,21328.000,true
current,4,named_insert_entity,5,24675,1377.670,1928.000,true
current,4,named_subquery_raw,5,16431,666.618,1368.000,true
current,4,positional_delete,5,31684,503.349,1024.000,true
current,4,named_in_17,5,10351,2484.031,5760.000,true
current,4,positional_naming_CAMEL_CASE,5,5577,4358.795,1904.000,true
current,4,positional_retry_rollback,5,1962,4532.620,3888.000,true
current,4,positional_insert_placeholders,5,181,679.558,1232.000,true
current,4,positional_in_16,5,1181,1409.907,1752.000,true
current,4,named_join_using,5,13963,1201.654,2160.000,true
current,4,named_where_128,5,391,92023.274,47944.000,true
current,4,named_naming_NO_CHANGE,5,2911,6712.848,5192.000,true
current,4,raw_select_columns,5,1788,1263.479,1240.000,true
current,4,raw_naming_KEBAB_CASE,5,2262,6451.945,3296.000,true
current,4,named_group_order,5,10102,3993.793,3960.000,true
current,4,raw_naming_CAMEL_CASE,5,6281,4155.453,1528.000,true
current,4,raw_batch_beans,5,409,7033.741,8832.000,true
current,4,mybatis_join_using,5,18936,1540.885,2000.000,true
current,4,named_in_expression,5,935,28441.818,72480.000,true
current,4,positional_subquery_raw,5,21193,593.087,1368.000,true
current,4,mybatis_where_16,5,905,4189.613,5360.000,true
current,4,positional_insert_values,5,13213,596.806,1488.000,true
current,4,raw_in_1024,5,622,11907.235,6352.000,true
current,4,mybatis_between,5,15882,1161.862,2368.000,true
current,4,raw_where_16,5,3520,2930.511,3296.000,true
current,4,named_repeated_names,5,892,18730.045,42608.000,true
current,4,mybatis_select_columns,5,19638,637.820,1240.000,true
current,4,named_derived,5,2599,4687.726,7304.000,true
current,4,raw_repeated_names,5,618,11941.100,14176.000,true
current,4,positional_join_on,5,9412,1082.299,2448.000,true
current,4,mybatis_row_in,5,10248,1164.139,2296.000,true
current,4,positional_insert_entity,5,3186,605.775,1216.000,true
current,4,mybatis_join_on,5,7064,1129.459,2672.000,true
current,4,mybatis_in_expression,5,564,17648.582,48456.000,true
current,4,raw_union_builder,5,3857,2027.794,3824.000,true
current,4,mybatis_naming_KEBAB_CASE,5,2452,4265.049,5360.000,true
current,4,named_update_map,5,14556,1114.929,3000.000,true
current,4,positional_select_columns,5,17475,661.282,1240.000,true
current,4,named_batch_beans,5,2590,6167.027,18640.000,true
current,4,positional_in_1024,6,2159,6671.700,20824.000,true
current,4,mybatis_repeated_names,6,540,17237.222,30560.000,true
current,4,named_select_expressions,6,11988,1404.863,1960.000,true
current,4,raw_insert_placeholders,6,14829,435.936,1232.000,true
current,4,positional_in_16,6,1181,668.332,1752.000,true
current,4,positional_subquery_raw,6,21193,550.238,1368.000,true
current,4,positional_subquery_structured,6,9748,1047.394,2904.000,true
current,4,positional_join_using,6,3112,666.967,1776.000,true
current,4,positional_batch_beans,6,2899,2634.391,7008.000,true
current,4,named_where_eq,6,14095,750.798,2000.000,true
current,4,mybatis_insert_placeholders,6,10827,701.856,1640.000,true
current,4,mybatis_update_chain_16,6,868,7997.005,21328.000,true
current,4,positional_raw_expression,6,10229,1031.430,1768.000,true
current,4,raw_naming_KEBAB_CASE,6,2262,3646.684,3296.000,true
current,4,raw_select_entity,6,21382,501.080,1328.000,true
current,4,raw_update_chain_16,6,333,4779.880,13880.000,true
current,4,mybatis_select_entity,6,15893,509.086,1328.000,true
current,4,positional_between,6,7677,792.732,1760.000,true
current,4,raw_in_expression,6,1966,4861.546,3736.000,true
current,4,positional_row_in,6,12093,682.841,1632.000,true
current,4,mybatis_raw_expression,6,16297,942.744,1768.000,true
current,4,raw_raw_expression,6,9477,1025.704,1768.000,true
current,4,raw_join_using,6,3319,773.576,1688.000,true
current,4,named_union_raw,6,10617,1365.706,1496.000,true
current,4,mybatis_naming_NO_CHANGE,6,3175,3344.252,3592.000,true
current,4,mybatis_where_16,6,905,4637.680,5360.000,true
current,4,mybatis_between,6,15882,1501.215,2368.000,true
current,4,named_nested,6,19477,1803.460,2280.000,true
current,4,raw_batch_beans,6,409,5135.697,8832.000,true
current,4,named_batch_64,6,856,43544.509,72416.000,true
current,4,positional_select_columns,6,17475,1345.139,1240.000,true
current,4,raw_union_raw,6,8071,1870.636,1496.000,true
current,4,mybatis_join_using,6,18936,1561.270,2000.000,true
current,4,named_naming_SCREAMING_SNAKE_CASE,6,3862,8905.722,6976.000,true
current,4,raw_in_17,6,14839,1128.176,1376.000,true
current,4,raw_batch_64,6,24,24070.833,32288.000,true
current,4,named_condition_only,6,3264,8459.038,6408.000,true
current,4,raw_where_eq,6,15652,1737.158,1528.000,true
current,4,positional_dialect_PostgreSQL,6,1017,2437.463,1872.000,true
current,4,custom_handler_union,6,912,19229.276,7368.000,true
current,4,named_in_17,6,10351,4787.151,5760.000,true
current,4,named_batch_beans,6,2590,13849.305,18640.000,true
current,4,named_retry_rollback,6,3334,7586.953,5328.000,true
current,4,named_dialect_Microsoft_SQL_Server,6,7666,2310.201,2608.000,true
current,4,mybatis_insert_entity,6,253,1781.818,1592.000,true
current,4,raw_in_16,6,16174,1376.264,1368.000,true
current,4,positional_where_128,6,286,42420.629,20736.000,true
current,4,mybatis_union_raw,6,17342,2123.890,1496.000,true
current,4,named_in_256,6,854,42672.482,71376.000,true
current,4,raw_derived,6,2039,6607.651,5264.000,true
current,4,named_join_using,6,13963,1486.951,2160.000,true
current,4,raw_late_modifier,6,13307,722.139,1368.000,true
current,4,named_pagination,6,19912,1957.126,2408.000,true
current,4,mybatis_in_1024,6,67,164235.821,182264.000,true
current,4,mybatis_group_order,6,7720,2475.168,3632.000,true
current,4,mybatis_batch_beans,6,983,11974.975,14144.000,true
current,4,raw_insert_entity,6,11743,1031.840,1288.000,true
current,4,named_naming_UPPER_CAMEL_CASE,6,2220,6296.937,6688.000,true
current,4,raw_condition_only,6,3871,3068.819,2744.000,true
current,4,positional_naming_CAMEL_CASE,6,5577,2839.125,1904.000,true
current,4,positional_dialect_Oracle,6,10290,1045.102,2056.000,true
current,4,positional_group_order,6,4927,2085.894,3136.000,true
current,4,named_insert_entity,6,24675,1136.324,1928.000,true
current,4,positional_delete,6,31684,503.895,1024.000,true
current,4,raw_naming_UPPER_CAMEL_CASE,6,3695,3735.805,3024.000,true
current,4,positional_union_raw,6,7484,1224.960,1496.000,true
current,4,named_join_on,6,10845,1560.221,2832.000,true
current,4,named_batch_4,6,7731,2223.490,5800.000,true
current,4,named_derived,6,2599,14451.135,7304.000,true
current,4,named_in_16,6,9617,3204.357,5544.000,true
current,4,positional_select_star,6,10880,415.138,904.000,true
current,4,raw_select_expressions,6,3919,2899.847,1960.000,true
current,4,positional_where_eq,6,1709,1240.140,1616.000,true
current,4,named_naming_KEBAB_CASE,6,1983,8322.441,6960.000,true
current,4,named_group_order,6,10102,2735.785,3960.000,true
current,4,positional_naming_KEBAB_CASE,6,3212,4542.092,3672.000,true
current,4,raw_subquery_structured,6,9192,1365.383,2768.000,true
current,4,named_naming_CAMEL_CASE,6,5188,4329.414,5192.000,true
current,4,raw_update_map,6,597,1033.501,1984.000,true
current,4,named_union_builder,6,1217,6610.353,6912.000,true
current,4,raw_join_on,6,5410,2258.577,2360.000,true
current,4,named_dialect_Oracle,6,8770,2229.601,2608.000,true
current,4,raw_select_star,6,53131,502.338,904.000,true
current,4,named_update_chain_16,6,2176,21667.601,24096.000,true
current,4,positional_update_chain_16,6,282,13818.085,14584.000,true
current,4,raw_repeated_names,6,618,29755.663,14176.000,true
current,4,positional_insert_values,6,13213,1348.165,1488.000,true
current,4,named_select_star,6,36610,488.640,904.000,true
current,4,named_repeated_names,6,892,110500.448,42608.000,true
current,4,raw_pagination,6,12249,1826.827,1736.000,true
current,4,named_select_entity,6,9176,1661.018,1328.000,true
current,4,named_select_columns,6,11474,1332.578,1240.000,true
current,4,raw_group_order,6,5273,4326.038,2976.000,true
current,4,mybatis_join_on,6,7064,3487.656,2672.000,true
current,4,mybatis_select_star,6,78318,894.646,904.000,true
current,4,mybatis_select_columns,6,19638,1492.489,1240.000,true
current,4,named_in_1024,6,156,219025.641,278584.000,true
current,4,positional_naming_UPPER_CAMEL_CASE,6,5007,5419.013,3400.000,true
current,4,mybatis_where_eq,6,14216,1410.326,1840.000,true
current,4,raw_naming_NO_CHANGE,6,4308,4245.311,1528.000,true
current,4,positional_in_256,6,5436,4544.665,6232.000,true
current,4,mybatis_naming_KEBAB_CASE,6,2452,7321.656,5360.000,true
current,4,positional_repeated_names,6,1051,22400.571,17264.000,true
current,4,mybatis_update_map,6,9555,2406.290,2536.000,true
current,4,named_insert_placeholders,6,8911,1428.650,1944.000,true
current,4,mybatis_delete,6,52992,724.985,1256.000,true
current,4,mybatis_subquery_raw,6,21280,752.011,1368.000,true
current,4,mybatis_in_17,6,4029,2032.663,4216.000,true
current,4,mybatis_insert_values,6,22704,932.827,1864.000,true
current,4,positional_batch_4,6,4796,1754.504,3024.000,true
current,4,raw_subquery_raw,6,19649,610.352,1368.000,true
current,4,positional_pagination,6,22378,876.343,1848.000,true
current,4,raw_nested,6,8168,1135.296,1640.000,true
current,4,named_row_in,6,19956,1161.881,2704.000,true
current,4,positional_mixed_literals,6,10839,1046.490,1720.000,true
current,4,raw_in_256,6,2579,4575.223,2488.000,true
current,4,named_mixed_literals,6,14041,1550.766,2440.000,true
current,4,positional_join_on,6,9412,1289.099,2448.000,true
current,4,positional_insert_placeholders,6,181,538.122,1232.000,true
current,4,mybatis_condition_only,6,3148,4061.658,4808.000,true
current,4,mybatis_union_builder,6,3811,4997.324,6888.000,true
current,4,named_update_map,6,14556,1305.297,3000.000,true
current,4,mybatis_batch_4,6,5725,2327.406,4720.000,true
current,4,positional_dialect_MySQL,6,6285,840.382,1872.000,true
current,4,named_dialect_PostgreSQL,6,8626,1702.968,2432.000,true
current,4,raw_where_128,6,800,29702.625,17800.000,true
current,4,positional_insert_entity,6,3186,573.258,1216.000,true
current,4,positional_where_16,6,1948,3275.051,3672.000,true
current,4,raw_select_columns,6,1788,645.694,1240.000,true
current,4,mybatis_late_modifier,6,16726,708.609,1680.000,true
current,4,positional_retry_rollback,6,1962,3157.849,3888.000,true
current,4,positional_dialect_Microsoft_SQL_Server,6,294,1229.252,2056.000,true
current,4,raw_naming_CAMEL_CASE,6,6281,2462.299,1528.000,true
current,4,positional_nested,6,6849,1259.892,1728.000,true
current,4,positional_batch_64,6,765,10940.784,25552.000,true
current,4,raw_insert_values,6,10729,1339.333,1560.000,true
current,4,raw_between,6,16380,849.725,1672.000,true
current,4,named_dialect_DB2,6,319,1199.373,2608.000,true
current,4,raw_delete,6,25605,282.906,936.000,true
current,4,mybatis_select_expressions,6,13005,1763.383,1960.000,true
current,4,mybatis_in_16,6,7833,1797.638,4072.000,true
current,4,raw_batch_4,6,4161,1764.215,3488.000,true
current,4,positional_late_modifier,6,5083,629.176,1456.000,true
current,4,mybatis_mixed_literals,6,7216,1413.054,2104.000,true
current,4,positional_dialect_DB2,6,4060,1005.025,2056.000,true
current,4,named_where_128,6,391,37022.506,47944.000,true
current,4,raw_naming_SCREAMING_SNAKE_CASE,6,3562,3410.584,3312.000,true
current,4,positional_in_17,6,19103,741.669,1704.000,true
current,4,mybatis_naming_UPPER_CAMEL_CASE,6,2200,6822.091,5088.000,true
current,4,positional_select_entity,6,10,2050.000,1328.000,true
current,4,mybatis_subquery_structured,6,7364,1518.061,3360.000,true
current,4,positional_derived,6,1506,3771.912,5528.000,true
current,4,positional_naming_NO_CHANGE,6,4101,2159.473,1904.000,true
current,4,mybatis_pagination,6,12783,1069.381,2176.000,true
current,4,positional_union_builder,6,3804,2622.581,4040.000,true
current,4,named_in_expression,6,935,23342.460,72480.000,true
current,4,mybatis_where_128,6,579,30213.472,34872.000,true
current,4,positional_in_expression,6,3668,3557.525,7560.000,true
current,4,named_dialect_MySQL,6,8183,958.927,2432.000,true
current,4,named_subquery_structured,6,11971,1526.514,3616.000,true
current,4,mybatis_in_expression,6,564,19320.567,48456.000,true
current,4,positional_condition_only,6,2829,2805.938,3128.000,true
current,4,raw_row_in,6,11374,831.809,1632.000,true
current,4,mybatis_derived,6,3154,4457.483,7256.000,true
current,4,mybatis_row_in,6,10248,1115.418,2296.000,true
current,4,mybatis_in_256,6,512,21285.547,47280.000,true
current,4,mybatis_naming_SCREAMING_SNAKE_CASE,6,2336,4734.075,5376.000,true
current,4,named_delete,6,46476,426.274,1408.000,true
current,4,raw_union_builder,6,3857,2315.919,3824.000,true
current,4,mybatis_nested,6,8193,1100.024,2048.000,true
current,4,positional_select_expressions,6,6298,1446.904,1960.000,true
current,4,raw_where_16,6,3520,2966.506,3296.000,true
current,4,named_between,6,9438,1269.824,2624.000,true
current,4,named_raw_expression,6,15102,939.121,1768.000,true
current,4,named_where_16,6,4304,4082.528,6960.000,true
current,4,named_late_modifier,6,17741,680.711,1840.000,true
current,4,named_naming_NO_CHANGE,6,2911,3239.540,5192.000,true
current,4,named_insert_values,6,24016,904.684,2200.000,true
current,4,raw_in_1024,6,622,16299.035,6352.000,true
current,4,positional_naming_SCREAMING_SNAKE_CASE,6,3353,3792.067,3688.000,true
current,4,positional_update_map,6,11827,842.242,1896.000,true
current,4,raw_retry_rollback,6,3876,2895.330,4000.000,true
current,4,named_subquery_raw,6,16431,846.613,1368.000,true
current,4,custom_handler_where,6,7,6242.857,6992.000,true
current,4,mybatis_batch_64,6,465,23754.194,54352.000,true
current,4,raw_mixed_literals,6,5476,1209.186,1888.000,true
current,4,mybatis_naming_CAMEL_CASE,6,3916,5390.296,3592.000,true
current,4,mybatis_retry_rollback,6,2979,3728.567,4808.000,true
current,4,raw_mixed_literals,7,5476,1308.583,1888.000,true
current,4,positional_insert_values,7,13213,714.524,1488.000,true
current,4,raw_update_map,7,597,1023.116,1984.000,true
current,4,positional_raw_expression,7,10229,1217.665,1768.000,true
current,4,named_in_16,7,9617,2974.462,5544.000,true
current,4,positional_insert_entity,7,3186,1317.859,1216.000,true
current,4,named_subquery_raw,7,16431,1002.002,1368.000,true
current,4,positional_repeated_names,7,1051,19067.650,17264.000,true
current,4,positional_naming_CAMEL_CASE,7,5577,5169.571,1904.000,true
current,4,raw_repeated_names,7,618,22681.553,14176.000,true
current,4,positional_pagination,7,22378,1800.715,1848.000,true
current,4,mybatis_join_on,7,7064,2306.328,2672.000,true
current,4,named_join_using,7,13963,1411.015,2160.000,true
current,4,positional_naming_SCREAMING_SNAKE_CASE,7,3353,4778.258,3688.000,true
current,4,positional_join_on,7,9412,4654.771,2448.000,true
current,4,raw_late_modifier,7,13307,617.630,1368.000,true
current,4,raw_in_17,7,14839,885.747,1376.000,true
current,4,positional_late_modifier,7,5083,626.225,1456.000,true
current,4,named_in_256,7,854,24641.218,71376.000,true
current,4,raw_naming_SCREAMING_SNAKE_CASE,7,3562,3851.123,3312.000,true
current,4,positional_update_map,7,11827,1250.917,1896.000,true
current,4,named_row_in,7,19956,1754.961,2704.000,true
current,4,raw_in_256,7,2579,6974.215,2488.000,true
current,4,mybatis_in_1024,7,67,128641.791,182264.000,true
current,4,positional_union_raw,7,7484,1581.708,1496.000,true
current,4,mybatis_naming_KEBAB_CASE,7,2452,6256.933,5360.000,true
current,4,positional_batch_64,7,765,14172.418,25552.000,true
current,4,mybatis_derived,7,3154,5215.504,7256.000,true
current,4,positional_in_expression,7,3668,3383.233,7560.000,true
current,4,mybatis_mixed_literals,7,7216,1552.134,2104.000,true
current,4,raw_union_raw,7,8071,1444.567,1496.000,true
current,4,mybatis_in_expression,7,564,26922.340,48456.000,true
current,4,named_late_modifier,7,17741,1274.269,1840.000,true
current,4,raw_where_16,7,3520,4587.841,3296.000,true
current,4,named_derived,7,2599,6331.781,7304.000,true
current,4,mybatis_naming_UPPER_CAMEL_CASE,7,2200,6879.409,5088.000,true
current,4,positional_subquery_raw,7,21193,746.364,1368.000,true
current,4,positional_select_star,7,10880,268.493,904.000,true
current,4,raw_nested,7,8168,1671.866,1640.000,true
current,4,raw_group_order,7,5273,2737.114,2976.000,true
current,4,raw_batch_beans,7,409,8427.139,8832.000,true
current,4,named_batch_4,7,7731,3326.568,5800.000,true
current,4,positional_between,7,7677,978.963,1760.000,true
current,4,mybatis_nested,7,8193,1440.657,2048.000,true
current,4,raw_select_entity,7,21382,922.561,1328.000,true
current,4,raw_condition_only,7,3871,3182.046,2744.000,true
current,4,mybatis_naming_CAMEL_CASE,7,3916,4310.955,3592.000,true
current,4,named_join_on,7,10845,1408.253,2832.000,true
current,4,raw_naming_CAMEL_CASE,7,6281,2766.056,1528.000,true
current,4,raw_derived,7,2039,5327.170,5264.000,true
current,4,raw_insert_placeholders,7,14829,610.007,1232.000,true
current,4,mybatis_select_entity,7,15893,622.224,1328.000,true
current,4,named_where_eq,7,14095,925.690,2000.000,true
current,4,named_delete,7,46476,440.477,1408.000,true
current,4,named_select_columns,7,11474,721.954,1240.000,true
current,4,named_update_chain_16,7,2176,11731.756,24096.000,true
current,4,mybatis_select_columns,7,19638,874.972,1240.000,true
current,4,positional_select_expressions,7,6298,2020.943,1960.000,true
current,4,raw_in_16,7,16174,829.968,1368.000,true
current,4,named_nested,7,19477,1389.423,2280.000,true
current,4,mybatis_batch_beans,7,983,7472.024,14144.000,true
current,4,raw_batch_64,7,24,15816.667,32288.000,true
current,4,raw_pagination,7,12249,978.962,1736.000,true
current,4,mybatis_subquery_raw,7,21280,849.140,1368.000,true
current,4,named_raw_expression,7,15102,1875.930,1768.000,true
current,4,raw_join_on,7,5410,1932.495,2360.000,true
current,4,named_between,7,9438,1922.134,2624.000,true
current,4,positional_where_eq,7,1709,781.919,1616.000,true
current,4,positional_update_chain_16,7,282,5670.922,14584.000,true
current,4,named_in_1024,7,156,126283.333,278584.000,true
current,4,raw_row_in,7,11374,1021.910,1632.000,true
current,4,positional_where_16,7,1948,3522.331,3672.000,true
current,4,positional_in_1024,7,2159,8154.423,20824.000,true
current,4,mybatis_late_modifier,7,16726,932.913,1680.000,true
current,4,named_union_raw,7,10617,1382.641,1496.000,true
current,4,named_batch_beans,7,2590,9223.089,18640.000,true
current,4,named_condition_only,7,3264,4854.442,6408.000,true
current,4,raw_insert_entity,7,11743,667.351,1288.000,true
current,4,mybatis_raw_expression,7,16297,1098.079,1768.000,true
current,4,named_select_entity,7,9176,879.076,1328.000,true
current,4,raw_subquery_raw,7,19649,806.128,1368.000,true
current,4,named_group_order,7,10102,3211.532,3960.000,true
current,4,mybatis_batch_4,7,5725,2387.074,4720.000,true
current,4,mybatis_batch_64,7,465,27727.742,54352.000,true
current,4,mybatis_union_raw,7,17342,1355.184,1496.000,true
current,4,named_naming_CAMEL_CASE,7,5188,3946.800,5192.000,true
current,4,mybatis_retry_rollback,7,2979,4175.697,4808.000,true
current,4,positional_naming_UPPER_CAMEL_CASE,7,5007,4662.493,3400.000,true
current,4,named_union_builder,7,1217,8344.864,6912.000,true
current,4,named_in_17,7,10351,3339.561,5760.000,true
current,4,raw_naming_NO_CHANGE,7,4308,3993.384,1528.000,true
current,4,mybatis_union_builder,7,3811,8036.316,6888.000,true
current,4,positional_dialect_MySQL,7,6285,1620.159,1872.000,true
current,4,raw_raw_expression,7,9477,2151.050,1768.000,true
current,4,positional_naming_NO_CHANGE,7,4101,5285.223,1904.000,true
current,4,mybatis_delete,7,52992,789.283,1256.000,true
current,4,mybatis_update_map,7,9555,2183.977,2536.000,true
current,4,positional_where_128,7,286,33400.350,20736.000,true
current,4,named_insert_entity,7,24675,1300.859,1928.000,true
current,4,mybatis_row_in,7,10248,1380.416,2296.000,true
current,4,named_naming_SCREAMING_SNAKE_CASE,7,3862,7295.287,6976.000,true
current,4,named_repeated_names,7,892,27495.404,42608.000,true
current,4,positional_dialect_PostgreSQL,7,1017,1394.887,1872.000,true
current,4,positional_delete,7,31684,420.727,1024.000,true
current,4,raw_in_expression,7,1966,8465.768,3736.000,true
current,4,raw_select_star,7,53131,277.062,904.000,true
current,4,raw_select_columns,7,1788,734.396,1240.000,true
current,4,named_dialect_DB2,7,319,1304.075,2608.000,true
current,4,positional_dialect_Oracle,7,10290,1132.089,2056.000,true
current,4,raw_subquery_structured,7,9192,1426.436,2768.000,true
current,4,mybatis_where_16,7,905,4895.138,5360.000,true
current,4,raw_update_chain_16,7,333,10191.592,13880.000,true
current,4,named_where_128,7,391,50536.573,47944.000,true
current,4,positional_derived,7,1506,5942.430,5528.000,true
current,4,raw_in_1024,7,622,18110.932,6352.000,true
current,4,named_retry_rollback,7,3334,5589.532,5328.000,true
current,4,positional_nested,7,6849,1611.067,1728.000,true
current,4,mybatis_between,7,15882,1145.870,2368.000,true
current,4,custom_handler_where,7,7,5614.286,6992.000,true
current,4,positional_batch_beans,7,2899,5107.140,7008.000,true
current,4,raw_naming_KEBAB_CASE,7,2262,3475.508,3296.000,true
current,4,named_where_16,7,4304,5560.200,6960.000,true
current,4,named_mixed_literals,7,14041,3765.943,2440.000,true
current,4,positional_join_using,7,3112,1020.566,1776.000,true
current,4,positional_insert_placeholders,7,181,595.580,1232.000,true
current,4,positional_mixed_literals,7,10839,1131.091,1720.000,true
current,4,named_dialect_Oracle,7,8770,1331.117,2608.000,true
current,4,named_insert_placeholders,7,8911,1412.479,1944.000,true
current,4,positional_group_order,7,4927,2266.876,3136.000,true
current,4,raw_union_builder,7,3857,2495.592,3824.000,true
current,4,named_naming_NO_CHANGE,7,2911,3692.614,5192.000,true
current,4,mybatis_insert_placeholders,7,10827,1269.964,1640.000,true
current,4,named_naming_UPPER_CAMEL_CASE,7,2220,6435.495,6688.000,true
current,4,named_pagination,7,19912,1259.657,2408.000,true
current,4,mybatis_in_17,7,4029,1940.308,4216.000,true
current,4,positional_in_17,7,19103,1038.957,1704.000,true
current,4,mybatis_group_order,7,7720,2725.648,3632.000,true
current,4,mybatis_insert_entity,7,253,1612.648,1592.000,true
current,4,named_in_expression,7,935,45035.187,72480.000,true
current,4,named_dialect_MySQL,7,8183,1520.274,2432.000,true
current,4,mybatis_where_eq,7,14216,1547.995,1840.000,true
current,4,raw_insert_values,7,10729,1432.566,1560.000,true
current,4,positional_dialect_Microsoft_SQL_Server,7,294,2268.027,2056.000,true
current,4,raw_delete,7,25605,615.876,936.000,true
current,4,named_update_map,7,14556,2352.817,3000.000,true
current,4,named_select_expressions,7,11988,2033.951,1960.000,true
current,4,positional_in_256,7,5436,3330.372,6232.000,true
current,4,named_dialect_Microsoft_SQL_Server,7,7666,2443.699,2608.000,true
current,4,mybatis_naming_NO_CHANGE,7,3175,6328.157,3592.000,true
current,4,positional_naming_KEBAB_CASE,7,3212,6050.841,3672.000,true
current,4,named_dialect_PostgreSQL,7,8626,1833.179,2432.000,true
current,4,mybatis_subquery_structured,7,7364,2052.689,3360.000,true
current,4,mybatis_select_expressions,7,13005,1835.732,1960.000,true
current,4,raw_batch_4,7,4161,1721.581,3488.000,true
current,4,mybatis_where_128,7,579,46811.054,34872.000,true
current,4,named_subquery_structured,7,11971,2660.755,3616.000,true
current,4,custom_handler_union,7,912,7846.272,7368.000,true
current,4,mybatis_join_using,7,18936,1485.351,2000.000,true
current,4,raw_where_128,7,800,44439.250,17800.000,true
current,4,positional_select_columns,7,17475,818.272,1240.000,true
current,4,positional_in_16,7,1181,1373.836,1752.000,true
current,4,named_naming_KEBAB_CASE,7,1983,5823.752,6960.000,true
current,4,mybatis_select_star,7,78318,266.179,904.000,true
current,4,positional_batch_4,7,4796,1447.540,3024.000,true
current,4,mybatis_pagination,7,12783,1129.758,2176.000,true
current,4,positional_row_in,7,12093,1269.511,1632.000,true
current,4,mybatis_insert_values,7,22704,868.147,1864.000,true
current,4,mybatis_update_chain_16,7,868,9570.853,21328.000,true
current,4,positional_condition_only,7,2829,3970.979,3128.000,true
current,4,raw_between,7,16380,1045.604,1672.000,true
current,4,positional_select_entity,7,10,1730.000,1328.000,true
current,4,named_batch_64,7,856,36569.860,72416.000,true
current,4,mybatis_repeated_names,7,540,28595.926,30560.000,true
current,4,raw_join_using,7,3319,1231.666,1688.000,true
current,4,mybatis_condition_only,7,3148,6811.150,4808.000,true
current,4,mybatis_naming_SCREAMING_SNAKE_CASE,7,2336,7796.875,5376.000,true
current,4,raw_naming_UPPER_CAMEL_CASE,7,3695,4263.572,3024.000,true
current,4,positional_union_builder,7,3804,3239.143,4040.000,true
current,4,mybatis_in_16,7,7833,2550.083,4072.000,true
current,4,positional_retry_rollback,7,1962,2772.324,3888.000,true
current,4,raw_select_expressions,7,3919,2032.126,1960.000,true
current,4,positional_subquery_structured,7,9748,1379.986,2904.000,true
current,4,positional_dialect_DB2,7,4060,930.345,2056.000,true
current,4,mybatis_in_256,7,512,20539.258,47280.000,true
current,4,raw_retry_rollback,7,3876,4471.672,4000.000,true
current,4,named_select_star,7,36610,300.246,904.000,true
current,4,named_insert_values,7,24016,973.555,2200.000,true
current,4,raw_where_eq,7,15652,1125.811,1528.000,true
current,4,raw_in_1024,8,622,28159.646,6352.000,true
current,4,positional_naming_UPPER_CAMEL_CASE,8,5007,5869.662,3400.000,true
current,4,named_select_star,8,36610,251.830,904.000,true
current,4,positional_insert_placeholders,8,181,556.906,1232.000,true
current,4,mybatis_in_17,8,4029,1987.714,4216.000,true
current,4,raw_naming_KEBAB_CASE,8,2262,4375.950,3296.000,true
current,4,named_condition_only,8,3264,4300.521,6408.000,true
current,4,raw_join_on,8,5410,1195.989,2360.000,true
current,4,raw_select_star,8,53131,289.607,904.000,true
current,4,named_where_eq,8,14095,1032.898,2000.000,true
current,4,raw_retry_rollback,8,3876,3415.067,4000.000,true
current,4,positional_union_raw,8,7484,1410.182,1496.000,true
current,4,raw_late_modifier,8,13307,619.110,1368.000,true
current,4,named_select_expressions,8,11988,1835.994,1960.000,true
current,4,mybatis_repeated_names,8,540,25068.148,30560.000,true
current,4,raw_between,8,16380,888.339,1672.000,true
current,4,raw_in_256,8,2579,5543.505,2488.000,true
current,4,mybatis_select_star,8,78318,381.874,904.000,true
current,4,raw_subquery_structured,8,9192,1950.392,2768.000,true
current,4,positional_in_expression,8,3668,5260.087,7560.000,true
current,4,positional_dialect_Microsoft_SQL_Server,8,294,1452.041,2056.000,true
current,4,mybatis_where_eq,8,14216,997.193,1840.000,true
current,4,positional_row_in,8,12093,1378.467,1632.000,true
current,4,mybatis_union_raw,8,17342,2060.921,1496.000,true
current,4,raw_delete,8,25605,425.804,936.000,true
current,4,positional_dialect_DB2,8,4060,1111.305,2056.000,true
current,4,positional_between,8,7677,1676.410,1760.000,true
current,4,positional_batch_4,8,4796,1754.962,3024.000,true
current,4,mybatis_batch_64,8,465,40497.849,54352.000,true
current,4,raw_select_columns,8,1788,1345.190,1240.000,true
current,4,named_subquery_raw,8,16431,891.072,1368.000,true
current,4,positional_update_map,8,11827,1468.995,1896.000,true
current,4,named_retry_rollback,8,3334,7166.317,5328.000,true
current,4,positional_subquery_raw,8,21193,1029.949,1368.000,true
current,4,named_in_1024,8,156,169867.308,278584.000,true
current,4,named_between,8,9438,1728.756,2624.000,true
current,4,mybatis_batch_beans,8,983,7808.749,14144.000,true
current,4,positional_dialect_MySQL,8,6285,1648.146,1872.000,true
current,4,named_repeated_names,8,892,32118.610,42608.000,true
current,4,mybatis_delete,8,52992,474.953,1256.000,true
current,4,positional_repeated_names,8,1051,19071.361,17264.000,true
current,4,custom_handler_where,8,7,6857.143,6992.000,true
current,4,mybatis_insert_entity,8,253,1255.731,1592.000,true
current,4,mybatis_condition_only,8,3148,4338.596,4808.000,true
current,4,named_where_16,8,4304,5572.258,6960.000,true
current,4,raw_batch_64,8,24,14058.333,32288.000,true
current,4,named_update_chain_16,8,2176,10398.805,24096.000,true
current,4,positional_where_eq,8,1709,733.236,1616.000,true
current,4,raw_where_16,8,3520,3553.778,3296.000,true
current,4,mybatis_subquery_raw,8,21280,542.439,1368.000,true
current,4,raw_row_in,8,11374,1348.787,1632.000,true
current,4,named_union_raw,8,10617,2094.047,1496.000,true
current,4,named_insert_placeholders,8,8911,1498.653,1944.000,true
current,4,raw_union_builder,8,3857,2771.351,3824.000,true
current,4,positional_pagination,8,22378,1115.891,1848.000,true
current,4,positional_dialect_PostgreSQL,8,1017,1066.470,1872.000,true
current,4,named_naming_NO_CHANGE,8,2911,4606.561,5192.000,true
current,4,raw_pagination,8,12249,1275.876,1736.000,true
current,4,named_batch_beans,8,2590,9244.865,18640.000,true
current,4,positional_naming_CAMEL_CASE,8,5577,3460.463,1904.000,true
current,4,positional_select_entity,8,10,2380.000,1328.000,true
current,4,named_select_columns,8,11474,1087.999,1240.000,true
current,4,positional_in_17,8,19103,1176.234,1704.000,true
current,4,positional_select_expressions,8,6298,2922.150,1960.000,true
current,4,raw_where_eq,8,15652,1150.102,1528.000,true
current,4,mybatis_where_128,8,579,50276.511,34872.000,true
current,4,mybatis_group_order,8,7720,2948.251,3632.000,true
current,4,raw_group_order,8,5273,2906.941,2976.000,true
current,4,named_dialect_Microsoft_SQL_Server,8,7666,2402.505,2608.000,true
current,4,raw_select_entity,8,21382,1243.962,1328.000,true
current,4,mybatis_select_columns,8,19638,1168.062,1240.000,true
current,4,named_in_16,8,9617,2699.376,5544.000,true
current,4,positional_derived,8,1506,5530.677,5528.000,true
current,4,positional_batch_beans,8,2899,4561.435,7008.000,true
current,4,raw_union_raw,8,8071,2170.301,1496.000,true
current,4,mybatis_in_16,8,7833,3325.801,4072.000,true
current,4,mybatis_insert_placeholders,8,10827,1496.934,1640.000,true
current,4,named_join_on,8,10845,3189.912,2832.000,true
current,4,raw_condition_only,8,3871,5296.125,2744.000,true
current,4,named_batch_4,8,7731,3328.457,5800.000,true
current,4,named_nested,8,19477,2313.585,2280.000,true
current,4,mybatis_pagination,8,12783,2271.470,2176.000,true
current,4,mybatis_union_builder,8,3811,8644.923,6888.000,true
current,4,raw_subquery_raw,8,19649,857.708,1368.000,true
current,4,positional_batch_64,8,765,17921.830,25552.000,true
current,4,mybatis_mixed_literals,8,7216,2065.438,2104.000,true
current,4,mybatis_row_in,8,10248,1828.005,2296.000,true
current,4,named_union_builder,8,1217,7020.953,6912.000,true
current,4,positional_condition_only,8,2829,3446.978,3128.000,true
current,4,positional_update_chain_16,8,282,7117.376,14584.000,true
current,4,positional_mixed_literals,8,10839,1189.381,1720.000,true
current,4,raw_in_expression,8,1966,7457.375,3736.000,true
current,4,named_dialect_MySQL,8,8183,1686.985,2432.000,true
current,4,positional_in_1024,8,2159,9002.455,20824.000,true
current,4,positional_union_builder,8,3804,2922.450,4040.000,true
current,4,custom_handler_union,8,912,5769.298,7368.000,true
current,4,mybatis_in_expression,8,564,27274.291,48456.000,true
current,4,raw_where_128,8,800,30683.125,17800.000,true
current,4,positional_join_on,8,9412,1328.836,2448.000,true
current,4,positional_in_256,8,5436,2751.361,6232.000,true
current,4,mybatis_between,8,15882,1360.030,2368.000,true
current,4,mybatis_naming_SCREAMING_SNAKE_CASE,8,2336,7257.577,5376.000,true
current,4,raw_derived,8,2039,5673.909,5264.000,true
current,4,named_select_entity,8,9176,615.301,1328.000,true
current,4,mybatis_insert_values,8,22704,1130.162,1864.000,true
current,4,mybatis_batch_4,8,5725,3608.297,4720.000,true
current,4,named_raw_expression,8,15102,2058.899,1768.000,true
current,4,positional_delete,8,31684,445.203,1024.000,true
current,4,named_in_17,8,10351,3555.009,5760.000,true
current,4,mybatis_subquery_structured,8,7364,3049.552,3360.000,true
current,4,positional_naming_NO_CHANGE,8,4101,4736.259,1904.000,true
current,4,mybatis_where_16,8,905,5819.116,5360.000,true
current,4,positional_retry_rollback,8,1962,3947.095,3888.000,true
current,4,positional_join_using,8,3112,1441.099,1776.000,true
current,4,positional_insert_values,8,13213,1076.970,1488.000,true
current,4,mybatis_in_1024,8,67,140062.687,182264.000,true
current,4,mybatis_retry_rollback,8,2979,6520.040,4808.000,true
current,4,mybatis_select_entity,8,15893,922.733,1328.000,true
current,4,raw_in_17,8,14839,1153.110,1376.000,true
current,4,raw_in_16,8,16174,1029.486,1368.000,true
current,4,mybatis_join_on,8,7064,2309.824,2672.000,true
current,4,positional_select_star,8,10880,266.011,904.000,true
current,4,named_naming_UPPER_CAMEL_CASE,8,2220,7307.477,6688.000,true
current,4,named_subquery_structured,8,11971,1919.631,3616.000,true
current,4,mybatis_naming_UPPER_CAMEL_CASE,8,2200,6599.227,5088.000,true
current,4,mybatis_raw_expression,8,16297,1383.475,1768.000,true
current,4,mybatis_late_modifier,8,16726,862.501,1680.000,true
current,4,named_row_in,8,19956,1445.059,2704.000,true
current,4,raw_naming_UPPER_CAMEL_CASE,8,3695,4081.976,3024.000,true
current,4,named_dialect_PostgreSQL,8,8626,1272.455,2432.000,true
current,4,raw_update_chain_16,8,333,7278.979,13880.000,true
current,4,raw_naming_SCREAMING_SNAKE_CASE,8,3562,4324.733,3312.000,true
current,4,positional_insert_entity,8,3186,1175.957,1216.000,true
current,4,named_join_using,8,13963,1143.186,2160.000,true
current,4,mybatis_derived,8,3154,5889.981,7256.000,true
current,4,named_delete,8,46476,690.074,1408.000,true
current,4,positional_nested,8,6849,1782.961,1728.000,true
current,4,named_group_order,8,10102,3580.459,3960.000,true
current,4,mybatis_select_expressions,8,13005,2566.205,1960.000,true
current,4,named_dialect_Oracle,8,8770,2284.116,2608.000,true
current,4,mybatis_in_256,8,512,24329.102,47280.000,true
current,4,named_in_expression,8,935,49273.904,72480.000,true
current,4,raw_nested,8,8168,2038.798,1640.000,true
current,4,named_insert_entity,8,24675,1175.121,1928.000,true
current,4,named_derived,8,2599,5631.204,7304.000,true
current,4,positional_where_16,8,1948,4440.708,3672.000,true
current,4,raw_insert_values,8,10729,1364.787,1560.000,true
current,4,named_mixed_literals,8,14041,2873.613,2440.000,true
current,4,raw_join_using,8,3319,1631.907,1688.000,true
current,4,positional_raw_expression,8,10229,2575.511,1768.000,true
current,4,mybatis_naming_CAMEL_CASE,8,3916,7272.753,3592.000,true
current,4,raw_select_expressions,8,3919,3944.986,1960.000,true
current,4,mybatis_join_using,8,18936,1819.598,2000.000,true
current,4,named_batch_64,8,856,51932.360,72416.000,true
current,4,positional_naming_SCREAMING_SNAKE_CASE,8,3353,6592.872,3688.000,true
current,4,raw_raw_expression,8,9477,1792.719,1768.000,true
current,4,named_dialect_DB2,8,319,1826.646,2608.000,true
current,4,named_pagination,8,19912,2132.538,2408.000,true
current,4,named_naming_CAMEL_CASE,8,5188,6987.857,5192.000,true
current,4,mybatis_naming_KEBAB_CASE,8,2452,6846.697,5360.000,true
current,4,mybatis_nested,8,8193,2107.921,2048.000,true
current,4,named_naming_KEBAB_CASE,8,1983,8297.075,6960.000,true
current,4,positional_select_columns,8,17475,1094.060,1240.000,true
current,4,named_naming_SCREAMING_SNAKE_CASE,8,3862,7465.769,6976.000,true
current,4,positional_subquery_structured,8,9748,4562.372,2904.000,true
current,4,positional_naming_KEBAB_CASE,8,3212,6030.355,3672.000,true
current,4,positional_group_order,8,4927,3640.917,3136.000,true
current,4,positional_dialect_Oracle,8,10290,1759.835,2056.000,true
current,4,raw_update_map,8,597,1062.479,1984.000,true
current,4,named_insert_values,8,24016,1368.804,2200.000,true
current,4,named_where_128,8,391,55368.286,47944.000,true
current,4,raw_repeated_names,8,618,16547.087,14176.000,true
current,4,raw_naming_NO_CHANGE,8,4308,3614.044,1528.000,true
current,4,mybatis_update_chain_16,8,868,17323.387,21328.000,true
current,4,named_update_map,8,14556,2243.261,3000.000,true
current,4,mybatis_update_map,8,9555,1858.912,2536.000,true
current,4,mybatis_naming_NO_CHANGE,8,3175,5092.976,3592.000,true
current,4,raw_naming_CAMEL_CASE,8,6281,3342.414,1528.000,true
current,4,named_in_256,8,854,31731.967,71376.000,true
current,4,named_late_modifier,8,17741,865.250,1840.000,true
current,4,positional_in_16,8,1181,859.187,1752.000,true
current,4,raw_batch_4,8,4161,1755.564,3488.000,true
current,4,raw_batch_beans,8,409,5339.120,8832.000,true
current,4,raw_insert_placeholders,8,14829,581.516,1232.000,true
current,4,positional_late_modifier,8,5083,1074.031,1456.000,true
current,4,positional_where_128,8,286,29058.042,20736.000,true
current,4,raw_insert_entity,8,11743,740.901,1288.000,true
current,4,raw_mixed_literals,8,5476,1794.028,1888.000,true
current,4,positional_batch_64,9,765,15431.503,25552.000,true
current,4,positional_group_order,9,4927,2309.864,3136.000,true
current,4,raw_condition_only,9,3871,5144.459,2744.000,true
current,4,positional_raw_expression,9,10229,1527.041,1768.000,true
current,4,named_naming_KEBAB_CASE,9,1983,5623.853,6960.000,true
current,4,named_raw_expression,9,15102,1077.162,1768.000,true
current,4,named_join_using,9,13963,928.096,2160.000,true
current,4,positional_retry_rollback,9,1962,2895.821,3888.000,true
current,4,raw_select_expressions,9,3919,2085.507,1960.000,true
current,4,named_update_chain_16,9,2176,10184.926,24096.000,true
current,4,raw_naming_SCREAMING_SNAKE_CASE,9,3562,3616.480,3312.000,true
current,4,positional_late_modifier,9,5083,581.704,1456.000,true
current,4,positional_batch_4,9,4796,1454.066,3024.000,true
current,4,mybatis_union_builder,9,3811,5027.447,6888.000,true
current,4,mybatis_select_entity,9,15893,652.451,1328.000,true
current,4,mybatis_batch_4,9,5725,2280.384,4720.000,true
current,4,named_dialect_PostgreSQL,9,8626,1267.099,2432.000,true
current,4,raw_naming_KEBAB_CASE,9,2262,4257.118,3296.000,true
current,4,named_in_256,9,854,25770.960,71376.000,true
current,4,named_dialect_Oracle,9,8770,1289.647,2608.000,true
current,4,named_where_128,9,391,37887.212,47944.000,true
current,4,named_delete,9,46476,428.802,1408.000,true
current,4,positional_in_1024,9,2159,7052.432,20824.000,true
current,4,positional_batch_beans,9,2899,3070.852,7008.000,true
current,4,mybatis_join_on,9,7064,1233.352,2672.000,true
current,4,raw_batch_64,9,24,50850.000,32288.000,true
current,4,raw_between,9,16380,853.327,1672.000,true
current,4,named_nested,9,19477,1603.235,2280.000,true
current,4,named_group_order,9,10102,2712.592,3960.000,true
current,4,named_naming_NO_CHANGE,9,2911,3634.868,5192.000,true
current,4,mybatis_derived,9,3154,6139.283,7256.000,true
current,4,raw_join_on,9,5410,1741.774,2360.000,true
current,4,mybatis_mixed_literals,9,7216,1799.016,2104.000,true
current,4,named_select_star,9,36610,302.185,904.000,true
current,4,positional_select_expressions,9,6298,2837.806,1960.000,true
current,4,positional_naming_SCREAMING_SNAKE_CASE,9,3353,7441.068,3688.000,true
current,4,positional_select_columns,9,17475,1022.924,1240.000,true
current,4,raw_join_using,9,3319,931.033,1688.000,true
current,4,mybatis_condition_only,9,3148,6596.569,4808.000,true
current,4,mybatis_subquery_structured,9,7364,2747.746,3360.000,true
current,4,positional_dialect_PostgreSQL,9,1017,1712.783,1872.000,true
current,4,mybatis_update_chain_16,9,868,20126.267,21328.000,true
current,4,positional_dialect_Oracle,9,10290,1656.744,2056.000,true
current,4,raw_update_map,9,597,1741.374,1984.000,true
current,4,named_late_modifier,9,17741,1160.047,1840.000,true
current,4,mybatis_join_using,9,18936,1483.481,2000.000,true
current,4,mybatis_update_map,9,9555,2315.280,2536.000,true
current,4,mybatis_in_16,9,7833,2805.285,4072.000,true
current,4,positional_union_builder,9,3804,4895.505,4040.000,true
current,4,mybatis_in_1024,9,67,154258.209,182264.000,true
current,4,named_batch_beans,9,2590,12120.309,18640.000,true
current,4,positional_naming_KEBAB_CASE,9,3212,6555.573,3672.000,true
current,4,positional_insert_entity,9,3186,1422.191,1216.000,true
current,4,mybatis_group_order,9,7720,3981.347,3632.000,true
current,4,named_where_eq,9,14095,1496.375,2000.000,true
current,4,raw_derived,9,2039,8316.871,5264.000,true
current,4,mybatis_union_raw,9,17342,2750.519,1496.000,true
current,4,mybatis_row_in,9,10248,4569.067,2296.000,true
current,4,positional_derived,9,1506,9164.874,5528.000,true
current,4,mybatis_batch_64,9,465,61015.054,54352.000,true
current,4,positional_subquery_raw,9,21193,1440.995,1368.000,true
current,4,named_union_raw,9,10617,2573.476,1496.000,true
current,4,positional_in_17,9,19103,1443.449,1704.000,true
current,4,raw_naming_NO_CHANGE,9,4308,4652.553,1528.000,true
current,4,mybatis_naming_NO_CHANGE,9,3175,4450.772,3592.000,true
current,4,positional_in_expression,9,3668,4271.892,7560.000,true
current,4,raw_select_entity,9,21382,880.643,1328.000,true
current,4,mybatis_select_columns,9,19638,1093.166,1240.000,true
current,4,raw_pagination,9,12249,1154.413,1736.000,true
current,4,positional_where_128,9,286,42554.545,20736.000,true
current,4,named_repeated_names,9,892,30950.000,42608.000,true
current,4,positional_repeated_names,9,1051,16986.775,17264.000,true
current,4,named_update_map,9,14556,1510.202,3000.000,true
current,4,raw_naming_UPPER_CAMEL_CASE,9,3695,5415.047,3024.000,true
current,4,raw_insert_entity,9,11743,721.119,1288.000,true
current,4,positional_naming_CAMEL_CASE,9,5577,2983.235,1904.000,true
current,4,positional_naming_UPPER_CAMEL_CASE,9,5007,4244.837,3400.000,true
current,4,mybatis_subquery_raw,9,21280,602.862,1368.000,true
current,4,named_dialect_DB2,9,319,1107.837,2608.000,true
current,4,mybatis_nested,9,8193,1283.034,2048.000,true
current,4,raw_select_columns,9,1788,981.935,1240.000,true
current,4,named_join_on,9,10845,1547.644,2832.000,true
current,4,named_insert_values,9,24016,970.274,2200.000,true
current,4,positional_where_eq,9,1709,995.963,1616.000,true
current,4,positional_between,9,7677,1177.791,1760.000,true
current,4,named_in_17,9,10351,2370.650,5760.000,true
current,4,named_between,9,9438,1232.443,2624.000,true
current,4,raw_mixed_literals,9,5476,1395.891,1888.000,true
current,4,mybatis_naming_SCREAMING_SNAKE_CASE,9,2336,4566.139,5376.000,true
current,4,positional_in_256,9,5436,2407.763,6232.000,true
current,4,raw_update_chain_16,9,333,4888.288,13880.000,true
current,4,custom_handler_union,9,912,4774.452,7368.000,true
current,4,named_condition_only,9,3264,3983.732,6408.000,true
current,4,named_naming_CAMEL_CASE,9,5188,5146.434,5192.000,true
current,4,raw_in_expression,9,1966,4686.063,3736.000,true
current,4,mybatis_insert_values,9,22704,922.049,1864.000,true
current,4,mybatis_in_expression,9,564,86906.383,48456.000,true
current,4,named_row_in,9,19956,1575.326,2704.000,true
current,4,raw_where_128,9,800,34309.625,17800.000,true
current,4,mybatis_raw_expression,9,16297,1786.188,1768.000,true
current,4,mybatis_naming_CAMEL_CASE,9,3916,5138.458,3592.000,true
current,4,positional_where_16,9,1948,6322.125,3672.000,true
current,4,raw_where_eq,9,15652,1311.864,1528.000,true
current,4,positional_nested,9,6849,1823.273,1728.000,true
current,4,positional_delete,9,31684,518.063,1024.000,true
current,4,named_batch_4,9,7731,4139.012,5800.000,true
current,4,mybatis_pagination,9,12783,1324.478,2176.000,true
current,4,positional_select_entity,9,10,3000.000,1328.000,true
current,4,raw_in_16,9,16174,1062.891,1368.000,true
current,4,mybatis_in_256,9,512,29169.531,47280.000,true
current,4,named_batch_64,9,856,40146.846,72416.000,true
current,4,named_mixed_literals,9,14041,2496.161,2440.000,true
current,4,positional_update_map,9,11827,1504.549,1896.000,true
current,4,positional_union_raw,9,7484,1895.551,1496.000,true
current,4,named_union_builder,9,1217,9507.149,6912.000,true
current,4,raw_nested,9,8168,1340.622,1640.000,true
current,4,positional_insert_values,9,13213,1053.440,1488.000,true
current,4,named_select_columns,9,11474,966.742,1240.000,true
current,4,raw_subquery_structured,9,9192,1613.588,2768.000,true
current,4,raw_group_order,9,5273,1777.280,2976.000,true
current,4,named_insert_placeholders,9,8911,1008.259,1944.000,true
current,4,raw_in_256,9,2579,4297.518,2488.000,true
current,4,positional_update_chain_16,9,282,6264.539,14584.000,true
current,4,named_derived,9,2599,6978.261,7304.000,true
current,4,raw_union_raw,9,8071,1833.924,1496.000,true
current,4,mybatis_naming_UPPER_CAMEL_CASE,9,2200,8834.000,5088.000,true
current,4,raw_union_builder,9,3857,4481.514,3824.000,true
current,4,positional_dialect_MySQL,9,6285,1689.562,1872.000,true
current,4,named_subquery_raw,9,16431,999.860,1368.000,true
current,4,raw_batch_beans,9,409,10488.753,8832.000,true
current,4,positional_subquery_structured,9,9748,2313.757,2904.000,true
current,4,raw_where_16,9,3520,4539.688,3296.000,true
current,4,mybatis_batch_beans,9,983,9169.176,14144.000,true
current,4,named_in_expression,9,935,38206.952,72480.000,true
current,4,custom_handler_where,9,7,10314.286,6992.000,true
current,4,raw_insert_placeholders,9,14829,774.327,1232.000,true
current,4,mybatis_delete,9,52992,558.005,1256.000,true
current,4,raw_late_modifier,9,13307,798.061,1368.000,true
current,4,raw_raw_expression,9,9477,1223.826,1768.000,true
current,4,named_select_expressions,9,11988,2552.402,1960.000,true
current,4,named_in_1024,9,156,169176.282,278584.000,true
current,4,raw_batch_4,9,4161,2757.799,3488.000,true
current,4,positional_dialect_Microsoft_SQL_Server,9,294,2356.803,2056.000,true
current,4,raw_insert_values,9,10729,1058.253,1560.000,true
current,4,raw_retry_rollback,9,3876,4410.088,4000.000,true
current,4,positional_join_on,9,9412,2252.093,2448.000,true
current,4,mybatis_insert_entity,9,253,1916.206,1592.000,true
current,4,mybatis_where_eq,9,14216,1171.518,1840.000,true
current,4,raw_select_star,9,53131,287.437,904.000,true
current,4,positional_in_16,9,1181,932.599,1752.000,true
current,4,positional_insert_placeholders,9,181,577.901,1232.000,true
current,4,named_retry_rollback,9,3334,4511.578,5328.000,true
current,4,named_select_entity,9,9176,1139.124,1328.000,true
current,4,mybatis_in_17,9,4029,3224.944,4216.000,true
current,4,raw_in_17,9,14839,1407.602,1376.000,true
current,4,mybatis_select_expressions,9,13005,2606.674,1960.000,true
current,4,mybatis_naming_KEBAB_CASE,9,2452,9702.243,5360.000,true
current,4,positional_dialect_DB2,9,4060,1975.714,2056.000,true
current,4,positional_pagination,9,22378,1458.861,1848.000,true
current,4,mybatis_between,9,15882,1854.905,2368.000,true
current,4,positional_condition_only,9,2829,4202.333,3128.000,true
current,4,named_dialect_Microsoft_SQL_Server,9,7666,2473.493,2608.000,true
current,4,raw_repeated_names,9,618,16855.987,14176.000,true
current,4,named_naming_SCREAMING_SNAKE_CASE,9,3862,7173.718,6976.000,true
current,4,mybatis_where_128,9,579,38604.836,34872.000,true
current,4,positional_select_star,9,10880,241.884,904.000,true
current,4,mybatis_select_star,9,78318,278.555,904.000,true
current,4,raw_delete,9,25605,425.936,936.000,true
current,4,mybatis_retry_rollback,9,2979,4195.099,4808.000,true
current,4,raw_naming_CAMEL_CASE,9,6281,3442.652,1528.000,true
current,4,positional_row_in,9,12093,1093.575,1632.000,true
current,4,named_in_16,9,9617,2738.099,5544.000,true
current,4,positional_mixed_literals,9,10839,1255.153,1720.000,true
current,4,named_insert_entity,9,24675,1579.741,1928.000,true
current,4,named_naming_UPPER_CAMEL_CASE,9,2220,7300.631,6688.000,true
current,4,mybatis_repeated_names,9,540,26645.926,30560.000,true
current,4,named_dialect_MySQL,9,8183,1669.021,2432.000,true
current,4,raw_subquery_raw,9,19649,916.917,1368.000,true
current,4,positional_join_using,9,3112,1384.994,1776.000,true
current,4,mybatis_late_modifier,9,16726,1001.028,1680.000,true
current,4,mybatis_where_16,9,905,5353.481,5360.000,true
current,4,positional_naming_NO_CHANGE,9,4101,3728.115,1904.000,true
current,4,raw_in_1024,9,622,24548.392,6352.000,true
current,4,named_subquery_structured,9,11971,2573.954,3616.000,true
current,4,mybatis_insert_placeholders,9,10827,1515.277,1640.000,true
current,4,raw_row_in,9,11374,1388.359,1632.000,true
current,4,named_where_16,9,4304,8929.112,6960.000,true
current,4,named_pagination,9,19912,2013.590,2408.000,true
